id,realSum
36196,366.86905921297165
36197,926.4157013262079
36198,1029.9518443906188
36199,159.27961316480875
36200,334.61057553017343
36201,692.4589846950118
36202,606.7983823739455
36203,368.3297104674878
36204,668.705003274445
36205,180.6614515280783
36206,243.02141766921184
36207,423.7527344619371
36208,210.5926366632385
36209,212.93889929877884
36210,156.43312674148467
36211,353.9189321739941
36212,225.0253267363425
36213,172.0018732450088
36214,87.93188487663421
36215,129.09388629569747
36216,284.49626454624314
36217,254.236266097801
36218,421.5440679913772
36219,141.83677327641928
36220,376.02275825841485
36221,303.2349159835561
36222,169.23889344419175
36223,418.53392985720564
36224,364.8767998135065
36225,663.9341782294757
36226,312.3602921925076
36227,502.99063712491886
36228,1356.3745441145363
36229,216.13822714460164
36230,264.19972039470395
36231,291.23371120567805
36232,190.02130009782766
36233,206.7715731788893
36234,136.36663186704828
36235,478.7934226363721
36236,137.05270489285886
36237,231.07062288857912
36238,153.76867628085367
36239,180.7763157204015
36240,482.4762881312801
36241,205.53006038717163
36242,144.56497992906924
36243,234.97965171843688
36244,180.1895596217568
36245,239.45694322933875
36246,397.1807357924252
36247,204.1621782174538
36248,369.9084674693352
36249,605.4832206515736
36250,290.64533941192514
36251,273.8855975031804
36252,359.87556843169097
36253,523.3804100801121
36254,339.92984340180703
36255,306.4270406233205
36256,149.23819232734039
36257,292.8259863978533
36258,176.67714943125338
36259,315.6404806645885
36260,392.3754097867603
36261,178.4863124777105
36262,120.32727702419574
36263,113.32452273618843
36264,120.72939424410926
36265,523.4826164583135
36266,208.42830403648955
36267,260.38028133653603
36268,281.3177206030186
36269,163.8137548924954
36270,432.166329684008
36271,245.03738434265412
36272,247.83149761410104
36273,474.69779433657527
36274,143.00251495685862
36275,224.68237031925415
36276,320.5527270661868
36277,205.5234029406653
36278,160.59717644731566
36279,278.3053247707136
36280,160.3625884731647
36281,143.51801405442703
36282,121.25187310655988
36283,129.0106270513223
36284,226.6850472342776
36285,162.63801277055416
36286,152.51026146604087
36287,302.0079384147154
36288,191.4407622481326
36289,65.73893979488753
36290,500.71622901215085
36291,309.6855223076984
36292,336.1744553223393
36293,500.33683385980976
36294,136.2875938463717
36295,219.1923611454201
36296,871.9333399033256
36297,164.43746910429596
36298,182.4195176596058
36299,143.4972410745179
36300,150.76195009160747
36301,512.5737940902291
36302,158.65321060268062
36303,281.401029875425
36304,317.55932661711876
36305,142.72133025894513
36306,119.65808694921004
36307,408.0897004985845
36308,409.7047063360231
36309,270.2162987149009
36310,212.46570235167687
36311,394.89315221344475
36312,144.58022665147607
36313,357.8738977947409
36314,228.51600741603787
36315,160.93031568663977
36316,480.92068824628706
36317,161.0897813726233
36318,117.02857779411141
36319,142.98317285751648
36320,586.5561849990581
36321,384.17173486736675
36322,231.6088332106934
36323,223.1088749312083
36324,269.53664813888895
36325,251.22655475901
36326,230.5334788074986
36327,385.85700753224455
36328,343.95213176748973
36329,124.96196658089433
36330,151.31191971159657
36331,132.03705513316913
36332,368.7663673982156
36333,279.90630022906504
36334,316.3924571686781
36335,190.9178842698458
36336,290.8612223701954
36337,254.06062950748586
36338,212.0079005422419
36339,112.6612956805733
36340,199.70286980011687
36341,171.5020187529915
36342,216.63282824047585
36343,150.1583989899992
36344,217.36552293497544
36345,153.90592571060137
36346,204.73334683215413
36347,197.96047094297768
36348,293.36849844944743
36349,89.78727064973533
36350,228.262128755463
36351,130.62102131506126
36352,201.97795067339885
36353,318.3845908900646
36354,224.21094262420294
36355,178.2994721380033
36356,246.19824032345576
36357,260.94728145776963
36358,542.5186862377465
36359,262.7975492370479
36360,225.2030654724888
36361,429.06152002543115
36362,194.64198547146916
36363,176.19012117050266
36364,328.11280859019087
36365,231.9304066323558
36366,306.76386423177405
36367,160.0886260882812
36368,318.3884421288266
36369,538.2151171311152
36370,406.2905461872515
36371,296.6972012627011
36372,261.2736503255544
36373,165.8179781717697
36374,296.5854574839497
36375,148.6753505650598
36376,239.12073514433706
36377,281.27889933932676
36378,148.23869587280998
36379,188.30253770195026
36380,156.01643689324965
36381,257.55707745170344
36382,221.11443604971177
36383,122.42891153635694
36384,391.4189951304192
36385,133.15873031401173
36386,284.98755771340456
36387,104.00599445615038
36388,160.45122014209372
36389,237.09810189215614
36390,167.37468019470094
36391,628.6729208922676
36392,246.74396155488483
36393,129.8932817961243
36394,297.6441862694048
36395,549.7936670625012
36396,364.4628243191293
36397,207.19400049694113
36398,117.29217705026619
36399,357.19914417029884
36400,252.0237628460793
36401,135.10915886786773
36402,161.3319347539475
36403,205.3562763505989
36404,194.44210397485693
36405,180.78891400238925
36406,129.35991674876226
36407,184.934753384262
36408,203.44797269642802
36409,288.49742711572173
36410,222.27711663479073
36411,245.39422791182784
36412,205.72556780866154
36413,234.26481636728187
36414,242.40898355724565
36415,459.22438192048463
36416,179.71312739964122
36417,474.979814616874
36418,158.58178457097463
36419,273.017426507677
36420,99.79059642894889
36421,373.23536405059536
36422,227.7666523683001
36423,208.90783695341037
36424,161.83310948146652
36425,152.55945449557572
36426,138.36620888806712
36427,196.9187865503074
36428,395.19399837432223
36429,1684.454377702259
36430,352.8191670360432
36431,868.8600471510442
36432,366.4202981280572
36433,144.146739768744
36434,213.48115752224953
36435,385.6175222419128
36436,515.6550461117424
36437,213.35151707664232
36438,232.6196450129774
36439,196.23897315462253
36440,546.4407759442113
36441,248.72716712708277
36442,375.0403203154769
36443,194.73728540962256
36444,141.0461385091856
36445,152.23055305658747
36446,247.71473804070357
36447,235.5554461377891
36448,173.02303006772192
36449,847.8196611380929
36450,280.82754571335687
36451,145.76695803437008
36452,718.8916154115972
36453,348.43550671221294
36454,2636.5671221872303
36455,129.12513795404521
36456,122.68354793466736
36457,151.587672273058
36458,515.5174537315487
36459,311.404571267846
36460,131.00949415921804
36461,292.98096563844507
36462,302.38925156239924
36463,157.721459376517
36464,293.6212449557881
36465,232.31316448516046
36466,121.93257262052535
36467,305.51453264143635
36468,205.0704873272864
36469,153.2012972702368
36470,436.1959925141215
36471,506.7707972154156
36472,133.9482759246099
36473,158.8511746290727
36474,400.49882460706147
36475,361.6881913513205
36476,212.9075641439996
36477,361.12273625899076
36478,204.72013308126031
36479,152.7193632239126
36480,211.25420159521195
36481,486.0271391916264
36482,286.25273909287813
36483,204.46733872158592
36484,312.4217605780176
36485,127.63153435618516
36486,352.3915281561774
36487,337.6867224873153
36488,163.57419217637496
36489,401.66532555654686
36490,165.10823917449744
36491,160.77053893341767
36492,594.8673024167047
36493,441.63484479808926
36494,224.9227117643884
36495,207.8935365932261
36496,385.4909971315879
36497,195.37545924698887
36498,265.45296713626766
36499,753.6156092467153
36500,144.12296014648092
36501,161.52318651443147
36502,184.1933950130282
36503,242.27517771447052
36504,408.85894304160325
36505,199.47691983469628
36506,203.26015667945586
36507,723.1777998359598
36508,484.44018077489636
36509,187.36943180295592
36510,233.5823824923316
36511,333.87411998921857
36512,292.0457458312297
36513,450.79503911744507
36514,254.39511036098793
36515,218.0784551081939
36516,247.29006708048067
36517,159.32981858134568
36518,221.65146940686418
36519,225.43590622910423
36520,210.8992518168139
36521,196.20574533811822
36522,117.50116705396088
36523,241.64833982878136
36524,755.889398395794
36525,205.29078923462785
36526,190.08905166285294
36527,214.52910127805038
36528,410.07433124123594
36529,203.33278572482496
36530,280.4466061985017
36531,113.0571114445297
36532,113.4954552187577
36533,195.2655171769295
36534,297.4870161033671
36535,168.90653009068265
36536,313.2204339514087
36537,670.9418873257154
36538,211.8311428599299
36539,455.34692699720904
36540,271.9668345154208
36541,112.97031698610039
36542,250.60487810925625
36543,215.25467635983142
36544,150.41744890355434
36545,131.32867593633858
36546,609.1898411523435
36547,104.89751987238868
36548,114.64024124380096
36549,157.2658530459607
36550,401.9077586879521
36551,238.7011297058748
36552,149.21747037797005
36553,164.1224323811958
36554,425.58444828977804
36555,166.55116657883218
36556,110.35888583769234
36557,401.0722522244971
36558,189.14051240407872
36559,231.93320973247123
36560,170.1109671005107
36561,505.5648418578628
36562,226.9981227872534
36563,168.3174980883256
36564,163.47002318201132
36565,198.83852852668136
36566,301.25100838575435
36567,203.72396252422732
36568,89.27183761406825
36569,336.89406905261274
36570,137.12112466408706
36571,189.24649876072064
36572,164.43234652138145
36573,195.01292938559106
36574,195.97996611814435
36575,830.635027516439
36576,388.7209936589296
36577,264.3780606508412
36578,135.97033601783716
36579,257.0506257537195
36580,137.86607145228473
36581,227.0929967633364
36582,319.78059096882197
36583,176.5963673856235
36584,246.59670477697088
36585,511.11755757261824
36586,154.83158680067783
36587,583.0133608773381
36588,173.06945576219556
36589,164.98502555219207
36590,233.88572326458893
36591,213.7612180693714
36592,218.14555953137966
36593,441.2959931122946
36594,364.8013670893887
36595,212.02132404501256
36596,152.80268648157812
36597,208.0834952427091
36598,247.44088041289066
36599,175.19590976137178
36600,325.3852518125814
36601,293.2751438264814
36602,233.47230864850215
36603,156.27149457467397
36604,783.5271392281386
36605,1335.2383831767836
36606,125.82566782619935
36607,708.3309727587035
36608,158.8641145304889
36609,137.0650108889869
36610,204.41769274649872
36611,279.1605706429353
36612,519.2813459608577
36613,230.19343707204317
36614,272.14221743830257
36615,218.59976504985733
36616,211.7142512107338
36617,313.74369383538664
36618,227.2617124168514
36619,393.59476013316885
36620,203.50596768031681
36621,179.76806327179344
36622,154.50730374289543
36623,98.76684907120475
36624,142.16182379093718
36625,830.7112710806862
36626,277.48175984945664
36627,113.81481885608616
36628,373.9820876122957
36629,383.87727947896525
36630,124.05952704103669
36631,311.386147051519
36632,251.96627058608325
36633,276.9679949967363
36634,105.32564828581484
36635,182.11515093475796
36636,303.2896531268674
36637,261.78426647483553
36638,233.5216999482932
36639,332.4244275831693
36640,153.92492805078032
36641,435.98093365734735
36642,247.04280892582415
36643,85.61756246129936
36644,128.36273879728637
36645,237.09869480367118
36646,257.42558564886224
36647,267.60648386369496
36648,885.8681094378684
36649,184.25600047111445
36650,1299.219525965088
36651,332.25023789938547
36652,184.68630744391322
36653,405.6070482211414
36654,299.7818365561365
36655,209.4094373321369
36656,276.9014671518677
36657,251.78579024580745
36658,354.0638221748119
36659,153.7964277620339
36660,274.9249632281202
36661,180.19894927497916
36662,155.66674369614955
36663,113.86693151594677
36664,176.3450595093384
36665,170.378178948461
36666,90.19539394730919
36667,332.37691550265004
36668,583.8629604009485
36669,140.78753204264424
36670,129.17622038873753
36671,260.353034333168
36672,694.2513029237674
36673,226.36253778249846
36674,217.7333752248338
36675,168.4018811494621
36676,377.77046808286127
36677,506.5824798183074
36678,191.54471693975069
36679,199.4065072801335
36680,289.38097122719563
36681,299.2426644503079
36682,362.20048210816935
36683,354.7590585665235
36684,169.360333275277
36685,490.3953688882799
36686,180.471826996252
36687,172.53881613790608
36688,170.7798699260572
36689,223.19005169494255
36690,154.0683772670073
36691,2804.657752884002
36692,211.5542202855509
36693,415.46372101194436
36694,133.19087930621703
36695,106.84610316430259
36696,112.83913908586848
36697,212.22972174861468
36698,200.90549879140008
36699,158.10014047070229
36700,200.30293801849365
36701,403.8825709866802
36702,139.41731672670636
36703,256.25025515465916
36704,130.07055922190727
36705,168.09489055656232
36706,133.78263977170766
36707,273.96441646404
36708,296.0635806566056
36709,526.603319723524
36710,156.8688602968076
36711,322.1907233454186
36712,154.5537079519836
36713,131.13023887471212
36714,121.02758287668787
36715,108.82298798499569
36716,117.50116705396088
36717,170.68399482210862
36718,163.91286057456932
36719,288.82171778362755
36720,282.55635250586954
36721,348.1934965059533
36722,1198.1081015142447
36723,285.06612134700333
36724,897.9002374472691
36725,230.61404792879767
36726,141.0371197531613
36727,180.67591390517234
36728,216.44208676535004
36729,695.6246856774048
36730,179.24147707039197
36731,278.2495205381777
36732,200.53378646048802
36733,141.05335401074728
36734,83.92914300759834
36735,169.6165565331215
36736,77.66603263806606
36737,350.0327094966744
36738,145.93924532114139
36739,105.33277653259302
36740,270.76675581884194
36741,113.57384108411523
36742,148.5928689615629
36743,153.90948560079343
36744,313.11019035496724
36745,150.47011875258093
36746,197.5508853527958
36747,103.02162468272171
36748,217.3324149420748
36749,497.6243885944174
36750,108.1338999691549
36751,180.1537405949101
36752,416.77662102844823
36753,547.6434161305011
36754,215.2418923229882
36755,685.8176130667676
36756,173.48238615339275
36757,283.87862238724455
36758,131.1207263197529
36759,161.00008341541815
36760,278.70769438653525
36761,220.91806749683036
36762,221.54903111235848
36763,97.04559593025267
36764,304.020158830734
36765,174.2112568828324
36766,269.7608132305209
36767,431.8473618840093
36768,312.46327334731126
36769,175.84075751216145
36770,111.67066409492816
36771,138.88275330936793
36772,120.87665957960627
36773,329.45229357156063
36774,213.11393077904484
36775,194.2016089442325
36776,168.67036210746778
36777,84.39691660558509
36778,82.42311014935373
36779,242.50246735910798
36780,224.05275480973276
36781,314.505031871512
36782,207.95970671097137
36783,209.9850885681977
36784,278.4903246224854
36785,475.8097267230096
36786,111.24404738280289
36787,364.57369617040416
36788,260.67738632155135
36789,493.68994545714196
36790,315.3668362779147
36791,496.2130616795583
36792,205.54574221391826
36793,146.5403602281117
36794,297.9442865544665
36795,244.58395309228933
36796,438.25378282237364
36797,432.9544686150871
36798,675.5948363495662
36799,345.86495465496773
36800,246.11203894622912
36801,640.2010425603886
36802,301.94593924259067
36803,262.0174615532218
36804,208.04407540892865
36805,158.05824157073067
36806,518.5410011437799
36807,170.78000653874082
36808,231.6600974039629
36809,202.22931999819414
36810,348.734899569458
36811,257.62450796013223
36812,281.72290181920624
36813,170.66547658384465
36814,526.5371849084574
36815,149.3570976385323
36816,182.92630349156397
36817,223.0811105394502
36818,231.4088908139011
36819,180.50306606870754
36820,221.19823945962898
36821,266.9323283770929
36822,895.6141324612154
36823,524.8601786013346
36824,379.1262486318678
36825,253.44426335786216
36826,265.8896881726495
36827,214.97462513116778
36828,264.724167969463
36829,264.6681027141272
36830,422.6475415108382
36831,392.5369409951959
36832,294.5727877659297
36833,217.24212474749234
36834,507.42025013806796
36835,527.5122061498358
36836,188.74750325116997
36837,136.07024499214384
36838,226.98958606012857
36839,146.21334130912135
36840,364.61387789107624
36841,211.07081143265447
36842,176.24693107671177
36843,232.94719665057437
36844,291.983941879885
36845,142.21240000687445
36846,506.43031371500524
36847,208.99949451744706
36848,252.93738088205657
36849,177.58486250111093
36850,209.90258649554804
36851,154.6738019287273
36852,524.6033445201772
36853,224.73761487927004
36854,158.88085750674762
36855,224.452766844951
36856,90.7501623302299
36857,324.71832555431007
36858,335.5920895416258
36859,276.36997295262694
36860,305.6318460591536
36861,401.33752711584583
36862,227.30618953608422
36863,132.74552737895092
36864,217.80489158651363
36865,221.78888028072453
36866,133.2986020394007
36867,146.83173031814152
36868,186.092105677697
36869,123.72225980211525
36870,266.22241470537705
36871,165.714056883031
36872,163.55831236843827
36873,471.95911182018244
36874,340.6688339511085
36875,294.74150663940804
36876,203.36026049620062
36877,345.8635847309674
36878,253.19122090154053
36879,99.65014621010236
36880,128.97696870757338
36881,100.48462249350978
36882,387.9641786066321
36883,474.4076242986684
36884,120.27319337169143
36885,150.5000795230296
36886,317.27358478743787
36887,185.32354676579473
36888,561.7660988839086
36889,156.58652130805595
36890,275.4715404255989
36891,157.76445503019028
36892,940.9232680154338
36893,503.2587382775236
36894,278.1500898276875
36895,398.58708983544653
36896,146.8637965854243
36897,428.35824271133015
36898,166.60401240502472
36899,161.58682238322157
36900,286.56476115513067
36901,138.17376321535332
36902,151.2610838749059
36903,249.99072182904433
36904,121.94204589935678
36905,208.8151623209027
36906,139.03195250854233
36907,512.0686460383012
36908,155.30740084027065
36909,278.46546177117966
36910,261.7204822330452
36911,412.7561367503688
36912,168.0968049829299
36913,112.84588705015507
36914,94.74612148925091
36915,129.28386507276943
36916,216.54674646231416
36917,203.82162681290083
36918,324.93668261423454
36919,197.48014200319076
36920,134.8960348118268
36921,517.7932716955639
36922,155.77984232486529
36923,132.7013150972983
36924,166.89589796144284
36925,264.8945380331821
36926,113.69194467082119
36927,187.79621459558848
36928,204.1764398188218
36929,179.8138617967918
36930,273.0257296044154
36931,796.7227251951342
36932,116.17699950728488
36933,159.18968424682515
36934,143.61570372648555
36935,130.6249185707633
36936,237.46264069600502
36937,406.7465615988053
36938,258.31466904458875
36939,290.4256438224219
36940,141.22691961234565
36941,158.16513192315531
36942,145.57017776610735
36943,778.9323734890812
36944,205.40650644418292
36945,131.17548991889046
36946,170.86956227986096
36947,133.74736899632146
36948,234.57831812070637
36949,186.6010246247129
36950,197.9770442863723
36951,117.00250486271962
36952,113.2069206596182
36953,232.2740856872866
36954,112.19588786565558
36955,154.29361954304065
36956,165.09094872594216
36957,284.33491817671575
36958,177.28227744117348
36959,182.94366288721278
36960,133.46348641868872
36961,81.86381046942488
36962,141.01874949790187
36963,106.34075159058587
36964,209.999580128716
36965,118.44212239508678
36966,289.848365914609
36967,117.83703095409868
36968,115.80681925154319
36969,378.56605283475056
36970,422.0905985764809
36971,366.34940824823525
36972,617.2314503679826
36973,196.84064453244082
36974,285.0070147463666
36975,1933.7386593833335
36976,429.2130378591344
36977,109.43967795057236
36978,331.57545936646244
36979,276.65688739100915
36980,160.645133782738
36981,215.52455302084158
36982,227.89791749392896
36983,185.65931078274713
36984,128.19263842223373
36985,281.8236846785182
36986,130.0019880672736
36987,411.1536918387547
36988,232.4278623884479
36989,136.50817764800547
36990,96.95355026844017
36991,263.2397293084566
36992,327.74539391635886
36993,175.2526092794372
36994,183.76150700106734
36995,162.44722343545067
36996,218.4367780065887
36997,654.6006226604084
36998,204.2649435535849
36999,239.75972419848188
37000,233.99812762772913
37001,1186.1864876852846
37002,193.42603562888536
37003,743.3768448573876
37004,800.8561441774425
37005,117.97028857070049
37006,252.32015090282525
37007,923.7895187693575
37008,284.7170596043005
37009,716.850297507676
37010,174.09274272566685
37011,147.38920428300605
37012,109.07054244400413
37013,156.4828713392124
37014,263.502569672355
37015,341.81673786726174
37016,562.12636475509
37017,202.91883219220912
37018,410.50549197286495
37019,151.95951020048633
37020,195.49841369085965
37021,196.2184673531183
37022,181.0899748691193
37023,637.5784134745494
37024,177.21178177850706
37025,193.77140856295986
37026,361.25139757838133
37027,331.0947218811991
37028,300.6890358687335
37029,289.3855703605094
37030,151.06002085251245
37031,169.16540534820402
37032,423.57421969396825
37033,575.129437927917
37034,289.34477876722093
37035,210.04522660424806
37036,101.10351084484594
37037,206.58827657357858
37038,197.17234979176897
37039,243.72749356477948
37040,84.75280397331906
37041,174.42332649354475
37042,283.7453118048966
37043,284.729294742033
37044,128.1591947073444
37045,259.4912992170971
37046,241.03899599340713
37047,307.24208557073007
37048,644.6967231416236
37049,121.19764852770584
37050,142.12238227050304
37051,395.35886039708475
37052,130.7880061004048
37053,517.0045398184955
37054,709.3834429239115
37055,164.70361420550267
37056,172.26056395785955
37057,110.8148463666647
37058,175.4495685208269
37059,165.16269242151702
37060,140.98348034829058
37061,272.293310632499
37062,175.7475596758619
37063,190.90903962660335
37064,200.06927554967174
37065,155.82554675467318
37066,194.5624455982964
37067,788.2671590794573
37068,180.20761662019117
37069,169.4049481826448
37070,664.9688262677336
37071,342.48868208468775
37072,95.81446133965946
37073,410.5604002968828
37074,211.5842978430669
37075,257.9987741845856
37076,322.08400709603444
37077,147.25246480169494
37078,122.57650489114592
37079,228.68660475981108
37080,141.44153645850264
37081,136.82039975898797
37082,199.23146351926673
37083,190.9676543259193
37084,625.8740287475589
37085,193.4602572225713
37086,593.1512758262074
37087,224.4416490073079
37088,311.16750431500043
37089,503.54799368372727
37090,197.43754746929474
37091,164.26882580400402
37092,157.23656402876225
37093,312.8591483189358
37094,240.30051341810494
37095,483.8346005951986
37096,149.7759402349143
37097,122.14353611784136
37098,233.42782377493725
37099,546.0654969982327
37100,114.74996616263978
37101,295.5323038045559
37102,336.9575036410302
37103,393.83653693160863
37104,96.58280019520726
37105,199.901697577755
37106,210.1437780120692
37107,275.11543660086653
37108,337.4784809697364
37109,199.40433117785696
37110,192.31257387581047
37111,131.81478300688894
37112,225.4859566060303
37113,526.3182815139527
37114,283.3608834136799
37115,284.6578335267492
37116,113.16910277265617
37117,165.61083617377855
37118,171.90983099653155
37119,262.3748729930621
37120,396.5431410980697
37121,174.735038749329
37122,194.6934447617808
37123,246.34291110411434
37124,123.64178393828824
37125,190.1617828932673
37126,202.54266307641575
37127,358.466663061222
37128,272.36369706505786
37129,159.45348372148138
37130,311.2200599038197
37131,1322.435526703726
37132,1181.451543002934
37133,257.4088292328648
37134,111.24404738280289
37135,326.45122700346803
37136,216.0473021925802
37137,131.14384538620695
37138,413.46675460143587
37139,271.38483978839935
37140,71.2557310927028
37141,161.90625316777064
37142,238.55927218290836
37143,127.58536704113259
37144,515.5698721543093
37145,155.48193800329727
37146,311.6035626014313
37147,168.62763179412028
37148,307.21752866263597
37149,177.13763683045588
37150,227.154644771087
37151,821.5854345419349
37152,340.89068645877353
37153,280.5587028556397
37154,206.39283929142223
37155,228.9410594259136
37156,827.6363200770504
37157,176.08950017499438
37158,380.62942410351076
37159,245.90866549149698
37160,290.14166024944507
37161,248.947399921971
37162,1101.548888884909
37163,173.30647549310353
37164,212.66273514613434
37165,574.839410136441
37166,213.59574771873895
37167,359.47065837356257
37168,113.90880273722455
37169,182.68387809876927
37170,130.81594162426762
37171,247.71937548569406
37172,146.3461027294991
37173,229.94494119622297
37174,388.57919590806654
37175,183.23852864741568
37176,162.83867518174867
37177,229.26068213502413
37178,204.5622145035836
37179,250.59207588758122
37180,241.65861367967346
37181,231.2435765538594
37182,314.9290312352832
37183,1458.61392116963
37184,234.32052856116977
37185,265.99063872834216
37186,280.12905217067015
37187,307.318661877956
37188,391.0508399804393
37189,489.17341926750896
37190,243.46431085961623
37191,687.8478088847077
37192,197.88541351704222
37193,344.3643540181194
37194,158.06283121219397
37195,164.21991554487425
37196,143.48450126332287
37197,250.7689038087974
37198,727.4244845417265
37199,260.8577726903943
37200,104.17706815589911
37201,107.41232326447091
37202,112.99402253794106
37203,273.4062270976811
37204,291.00858576416306
37205,454.14412476873946
37206,221.82117975361203
37207,411.94446657516386
37208,312.3468099772987
37209,382.41435299843727
37210,233.04466109570555
37211,767.1659883338846
37212,716.2720763958527
37213,466.40908365385775
37214,614.1781452577169
37215,159.78617202889922
37216,246.36987533568836
37217,194.19754427523364
37218,291.3772800947221
37219,199.94377097524708
37220,113.8009859604828
37221,354.3250988341955
37222,159.96761380745298
37223,189.13455862379857
37224,575.693958845872
37225,152.30241530612102
37226,1225.7847001025086
37227,848.3134517940488
37228,203.75146004209267
37229,228.97610129162842
37230,208.6961900617364
37231,764.5130423951164
37232,241.49481121580652
37233,423.47910211742743
37234,127.90040749204456
37235,387.9078631429402
37236,163.77687386765209
37237,178.8053118077893
37238,139.32632069466393
37239,304.41852192754646
37240,254.71901979240207
37241,321.0087562035947
37242,147.2426457346608
37243,704.4559413619396
37244,149.0103797939345
37245,133.65044873961227
37246,201.20253551273402
37247,431.97987250352827
37248,193.54665091327846
37249,518.930293102689
37250,216.82309049949873
37251,126.7779601753488
37252,151.78860827469882
37253,1493.5792898548445
37254,259.9201999909483
37255,96.37881069365787
37256,135.7004927314844
37257,353.49984171789765
37258,206.45050686669597
37259,354.89769218058314
37260,347.972438881767
37261,1043.978301756047
37262,118.5919735437054
37263,463.8785844202988
37264,260.9552644667829
37265,222.30441287547256
37266,327.9780243979054
37267,216.3209381770766
37268,156.8816351385762
37269,198.29834365684417
37270,277.600710210158
37271,276.635909184494
37272,597.8734475363513
37273,255.241261770457
37274,120.07261887798424
37275,745.8281718404365
37276,311.9843672935518
37277,455.66936925734836
37278,237.66445995983224
37279,183.41520106884388
37280,64.72662405701901
37281,718.7960419320669
37282,656.9512573001232
37283,899.213861732512
37284,127.18602763834977
37285,591.0443814295762
37286,231.82208838716178
37287,229.11188423868956
37288,279.62535902797987
37289,2076.7701514106666
37290,134.6251825015743
37291,168.47211571688
37292,184.71118497669246
37293,125.82435491649161
37294,165.2904790545814
37295,359.51497102849083
37296,140.65825624580557
37297,401.9448602644099
37298,187.7216889852337
37299,307.96142483977735
37300,194.52305316654838
37301,141.92389833895209
37302,269.2377689020477
37303,113.03948691889792
37304,616.9920133388756
37305,298.8334947375097
37306,515.1500942545769
37307,363.13067381463156
37308,249.7794692514531
37309,307.3126794805634
37310,148.8406142873956
37311,119.82855747368319
37312,397.2103885225987
37313,303.1545968117802
37314,457.9970231740356
37315,230.8299546196021
37316,183.14560648661697
37317,239.44658300924087
37318,274.2880409812994
37319,140.6456388564083
37320,523.1452923622959
37321,201.01320781718852
37322,189.5981259096953
37323,184.10312612637813
37324,146.96296427363984
37325,277.352776592385
37326,188.6464817648604
37327,212.0287458187952
37328,259.6635924976402
37329,175.26767969658803
37330,223.53918481686844
37331,419.46066330841336
37332,102.51686970220008
37333,167.77537678277977
37334,722.5387478977218
37335,238.50452133673022
37336,130.8693527071291
37337,322.5785258120691
37338,222.09876969136272
37339,404.6130547129045
37340,341.1141490086413
37341,286.46490431756934
37342,224.48789080823002
37343,319.5434197860018
37344,363.67483484072363
37345,187.3579076078642
37346,228.31279227575968
37347,129.10349344828643
37348,233.3055316042323
37349,95.84023780774834
37350,233.2420746076612
37351,147.11423684977078
37352,196.5426762187921
37353,367.4083568855709
37354,140.27165176985542
37355,679.6016899767652
37356,180.37842340621862
37357,139.62439265888793
37358,241.158580594653
37359,98.68714837647357
37360,195.4680529554464
37361,290.8358150409396
37362,306.967230076324
37363,116.18829773388067
37364,429.4562456517242
37365,122.18663317573551
37366,99.75569095161768
37367,351.5561330380541
37368,247.48394842405614
37369,827.7899793727408
37370,1081.499765431116
37371,92.4044605508795
37372,147.5935794406362
37373,314.8120250782651
37374,246.9768827733302
37375,268.4933977348108
37376,178.76112593347418
37377,439.5400012503889
37378,272.2985144084977
37379,203.02228406820004
37380,130.005268979933
37381,129.6251674630849
37382,264.499280469354
37383,272.78062999065804
37384,425.4171736823068
37385,128.36284552678595
37386,252.48442142912586
37387,560.9669875655562
37388,259.7798848770483
37389,262.3587447590868
37390,209.3165569448844
37391,106.94354556011469
37392,963.0241223538624
37393,207.14452352992603
37394,588.9083643998523
37395,128.4303364146384
37396,438.46667811610047
37397,145.66256466729737
37398,143.78719120507853
37399,226.58210551153556
37400,175.02957986344492
37401,127.55742862977026
37402,210.6437492320257
37403,456.0407863387938
37404,207.0994914124595
37405,341.2845319198005
37406,459.94067536705654
37407,451.99956410297716
37408,121.7727880854987
37409,312.94341555517553
37410,145.12043122857747
37411,611.4137255376396
37412,268.68174908803326
37413,238.93962635237366
37414,468.3750301775879
37415,434.7651363926099
37416,347.7693794599952
37417,299.088565033684
37418,567.2444282738913
37419,97.73539940806641
37420,80.91731072439698
37421,231.46768812821227
37422,132.02286166894496
37423,115.82453954721487
37424,292.9744264565472
37425,391.74693199023636
37426,209.4694907404116
37427,262.06701802610735
37428,423.4647479737115
37429,192.19974008007452
37430,99.00494427842766
37431,148.15967704961923
37432,1152.95341149902
37433,176.3861792915883
37434,142.13931588775642
37435,195.30376244213323
37436,275.9446949587434
37437,117.49652341286695
37438,213.02867528508853
37439,202.97200386119655
37440,193.22149185998552
37441,120.40910900921546
37442,451.948247144067
37443,247.8231450921177
37444,133.47592195283693
37445,501.5033078678368
37446,1313.992579320085
37447,172.18574322964122
37448,160.29820069072258
37449,218.48647319785323
37450,127.94441089486139
37451,168.66901692554598
37452,233.66522502910414
37453,262.6984571252264
37454,303.5517512018081
37455,278.76697273907223
37456,111.54512470449318
37457,232.03820479002476
37458,82.29451109266446
37459,227.09022621097557
37460,160.77167295695233
37461,462.9946473078531
37462,228.39888333633044
37463,100.56911032326465
37464,122.29847066023864
37465,188.69282903355096
37466,233.48301417060736
37467,391.9615230198886
37468,235.61472290556134
37469,133.60548647105514
37470,218.2434184477218
37471,92.90645144216971
37472,115.16667186838487
37473,163.65630248089653
37474,265.6275898439852
37475,581.6947216221274
37476,481.89298956732074
37477,434.13446844992677
37478,162.02665210538666
37479,180.97592688710205
37480,651.3235919516442
37481,415.99498915086275
37482,188.0290148110346
37483,198.66432233682252
37484,119.22153175539314
37485,220.54415646619273
37486,522.7103054361662
37487,710.1357472668508
37488,211.2263019956343
37489,798.2029457383001
37490,479.1812921639155
37491,171.3769888567391
37492,539.2826701376035
37493,143.7522820816118
37494,143.01364255295186
37495,164.53716124640243
37496,276.15539662576043
37497,146.37493411608583
37498,332.9904263141446
37499,127.86163938398009
37500,280.7162359329757
37501,241.2807876581181
37502,174.26286503599337
37503,186.1692536930872
37504,155.53028287090243
37505,211.73019091235918
37506,217.2703062270527
37507,777.8038945361694
37508,402.63860015714283
37509,231.06310749692494
37510,530.7488826502307
37511,354.6850195665657
37512,444.38993285197097
37513,193.21278588771145
37514,449.7825728162455
37515,285.8947420637109
37516,150.67223305542544
37517,215.25877077918238
37518,151.47721027156481
37519,430.7916182715729
37520,276.8107947853646
37521,990.2566113081278
37522,169.32559391360823
37523,301.89315868454366
37524,706.7041244044086
37525,176.36535017004104
37526,166.27352657316902
37527,224.96749258929196
37528,197.18629963320382
37529,141.70789019029857
37530,144.2872103111356
37531,165.06402302297198
37532,156.47122235869108
37533,142.80943788892677
37534,141.21541777619225
37535,304.2434694444834
37536,224.89038425470116
37537,188.92799208322364
37538,230.43564233413264
37539,418.57050448226414
37540,165.06791682979676
37541,244.4472561666045
37542,138.7843981920525
37543,167.92092054537684
37544,128.1534680343342
37545,241.51870082562226
37546,297.56178993302626
37547,130.99508280283334
37548,265.3085010250344
37549,134.63503274739392
37550,188.23449523267934
37551,169.10272726964348
37552,374.97109405560485
37553,199.0664278828948
37554,202.63707272195595
37555,197.07854375170328
37556,143.40022401467675
37557,344.0269615930214
37558,845.480563868431
37559,119.85963289308499
37560,185.88607284163533
37561,332.7704824743627
37562,168.74682087849635
37563,225.51750396826054
37564,198.38181295768027
37565,198.82463760168667
37566,493.6058694596678
37567,1178.381455157719
37568,1141.8276043013504
37569,115.53475958170934
37570,345.3339762570814
37571,158.2057631822217
37572,196.1869296221649
37573,123.0330717596516
37574,438.7823555162753
37575,247.90269829297986
37576,314.6817763323703
37577,650.8054130727043
37578,191.52502858988075
37579,254.10051396777436
37580,341.97542722555335
37581,119.64223796830045
37582,206.3962784426515
37583,244.42770633496147
37584,307.4430559862679
37585,207.38566798050746
37586,107.15414930395747
37587,105.46468873709455
37588,154.6390884737311
37589,132.29203153636695
37590,361.98383020954424
37591,145.76576592548253
37592,230.29288349258894
37593,214.8691766481521
37594,210.10025541176051
37595,130.86298017900017
37596,198.3698024052958
37597,167.91913996194066
37598,190.06705630559892
37599,168.98683645263816
37600,237.7301448563015
37601,144.58722512406007
37602,134.89336489919407
37603,140.62024237811013
37604,611.0215346270741
37605,136.82456387480136
37606,136.3334219386389
37607,149.83443686273645
37608,180.81028348781476
37609,222.39311648841456
37610,147.19336032977054
37611,161.71096287358415
37612,217.22355927573065
37613,359.5857288129917
37614,462.19774596736636
37615,336.6355871525662
37616,727.9420553472527
37617,436.7656341239305
37618,162.40150752132325
37619,272.03289383501635
37620,168.57425586577594
37621,158.8451483327159
37622,216.10743132009839
37623,310.2402689717691
37624,819.7517976277105
37625,590.4803458688407
37626,108.03399815167518
37627,116.82559613892137
37628,146.18040176341142
37629,285.2835812606533
37630,272.34541344857905
37631,155.87674491480277
37632,505.2580758315472
37633,528.2519062636899
37634,485.77044296007847
37635,951.0773146630744
37636,104.65243850906677
37637,418.57568288212184
37638,106.78732215526246
37639,272.80460061102207
37640,166.5602785396303
37641,167.61497768728796
37642,128.43032926805574
37643,111.89350857395132
37644,607.0661889665436
37645,143.18648861565723
37646,353.62125668803293
37647,447.2943363446206
37648,328.9210025720968
37649,92.89084098675261
37650,170.4438799528162
37651,199.03624457663395
37652,509.7286073711233
37653,160.36049079390529
37654,187.66970946722105
37655,350.058937781649
37656,242.60508738590323
37657,232.97740292175325
37658,101.98445758644121
37659,100.36009317602229
37660,155.9556451488361
37661,192.4476469586121
37662,243.52107819950055
37663,184.84670763572754
37664,252.83000441227372
37665,449.84576546169876
37666,247.25035724159744
37667,143.48774285626862
37668,217.27163425625852
37669,176.99990302602646
37670,167.71683983784638
37671,208.11575018290176
37672,322.5897627013581
37673,133.49054885319973
37674,170.60623848523198
37675,192.29546794807914
37676,248.4871588295563
37677,224.98857608083895
37678,270.65492890710266
37679,724.5309318865372
37680,213.9999514133152
37681,211.75175307885243
37682,171.4196749561094
37683,249.1752527165213
37684,301.9795821309314
37685,491.699445395957
37686,273.3040139491138
37687,148.42723114899903
37688,320.16669863518126
37689,120.90910975694621
37690,267.5806772875347
37691,212.75388348167095
37692,141.25703013382432
37693,124.74550707620891
37694,284.2179832618015
37695,230.0268544847095
37696,218.61523891223268
37697,368.3794545055211
37698,199.0673689086002
37699,486.3422512133835
37700,132.59025274955934
37701,173.05844418132546
37702,174.25030551333435
37703,225.50498866916593
37704,623.4563223111882
37705,184.41986803268153
37706,535.4010186211644
37707,201.0404924274693
37708,214.8372881567941
37709,127.65474839891256
37710,183.7874403417114
37711,127.39846971957587
37712,119.30947210748133
37713,152.9340051713604
37714,147.64181698851618
37715,410.1398346951356
37716,273.9784297518676
37717,158.73232814362632
37718,325.8002976668712
37719,210.66775108884585
37720,192.1101080742508
37721,224.7668681762219
37722,228.37019500244222
37723,329.7979873401736
37724,290.8724221827788
37725,376.5885731029764
37726,415.7052979421587
37727,141.11982856230247
37728,182.042436042262
37729,131.94041933591848
37730,335.1230924309097
37731,156.43293911057023
37732,127.1167241566708
37733,278.7945849009931
37734,193.27240808902144
37735,401.3576898635463
37736,133.54514013069195
37737,299.2265291218597
37738,276.96232725878093
37739,190.81253454183062
37740,236.52358031799199
37741,119.14234549762739
37742,142.91793069950285
37743,416.0538804646752
37744,334.2552779167688
37745,98.1469493606869
37746,237.11827520067644
37747,106.3219391117403
37748,262.75968288239693
37749,194.24654446085194
37750,313.0665655858676
37751,150.76242409614105
37752,140.83437809170871
37753,183.15960790477715
37754,209.779369240866
37755,113.24732438512369
37756,223.32580313958522
37757,268.36666687113245
37758,169.7186008203246
37759,429.6523130678984
37760,315.572192961213
37761,137.58092595388607
37762,450.8636348813647
37763,563.6466451995678
37764,375.4806042729069
37765,312.7687029275247
37766,119.44054293434353
37767,179.1373958871244
37768,219.90197225192924
37769,257.3992955912914
37770,127.54197086189248
37771,239.3162709167612
37772,229.19280891611274
37773,149.67555461047132
37774,781.5225010651893
37775,118.8541497228728
37776,2268.36284227675
37777,121.58609682220904
37778,144.4500519655449
37779,170.53620562192387
37780,171.26383874493976
37781,144.53896608519636
37782,253.92725785646564
37783,225.19603986970387
37784,533.5144332743016
37785,123.64198403998411
37786,242.3565315075538
37787,1003.4332764039602
37788,67.42028594326361
37789,114.14292452979478
37790,165.05993933518042
37791,322.95572960287376
37792,308.9016247076981
37793,338.33910207795935
37794,334.2094540696189
37795,301.21842881228014
37796,1377.5058001278226
37797,112.96569203967127
37798,146.78509900761458
37799,369.5159988104885
37800,202.7603699773807
37801,260.1890338911316
37802,179.34148271189443
37803,91.61822192570413
37804,208.67473392662725
37805,298.8717168419946
37806,381.55339463742826
37807,144.13011250714283
37808,197.03403615962918
37809,213.01992743670803
37810,260.45007383938804
37811,237.26969559827543
37812,212.85878030192134
37813,250.26158262688153
37814,319.18415188606076
37815,127.69352092954934
37816,145.92717961981043
37817,405.1262415709766
37818,225.414556122742
37819,449.94455487688975
37820,181.8369564055175
37821,425.8601322265442
37822,102.74582278616376
37823,160.8083034005823
37824,321.8396983809137
37825,163.3486939690902
37826,75.0397098925822
37827,171.5996878155617
37828,160.66036550998498
37829,195.37892551985723
37830,143.27472314737471
37831,112.07082886674691
37832,1081.4051001520736
37833,425.29992950227853
37834,688.7872343833111
37835,150.02468032502077
37836,166.68785568442541
37837,357.9737906064853
37838,462.33447408210395
37839,127.1839053373275
37840,203.67442788631584
37841,110.10866094391187
37842,87.10332483030172
37843,153.41903847585692
37844,316.36059660582913
37845,316.91132685145806
37846,201.92199550511125
37847,192.93341174404824
37848,172.47874331618084
37849,284.650948700677
37850,173.61045290028727
37851,127.22585351051919
37852,380.2112270959416
37853,154.10731417493935
37854,142.78192504226848
37855,355.7470728618637
37856,121.5327700963486
37857,106.59702048533873
37858,246.51987074303963
37859,176.19570363659759
37860,331.3437562437191
37861,278.4682988596713
37862,388.6206525510261
37863,353.77806449915755
37864,270.53323265708394
37865,399.71008227112065
37866,1051.5810743080654
37867,211.05693967395356
37868,506.89905032723647
37869,160.015491573645
37870,587.2109325762138
37871,168.84491900013577
37872,298.9457218324522
37873,156.00592444647978
37874,821.3284477392177
37875,983.7093596760249
37876,76.07036454572493
37877,286.17093558897716
37878,252.92236213877229
37879,164.1429682389809
37880,123.2335067797158
37881,232.4114886963242
37882,276.18048020509076
37883,235.42440858435927
37884,120.32119463902275
37885,229.83820903406854
37886,628.8906348416862
37887,271.7051409824784
37888,257.1638144107124
37889,457.2513948990506
37890,295.6182084204439
37891,245.6676212542497
37892,175.1122724975443
37893,171.87633650946924
37894,141.31749033086302
37895,627.694144857679
37896,435.68154903885494
37897,311.91513194577163
37898,395.61954924550577
37899,264.138743661414
37900,317.63815432764744
37901,469.9972147958948
37902,229.2728613471466
37903,269.3588729284163
37904,532.8792521049072
37905,265.5610815241307
37906,113.11590678882794
37907,287.5169281196391
37908,326.70414207387245
37909,194.80666580116957
37910,175.10528760258205
37911,274.51447521878055
37912,332.0790023117615
37913,239.49456909107235
37914,106.9795789581367
37915,297.37397139524296
37916,151.7571665956676
37917,68.93031536532611
37918,575.7105135669544
37919,189.11446041112686
37920,276.4034509106537
37921,148.04958773677492
37922,145.01257321676357
37923,133.58989160663427
37924,360.9521850590715
37925,91.30538350973349
37926,238.0965653496895
37927,194.89232027903748
37928,291.3821952066734
37929,265.16128992765874
37930,637.352671677316
37931,224.95630093306653
37932,208.1818452689857
37933,667.8492636479897
37934,112.07035229661201
37935,226.82798025229886
37936,220.78072534644116
37937,318.07682700726764
37938,197.66961110738885
37939,159.53742761042278
37940,224.28728353105572
37941,321.49970936104245
37942,175.04752453945108
37943,1260.8555738799414
37944,137.26445933141815
37945,380.9840291073881
37946,338.40172846384525
37947,85.0748480881782
37948,322.0412272798443
37949,348.17083006157173
37950,317.3246898684811
37951,192.62622589696215
37952,458.8840047545568
37953,127.41646885129917
37954,265.36845396373167
37955,124.29710754720864
37956,444.1321562108189
37957,117.19386679565525
37958,126.81938748376027
37959,717.0468358405774
37960,167.2577451563483
37961,232.9664002485924
37962,199.58074375441285
37963,231.04512365255158
37964,291.61378910412606
37965,367.02997369739757
37966,422.7375917199512
37967,420.21274869232457
37968,138.3158969180504
37969,161.3898882214734
37970,327.78557157263987
37971,298.6626636866991
37972,152.94809607570912
37973,212.9521629543892
37974,298.5601880873568
37975,261.5407850102556
37976,114.01142079121556
37977,222.07881549748942
37978,333.624668548211
37979,184.2537672303699
37980,152.0855490171765
37981,674.4362264007185
37982,334.0725662564462
37983,286.2971798332513
37984,216.74841154410925
37985,125.34656308112976
37986,145.45302356162154
37987,249.52184239274763
37988,222.20038177499993
37989,191.933218135006
37990,640.1519482755963
37991,265.6196983742396
37992,236.54741277857133
37993,231.43628490814086
37994,125.55639987935554
37995,164.11278805013544
37996,143.01551911711724
37997,215.43689898484183
37998,130.44611565964505
37999,138.0361508918676
38000,141.70398830327403
38001,210.1687437445816
38002,95.38474065052355
38003,155.54324360620564
38004,74.00023402918671
38005,244.58530157766728
38006,202.94729547147358
38007,532.8209412406005
38008,148.25659153299344
38009,181.42812920244276
38010,317.5363483713462
38011,397.2085926409271
38012,145.73824256615288
38013,216.3857594992772
38014,373.16084507680785
38015,233.89183119136044
38016,133.34799979752276
38017,162.72035798966078
38018,181.49736239679993
38019,678.8944973093478
38020,170.91996657732022
38021,219.76463932354224
38022,204.9964580402092
38023,363.23185121444135
38024,183.9391807512724
38025,151.91855967366843
38026,115.59567032301959
38027,235.05539573463687
38028,1692.2180757203591
38029,181.7773489391874
38030,1624.5963215957515
38031,135.0533174373274
38032,68.6191618095315
38033,341.5799390140187
38034,210.11689663318654
38035,189.38412277617226
38036,138.74350048102033
38037,251.35925396999167
38038,92.46804190410319
38039,301.24888433501565
38040,303.8156319931101
38041,287.4258995689325
38042,493.18011573282257
38043,188.8243274697927
38044,425.1937014167702
38045,159.04219927640094
38046,162.81386381903386
38047,203.7044961763755
38048,409.95624629297873
38049,402.1989000692128
38050,189.0648820869165
38051,765.6224436300466
38052,165.02575921317543
38053,367.68570588123885
38054,547.6233984831504
38055,340.85043320342834
38056,253.11873238608322
38057,148.33610814549618
38058,125.21400859565722
38059,223.36479706486637
38060,390.8840270806653
38061,143.1801879405379
38062,723.9018152363496
38063,411.14086473659734
38064,89.98120072245709
38065,151.48793642170173
38066,310.67902938094466
38067,204.18300554961488
38068,286.2034259854976
38069,166.1759446646559
38070,470.2455341932263
38071,217.21605774887067
38072,388.3413600991579
38073,156.22823446016628
38074,453.07922924150307
38075,105.32789409954034
38076,211.12396463140328
38077,394.7770997580879
38078,177.0546144125801
38079,240.79721634585334
38080,262.3298199131346
38081,163.70109311956196
38082,371.1821544224348
38083,177.17281690007397
38084,248.58895836956032
38085,439.0435117481744
38086,384.91553957976214
38087,404.53968880837317
38088,209.5187264635263
38089,423.8593270741376
38090,196.74769370755567
38091,135.4382067789351
38092,113.89110578746883
38093,213.2528533346625
38094,533.7317593372748
38095,304.80218565450826
38096,276.86241099449086
38097,181.6030138809758
38098,294.3124731824749
38099,769.0426507359814
38100,489.32578951691005
38101,142.93265325274982
38102,203.90228756650276
38103,106.42557021085189
38104,191.47763374969
38105,276.5935165551732
38106,377.9015372660104
38107,96.80588515094807
38108,185.55684577850997
38109,663.3082616223932
38110,68.20978928811593
38111,582.8652821712599
38112,161.1331380297683
38113,244.6481952703615
38114,199.77647271089918
38115,682.5660012986862
38116,235.9083745335539
38117,143.8867261828609
38118,130.78108577296513
38119,326.3955416521086
38120,313.0928887571423
38121,163.505289597816
38122,395.3117302642159
38123,351.4878364069174
38124,240.11750767590365
38125,271.1530167743305
38126,198.1894729780212
38127,591.2706653712834
38128,252.56768721157525
38129,168.03049593268096
38130,223.27171921257474
38131,368.56663210976916
38132,391.325360152935
38133,198.13525074057745
38134,231.7955215707718
38135,293.2094085002658
38136,130.4785827377769
38137,173.25948005188084
38138,352.545961417529
38139,223.50333525195018
38140,583.3982227116156
38141,407.4827620281187
38142,329.222886396785
38143,137.20502700381925
38144,164.49137140052144
38145,384.05492338314895
38146,163.12440789623136
38147,537.8747439016006
38148,202.6960610813916
38149,195.8415432929554
38150,142.0413557677802
38151,292.7103069978232
38152,88.88843739360402
38153,236.23221506767223
38154,100.80135695310557
38155,259.96449595834355
38156,191.16710942547368
38157,133.6003291934697
38158,308.82653599838056
38159,233.1289950448479
38160,683.7128854708967
38161,264.77468276716354
38162,213.02966069410883
38163,358.2026324470031
38164,158.47598337364937
38165,134.3010634331494
38166,500.2655657617615
38167,200.6717433719625
38168,203.89844817979255
38169,622.8428217962836
38170,212.98031797126413
38171,362.7172509893887
38172,166.73945887685457
38173,202.8601142399213
38174,430.709046076027
38175,255.97846338177666
38176,380.3936199934105
38177,285.428563932779
38178,359.0636388079027
38179,427.42100656584444
38180,225.70528375554085
38181,170.99625605168347
38182,266.06248927674545
38183,289.7855941613918
38184,419.37143951874003
38185,162.60369121550735
38186,270.69874095581673
38187,217.01013864253943
38188,216.24285472628017
38189,434.17441077569845
38190,305.0076553822045
38191,169.9948300025167
38192,177.6988070005983
38193,297.76228959331894
38194,308.5798033757996
38195,112.18359597576767
38196,353.2520797768885
38197,97.00429511739493
38198,203.83603460751593
38199,293.81925503047364
38200,244.86838629628437
38201,142.28939934622062
38202,178.67183456626418
38203,325.52422908596
38204,122.240276829781
38205,196.5653999613718
38206,480.23109566184394
38207,182.3962158232143
38208,267.8603047784266
38209,154.7762459354435
38210,223.81455167171544
38211,408.29894285999416
38212,198.38324150917487
38213,555.5850989827985
38214,152.7024964641795
38215,146.3009242998486
38216,186.57447216654666
38217,212.66746176840456
38218,176.53229272348136
38219,211.94268729743962
38220,121.1730108219006
38221,346.41061058747977
38222,160.8329307604152
38223,135.9171343292935
38224,216.61888936126905
38225,147.76872125454997
38226,205.85114738048338
38227,132.65779307544005
38228,620.2513984453238
38229,144.2195039983612
38230,255.32736818374377
38231,195.01622947337822
38232,140.60616538777518
38233,199.04259640461672
38234,315.5307299118234
38235,234.94971557018525
38236,599.9452455892872
38237,120.69779865622186
38238,145.59126595526513
38239,305.67994026114565
38240,96.79224668335004
38241,130.41206130316345
38242,172.7295024237213
38243,265.676899505829
38244,327.7063582179884
38245,178.87916843504178
38246,174.77972082031917
38247,406.2550892334877
38248,107.41040518153511
38249,247.13325690229837
38250,81.51985175087843
38251,264.4168940890379
38252,200.4140674430656
38253,385.1694829940675
38254,140.43002935490154
38255,157.08797430602647
38256,122.15188858581699
38257,279.4750955942944
38258,157.27486392963354
38259,236.00869628392056
38260,165.98288077953356
38261,104.19183468008228
38262,203.09672409649045
38263,171.64464639309543
38264,266.3915805141636
38265,186.34101605886687
38266,295.65291220061494
38267,395.28448989211665
38268,192.4502012023932
38269,129.28110036346897
38270,843.5658527676914
38271,412.1055933590695
38272,169.48519360945198
38273,195.14710273119806
38274,207.29135087348092
38275,80.77936168234365
38276,164.63283563637745
38277,405.16923809386367
38278,197.5294103318375
38279,266.1591266229397
38280,271.28917849351586
38281,104.83404692662972
38282,974.6336774120298
38283,221.10949645455602
38284,512.3720129275856
38285,579.0243468178775
38286,281.3254758530592
38287,190.03302228183816
38288,111.78985943259731
38289,153.03169574347763
38290,340.91916250273374
38291,791.132697907389
38292,115.51770699020925
38293,143.31399674034031
38294,156.38924950111547
38295,503.77228108278274
38296,139.76181748714922
38297,162.96765062708377
38298,282.32799893282106
38299,486.02768479062047
38300,127.16235293987198
38301,270.86517571152575
38302,283.86051932251553
38303,297.0709551006158
38304,138.01376525631528
38305,544.6692982690049
38306,317.9178067544328
38307,217.27962348130265
38308,356.3086359219575
38309,142.19953766052527
38310,430.9805633168937
38311,210.90750947488647
38312,177.0916967126236
38313,193.31585532323595
38314,116.32032495228927
38315,195.16842292277715
38316,125.03706709162816
38317,148.60018534621736
38318,305.9640508232963
38319,152.80449130855263
38320,429.12164138854627
38321,223.58438675204906
38322,163.41252735410507
38323,165.757463190704
38324,635.9567561366398
38325,211.6126067567527
38326,336.5726015061371
38327,160.49313561971195
38328,188.1996767162562
38329,300.97053878460576
38330,382.1422368235442
38331,151.2914281480956
38332,128.68062213148792
38333,182.48266687067985
38334,182.65823573031997
38335,183.88969264782435
38336,274.787181755435
38337,95.94913886362912
38338,145.7468193772872
38339,365.8843916972084
38340,187.0599162528394
38341,449.9559935809746
38342,437.4975369634427
38343,210.10105391851255
38344,145.57905627018874
38345,178.79695617930676
38346,224.0214839304596
38347,675.7831261911751
38348,406.0031734620076
38349,167.80881222032414
38350,97.6808384943001
38351,222.50621806787922
38352,126.79973070464469
38353,702.5054596621491
38354,106.29399280794205
38355,227.83857766913147
38356,214.2812314335599
38357,300.9217898528541
38358,259.09972608980814
38359,142.38189395459315
38360,271.2358597296542
38361,155.98696850650242
38362,403.6237277621919
38363,229.69712831614822
38364,333.03071252366436
38365,219.28664599844035
38366,232.5496692279165
38367,74.58257615754533
38368,109.28310671620109
38369,234.42015629817243
38370,435.470010068576
38371,390.57946894534075
38372,395.5311812415849
38373,463.629709043104
38374,141.1241124397332
38375,1582.8280396336904
38376,158.01390147093628
38377,245.04059721753717
38378,229.0508930403739
38379,165.1239533631937
38380,247.4038191032769
38381,251.3246179178587
38382,224.19801739882715
38383,452.9734624183912
38384,253.18132063123988
38385,320.8520641856321
38386,124.86153408558853
38387,210.79776262074793
38388,298.8624121692947
38389,310.9997614693557
38390,171.2435116853655
38391,191.35876112175842
38392,160.07065998806348
38393,222.87416605411136
38394,271.8004189079641
38395,1039.2984843455656
38396,236.75595670601908
38397,203.06493794539412
38398,194.80121505147758
38399,217.648955229619
38400,183.86351557772977
38401,176.0398485090977
38402,368.51742509440163
38403,144.40561348566075
38404,125.8350444817961
38405,227.3173743335038
38406,278.1722217177345
38407,224.74055513061873
38408,219.7981471084959
38409,148.61263648692503
38410,169.53375653833493
38411,168.64780200970608
38412,276.8655944455656
38413,190.0172657119565
38414,175.91863984102233
38415,171.12211926377438
38416,279.12499881069374
38417,713.5507487559936
38418,236.3099067489764
38419,124.26654689278934
38420,320.71333047709356
38421,309.72308576261327
38422,102.18860176639681
38423,183.2737100462522
38424,767.6603059267037
38425,321.09595349605854
38426,126.36952997363919
38427,958.1069440584371
38428,197.2737063548554
38429,420.75846925377624
38430,199.0155873751211
38431,128.45356251787072
38432,468.7506553563231
38433,122.4553644461617
38434,367.7650281373142
38435,380.05880015831275
38436,166.04357019082568
38437,206.0529675153328
38438,262.54697495027204
38439,213.89451792559456
38440,318.5907254340737
38441,505.0517978326977
38442,242.55396153392815
38443,283.76983913302496
38444,642.0190898849914
38445,264.394742078251
38446,273.30779208712954
38447,409.16227031432544
38448,197.11264439168667
38449,373.02009456128854
38450,238.2809394997957
38451,872.0500631421372
38452,193.95612176667524
38453,530.8581196009225
38454,125.26153670654709
38455,201.67689518766286
38456,133.52702111433476
38457,290.0468391150875
38458,99.04946000982955
38459,976.8790314975586
38460,246.8043612106316
38461,285.2650367888345
38462,613.4758285883015
38463,116.62650495934939
38464,158.2217895602851
38465,652.7382949826753
38466,293.2899842382041
38467,512.4629321171816
38468,509.7447307693121
38469,183.0554114589908
38470,303.6809653110014
38471,203.0798332452171
38472,208.99681447940426
38473,223.31508474668553
38474,168.70716637454987
38475,336.3979368642143
38476,273.2081988920973
38477,288.95862608887523
38478,713.5119206416457
38479,193.4412547456862
38480,178.9383759652201
38481,429.45615307093595
38482,425.34023853288227
38483,183.45709123966924
38484,154.65634947830054
38485,137.12098790343055
38486,163.01832239388733
38487,359.84222680730335
38488,174.95596110283554
38489,299.94009689314936
38490,168.25667047729254
38491,554.373576467613
38492,266.4448837102306
38493,102.33130226949926
38494,156.64523165665057
38495,476.8530975844631
38496,611.5645663889144
38497,385.75964540546056
38498,175.27490978138547
38499,284.1448355466876
38500,293.3913906270526
38501,315.1515393220064
38502,143.87250927698136
38503,188.40244355094376
38504,128.98245162680257
38505,353.8053365724551
38506,410.57643544278767
38507,176.04377464855827
38508,119.7422777925638
38509,221.98446126993034
38510,258.52604884044825
38511,263.6937502767454
38512,147.90827349336962
38513,104.3853797157102
38514,201.7148314272623
38515,568.9550907015207
38516,243.66091767835695
38517,161.1172488575782
38518,170.76638217392056
38519,311.8835742488281
38520,152.84393121717673
38521,234.49768831832836
38522,389.97804305901104
38523,249.9311917287244
38524,157.641989179333
38525,249.6419019190477
38526,218.93469166912683
38527,802.2176842294124
38528,347.2176120870699
38529,420.29812582557304
38530,365.84064701831323
38531,524.7226334045565
38532,106.54476049918554
38533,163.56721111043933
38534,153.2166542317045
38535,211.97171934112652
38536,367.99557489630513
38537,150.17353078580206
38538,333.31969120935946
38539,188.3755912013342
38540,288.8779809235915
38541,158.42341290038078
38542,191.64054143611804
38543,118.39960191418665
38544,142.2813891784511
38545,449.24912540886845
38546,222.4728808313475
38547,336.6739849724963
38548,479.8217368994044
38549,266.40693140465856
38550,487.0121136760909
38551,1063.09905614419
38552,132.30454143628873
38553,168.37982827411287
38554,195.56632245590762
38555,328.93446919062137
38556,568.8337441955465
38557,289.6331279830863
38558,116.66562021799521
38559,153.35211602820257
38560,201.5278903181852
38561,174.31616874941332
38562,184.85987473573792
38563,153.9126236206122
38564,292.36510403747945
38565,100.58837287188018
38566,269.89663094821384
38567,151.46004531728553
38568,263.65079357417375
38569,100.8641561359833
38570,191.30453512918194
38571,145.11104168371145
38572,162.0648594339555
38573,510.33526629709564
38574,325.3203290353868
38575,183.71984669603947
38576,250.70372288097315
38577,193.8685596404363
38578,185.55770979045099
38579,243.94431362652028
38580,131.0653523046843
38581,230.90898892632165
38582,138.30324587307896
38583,191.57432274950145
38584,125.06785838379497
38585,610.9030762420158
38586,142.49371350433157
38587,371.171744282428
38588,162.81469921546753
38589,878.1886305409272
38590,208.6974883912358
38591,130.52588813829593
38592,135.04947439419033
38593,188.85932466548633
38594,471.4368137464515
38595,265.01372980703974
38596,85.79598348136716
38597,381.7207414459567
38598,212.44608743235287
38599,301.11069786229615
38600,191.37729360839523
38601,362.7482606803568
38602,339.5108098024791
38603,323.2826297412356
38604,183.70502808327822
38605,237.81422200183195
38606,235.33378307283692
38607,141.50426100564667
38608,109.54443068357413
38609,256.5157603551289
38610,327.5295970846459
38611,136.1515028241807
38612,305.7721205778315
38613,93.00964100083755
38614,202.71296838318392
38615,135.52666154586578
38616,414.4207756388541
38617,126.18435346854726
38618,237.89069932438395
38619,532.7938777730914
38620,127.90359611006275
38621,187.69590584310413
38622,189.16510546503326
38623,128.71685835138265
38624,246.97599293625137
38625,1086.4575135158047
38626,240.76473582918317
38627,335.2109680140807
38628,280.9051839028124
38629,237.3341695192322
38630,171.32880510501332
38631,938.3540111730724
38632,122.3240531079129
38633,89.25339448702499
38634,172.53969618450742
38635,564.0444196188216
38636,132.15183041583674
38637,130.91361611333693
38638,169.69437714635623
38639,168.18054532822666
38640,557.4705209557463
38641,377.53101858357957
38642,227.94040175500422
38643,156.20597881117732
38644,235.1734304963098
38645,339.94224772280484
38646,173.27123842063668
38647,173.8538192264012
38648,200.61262547427242
38649,115.87861575571335
38650,244.49679188247507
38651,144.5411841837677
38652,261.77066762887296
38653,349.30967262723397
38654,234.21438993213098
38655,198.9318791472383
38656,278.97689319209763
38657,283.9934559246509
38658,550.4189954268504
38659,339.69000579076294
38660,152.3129970403777
38661,385.4381875096667
38662,816.6321646058893
38663,939.5638801666486
38664,146.94768074998677
38665,145.7437592436104
38666,351.3598730671592
38667,292.5431269480695
38668,248.0748425670365
38669,473.9912758545167
38670,192.2109542022318
38671,197.50540133494104
38672,306.7742205157438
38673,201.07672244322268
38674,178.40263218380747
38675,268.84630163630834
38676,259.4793849749733
38677,427.59843871795897
38678,152.78346617200268
38679,213.7951772895197
38680,167.80602543840484
38681,178.6928736842344
38682,345.41758053661675
38683,659.2954232539606
38684,170.68793528378254
38685,404.4503821269827
38686,113.55591960181268
38687,221.1786420068595
38688,149.86623199093813
38689,202.05068672652388
38690,801.3783348618845
38691,189.27654919773036
38692,221.16670067056702
38693,82.14389312570815
38694,185.06611571541765
38695,107.38254521521071
38696,315.4631421251844
38697,176.74881438901883
38698,153.0626187861057
38699,175.23924684611902
38700,217.09573982307077
38701,222.39536033883408
38702,233.80974419946654
38703,117.61708071437053
38704,179.42836727956882
38705,387.1361012713265
38706,86.01324841524807
38707,200.4904643607349
38708,369.09747648273753
38709,341.9634281787992
38710,174.9103274169659
38711,205.29308901110554
38712,368.4846952302346
38713,536.5444045713022
38714,160.14737664999225
38715,623.5277980282651
38716,321.0501739467473
38717,459.30263510006375
38718,241.3044551947619
38719,163.99437387299713
38720,130.2855486568879
38721,397.16523982136755
38722,131.24086205255495
38723,83.54039225429004
38724,490.0095141862886
38725,237.64099262778458
38726,257.62481350254205
38727,935.5589613236646
38728,738.497195656015
38729,224.5845915449515
38730,196.00288035410867
38731,372.68915631073486
38732,543.9031354630742
38733,1623.039608426769
38734,187.153983879739
38735,125.74792031955008
38736,741.0662506761488
38737,205.50251011485034
38738,251.3089399540651
38739,337.7887087663593
38740,188.13621592684297
38741,189.28998122136244
38742,782.2151735293701
38743,297.7342534421021
38744,570.5066889522138
38745,200.8645145069891
38746,344.8592669764373
38747,139.7920688864654
38748,200.31548621814443
38749,282.44940326425126
38750,224.72790575984322
38751,156.13251085233742
38752,194.21311660506993
38753,657.7191454464094
38754,229.97205765251198
38755,755.9556906122549
38756,178.67764459296782
38757,139.23055486363512
38758,145.67866714485984
38759,190.66314519203604
38760,479.5697948482545
38761,318.6883108609804
38762,224.4097225238316
38763,756.9741673418125
38764,143.62043001946108
38765,249.6347487888363
38766,139.81506005575895
38767,214.12509167411025
38768,433.09470341886254
38769,1298.106475872493
38770,111.74550675670594
38771,402.28311548520094
38772,350.09135166863376
38773,286.62746396375303
38774,520.6110858875628
38775,227.9791674986463
38776,518.6967800626627
38777,222.83957109389513
38778,496.6803342041858
38779,198.50942376767188
38780,351.3424067974448
38781,104.19277304315482
38782,858.1533491170618
38783,155.488685830524
38784,154.06367308501544
38785,238.8551381509575
38786,175.76885132508545
38787,256.16392381282924
38788,154.04415358588693
38789,316.5103413085176
38790,184.96513583097993
38791,209.6942553182963
38792,209.03774748417717
38793,203.81350606501803
38794,97.57374377303582
38795,127.12528490210485
38796,162.75216536228731
38797,153.6201450366665
38798,198.87143920405785
38799,335.03476107473256
38800,222.55482223682225
38801,403.1305851642435
38802,391.60735539164733
38803,242.28801361203293
38804,304.08555009156305
38805,327.15534570999637
38806,241.59129595524414
38807,592.9500714581288
38808,364.3360578457522
38809,216.4316273356037
38810,247.29025476419815
38811,195.72356931109834
38812,254.9230816993135
38813,219.49018161340365
38814,227.80613188426074
38815,279.07268471988823
38816,259.2542037366324
38817,488.36280042001187
38818,316.0457395264068
38819,139.00935752013913
38820,162.32206062468828
38821,657.5901435252872
38822,404.73262504729183
38823,188.08229651020218
38824,93.20174995828407
38825,173.71459124218674
38826,298.6202459156036
38827,379.34084381951976
38828,396.67551292746407
38829,390.8794393605709
38830,416.4778203467977
38831,182.171045985191
38832,204.9756571648814
38833,227.7226084321343
38834,258.74353477598464
38835,229.43451122971436
38836,166.3294799860278
38837,182.03912796648203
38838,164.65684570789747
38839,757.4196094514184
38840,143.18765547947953
38841,402.1039700611864
38842,209.40619984350514
38843,593.0147972791449
38844,104.38485752515766
38845,355.41104014017424
38846,157.46673619444604
38847,355.2506753424867
38848,314.334788661617
38849,184.24312700885707
38850,151.03512079782533
38851,135.60630540653915
38852,199.66959939414258
38853,281.3545273153049
38854,174.0747423597429
38855,220.89485302471306
38856,196.98786449185485
38857,757.5035648746917
38858,124.03389013963607
38859,240.28401988025044
38860,168.6639238487956
38861,323.83749333609836
38862,215.04160161511223
38863,220.38904900278942
38864,137.33206328371884
38865,344.21377400350883
38866,164.24942414512398
38867,222.23096011203793
38868,507.81139216349766
38869,84.72014448902297
38870,691.7598530717578
38871,303.9461342773581
38872,689.0946676610838
38873,189.07708856586765
38874,315.73469187379976
38875,343.2934995021957
38876,162.24053644901764
38877,377.15450283479083
38878,159.92630190221547
38879,247.6990406501838
38880,141.10517480595698
38881,359.65071888651477
38882,120.54998590489888
38883,129.696621104119
38884,138.8773610786868
38885,235.78639027634102
38886,235.68165097322444
38887,476.0323734952158
38888,221.40979655324384
38889,305.5118909922418
38890,159.9085777020781
38891,155.15402637144916
38892,273.47710047838837
38893,588.889392845382
38894,194.7940934744454
38895,234.01012096189677
38896,178.68632885304368
38897,228.42518304292872
38898,174.6553507162982
38899,237.4840514550284
38900,91.19358158497369
38901,297.5275269484204
38902,151.98157766263938
38903,149.43430528702152
38904,163.75707245044362
38905,163.27608105320408
38906,196.155618015402
38907,289.4021855102494
38908,255.92903664504786
38909,326.9052534699713
38910,238.8560481528515
38911,143.94330264305907
38912,191.71357797475991
38913,221.80825681393657
38914,360.6958643806451
38915,219.26037158378284
38916,193.03612370862479
38917,243.22953886602045
38918,1384.5071948649547
38919,176.04332175552074
38920,221.56256476908857
38921,133.58897413357803
38922,280.4510303062303
38923,245.8224955230511
38924,270.3998762486247
38925,460.43752311972565
38926,489.9909247934936
38927,183.2030147690439
38928,164.38308572033992
38929,155.41731545580092
38930,194.45526611321856
38931,254.35032262772572
38932,101.76552776372603
38933,137.01053814223678
38934,558.5511254675905
38935,268.1033395732146
38936,453.80576696075667
38937,217.83637564008373
38938,189.75034033164957
38939,169.8673249688298
38940,108.73775586740338
38941,140.14451194279556
38942,201.42743293437223
38943,471.79789755991743
38944,170.0888757599438
38945,354.3126427174152
38946,1263.5648001875416
38947,345.0364947366588
38948,113.46587605929204
38949,125.4649771150167
38950,195.83861535435187
38951,209.03400653838986
38952,177.88821233379468
38953,158.57733366615142
38954,187.23511308855439
38955,161.24103116711836
38956,270.78551074720247
38957,688.9301703447873
38958,240.52901165020273
38959,203.19732652923662
38960,166.80454951856368
38961,151.41306428329293
38962,163.01124886489973
38963,381.70003234755757
38964,293.1111624054798
38965,592.036596410058
38966,271.942669880003
38967,245.44303587485612
38968,251.28636034161636
38969,988.9556302951157
38970,239.44445212816058
38971,180.08417833850527
38972,168.55939676876707
38973,168.1587355853655
38974,800.0364735799261
38975,315.5323776830352
38976,180.55996830605505
38977,317.1366059795719
38978,127.27988843947173
38979,193.63144682242807
38980,487.30832050837364
38981,115.1507028916957
38982,126.24428109684169
38983,163.46714288916607
38984,246.55119530016768
38985,336.7030662692332
38986,398.61600942582015
38987,310.4722086304187
38988,483.6199761891213
38989,145.3366572931886
38990,161.13835738316192
38991,720.8185804440287
38992,225.8389378871912
38993,146.96568695105742
38994,227.74148872245885
38995,266.75299736890133
38996,368.76080987898206
38997,210.7032394470544
38998,138.85937283029713
38999,124.57832710409717
39000,166.42972779527867
39001,197.46962108351286
39002,229.7722813279157
39003,417.1306367495488
39004,129.40121748750997
39005,166.74554509045078
39006,218.18895700868214
39007,133.38715270039012
39008,471.6003810362496
39009,224.44623443249225
39010,140.7698685797454
39011,270.6688895127044
39012,261.07982353549386
39013,730.3148982076782
39014,307.1377397992609
39015,253.5709209441366
39016,277.90477105566407
39017,203.2350251709514
39018,172.48384409358326
39019,182.45049367603986
39020,215.831431213249
39021,279.17603312935023
39022,209.74949944607934
39023,180.2359022609178
39024,244.85108001091928
39025,298.99083846241814
39026,562.3936073865952
39027,270.3117699223937
39028,172.0093412899032
39029,312.6518030151689
39030,191.46954539158097
39031,704.060931569232
39032,172.85879636736934
39033,136.83936638728431
39034,312.77340358523537
39035,183.24612489792855
39036,116.45636075387947
39037,156.63918861267018
39038,463.3213139683584
39039,388.2521987355501
39040,153.77690129072064
39041,304.35128373035525
39042,270.4796302694166
39043,320.5277204511513
39044,183.73883649349938
39045,150.42328607605512
39046,265.13987890906054
39047,208.4490634423645
39048,253.77725289815584
39049,382.9046048858357
39050,127.15176843865748
39051,685.5098219166272
39052,297.0880240101166
39053,130.83399251410594
39054,157.5808508005398
39055,791.4862410690498
39056,275.483823237216
39057,611.3358631274195
39058,275.5011948356516
39059,327.0762199504533
39060,365.24021379997924
39061,196.68083644544762
39062,220.72543064119213
39063,177.96283550288317
39064,167.6310698484038
39065,115.96295414243652
39066,115.36464894969447
39067,213.2306028083325
39068,337.54749301260216
39069,216.5868755617312
39070,266.2765248566312
39071,810.5048663919333
39072,139.72276352677866
39073,238.0551752545258
39074,293.4045331306197
39075,445.0217368339087
39076,316.21196199104855
39077,639.3805868014142
39078,215.1299932237691
39079,358.60973878714157
39080,242.83873035153997
39081,546.8565564651062
39082,211.92423517635558
39083,677.2238034836201
39084,72.54011188388351
39085,439.61767177456653
39086,129.08062215648027
39087,363.67720894960985
39088,206.85478389997968
39089,170.2023756754315
39090,223.47273049609203
39091,146.52613124762152
39092,201.91140404352655
39093,162.035114130759
39094,239.9597997678984
39095,157.3610711966541
39096,388.612464618125
39097,511.13104478068686
39098,361.41372632926453
39099,522.8647708680003
39100,161.6832906733169
39101,558.0379770979897
39102,142.8105027305764
39103,146.56616535834587
39104,385.809899611289
39105,328.89176406212397
39106,185.4587363147481
39107,648.0688239912961
39108,193.05384618763495
39109,218.12348471711252
39110,662.6204131900871
39111,193.3736783405995
39112,345.2082718031408
39113,162.05982056841145
39114,161.17082361722726
39115,173.2684494886006
39116,144.72512844455056
39117,548.7051238079011
39118,369.1623656807469
39119,1151.5259614732367
39120,117.83246767974283
39121,145.78656094026496
39122,414.4699282685141
39123,278.17544366498424
39124,253.49489839877714
39125,171.5117068817907
39126,269.76668630392305
39127,478.93168286377124
39128,193.9581754828798
39129,147.68250579370817
39130,827.2781344332121
39131,250.276794363087
39132,123.51573946306267
39133,288.69681550467527
39134,162.3156220603447
39135,316.15659804283695
39136,143.185607780724
39137,190.93593858447878
39138,424.7970634325442
39139,422.4303895821216
39140,124.18319704302743
39141,171.4370190403328
39142,221.4819198816296
39143,215.01306104700043
39144,169.42902281021145
39145,116.99828238057259
39146,171.0376086427329
39147,270.449788247209
39148,189.066811087691
39149,74.83798462280653
39150,258.13395691974523
39151,312.8864472301488
39152,627.3982390708743
39153,164.0454364842363
39154,110.59418664393877
39155,921.1643951745046
39156,150.06415947173394
39157,126.10366788252969
39158,651.2168212241592
39159,225.27113655542288
39160,182.08627478812215
39161,144.9757395056384
39162,257.96101130718284
39163,148.39403437889257
39164,454.8542613540236
39165,154.99185298649616
39166,78.92013361561803
39167,162.39990599963042
39168,89.74879113575575
39169,259.6665713021959
39170,68.87221404956641
39171,155.70795823134364
39172,300.0141300232353
39173,533.7439504985424
39174,145.29660911545207
39175,135.81709519530597
39176,171.66876733013484
39177,101.45802075702208
39178,120.99139504449317
39179,155.94231010373252
39180,235.389767277089
39181,215.66389656131346
39182,152.7284460026973
39183,677.2543123883421
39184,283.791219993637
39185,580.1247512949881
39186,340.9802836455255
39187,1046.325307052238
39188,128.40463697559258
39189,81.29498711572414
39190,351.3285192194334
39191,281.91891869649055
39192,194.92749404587445
39193,280.03071008505844
39194,149.80429778107634
39195,207.26712688554304
39196,207.84879760268896
39197,777.3578595628916
39198,222.1324381373347
39199,168.41199795627512
39200,468.79756759793736
39201,305.0209512991382
39202,146.93044909037755
39203,154.22884304252028
39204,150.92864605798943
39205,292.76807699641995
39206,153.57867961885128
39207,471.15428599265255
39208,438.3153362072453
39209,282.7358090996176
39210,127.13334895214685
39211,335.0549440674659
39212,197.28617971642043
39213,273.50790737502143
39214,238.1331850766855
39215,89.13490089647284
39216,253.7346096016417
39217,181.95188057758224
39218,229.39195157995954
39219,179.73621708952518
39220,298.3418312156942
39221,418.53686241970235
39222,217.1739766790823
39223,366.411366765661
39224,245.5264021967658
39225,261.1186748268878
39226,178.26107369437645
39227,347.8797164538376
39228,216.74594929703184
39229,131.49507065888827
39230,786.7743815545988
39231,214.49834261531052
39232,247.68613748503606
39233,79.06432992893501
39234,171.1733089213118
39235,744.014865406611
39236,420.1620614173638
39237,282.6303197493778
39238,196.97240918021419
39239,309.7294454063831
39240,330.21977404782433
39241,184.6340250936126
39242,93.20009974614304
39243,267.5642743651739
39244,664.992156002526
39245,58.805156579140096
39246,173.91789251124789
39247,231.29308690096155
39248,248.8386509986139
39249,243.1522725616986
39250,176.73355841311638
39251,209.38084457731915
39252,230.7630119718314
39253,210.8335097869088
39254,239.86886578549948
39255,247.57048116597156
39256,202.30307414754412
39257,138.1907469079466
39258,605.835929518412
39259,300.3478616138814
39260,232.68644779045417
39261,200.795269720448
39262,316.1381549588452
39263,364.1640044594369
39264,374.9878205689046
39265,160.547724438034
39266,151.85976356795024
39267,152.86233428585462
39268,95.76889411147009
39269,173.83770337164287
39270,202.11793301370324
39271,172.9469802896602
39272,328.0583883799269
39273,304.5540259503718
39274,145.3990127114879
39275,656.1167202106103
39276,244.72868388828138
39277,110.89929453122865
39278,169.0682883171431
39279,644.0488828642808
39280,252.93149410851873
39281,241.97402840638398
39282,432.3235326613103
39283,186.43766599437015
39284,284.3510722455047
39285,182.0214830749063
39286,256.0551005675281
39287,597.0081915742015
39288,157.4359506828745
39289,148.9708599536971
39290,170.7441327238756
39291,252.2775330852199
39292,253.7716975880743
39293,174.07808756695775
39294,377.3263717734871
39295,262.8779918545756
39296,253.61621487488787
39297,183.95784503195836
39298,333.92552487976167
39299,222.12777373535542
39300,480.15629416841097
39301,270.3396243906647
39302,514.3679308731727
39303,526.69894973561
39304,153.99038094936788
39305,142.05629068947036
39306,167.62267347458072
39307,241.28679805975517
39308,182.67931643735605
39309,221.82137156193812
39310,196.80402898847098
39311,135.75575894165718
39312,523.5485663905795
39313,213.33607210539512
39314,117.67801761433446
39315,184.28319066513123
39316,1282.7953646636129
39317,108.23313581334507
39318,229.1409303382034
39319,308.6657366314032
39320,139.24291639946253
39321,499.7872872075741
39322,608.4238688716155
39323,252.46141354707163
39324,124.08897596585969
39325,133.86824277180224
39326,108.18620019245871
39327,286.4869148781829
39328,256.35768212876644
39329,747.9424617072851
39330,284.6283807596043
39331,322.6365429690266
39332,286.0761302817523
39333,154.47902487065426
39334,289.50945847807293
39335,98.8296923366563
39336,422.8122337184524
39337,150.12203886634094
39338,156.01945133278488
39339,124.70175378821577
39340,176.66395117041563
39341,247.86716280004123
39342,263.9331735295976
39343,320.2260275315685
39344,319.2245309350971
39345,182.69467229680566
39346,702.8119421374172
39347,137.6434254515953
39348,138.36437397066467
39349,173.9260221801827
39350,172.51357346766622
39351,520.1074794075519
39352,195.99474110861732
39353,264.8613912386071
39354,354.94319602126467
39355,308.2206540678766
39356,151.47107446912685
39357,227.25691390090412
39358,115.24336705632012
39359,195.71126967416973
39360,303.91982940018397
39361,191.81099209818788
39362,168.2703767284171
39363,176.5826759868224
39364,101.69100322695188
39365,138.81499566880842
39366,353.1043420524022
39367,172.0009119818392
39368,227.24166703846026
39369,334.01931716989253
39370,155.6532601217238
39371,118.28922066032698
39372,1091.2677652374334
39373,135.26625146667698
39374,223.8068512268511
39375,291.8048697466875
39376,195.50305553162988
39377,415.5413487500702
39378,154.36225110743342
39379,157.79765323871428
39380,127.99339276391663
39381,234.41204492327535
39382,762.2624985602017
39383,111.27993549052718
39384,106.29036113511106
39385,202.26379188410053
39386,322.81585948097376
39387,137.90875476060603
39388,215.5166146994004
39389,383.7757376316908
39390,329.93160867095696
39391,140.57178716250644
39392,216.70899931570807
39393,148.45452627390063
39394,264.5028327475373
39395,185.3577711277693
39396,220.2694537089557
39397,259.6725053183094
39398,417.7415765690509
39399,401.2365269174266
39400,150.95179838843086
39401,206.56726785015408
39402,114.67761045954245
39403,280.67969692089287
39404,309.9630626071645
39405,325.5241126545271
39406,216.58033719847518
39407,297.450859062975
39408,82.57672805009649
39409,154.08742128163576
39410,331.2379412716552
39411,631.3396618529795
39412,206.28910652995546
39413,196.4316947154508
39414,570.1310808404551
39415,144.19753839341942
39416,668.4153681470433
39417,322.02980473923964
39418,191.33737353847803
39419,126.10998762105179
39420,188.62364337933093
39421,157.2293456207315
39422,166.2757739085675
39423,227.9411514624516
39424,819.605575790742
39425,186.32372630740494
39426,241.32858500806623
39427,186.6039300551357
39428,94.0824895565844
39429,173.0715963374773
39430,99.26901442660554
39431,365.9603055997124
39432,172.23666760891805
39433,267.08538185911317
39434,327.0258903258012
39435,1038.0022870074497
39436,234.69119485333758
39437,157.91340146830947
39438,192.87691687142998
39439,134.7569751417386
39440,173.0756263759238
39441,151.03033773534983
39442,194.13436822251398
39443,288.57636280022564
39444,295.62095508827986
39445,224.11364028967182
39446,233.9188098665725
39447,172.15743241892437
39448,261.31985637501964
39449,155.24505528763942
39450,304.5403374082374
39451,145.3517000059595
39452,229.30486766389495
39453,155.85582859752668
39454,92.20777611783876
39455,395.29764180894904
39456,269.3332794353107
39457,380.2285378687196
39458,199.38114147633436
39459,253.35492099685686
39460,333.61218093811607
39461,165.63562858602214
39462,409.0248352463565
39463,117.49125715419517
39464,263.11217461705655
39465,119.59696213152102
39466,561.7392587653727
39467,100.47942774551532
39468,219.5263277750409
39469,279.6351592997542
39470,326.361405669772
39471,553.1218448497129
39472,127.84052019513531
39473,394.7667751040851
39474,468.3166177314457
39475,168.82754741493108
39476,785.1517922519485
39477,367.9027161657237
39478,161.46768567440571
39479,145.01580487405195
39480,166.5164892677292
39481,218.3032424570065
39482,96.48529476550279
39483,295.32163832389307
39484,318.5495191969466
39485,184.40764678767206
39486,274.8663970081486
39487,439.67888814351386
39488,203.28343750473414
39489,218.94156426161302
39490,110.23167133823476
39491,284.36634474597594
39492,259.1771757802327
39493,674.9419972912176
39494,826.2758321532863
39495,420.4314570105711
39496,411.4927024601809
39497,407.4094585781811
39498,580.6881428504563
39499,186.8547747290994
39500,155.50641422420762
39501,226.00094311032433
39502,598.6423494443544
39503,160.42313628120715
39504,109.77444196188038
39505,258.1998820049268
39506,129.1865109644462
39507,115.35602449241341
39508,200.6043166966099
39509,206.8416999808499
39510,155.1067520189361
39511,121.92853916372749
39512,331.6686463425297
39513,188.75929785694794
39514,1008.2120245472065
39515,382.5033013922682
39516,389.691021426677
39517,173.74975866271237
39518,107.03909612880194
39519,805.991189750307
39520,79.05849271216337
39521,223.67995086541538
39522,104.43415431401748
39523,208.65200140335617
39524,178.86202026119483
39525,278.8204762759119
39526,198.7637660310835
39527,285.2375760177589
39528,139.87650554478293
39529,366.4637649965105
39530,331.68657419601874
39531,1144.8231861541062
39532,485.4733927346682
39533,191.08536590419888
39534,818.5742768786736
39535,151.7880772605036
39536,12612.72111862615
39537,206.24577122999494
39538,207.1529968755523
39539,357.37992879735253
39540,318.4868046783467
39541,141.17793512105513
39542,108.88457753928975
39543,493.59291552974196
39544,316.2628908416986
39545,303.3015214554201
39546,162.5590158233555
39547,145.01092141209665
39548,189.66559588955292
39549,233.49088839392087
39550,143.276185311615
39551,441.36163155662814
39552,195.6271236713063
39553,208.449328983949
39554,459.8367380069171
39555,614.60319428434
39556,128.75031996055944
39557,210.89901783838258
39558,86.3855315199373
39559,140.35615433109254
39560,397.9941006536748
39561,232.18921003126093
39562,291.72382742327517
39563,473.81951839572866
39564,259.9378830930204
39565,231.4885650581418
39566,218.47412519331553
39567,170.4862631901385
39568,147.4569167770388
39569,268.4548373524229
39570,228.10863029656832
39571,176.3593870217623
39572,160.4617716210277
39573,121.76842777375448
39574,165.2169222878145
39575,221.59270829257204
39576,320.46211467188033
39577,147.2068667117505
39578,1489.0861018352655
39579,369.16856325778974
39580,367.88581422692914
39581,233.37440998487165
39582,178.068248695483
39583,274.52055223461986
39584,155.63466244654566
39585,126.51872053317324
39586,135.34975824090785
39587,186.71149474977491
39588,75.98111793191353
39589,197.51708803721309
39590,161.7077652689443
39591,897.2326961022399
39592,123.47986980277504
39593,123.6925768826731
39594,103.16996318202403
39595,94.09562896757168
39596,391.7791023027904
39597,281.4064508209705
39598,235.2738163228706
39599,170.78490735074138
39600,215.81613914629557
39601,383.6299011525647
39602,364.29271234306276
39603,141.5894313341692
39604,252.6401700466533
39605,166.51626487596585
39606,139.37118232265806
39607,568.1111324681434
39608,227.3202089824043
39609,150.7370714780534
39610,145.9333969036973
39611,321.5327100251232
39612,223.32221702471102
39613,167.9896626067902
39614,225.93920665107336
39615,739.3638209553561
39616,119.4459205801308
39617,126.03694103254514
39618,117.30536510497728
39619,812.4281350640399
39620,175.03454432767464
39621,159.52909771289384
39622,141.45648950318096
39623,252.17300993444968
39624,107.59135506859587
39625,176.74475366967994
39626,216.31805067782219
39627,173.15716047233087
39628,219.8287727612478
39629,117.6626298986516
39630,1031.7189678920531
39631,166.50653209091843
39632,157.72481275570985
39633,157.3697389572848
39634,120.27487650008844
39635,480.1231814931438
39636,341.4941465052548
39637,226.3222682533064
39638,126.62908435661639
39639,184.58507288747904
39640,336.14545438493315
39641,235.68346982417884
39642,156.1922747333377
39643,167.88920521934344
39644,201.89359178934203
39645,256.1419046655194
39646,197.86241459573094
39647,181.9477138627787
39648,255.56526046059082
39649,246.63260027601802
39650,344.9894475735835
39651,225.26076044327678
39652,233.4686274815393
39653,125.54625230350133
39654,267.96389280369533
39655,293.5859202155513
39656,409.9057205849341
39657,568.0286716527091
39658,265.6209953995747
39659,416.0681771960165
39660,218.80880364918949
39661,231.9423076436477
39662,227.6563813467002
39663,384.48026587619114
39664,149.25084293598024
39665,246.8142140185513
39666,161.79904837605028
39667,155.4507233764209
39668,733.198006963895
39669,501.9036609520079
39670,223.9127788068552
39671,382.25672018922404
39672,157.6025968549045
39673,104.78384193926605
39674,337.4474086057683
39675,169.67393907771833
39676,284.64546427515086
39677,261.8192561119055
39678,242.24259927117328
39679,263.3982350492553
39680,429.7314351059944
39681,204.93859881145397
39682,161.20459524691665
39683,132.87070709157584
39684,362.37453067776
39685,177.6705670940686
39686,178.3470616868626
39687,415.4371380884035
39688,149.7419548376823
39689,207.07719377756604
39690,196.11178558815752
39691,320.04342388612446
39692,162.44703276971185
39693,210.3303586872736
39694,153.06413107135688
39695,226.37512680426926
39696,150.59671020205624
39697,252.92118794336994
39698,472.2009687008604
39699,314.67742211713846
39700,269.3089325970649
39701,657.7818528623509
39702,292.2383126650348
39703,540.9785712604267
39704,159.73125408188207
39705,666.4137998848724
39706,164.23102105746685
39707,284.2262582719189
39708,148.9503014005244
39709,265.04434376472057
39710,114.62144888048
39711,224.93156716938685
39712,194.5797704638551
39713,680.1906506184325
39714,277.81699368901815
39715,254.31133474121617
39716,224.83085302794254
39717,494.7884024858155
39718,344.8634392385053
39719,179.08224357061337
39720,451.19891126765197
39721,470.84311306276607
39722,283.58382073801386
39723,132.32536205780414
39724,155.74800888725827
39725,149.85179338538333
39726,181.50854501791173
39727,132.33385396267104
39728,187.34415131082355
39729,430.2897659446222
39730,234.8575764527022
39731,1003.2170282651484
39732,124.21313154101367
39733,382.52767924269256
39734,205.77711784994645
39735,251.19522786378255
39736,142.5773102446798
39737,275.15118936874
39738,248.08014928701235
39739,184.91648783340293
39740,282.7288629173439
39741,100.4002561604866
39742,131.81430273864382
39743,209.15005843642837
39744,90.5528545123052
39745,191.30648672060732
39746,326.0723757930627
39747,68.85118361916128
39748,164.79451079880104
39749,159.86999977729306
39750,333.14920994199565
39751,247.52608355417593
39752,154.19167690696236
39753,196.78846052201425
39754,148.63037340344002
39755,132.21348810287313
39756,257.16458645725396
39757,321.6964920831895
39758,107.69553834284521
39759,286.8259940801486
39760,852.7951726376219
39761,223.98300657506354
39762,176.48367223563795
39763,721.9486653968347
39764,214.9926213694183
39765,174.26749230180627
39766,312.6239703372278
39767,204.72500031350327
39768,162.94386463526706
39769,190.35597955527567
39770,280.2920116317725
39771,429.98740620190875
39772,317.7163037235011
39773,384.9328531566517
39774,188.68214936128965
39775,319.76624746632564
39776,191.53996973479266
39777,207.02991208355945
39778,158.15223275531653
39779,315.9058096419341
39780,255.27236650076676
39781,970.3260836966751
39782,230.13821088975803
39783,411.07097832083406
39784,427.131755959298
39785,188.6611889627323
39786,176.54072055687308
39787,220.3358818457462
39788,323.85355274500006
39789,199.90990407498003
39790,128.94438879362912
39791,154.73539235794826
39792,263.70097327249493
39793,274.07099292137286
39794,133.0793784663383
39795,209.8595320331165
39796,134.0619601756271
39797,1341.2989405148737
39798,217.84209141453212
39799,106.26135535228038
39800,282.0464673147978
39801,240.60685505739184
39802,170.93304005580535
39803,684.4713120024643
39804,879.0029413351264
39805,370.814286810489
39806,483.2802777877476
39807,523.8130091732357
39808,750.8421516483978
39809,130.1516031198441
39810,188.62585065100572
39811,176.78909933258177
39812,362.18334499626445
39813,271.29989526040623
39814,257.97590743206865
39815,476.1124155898331
39816,140.84159574655794
39817,217.37766531656325
39818,164.4820556229363
39819,915.78852579208
39820,536.0275813772788
39821,117.362242874922
39822,347.39025456691377
39823,385.05096398130144
39824,300.80294135482376
39825,226.26827332454852
39826,150.56650946415576
39827,527.6626517382607
39828,423.68681496557844
39829,276.5150063563768
39830,182.94790676734388
39831,230.17702251732052
39832,130.5680138276862
39833,358.78647665379845
39834,267.30674590022574
39835,325.34401808721276
39836,104.55539782150599
39837,140.35396416355348
39838,182.97097095303516
39839,416.7689391366378
39840,355.1672600893476
39841,323.84170374285645
39842,331.42871207029935
39843,245.76857387798205
39844,198.3300990104277
39845,117.6019919655378
39846,189.7956621894748
39847,106.88315575456204
39848,166.76101510871737
39849,507.7067202174877
39850,288.25960735202364
39851,285.4296466086324
39852,139.62758666072472
39853,786.7087122418726
39854,455.75455683824094
39855,313.1361474336827
39856,230.34197345779972
39857,304.1035055954296
39858,248.83299420494666
39859,232.87502010439246
39860,269.7219755519333
39861,372.0436660143262
39862,432.0036110182682
39863,250.8704138221673
39864,195.70808592075213
39865,221.81332966620516
39866,135.82337051804916
39867,333.5932094112882
39868,90.26114580826943
39869,251.43038118277644
39870,638.8582641093793
39871,217.60207441395517
39872,238.0090059408243
39873,214.61703353627894
39874,961.3979521563841
39875,122.78084471389728
39876,197.5475089218464
39877,435.2881109303163
39878,208.12245476543092
39879,215.00404053351772
39880,208.01074745658818
39881,145.96613640160737
39882,185.09346500401045
39883,463.50517667690804
39884,189.8369901031921
39885,774.5048084253905
39886,175.208169607966
39887,176.7559142284281
39888,151.6687808526682
39889,194.81226915032386
39890,300.44370749181013
39891,388.34073251104377
39892,126.81614890870031
39893,1117.5509777648579
39894,203.97260751666607
39895,114.97939739852067
39896,184.7691093844363
39897,243.71425423245074
39898,204.19339470257432
39899,180.04135964647347
39900,455.31827536654276
39901,446.46281558458475
39902,280.58615553603164
39903,160.25063107330197
39904,676.5644817279762
39905,245.02486932536868
39906,806.8220520538365
39907,367.8538515646762
39908,225.01023881564083
39909,305.3046873236649
39910,241.50707550979038
39911,257.68156049918804
39912,274.7754493504404
39913,129.40096407616207
39914,247.0515768374231
39915,154.4919602978417
39916,441.37674604928327
39917,99.89314432779564
39918,287.9897330460696
39919,953.4311863005134
39920,139.88688032256016
39921,360.82961917964013
39922,215.5532238472282
39923,294.85415978733795
39924,167.98744696932314
39925,685.866697097311
39926,277.770391901047
39927,385.13235497274394
39928,411.78429132976345
39929,359.9720279869041
39930,126.69226481558417
39931,339.9226988991796
39932,790.1694795289388
39933,305.7288982717977
39934,303.2417150836809
39935,619.9531474852405
39936,654.7308648323506
39937,122.06842260655095
39938,511.9675851759448
39939,127.28905523135232
39940,267.2071036847902
39941,204.88940743811563
39942,176.15595537735842
39943,349.0290120290442
39944,846.3449391573894
39945,790.8625587526261
39946,69.15363506342754
39947,356.42202441056577
39948,374.15761120712006
39949,247.5539913767448
39950,300.97465316902304
39951,406.9208555147379
39952,180.03534408234194
39953,261.37595535881303
39954,214.2990943796081
39955,420.7835840227208
39956,148.01854005008045
39957,346.3480078485429
39958,494.0533084950945
39959,103.82623122077607
39960,217.52187899565985
39961,197.82379470082117
39962,236.9691713826216
39963,250.34446699504946
39964,230.80910359203108
39965,493.0290370426093
39966,996.7937136111652
39967,966.5295794213853
39968,219.77997589129453
39969,134.69165575802072
39970,561.2873072100576
39971,355.54340380708663
39972,120.969093386673
39973,106.43505074132459
39974,150.27000350338304
39975,128.2178352087922
39976,248.38213453846274
39977,228.889957691626
39978,147.35919366978374
39979,129.7537249425823
39980,377.2669357177371
39981,188.53887117043482
39982,146.5391124633567
39983,212.41771727210346
39984,184.19593603591986
39985,226.89743092836576
39986,427.67171589542124
39987,606.4133609052134
39988,388.08821332795446
39989,168.26215525908464
39990,286.3753291357485
39991,397.68635644432726
39992,423.59571421348426
39993,105.82860872069774
39994,142.97527078062924
39995,218.3694092716101
39996,176.30279857816973
39997,200.47649864224928
39998,258.6520620898199
39999,436.16856850467104
40000,286.4225678009521
40001,198.88091631358782
40002,118.8692090915641
40003,254.79113090825086
40004,249.2063838227234
40005,1032.542401602788
40006,172.2528352442361
40007,319.0556939793307
40008,213.07045793926596
40009,464.34721029730866
40010,699.5298750053756
40011,173.32105998603785
40012,537.9113641517208
40013,134.6304768924022
40014,184.56556598338975
40015,255.6517068693429
40016,128.4850146606934
40017,374.88134291706757
40018,146.91307018247733
40019,367.41098724694166
40020,468.5799984960174
40021,686.9310155048842
40022,238.8504924409509
40023,227.93428271247112
40024,154.00429709278805
40025,143.3930818602853
40026,187.98565316333065
40027,432.7256955940687
40028,252.99895615281235
40029,232.4366525208401
40030,166.89678523223242
40031,119.40188646206043
40032,331.3203732370581
40033,311.60816922288524
40034,716.9675540871515
40035,434.8104436847902
40036,795.5250644273194
40037,162.7422219512483
40038,480.31638552218857
40039,183.50448589925765
40040,439.2411876867613
40041,795.0528037713667
40042,238.0613017452996
40043,98.73104132396118
40044,622.9629748127054
40045,532.2633137096873
40046,210.69552948635047
40047,172.31117306598716
40048,230.93961265393878
40049,148.94464723708688
40050,140.14578999026367
40051,584.654210886329
40052,296.9907837363387
40053,165.50616881712452
40054,524.0578801909917
40055,115.24332152829852
40056,208.5499289305958
40057,115.12044838684892
40058,154.23867485898347
40059,379.5166930706691
40060,516.3795507472098
40061,504.2702083668945
40062,122.10826177190486
40063,200.35212922571046
40064,196.53424776638107
40065,207.04944043932744
40066,82.90422545866655
40067,234.76915456853573
40068,266.749417027627
40069,188.25656619296808
40070,271.52649416085177
40071,862.2110347526054
40072,617.5131329126667
40073,160.28283900553998
40074,721.7388683001029
40075,382.69098090775907
40076,158.42222833378455
40077,1136.8640895633678
40078,210.49424792784083
40079,243.75493268470814
40080,169.1399923802749
40081,271.4743965397047
40082,189.22818412025558
40083,445.78161061999305
40084,394.86802121728306
40085,219.54427246412584
40086,152.09910449446215
40087,237.62049076155256
40088,516.7524434865744
40089,257.07307787692855
40090,438.01976909113114
40091,285.3675250090309
40092,112.68744946353871
40093,262.47564275849686
40094,181.51904392050602
40095,596.2490631430005
40096,222.6812848364936
40097,1275.1193603439058
40098,149.91293362353338
40099,142.61208609631598
40100,138.6827211390823
40101,280.6939008357138
40102,245.02664628803325
40103,242.4228423090812
40104,242.84217564241322
40105,650.146479903839
40106,891.1306375885457
40107,171.8284004808297
40108,171.57782621153964
40109,83.00482414041848
40110,433.3961626847501
40111,667.256512121879
40112,270.17789972887766
40113,154.37579970398028
40114,112.1742567389797
40115,270.7460830333625
40116,251.53179345680647
40117,144.57064505723932
40118,128.07067932059732
40119,150.72909932471921
40120,405.04063117397334
40121,167.03964854415955
40122,264.33638913000976
40123,178.87346921912774
40124,621.7537398261937
40125,589.5819042847692
40126,256.24981627050784
40127,3349.92110840879
40128,297.4050694601603
40129,146.22000519269844
40130,183.48122598815527
40131,116.84683157932707
40132,277.29112172947606
40133,130.63538674213933
40134,237.91818239334978
40135,235.1117426997323
40136,350.8751716649831
40137,303.6081129943652
40138,182.85942753782862
40139,187.22244202842782
40140,134.8634554412058
40141,215.78055135503928
40142,349.2153821421791
40143,274.5690449301561
40144,400.30580225453656
40145,271.2454012493259
40146,177.74569027691
40147,304.4334212639166
40148,90.63420466004095
40149,441.99831479445743
40150,95.91744136619462
40151,184.6333375489139
40152,205.48652332900886
40153,175.82795383655582
40154,128.48335332287644
40155,600.7386304370643
40156,359.6169756382198
40157,280.08588876231954
40158,146.51064816996313
40159,358.8831877594829
40160,363.7749368450329
40161,691.458963702916
40162,259.5437785024641
40163,122.80326424499034
40164,208.70685240048266
40165,193.80849529482222
40166,294.9892950582518
40167,947.395303329089
40168,265.2088162870643
40169,321.04892852990605
40170,276.9742632606363
40171,212.0295155875617
40172,584.8526452979081
40173,170.24819118275678
40174,182.25299055278953
40175,140.43255038611446
40176,180.87427128606353
40177,1547.8824399693367
40178,187.50585340200044
40179,226.77971293343384
40180,110.56488569735028
40181,157.46540615656406
40182,212.39782581964323
40183,213.65322876789625
40184,294.28449869209675
40185,158.95640221991022
40186,193.23665830641252
40187,355.571307127314
40188,151.0966805666899
40189,125.76003946364119
40190,141.84835015334377
40191,201.20758545695804
40192,223.03661436664368
40193,170.33707737818196
40194,554.1795169558486
40195,144.84107675591744
40196,313.13205830174405
40197,109.452535808949
40198,142.98538544684322
40199,486.2897354929788
40200,651.6857565499168
40201,134.56730275655494
40202,99.97478316922962
40203,271.79134717038215
40204,261.3499790663606
40205,355.41224860960705
40206,268.9405343794338
40207,190.4200266410917
40208,451.3207386547414
40209,303.57395603501544
40210,564.6020833920963
40211,190.27238736425576
40212,257.3890030186574
40213,211.32119974047617
40214,127.70617749973222
40215,378.6759646201362
40216,161.86297696339327
40217,261.06299584706466
40218,399.49861731496287
40219,639.3484705231501
40220,197.5065353751951
40221,240.89135278774074
40222,293.0743555547207
40223,160.97930638192224
40224,209.77717256192514
40225,232.1339828446363
40226,133.99277208539436
40227,251.6782461520903
40228,197.2832342780372
40229,277.78358177483534
40230,638.8318662347912
40231,194.06828157464702
40232,359.8029491667272
40233,233.7908539540439
40234,538.3567217352224
40235,124.06965249645954
40236,160.990585729836
40237,174.44720155109576
40238,428.1234399350773
40239,208.23597028861946
40240,149.1785182518228
40241,176.83484456738506
40242,1433.239762648159
40243,176.1948562475481
40244,255.99180685479018
40245,604.6056354096294
40246,234.3068601384641
40247,141.70714424174093
40248,298.7107224552329
40249,369.49069978511926
40250,401.25918641841236
40251,354.8477923385305
40252,562.6185140831265
40253,255.5916825462212
40254,119.3123973017253
40255,138.82305686217603
40256,278.64606115663037
40257,294.4219507980501
40258,117.67621436688006
40259,221.87077639337005
40260,425.84252302105835
40261,175.73608486762794
40262,121.67561801765774
40263,147.3613506456948
40264,125.35703560591641
40265,240.3085653249184
40266,138.08273972591556
40267,166.3431466503798
40268,349.5176381754581
40269,180.59664053301597
40270,234.65850672355106
40271,185.62565495007746
40272,102.16439738464747
40273,280.92731445357066
40274,163.2698525084648
40275,645.316628063422
40276,129.8591018519623
40277,598.3316073369871
40278,199.43157837553832
40279,153.26703967164514
40280,135.07045988330952
40281,458.338223452997
40282,659.9848668366159
40283,325.0297334697666
40284,228.4633727860961
40285,391.30106271059356
40286,294.60245160829174
40287,462.88018983518236
40288,553.9697678104077
40289,242.62287806005727
40290,424.8485106940258
40291,536.6661726038357
40292,212.6888481510445
40293,192.36370414500223
40294,136.68031261230075
40295,163.14278466949574
40296,598.2696289724545
40297,83.6347818148812
40298,226.82113213883412
40299,200.91698789212617
40300,125.31463692000783
40301,169.8937219027416
40302,496.2754885455454
40303,309.37214209410917
40304,133.21104472916653
40305,452.84174320211434
40306,226.91488705904766
40307,456.0097946744258
40308,389.1127962067357
40309,176.9065347579534
40310,137.07820701632986
40311,184.51685643412506
40312,139.35527657397586
40313,325.08421417093655
40314,211.42549747887492
40315,169.5634771440477
40316,189.01778710812812
40317,228.59698257336177
40318,391.43981728146576
40319,474.5807447742621
40320,141.10261299549376
40321,138.18713486177356
40322,228.24119810708171
40323,115.54301113994727
40324,127.19669826097295
40325,354.3549685555012
40326,220.62220880741395
40327,665.1833585259009
40328,187.5142269405528
40329,331.76499509581254
40330,523.1910707706295
40331,220.66984013873156
40332,585.7744636045352
40333,204.27330469962203
40334,145.7846276881753
40335,184.78355475440483
40336,134.4479796581019
40337,300.9290233686746
40338,156.35707689126042
40339,192.96923224825517
40340,177.6052955985426
40341,108.42561707928094
40342,326.48371714881046
40343,125.39892350772949
40344,845.8959313346884
40345,593.6953066253669
40346,105.37267175015177
40347,173.78625979833652
40348,160.85125237062627
40349,233.89391976810293
40350,196.34575522967947
40351,111.2495539574875
40352,250.25839769511836
40353,216.28610386367018
40354,214.13854430655343
40355,139.67532605112407
40356,649.0080296780578
40357,184.59434395144382
40358,196.61585255568545
40359,183.30476535746692
40360,155.33072097985246
40361,574.9481863640194
40362,170.4804634527304
40363,184.52288214950727
40364,194.80960656765325
40365,203.88668402945362
40366,328.0392004350785
40367,123.49623518579604
40368,227.75507782744015
40369,287.75364629177494
40370,321.2110275352619
40371,110.37694907836313
40372,323.4713311772377
40373,350.3825053480305
40374,238.2053217397585
40375,528.4039249807673
40376,268.514956713773
40377,252.8368771765734
40378,187.1364078249381
40379,150.71165658429263
40380,418.7569473724782
40381,507.875190810488
40382,186.0460499907226
40383,147.95976597298232
40384,194.50342700492527
40385,148.65644750242936
40386,336.4623025035719
40387,104.8788863155235
40388,613.9038024261306
40389,180.25337730852064
40390,505.7666000045156
40391,318.6991015049887
40392,289.7779881098319
40393,244.41652106466546
40394,204.264237154262
40395,139.03209681236405
40396,267.9015626530793
40397,67.24611586476446
40398,242.15291447390098
40399,151.59409082626223
40400,385.5692969330867
40401,256.06159662064607
40402,336.55070089246124
40403,218.42625179862628
40404,512.3111921103651
40405,178.44836060661385
40406,340.4769259403983
40407,200.00472723645748
40408,430.2760415889582
40409,219.91452194709348
40410,168.61720215232768
40411,117.12103202871025
40412,248.53425435724492
40413,129.05748636817643
40414,314.7493558106134
40415,214.7064862954021
40416,324.04184338485163
40417,157.62497968410517
40418,210.1591123454845
40419,101.74931031711311
40420,183.54163446863365
40421,154.93290173969504
40422,176.6075861487376
40423,487.46096550749246
40424,201.49731930098545
40425,413.3346780333126
40426,494.62302587001335
40427,290.29395414899506
40428,157.19274115356893
40429,225.21057676154072
40430,508.4732006216743
40431,157.87007027025493
40432,263.83462897866576
40433,189.31626191614953
40434,178.93550806352425
40435,357.1216110325925
40436,179.90620203410953
40437,190.3492032414256
40438,227.2251653286517
40439,145.3794086610241
40440,768.5539923661273
40441,1098.004490964755
40442,263.2410269426935
40443,236.92013220714654
40444,144.45188082494903
40445,201.09777038718218
40446,534.4189119551723
40447,132.61616761940593
40448,291.64890355709946
40449,193.74691318717893
40450,280.15363052491426
40451,319.8441764575323
40452,287.88149369955744
40453,144.7903389909919
40454,191.45163247719665
40455,152.585782647921
40456,151.05635508932662
40457,180.23747977382322
40458,284.4758844497326
40459,157.6894688547699
40460,180.4616062112619
40461,544.6390121456062
40462,203.76005514759916
40463,168.57599632755932
40464,263.0548610949927
40465,116.62937425336412
40466,324.68127731658495
40467,238.2007400399966
40468,234.2553760869462
40469,163.56016214253873
40470,189.185977748461
40471,336.5521336217402
40472,308.2369645962868
40473,104.51110789746106
40474,293.7182511699101
40475,379.9968841933963
40476,172.03980884925932
40477,272.6106668946148
40478,170.08375842382804
40479,180.9731789264302
40480,805.0255983429182
40481,233.48318773187438
40482,94.64735501165578
40483,190.90229527504124
40484,178.06583984749594
40485,413.7988769777098
40486,167.18022051306406
40487,364.25536165344806
40488,215.68537831935555
40489,112.0512780841241
40490,274.79717746555855
40491,218.24136885225622
40492,344.3705807433502
40493,353.3467773284884
40494,301.49891998459793
40495,387.8493617378491
40496,431.92487584064327
40497,129.99691547079266
40498,295.25759740665177
40499,187.84429109082927
40500,512.7986301585577
40501,399.99201220574236
40502,222.83469836305875
40503,816.5940438297919
40504,173.57553760320437
40505,318.5843778510196
40506,162.7311228928502
40507,220.5332024076333
40508,426.3761292794537
40509,261.1801369435849
40510,143.6218610404874
40511,87.35815539043124
40512,103.65923015161343
40513,234.8539203749585
40514,284.77061714289357
40515,111.89438887091173
40516,152.92700165547544
40517,156.53322213526238
40518,118.53789854338622
40519,309.4186652277706
40520,590.7905876538599
40521,68.80266846955207
40522,122.62367897197039
40523,157.8317702852298
40524,412.8507352114328
40525,445.03330479195387
40526,161.84852104102026
40527,229.19807681796925
40528,182.50668203720602
40529,417.07228776919067
40530,504.06442463542623
40531,150.30486995304256
40532,381.1458905037582
40533,109.1827208587673
40534,222.6931166960869
40535,132.43382714622297
40536,180.03627441657073
40537,199.01346017417836
40538,171.14903395244602
40539,160.61969744326316
40540,242.96198220831744
40541,179.15177653497625
40542,188.20636671010718
40543,226.4843272424959
40544,341.07282893641246
40545,198.08159826972945
40546,231.18592468780716
40547,374.5275549514372
40548,213.22368005213582
40549,159.1696781214271
40550,390.54321547974183
40551,261.0084499935275
40552,112.86174924794189
40553,243.92927746824597
40554,139.74808730594327
40555,161.30793183134242
40556,149.5682421435422
40557,295.4287127766008
40558,194.24615581481996
40559,481.07682643891724
40560,220.46470599293923
40561,127.05604004412743
40562,626.946136884627
40563,184.09408518378964
40564,159.89263219314878
40565,163.97104858939647
40566,187.65759144826188
40567,123.43964866026914
40568,331.10323563760335
40569,581.5427272981943
40570,597.0061640685949
40571,239.9669627455258
40572,381.4234007472089
40573,367.7056998776059
40574,267.58786285186045
40575,176.81345417487165
40576,248.9978418121921
40577,425.4650128140382
40578,230.2518952319945
40579,587.281495823399
40580,353.8185432231529
40581,313.11804709256586
40582,317.73218969484844
40583,314.9203491452167
40584,233.0636677736062
40585,392.25220736050954
40586,281.9177717195621
40587,423.20749794866504
40588,232.48388306783747
40589,175.64964869804007
40590,279.0423338947028
40591,264.77441610675
40592,186.52904172785082
40593,266.7495147799942
40594,212.89317931232296
40595,155.05600611287807
40596,390.58434298778815
40597,176.6854327863196
40598,368.1753112626428
40599,309.356666635562
40600,154.4375128596967
40601,531.9256771056018
40602,137.58805290913415
40603,152.33155255086422
40604,372.48577880305794
40605,414.1926921982348
40606,407.93445391549596
40607,195.12424428487253
40608,221.77169916849536
40609,146.04943986746133
40610,627.4033086279752
40611,140.16830053418752
40612,123.07500455137888
40613,252.7854043536822
40614,915.7480241032234
40615,262.67334971142867
40616,217.74652605830283
40617,216.8054239963113
40618,164.43068969715344
40619,300.81285496529085
40620,136.9633184907271
40621,433.89942656028273
40622,154.90429196604225
40623,529.6462943163
40624,150.3048412206487
40625,179.4035352631577
40626,359.29941806307323
40627,176.63841660650527
40628,144.78985572004305
40629,324.6657157947449
40630,528.6375209221068
40631,614.6555631563432
40632,191.50290180860503
40633,227.93628750842868
40634,207.61374057126497
40635,338.60603649150227
40636,144.92264042008873
40637,123.51235362126954
40638,157.1242618731827
40639,278.2441191507375
40640,121.80878211326954
40641,188.35601168149455
40642,274.49084865607585
40643,236.92170743341615
40644,263.24733380578726
40645,954.1193696407461
40646,226.78792119813676
40647,198.31184896783296
40648,178.2861740732261
40649,68.77856454447098
40650,173.07249551415146
40651,247.26146411457344
40652,149.94993536479478
40653,475.1227179127437
40654,114.09646051712474
40655,317.691481476253
40656,190.0621023441277
40657,350.05838150279214
40658,104.20602795241203
40659,266.2362910631362
40660,152.42560201576313
40661,185.62584269562157
40662,152.81476018654132
40663,171.5817218004306
40664,128.57001794276826
40665,134.4848220428592
40666,161.15028575588073
40667,176.7639978977373
40668,148.15271557896156
40669,227.77610866887053
40670,269.8194697955856
40671,420.05037770227983
40672,195.0923437201682
40673,351.3054325742816
40674,243.30582954367833
40675,142.20177950478228
40676,377.4469742508831
40677,597.3553213224777
40678,419.9176139214106
40679,240.72962495068722
40680,375.56731473924486
40681,152.78113306660202
40682,248.405544882055
40683,117.20334787496103
40684,225.30965999326787
40685,143.1645973979171
40686,297.21840050486446
40687,98.97584091208135
40688,241.81379030139615
40689,508.9067527454232
40690,184.84093712653748
40691,190.20515731602882
40692,324.6377529188774
40693,195.8653353901609
40694,88.31278392833119
40695,264.2714670205459
40696,279.33328873261485
40697,361.20430537707296
40698,118.94901873055355
40699,543.7673737430013
40700,219.310774002135
40701,219.49795250953994
40702,172.58002386264377
40703,198.99014477628631
40704,1089.6963819746773
40705,341.1457105538383
40706,217.02162772722193
40707,349.62480897072186
40708,189.16491582138738
40709,184.73375915658033
40710,350.75196003813573
40711,200.83072300139148
40712,173.6525447296389
40713,410.28491482992604
40714,168.77241042322032
40715,169.5532439473583
40716,238.6284155591957
40717,176.99321315805471
40718,338.59457899382187
40719,296.21759055032595
40720,576.4816297463018
40721,683.2922969077821
40722,220.23662653585725
40723,160.09905316752472
40724,131.54986651658817
40725,171.7987548107346
40726,352.7616282515395
40727,195.0916523147681
40728,155.547131231724
40729,324.5759021249887
40730,368.9657041023497
40731,244.27219000853577
40732,364.29950375866014
40733,419.1266892583137
40734,268.4871543750195
40735,174.64626211976926
40736,198.87346887363353
40737,210.36451340714817
40738,149.08881830071738
40739,364.84297892473353
40740,119.66353169787611
40741,243.89570788852097
40742,172.80312840387947
40743,885.6990853552533
40744,280.46309961890364
40745,152.18203639669787
40746,207.7635604586839
40747,184.39348093949218
40748,251.83122531458346
40749,117.05293744352836
40750,258.8766980246114
40751,193.594448620694
40752,176.61001741131173
40753,245.06769998195838
40754,140.96631288567016
40755,414.6598052980503
40756,257.61003935478465
40757,313.2275767918016
40758,281.79169305650396
40759,1058.428653818101
40760,723.4451952362482
40761,184.06109456076106
40762,101.40875602363329
40763,151.10322530102982
40764,436.70331712120293
40765,193.01015858272905
40766,208.45326469880038
40767,324.05948717768865
40768,239.6173748775867
40769,115.76334478427779
40770,233.61321144231593
40771,552.9410091473111
40772,259.8878457557323
40773,144.56425096080292
40774,249.5382949114638
40775,105.42200290073693
40776,181.60162652970033
40777,303.095801493124
40778,272.16639395558354
40779,90.20756192704472
40780,215.23429808826523
40781,241.87284180152474
40782,211.0813008733127
40783,227.02785767141228
40784,158.1108236864078
40785,159.382727700959
40786,312.883041361922
40787,132.74914140057533
40788,276.3933866516018
40789,194.73249680532888
40790,202.81897151461385
40791,203.75723905295584
40792,171.8824243975864
40793,241.01676050215346
40794,579.1882435736887
40795,220.5404038317011
40796,138.2529892358588
40797,131.58962904246866
40798,270.4200606366159
40799,695.1946161894912
40800,201.80033213099333
40801,330.57454415836366
40802,258.3354013736458
40803,208.85546898720895
40804,325.94377491055036
40805,112.07248637957095
40806,211.12662927735374
40807,132.65459367848302
40808,153.43945058877446
40809,195.5047759622325
40810,158.58604681753633
40811,272.15518281644273
40812,207.94775158028685
40813,237.59003711931786
40814,224.5369099134495
40815,241.2717714277166
40816,900.7046510861265
40817,166.83338585695816
40818,192.1381683664819
40819,115.07559275613976
40820,199.1920420769086
40821,342.03552011622884
40822,214.63285421351048
40823,143.26812325737893
40824,337.001470340928
40825,232.38235944278966
40826,102.15564330876414
40827,165.7487091077931
40828,186.1240130638237
40829,183.76091412460195
40830,80.03627425004096
40831,373.7380740235019
40832,251.9333745400148
40833,372.8321821180829
40834,174.62279299222087
40835,264.86309354318513
40836,366.24310385564394
40837,683.854434406508
40838,174.14920678379488
40839,412.2578268355307
40840,233.94437475647808
40841,119.25795766133263
40842,155.67132998705745
40843,230.09297779946706
40844,792.1872896363919
40845,577.7811441201567
40846,148.6080712770258
40847,307.97778959192215
40848,167.72518894356514
40849,179.98819109140402
40850,574.849402797411
40851,384.027003695548
40852,103.01002335389735
40853,133.82304729167853
40854,151.20298613469166
40855,397.57100440281243
40856,463.75969405046595
40857,222.42098919860697
40858,224.09378545930792
40859,121.78543616532274
40860,165.51718035853224
40861,327.47159567305056
40862,215.97019286282614
40863,134.87785837035872
40864,193.07610835561167
40865,215.65835355041438
40866,269.4197479693462
40867,557.1673144908054
40868,223.64461149226196
40869,221.41558418113652
40870,161.24246163023352
40871,203.75193865852452
40872,172.18815423092389
40873,109.66589250843872
40874,164.23798327499645
40875,219.02522590108762
40876,284.3263520157071
40877,197.3057394071201
40878,130.61646844911456
40879,178.49873450759432
40880,227.34729553873672
40881,451.18520947159345
40882,268.95402743842567
40883,285.17787642413793
40884,200.32106100205212
40885,187.3450935141896
40886,1159.5765010027062
40887,240.0470116948682
40888,168.40205185394478
40889,215.1116202802128
40890,123.98813226397789
40891,171.02420180740904
40892,256.0936524482953
40893,363.782352272085
40894,251.45910635979092
40895,300.99838137779085
40896,455.7933837209969
40897,513.2585177451372
40898,181.4438042462238
40899,239.7730624329259
40900,136.8397522424443
40901,304.3811650995292
40902,205.9569034621506
40903,370.2007208769069
40904,162.2817533528754
40905,220.71798762391512
40906,146.9271960709978
40907,138.67678821142198
40908,290.05816062939243
40909,870.3369779326792
40910,557.6833765956568
40911,304.1255080906001
40912,177.5644977792996
40913,271.25576222141984
40914,191.15816577021766
40915,281.21662149293945
40916,353.9691093613305
40917,241.28697546504551
40918,155.02834605070217
40919,361.26441009351174
40920,265.79226497368705
40921,257.8791877141413
40922,185.74412570482946
40923,127.53319578757203
40924,240.3695708328291
40925,113.5768909270757
40926,152.65993515387981
40927,276.74827032485643
40928,248.94181982944053
40929,104.56326084422648
40930,243.2880774449108
40931,236.22976230683608
40932,145.32844503187087
40933,148.33677435832493
40934,696.380119223955
40935,87.52542326353884
40936,353.32388445196966
40937,380.47425300260596
40938,268.6925089787765
40939,374.0335494772787
40940,200.93299493050122
40941,392.94133898421865
40942,100.04605270365359
40943,138.1163325829413
40944,310.76587959948574
40945,300.56016491619397
40946,770.5995669112897
40947,225.11813193325952
40948,111.48343041652689
40949,177.83780757213106
40950,238.17276040880535
40951,171.3644946827071
40952,107.1583766245159
40953,301.9568266946238
40954,267.84509715640087
40955,175.8268775163161
40956,194.42763865121475
40957,314.7039272252056
40958,140.6460236349843
40959,290.5243250301939
40960,551.0600212509025
40961,282.12868310859704
40962,293.14352251218287
40963,144.29992487483176
40964,197.26471563554225
40965,276.24901623166426
40966,132.50012946665123
40967,269.4382324273897
40968,153.43223568373227
40969,382.5842586055437
40970,164.81074155283284
40971,285.5753156541532
40972,212.42586814626165
40973,194.24062166044533
40974,630.5141242681683
40975,221.96996967325586
40976,192.12767456928012
40977,255.38319870689818
40978,181.77399524408114
40979,374.11976762497926
40980,176.25226831278724
40981,425.892378985797
40982,214.30316037077222
40983,141.86968214786037
40984,238.67830374393338
40985,269.37480877974355
40986,174.96674601642442
40987,216.52087207001628
40988,74.65151939171186
40989,380.56063742263115
40990,148.72250987418687
40991,256.0935354231855
40992,333.63608987833544
40993,292.9875576153944
40994,146.31283779694334
40995,436.0795656710998
40996,159.49535584445937
40997,194.89694879971225
40998,194.0949746893399
40999,162.83042189094485
41000,318.2315042166273
41001,92.93701092483758
41002,854.1027984585572
41003,94.98099439340308
41004,127.72318863050141
41005,312.0678668066503
41006,194.33576070200107
41007,197.86317301697827
41008,146.18517301019708
41009,872.2703838574943
41010,279.57118009743436
41011,146.3238677113123
41012,585.246022648102
41013,151.54980775062646
41014,151.19465025435431
41015,165.95230008496657
41016,756.1696687343823
41017,209.767880447474
41018,240.0583997733895
41019,172.70039079042004
41020,259.6718665694052
41021,345.90830158827174
41022,140.86036283244306
41023,193.7365676460045
41024,649.0048436008811
41025,363.62966351832983
41026,218.6347986781106
41027,199.87083146737254
41028,156.62834374842035
41029,229.26668131411006
41030,143.85718130502661
41031,105.7965264300789
41032,338.37789126469727
41033,287.1974882502059
41034,310.898658819766
41035,332.21285597932393
41036,427.28063784545714
41037,205.71643877430813
41038,715.0443859329663
41039,164.22442425834
41040,268.7146635728132
41041,256.93579740323077
41042,191.65713950837025
41043,183.46204148373582
41044,432.081368806181
41045,833.7124741758212
41046,284.67473588472683
41047,180.95516440737666
41048,407.7068520712299
41049,182.23827189472527
41050,104.35229420866382
41051,180.95373068089097
41052,204.8668260759895
41053,368.8022376614213
41054,410.10029863975774
41055,137.35200180509128
41056,455.1343657931048
41057,334.20016097777614
41058,210.4337067148988
41059,140.602022358563
41060,224.43392357019553
41061,233.93513697342252
41062,268.3253492698249
41063,566.6992745384448
41064,173.32913615020348
41065,222.9490436645856
41066,370.34757874291677
41067,695.341663726439
41068,160.05796543233296
41069,189.36853854182118
41070,193.019506164983
41071,288.83833824010514
41072,258.93579962935536
41073,124.34401263259294
41074,299.1930928289117
41075,186.35811197271278
41076,108.20756834892504
41077,274.1286585588878
41078,156.68870429564987
41079,579.4803297687446
41080,370.1167048830256
41081,175.15840583482043
41082,93.37135477764583
41083,270.8556430077986
41084,306.96194649460074
41085,445.8563209274448
41086,152.47678569404073
41087,247.31699199316077
41088,171.2415828972842
41089,143.77224333392098
41090,327.6644710566296
41091,503.27365480931826
41092,266.8376058902693
41093,291.2175428365585
41094,128.11971615308764
41095,166.59476268872888
41096,248.16967475112062
41097,112.50937313754106
41098,138.15005788244412
41099,447.3633508850558
41100,199.26917160123614
41101,161.40182132734012
41102,250.41449407007542
41103,272.2230763682415
41104,393.1833232466957
41105,375.4531050504315
41106,313.77953322827415
41107,154.3047960326189
41108,157.71515803046822
41109,787.2214208710575
41110,606.4928434736482
41111,94.70403341996267
41112,982.2255500622657
41113,172.02975365726576
41114,592.5171962672217
41115,317.9464326046383
41116,178.60523534631332
41117,201.55688520070296
41118,236.8280620758006
41119,325.53190602510085
41120,310.32199022404683
41121,88.50830793595638
41122,153.71412932605548
41123,129.22699099916105
41124,360.6692403146363
41125,321.6208074141195
41126,191.05326767003245
41127,94.01150314603282
41128,172.80624297035715
41129,495.12516784191206
41130,268.36007767754506
41131,400.26977791702546
41132,170.89548297949224
41133,116.59097296296034
41134,368.82495979321243
41135,120.15224572231529
41136,390.6753450108587
41137,255.2355028759655
41138,894.3018693344685
41139,340.0700394537362
41140,132.38411973184444
41141,201.36573383899636
41142,244.8290692954105
41143,343.28903660492483
41144,145.0648050226317
41145,155.45680071729907
41146,160.49919006463588
41147,290.3743482423036
41148,151.79514505356576
41149,604.9281978208124
41150,123.0814006570239
41151,169.43934275706798
41152,201.25389557819807
41153,265.3554539962651
41154,278.92117043652564
41155,178.14546786178153
41156,496.2246956021332
41157,185.41587654057534
41158,129.42476329282172
41159,442.22116522183853
41160,269.35996664593165
41161,192.97910297859792
41162,589.1761138426754
41163,159.8776828383169
41164,167.6493282300449
41165,196.79955683320588
41166,627.4970496630738
41167,367.4835917612273
41168,635.1761953553371
41169,261.71543380447406
41170,746.0553502668716
41171,164.5621322565172
41172,163.19987444955495
41173,420.7744024541456
41174,163.9720725476759
41175,161.14915077863066
41176,209.5852929349037
41177,239.1058732468778
41178,166.52225727858607
41179,347.3271670659281
41180,154.1244938482632
41181,313.5860085439864
41182,119.37182852341611
41183,310.50610996210276
41184,336.16459922920774
41185,177.89589746644063
41186,256.48267756602996
41187,410.144082781813
41188,659.6791532445822
41189,490.6830736683701
41190,137.7797292390017
41191,245.47997186516815
41192,681.5752135376016
41193,154.88935799889026
41194,315.74799999195415
41195,224.11199507781865
41196,316.70168108859787
41197,324.2020151865358
41198,210.96639752943346
41199,260.56579449461
41200,184.2379108417878
41201,187.42967979981512
41202,936.867555551046
41203,152.6724317277481
41204,167.15771329150957
41205,206.85412889039844
41206,1075.1188576408645
41207,203.08378510531608
41208,145.32351828035206
41209,130.49994764076607
41210,201.3941686139944
41211,222.5377798421753
41212,151.60063581926173
41213,167.3033293903663
41214,129.65921631297317
41215,157.8708879562037
41216,157.63448675326413
41217,313.87127252133644
41218,167.1217318728245
41219,199.51628815224075
41220,177.9733761299407
41221,246.62213560295643
41222,179.2155926239263
41223,309.1947911465219
41224,672.834574737333
41225,437.93775223534476
41226,331.4192079690064
41227,180.58786508082986
41228,141.90185055252093
41229,240.3387890576028
41230,178.02188192423048
41231,120.82118775365191
41232,268.8456799013962
41233,798.656862427936
41234,315.07144122848933
41235,346.0383003468326
41236,211.19420934655787
41237,296.0948477347921
41238,192.07371875149806
41239,193.83878113372117
41240,187.21687186379256
41241,281.45690606705125
41242,250.35453551432227
41243,166.0575552516774
41244,233.0532415709837
41245,192.69143233589475
41246,201.65398094777888
41247,160.34560872882892
41248,174.20866441577996
41249,513.845524707204
41250,389.5018179005554
41251,139.4134768354604
41252,463.58223188343675
41253,551.1739057895945
41254,102.2971517040375
41255,185.21180410576102
41256,244.17239879617023
41257,311.2692670492619
41258,371.5299127749014
41259,257.8857161144375
41260,504.7616790260861
41261,271.8055318358573
41262,128.877822616239
41263,936.7658071074507
41264,529.9806591672607
41265,140.967815580727
41266,96.941236819023
41267,239.95404656323916
41268,271.41569490642377
41269,171.9840984781937
41270,134.10462655927626
41271,226.26652523270621
41272,592.3400380024644
41273,362.4645716526485
41274,150.52277127125893
41275,541.8977171447877
41276,529.3010147274636
41277,129.22694842685308
41278,215.52335490744727
41279,211.42908203606748
41280,151.94921081695605
41281,170.14946682270096
41282,121.70535069867213
41283,163.22691979805816
41284,149.05623411812581
41285,141.76853916367548
41286,156.56344315976753
41287,117.18521077914998
41288,367.56311861925286
41289,383.59355258300485
41290,295.21859158284065
41291,390.4785725685339
41292,313.6538680412634
41293,171.75463909973314
41294,504.9378977428885
41295,194.46849190322263
41296,100.61319215549666
41297,169.25832899449568
41298,365.344307210325
41299,419.8645029630132
41300,131.50130598579537
41301,445.45013798702786
41302,196.19685224988496
41303,228.32210617375117
41304,251.93605785096491
41305,146.7934073790132
41306,152.96014646319583
41307,515.9247651735038
41308,170.2355367030679
41309,247.9180471182379
41310,397.4694197715509
41311,138.82257989275914
41312,408.2189769631552
41313,729.7379606744229
41314,359.25429606900565
41315,181.6929732137912
41316,99.65187779660323
41317,279.1079752446631
41318,185.14976151131685
41319,173.55727403556457
41320,160.92526029823085
41321,442.6667835817115
41322,166.1954294610221
41323,253.22728720984773
41324,314.7124876405385
41325,225.2437440233578
41326,307.56381925726635
41327,292.86578746172023
41328,149.87682517598893
41329,346.2796560741593
41330,439.3558133942932
41331,624.6840545682031
41332,329.7554725928701
41333,130.25193355859997
41334,1553.4286357801736
41335,230.98037832771033
41336,292.44507083630793
41337,1488.7785991736027
41338,414.7070056994104
41339,792.4065416248565
41340,251.2998258129511
41341,403.7040567652508
41342,410.7677096941943
41343,336.92718131639964
41344,201.46571390256366
41345,551.1446750717807
41346,197.39976390338026
41347,93.55718702008325
41348,261.89818022432644
41349,583.9053505074529
41350,295.7749805154756
41351,211.81659228245096
41352,234.96730065900977
41353,278.5499407835994
41354,911.6253388433064
41355,263.923882400206
41356,1075.6298604770136
41357,221.02891600966868
41358,579.9694484536117
41359,202.69359746440438
41360,321.42361654396706
41361,138.0479698157615
41362,223.21747230870218
41363,272.7142093231321
41364,185.44520269126576
41365,123.88377195451349
41366,223.53270179084586
41367,434.38351195449405
41368,312.3792367461619
41369,228.60120184931387
41370,73.03803037965315
41371,126.76652155034924
41372,168.0429757811789
41373,770.136993310819
41374,313.329674466922
41375,336.0759842618638
41376,157.67287007331797
41377,314.44080384293943
41378,309.63334300176604
41379,192.80557645915033
41380,356.26475697630383
41381,206.70803950444704
41382,830.1297827949111
41383,194.3034565660818
41384,290.56164009284794
41385,223.5476807658124
41386,287.16435589619005
41387,313.9198377660396
41388,194.35743212872703
41389,1421.3597044536682
41390,532.4026428954004
41391,828.6997919541866
41392,315.64383396917424
41393,139.28314130845166
41394,289.25134202068995
41395,174.25376637341216
41396,202.05031784443747
41397,182.58296463108832
41398,241.13232137272166
41399,222.02095194895094
41400,317.52967013142444
41401,168.8881135751641
41402,150.45301118440102
41403,254.99612384258765
41404,491.9808118706896
41405,117.09294391174399
41406,162.66249131748756
41407,226.9387269418317
41408,160.5265021004537
41409,156.51818847715515
41410,581.4803130230081
41411,224.59328284664932
41412,241.49793276523994
41413,500.40552718519945
41414,210.40886310512067
41415,149.1796707143061
41416,339.3563047777909
41417,290.90188363212275
41418,474.73084283854655
41419,163.81454038642806
41420,199.15983436071633
41421,200.9325440023704
41422,139.29662503646557
41423,448.8908031416032
41424,242.50996064382147
41425,122.94506429602298
41426,1265.7686193792285
41427,522.7642169325112
41428,153.54655380741985
41429,199.28325220372147
41430,170.05093739810718
41431,153.04571663500846
41432,394.51724295572643
41433,129.03033059426232
41434,252.928079068247
41435,205.69667473600128
41436,1117.0444674839684
41437,146.6382364094312
41438,789.0970001986467
41439,132.84619420394938
41440,118.37307324385682
41441,66.20644980608954
41442,203.1200778840783
41443,149.35150287672587
41444,234.9086972390536
41445,198.110106308457
41446,337.2135696020732
41447,339.7473337135415
41448,402.0890052453209
41449,148.61153492858705
41450,896.8582034844819
41451,442.6076215517648
41452,277.1704983803085
41453,97.43488971265162
41454,201.16931466403537
41455,125.72350155160053
41456,445.03755598292247
41457,235.898411921634
41458,210.4416551947484
41459,405.0482251285098
41460,175.27248399351683
41461,158.4758893300895
41462,125.88474775769402
41463,189.2364594600983
41464,136.23372232086376
41465,120.93792496467974
41466,212.80026861596278
41467,213.0823668871503
41468,232.122977684278
41469,175.81515088899792
41470,200.0158662218941
41471,232.30491534030193
41472,154.39041831574713
41473,262.35592209622945
41474,375.4512155363498
41475,927.7971854171411
41476,117.3208284312175
41477,482.71313792557385
41478,402.853176299282
41479,1027.2227764083127
41480,538.5191266413802
41481,210.67811662610472
41482,1000.0200778038959
41483,257.66584580546026
41484,483.2912906591621
41485,543.2181105812807
41486,155.41922154898947
41487,169.88788049751085
41488,367.46947985222675
41489,538.6989007848921
41490,322.40509478154996
41491,355.93943782097716
41492,361.3100127497142
41493,293.2419797429819
41494,472.64125637019697
41495,155.9110483484275
41496,135.74205061767032
41497,131.21277180747393
41498,622.1065120200316
41499,470.97439808719145
41500,273.18905590668146
41501,291.07023479371856
41502,134.96743401975795
41503,706.5952956459149
41504,347.9454360483991
41505,125.5956772478718
41506,133.54996350313436
41507,291.55894374474536
41508,181.11196076657416
41509,167.63372339057847
41510,220.10320304303536
41511,379.3785793459776
41512,137.76126588150942
41513,452.8974119927242
41514,150.4858486628816
41515,79.33820784013312
41516,175.6199265151804
41517,377.87514725174447
41518,128.01146897509284
41519,320.7901936969734
41520,489.69771883608297
41521,212.23709687595226
41522,112.28407559890968
41523,406.74866265108903
41524,243.91049058740646
41525,149.25684495613103
41526,123.71919511338248
41527,145.5113247700291
41528,206.7343255326693
41529,222.8348918500082
41530,203.08373585920125
41531,199.09310582210819
41532,167.02389612011697
41533,223.33582197594114
41534,675.1827957433711
41535,153.80273475514903
41536,114.38111268127666
41537,177.0686533435587
41538,309.84874728995294
41539,316.4718189761289
41540,280.9785385080455
41541,256.8502933496833
41542,195.56162742267912
41543,447.74998878126075
41544,148.2246972908153
41545,304.7048854929346
41546,145.2885064913175
41547,350.6204089437397
41548,146.1175419031646
41549,249.6348240522117
41550,172.7559514240753
41551,322.2180185287388
41552,363.8820693949704
41553,473.98360033809564
41554,340.5094228720241
41555,837.1760415082092
41556,595.0651309359815
41557,197.9819391999805
41558,141.72439355058904
41559,167.0739432903727
41560,710.1381432150665
41561,565.5396091307052
41562,148.27081807009213
41563,147.29148309884732
41564,198.26933404436843
41565,122.62670159734719
41566,408.50082170621897
41567,166.18672570609218
41568,335.6636053077189
41569,160.15641723878167
41570,255.367856449313
41571,121.3048948815962
41572,655.5607618870674
41573,170.71857730267314
41574,238.59953517944055
41575,170.35194080996726
41576,146.2488345698943
41577,332.6921588902296
41578,190.9138255726603
41579,174.0489049734016
41580,583.589458378921
41581,479.33606047186083
41582,315.74606888610435
41583,173.984863392533
41584,326.9412522951146
41585,402.44758155461705
41586,152.8089606135162
41587,743.6162220418271
41588,237.79636728041834
41589,293.09643350720364
41590,261.84978266770827
41591,312.7172513960993
41592,524.2809416593122
41593,265.87753643243053
41594,246.96039377780164
41595,1251.8825738999979
41596,284.9039264617401
41597,181.01608580478168
41598,146.34600107358042
41599,178.0340547643985
41600,328.47726151066973
41601,365.69419213242145
41602,562.2300924294755
41603,806.6832171657405
41604,474.64531092922624
41605,280.6787797110634
41606,186.55816569632557
41607,216.68937327030844
41608,140.81365383602008
41609,155.25108149456045
41610,168.3069003955009
41611,132.48108100514605
41612,385.0555210124592
41613,286.5266309672003
41614,262.9871926271411
41615,311.10121692582044
41616,202.6856825026275
41617,290.021395070422
41618,268.5563617849178
41619,335.6067238881209
41620,240.42170929003896
41621,418.6891373681239
41622,181.72452759024983
41623,435.62138399819423
41624,185.316015828425
41625,187.89963706342309
41626,158.49997016723702
41627,573.9509467132806
41628,271.14129688285294
41629,150.15234894137276
41630,154.53127281071485
41631,95.48702771987195
41632,367.9746803783871
41633,194.0810540215265
41634,299.6215656901689
41635,298.09990000839537
41636,210.92511871968873
41637,228.3818963562453
41638,165.30258729130034
41639,170.57757034086833
41640,275.8858576157221
41641,217.06155454058992
41642,938.9164429548679
41643,1019.9955619956909
41644,265.7830111523819
41645,251.30863412187992
41646,284.2290442132639
41647,185.02048296660485
41648,244.359747028345
41649,131.02655850398807
41650,130.2745843010131
41651,522.2088291864953
41652,265.6030853342585
41653,264.4160905304824
41654,598.8170973134662
41655,156.5461689377157
41656,352.9016988988912
41657,144.82976616659028
41658,670.7808058369478
41659,148.33853913421524
41660,193.79696391812303
41661,128.74870140151415
41662,150.07931565327476
41663,286.55335370291
41664,600.076558073829
41665,255.30627389372006
41666,188.77667288247727
41667,66.97493371925852
41668,195.94547965071476
41669,365.9362248557716
41670,430.68606279665437
41671,1637.1923721599992
41672,197.24959020633324
41673,170.5470448983787
41674,217.06618116962593
41675,262.506254337889
41676,128.9214440917008
41677,380.1082050575738
41678,172.03124989211153
41679,223.64137163392877
41680,121.03558446059064
41681,129.52587817623694
41682,111.48345497359601
41683,193.977810021273
41684,446.5604839962056
41685,101.72661672708085
41686,308.82894653731523
41687,465.00356876293114
41688,191.02165463596066
41689,128.38709984898608
41690,148.37080328220517
41691,2002.0882869676245
41692,501.40797135092197
41693,266.0648399701182
41694,104.44973862696153
41695,294.0928768848251
41696,1119.9769842422477
41697,222.53828979992005
41698,531.8950097845837
41699,231.07783430390086
41700,316.96455832319504
41701,68.86189697856108
41702,232.16543810763594
41703,475.870513319543
41704,84.80285989338866
41705,179.20406431834985
41706,135.75457980307075
41707,383.5181268817325
41708,462.39468668871075
41709,219.25814375517297
41710,259.0665929107707
41711,331.5618752870483
41712,252.96772543999631
41713,631.1025794434105
41714,101.28600101407244
41715,81.69300954501816
41716,195.59987050838154
41717,244.57948438805488
41718,302.3842672340167
41719,178.2876583171151
41720,259.520842351026
41721,283.4512823274723
41722,113.10089940050081
41723,242.85760931628263
41724,131.40459838638347
41725,117.50116705396088
41726,198.09708561966215
41727,183.5575120355111
41728,298.81555134541037
41729,170.27196895598863
41730,278.3375905120701
41731,157.925247564277
41732,338.92697325309877
41733,119.06364589146398
41734,461.7398636888548
41735,261.5966314196417
41736,200.1313840391201
41737,238.6392199683091
41738,179.61740113171183
41739,325.1021960355687
41740,297.7811503691092
41741,217.3006193761256
41742,234.67875114133673
41743,510.5790369566074
41744,173.26077521494085
41745,513.3855738880857
41746,808.2580164261092
41747,180.47012428510766
41748,208.87968213609966
41749,179.14185707247117
41750,145.32873949736924
41751,241.8532418634465
41752,278.8386133638346
41753,141.03336795337228
41754,208.88548425194145
41755,370.159994335551
41756,65.29640939936509
41757,149.61393092637508
41758,318.15386425800455
41759,143.60970893291048
41760,502.96989116568125
41761,1243.0779520758333
41762,184.7046413488958
41763,962.8654044721305
41764,229.4090513960602
41765,343.2721247983805
41766,247.22530735677387
41767,410.713899619844
41768,977.353553185671
41769,309.215283289758
41770,358.96499242610713
41771,192.9684419021962
41772,359.3985715725562
41773,203.2119662674878
41774,403.14701769593466
41775,235.72937799759794
41776,453.55661748959176
41777,115.91798430342784
41778,382.3148967168714
41779,259.48542692434324
41780,160.79036736206731
41781,227.10859156621416
41782,130.15944616538732
41783,415.79692223119804
41784,154.40991309167478
41785,302.13413107407536
41786,459.59392011582605
41787,274.34757748617835
41788,348.19986734515703
41789,167.221097758256
41790,259.3323325411129
41791,480.5842426165659
41792,111.03578943173613
41793,115.03067672067742
41794,335.30596962415774
41795,296.76723323167965
41796,146.36161617154943
41797,190.88734035283247
41798,603.0756519375213
41799,129.9081074974463
41800,215.5972504895627
41801,132.91154596792356
41802,228.60845232208015
41803,237.95543546412912
41804,198.08419657598577
41805,175.92790786042676
41806,317.15903893105525
41807,232.06613279549646
41808,241.67406381367047
41809,172.60272527803494
41810,312.4211330168201
41811,127.45363992674265
41812,452.1286456238315
41813,181.10298351259576
41814,170.94444129619905
41815,100.04662947859373
41816,204.8867769788615
41817,96.61161172524015
41818,406.6648451264252
41819,133.52888264166845
41820,431.69741331966316
41821,240.69506534273424
41822,310.63192034761903
41823,269.7635396962421
41824,180.56127321533512
41825,469.4520019948896
41826,256.2710621048086
41827,112.83351490117036
41828,415.69009113031575
41829,118.29855703816365
41830,179.27258058241955
41831,684.2778013884622
41832,147.8943055837624
41833,215.82877551693258
41834,190.54620394513722
41835,185.44964396858677
41836,185.40144537884245
41837,416.60477990582956
41838,680.619640608046
41839,1642.433899291572
41840,444.248366748789
41841,204.36756978295344
41842,346.83179018159007
41843,178.91469377623136
41844,151.63067313990413
41845,186.35476111357718
41846,221.19795765278144
41847,227.9554460372836
41848,147.78230138516372
41849,147.58838288448504
41850,153.06660767452317
41851,1216.5326953720016
41852,249.41814581213058
41853,253.48274385112853
41854,184.41794071892429
41855,417.92584319076286
41856,302.17829594072197
41857,195.73300971637946
41858,175.01750913731576
41859,178.68453706285473
41860,138.78455411267333
41861,132.8483818363671
41862,344.4043169307073
41863,232.28613079427336
41864,227.8337079881163
41865,84.22702956958159
41866,308.32009769043475
41867,242.3294716377096
41868,1400.0223739762343
41869,174.96654928075932
41870,517.2235825500626
41871,100.30949262371303
41872,207.69181549905403
41873,329.08623657612765
41874,149.50256431968614
41875,159.56700571746637
41876,456.40528770064026
41877,304.5049154924137
41878,221.05189081740454
41879,680.1570521779162
41880,590.3614962440538
41881,163.4751100111815
41882,193.0312859015369
41883,189.36087100041064
41884,406.30915363243054
41885,244.23087991118084
41886,1290.1295532495826
41887,353.6810608102837
41888,450.3383226242629
41889,221.28183630355815
41890,190.85237698716813
41891,286.581007813856
41892,217.6057648683918
41893,117.99195924551175
41894,209.66108258669627
41895,440.7175391907512
41896,312.74984844070144
41897,93.56230296183061
41898,300.69717932777996
41899,110.54813243781314
41900,236.76131352716138
41901,476.1349615473315
41902,424.2893093172024
41903,283.7901579740548
41904,158.9974725076562
41905,155.13058956584993
41906,172.65487245598533
41907,732.0040077887733
41908,837.2332797359202
41909,290.29636204815154
41910,150.01373888584743
41911,177.32759700393044
41912,88.24890794449502
41913,217.87337919133898
41914,111.91037919433657
41915,265.2833414839677
41916,248.6159537254925
41917,115.4392298030539
41918,200.27784546673598
41919,81.778434059495
41920,284.83114207645366
41921,109.3010477942817
41922,107.02804183408368
41923,120.58131177722234
41924,372.30498467559596
41925,252.48866196787293
41926,287.52404958347677
41927,158.79904515831228
41928,359.71631556323706
41929,139.37989386271556
41930,126.26764597770102
41931,189.85264454254389
41932,153.79538605921644
41933,312.935130387252
41934,182.03139052288137
41935,217.26069168518484
41936,205.53678842852995
41937,104.7555081723792
41938,398.47848268725227
41939,126.78698778057519
41940,584.493990808335
41941,128.89489384803207
41942,123.72826067546579
41943,179.88635131187166
41944,111.24404738280289
41945,168.48466854283876
41946,161.90465491468976
41947,161.14625437176335
41948,158.4724839038448
41949,214.82860372370698
41950,223.09543641147374
41951,105.10177888647992
41952,197.80092708345055
41953,312.2667214934454
41954,126.60331939284592
41955,229.94949286383547
41956,89.25817738297181
41957,234.04749240480328
41958,286.00775037976223
41959,187.29646843115543
41960,518.4230687478863
41961,652.5045337016047
41962,283.794128804229
41963,195.830835804155
41964,297.9634022859
41965,163.45710929317858
41966,319.2777750763237
41967,261.9849872951811
41968,338.12159290463904
41969,336.82598154713185
41970,106.36592698721272
41971,652.0753615586799
41972,249.62084028986624
41973,178.81532572150678
41974,830.6764456816325
41975,268.4689137701099
41976,555.6792964879949
41977,94.4955272896204
41978,163.90767705480732
41979,314.4837673189484
41980,96.39372150172011
41981,325.4622750995285
41982,127.03829337615352
41983,250.68776233897796
41984,106.61604379997138
41985,437.4965798254325
41986,211.73171816023168
41987,147.4444188312278
41988,156.01872722376024
41989,230.9793416017447
41990,84.81836343908469
41991,1115.8240627814816
41992,351.99638061007744
41993,252.95356038002896
41994,336.4968336238101
41995,302.6340497167706
41996,183.02132550935934
41997,318.82117042536044
41998,311.5568956398919
41999,256.268138351948
42000,116.10383433837498
42001,151.46216600040893
42002,248.0352645410307
42003,251.01585305562293
42004,154.9672419733739
42005,422.62553297838815
42006,192.3795248431653
42007,152.98504530009214
42008,210.45732518866959
42009,202.23342215726086
42010,334.6368417582508
42011,136.5565656454056
42012,221.52367494402324
42013,273.64499881416253
42014,439.085235713395
42015,154.25027563283092
42016,246.82631399396263
42017,198.4552798720411
42018,205.5666087767453
42019,124.81713476572486
42020,322.2749381785253
42021,259.82543023465405
42022,315.9244159127063
42023,240.05377420700017
42024,312.77359760065644
42025,112.76058248347772
42026,365.2601811564445
42027,166.09684577405608
42028,177.55628253761967
42029,203.77008776399876
42030,157.69575548681266
42031,392.3086775551113
42032,137.41469278348868
42033,149.226877359138
42034,183.16295557680556
42035,81.51816827387873
42036,161.60457729113344
42037,201.07939257116777
42038,291.66877126832986
42039,112.41620462069582
42040,408.13898197268065
42041,495.14351181096197
42042,225.75444399435935
42043,405.9768215418207
42044,199.23057832995494
42045,136.02367252342768
42046,156.4030246742203
42047,191.52985073325146
42048,122.16256504012637
42049,222.0048955430743
42050,377.9205006711193
42051,127.18539538380844
42052,235.93842197042235
42053,245.71558384090497
42054,328.4121519601298
42055,316.476827381156
42056,318.0197602056447
42057,182.64944486097946
42058,141.41568616705226
42059,1102.5681339879097
42060,266.2654226405781
42061,155.0700924980135
42062,151.9492902306977
42063,184.24751632626976
42064,131.36430989569337
42065,223.0021313605986
42066,282.3872177699915
42067,128.5561771745523
42068,104.569322245211
42069,263.1515789555019
42070,121.2157242274149
42071,146.79170706515427
42072,665.9183645071424
42073,361.6517989507167
42074,88.54077502302349
42075,129.06611958469108
42076,225.67516516254048
42077,366.323481922762
42078,157.10131617376013
42079,136.4846060912338
42080,1470.5680397093813
42081,303.43009381679803
42082,3573.9300762906123
42083,132.73016314649468
42084,1030.9558412818542
42085,237.54827778060186
42086,217.63510727303856
42087,569.4140131762092
42088,204.58437381820667
42089,398.67792085745134
42090,235.47933290274645
42091,165.78760227664657
42092,726.3713586863515
42093,159.27270570315477
42094,251.1506324441709
42095,146.9700386773024
42096,109.82186976123505
42097,136.61521188506453
42098,244.95090919113278
42099,273.76131533180785
42100,357.6162763282017
42101,183.03689008525987
42102,315.5019216493235
42103,131.76802938024773
42104,321.3378393246306
42105,122.64121273834579
42106,343.53558661137026
42107,157.93332824911408
42108,184.0215220583224
42109,324.58345396746034
42110,158.52818848875535
42111,145.4300939849057
42112,362.6188211325737
42113,152.43804753716648
42114,285.7237822493198
42115,241.25109780253476
42116,161.70778339096373
42117,250.5349549941288
42118,173.21632137632915
42119,216.46009047444784
42120,296.3295992310763
42121,306.93063867062614
42122,340.27698272130556
42123,307.70753434173406
42124,437.201492327587
42125,150.12524800407206
42126,185.71564011243828
42127,145.5815498744028
42128,112.22164259353268
42129,179.17857892542705
42130,136.96693990261397
42131,438.1817632352825
42132,321.97537782978196
42133,161.67722435333818
42134,375.08202629815594
42135,113.08792504276919
42136,178.97590852032317
42137,110.34701706566311
42138,198.1282470602423
42139,153.1590548908965
42140,223.6327722811987
42141,219.63224401161744
42142,117.87592560124789
42143,141.26538253759418
42144,92.50878208459973
42145,142.12224663329894
42146,561.6958608219824
42147,147.17900909967565
42148,126.38170394148044
42149,247.72177413667143
42150,85.56953157276088
42151,175.96765482144934
42152,364.0902604945989
42153,98.36942398781024
42154,162.08209988901646
42155,803.9866538622324
42156,354.94544388218463
42157,105.78984061510903
42158,160.91890530833297
42159,126.93325157861891
42160,169.25553919862048
42161,366.40723661510657
42162,189.7100257066092
42163,421.420100326786
42164,651.99530192305
42165,106.79432231291659
42166,665.0088933490136
42167,475.0301841095429
42168,356.29824736890396
42169,986.0581598320426
42170,280.4347451142455
42171,209.9381601313329
42172,138.96259319570405
42173,145.59585142606022
42174,165.60238827707929
42175,513.191513999424
42176,364.7529519050287
42177,127.82221459131168
42178,629.8143501468177
42179,132.686296535421
42180,334.263597939369
42181,211.0898039507988
42182,342.0635610216256
42183,253.03466473977832
42184,249.65196779378832
42185,435.18565896451213
42186,197.6323485796341
42187,120.499835227336
42188,189.7202432241647
42189,196.12666282110368
42190,337.048518492938
42191,259.3566976185947
42192,217.03482054249167
42193,140.19690917147756
42194,151.75335147606128
42195,655.1611296816309
42196,198.0952584923079
42197,217.3822404545977
42198,211.22464235324256
42199,185.06420599835147
42200,210.81130131440887
42201,551.605153834339
42202,124.33288905264386
42203,227.49574371663797
42204,127.25261961313353
42205,185.45324839136546
42206,161.75157052426704
42207,834.429385584337
42208,221.85001800363312
42209,133.56218639373392
42210,542.926627572576
42211,148.99281356039626
42212,245.9981850922033
42213,382.3561155796042
42214,418.2486415907028
42215,239.19708322184897
42216,144.176465289118
42217,179.09442226051155
42218,86.65677011907653
42219,208.5046392918939
42220,231.7833126014781
42221,173.43529695961502
42222,179.60359332271835
42223,136.3927011236064
42224,151.5491943615544
42225,181.6257236515694
42226,168.42329284359226
42227,194.2949898847574
42228,318.8365050490164
42229,171.4754643611426
42230,389.158445743349
42231,263.8229084347247
42232,96.50504845072257
42233,87.89429102696572
42234,378.1056391281413
42235,318.56298575392094
42236,241.92254035332545
42237,191.4324376766708
42238,169.07952866371335
42239,207.7090392824112
42240,209.68329882157178
42241,143.5505668948254
42242,234.86944260277645
42243,103.48467748092196
42244,331.7346772487695
42245,206.14980582964918
42246,310.5334279790216
42247,1017.4402471084537
42248,155.93338894722234
42249,150.91575329216315
42250,165.39230502797824
42251,134.89719459811351
42252,184.14532928302944
42253,182.9936259814562
42254,294.20306294135804
42255,209.1549710787967
42256,141.2388281501851
42257,191.77604328542643
42258,151.09632905747733
42259,234.61180580311873
42260,125.1420118302727
42261,117.36127741687426
42262,351.06134913156706
42263,117.8205074655998
42264,185.34864697844256
42265,169.2039111457254
42266,144.97063639495886
42267,132.262400856513
42268,393.6415064077224
42269,146.25068905943974
42270,389.6407753178181
42271,180.12970436535292
42272,352.37134488070603
42273,181.34496504226826
42274,148.48776295726657
42275,225.9688134000305
42276,345.5967353034076
42277,206.84645054538055
42278,318.632545258025
42279,221.8037707262306
42280,182.7758239403287
42281,141.3730458849101
42282,90.83079686892651
42283,303.41994120219107
42284,641.3485250302695
42285,299.2098497104077
42286,302.03868872976284
42287,382.07801244078354
42288,349.5380757080465
42289,429.84704876824543
42290,136.57440369665355
42291,289.6615811662543
42292,445.9686195430818
42293,161.77057917894052
42294,126.19551771380996
42295,162.195666060987
42296,153.00888200767545
42297,259.85150936419836
42298,186.44380984697813
42299,65.70700895656239
42300,158.68434709722862
42301,246.7678028211692
42302,462.0442905755352
42303,224.31313208273824
42304,163.90177300954443
42305,113.3547679633581
42306,161.5054831763334
42307,273.3329918276476
42308,293.9530573562606
42309,244.88252135433066
42310,129.9539386758749
42311,197.23539223610823
42312,549.4852882837032
42313,487.58787291510646
42314,335.0321005920974
42315,470.8738150889977
42316,237.0481573300286
42317,235.98139887762957
42318,147.38099604213085
42319,739.1555506028529
42320,827.6801296360084
42321,447.045773523399
42322,886.9888905268798
42323,486.3367177795148
42324,308.1422488579035
42325,223.13900414818133
42326,198.04103839777912
42327,226.3626568670851
42328,290.413330426191
42329,261.26920002210375
42330,143.97113428267707
42331,145.3089441275091
42332,123.08407153763181
42333,288.14991363610505
42334,126.05178034478288
42335,355.23006260018434
42336,201.51130945572325
42337,125.20063944150985
42338,160.7680970282205
42339,182.506734677989
42340,143.14283275945795
42341,1961.0374322742264
42342,162.73403191071702
42343,430.8806347917073
42344,97.91669240456697
42345,251.77590121904453
42346,140.66481521145084
42347,180.24285366055213
42348,314.9316497767654
42349,223.11771415966663
42350,132.21934870774757
42351,228.5523236319785
42352,362.478055300739
42353,165.18906973894067
42354,253.55113883007053
42355,158.63325945129634
42356,231.89163571802126
42357,116.3382632981714
42358,227.7056424019937
42359,283.33937675605523
42360,101.0382232055042
42361,209.21441433452975
42362,260.7976427757629
42363,170.2895733192119
42364,249.17297720798547
42365,202.95658936022147
42366,673.7337906368632
42367,195.56343120729912
42368,352.3376746719199
42369,349.2041189559524
42370,107.97254271099898
42371,191.87932934568335
42372,348.30971364368236
42373,316.7901862277524
42374,310.1483359930208
42375,230.1351019919533
42376,171.58464960888068
42377,443.07972224519756
42378,527.9078654727011
42379,261.790246801215
42380,249.26338675734797
42381,190.83840965451515
42382,134.2312488648423
42383,201.97089714164923
42384,197.73076702256722
42385,122.72839141835729
42386,280.6362404003069
42387,326.6696686742211
42388,197.15328698454462
42389,193.55837997495112
42390,157.42535147857097
42391,131.64954402767634
42392,176.57727607599966
42393,345.1988653942115
42394,365.1967868462849
42395,315.60413004870713
42396,104.09248501488491
42397,164.9877026636373
42398,1821.1112293141748
42399,592.5512634695413
42400,695.4900231918716
42401,628.9715423861638
42402,141.1934231544058
42403,364.8819241968389
42404,329.1261674988902
42405,290.336320103305
42406,716.3189851418323
42407,206.13786898605073
42408,209.33090923415628
42409,173.62068631378438
42410,158.31959669103503
42411,223.7184036251851
42412,725.091276952155
42413,186.9458234915479
42414,218.52795342200238
42415,384.1004713732771
42416,298.3620907080658
42417,178.00112426976546
42418,136.2753996836909
42419,199.22516703392824
42420,291.00415793394956
42421,196.7752003411334
42422,281.456909494295
42423,251.6121076906201
42424,277.4747787818952
42425,1319.2753122394356
42426,265.60724321601003
42427,290.89732129100173
42428,181.25417140137367
42429,154.81834771502486
42430,787.0161185081485
42431,230.27119426935943
42432,176.81290048786508
42433,235.42094145537789
42434,133.85371712835496
42435,230.34527125683422
42436,102.229487232771
42437,125.40868323814061
42438,578.4831838659076
42439,236.80814816147424
42440,228.5721239746472
42441,115.61341899470246
42442,248.01720817315865
42443,632.3453896204634
42444,155.721313564226
42445,185.76016001061762
42446,276.2056064628738
42447,161.67803970811565
42448,386.4726924632383
42449,256.08267268860004
42450,326.13802941649544
42451,167.18558700108744
42452,181.05680097289803
42453,819.1350640719766
42454,371.6396855532424
42455,304.87647936073773
42456,175.82393699538872
42457,131.3426038972422
42458,316.1780475042696
42459,140.9907163332974
42460,1393.3534419267012
42461,121.55459457407426
42462,133.22401072172318
42463,139.40549710341665
42464,227.63619905946575
42465,113.17675212768903
42466,155.92470747080134
42467,209.8475314450087
42468,327.71354158187665
42469,519.3702085906195
42470,253.14545848593565
42471,89.20315168243448
42472,163.3640857759134
42473,210.54718656046813
42474,131.27186337704472
42475,259.67103216867105
42476,356.2608787301938
42477,552.0125630348305
42478,199.48944103050945
42479,1430.2554665307312
42480,191.90459002961532
42481,175.4883403591545
42482,243.4502539553153
42483,582.4154751017458
42484,187.24641391495092
42485,734.0349332348956
42486,225.5725962228445
42487,299.92044393062474
42488,147.21462182430204
42489,151.3868092472065
42490,190.28352086352638
42491,171.3649043464902
42492,207.02751171958147
42493,295.97661912240267
42494,188.97733383786283
42495,291.9795223053674
42496,285.5585596955111
42497,195.7674886616604
42498,898.8249392847479
42499,239.14107192992665
42500,176.9166153659684
42501,395.14746134373297
42502,355.93003122456906
42503,163.2480637814273
42504,265.20853034702543
42505,348.9310834906814
42506,179.74703550820962
42507,351.9740098065877
42508,203.58007796069396
42509,110.93974251397366
42510,269.6043143006905
42511,300.3239449625524
42512,845.3167232023394
42513,880.9181272375275
42514,270.6394807061178
42515,309.6708063718026
42516,383.5631121311579
42517,998.5415497025419
42518,222.75651924486914
42519,195.63616349831696
42520,179.8155840358246
42521,89.3458625700167
42522,257.45587611749863
42523,115.5245793896026
42524,335.7304531470439
42525,233.6791852410921
42526,447.2353343041001
42527,371.54948519768175
42528,155.33764480151868
42529,186.21498444155154
42530,260.17784234768004
42531,212.61665452901286
42532,257.7365111601013
42533,146.83708818233043
42534,448.4491681047397
42535,147.5206685713931
42536,392.3707091132172
42537,261.36673872641575
42538,144.86100891297758
42539,168.31453077637624
42540,317.6203444457103
42541,415.4798861046183
42542,260.1489728254743
42543,463.51176627042327
42544,400.62416973247036
42545,138.5231236671599
42546,338.8954406667996
42547,256.10546452044383
42548,145.03048292904222
42549,255.968469505665
42550,195.32829314716784
42551,212.15963411270593
42552,254.61960916134967
42553,151.3333708233052
42554,260.4515447634226
42555,240.37923749665418
42556,328.7895750352417
42557,140.4810919735815
42558,261.251021513361
42559,237.19597193731457
42560,223.39937523855994
42561,647.0539143841537
42562,202.32226354680708
42563,483.35307147489084
42564,178.92249832030092
42565,491.94761991248
42566,138.83823221456927
42567,373.02114672906356
42568,128.0652012623219
42569,529.5730261855103
42570,224.78363831297312
42571,260.5209268543161
42572,199.8052329855592
42573,101.1268161157936
42574,229.91742110741933
42575,152.26138249846548
42576,156.3637813275166
42577,115.285299584647
42578,275.77148819326715
42579,422.90188104416995
42580,117.21463654282834
42581,282.15327384370056
42582,165.6748541913852
42583,206.28138943996143
42584,3956.4035236733453
42585,173.18403588413477
42586,259.21899263941
42587,228.289486314593
42588,72.13070704480704
42589,243.72168348451297
42590,136.14613758526667
42591,152.1203272947387
42592,154.3312918495896
42593,188.94147937437072
42594,181.56429957684713
42595,134.61662114052783
42596,677.8731794347295
42597,181.12028327878068
42598,172.82554787098192
42599,210.34579609874731
42600,145.52124691166205
42601,225.0031602787564
42602,166.6008378601812
42603,201.1264334989254
42604,169.3466551850163
42605,232.49706580449728
42606,500.23762384611945
42607,148.66381526305406
42608,120.46709281745594
42609,295.194419362603
42610,226.24505269989683
42611,805.1569046550101
42612,220.74410667901205
42613,320.0169187467403
42614,214.07701715472112
42615,170.72050425309928
42616,229.46838369143566
42617,501.7109529393678
42618,403.4367992807063
42619,302.2154172604463
42620,313.51509432176334
42621,125.67867369064437
42622,160.8671796884693
42623,250.51427379968828
42624,736.8443050113901
42625,604.4169613753268
42626,302.2330176048856
42627,135.4829874739508
42628,350.07457831506906
42629,187.2728873638506
42630,239.29891597323447
42631,359.4618725676111
42632,190.281464914081
42633,118.5198065521982
42634,236.71849604944435
42635,812.5128367831298
42636,141.12671771201641
42637,116.45774045275306
42638,187.08708453751825
42639,202.23926120018055
42640,215.21509442056848
42641,142.6608380272227
42642,123.07997264759446
42643,126.59514799127184
42644,148.64359922230324
42645,576.6691521391805
42646,324.01070058872574
42647,220.77826417057267
42648,337.80709185021686
42649,744.7152844838075
42650,128.2441738088238
42651,170.37391885644348
42652,95.09575952719614
42653,192.32960824939977
42654,104.07629994535935
42655,153.53447558299248
42656,160.84465228375245
42657,124.25724086443662
42658,529.2343438346246
42659,133.86511674923145
42660,677.7381572237887
42661,207.10879340416656
42662,337.3469126084794
42663,177.18925889065187
42664,177.6487768752404
42665,155.15733794895212
42666,780.0322320565684
42667,561.0818630372804
42668,149.61547567393632
42669,226.54094108865254
42670,166.50103548887833
42671,124.68562026931485
42672,352.62851086748867
42673,430.9298256119053
42674,163.85898128864397
42675,217.86829132468486
42676,417.2492454525467
42677,406.6116378212098
42678,200.6839565338667
42679,278.3685421852902
42680,1003.4696030310555
42681,161.0706938380411
42682,141.86187328093357
42683,137.7797375268397
42684,198.00623387073523
42685,190.19995309964682
42686,171.56766401592515
42687,205.31648792050504
42688,94.23068672614963
42689,891.7815105729277
42690,99.78184140186534
42691,193.70377256032475
42692,750.3515969148408
42693,246.62903811680908
42694,675.4983119651891
42695,423.13365219299243
42696,403.1858779617403
42697,203.2624099498023
42698,154.22510996123694
42699,219.69763853744354
42700,214.03788727353822
42701,224.88188511849782
42702,308.5636663275878
42703,261.84949861563825
42704,173.9180011920588
42705,94.65467982535465
42706,165.53688945440064
42707,393.1228823474963
42708,520.67099802814
42709,94.1628238148029
42710,150.27976804571176
42711,320.5013237900924
42712,234.75644861340274
42713,129.00164790788756
42714,151.44483606276037
42715,259.59659870606515
42716,335.53895754104593
42717,202.74723314055802
42718,287.7491241129932
42719,260.32021786070567
42720,244.68683421660606
42721,184.13807530451516
42722,181.7834200989021
42723,195.3195724004427
42724,244.05220291434745
42725,496.4605681039816
42726,587.7815838941553
42727,269.90303540414556
42728,155.91332885465806
42729,242.14204484672376
42730,1026.069028932516
42731,247.7528816026888
42732,382.25511436313707
42733,132.38719332131802
42734,187.3527857022433
42735,227.74819125171592
42736,306.82916757459003
42737,142.0275172582151
42738,138.4059050525075
42739,357.5150949774004
42740,343.8613461207303
42741,368.0234125942343
42742,317.86876919281536
42743,250.77239954340632
42744,152.01722573530174
42745,656.2670789037144
42746,180.53553928111438
42747,138.90175127156024
42748,290.11292880911174
42749,169.48997562429523
42750,154.077719860776
42751,104.04883519409836
42752,177.90939293404534
42753,371.12578783282055
42754,415.94946581812144
42755,213.49183006016347
42756,334.355750162603
42757,311.43804732034835
42758,182.25656528484853
42759,172.9063961178565
42760,745.4271095862282
42761,280.88456609925106
42762,281.7377362049871
42763,376.9573216962431
42764,394.6359477437191
42765,140.66651396347777
42766,293.71151063742724
42767,123.83414200274409
42768,704.6461524753084
42769,372.48931008473045
42770,224.17846011621947
42771,276.8564702341308
42772,104.54606740634776
42773,283.29948263991145
42774,605.0868266363918
42775,516.0790475793915
42776,216.51790481888483
42777,233.8132824120078
42778,142.43203825131823
42779,614.8352748972716
42780,246.72348759612117
42781,235.86750322638508
42782,696.747239944457
42783,160.64919409761077
42784,138.61194863749662
42785,207.53721632762935
42786,137.14002590355324
42787,194.13321909604687
42788,230.97733690660766
42789,190.29202454957647
42790,220.3563145890595
42791,188.06470844289822
42792,365.27149266892417
42793,631.2410281016021
42794,151.40320088147746
42795,443.10952616707704
42796,191.57030195377726
42797,274.05318343503745
42798,229.00631366829467
42799,188.96763962933093
42800,96.82090931105692
42801,293.9701050971471
42802,200.0469392248775
42803,357.4776942376028
42804,230.77673348640369
42805,523.7447564500404
42806,251.35126718575938
42807,213.09961111453953
42808,160.15248965927583
42809,100.25374148002419
42810,242.11662056170005
42811,223.18983986266406
42812,215.79406429025076
42813,127.74168583824093
42814,150.0174346303356
42815,845.345619983254
42816,155.00621807879648
42817,505.44403200252435
42818,184.17061090287888
42819,263.6226364363914
42820,153.71563727041539
42821,148.871234638243
42822,317.4789141974445
42823,107.56404501207446
42824,155.84246563984388
42825,131.34461221849358
42826,937.2078843660512
42827,154.14212621504356
42828,367.2120747283653
42829,107.4175719717101
42830,117.19386679565525
42831,218.14897317518458
42832,521.9381379475179
42833,1965.8254490224704
42834,141.86246830830217
42835,208.6529395168921
42836,514.2608043751228
42837,110.81362921711835
42838,680.4808231875788
42839,141.23155836656642
42840,167.80738147866026
42841,262.96681559947916
42842,177.95778490990557
42843,304.3405187118858
42844,266.2988337724741
42845,319.55387775742986
42846,191.92339884733204
42847,564.3396127209774
42848,175.3858485733617
42849,366.45607274203644
42850,604.4127823526529
42851,217.8744447647366
42852,393.0417121407431
42853,197.49146318458537
42854,150.0205885608551
42855,183.4870342315106
42856,131.71544681641447
42857,293.6029227392493
42858,161.082308710401
42859,258.4723860470954
42860,225.23449312171712
42861,174.8704240827022
42862,182.57498039451892
42863,436.01640693187954
42864,223.47930809275567
42865,320.4759209352566
42866,154.56298453780343
42867,145.61742208237627
42868,522.6060348143042
42869,193.8604259792767
42870,188.2084827203937
42871,209.26267253116742
42872,432.958640557145
42873,124.54008674940734
42874,163.21559807610163
42875,354.2510754299043
42876,155.84120539814086
42877,347.28036776300553
42878,158.74351432926764
42879,144.00986608066205
42880,180.64941593162024
42881,304.22131384051704
42882,268.15838371477815
42883,257.7595318836825
42884,274.0272570452179
42885,472.86017715094334
42886,871.9185135961599
42887,154.12731933067357
42888,111.78052285045733
42889,215.58152303968453
42890,247.71076840970844
42891,147.96565395250113
42892,447.3621083987473
42893,132.60925368139294
42894,235.33806228902978
42895,104.47946757969264
42896,163.5071198782121
42897,155.96388873405792
42898,252.14885859535505
42899,225.00628075808712
42900,120.78886494646365
42901,96.98611354420359
42902,145.9186936020095
42903,565.672398544108
42904,218.323235775817
42905,186.3783439222644
42906,161.0679800690585
42907,784.0831889699791
42908,214.7999220635879
42909,278.82922493146714
42910,355.934315736948
42911,97.65943595999653
42912,198.3643037302136
42913,255.09011486734943
42914,184.11770110539788
42915,1317.044293079566
42916,373.87516238635055
42917,165.41997114457118
42918,304.034447703653
42919,210.012096484186
42920,157.23847313657978
42921,174.14311039045572
42922,182.01244047062892
42923,191.2161857778678
42924,239.69811344027138
42925,251.4138765607666
42926,131.2159337986061
42927,198.10788470731987
42928,183.895828377299
42929,221.97303059568804
42930,130.9479335500851
42931,428.1261432457919
42932,669.180321409503
42933,271.87449445825115
42934,424.20338230420765
42935,497.7171925946643
42936,359.7195570430826
42937,172.53471550307077
42938,362.78460761007796
42939,78.06227539145537
42940,295.1617436248564
42941,122.44150301336249
42942,305.53920047561553
42943,202.5823098069987
42944,596.9793341938437
42945,309.14916599311357
42946,300.031682555583
42947,117.39890942976636
42948,237.28435604428614
42949,158.36815500539774
42950,554.6608267614931
42951,150.2720097423385
42952,251.58282647486845
42953,341.48735287580826
42954,188.62005238867528
42955,251.36351431061192
42956,544.7379085738045
42957,290.7792550976608
42958,292.84630240379875
42959,157.8407368784485
42960,171.4101031842737
42961,181.03593515667305
42962,321.27411725496694
42963,523.1705908084147
42964,334.29237880404304
42965,313.75621175790286
42966,93.63057871141008
42967,126.6351668094779
42968,202.37398877493865
42969,150.78787566246748
42970,138.55911659618272
42971,279.42720207704826
42972,205.27351487536555
42973,215.98530469974577
42974,398.69341669164606
42975,332.56223018054214
42976,171.4629583324179
42977,289.40039356971124
42978,250.22104555314127
42979,204.5830997725575
42980,270.6699247957922
42981,227.22436162531528
42982,96.95590713472086
42983,208.06770237841044
42984,191.08566532794285
42985,288.71360535482324
42986,186.6659906458582
42987,199.95927300430196
42988,381.7699554602237
42989,282.2377521738708
42990,144.76968030988098
42991,847.0387873727017
42992,402.9127106066084
42993,130.7435419510467
42994,471.27539219472476
42995,187.95269702225957
42996,397.49660774675726
42997,103.84787595077398
42998,125.98014233566273
42999,281.75644653622953
43000,389.4790809253002
43001,368.8560047993799
43002,736.014530149383
43003,886.8801022829786
43004,171.36030674622327
43005,119.58122585871594
43006,268.4693431691502
43007,275.4534055121988
43008,207.0003414230206
43009,105.16361669105946
43010,209.55451837640433
43011,361.58138596958224
43012,224.7589426603296
43013,135.73934049724102
43014,217.94789203848498
43015,413.38417296881755
43016,192.61910653275635
43017,366.18661518881373
43018,617.5450356848277
43019,345.62441885002835
43020,934.2141006249584
43021,192.0468792795777
43022,159.36632470933068
43023,305.23606659353516
43024,155.62920755950375
43025,203.2673274021492
43026,1166.1978946462045
43027,525.8967666317677
43028,179.00798109062924
43029,433.49378906379735
43030,244.03693447859254
43031,269.4944544284073
43032,309.8266605100369
43033,104.48168158916886
43034,212.2051834066095
43035,185.29692809520066
43036,767.2219760334774
43037,167.3187787800696
43038,177.89851779077614
43039,346.3010893997337
43040,130.18189658841987
43041,248.35595642580918
43042,236.0357192718395
43043,284.76663634626453
43044,422.318469382451
43045,167.61593070489124
43046,183.70466052094667
43047,226.50206788108622
43048,297.7849596101393
43049,133.9910521267185
43050,189.56541250365743
43051,288.96035699220084
43052,229.86034116857596
43053,154.99305806135405
43054,236.35070076009825
43055,133.7506483919135
43056,141.3392782300428
43057,145.38378637627264
43058,104.14354287704886
43059,149.88071495155359
43060,321.5981257961168
43061,293.1127122140589
43062,189.05391038858738
43063,635.1947324061357
43064,220.5127028307231
43065,1340.1294018184947
43066,227.6070804389079
43067,165.20396683948994
43068,222.2370931900834
43069,292.3645779349155
43070,137.78117603778355
43071,175.70367153514005
43072,208.83724654372065
43073,248.79959920887043
43074,297.0216532406816
43075,284.57283608476865
43076,1134.0136994301145
43077,155.11589398484432
43078,466.88318148860895
43079,241.9533768708635
43080,131.66771510508792
43081,196.10786764458277
43082,575.8281982716746
43083,259.819012384136
43084,142.161905870889
43085,228.99855157295312
43086,432.34111743618604
43087,106.25245964669162
43088,227.05885672275642
43089,704.7971754667678
43090,145.73927471631538
43091,139.40427219817045
43092,172.15483507542433
43093,354.4964546442115
43094,148.88697176377667
43095,727.9511495233994
43096,178.6187460234358
43097,143.59282217366754
43098,292.9645504601196
43099,149.91616010119074
43100,172.51329464041066
43101,156.24338756810752
43102,249.5275346895965
43103,253.82503468559955
43104,139.65670818136198
43105,228.80459686802163
43106,237.45528931549296
43107,239.8965044796178
43108,85.99068980551331
43109,127.65664734852014
43110,319.5918122696943
43111,266.77316519744966
43112,335.0062742309322
43113,403.57936474295985
43114,82.70693203302194
43115,340.8221663483685
43116,178.4844679909384
43117,111.08500105958748
43118,326.7479490868633
43119,548.7849419448073
43120,250.59316394353903
43121,600.7100525077792
43122,261.53849468374415
43123,208.53784593766756
43124,506.19905865219596
43125,288.95406612810734
43126,504.17182817257844
43127,340.46929957520547
43128,85.13460390677565
43129,460.04918462066945
43130,162.77224801904427
43131,158.61615722628923
43132,146.61400566595188
43133,152.1076098940227
43134,102.01898331073588
43135,213.2531043468141
43136,615.9605030670589
43137,155.1521231948525
43138,133.86150884350846
43139,338.96977262879756
43140,229.2928027300795
43141,126.81304730460639
43142,290.4663517234823
43143,122.43523059870243
43144,541.0299414056662
43145,398.89423507060684
43146,460.8438638552553
43147,212.6481505479478
43148,356.1960179661114
43149,130.5128776181391
43150,207.3302927586845
43151,169.48048927034074
43152,104.15196028209573
43153,314.1266536269703
43154,120.55401180538999
43155,1208.551218661561
43156,179.12800209430142
43157,85.43182302099335
43158,126.72142093818445
43159,162.62367706730157
43160,93.06663080168465
43161,225.7310097510754
43162,295.5809152901049
43163,433.6841240455679
43164,273.7005896110638
43165,252.43016100342794
43166,285.88141856295186
43167,267.33469391740056
43168,180.49038029671135
43169,240.8598194380437
43170,201.13403348187185
43171,113.82960511109567
43172,342.1989793690077
43173,128.81218516478376
43174,156.4149748738875
43175,146.73324557693647
43176,606.7003716847905
43177,117.18606428030188
43178,96.82625351399358
43179,381.60159326895536
43180,145.10784389327924
43181,191.0831836179073
43182,198.0708360030544
43183,208.04709200679463
43184,378.957240984933
43185,185.46636566192473
43186,244.9979811904959
43187,117.07207330793368
43188,239.1407371363718
43189,316.6853440856735
43190,284.4013598441501
43191,490.2189288999388
43192,165.75459818705752
43193,181.96820036134267
43194,199.5843986688568
43195,163.6088817437869
43196,205.06914442416596
43197,254.43717745662022
43198,220.28070283716792
43199,221.75837021784207
43200,177.7281656872332
43201,895.4026891419531
43202,184.39433852807915
43203,397.61801912906196
43204,470.90004056783715
43205,106.86491002232349
43206,177.73368853966375
43207,83.8690739991266
43208,1587.5233454912343
43209,301.35616384152365
43210,185.63528580202586
43211,122.16102228665422
43212,227.816402186243
43213,156.36109325578747
43214,102.8554412918967
43215,224.03886974628455
43216,514.0541947255964
43217,658.0403525646129
43218,141.33913580333356
43219,396.82639089714456
43220,489.6817556288797
43221,466.0279299699302
43222,117.50116705396088
43223,111.3641516607431
43224,136.29916657054537
43225,111.5046731230541
43226,234.57641536756213
43227,292.35559752216557
43228,147.9404881244441
43229,189.3342771076362
43230,239.2831548054818
43231,208.72870641863014
43232,503.6146112473927
43233,192.50729979945572
43234,744.9139611469843
43235,192.62665151312945
43236,320.7622164356124
43237,317.7635921124583
43238,185.90299513721266
43239,158.456586345774
43240,660.8991205366967
43241,746.4864631748572
43242,278.8105600719211
43243,247.06531672766693
43244,153.1559981203213
43245,316.205019597313
43246,505.1825091057054
43247,140.35018750793262
43248,560.842608148378
43249,799.5608338534895
43250,176.34849064695803
43251,338.15736979462287
43252,520.5378100581278
43253,255.6344775043509
43254,476.7126226892233
43255,270.7063347229313
43256,197.62332786139189
43257,226.57741814969054
43258,316.2813796059945
43259,202.5158343070828
43260,137.17337078446366
43261,145.5046890684158
43262,201.75384420092172
43263,460.2907615829411
43264,366.39236834197465
43265,212.27306741906784
43266,88.82852250499381
43267,126.55341365966855
43268,341.625709493473
43269,234.922522174444
43270,220.71985250917348
43271,353.2908675169948
43272,669.5604179636905
43273,266.87195371960144
43274,134.7392257544052
43275,656.5764060548461
43276,126.38304267252519
43277,229.77288008932646
43278,151.0427172033643
43279,215.8272056838913
43280,221.16664896948885
43281,434.3183828236638
43282,207.34080187963025
43283,145.59517731430986
43284,112.61495127299513
43285,168.68142494899863
43286,120.12706549176966
43287,184.5345280487433
43288,51.90467417106527
43289,145.41559598476832
43290,218.3613240047622
43291,436.7183914235421
43292,1032.1901493983803
43293,179.47463888388097
43294,218.41212737042076
43295,297.44658268073346
43296,247.30169690348222
43297,511.06329819002184
43298,277.3780904139742
43299,612.229877217035
43300,196.72568185071194
43301,312.31194407303036
43302,325.1717110428786
43303,185.83948905268818
43304,276.7433053144271
43305,276.4121185680354
43306,236.97043649513645
43307,172.19679666538713
43308,167.77558065766019
43309,173.84115848653778
43310,290.42229136455455
43311,218.46324340753182
43312,160.85241098397188
43313,540.4888342930794
43314,441.3435051286767
43315,375.2115485586098
43316,234.27247672865713
43317,170.18103220246587
43318,204.85197183237204
43319,146.74024148806413
43320,63.92679078668925
43321,165.76270033827973
43322,696.1828845785502
43323,244.90923276887904
43324,185.3351288287356
43325,113.04233504905142
43326,174.9874337915046
43327,238.36304023096974
43328,329.386315007961
43329,421.9217266423439
43330,512.9080514237486
43331,235.28283562390078
43332,221.845531421449
43333,88.87732643771368
43334,159.76092075517607
43335,110.14346046935358
43336,170.53349851024402
43337,129.56041355039025
43338,432.0684272035705
43339,161.29312344536442
43340,284.113218242221
43341,174.03457292442687
43342,145.99025267034014
43343,155.5426924822357
43344,1986.7615640742542
43345,232.32321865036945
43346,203.1423573306864
43347,394.8794880488713
43348,127.95037812293486
43349,171.35108524417973
43350,127.00946159690828
43351,120.7850341619017
43352,166.4346444218963
43353,156.257611309187
43354,342.9024771956482
43355,176.55536821762715
43356,275.7942921027619
43357,196.77158292473388
43358,340.0642945929603
43359,422.03887985860206
43360,65.82549098842594
43361,154.1930717996461
43362,71.13923437546374
43363,313.9465664145422
43364,138.08628497457502
43365,198.9133370925306
43366,334.4043920830582
43367,128.35269150923432
43368,187.967884609648
43369,105.65360320327781
43370,764.2561678320401
43371,251.442221791668
43372,249.3142278000406
43373,279.1880885753712
43374,224.47888306416309
43375,215.71907329155576
43376,92.59584196916062
43377,168.36291080342582
43378,105.78507717274488
43379,249.39715926724173
43380,300.46919182818067
43381,648.3331378484057
43382,328.54229448866965
43383,414.7389875316923
43384,149.3376791345489
43385,297.59011225182707
43386,506.7109764333316
43387,243.41213528905013
43388,200.61614682182866
43389,229.59069380379785
43390,435.78906424889044
43391,251.73812952651804
43392,512.5578209758212
43393,148.90678721581025
43394,183.06379351768075
43395,241.16912964646963
43396,156.8486670285366
43397,248.1790008317984
43398,168.825684914909
43399,258.5598920151481
43400,282.83489716352665
43401,143.60598132377837
43402,251.46984784031605
43403,381.48552808326536
43404,702.2411922210994
43405,140.60422578404874
43406,239.08768908862285
43407,113.92864173898178
43408,158.21427308969376
43409,663.8162941011502
43410,261.8664827387378
43411,516.8936162884659
43412,310.17005802109975
43413,157.0010178398275
43414,138.6156549033564
43415,230.75491674148122
43416,672.0647074107551
43417,356.769488877021
43418,1079.8817659516094
43419,239.00600001082088
43420,636.5217234344649
43421,110.82108462540663
43422,202.07611190605425
43423,159.89705798684656
43424,543.1658049643698
43425,145.66255157499359
43426,736.4572768392874
43427,163.4746724854208
43428,247.00767066236966
43429,262.4911883505546
43430,405.61304580548114
43431,167.92128814486233
43432,474.22997499358877
43433,477.21333257889756
43434,149.8097643029477
43435,223.28567814437136
43436,235.48239901782836
43437,351.71574440528065
43438,277.9898906964096
43439,146.22053506296467
43440,192.71227874141547
43441,483.01957910525374
43442,408.9857094852676
43443,157.32793223597255
43444,258.0639794738905
43445,413.1695261797835
43446,180.82344025992796
43447,157.05660217655117
43448,148.58077937250553
43449,224.02341414281537
43450,210.00303465887646
43451,248.8355289949517
43452,108.07836136566117
43453,126.72137379943456
43454,270.24574091434494
43455,360.83533712736016
43456,113.16323619805037
43457,237.51534596943023
43458,301.4525450638523
43459,161.01254293853137
43460,693.077046499382
43461,115.37405043800231
43462,175.83913312890343
43463,148.75501951020505
43464,272.7642182797836
43465,143.96408546311812
43466,230.73599509976577
43467,443.14850106155535
43468,129.92537375416
43469,390.8769998712723
43470,142.74238734922264
43471,233.93766414083186
43472,373.17765718167
43473,812.9948936792279
43474,1240.2459251401342
43475,124.86047811498187
43476,194.53929394645652
43477,299.2330728935346
43478,181.03180064486094
43479,171.78667328703105
43480,191.98825829919653
43481,215.47754411734465
43482,210.03975421348576
43483,156.9412619290971
43484,126.07009833159238
43485,105.79245563845635
43486,378.57398611730224
43487,142.92089030886822
43488,254.2626751314125
43489,395.40563526921244
43490,188.65731912547184
43491,197.07684462772977
43492,116.16062983584177
43493,104.54522158821209
43494,229.52752850117005
43495,159.20995814326284
43496,300.5963606015799
43497,157.200045604623
43498,334.6605457939235
43499,710.4588857486273
43500,300.4590857027324
43501,246.5601335427208
43502,341.1614477556218
43503,100.8564236175861
43504,138.32718910954
43505,568.3359830637697
43506,293.75658042413767
43507,388.6167609650871
43508,163.20189462790708
43509,150.4576125508435
43510,600.1971851336434
43511,116.81410769247975
43512,174.84946540342418
43513,188.90177344191306
43514,233.69864684800157
43515,554.1498766210791
43516,307.68954554921504
43517,173.0272317685077
43518,299.6442699164399
43519,201.93153789069765
43520,230.23320614940258
43521,644.0269183884044
43522,505.44413877426234
43523,147.655336011577
43524,60.541534901629525
43525,128.30263252651443
43526,303.2991181488608
43527,628.159917384645
43528,717.095527439964
43529,213.42070088106132
43530,529.4055407831892
43531,326.81573244380155
43532,168.46694314409993
43533,216.37740273023826
43534,342.81889846576416
43535,619.0861123467364
43536,230.11281956375382
43537,225.77340677892698
43538,1107.3600111116587
43539,134.00176626000868
43540,464.199127241219
43541,196.61804382569804
43542,322.4710204986869
43543,178.81531025330693
43544,279.53764813849364
43545,334.22138259004583
43546,78.66211921419728
43547,291.48562542272214
43548,683.1082103762925
43549,521.2410400857945
43550,135.7291118767616
43551,347.004135051601
43552,210.63051379447802
43553,428.59719436931476
43554,185.15476476783047
43555,195.52002882729488
43556,3478.1828530720563
43557,623.5649465906025
43558,337.8909343594426
43559,238.0527281614828
43560,212.38198547576388
43561,317.69429968444206
43562,252.79829929358405
43563,150.55478336735408
43564,1086.292816345799
43565,196.96268967118917
43566,303.78736115997486
43567,314.0787226892034
43568,171.0036633604295
43569,212.88212724638754
43570,369.10423669779544
43571,182.25722163789086
43572,255.8547326863085
43573,339.23361900229344
43574,338.8187702487893
43575,192.66392990068968
43576,120.20033880100979
43577,788.2105797256546
43578,226.7194145688002
43579,183.9665061648397
43580,183.14228149462298
43581,122.82307893123969
43582,133.11923026754698
43583,394.36503630102595
43584,120.78341687822181
43585,92.90059968916866
43586,127.30306119263913
43587,216.8392010569922
43588,248.98050020537767
43589,183.70269509974705
43590,607.3522534640814
43591,218.19435408937196
43592,193.81540635468167
43593,147.38088228168328
43594,140.81598362151084
43595,395.92673549653153
43596,286.89766054154455
43597,206.85158925267217
43598,211.97849476060924
43599,161.15830559361652
43600,268.41178232592694
43601,120.95677993000051
43602,197.98060141831192
43603,124.15244182848511
43604,148.05011252918078
43605,119.69470011538041
43606,198.5035493237484
43607,476.47589383048876
43608,98.46114965379937
43609,107.38239639435382
43610,67.09230037487528
43611,72.1356131817997
43612,282.6621583237065
43613,205.9934664961422
43614,432.7466907192542
43615,307.4765059495769
43616,826.034401227949
43617,253.755498834364
43618,204.58238790233958
43619,371.9395324867535
43620,180.93555222227488
43621,212.36647977087785
43622,276.78810361377197
43623,415.8544604043511
43624,441.01630445890686
43625,728.0260874748957
43626,139.98385805271383
43627,260.27901877835416
43628,145.07967656391438
43629,134.66741773254654
43630,380.79529796551776
43631,202.0640480202633
43632,145.59767699852014
43633,283.4474469953624
43634,282.5433528509243
43635,186.86432064096468
43636,122.79789041680847
43637,310.23719922703265
43638,229.03775251746967
43639,288.2083413138549
43640,195.44089379226557
43641,139.42715212820744
43642,426.8100640029591
43643,162.944151416848
43644,266.5628604845852
43645,219.1315822953976
43646,151.04782801434268
43647,411.45780052140833
43648,353.95258211141226
43649,157.78341113091574
43650,200.28624230670428
43651,122.17980777582422
43652,547.3044871962222
43653,443.1117579124586
43654,248.22033581334261
43655,252.51610853653474
43656,197.57508655746926
43657,160.6723132844677
43658,643.348770824733
43659,125.44525295677887
43660,175.00236827757485
43661,251.44470284326775
43662,152.36624599418948
43663,249.04380360708134
43664,149.47932174585318
43665,182.54820790796987
43666,315.7677002524227
43667,298.4848604804334
43668,272.58022324024296
43669,164.96156259055684
43670,506.1399465349975
43671,488.30098361798264
43672,224.60832313650536
43673,251.423023243545
43674,1252.3487380770048
43675,231.24870197407637
43676,148.01506477927168
43677,773.3977808710364
43678,147.61116393584854
43679,341.9619813956488
43680,465.23738980517317
43681,135.41215164546304
43682,154.29715309166764
43683,286.2202936602623
43684,129.9563574561893
43685,196.37025146188475
43686,216.40275109714514
43687,126.87101665786703
43688,1008.6719273290214
43689,365.4661428145529
43690,316.3912932700929
43691,395.6955131284699
43692,360.2093833128689
43693,131.578022755718
43694,132.94867869111076
43695,307.7703004554557
43696,451.9840266193349
43697,232.36844269607994
43698,211.13798960794557
43699,333.73161778635256
43700,252.3147800475185
43701,90.37507870694195
43702,113.13711776622874
43703,360.9216713794111
43704,513.8910949918309
43705,236.8419604551726
43706,371.50321220264743
43707,239.23279719763516
43708,229.80061660229435
43709,266.39985881020164
43710,445.8540001920564
43711,260.40618474398326
43712,415.63875043607504
43713,145.60303095082145
43714,168.74577196250019
43715,135.14888893861243
43716,222.31235835693388
43717,200.96567843625084
43718,155.87111995551084
43719,176.74521898613634
43720,297.307597965188
43721,183.73366957898222
43722,266.42295932845343
43723,128.74942935543885
43724,149.7033461237891
43725,481.38157453779786
43726,275.1106495177057
43727,220.24627261133048
43728,266.487328674919
43729,239.56292322511243
43730,441.6119709375636
43731,176.05952021474607
43732,210.96313390658443
43733,526.2574393865735
43734,315.2906443352821
43735,319.26684100983096
43736,209.38566285505794
43737,242.57500540814752
43738,226.243315497188
43739,129.93164461915043
43740,345.61582184554555
43741,174.94685847127172
43742,795.0333978036123
43743,666.2534729699101
43744,223.00546543139532
43745,184.69709836207517
43746,276.9645028288953
43747,162.52689689478626
43748,350.00270910864253
43749,184.2355954967412
43750,165.98148086341124
43751,232.06042802321875
43752,195.07740672718003
43753,122.26791584554648
43754,90.54554850699888
43755,264.0892723651885
43756,132.00637322571424
43757,328.148825580747
43758,413.85538631434724
43759,159.09858529174917
43760,86.60852944931494
43761,165.06609756688042
43762,123.29320768035947
43763,730.9856279324719
43764,343.60432258283856
43765,359.6760395133974
43766,177.8183457769448
43767,182.2784114610585
43768,368.7280487445406
43769,187.43828612502793
43770,297.956543007437
43771,484.6191785534891
43772,247.44098931052847
43773,155.71135313516805
43774,273.002649919724
43775,343.2586487419941
43776,352.75021061658805
43777,134.3475050763552
43778,810.2384606061976
43779,375.9670022511703
43780,285.110834893584
43781,173.89208352544128
43782,157.29338354594
43783,262.15413562353217
43784,169.72282960539007
43785,199.10132276190856
43786,170.6096795444896
43787,130.36065010057288
43788,287.2947433174054
43789,237.068596322527
43790,136.1635352984078
43791,112.3196691507518
43792,198.47871737010047
43793,187.02473022749984
43794,147.7556408444086
43795,611.4379207759455
43796,185.43995929448334
43797,276.11806795398275
43798,671.9141944084578
43799,191.89819352012537
43800,802.9604942235845
43801,256.4116635857881
43802,549.7974324042078
43803,522.9704677105724
43804,249.65572974184093
43805,368.67223386307495
43806,167.966422278932
43807,113.93234050512514
43808,178.37607376399367
43809,516.779400960383
43810,192.20841335332508
43811,173.17839680210102
43812,379.9683910533547
43813,253.850086074303
43814,269.33749950543654
43815,242.6864027494872
43816,381.7738294992609
43817,160.0938148601088
43818,191.7918085167975
43819,138.73471600456372
43820,224.50319463150512
43821,148.82640338063223
43822,465.77052329690036
43823,531.1253491159656
43824,304.91251259622237
43825,230.7679789318965
43826,200.58373712762287
43827,1139.4538443336999
43828,55.16809210888146
43829,212.06002300630905
43830,148.4565713919987
43831,196.12419369046432
43832,389.7944715373756
43833,157.45790937668113
43834,127.87840699476715
43835,158.25069250517595
43836,547.4830514025444
43837,119.98349202551591
43838,127.92373567321091
43839,157.5710737872259
43840,799.7638224429819
43841,328.968018923396
43842,144.53545174124545
43843,1972.6187407169834
43844,209.1554239951564
43845,202.62367151826788
43846,294.229082398214
43847,286.0073888524405
43848,414.663218568252
43849,236.39634524902647
43850,298.8511599488522
43851,135.95903140839815
43852,233.3224946662971
43853,410.9869398372513
43854,508.20882274997797
43855,213.44091692538674
43856,120.50377989689865
43857,512.7443073811988
43858,163.56109386214928
43859,696.735056665356
43860,98.83495083891054
43861,254.25332566224273
43862,403.3794546702173
43863,1301.039724577846
43864,248.47789851529217
43865,267.1559667306653
43866,168.47230877247574
43867,211.60475056565514
43868,336.2288108963241
43869,186.0863411387619
43870,389.53169048341533
43871,239.06344591825663
43872,157.7240940121222
43873,198.443008002623
43874,279.18746881274586
43875,122.51559439721842
43876,407.716246267458
43877,854.5563222233168
43878,257.07143411392303
43879,128.26682862592352
43880,460.5682525430206
43881,281.22392230865216
43882,168.25906419781936
43883,300.42031628758133
43884,208.67568269151604
43885,244.3235151267687
43886,287.8246442056021
43887,322.65628960954666
43888,219.1609712522377
43889,233.40691790500773
43890,189.28004783666077
43891,265.3256598889768
43892,156.81373106294973
43893,202.3031160216209
43894,301.1035024092421
43895,84.49616055580864
43896,172.61971973623582
43897,199.31323448126065
43898,259.36621840280816
43899,179.95741024778692
43900,199.0121779084911
43901,159.0495499708326
43902,186.14703817665261
43903,330.1515770740555
43904,565.5067519744669
43905,194.01597293344366
43906,173.21174114049322
43907,206.91567894759868
43908,137.8532770097769
43909,128.6723567073844
43910,230.07714352454755
43911,154.42775963702795
43912,137.97432023415107
43913,142.93856943270518
43914,185.01547691991377
43915,292.22808981638866
43916,172.38171081126305
43917,377.419225500185
43918,189.27357625359852
43919,752.2542604202175
43920,178.59149227988001
43921,92.38309838149853
43922,312.4180172829978
43923,214.66453406262306
43924,151.24876537807498
43925,146.46351227182814
43926,438.03481551200736
43927,170.46850676354876
43928,342.6363949564636
43929,118.72609405716435
43930,245.87269106892546
43931,99.2479308846489
43932,298.74313030744963
43933,111.44893809582959
43934,182.93750617753068
43935,283.4726045742707
43936,940.4597388978641
43937,326.4093207178777
43938,170.71292127435942
43939,214.3509755283092
43940,442.30525783360076
43941,371.415210475657
43942,100.46550702012712
43943,366.53742653048
43944,218.2022430958128
43945,131.96218417767602
43946,212.91781602550734
43947,207.19366607120284
43948,131.5518400887012
43949,1177.3731908952004
43950,123.40099271733824
43951,205.74543395492196
43952,346.1073185037978
43953,205.94460351995815
43954,147.87785212359157
43955,1858.2777594671888
43956,295.96366260909343
43957,384.1049747586829
43958,194.78527537659278
43959,216.63558615787744
43960,521.1044258010668
43961,153.62849924181435
43962,191.22300884092775
43963,123.5406000871769
43964,342.75777335790156
43965,440.8354384805217
43966,273.8478928902508
43967,266.2135337860198
43968,147.22528749191713
43969,181.72381235185816
43970,425.6463365143666
43971,142.27329084700108
43972,904.0269779207542
43973,245.27572843175238
43974,193.13541847490984
43975,178.60571035742984
43976,118.99480589363745
43977,391.91519943829996
43978,264.04738449981676
43979,253.14572204415708
43980,284.91690634711625
43981,318.99033882995803
43982,302.900204787929
43983,163.85590201985426
43984,369.2381236954855
43985,432.1812011094004
43986,96.71935434708728
43987,281.82012979460177
43988,213.82742404650244
43989,315.63570353226646
43990,461.22575705363255
43991,220.047818939908
43992,126.5120186724975
43993,161.4348801928828
43994,114.55203079861249
43995,304.9425866977828
43996,271.95465752331165
43997,212.49338313020993
43998,261.96199509015247
43999,130.27363126567897
44000,271.0819639718817
44001,332.80119057280535
44002,145.59834375117987
44003,352.17748301416333
44004,426.971193273418
44005,355.23990109797955
44006,251.73168311738485
44007,372.818784185488
44008,195.29952588551583
44009,393.93262380171376
44010,125.10395719870692
44011,281.61981841370556
44012,210.28807975273793
44013,816.0750326537338
44014,245.0020717751587
44015,221.68747625821103
44016,452.060635569336
44017,362.8954454291461
44018,202.65119429472514
44019,149.15783552133496
44020,126.73238997769275
44021,99.01951514954871
44022,4537.105038291098
44023,153.78336118353147
44024,192.31680590377675
44025,195.79235397978223
44026,140.65885004277231
44027,389.97511413715205
44028,132.20672455240708
44029,433.5315802306424
44030,271.35043551165285
44031,195.06033145254597
44032,346.8642443555824
44033,606.136968446985
44034,101.0119360721676
44035,224.84927971260203
44036,180.74182086734294
44037,81.64769992313197
44038,264.4452211363865
44039,139.35950932189522
44040,429.1803442316098
44041,413.12794665180655
44042,128.24760947266023
44043,143.70228988018926
44044,144.00651759028773
44045,226.16447506926542
44046,274.8901631248977
44047,196.27089202313252
44048,279.3835546255958
44049,189.44689161944814
44050,215.8107686792035
44051,313.4928214456694
44052,296.77977876839077
44053,254.32589040871025
44054,215.35617282761515
44055,239.86035651763603
44056,340.7535264262518
44057,309.85997539893236
44058,289.9526561791875
44059,102.91220237857273
44060,134.83312576274338
44061,197.18320710522428
44062,112.7251131125503
44063,309.86603932410753
44064,373.46818606937705
44065,311.78221181219135
44066,216.05739994594668
44067,180.9776261136405
44068,114.89767766662334
44069,124.99202274027671
44070,661.6996898599136
44071,151.13108227783462
44072,148.26972842590973
44073,266.7402991446719
44074,639.0104225026257
44075,195.48886306991415
44076,198.1512245833488
44077,205.57606000673246
44078,157.54965638910554
44079,219.57332301364468
44080,161.65619778136295
44081,289.57571488756304
44082,118.58247536975404
44083,290.0701738599457
44084,221.5669312163187
44085,742.2128919561593
44086,154.43801787911008
44087,440.60448238789024
44088,125.32789885496305
44089,166.4890122685961
44090,143.34625543941056
44091,115.92087027790652
44092,131.3214677843031
44093,310.7146417599
44094,509.9959192440287
44095,221.52517532741757
44096,668.2270333329845
44097,217.96091602257786
44098,153.59480916003452
44099,176.40403351201218
44100,772.6641812959747
44101,130.90381672758386
44102,124.31118309080473
44103,747.7725788911151
44104,129.6677232655072
44105,237.4468872515118
44106,200.08371371751755
44107,100.75718427109162
44108,221.621980158437
44109,185.07095921315954
44110,328.0647327884738
44111,191.98370744781246
44112,387.7927749464497
44113,266.192242624218
44114,133.51904122575775
44115,162.47400805484867
44116,597.5729443991781
44117,149.81198640632633
44118,165.81188077296778
44119,200.83741623194575
44120,629.0571198192335
44121,145.86146815921126
44122,111.95414939173168
44123,391.72338256428543
44124,156.51185218362974
44125,149.94536678932113
44126,196.9617104691152
44127,339.688681884236
44128,296.8701216606917
44129,202.96753782354244
44130,127.36706077216168
44131,282.82878925094667
44132,241.86890366846916
44133,192.4885823688733
44134,296.46229077239843
44135,320.0281649948917
44136,301.6925242585386
44137,367.0277971590723
44138,160.25007508644273
44139,302.3351192761677
44140,141.6148705925283
44141,169.6818735544848
44142,350.8816281174677
44143,223.2800534312604
44144,165.63360236613443
44145,500.74682155671223
44146,353.74460868021765
44147,221.2771471753489
44148,200.1398191521595
44149,756.8374300835004
44150,188.20332176554464
44151,677.6289787940501
44152,308.48123491441476
44153,116.4246074615209
44154,81.63257291264354
44155,391.37124533058306
44156,201.26265126204527
44157,188.2798168275861
44158,145.59449728767103
44159,147.2602665828823
44160,284.369379853243
44161,195.455783841465
44162,660.886587419357
44163,1227.7503604609037
44164,190.4385460921187
44165,105.25762089559913
44166,519.2261483303159
44167,324.91504342899714
44168,154.81978159253117
44169,217.8808103655801
44170,208.77132175070625
44171,122.65437403895916
44172,393.71477768735656
44173,300.7606622663596
44174,54.26534002880143
44175,106.96967047354428
44176,218.0913085818147
44177,159.98269649397378
44178,90.17293438906974
44179,311.58758742987595
44180,141.20914743698302
44181,322.3086301194789
44182,222.7416141755402
44183,274.8623420480294
44184,240.49275478624253
44185,231.64332286609113
44186,558.1428229571422
44187,137.55050335424625
44188,90.14347330005963
44189,322.0773363511255
44190,198.41618379303384
44191,176.2262730013545
44192,326.2831560281001
44193,254.9315139115362
44194,212.19079930470016
44195,387.95068183663784
44196,480.0703218778121
44197,125.15479086156807
44198,186.0282272566087
44199,168.752047510534
44200,174.8832692476595
44201,188.16347725007364
44202,1084.3265665399422
44203,376.5942290142221
44204,138.52931389696897
44205,606.4285913054197
44206,123.20113672647047
44207,299.3287635402077
44208,159.99780979769298
44209,63.83880556490713
44210,671.4649238201375
44211,671.2388789928573
44212,190.58424004123557
44213,146.02952151001867
44214,174.879608189163
44215,460.89467207966146
44216,142.1053974681381
44217,339.4339876444555
44218,872.1238251796805
44219,186.41181269253875
44220,201.74749304443313
44221,211.91863229188493
44222,169.71844773677674
44223,239.54649281063254
44224,165.99716165800936
44225,218.12215784786588
44226,496.5356741192711
44227,170.99312448054556
44228,150.8045396510039
44229,180.01742318276018
44230,404.6137778881363
44231,197.0725146805471
44232,147.999242618025
44233,270.8899988161732
44234,169.66741427660136
44235,253.34397915730716
44236,150.20946891855894
44237,154.05840405014592
44238,455.90119454579263
44239,401.11876622604746
44240,165.14258170133755
44241,862.1461170457268
44242,580.6881911247572
44243,274.2823227745497
44244,144.48408865190265
44245,123.31247370366218
44246,368.40726684441717
44247,289.73630681141117
44248,162.71730150076152
44249,172.0103354555121
44250,109.76380237692044
44251,126.86013633909721
44252,169.61229005925748
44253,453.19480596808364
44254,515.2973731823041
44255,213.10645784574376
44256,175.62055759550222
44257,554.3882571941301
44258,290.18843332451576
44259,310.90629588158333
44260,153.04188504776337
44261,214.6744536980091
44262,493.43579002760634
44263,299.2416277063016
44264,152.4468900575245
44265,217.262847053906
44266,121.54820917051117
44267,256.6959899635791
44268,138.26813002545128
44269,559.7849986611851
44270,283.26327643797146
44271,313.30159970469253
44272,103.19853422258392
44273,128.9976844997182
44274,670.3260854712632
44275,178.7311751363916
44276,183.9751843527916
44277,210.80304069649412
44278,477.38244790287325
44279,263.48987521075577
44280,120.48242376764568
44281,177.32642909442083
44282,169.53744777023806
44283,120.87134482080762
44284,106.81406898041085
44285,187.2202231113914
44286,651.3497325769083
44287,174.41483394321352
44288,240.92171039662125
44289,309.95275788120165
44290,379.64466538341577
44291,142.71429729142264
44292,1578.9418832932543
44293,321.5170613294536
44294,215.20010351629765
44295,147.53072448090373
44296,109.22784052246114
44297,230.77915565250402
44298,167.17089405802727
44299,327.9258888996718
44300,165.66965596061664
44301,121.70188754478693
44302,220.1441054729309
44303,149.51582411411727
44304,257.22768329603883
44305,541.7117962581647
44306,170.80809708974348
44307,716.4397005420971
44308,220.34558974781916
44309,703.8755158484396
44310,199.21706954226346
44311,186.4951370742304
44312,477.2705541721893
44313,129.50989603009953
44314,135.17139946514607
44315,154.05339835107034
44316,238.88677556528378
44317,194.86054816608228
44318,293.36133531530464
44319,131.5298368552402
44320,143.86734806767768
44321,122.27854130994807
44322,251.11276456804265
44323,282.5912392831394
44324,189.19907142779147
44325,272.41790269701943
44326,105.67954918871136
44327,170.42528981355318
44328,165.34031663660545
44329,186.4010201499296
44330,129.26759869446073
44331,346.81623443996426
44332,306.3033854787156
44333,229.26474006271982
44334,195.5774940087289
44335,180.2933862979003
44336,156.11480360364843
44337,622.1646697049479
44338,100.49986999738094
44339,95.70944171371058
44340,250.9819645859582
44341,358.26772528210176
44342,122.90110146955479
44343,352.79547508975736
44344,141.93095067786172
44345,212.23457802702055
44346,485.3500536664001
44347,155.47734742433457
44348,860.6254020370872
44349,182.32605859330693
44350,177.43655311572107
44351,685.6731798110245
44352,372.3382244953427
44353,165.79394262619684
44354,111.96104011526697
44355,147.26983838448146
44356,243.86372229121534
44357,118.50979113393835
44358,291.59781204419534
44359,155.04883889181468
44360,240.24573039634808
44361,100.35884258766615
44362,218.7446485260299
44363,127.54408713723682
44364,105.03121710336885
44365,172.5521935024635
44366,321.79695160426826
44367,110.79606695405968
44368,327.43076705921476
44369,204.0757225958783
44370,158.13626963129013
44371,241.78196644373526
44372,185.92975886962728
44373,227.79611300715442
44374,327.15066521270614
44375,1609.1730843976325
44376,511.14133424864485
44377,89.46894890010464
44378,138.85496437570612
44379,188.28450346992815
44380,439.218215035508
44381,236.53746363873117
44382,366.43464622272177
44383,161.87661582566986
44384,227.72182809571316
44385,189.20651026564047
44386,65.73492888847275
44387,129.23809954423655
44388,201.86634017457155
44389,387.01545962623015
44390,252.10634915802555
44391,251.89757722844962
44392,228.3866284158247
44393,168.5331543814675
44394,680.796100062785
44395,217.93375028669976
44396,170.91038280484187
44397,259.0460283328203
44398,663.7874407273587
44399,371.1353266165854
44400,349.1459850962625
44401,197.2643415688198
44402,267.9510016072664
44403,140.88617283517507
44404,535.9905072347702
44405,348.0723822042565
44406,125.37823985258818
44407,683.0543244006979
44408,214.33520533123448
44409,266.48695966055175
44410,320.99639994620554
44411,301.8860188852212
44412,124.71228453399576
44413,272.1306321655779
44414,171.23955962461443
44415,411.21981339135846
44416,189.8559276276626
44417,446.4423518986861
44418,470.1782890675076
44419,505.27237613577654
44420,144.2830067912991
44421,287.1594620985625
44422,562.4433871779696
44423,309.16743523784885
44424,197.84832164734968
44425,179.86367131191963
44426,343.9611290643513
44427,252.5494483526465
44428,304.55463768269686
44429,128.92867619839984
44430,496.80924053967516
44431,277.5262394538993
44432,147.44729156346804
44433,210.48790757270092
44434,693.9061938106128
44435,107.17928666610362
44436,162.41488179708372
44437,72.49231209801448
44438,130.18049809236769
44439,150.4424663554119
44440,172.4231396671216
44441,260.90269323650335
44442,147.9143220713185
44443,194.4502196442322
44444,212.54414487697937
44445,335.7433186164589
44446,514.6888645138749
44447,199.53315569822684
44448,402.07918068489363
44449,218.2714852314838
44450,214.07011740648585
44451,225.48956834958946
44452,914.3059280341564
44453,146.24707086511262
44454,422.46249058335206
44455,251.12148259915932
44456,208.26806010412554
44457,494.9583280193337
44458,219.75874154308337
44459,237.46625368604188
44460,798.3305978663547
44461,186.3119650000284
44462,223.40329021967304
44463,1293.0455298486547
44464,121.93614848221846
44465,464.0227090147417
44466,391.4151617115548
44467,120.28365956338351
44468,109.50046785548462
44469,257.5884067908449
44470,614.8837121686365
44471,681.969918934013
44472,256.09318056960325
44473,355.7903757006158
44474,141.82852039561158
44475,137.00840865664176
44476,247.4674823981795
44477,144.9774888311368
44478,160.6439414250695
44479,190.16038809336968
44480,184.18517865299674
44481,393.9212840821436
44482,367.052475919891
44483,259.6954668508738
44484,191.92638408958362
44485,215.5776302151064
44486,264.23176002276784
44487,194.768669250402
44488,151.40521596020085
44489,276.78602372036676
44490,237.06262843762363
44491,221.70423781109386
44492,204.61505970416687
44493,225.49230468256954
44494,272.8783475056034
44495,329.2139321681034
44496,100.67988430208396
44497,131.06024864891864
44498,366.6469982741379
44499,156.06838062366975
44500,415.03520351627157
44501,334.8111218506779
44502,300.6706894382183
44503,226.18022650957286
44504,119.91690655296141
44505,121.92978244388584
44506,391.0081782658655
44507,247.26033155696936
44508,250.75828726554184
44509,289.3349919169756
44510,175.09740222330586
44511,166.49054594051387
44512,498.12680922848796
44513,150.98811174445777
44514,628.3035795874208
44515,334.7971046787792
44516,223.45776047582922
44517,255.27370182202526
44518,107.25537585380529
44519,219.08222094291852
44520,190.22637730626187
44521,147.8220914752665
44522,197.22515887744217
44523,197.37592108352635
44524,422.75280076705747
44525,300.78708805039406
44526,287.4505329539957
44527,450.5035309691648
44528,219.3578406700945
44529,380.52855688462637
44530,119.03958644981961
44531,178.7199718846459
44532,165.65607697938933
44533,227.11866289865907
44534,126.97441986460812
44535,280.70036399039975
44536,238.97265903216373
44537,224.94293876217154
44538,288.73388656440864
44539,350.5723138880831
44540,165.5766063604666
44541,107.67424495694567
44542,274.9838321109813
44543,140.33614365700717
44544,322.2657099507962
44545,243.50575688585704
44546,220.5197861613135
44547,133.59681791755767
44548,380.2467121552961
44549,148.21830454946513
44550,464.42598288274706
44551,476.3682678407017
44552,215.12109321870687
44553,139.39567527463083
44554,928.182604026192
44555,388.94664161527106
44556,180.21031899042492
44557,162.54475606602983
44558,563.4735965475567
44559,225.34358843918363
44560,236.3646778408459
44561,204.22432119105116
44562,164.46655956847377
44563,355.11531381072604
44564,892.4139298003897
44565,133.92937560681221
44566,161.62887768536555
44567,299.1941582403132
44568,311.6890686593238
44569,270.5468365497746
44570,172.24435277226812
44571,185.5905355156578
44572,138.96448426387968
44573,1175.5654418217773
44574,173.46729680561975
44575,314.6405117157227
44576,147.79508369146654
44577,369.31440787471314
44578,546.5907411070807
44579,276.53569365402234
44580,137.71975059611046
44581,204.2022959432449
44582,339.99232049749656
44583,161.7980607307962
44584,172.01395687378465
44585,140.1488459364404
44586,713.912759032759
44587,212.22651983594508
44588,226.9210457596883
44589,137.8296121235763
44590,589.4589629264968
44591,243.26696243404336
44592,219.75918199350167
44593,135.07002465130972
44594,205.94763666489172
44595,275.4566235894492
44596,229.62207877727843
44597,358.566202910674
44598,251.94269598998352
44599,281.7363407597702
44600,234.07208825907296
44601,154.47813948531527
44602,280.2632102592858
44603,214.58708155380657
44604,192.96968254757118
44605,222.69022891286326
44606,327.63505744127696
44607,694.341722426333
44608,120.18021531923023
44609,387.2035030845246
44610,1198.4477499328523
44611,356.68168337996093
44612,209.05795527308624
44613,134.9159776807289
44614,209.8269424724959
44615,129.1986238892851
44616,343.8509578908375
44617,267.78957293464714
44618,214.3374828917849
44619,142.8723781971949
44620,326.8610701294753
44621,218.60898973541725
44622,238.33249867952358
44623,257.61179097998746
44624,199.49163181300693
44625,468.24406165155966
44626,232.80468927875813
44627,377.9235616442111
44628,367.10435177549255
44629,146.20628177092232
44630,340.2601997511487
44631,285.55754693454367
44632,165.34287500513133
44633,175.99422179918997
44634,160.95810953729637
44635,61.25519507317535
44636,242.0016372281169
44637,210.43840189196607
44638,185.42684714899454
44639,286.6050547260254
44640,177.90196379272842
44641,163.04826367874432
44642,236.22278788920576
44643,499.0639955393214
44644,129.02925201454087
44645,247.8469382848097
44646,240.09324711025982
44647,96.04973723648207
44648,195.1257758180027
44649,151.59103924206795
44650,144.7083017450124
44651,260.0147011933516
44652,304.5500744094614
44653,212.4224305870892
44654,230.36566655102732
44655,309.0209337896142
44656,289.72586047419856
44657,271.4444106217748
44658,179.35707210514633
44659,157.51361300121425
44660,291.549832323615
44661,738.8806250281176
44662,129.63617567704523
44663,215.44080274011202
44664,257.36189073975993
44665,157.71866067246773
44666,110.37134657766865
44667,329.092441709669
44668,160.39048091347993
44669,147.91874720819854
44670,406.3109651160709
44671,155.95230165302476
44672,125.30934161421986
44673,549.1726272074102
44674,130.09184473849345
44675,364.22787265853896
44676,175.5470410036863
44677,169.89983922986488
44678,185.66580226407567
44679,126.41028847576005
44680,211.57299542210518
44681,137.22721539344707
44682,219.99959344967607
44683,173.51178479546377
44684,121.08487866109614
44685,249.7541068550383
44686,407.3394516037515
44687,166.0299475590653
44688,815.0317499289598
44689,427.4545811465923
44690,345.45923598655526
44691,388.88560637170883
44692,426.8831208219003
44693,152.79383646289415
44694,185.88089835256136
44695,135.56802703928193
44696,273.4546109872944
44697,263.1929719556623
44698,223.6206750658104
44699,207.1594803247714
44700,135.82493200268283
44701,345.1462036899424
44702,335.793375241462
44703,401.9925063115977
44704,388.72623161890743
44705,108.06054689103023
44706,164.37372863866634
44707,178.79335915250434
44708,129.17224096577957
44709,394.7912096201773
44710,222.0225949788794
44711,507.92658542941416
44712,183.1179676456841
44713,196.90292464004216
44714,229.8930189000714
44715,285.6188133790224
44716,266.7627779534403
44717,103.59477697928554
44718,103.79112579714315
44719,1424.968818154205
44720,296.3894805578068
44721,267.90190293384245
44722,173.98231624353355
44723,170.156729360265
44724,209.7085188831453
44725,117.85937178377065
44726,432.9731987703632
44727,322.54196733014993
44728,680.5759265836168
44729,208.00950497009813
44730,281.1383670471894
44731,113.9170497961683
44732,134.20373004557032
44733,287.8190895022171
44734,296.2621732844211
44735,1044.7136235590315
44736,162.51887849531397
44737,322.4451458385264
44738,218.54194264228292
44739,724.9633874179997
44740,189.41220060568116
44741,463.9237496879309
44742,741.6951258798852
44743,181.9794384805734
44744,97.02177575862042
44745,383.52955573758163
44746,96.51795269748571
44747,269.79959018362155
44748,229.5518779341353
44749,305.0032669588649
44750,106.13702199436183
44751,247.99359758608367
44752,125.76615952625613
44753,256.62933071395145
44754,313.281289211451
44755,206.5953727796232
44756,230.5518515604067
44757,326.85805938044143
44758,372.927648197434
44759,149.29470855908397
44760,314.9289589456698
44761,231.7007561448239
44762,732.2019295814032
44763,242.7929053936572
44764,98.5073397124957
44765,259.71107534076316
44766,202.20121359306248
44767,1039.7625869482365
44768,214.57621263362162
44769,562.522575451293
44770,552.4034246923727
44771,173.20696302730678
44772,237.27714376928404
44773,295.5481586743631
44774,131.6185446826869
44775,209.48016905679933
44776,209.58170201908948
44777,213.88278113519144
44778,153.0473055649216
44779,236.0748520053837
44780,377.9884150626637
44781,440.99011605346817
44782,535.6493844157018
44783,140.8926683768226
44784,378.6681778983167
44785,129.987114615638
44786,216.9389764848742
44787,372.72538434246616
44788,127.87457811461238
44789,1173.9988671606172
44790,322.29380361967253
44791,499.89417788530307
44792,241.04806175036916
44793,217.0664448353343
44794,321.69000120240025
44795,336.86070451262424
44796,1118.4519755092344
44797,259.5272260558502
44798,596.9206715504524
44799,146.3083754102224
44800,209.50008209540138
44801,135.51470312697947
44802,908.9893588728798
44803,315.02888026621497
44804,871.0235250637353
44805,266.8105042174669
44806,160.72124901358808
44807,160.96564370325578
44808,261.55817849480815
44809,661.0250467016826
44810,172.54153913657638
44811,161.20028674144396
44812,1324.5252908037348
44813,3567.155373722394
44814,287.25649199941176
44815,251.76052281584631
44816,714.4675048684524
44817,335.7966936100367
44818,133.10458127065093
44819,178.3803117210587
44820,1490.239792712023
44821,328.1501529901343
44822,371.04502736081713
44823,160.69404069208358
44824,259.26412769361696
44825,232.19032780215505
44826,313.5876162370716
44827,162.88677890663823
44828,407.03625544712645
44829,111.67437041908654
44830,172.31328744896553
44831,127.33774603190008
44832,172.36131970313036
44833,238.83470937320078
44834,196.04622461892762
44835,237.77461144747758
44836,127.57025331615007
44837,226.14268763242634
44838,457.60994558836825
44839,155.01489855728158
44840,178.60351313264198
44841,259.411201697865
44842,231.57398049333563
44843,429.9402248776292
44844,106.97466824123556
44845,135.75687099072212
44846,117.11490322707297
44847,352.465933228611
44848,126.27379258903994
44849,301.9465533446842
44850,129.92718907104853
44851,85.80049580270872
44852,147.47204614145528
44853,351.1712198398814
44854,139.0007754511126
44855,199.72960218963507
44856,561.9583205001884
44857,685.5583941358989
44858,459.1666466648006
44859,339.5469114621091
44860,150.02306025793752
44861,296.51610829310437
44862,164.31174533196452
44863,104.19366245947212
44864,841.2196293260665
44865,118.93190723044322
44866,168.34747090919794
44867,200.22722434546375
44868,365.5948990895119
44869,82.1758792965025
44870,272.80958413551036
44871,313.42557394860404
44872,210.9583500961259
44873,111.9109205504866
44874,392.11302146886237
44875,161.0964430805134
44876,383.5440937602625
44877,257.8512685818149
44878,436.5619743132194
44879,141.97010368538267
44880,115.49951349970003
44881,115.10270103590173
44882,224.98326855834512
44883,512.6035914608792
44884,202.31330011271942
44885,261.6017967548236
44886,261.6545499597083
44887,319.165869412223
44888,172.04737196764842
44889,242.4177443178451
44890,122.9227783983522
44891,863.4474182204632
44892,363.2534074199289
44893,210.86044266840258
44894,248.72583744935142
44895,132.4900029120981
44896,194.80192974663348
44897,108.0044326107498
44898,234.91102931089443
44899,247.6257053592557
44900,160.14677852539998
44901,232.36447552847912
44902,127.96634750545518
44903,171.86463263220395
44904,525.5014265699738
44905,187.25803361752946
44906,277.7751544776071
44907,281.32601717032014
44908,139.9563287022486
44909,358.12144615236036
44910,313.90866887729504
44911,119.24573975126391
44912,278.57332563438945
44913,136.0444514383957
44914,327.79623454965105
44915,269.25478419198606
44916,349.4242742311177
44917,230.05011744660618
44918,237.71001476935666
44919,643.1835645405164
44920,100.03407552957941
44921,316.8470979381578
44922,213.473185987596
44923,286.5181582124205
44924,304.3973699672746
44925,332.92634018930573
44926,255.6405018977206
44927,170.56177430034515
44928,385.81540545944085
44929,220.27491178632553
44930,829.4818229812197
44931,218.37954608760194
44932,141.68083386167893
44933,126.56026234787369
44934,231.73217350071377
44935,260.4644032081134
44936,221.56037187374847
44937,312.5658960887166
44938,142.47584736626806
44939,178.52944678981098
44940,203.63596433665828
44941,198.1735514175706
44942,124.66157727560469
44943,415.20339734371936
44944,270.69697758052007
44945,123.55772358763981
44946,336.69980861467576
44947,243.29964607959337
44948,251.19023322079235
44949,184.82504372574715
44950,278.8366816600957
44951,116.76150327016872
44952,247.61100219429537
44953,138.49843437114296
44954,249.9110220779622
44955,330.3054243570123
44956,191.82318592698059
44957,220.18514561613185
44958,604.5479090011669
44959,141.7653517680719
44960,177.47437242825035
44961,279.15551530886705
44962,211.2269837234916
44963,199.71808472126384
44964,120.57907139573615
44965,109.55842761294556
44966,164.64880568640197
44967,196.44471084084074
44968,176.68816934480097
44969,133.9687704918677
44970,247.77983313838934
44971,163.38349230766843
44972,204.15701989950765
44973,306.58975809446224
44974,165.48552215648093
44975,165.31336151026574
44976,158.08248444147418
44977,283.92093117194105
44978,274.726339884337
44979,204.9213885622212
44980,341.41553282083726
44981,865.9472182151288
44982,204.21483400049274
44983,194.500654221153
44984,139.8253038066912
44985,541.9324938917285
44986,106.02972210288902
44987,127.02274115416189
44988,141.35712387386425
44989,277.69485368291447
44990,155.87762568207444
44991,138.97035058121136
44992,195.87258558489606
44993,271.1954934865311
44994,534.4484554048433
44995,964.0363058723307
44996,226.41279968987232
44997,213.09807354013722
44998,356.8577824727278
44999,144.49808889664848
45000,167.8899843382382
45001,305.6752252060766
45002,450.7269733473922
45003,151.5430598014674
45004,317.1750697558608
45005,291.84402868156707
45006,106.25149853382354
45007,320.7116154173661
45008,158.05996948149252
45009,304.5088672126642
45010,314.99561232978243
45011,126.54649442448536
45012,170.84436097094977
45013,262.9475083356498
45014,80.11385856361643
45015,234.15681622661478
45016,1783.564372647578
45017,275.9600474394699
45018,737.9617239109187
45019,255.98181320648268
45020,347.80153700744546
45021,172.01081644706682
45022,220.78260649051407
45023,334.7321001275273
45024,95.07536538720656
45025,715.5320903435124
45026,359.37034580004064
45027,237.24183580482915
45028,186.33600408444818
45029,134.92859178550907
45030,162.74652505835772
45031,202.63158706613294
45032,259.17070852505407
45033,177.84652136134204
45034,242.47678444553787
45035,256.93404680975
45036,212.46639208506383
45037,188.79594391102216
45038,310.96531159997016
45039,256.6156019628627
45040,217.597134332845
45041,205.34036163979886
45042,143.44310072913783
45043,279.5856011235845
45044,151.4398088568197
45045,274.2759143558909
45046,203.26942014887723
45047,194.58997705500948
45048,198.71925696997707
45049,124.77622222083396
45050,971.4879974285299
45051,471.888195013116
45052,799.1701454671976
45053,121.96984920634267
45054,72.6344573857591
45055,315.8057340191226
45056,251.87704697684606
45057,178.29080243625185
45058,275.56804225422854
45059,154.59192795426213
45060,568.8085728095855
45061,407.9798325089493
45062,415.50724361508696
45063,138.48171037220837
45064,213.88193663296914
45065,143.98565198394513
45066,333.12507528245044
45067,327.9789558009852
45068,168.98972414414254
45069,242.58093672951466
45070,239.21250506810367
45071,156.3222383222912
45072,205.95676515812804
45073,233.72217057641632
45074,232.41040874347257
45075,249.33854548503754
45076,147.4734155436444
45077,193.79623895976792
45078,167.33541168409508
45079,606.4896091319378
45080,232.59077862384208
45081,279.85177019905575
45082,256.14924959738306
45083,166.29871897616354
45084,161.78638614139948
45085,139.2257980156307
45086,159.30541424015792
45087,156.35468733085386
45088,228.63014443855036
45089,245.4698803732763
45090,478.5079468576752
45091,211.86559923078784
45092,268.87978731302445
45093,304.20846559215914
45094,249.7180865285568
45095,238.87304636493857
45096,215.10305874599854
45097,421.58957204540206
45098,247.13844224191453
45099,280.43487156181544
45100,494.4556697776262
45101,237.56456693210123
45102,321.7712463892423
45103,232.49535995508992
45104,224.47360301502084
45105,190.17300798972437
45106,464.6257071413186
45107,678.009671336126
45108,168.99810985449477
45109,199.33857860048218
45110,441.30697273316855
45111,115.87690742263568
45112,382.72235181227455
45113,200.95688788864047
45114,287.2254537639678
45115,182.6592993735021
45116,206.20730184352163
45117,354.99627398996364
45118,108.82913651757572
45119,256.7411215116059
45120,189.2705261288105
45121,321.0415459983769
45122,261.3679340204181
45123,156.30597836892872
45124,153.50457715594248
45125,132.99487480842802
45126,523.5230296472702
45127,376.43834566853604
45128,177.4786768214083
45129,207.41811413579617
45130,238.1581706308177
45131,260.09548418589975
45132,290.15512857167414
45133,109.72262754489108
45134,219.61499933531383
45135,207.54193007941126
45136,118.45514476133242
45137,711.3123551647384
45138,161.80459553516957
45139,503.25703423594007
45140,132.38923471688977
45141,639.1872004016236
45142,189.81969736717946
45143,260.99822799003107
45144,366.71483600743005
45145,152.95073998498737
45146,218.21383734072165
45147,84.57868418997106
45148,319.1282056893664
45149,143.64143994138885
45150,179.58393625451066
45151,244.36159639787562
45152,221.09796251551043
45153,253.51405735181473
45154,529.2485736800708
45155,408.98401993983975
45156,486.35456817173764
45157,157.00526068306695
45158,637.3539622433702
45159,139.88858611152855
45160,151.0745961046696
45161,141.4940365114062
45162,349.5679251203392
45163,249.46828347311163
45164,211.96875002185323
45165,297.775044354968
45166,165.8696790565547
45167,599.1014198859829
45168,135.87788491412087
45169,664.0180148764164
45170,471.1761043587039
45171,98.20312727210542
45172,158.46687451939042
45173,1190.7385727383642
45174,173.57725046572227
45175,234.06700199556497
45176,240.83965617481647
45177,209.57056475257795
45178,423.23498101707156
45179,262.70976840483183
45180,143.1524827192286
45181,583.3161093428969
45182,209.71533796161947
45183,364.89275034930245
45184,176.487927769129
45185,130.96417464785245
45186,223.61270169804644
45187,501.29797971915383
45188,149.17259538740927
45189,447.0170990002053
45190,197.9856189095643
45191,174.3660029495244
45192,171.17671183487974
45193,465.860939885633
45194,241.77635246898592
45195,416.8574027792498
45196,226.5560188284071
45197,175.51260978551656
45198,262.91308134062837
45199,270.17343080683645
45200,229.3972200795321
45201,338.08033699998106
45202,187.4271716502172
45203,420.2453333889149
45204,395.01402659098926
45205,295.68708721065434
45206,335.19701212717473
45207,246.84726479644038
45208,338.97342057337704
45209,167.02569973760257
45210,166.42487097711694
45211,251.40780894199534
45212,260.5176621555466
45213,423.4592930522771
45214,250.39995633476968
45215,106.9442290341152
45216,102.91638432691735
45217,86.35552365896929
45218,451.32510357543185
45219,276.4290166328609
45220,287.12242247261435
45221,199.76638980605378
45222,200.9531241003819
45223,119.28536393221282
45224,142.57102139859842
45225,146.4257295135774
45226,143.67685034832382
45227,272.60220228592516
45228,151.31325814757778
45229,288.46980066878064
45230,460.76739920587033
45231,266.0071953761288
45232,614.4233853817092
45233,118.58293736426283
45234,111.03389501226535
45235,174.14142406279416
45236,214.8206997635091
45237,82.4367703710557
45238,163.49654908560652
45239,155.21744516531075
45240,655.692098776252
45241,197.41448187992552
45242,265.3470734781287
45243,180.49140286862476
45244,191.83392405177793
45245,255.36410589642477
45246,217.92263339710595
45247,263.15828398256997
45248,105.11236074464519
45249,199.5695493336483
45250,142.12717318910933
45251,179.42249524066102
45252,343.71297503180625
45253,271.680542761841
45254,137.16359569887598
45255,132.41159473976518
45256,152.461084622426
45257,193.83659778376452
45258,161.9117307416687
45259,246.13129266952717
45260,309.37171957008167
45261,133.2634824005496
45262,194.0459231478814
45263,90.64821106090517
45264,300.23079574800914
45265,153.7037466001092
45266,89.18915476704187
45267,189.79521470784076
45268,396.9256680213453
45269,773.1507546296788
45270,330.9678980371733
45271,170.90626210790748
45272,189.14116453068445
45273,308.6797744797646
45274,539.4799643475371
45275,231.77771039616593
45276,463.13158874090766
45277,309.4638103432673
45278,437.237716442896
45279,255.77033639940518
45280,187.13528398195862
45281,176.6210303337914
45282,182.5727837481691
45283,427.27942727354304
45284,351.78839781282807
45285,294.4681489731336
45286,128.83615325122446
45287,90.72739803155287
45288,277.5319029616232
45289,192.3039158231902
45290,203.67147138244073
45291,183.23919915243198
45292,199.60894234704435
45293,365.1462336620903
45294,581.2660409120509
45295,146.83094691001207
45296,183.70146393787948
45297,286.7229787466886
45298,298.16966075615824
45299,140.88677687233948
45300,231.14780596379262
45301,243.09872840690653
45302,230.7348945036943
45303,124.95967773082162
45304,451.26608500332554
45305,240.15457469012745
45306,946.388412559009
45307,335.3371897550514
45308,711.6300388056437
45309,125.57157945190478
45310,416.7651191475583
45311,214.25973100636472
45312,260.98139398218353
45313,159.8713257338056
45314,174.75061675660427
45315,142.5899931618618
45316,672.120680297948
45317,331.8191908595757
45318,652.5833421040367
45319,257.100598459749
45320,230.98283900188946
45321,456.32417685601376
45322,222.3697994382188
45323,94.90422776877665
45324,559.3140896981329
45325,1008.3729205904382
45326,154.51197071628138
45327,178.59184347655147
45328,156.4386735033865
45329,399.72717112935095
45330,123.07613309432507
45331,336.7280004097496
45332,188.89850057098263
45333,192.34257177520476
45334,375.9866144007603
45335,207.142434812572
45336,217.1318098642156
45337,268.3613395581377
45338,177.1672227478605
45339,184.845753153481
45340,243.36299728572135
45341,157.1887758106302
45342,178.21972584883264
45343,302.32698746527103
45344,244.90224035289827
45345,235.1194397974552
45346,313.7290283305189
45347,199.3483093758208
45348,214.56862016945973
45349,134.79082583283045
45350,219.26949300729342
45351,160.6264929872737
45352,115.92057067454647
45353,221.4222824294538
45354,334.64224458163
45355,379.17504177243103
45356,212.50271683475654
45357,154.5529737226859
45358,114.24653059754982
45359,131.60199203210226
45360,177.40311092837104
45361,254.13777682847623
45362,270.2555428119045
45363,482.821842524855
45364,369.31977592366485
45365,214.5017620824921
45366,213.71929298934708
45367,252.44866634555638
45368,385.01777212403573
45369,118.19007419303135
45370,244.95752253815616
45371,162.51099527393083
45372,180.93469575136368
45373,424.24395553944976
45374,223.20375746814173
45375,276.9612252761292
45376,218.24719655280722
45377,337.9560153332812
45378,244.42057604173783
45379,271.71456546233543
45380,226.45386903782014
45381,190.90200662341948
45382,117.75663150003162
45383,269.2444991741537
45384,240.25477892369375
45385,304.53695071931463
45386,167.1342119350008
45387,152.4417547805554
45388,250.66500287371593
45389,174.75615678765251
45390,183.30443438097376
45391,856.5042418762712
45392,203.2397155076768
45393,170.10516252891117
45394,131.76776066238014
45395,199.3667580236243
45396,360.40834381254115
45397,109.06518352667028
45398,688.8183013037761
45399,564.6495957746106
45400,390.0075862578611
45401,135.30533559674873
45402,1122.3848700599583
45403,321.20144524287565
45404,358.97361700775826
45405,181.95051906638597
45406,427.43152851590816
45407,140.99926554852053
45408,166.44913134868773
45409,206.57404331395503
45410,169.17947512211342
45411,329.6209592732861
45412,349.16574271089917
45413,792.2539252778378
45414,194.73186731383768
45415,132.2938484344911
45416,155.6825740089237
45417,121.15360273872547
45418,123.8290313456902
45419,220.12572285161738
45420,284.27937517249427
45421,698.1494280261498
45422,354.540813601334
45423,457.0799397091532
45424,158.77037062679588
45425,131.92132220019965
45426,342.47081458686307
45427,305.9348117071434
45428,142.72589763825908
45429,514.8500220808911
45430,272.60610508012513
45431,203.1148143424555
45432,226.4599001139987
45433,410.9484657723722
45434,170.75939116425556
45435,264.4262942083743
45436,238.1461629189358
45437,242.3007546750614
45438,180.67784534371847
45439,186.92068543815466
45440,138.6042046502058
45441,462.275227230992
45442,136.5599223813132
45443,954.9147810368854
45444,201.05053038777174
45445,140.11810368684934
45446,240.64314467023823
45447,208.23098302980137
45448,142.4485481813632
45449,304.58507098439065
45450,214.4132226785289
45451,263.72270336532426
45452,192.77254143967758
45453,227.31459013272968
45454,285.83309733134183
45455,127.00833570702706
45456,717.7259267902305
45457,163.56751126508735
45458,151.53482351135838
45459,134.6358321064772
45460,367.9570859061172
45461,270.6225155888019
45462,148.08834566137693
45463,159.2965528721253
45464,337.54620528294873
45465,96.3505513831731
45466,193.32878847314507
45467,538.3785865228853
45468,745.7112425886481
45469,171.44954915975126
45470,282.0851580989114
45471,162.33663101530558
45472,185.91239366538562
45473,548.4893868237255
45474,907.2372204937998
45475,89.53584338670275
45476,211.1837204791045
45477,137.83321956793972
45478,255.85194873751965
45479,257.4897840432929
45480,195.37880049026867
45481,192.93795668311134
45482,468.391827981587
45483,210.78295689477585
45484,241.60073287822738
45485,190.24709251294922
45486,123.63618904071198
45487,367.8037918592144
45488,166.31368606720287
45489,300.7809409033665
45490,479.95064579611994
45491,178.63485315594392
45492,416.76628379710434
45493,391.1482636688632
45494,146.11313539673267
45495,120.0952762028826
45496,529.147442108169
45497,118.22672648034386
45498,218.38215122915742
45499,290.35210027352207
45500,190.1024528882593
45501,295.76546562639516
45502,282.24490282670376
45503,238.86259581917105
45504,120.6696266011964
45505,193.13460208771252
45506,707.0291786127668
45507,79.48120731769538
45508,611.3292237856118
45509,122.67629319293937
45510,158.23536591378854
45511,323.5021714107611
45512,198.14510644655192
45513,148.3549193484112
45514,129.17831246458448
45515,225.1417631470237
45516,178.99048464622513
45517,759.0546435375215
45518,366.0094702023821
45519,126.18010299756666
45520,179.71116805825903
45521,242.09506953359002
45522,628.4779438649038
45523,106.94753881926302
45524,205.20199600857572
45525,374.7071578734406
45526,232.6197485103343
45527,113.51705529766238
45528,384.15621378083415
45529,360.5372855137009
45530,161.3695817566442
45531,707.4635444745088
45532,431.8786778080455
45533,226.45866320359693
45534,126.31150074139319
45535,115.38771683654869
45536,396.7983031344374
45537,247.87731167279009
45538,116.02659272805226
45539,219.7372812190979
45540,195.28365061574166
45541,281.38694735746543
45542,242.28948975210383
45543,301.2456017248358
45544,231.7074341271887
45545,580.5210939559162
45546,337.3518513602894
45547,318.6091480699292
45548,197.59198827994933
45549,322.0887294534086
45550,1753.7572594665535
45551,170.02104098955783
45552,127.25837655271525
45553,133.92009391967576
45554,246.3364314608543
45555,606.5967071647357
45556,164.11804794302722
45557,118.75487814861651
45558,409.8324699054602
45559,678.8970146974135
45560,215.0940750268125
45561,395.8610443211814
45562,92.00992029376192
45563,254.45684661583746
45564,210.00162636606572
45565,281.167969756506
45566,191.78077482130735
45567,175.60119084655233
45568,185.96363008176746
45569,130.53937135796193
45570,363.2352087274439
45571,237.72129113219336
45572,270.160540834174
45573,578.6019027269509
45574,543.4617638783448
45575,193.69363275476223
45576,398.11886312543083
45577,258.8142185133417
45578,510.09606599196485
45579,100.04679256133419
45580,167.30529284363683
45581,241.35247032762533
45582,190.201622285321
45583,213.755427996193
45584,284.95903940843664
45585,206.88183054716706
45586,210.72954306346065
45587,252.3427691947867
45588,201.98074151992574
45589,415.52386348908124
45590,348.2673482753316
45591,310.1032914866382
45592,251.41026842318138
45593,327.78180340221576
45594,218.423744338886
45595,176.90810365687292
45596,287.07466842194054
45597,97.98037598729074
45598,745.1373067035112
45599,325.5881287989973
45600,170.6174832869365
45601,162.43663274300258
45602,286.95768346186327
45603,280.48615916171946
45604,148.91150366120053
45605,270.18736140535776
45606,153.14811259209998
45607,159.20442134907694
45608,752.0078076912356
45609,133.22248394777267
45610,132.09984501236252
45611,754.4354458666256
45612,269.1718957619667
45613,237.84938995958115
45614,191.27183775712996
45615,246.40706737680688
45616,887.0043132417057
45617,140.52783024005822
45618,150.1703324121896
45619,117.15874259837183
45620,506.65384790786123
45621,135.6794859082921
45622,99.06971557052977
45623,255.68309977563632
45624,611.4468732905359
45625,149.06405408285693
45626,224.05116791155547
45627,241.02306146642056
45628,258.51092571256453
45629,134.27978652831266
45630,574.0747080682479
45631,572.6208325336
45632,464.234748201764
45633,171.76210495102387
45634,249.08024910330076
45635,222.75579487056078
45636,337.81159785703943
45637,1117.102202768716
45638,153.77304536419751
45639,888.4231162228236
45640,141.81218370141784
45641,237.6249259558807
45642,181.3891975403511
45643,265.04997318266544
45644,428.2249013508833
45645,433.5923683888955
45646,158.50236881806964
45647,276.6153659091433
45648,228.20250487719588
45649,425.9437699751186
45650,130.36986327028987
45651,275.2538409241585
45652,567.3341014440268
45653,105.48920513660347
45654,224.5089860428835
45655,167.24070398738573
45656,158.79285751128936
45657,290.48812758126206
45658,186.56482010630174
45659,178.5273998983431
45660,391.0832039390393
45661,694.948334188548
45662,198.99161799359632
45663,141.78626461135525
45664,162.79136835231904
45665,221.0410488334658
45666,175.2418885993656
45667,112.1097634397284
45668,164.12639177023732
45669,130.70860613691576
45670,218.85493079667754
45671,137.18447991301042
45672,198.3042841920868
45673,287.89615559948624
45674,230.5724916208215
45675,263.8973687772205
45676,200.36903421348532
45677,653.4170283665835
45678,147.56578248890315
45679,271.7347151675635
45680,326.17182177185657
45681,368.52153119735164
45682,410.2585280590922
45683,263.2216028571021
45684,229.51912603774647
45685,213.44346142957755
45686,226.94074810382662
45687,182.7411331932883
45688,482.4019849477216
45689,468.8538291930428
45690,108.82197789520735
45691,202.74300608840386
45692,169.209844796058
45693,324.149205928552
45694,174.98403852306203
45695,184.8138613493836
45696,184.74264222418864
45697,838.5889705696565
45698,185.5995738653606
45699,258.58308730800326
45700,508.15987828833977
45701,338.13100655057667
45702,362.04981556814465
45703,696.5118844163189
45704,137.65015331898493
45705,199.588823345709
45706,298.0488025103373
45707,268.5885703691724
45708,264.5417817911341
45709,154.04800404322884
45710,215.63173872916698
45711,122.75475039337877
45712,499.90602560541873
45713,281.0531008516009
45714,188.88786251075942
45715,488.75989998996124
45716,248.61149574577135
45717,264.096385070768
45718,476.52757073947066
45719,2495.551632760089
45720,168.42440714980114
45721,241.65240478261572
45722,957.1681969329235
45723,201.2278535954636
45724,181.63700495421142
45725,233.8525822139378
45726,1999.23444808628
45727,589.6312458699934
45728,360.57489274981475
45729,238.95199792937248
45730,126.51763751358837
45731,161.7909678269934
45732,127.48194207111442
45733,189.05695070887072
45734,188.17328891637987
45735,196.13554869882313
45736,483.45068064679697
45737,243.78116928587102
45738,415.9708510248568
45739,303.58640036730293
45740,140.45846506430726
45741,267.2857532260254
45742,159.66058920273326
45743,178.33233874537603
45744,291.5703623713559
45745,951.0758756412316
45746,188.0860052037195
45747,566.5925898847091
45748,183.4996320175696
45749,1011.5575324702912
45750,194.3801580077011
45751,505.9267680377663
45752,224.3779429611467
45753,263.52521049492555
45754,197.584848183087
45755,140.54873658796552
45756,266.78926433339274
45757,319.75551126709644
45758,106.81844601170182
45759,124.75970678019364
45760,339.7826748958343
45761,1136.691744032963
45762,336.77579125667063
45763,433.7364526280778
45764,268.8276238837015
45765,322.8611194359201
45766,120.81132739098132
45767,222.66274429059965
45768,184.85992461566318
45769,456.42023290364716
45770,244.35869220354982
45771,646.2328287467761
45772,140.38008214494084
45773,462.7776703802321
45774,162.00584265239695
45775,159.18614977182153
45776,152.7329513140233
45777,127.98037346946376
45778,365.9461754755947
45779,374.2102392644505
45780,130.97490776643096
45781,313.5320157765674
45782,440.0730754956693
45783,240.28480772364412
45784,198.78234690283236
45785,176.20503491881817
45786,114.5726504021455
45787,443.8068367035723
45788,159.3217971549573
45789,147.7909204374305
45790,84.63862641065688
45791,314.32538109811236
45792,99.02047714228033
45793,384.1335198189656
45794,265.232840381585
45795,297.1038479254471
45796,222.44802639874837
45797,369.76962900385865
45798,213.85122292641572
45799,223.769989966373
45800,145.05369408672885
45801,141.39742816712425
45802,316.14762468105516
45803,197.77460611026865
45804,244.9320266786128
45805,222.20308134393906
45806,185.39538452701777
45807,652.3685962775647
45808,198.97045952902226
45809,184.3962782057261
45810,577.4051671377663
45811,257.74053574545104
45812,254.760091162048
45813,132.94661042175517
45814,204.31989639486903
45815,140.83625056150566
45816,197.33985827801692
45817,227.87027342488668
45818,221.19000117821525
45819,149.6150780742346
45820,241.48191548026583
45821,178.95476921218776
45822,229.14944910496752
45823,374.8379528569994
45824,136.73802695898777
45825,495.7697166133616
45826,110.5443688377368
45827,404.83729573671775
45828,118.1261870084665
45829,190.9709378512722
45830,145.58139806751836
45831,186.28533952337628
45832,287.17335866931995
45833,187.73040482720367
45834,296.0813287965213
45835,172.91407506175085
45836,159.00097994388653
45837,111.23091373625685
45838,253.38865884088702
45839,142.03844966970038
45840,112.14314345143235
45841,195.35878817399717
45842,564.9705486442095
45843,196.61719963050948
45844,276.98010483932745
45845,845.4995923715375
45846,309.8317970569696
45847,191.412389786929
45848,235.62136475694777
45849,400.675751577275
45850,347.3513233305829
45851,207.6625959490967
45852,182.80908137647796
45853,436.5229978775663
45854,194.47826977944177
45855,121.18991766074711
45856,338.89087619027265
45857,157.17193806929254
45858,110.17203148744473
45859,246.39947644560127
45860,170.62453294403863
45861,289.56985943677256
45862,135.05624953352878
45863,235.72907819188916
45864,206.8832090307274
45865,140.44344638052112
45866,131.3766093345301
45867,263.0809010592178
45868,327.4956607789704
45869,194.36769481976546
45870,116.41302224160826
45871,664.6810673353249
45872,744.561472745424
45873,110.60540699405814
45874,658.5438278001639
45875,165.28786884752265
45876,158.68829148160913
45877,128.5385900560838
45878,134.2610920435884
45879,305.12049443002456
45880,203.779984121954
45881,296.89895031705487
45882,432.92838285589085
45883,171.39333637306996
45884,511.13921023183167
45885,285.19613175972944
45886,131.8464671013595
45887,161.37240018947193
45888,711.6191656182893
45889,181.09570514565905
45890,180.48994480190666
45891,224.5754436833384
45892,340.12374921412163
45893,182.0460122880963
45894,634.3548729261008
45895,206.65139080126585
45896,330.5477921384417
45897,109.21980792642442
45898,117.58712924889988
45899,229.33322086076416
45900,169.2801426496775
45901,164.87458481935153
45902,131.3747930221022
45903,261.0912841663833
45904,166.13506739804623
45905,116.73410366641264
45906,538.1829261190071
45907,297.7407253766246
45908,283.1743963714104
45909,117.74248834766426
45910,78.72797091534954
45911,237.41067501735722
45912,276.0388663812906
45913,239.2460716481526
45914,374.0884070948647
45915,499.30208928155076
45916,202.5575237503861
45917,136.61001904893564
45918,653.3772641835002
45919,267.7497064847816
45920,119.94361187801317
45921,263.360782526538
45922,139.7527835729663
45923,116.30457193757297
45924,280.7329445734584
45925,284.9255005225104
45926,147.508074654962
45927,778.2151871332296
45928,191.89883867596905
45929,199.5369895257984
45930,475.68520343715164
45931,507.68333710190905
45932,96.2393224586842
45933,425.4224837816092
45934,172.13109284367857
45935,181.56014360443586
45936,203.68898807857732
45937,141.06776784542237
45938,317.92141742931125
45939,157.79254060221237
45940,164.9025682940927
45941,277.05241696451145
45942,151.09965588556707
45943,398.2984474304941
45944,359.36052938530287
45945,136.1983327727448
45946,313.88282168785776
45947,143.3206451606802
45948,94.40048288822064
45949,314.06393183879317
45950,158.09398872079876
45951,176.84425075868273
45952,471.8438115121703
45953,136.58127259954514
45954,564.6477305438225
45955,200.57546551387512
45956,470.5667949952378
45957,200.94202258309755
45958,211.63315580937768
45959,151.36608884140912
45960,490.96523871877906
45961,186.21168799090327
45962,399.8747849888741
45963,233.3758459967881
45964,171.34566936386238
45965,302.29514205609473
45966,339.0348508717976
45967,169.70600716670026
45968,267.56525444913643
45969,377.81808375677787
45970,105.95753878327139
45971,419.4877275167503
45972,200.20836432415112
45973,323.0960538636147
45974,113.75325012406498
45975,151.3868092472065
45976,397.3088644008826
45977,563.5227751368825
45978,335.5255553033677
45979,124.17148551254546
45980,133.34257646548866
45981,368.74253992005276
45982,527.3920463265792
45983,227.57825895029652
45984,241.91384547830475
45985,179.80161463324077
45986,175.82011749916285
45987,397.3355039325944
45988,223.9122451802446
45989,145.2428684641007
45990,1192.0266420808896
45991,152.51362798824778
45992,286.60511221502003
45993,142.623817246558
45994,570.1522399637103
45995,211.11830368518562
45996,212.98463570076945
45997,132.13912480358778
45998,526.7951201266401
45999,349.9061002225992
46000,232.17420299203638
46001,232.6258787666584
46002,174.01176881120486
46003,202.00239951963488
46004,247.7568503207101
46005,403.3351881961212
46006,223.89014789985583
46007,142.43048657894258
46008,475.1597383196642
46009,234.31039708619915
46010,116.79459564850994
46011,317.86330546034526
46012,278.57728512298894
46013,789.685063185526
46014,190.5952096007698
46015,155.75812965423253
46016,202.3084375435758
46017,133.32783378945064
46018,329.49569808304295
46019,425.5644564175091
46020,280.08000383772435
46021,158.1110289168472
46022,186.5329013030498
46023,407.8843676360579
46024,873.0858280474974
46025,279.8089692078907
46026,216.73727445098484
46027,260.419956378757
46028,209.2500354846873
46029,148.368091687299
46030,127.62212228882241
46031,348.78462661968354
46032,194.246190368473
46033,561.1986398142038
46034,181.33736707640685
46035,279.8743003345442
46036,224.08745835176222
46037,149.6895989130828
46038,107.09725147835042
46039,321.1811334779355
46040,153.99313484384422
46041,215.77132464599327
46042,59.34459120769104
46043,454.47709666252035
46044,216.98574996848834
46045,205.94000145872747
46046,216.94425725492192
46047,232.7267784589624
46048,192.38135016230504
46049,121.16518236863841
46050,398.0323440134009
46051,173.02232287526758
46052,152.04651235598766
46053,531.0496622277092
46054,182.62610333786984
46055,164.1077382568638
46056,150.91593054599514
46057,131.55927976796843
46058,164.0349869068902
46059,301.2704835510104
46060,178.87154632014298
46061,525.6986755232149
46062,461.36398434382187
46063,343.6587858339488
46064,814.9762021740975
46065,271.31383254101445
46066,194.2701026578791
46067,116.42922217997798
46068,288.70978720416565
46069,406.6904726734002
46070,161.6420324930426
46071,199.35716426687637
46072,201.72294467566044
46073,96.43173838780999
46074,276.3126187043722
46075,165.73262695013946
46076,275.5632264984188
46077,505.2681195151277
46078,134.66210518798275
46079,181.07534652416481
46080,348.2266716962024
46081,213.01481622875642
46082,253.81960338023362
46083,128.70141955011513
46084,176.38393368394907
46085,515.0555988354675
46086,257.5395286408788
46087,119.51059682787425
46088,205.29783245260742
46089,241.91199416871063
46090,259.8733897661493
46091,173.478058218959
46092,219.70108162044318
46093,366.50331307212576
46094,135.14891621900483
46095,300.243845997294
46096,176.19262424659118
46097,291.8012970614806
46098,162.42677988235303
46099,302.1762987312308
46100,722.7745783921168
46101,317.444172119745
46102,322.6050096139184
46103,158.6813998436128
46104,156.25158126095113
46105,316.09178612020736
46106,207.7669655536123
46107,314.33167991169773
46108,317.20642646850604
46109,1188.8089167915205
46110,277.9813435499345
46111,223.75686361995056
46112,815.5722367404558
46113,164.7632886382637
46114,355.78236923296424
46115,162.6554940070602
46116,322.4789856501234
46117,114.71636541289011
46118,110.38019090782447
46119,514.9638309157626
46120,261.7394670096221
46121,105.12420691571758
46122,198.34573842140802
46123,535.9429021075322
46124,466.2697851498146
46125,131.034136818291
46126,278.43411854437227
46127,116.81344955804131
46128,499.38034077284533
46129,319.2194118532637
46130,361.4874174307882
46131,194.4786490552134
46132,742.0586471952937
46133,114.26086423310855
46134,160.00197315474415
46135,163.43191073527498
46136,212.0714780281401
46137,300.8935452621386
46138,299.13750824189225
46139,101.22021148215093
46140,188.29516756629022
46141,152.3212841255139
46142,730.104172268966
46143,267.63930036360915
46144,250.8361373687818
46145,297.078528140314
46146,238.02971003783904
46147,602.8234706717952
46148,253.71814277257636
46149,233.88716960214435
46150,315.4403997292476
46151,209.85595961344407
46152,236.9895980145906
46153,246.35879319560328
46154,429.561534264615
46155,147.72333930584935
46156,323.00621311270595
46157,98.09945534370739
46158,295.4605283416452
46159,205.20345204521863
46160,145.94931820443307
46161,480.11258025784
46162,279.5125290156491
46163,325.04682030428785
46164,210.5801693916749
46165,190.87499578513965
46166,251.47597384751143
46167,307.6905609106529
46168,263.6028321870301
46169,178.82256143739295
46170,123.46060796123842
46171,228.02485847241462
46172,827.8111388936552
46173,378.7531215766022
46174,94.14786490784262
46175,129.7665194103611
46176,148.39066067575934
46177,535.0254697260268
46178,407.93861674963074
46179,311.2983486742826
46180,396.02958865496703
46181,638.6827895945811
46182,99.58627025092393
46183,191.68641541531127
46184,137.32376225225815
46185,279.0398217044741
46186,462.16187868946946
46187,213.42776693487284
46188,3816.6185806714575
46189,440.159016535776
46190,164.85324280123928
46191,312.9777923731133
46192,131.92541233546814
46193,125.14634151022233
46194,135.87864379750005
46195,101.51755683540834
46196,212.13802252261925
46197,163.32189688293107
46198,397.5512238986253
46199,241.90513888402674
46200,171.27410171516024
46201,308.27735082282476
46202,232.98985456102332
46203,204.25785410918226
46204,109.07247252861431
46205,304.7285794590663
46206,348.07198114985465
46207,252.57642515757212
46208,255.58414618805733
46209,487.37590356399784
46210,262.18956607087404
46211,292.69876104326795
46212,160.29488234910957
46213,181.808936711433
46214,617.432799562706
46215,162.92806034719268
46216,110.62936045734052
46217,188.61921775366724
46218,146.75608882001686
46219,178.7966298595457
46220,154.29722828444227
46221,333.71181737888037
46222,707.3644870237061
46223,130.24835968618083
46224,544.6368978853427
46225,263.92752744115387
46226,204.5981983234617
46227,118.96015153445157
46228,517.0299409572864
46229,198.8192586619867
46230,450.84788536364937
46231,255.4133492235428
46232,366.46839927922815
46233,145.42436181489148
46234,108.93801766422828
46235,153.33715601203414
46236,204.6002393753755
46237,436.97379027840805
46238,241.98707844877381
46239,55.55592497893222
46240,271.8943554573275
46241,513.0933993807704
46242,234.60731469965145
46243,152.33984450594147
46244,174.45151824836623
46245,175.8273319827667
46246,326.6912864878077
46247,472.4454278281
46248,187.45101918442955
46249,165.71823536879467
46250,71.84443458373589
46251,233.50565198156767
46252,439.7397574129118
46253,97.36023058666252
46254,1323.943236583288
46255,324.5703964988717
46256,167.4091672745795
46257,372.18421760917647
46258,162.99192882064065
46259,205.64378229998812
46260,175.0227328230187
46261,766.433269609175
46262,150.1951884789205
46263,261.97845637557435
46264,106.1788684615376
46265,332.3678297956688
46266,221.97732057206483
46267,180.79828988401542
46268,695.2449655299876
46269,176.17149185908704
46270,205.25977657740182
46271,144.15153801148605
46272,231.39690066418385
46273,235.33387399757987
46274,150.2999319972263
46275,175.03900956410618
46276,132.70070529039427
46277,316.415855288218
46278,161.93713828029405
46279,128.17948014996924
46280,117.62204900645995
46281,261.21765552138675
46282,216.52306278912175
46283,309.18694668957465
46284,140.26019982111583
46285,342.28644016607035
46286,209.7599144019062
46287,210.8201779525743
46288,1445.949621881872
46289,260.2895083997324
46290,115.44883351355632
46291,113.01807414037371
46292,1268.5202143794104
46293,263.3141632230364
46294,174.88393247177007
46295,326.0275487583123
46296,202.2558554881731
46297,357.17100201352923
46298,324.6392590108576
46299,397.0277597677347
46300,161.5576981698753
46301,119.95794804690722
46302,135.44506500203136
46303,552.430488234771
46304,174.95446526213019
46305,175.03583173128973
46306,206.07567593969668
46307,331.663963845114
46308,193.25510047013094
46309,442.67486636399997
46310,177.5805180569555
46311,539.3313115331897
46312,295.4223477362686
46313,131.07636694967158
46314,516.9195944138132
46315,130.7485046862827
46316,127.08223179416085
46317,279.6547990554604
46318,195.4310851989945
46319,256.88941956667776
46320,178.63725166974626
46321,283.33904313755846
46322,246.03547677518682
46323,175.70700562777026
46324,119.52954355164866
46325,319.49857020301897
46326,240.9114921852015
46327,109.18262712061028
46328,288.00940006459456
46329,236.56377650758066
46330,119.99490072336204
46331,166.31805679949585
46332,240.99202370960614
46333,113.62849274072002
46334,175.29355151653613
46335,201.79504246837007
46336,325.98474743158783
46337,357.88868424575173
46338,535.6901006402097
46339,236.3974087463411
46340,221.29286369715595
46341,253.313804139368
46342,173.43081391385502
46343,551.5517432567524
46344,468.9493397692136
46345,209.12983515208825
46346,157.50500975977033
46347,233.54569112397428
46348,180.61022630226626
46349,572.1682800851619
46350,132.85235264522333
46351,220.99533535216804
46352,191.7170053994861
46353,172.8172406972829
46354,127.45243734938597
46355,159.98921665464331
46356,190.7691220488737
46357,113.67958964161683
46358,398.7907145398186
46359,239.01584562522385
46360,225.1438399985222
46361,226.3324569473088
46362,544.0180160197458
46363,287.32146493700156
46364,171.44631057172955
46365,199.0193104048163
46366,185.64787729441232
46367,227.18808390283195
46368,166.3326089933091
46369,343.96709832034225
46370,321.4672306141046
46371,563.2382943320192
46372,355.8155085769189
46373,180.130637841072
46374,1102.1731094621916
46375,248.0421650685648
46376,91.55304725253902
46377,185.0967992558907
46378,216.69237562010892
46379,174.79270494710158
46380,197.78888443485653
46381,214.28039225668576
46382,190.31359530759474
46383,127.37014684700885
46384,131.89130307018144
46385,561.3902677716009
46386,180.58504661735665
46387,200.19380367574593
46388,560.7631960711811
46389,233.06837728191724
46390,319.9779725805931
46391,423.51669414544426
46392,259.8035294634855
46393,162.5410214647536
46394,253.17639445393942
46395,235.70709487230144
46396,196.4746741722262
46397,207.26258161032445
46398,388.2003632497318
46399,366.25331246886196
46400,746.3274097968185
46401,398.6429943583126
46402,154.37740962295229
46403,176.18077631366955
46404,265.89847329125894
46405,214.46342041917137
46406,274.76212214692305
46407,352.17831494942504
46408,615.1056258951756
46409,300.17312236711524
46410,158.53615283563087
46411,201.8142419173117
46412,184.46971038242987
46413,203.28020445581808
46414,166.15784246745184
46415,202.5302459401598
46416,361.3298541494098
46417,121.45869703888164
46418,1360.792205854828
46419,82.67275516065503
46420,151.22902072756108
46421,323.8028586003804
46422,212.43086570640392
46423,286.99669014842453
46424,107.56511672665276
46425,488.22347195864097
46426,308.455723937912
46427,157.76828906533981
46428,324.6596136531134
46429,80.0407955911947
46430,240.0705275294748
46431,190.17095294470033
46432,145.2240777522937
46433,116.14651453766284
46434,205.89791538044798
46435,339.86390491081664
46436,255.10112516114387
46437,206.86810422169586
46438,217.04717979096898
46439,757.4391815406082
46440,105.35776382283862
46441,329.798384487829
46442,167.35834121161488
46443,158.70564787082313
46444,261.87470942184734
46445,258.99136689093814
46446,273.0955809861851
46447,229.9209861657448
46448,764.0415483718587
46449,187.70480593041844
46450,565.5413520680868
46451,155.72925758782227
46452,150.1091451975124
46453,295.9387733028956
46454,122.37545359036498
46455,149.03604149427315
46456,737.4836450602019
46457,334.210752753775
46458,189.10114237009714
46459,537.5024364109173
46460,408.33512275886693
46461,123.71773129906138
46462,121.31579583330785
46463,355.53649040691687
46464,158.9409071831821
46465,142.9267864150341
46466,729.2995275060103
46467,388.3389946244654
46468,189.9776910728273
46469,547.1929072799668
46470,816.3004033493219
46471,243.95835900928097
46472,271.27198683960233
46473,221.51898672488923
46474,209.5954465807981
46475,166.5741080301524
46476,181.9193355130543
46477,137.32996743771972
46478,423.29620055478256
46479,541.6468213969641
46480,216.06782139064015
46481,135.50806445634936
46482,198.44734027660118
46483,300.64286650654367
46484,174.2468689199285
46485,130.58900050772564
46486,209.57505592600674
46487,280.0235621671594
46488,310.5665793487147
46489,125.79443087633693
46490,455.05166124751565
46491,205.22853565630172
46492,296.87351660338675
46493,265.5297818427459
46494,396.77908906430554
46495,167.73417770485958
46496,209.36421605587392
46497,243.09815198191978
46498,968.7276599992451
46499,385.75073736871923
46500,268.887979530398
46501,182.1911239148899
46502,123.87858124400888
46503,434.95547074837856
46504,117.53162255722512
46505,229.32243803250333
46506,248.5666810678786
46507,127.0124927804168
46508,516.16120927192
46509,336.28468812307716
46510,104.17040638929723
46511,111.08141366073113
46512,109.96207767334572
46513,73.63345555428195
46514,263.64612992077247
46515,231.20557805531638
46516,224.28814094486788
46517,126.21234329676611
46518,147.52288925842063
46519,633.8490363154131
46520,109.99700614941305
46521,261.9010727385151
46522,183.9392709714731
46523,147.98584315586768
46524,127.07036857649868
46525,559.3379368531836
46526,90.49424086068574
46527,2718.9233032440557
46528,188.37677727338377
46529,154.47732104217587
46530,234.54265872781227
46531,425.5770351301713
46532,243.8461350036142
46533,621.0155189003922
46534,225.3522218321894
46535,246.56677197713503
46536,174.27885312566724
46537,790.3196256571632
46538,319.98879706181174
46539,170.9551791754074
46540,945.177339623703
46541,308.3919287968792
46542,119.61427791073068
46543,121.86230767168622
46544,243.219432366564
46545,273.3548995827181
46546,188.3702895420179
46547,380.9313083588872
46548,186.86265256204655
46549,238.87620147251806
46550,220.80088554484772
46551,178.08576515961198
46552,263.53817004351407
46553,174.21938071882224
46554,173.2957906461486
46555,287.85033097212323
46556,587.5643426013959
46557,153.2015525531138
46558,621.1481538540629
46559,101.21255861886124
46560,296.6443930350987
46561,383.0190992542478
46562,127.2478124487486
46563,199.50983885018385
46564,266.4693071867176
46565,138.7975160642552
46566,133.31896023598983
46567,248.93990853326355
46568,154.81424739656694
46569,514.383881200585
46570,191.78343336478028
46571,132.31756687105678
46572,286.93658427691264
46573,260.0421576881157
46574,177.1774018427437
46575,201.03514114281637
46576,261.5902883795418
46577,218.28557270915275
46578,658.570654744457
46579,202.58974279523795
46580,223.62624458436022
46581,142.21649440082555
46582,127.59769409035955
46583,379.791398738752
46584,321.9738711759599
46585,1483.2299849310155
46586,198.5375929113015
46587,143.17804962217213
46588,240.70277792705528
46589,274.49027474375924
46590,268.0544668993792
46591,184.33273433740726
46592,323.88425405941695
46593,146.67254521518464
46594,171.92972507910528
46595,157.11790863108646
46596,446.5956356958289
46597,200.1860949886736
46598,219.51769090145686
46599,431.3986832835591
46600,402.58912974224154
46601,340.7783215314027
46602,261.4513328740139
46603,159.0811246243718
46604,370.09547900531624
46605,195.68721077015653
46606,205.324332406117
46607,50.08582634580869
46608,294.23126348425563
46609,261.95686206347057
46610,341.95521050973036
46611,376.19709273864856
46612,158.73605891839978
46613,396.60306872784867
46614,130.67330937351437
46615,348.0058458990228
46616,186.94013967894534
46617,260.19099479224207
46618,180.4226808009195
46619,133.27539007388984
46620,211.7556022158861
46621,238.94248802381168
46622,240.06265664292357
46623,88.79656756392433
46624,142.40174058994708
46625,266.9740621621102
46626,279.9928601381158
46627,340.43624390335606
46628,206.3498049637547
46629,237.61518291469588
46630,246.3025490941087
46631,187.09357733026496
46632,253.05409379071529
46633,356.37188870932147
46634,363.8961802967156
46635,228.59870146252032
46636,751.4071784051519
46637,289.7317285469223
46638,125.7484409133563
46639,456.64353046992676
46640,411.10892675642447
46641,304.88780085016464
46642,1349.6381211300704
46643,656.8893132952353
46644,251.45524626502365
46645,539.4263323810738
46646,152.00063005204277
46647,269.30951665702844
46648,251.87595367319398
46649,420.5299062329824
46650,294.30026496630535
46651,137.9434515251871
46652,181.87367355700252
46653,139.24574547784374
46654,467.1602338693977
46655,795.1302240576571
46656,179.5742112387132
46657,136.95814670568402
46658,292.6309083149223
46659,548.9033088172007
46660,364.77767849909736
46661,238.38046838949063
46662,258.83887660439274
46663,233.4871378571873
46664,245.38248218782806
46665,113.61811210791824
46666,124.88587639259755
46667,253.54361044566747
46668,212.32307385837746
46669,265.27475891050943
46670,204.57675101063188
46671,525.3877905211428
46672,92.9685160275082
46673,261.86671071843114
46674,98.7739677806691
46675,364.438323387028
46676,162.7171009149471
46677,461.9880074649031
46678,122.93970316795266
46679,145.18348357714623
46680,166.5697667697743
46681,258.9802251059113
46682,187.5121906247278
46683,123.43834902746208
46684,160.12484093022385
46685,369.5305382044126
46686,182.56280897918168
46687,355.5398166337609
46688,305.94243484899505
46689,153.2258674427565
46690,153.1593137020255
46691,194.3274410365936
46692,85.07911021413196
46693,127.88294741632433
46694,509.7813179468008
46695,317.5693855070402
46696,234.59205063984032
46697,110.55905995914532
46698,199.57904076513958
46699,701.3819794901086
46700,89.37533286320502
46701,179.76213050115734
46702,261.3522352774825
46703,130.73497574681738
46704,229.9100166476934
46705,135.85542419509432
46706,251.9396307876687
46707,745.7294566973693
46708,227.68012250561094
46709,182.70018681149446
46710,138.90258898804893
46711,234.75638474726978
46712,180.85887280675675
46713,249.44579036119313
46714,237.54050902005355
46715,463.8185760290066
46716,272.7082953650657
46717,271.6682781706384
46718,607.8894467810933
46719,166.53580490107717
46720,150.31481817988617
46721,365.9781371522775
46722,289.2313457062064
46723,306.67614025229864
46724,117.98991352383221
46725,520.7325259799442
46726,167.5658077524241
46727,168.2960045437014
46728,219.0908535775539
46729,183.28707991727669
46730,147.36930512150454
46731,454.562467932164
46732,220.4215705634786
46733,125.1622309829959
46734,685.0126521307913
46735,117.9978007113184
46736,196.5746545339635
46737,237.4668113375409
46738,228.45834710894377
46739,208.09939892918766
46740,303.61880603000884
46741,147.37478174832114
46742,121.49053881442138
46743,222.9963378982139
46744,233.4250007952306
46745,236.9443384036302
46746,124.33332644795638
46747,267.50688410917087
46748,617.265917751745
46749,240.71901919016858
46750,149.87961000927987
46751,112.23167647616745
46752,198.45903510221729
46753,227.91474696872777
46754,322.5784245929379
46755,383.9569424355104
46756,177.26355693850624
46757,88.85025831150244
46758,142.33726516970205
46759,507.5097113897789
46760,145.96831945816862
46761,180.88274994502703
46762,773.5905272967564
46763,303.0211989556855
46764,206.06858573995464
46765,641.7589764073668
46766,340.9606267318754
46767,111.59986181810378
46768,110.80947183887733
46769,212.15973549546342
46770,364.41735059523774
46771,201.8051117277422
46772,482.5620602391205
46773,304.11331552229194
46774,259.8816151887879
46775,288.3136732276891
46776,176.2357022183396
46777,561.2351375734999
46778,188.4897643427378
46779,227.60456356117663
46780,443.0106316552342
46781,150.56558913162831
46782,512.6931012480907
46783,184.72832553699396
46784,174.7066583127233
46785,1121.5798786345965
46786,216.83840203485335
46787,505.8098531349948
46788,115.01729623851784
46789,245.6198540259028
46790,394.34867153961306
46791,358.97039905740934
46792,91.75673540596476
46793,679.3261656890433
46794,174.81574630561875
46795,146.0466371194616
46796,163.7713913796557
46797,336.1353568706474
46798,162.0892227497329
46799,181.2432084269935
46800,109.47550427547813
46801,191.7792460472414
46802,281.2991868591132
46803,164.3215448831646
46804,168.1371782858214
46805,177.6564663607974
46806,512.8424958677738
46807,152.81203624090264
46808,207.88475768181482
46809,223.45489179720892
46810,310.6712150483556
46811,112.24371675840348
46812,393.49335687173794
46813,135.22847171754864
46814,147.58647107416058
46815,374.5442218040627
46816,191.83178809974106
46817,383.9574897292287
46818,452.0932893633222
46819,241.38870512351187
46820,783.189649368413
46821,142.21662567855068
46822,118.27363787243696
46823,116.58009363901955
46824,207.05453898277923
46825,312.3386794127256
46826,356.9673345076779
46827,171.1895675010675
46828,360.44889392249604
46829,700.6902757922011
46830,265.5008755686891
46831,180.40908812761072
46832,170.0476993473561
46833,740.3416789972506
46834,300.7618313387832
46835,136.37049825206435
46836,148.02479348913448
46837,211.33872099228958
46838,372.5923416753939
46839,217.67376786986802
46840,455.4964929415059
46841,141.47627893298966
46842,346.7103048203501
46843,869.2042378703417
46844,87.43232464062784
46845,207.93827026011877
46846,125.40687219658817
46847,222.17534903041894
46848,331.5720073297422
46849,180.50923741543488
46850,393.43119942091596
46851,336.0666345433877
46852,161.55492353152113
46853,279.79784947719673
46854,158.8353517171467
46855,91.70787918225173
46856,678.2032057768874
46857,366.9343909452859
46858,193.56756818611083
46859,132.7619055490315
46860,131.43845412129355
46861,506.04353928265556
46862,211.39198447415205
46863,205.5645286375764
46864,230.67548709057778
46865,170.7952565234068
46866,173.94203867509222
46867,169.68711320192506
46868,217.27898439770595
46869,192.77458158378317
46870,220.11581106042735
46871,528.4517716706675
46872,391.7511174611247
46873,315.4683988836193
46874,173.27830705547842
46875,211.7301306256342
46876,278.54701193148645
46877,340.33154402220765
46878,596.6638076967561
46879,269.70605544724924
46880,454.74226582681223
46881,123.141306827955
46882,295.8590126060137
46883,181.43134002740226
46884,77.01847059019553
46885,290.2669797135874
46886,226.89295322115
46887,150.26839785949335
46888,298.14954513327496
46889,291.4127196842975
46890,229.3795260089201
46891,336.54153305180625
46892,213.35106016520973
46893,634.4302483637506
46894,122.97872970205466
46895,285.31711504602663
46896,507.64848825278966
46897,113.68040548634981
46898,208.37804170437795
46899,159.91252398424623
46900,262.668672302649
46901,294.9749577812197
46902,176.83370274726713
46903,125.42413993697076
46904,317.7510737703307
46905,195.23077746323952
46906,182.647554725771
46907,113.27243675983748
46908,188.36819384211265
46909,131.47855943830334
46910,198.94284810680614
46911,228.36140929677774
46912,223.9008864037618
46913,309.29353479392284
46914,268.29930381309583
46915,153.1607844949015
46916,168.22965980792043
46917,169.5640902061119
46918,279.9504843892429
46919,150.8388111039633
46920,170.0613723269902
46921,296.91955967803773
46922,403.96978380632123
46923,341.3510388304199
46924,285.9569837349859
46925,230.3038760007257
46926,455.983457060341
46927,257.2690906321311
46928,259.09038268319966
46929,124.93568819523992
46930,377.38804052738095
46931,127.01909341100375
46932,244.80380395684116
46933,372.14342494946743
46934,142.57765638118198
46935,275.4710007599234
46936,265.9450178964271
46937,168.7025807819542
46938,197.52331768898543
46939,411.4393635672615
46940,188.94682954398223
46941,384.47797018263566
46942,150.8210122630646
46943,334.47568398932845
46944,149.26724719143326
46945,161.83762509004845
46946,321.72475892435546
46947,209.26894808635495
46948,541.4662522273371
46949,217.63167656729286
46950,194.21735518891603
46951,93.90645173767065
46952,210.19319483932543
46953,251.8428423989377
46954,117.29510834462035
46955,180.37742533152687
46956,380.3328486474143
46957,227.3821752756571
46958,141.63629421280342
46959,329.9598819080263
46960,181.44365566993315
46961,191.77902657592347
46962,192.5199168141315
46963,241.24116600835237
46964,428.9358166049074
46965,196.10911920575398
46966,470.53282457224935
46967,642.2313644122322
46968,370.05763998805367
46969,179.8313505148171
46970,146.92044333677396
46971,187.9943426350507
46972,363.6502574043312
46973,356.83737522549836
46974,144.29446994256222
46975,166.66387645685495
46976,232.07976573314218
46977,197.1968087499187
46978,122.0216385286921
46979,405.1145717796788
46980,159.0811487654178
46981,419.67050802978275
46982,111.24404738280289
46983,283.5796508523406
46984,321.18187753627404
46985,153.97979521915747
46986,225.64050934950885
46987,207.81484747817015
46988,210.62131641319428
46989,198.84566432667884
46990,210.33193501894553
46991,458.96708363690436
46992,81.0638025277588
46993,180.86293993755717
46994,858.7996358076921
46995,152.76349732121992
46996,165.55327017922184
46997,107.38330412614069
46998,141.07767870334575
46999,129.0106270513223
47000,208.30220868743237
47001,354.10540979451974
47002,155.0201844024789
47003,226.8939289669952
47004,200.01005306718437
47005,166.3373667397965
47006,292.23203432514356
47007,193.1053886470616
47008,406.8879169398814
47009,109.36356256292282
47010,318.91757539934406
47011,388.76385059361644
47012,183.41184038507387
47013,141.39993344864388
47014,182.84832802276304
47015,243.0258826628498
47016,165.89133101753703
47017,268.9464816124593
47018,159.75061749620275
47019,261.67796881233556
47020,125.49593404894938
47021,141.08839807153007
47022,172.40656007493251
47023,485.51891106430753
47024,252.01884050018464
47025,183.5076166183832
47026,118.56518218293984
47027,245.2459008769553
47028,462.83622310387653
47029,118.12524195930044
47030,115.28945244552398
47031,212.42474186245937
47032,235.53287544534106
47033,454.83732991326167
47034,186.8749595780068
47035,356.7999697777298
47036,224.8707321228495
47037,99.02528708213677
47038,182.69983500530756
47039,273.4852373743434
47040,488.83192753458604
47041,1127.1255004525467
47042,152.7048802618244
47043,367.5082729196926
47044,275.9253011072984
47045,154.44061499830997
47046,703.6811148657841
47047,338.9223177553352
47048,120.46028546732337
47049,181.69082593337419
47050,150.67535168594173
47051,413.51817082163313
47052,229.0400493541062
47053,134.4206362740684
47054,136.97847053796048
47055,159.08516429825377
47056,168.62001894832412
47057,202.04527914907686
47058,220.13098371118912
47059,330.23574968653605
47060,276.29187520825127
47061,271.3329073561996
47062,271.71415115628065
47063,147.84313258451175
47064,153.352425421515
47065,128.7912729558865
47066,342.16206246755144
47067,116.49747063379208
47068,225.415474922522
47069,807.1276239203203
47070,191.73324767749918
47071,175.8369393066447
47072,215.24950560979048
47073,181.50178237415867
47074,178.66937570463915
47075,248.54157060940636
47076,200.6905171487482
47077,180.18882875293912
47078,177.67144093170575
47079,144.70527147459373
47080,108.7777023991088
47081,379.35595290361425
47082,166.96966393981617
47083,577.4492257372923
47084,257.9327456436989
47085,230.7700193624994
47086,115.4477493434354
47087,174.68380779967276
47088,253.31232920760303
47089,239.63581542389446
47090,174.7986215809033
47091,170.95578559176718
47092,152.9288688222611
47093,210.20535937489802
47094,224.85643279371945
47095,145.028599315637
47096,153.14671770401895
47097,256.05691345669817
47098,350.5509048481996
47099,422.05596254587573
47100,487.397524668163
47101,283.3695850793785
47102,189.59713937225365
47103,309.2880014229697
47104,188.48898608685315
47105,380.6739559659276
47106,158.12591818600012
47107,151.44009704334988
47108,338.121514373378
47109,160.17314955973333
47110,1017.6458444808504
47111,181.63199256710627
47112,165.9160982781388
47113,117.6522934884945
47114,121.10207731818862
47115,623.1680410425492
47116,107.13054184317737
47117,221.06602041079475
47118,249.60915108930632
47119,122.72352085906795
47120,258.47381283210206
47121,288.818191228817
47122,245.24536327060858
47123,296.0914430041499
47124,1404.962452557634
47125,314.4820536360441
47126,202.24016410430468
47127,220.3712113212078
47128,343.5032748970641
47129,197.90205515935156
47130,359.48867768780735
47131,455.84906308979936
47132,1107.54630696182
47133,124.58501291810954
47134,128.96364665868188
47135,225.87084793005602
47136,309.6264890864908
47137,239.63888228105523
47138,179.23408991784558
47139,175.11374810322772
47140,295.40242047261916
47141,219.9984113432867
47142,525.1407320039045
47143,622.1312689557271
47144,175.7038042582103
47145,199.49217057483546
47146,279.80549082521674
47147,140.57204678334378
47148,135.2843849533964
47149,143.27496412141318
47150,235.32063145504932
47151,267.24935684998746
47152,542.4980297679183
47153,481.5664172789589
47154,330.931556163896
47155,185.76048543445216
47156,130.32726207126052
47157,182.97562209235176
47158,125.93424882954105
47159,372.7257610188261
47160,191.75711843497172
47161,1108.3850622240525
47162,367.75111163744
47163,280.32412115032804
47164,146.6909840047636
47165,195.74691779948424
47166,177.2453284810444
47167,249.8194713609349
47168,533.9668375463033
47169,218.07323190085148
47170,184.21533659309821
47171,133.43432042265536
47172,129.7234725178444
47173,178.2056029410854
47174,393.434778687356
47175,146.83506551307008
47176,220.3739516224469
47177,216.00651195036838
47178,208.2717101344119
47179,261.02869342128554
47180,226.1239809420875
47181,274.00374781395686
47182,220.78553360513118
47183,335.8363426859608
47184,90.4584249687202
47185,91.04229376136901
47186,414.4216546678566
47187,621.6397954297805
47188,147.25618818993198
47189,203.68329771021288
47190,407.3304940969022
47191,279.80840634776274
47192,160.67984911935508
47193,474.66021181851477
47194,190.67000237430935
47195,184.0635642057721
47196,231.68516399673064
47197,171.2216143901803
47198,230.53728208925034
47199,373.93758013554964
47200,175.58950144837434
47201,132.21082780315604
47202,301.90883956196507
47203,224.2454455482984
47204,217.13608867871534
47205,488.978268429265
47206,160.8114054311841
47207,82.92897140491154
47208,184.58875990731153
47209,339.640614727381
47210,119.89382502695241
47211,239.8396398993134
47212,132.65063424894862
47213,238.41299934043764
47214,202.03375433035643
47215,176.14212089579112
47216,240.27925469413069
47217,645.6969980717793
47218,289.7352787500836
47219,188.53842736899296
47220,118.11982996425927
47221,352.55767903909987
47222,217.43204466295091
47223,236.61481102510328
47224,248.98888353963443
47225,177.84431011652185
47226,477.01123598501607
47227,326.0919748656414
47228,185.19486841212222
47229,128.03186682508618
47230,234.43090987178942
47231,379.7033788109157
47232,205.07592943554948
47233,270.0261715864814
47234,249.95401627572068
47235,243.45530891656367
47236,223.15122764412948
47237,195.1273657028266
47238,234.09188686899898
47239,200.5692128144172
47240,183.9618307058248
47241,218.99111054071972
47242,174.5119068106305
47243,125.7978389616051
47244,158.67824345156038
47245,288.55167159751215
47246,276.19051702951106
47247,773.8854252852603
47248,378.89094703284
47249,343.7191630910099
47250,151.33370750664668
47251,186.61765748613914
47252,262.68092234064085
47253,165.1768554966126
47254,201.75733275447104
47255,161.68024717727613
47256,308.6864976766627
47257,364.671632292259
47258,152.19812079783986
47259,234.5005007042752
47260,293.0053062949713
47261,131.18116392993701
47262,133.19643863166695
47263,366.6089827905459
47264,122.99820868868974
47265,227.2256421197253
47266,378.03330398334424
47267,213.61485988857476
47268,343.3818884772786
47269,244.95411359094854
47270,150.2920253117451
47271,198.57484469046395
47272,329.8446782848511
47273,224.96138137275503
47274,230.4202803703967
47275,208.018960502364
47276,225.98518565001328
47277,253.8948163714557
47278,131.14972532087205
47279,158.24105870865063
47280,163.69120284766007
47281,359.4584810363914
47282,351.13460615769617
47283,459.491092018105
47284,384.85262709462245
47285,162.07627278183045
47286,320.5909956355506
47287,813.4439335507172
47288,240.68042234351023
47289,129.49371048243222
47290,226.26185776679813
47291,196.25133902400142
47292,412.8698483860795
47293,406.79631389741445
47294,263.5129535103614
47295,240.64918302579295
47296,232.94346315605137
47297,149.3159325158648
47298,283.491513811637
47299,177.05177651241593
47300,284.73635669216037
47301,212.8452666468817
47302,137.75265868704093
47303,197.7196104588552
47304,127.9661659157415
47305,262.28766170764123
47306,256.72230624098944
47307,258.5983324329543
47308,298.7059820320093
47309,389.0310386616993
47310,387.16692762596523
47311,681.3309000532438
47312,228.96850359986095
47313,236.9727110707937
47314,1063.6225855440318
47315,229.65148684530965
47316,545.4063956284258
47317,197.38951292631324
47318,185.33962850164832
47319,501.78098684806855
47320,238.96041992115855
47321,250.69778460630178
47322,359.56406778292336
47323,202.2853189301924
47324,258.13942872976975
47325,129.50842438974948
47326,191.9443250346998
47327,150.93584435970007
47328,302.15969707031644
47329,190.59182710875464
47330,588.5326488852008
47331,259.89697507929077
47332,416.61793091305384
47333,137.10629351556938
47334,160.773613957671
47335,289.4070803733778
47336,371.9156404583537
47337,359.2819085754303
47338,138.01922902694562
47339,348.8255917900439
47340,148.12932085522385
47341,162.58713860761512
47342,292.35559752216557
47343,142.99539013231364
47344,243.48608605437647
47345,211.85749461403938
47346,160.9043561756572
47347,127.52783114088429
47348,127.95023846479518
47349,148.9517619668086
47350,264.75399524144046
47351,168.17337896719897
47352,445.0940719263962
47353,128.46032065992617
47354,145.20182051549673
47355,310.08369960704084
47356,183.17327976354508
47357,155.65252708981592
47358,172.4185200484706
47359,156.74610802430928
47360,487.70650950158137
47361,223.74339172782587
47362,137.75766467223966
47363,176.19520754765136
47364,478.585032485653
47365,97.8666676937663
47366,171.1861440168515
47367,150.8937345007201
47368,102.63415103337915
47369,395.16917838483164
47370,167.06101312830384
47371,279.75512289330874
47372,757.9835748053381
47373,167.18152379985474
47374,352.8541109915012
47375,210.9399145870179
47376,242.53714850836718
47377,458.58563051861387
47378,180.38009735071049
47379,263.0594665352111
47380,251.30962591850158
47381,1301.502067483787
47382,404.72592506955607
47383,100.52315010014624
47384,443.4293568764766
47385,117.81607058844354
47386,140.73436594452144
47387,149.53209684488513
47388,304.3294821239532
47389,152.1223931583788
47390,212.04014231603873
47391,1057.181053099012
47392,189.83787459515614
47393,164.45906833558934
47394,279.99378144333696
47395,177.13350287470877
47396,224.5426230773198
47397,186.76083291992552
47398,117.31632970618675
47399,127.39690312104304
47400,280.4516937254532
47401,257.11633322141165
47402,325.95188111015915
47403,109.61688172902535
47404,270.5657745090342
47405,354.90682630927705
47406,134.0478278706189
47407,233.1229378330037
47408,1067.345077828303
47409,254.52054199466306
47410,647.5877238335778
47411,524.7688264097901
47412,484.185196004434
47413,237.523700056946
47414,102.71700169022417
47415,369.17427460979064
47416,224.8242986563634
47417,107.58751368110241
47418,188.2340664092965
47419,179.67702600204169
47420,141.22928450429362
47421,191.37976632424892
47422,521.1120146484842
47423,251.63057115141706
47424,292.81225227300837
47425,291.63597665921594
47426,182.732614902229
47427,294.68222837261806
47428,362.84369274064073
47429,600.1671271141382
47430,508.89999103501873
47431,214.34978338195862
47432,393.25426560438336
47433,133.91905692650303
47434,219.22108939909657
47435,387.30062954772154
47436,296.24568834096857
47437,159.13123963718192
47438,347.40286684800094
47439,405.9310044442929
47440,200.44436114800897
47441,287.03851116065357
47442,144.84290024843992
47443,243.28642164402154
47444,334.8570735666461
47445,336.94119463598065
47446,127.54966675291499
47447,98.3165355325142
47448,136.02041453605102
47449,317.8453527871927
47450,278.9577102306559
47451,217.91167907034625
47452,532.3989873439447
47453,254.06764325489476
47454,133.79739860487118
47455,382.23506691044696
47456,255.6215587374466
47457,500.89122814733383
47458,536.1710022195191
47459,354.59783696693216
47460,239.32726258741826
47461,307.939098294017
47462,309.9865136032496
47463,557.6463782894696
47464,153.88956583217137
47465,416.7847197564754
47466,422.68490096989007
47467,301.14639950480307
47468,338.97752640238036
47469,7855.2279723791635
47470,236.3209902337647
47471,382.98669472869506
47472,260.64627575878546
47473,142.48834098334154
47474,431.8475761568357
47475,223.4941807222477
47476,656.7784715860024
47477,176.96099723613455
47478,219.82732379072178
47479,530.2163572548224
47480,187.8067241481692
47481,146.6558015966532
47482,179.55164743364168
47483,333.4669977721603
47484,830.240105934953
47485,210.69888934936145
47486,812.5396796058702
47487,129.38251527145832
47488,468.4534484485013
47489,240.12100010028715
47490,316.25377203349854
47491,191.06082672534816
47492,225.9173135346564
47493,136.6750332733074
47494,284.4758906593588
47495,76.43543299025261
47496,199.22211231785542
47497,240.60278388811602
47498,145.07019112498537
47499,200.06932005053403
47500,143.33173904161106
47501,214.2028294122339
47502,191.96736870999607
47503,295.14564229346
47504,189.27440689284467
47505,139.1144910666381
47506,150.59740958060752
47507,294.4889572504723
47508,162.06928326655427
47509,234.19009387354137
47510,1230.7451419155575
47511,979.9034109929019
47512,300.8329685034891
47513,202.8869596954541
47514,394.67345114295915
47515,577.2634689311589
47516,394.4920441577617
47517,725.3221859150048
47518,391.6535865981532
47519,171.36465825985337
47520,190.40352746886288
47521,120.37675486838675
47522,322.77958533745897
47523,517.9837307059933
47524,176.33324728752854
47525,350.65487505743033
47526,170.3623110300482
47527,181.9295783133825
47528,236.18369608856716
47529,1291.2019468238016
47530,264.47999849148215
47531,237.4348515304406
47532,278.06828829932283
47533,220.81061089688998
47534,245.56377847343123
47535,332.62873886298075
47536,230.12991508192366
47537,274.154177417673
47538,340.77424474774256
47539,266.629270014336
47540,1196.2965865882636
47541,138.1843867446033
47542,209.26055612118145
47543,402.61713950913395
47544,188.98780438450868
47545,290.3013010258204
47546,564.3655988329859
47547,278.33200696785684
47548,328.2097434165032
47549,1004.528025050964
47550,430.1048177903725
47551,118.97749014590912
47552,100.32805898491802
47553,140.26382759769675
47554,221.19106660874058
47555,220.21820090718106
47556,810.6837951754727
47557,175.86198220907198
47558,201.12423256882724
47559,208.3045377076149
47560,149.4259529880749
47561,154.08447900235583
47562,132.37462626431793
47563,110.02513596807322
47564,173.8578682384898
47565,209.1555864375354
47566,274.32773700346854
47567,144.2574352201452
47568,252.27873426231446
47569,122.79567784506779
47570,157.3464408244992
47571,450.66174195556255
47572,164.1685368750369
47573,104.66148676159258
47574,135.22729097351245
47575,304.73409337124383
47576,183.46798672099183
47577,135.06000129048243
47578,224.94164412717953
47579,102.64118265190729
47580,261.36165756427977
47581,162.933662258596
47582,240.93634926424397
47583,237.17186223392818
47584,769.7262225493246
47585,174.98357229130875
47586,221.2140506881142
47587,136.03805178109036
47588,218.890120677756
47589,334.09786162922904
47590,216.9401564859605
47591,121.27447638316686
47592,93.59630922792273
47593,269.33333741317705
47594,159.0114489997137
47595,184.27476062957143
47596,261.8810462950084
47597,237.53752684868644
47598,122.50259805349366
47599,341.4604061398198
47600,263.5449375620281
47601,259.1829306361691
47602,252.5480549479476
47603,163.92420005921906
47604,539.2054203396973
47605,3008.544262061392
47606,339.4255921175093
47607,160.61680011423243
47608,207.06003371396616
47609,312.60272826639573
47610,589.0048394492804
47611,204.23283650505135
47612,554.7558231013357
47613,235.75394970963904
47614,718.9351859649229
47615,287.613563219234
47616,161.0971366220725
47617,217.796994298276
47618,231.55817214932213
47619,246.79380100005395
47620,556.8227180567734
47621,409.02613863336387
47622,209.08647677458833
47623,387.5166942035223
47624,212.88232351442994
47625,215.80966010479904
47626,226.40540825501677
47627,118.75845061545749
47628,217.67367133490404
47629,233.99826859293896
47630,188.94627010274627
47631,206.223332149189
47632,187.5544425034252
47633,134.32563753142057
47634,184.12762650834972
47635,166.629000030665
47636,237.54432602578112
47637,641.3260587750798
47638,158.52562407171666
47639,102.12880384855472
47640,283.2771059522374
47641,125.5832869984715
47642,162.2532625273187
47643,481.079403827402
47644,256.4628639833482
47645,292.4058526720436
47646,143.45651893750411
47647,179.2698639315885
47648,252.80622001269842
47649,229.98997947881628
47650,359.12931571605037
47651,256.3534010951968
47652,147.31798587018903
47653,204.3911897436775
47654,558.1994979877272
47655,610.4246146089056
47656,238.66859604405983
47657,180.08442938006135
47658,267.97507473121965
47659,225.63296261270645
47660,220.67796893497663
47661,219.55580429627508
47662,184.59948428620066
47663,515.0522681558724
47664,193.86651249436875
47665,400.23133100256445
47666,292.2810931253022
47667,364.311986618309
47668,197.1125399276534
47669,178.11037953508918
47670,193.08424780813704
47671,302.89607609168627
47672,208.26855666312358
47673,163.67639510946844
47674,219.4114863948507
47675,175.18459573303954
47676,479.64765363787035
47677,351.3519677529275
47678,246.52413176921155
47679,136.05551828042445
47680,1134.7517997142886
47681,430.7683986713472
47682,280.1514000457291
47683,115.038744332508
47684,218.517359664912
47685,140.44821146607933
47686,457.3713997891417
47687,538.4300005781
47688,225.94812701225396
47689,218.0005246573831
47690,397.0768539921605
47691,168.44666550746027
47692,169.0194418735906
47693,310.78382126401783
47694,120.34434867826546
47695,768.0930927012134
47696,395.7429643799252
47697,238.90121819664682
47698,314.52845700393095
47699,167.15335550826623
47700,238.66103401071976
47701,361.89562048234757
47702,244.5008307988335
47703,381.19194351410044
47704,258.3906265806267
47705,236.57156749162814
47706,509.22601805040995
47707,460.13336128754185
47708,277.89662737276427
47709,240.8263532518476
47710,187.0490449338445
47711,358.10538441966315
47712,500.8005983292489
47713,173.74650697994505
47714,106.87426300808512
47715,147.9408870886569
47716,276.4919539847824
47717,214.04747236872333
47718,104.95305557214685
47719,325.59089967723736
47720,416.98912496297265
47721,154.7032837189234
47722,189.02916662277923
47723,224.3964417354024
47724,351.2356440261092
47725,208.09026306350592
47726,393.1499415417904
47727,200.99425685242116
47728,259.31054777298164
47729,128.848398304405
47730,178.56741744901535
47731,136.1915851802129
47732,169.88580126016697
47733,368.5861933305618
47734,152.4579003154098
47735,233.41795317628063
47736,323.9267402352846
47737,125.62093296908937
47738,485.1441185150017
47739,475.2150115793319
47740,342.6141732168586
47741,170.45090519399452
47742,941.0299702769025
47743,108.99391795385077
47744,289.1380408905655
47745,507.1970796186182
47746,292.34434708048013
47747,139.9766244660388
47748,206.9487310037811
47749,270.55095293577637
47750,256.0083112507599
47751,326.2938916491193
47752,384.74251499491
47753,252.81538455246672
47754,187.53494177597693
47755,81.49382998040886
47756,348.6583234712129
47757,376.20435893500576
47758,157.61436496644043
47759,124.56603766251091
47760,295.5414444214288
47761,148.37059192523225
47762,234.6007552928642
47763,183.3953216653615
47764,198.09418626317634
47765,221.81041409667498
47766,277.552879191174
47767,173.46033252385897
47768,548.6217771691717
47769,194.6059571099971
47770,201.35839750112905
47771,405.86921421904805
47772,209.1197586565829
47773,127.33528778965145
47774,289.0344574708121
47775,312.06826533241133
47776,620.6545313288146
47777,235.27750493557096
47778,175.34121713946024
47779,165.92749451452443
47780,125.12872717227977
47781,150.38314884396527
47782,984.4825316109944
47783,291.2830477901157
47784,877.19096616825
47785,192.47540845472022
47786,697.9564935877868
47787,207.79094061325964
47788,408.8557461392859
47789,344.69724746352705
47790,97.88461009667526
47791,362.0046951233535
47792,151.2462031000604
47793,135.2574875802217
47794,337.09562813840313
47795,580.4128613652305
47796,230.90656091023405
47797,199.17993888712184
47798,209.00238570697422
47799,136.93442608425286
47800,154.09960950121803
47801,305.8324831753229
47802,334.5898661607768
47803,237.54283665743273
47804,214.17125279786552
47805,226.0565031050287
47806,131.54899337379197
47807,1168.2943404003697
47808,333.2087585021511
47809,188.21096689906395
47810,601.1178556212852
47811,517.0550432208131
47812,353.2077121935957
47813,464.04953481703643
47814,148.51358703237256
47815,479.27718666073486
47816,230.6107329353299
47817,222.7445861449404
47818,133.78510932034607
47819,469.1473231222703
47820,112.53722156657498
47821,268.5194261804845
47822,164.89429061569066
47823,104.19715940990994
47824,276.90967365677386
47825,234.5777749679493
47826,307.44991779129737
47827,598.6911502388131
47828,239.82729425342734
47829,233.31487325059564
47830,169.90424540165893
47831,253.0397284001717
47832,136.12472932072302
47833,304.7321531267649
47834,212.37979537885633
47835,140.99193830533446
47836,480.07709257748235
47837,153.27799361364123
47838,222.69719333832143
47839,128.2063579322396
47840,123.62696931150688
47841,312.94643465224175
47842,281.04255113380555
47843,160.1211895467155
47844,243.61785760564476
47845,200.1343748558085
47846,136.54815036312326
47847,149.58612928083838
47848,419.88699844841324
47849,169.6766365752159
47850,221.15868404293727
47851,669.5276401408795
47852,137.733258647001
47853,775.3854154290236
47854,204.62550878881277
47855,233.97297785574756
47856,339.6217612848116
47857,539.8664427878061
47858,134.11293056022586
47859,142.36565907605112
47860,167.97933457845468
47861,112.46068777244078
47862,282.97617819252196
47863,135.7607596632431
47864,207.72709992341953
47865,321.6807190086293
47866,239.23215735437878
47867,348.6411707265599
47868,176.42166697595943
47869,242.1674328937194
47870,274.2330732694319
47871,223.56718855981757
47872,229.95200798940766
47873,208.8740614378039
47874,145.38576130856373
47875,295.1071406847268
47876,205.1069892404895
47877,229.67618004943617
47878,312.629951041994
47879,2291.544896393178
47880,197.9542589960679
47881,135.90751347686376
47882,187.95851622299293
47883,111.62208373439455
47884,88.86881284884862
47885,224.66295173866243
47886,121.55221632155
47887,302.05037089977435
47888,436.1240705454441
47889,125.51358532322615
47890,1025.7620844278074
47891,386.1506076183095
47892,186.79189740474274
47893,162.42882510071686
47894,345.03549210599425
47895,154.65238446782627
47896,184.91703625861624
47897,362.84030896756843
47898,530.8693589525813
47899,133.94900872927815
47900,256.3763599801505
47901,439.8628551040433
47902,249.5542137495066
47903,219.29785321705666
47904,300.92434313028184
47905,356.9880819642238
47906,522.3056177823672
47907,625.7091003390003
47908,237.5985570011937
47909,461.393565460139
47910,339.5265807922604
47911,482.56959867393425
47912,254.28065173953715
47913,352.4130041059726
47914,187.58081017350827
47915,176.04148141830433
47916,211.3251297825533
47917,288.2211488125565
47918,627.7606402999784
47919,171.70023871781194
47920,274.44723174897155
47921,128.37644015638364
47922,98.90744356599954
47923,187.53332682842765
47924,315.63630584246715
47925,235.39275410414652
47926,554.280842921942
47927,447.5900114323707
47928,654.2998781392064
47929,152.01174197954126
47930,257.5625309651123
47931,190.9366626618353
47932,321.685204700707
47933,192.85893334741303
47934,251.89582756467883
47935,143.76183976095393
47936,343.2151807900249
47937,305.20816255496607
47938,872.4450377492811
47939,251.1668647402504
47940,966.9870906181227
47941,364.47216259443553
47942,739.033336764801
47943,132.95266129522565
47944,215.75784199776217
47945,501.20764092224897
47946,564.007517778798
47947,148.04450943876253
47948,173.44701135722045
47949,147.03085231288244
47950,319.3597521541803
47951,268.54269561344375
47952,183.74229946121093
47953,186.26459894055992
47954,349.7200485908976
47955,318.7834608959552
47956,132.65060569383604
47957,557.6130428249185
47958,129.6672535982247
47959,172.79025856370478
47960,107.17889259508999
47961,344.4161733197046
47962,129.0566823696511
47963,213.33008349784555
47964,523.8720722440686
47965,412.63771699653233
47966,149.5971696581097
47967,435.98576098239056
47968,769.9185719743626
47969,143.0821834852467
47970,343.73049268110583
47971,175.39465642338558
47972,529.5631917650046
47973,297.87570382978305
47974,105.135544668399
47975,517.6750210450939
47976,151.31663224173488
47977,153.40857371515588
47978,215.11343177642553
47979,225.54367532266374
47980,361.55088391171955
47981,91.98354840132033
47982,204.70354810248216
47983,425.6674088360417
47984,365.5037812507603
47985,236.06470809074295
47986,706.4632189438217
47987,292.8583747300069
47988,411.4611585768685
47989,709.6260568763328
47990,180.6457996829435
47991,733.0823711215938
47992,724.5411507359627
47993,91.17182389890158
47994,385.2396332599547
47995,656.4317857923044
47996,165.89222416298782
47997,365.233381862704
47998,363.82521673497547
47999,227.14238950562267
48000,178.43249188775485
48001,72.36045401620063
48002,362.52995119961986
48003,153.1625871975488
48004,403.0923489571037
48005,130.65814456945068
48006,240.39004705263721
48007,192.02774523216573
48008,254.77281315164137
48009,114.53405585302984
48010,424.24549474250847
48011,112.93784245355151
48012,297.73007690804616
48013,335.540291493179
48014,159.73450097434312
48015,184.1343127520304
48016,89.91245673658368
48017,204.71410626521853
48018,245.89872148904985
48019,294.7406417292484
48020,213.6807801485964
48021,299.252627929249
48022,319.5727101833552
48023,192.98943594366125
48024,135.42382790789813
48025,121.75165942026058
48026,233.94437475647808
48027,393.6572222374191
48028,287.5612915223107
48029,125.50761159432082
48030,159.6120449717263
48031,413.38310356762616
48032,161.27619688185968
48033,569.2412592769689
48034,600.944970471922
48035,382.19164646375305
48036,171.94881769106902
48037,444.37069986611255
48038,336.54928469501215
48039,340.26461785933867
48040,282.36054858080877
48041,263.2843519156202
48042,524.6053237340936
48043,212.19001001170028
48044,120.3863961373534
48045,526.1675674139981
48046,197.82421843582773
48047,165.20943078446945
48048,324.802931571161
48049,273.56768669451066
48050,151.25788833162773
48051,97.4319467780973
48052,147.76381298603042
48053,254.41089714552626
48054,251.9408924524467
48055,120.87390468676958
48056,104.49630378475372
48057,270.6136466017864
48058,210.00618126233596
48059,160.7934655957853
48060,477.5320724342771
48061,137.675869884645
48062,111.71828160652463
48063,349.59139831896545
48064,459.45847900041053
48065,133.91309165244226
48066,283.40858249059914
48067,152.40853432533882
48068,155.12442476028696
48069,261.64389815919185
48070,277.2624678141212
48071,265.884274351314
48072,181.41635222053927
48073,229.00046632510296
48074,560.3737151047175
48075,220.5538190581058
48076,1471.2032921261673
48077,158.10033659793538
48078,161.87280598768467
48079,526.7755116666056
48080,286.5583432760093
48081,658.598218526538
48082,226.6682263907626
48083,352.8286938599542
48084,173.93076974175594
48085,110.3367238006405
48086,123.95377948175009
48087,168.50253024354478
48088,82.56000100458117
48089,570.0571520757384
48090,265.46966326358285
48091,439.3655699265809
48092,416.6508329146347
48093,356.90646969915855
48094,172.56214913363667
48095,200.4358457718189
48096,301.38713991769237
48097,1090.6348019790387
48098,188.72767737708776
48099,335.9668143578031
48100,274.20891060494745
48101,443.3767855365789
48102,211.24931028759502
48103,312.3412174643063
48104,313.25934987415866
48105,121.28842987196204
48106,387.64289518037805
48107,230.11329826706867
48108,249.25885591371303
48109,189.03709261936578
48110,191.44826626869465
48111,246.88332829777156
48112,1560.0113680648183
48113,260.50426089725374
48114,263.3387104876358
48115,93.61319025130335
48116,133.0781305282019
48117,157.55126916150653
48118,100.00189703724314
48119,196.7510101011124
48120,113.34182922136077
48121,122.36060864545776
48122,349.9469923534073
48123,111.3974114955093
48124,144.223845680393
48125,125.60077577632642
48126,429.2289642304005
48127,208.04889949948682
48128,149.73346139275125
48129,171.32417150361206
48130,151.09349519758166
48131,127.14107363920397
48132,163.8100199121003
48133,181.93128835850544
48134,130.3679321853373
48135,334.08468293725264
48136,280.7666859244867
48137,138.2685190088776
48138,156.76773153108576
48139,167.55553077904864
48140,545.6086356200535
48141,206.05355830445433
48142,249.75650680495647
48143,381.6358926033871
48144,538.1210142541511
48145,398.70464868649435
48146,243.98600665249427
48147,206.69814334584382
48148,253.3527327560137
48149,593.7259827676786
48150,137.44010328111884
48151,205.5904557852109
48152,201.0867629610911
48153,116.27932737116089
48154,275.02549638323006
48155,210.60085872188125
48156,245.28708776112677
48157,163.3724795975512
48158,213.93130495665184
48159,267.63052959056677
48160,324.3221798911145
48161,85.30342746894942
48162,293.8781731670776
48163,167.13906999508518
48164,435.582338518327
48165,334.88884078665524
48166,237.2156935972701
48167,402.444908614716
48168,122.8692214616878
48169,158.81463234487254
48170,216.86861562374807
48171,117.50116705396088
48172,416.53188678251064
48173,223.95350498089627
48174,117.40482276977635
48175,402.90295389737366
48176,132.8770953540604
48177,267.84221463625283
48178,519.2817112448279
48179,143.04083658540185
48180,210.1007140649573
48181,232.80928646951912
48182,784.9778140329223
48183,298.0711659113513
48184,331.46581731317156
48185,137.79276371256103
48186,129.3924008479798
48187,166.80547555814223
48188,238.26211992521394
48189,425.2190588232342
48190,221.21804122516494
48191,296.02985127987387
48192,139.20812602907665
48193,199.6054100851984
48194,209.6417310499171
48195,469.5999713642256
48196,235.1051203975181
48197,225.07123945886758
48198,187.91821166453317
48199,146.15109471943353
48200,140.91908387054264
48201,326.099235600738
48202,240.66793758000787
48203,415.384088994375
48204,153.52772291824317
48205,196.7188945236599
48206,251.27644985241204
48207,254.98410252219128
48208,386.8221256000412
48209,170.78744796002843
48210,132.49260029114393
48211,548.6932046050059
48212,814.4129571506161
48213,119.38710449977415
48214,194.01115992553233
48215,451.4707247086827
48216,624.6346013524665
48217,197.0911001681983
48218,246.72244918273668
48219,290.56747698070524
48220,142.33357750989344
48221,199.10286442273735
48222,104.39531370640124
48223,431.9023455292264
48224,427.2823457377045
48225,148.01692536338572
48226,212.758933913912
48227,249.1664321213466
48228,205.7912141325656
48229,260.7171495612439
48230,159.9974639317942
48231,344.87283057245634
48232,154.52316285451582
48233,199.79802718179528
48234,171.10371009966187
48235,160.00759784211775
48236,160.2044920441401
48237,410.97339907149893
48238,234.46224346652448
48239,144.99199568894545
48240,657.7341583049297
48241,287.1072632022994
48242,239.30964945923594
48243,209.38523377877678
48244,465.8917844846267
48245,140.07888377134103
48246,682.6929304030995
48247,423.6808736910505
48248,233.8651663402709
48249,309.84895607720847
48250,172.16455652288622
48251,258.44586680138946
48252,259.09527923856984
48253,202.6940221528186
48254,205.4468281211838
48255,414.94174708155276
48256,116.70928806089455
48257,118.24512887851844
48258,196.68417248540615
48259,144.1572173398171
48260,293.1939944324597
48261,222.99171041365895
48262,111.46939667454593
48263,825.5694422103254
48264,129.1298485331582
48265,195.2141604101883
48266,160.59235736832375
48267,476.40234898452417
48268,276.1752957172909
48269,125.61895735037761
48270,145.57693233325963
48271,412.6405361420165
48272,282.95987890476204
48273,247.15119835722487
48274,259.05297990611655
48275,258.34014206652284
48276,169.68308396211037
48277,238.64101939455946
48278,397.31653241453193
48279,201.64530521684983
48280,165.4306878851477
48281,279.02684348513804
48282,864.6650714553572
48283,172.17146601428522
48284,222.64434477573792
48285,567.6112110750848
48286,144.79535681666783
48287,560.6722882172177
48288,132.6678580085613
48289,303.30630418485504
48290,129.9183425164325
48291,140.2068572981945
48292,142.91077011871
48293,1226.015240572927
48294,384.14122454197405
48295,133.84152172966967
48296,323.5646417143676
48297,98.69152543177519
48298,721.0297774833125
48299,363.76804971432523
48300,204.10908526223417
48301,754.0502225728656
48302,186.60929766858985
48303,926.8679311871945
48304,679.767870411312
48305,237.5702563661821
48306,136.10778751292008
48307,495.1573084011859
48308,344.2766665739316
48309,134.8597154518006
48310,189.1676592742029
48311,281.3689984690895
48312,310.95038128390905
48313,194.71824859475998
48314,94.9671606273997
48315,161.22747937776975
48316,717.61409355384
48317,221.69782725340795
48318,67.0421766606633
48319,253.83074179174963
48320,169.5328191231519
48321,197.64090010290403
48322,451.41894020433097
48323,612.5685586563861
48324,331.85516079192035
48325,183.42737411672812
48326,326.22894801908757
48327,318.9205455507576
48328,89.28590186704417
48329,297.2727769666122
48330,148.92484209348405
48331,142.41763892154765
48332,222.89161289242452
48333,131.29858111002582
48334,235.12161778599614
48335,235.26723776142003
48336,234.01016353858762
48337,303.95263876885775
48338,165.06290108263605
48339,378.4794982426312
48340,120.3494614841807
48341,720.1825967451578
48342,204.7630176204755
48343,203.15206277759057
48344,211.69124328450278
48345,333.5676666928583
48346,268.1449703204878
48347,234.76517323903937
48348,256.94916935134074
48349,207.7512985339714
48350,337.4043038299063
48351,595.7960415148211
48352,212.7424601099355
48353,527.7705495238516
48354,198.77822428589857
48355,252.51947087803805
48356,363.71357473220513
48357,185.2017463939439
48358,268.4478118456076
48359,262.59084140424477
48360,396.4392732071228
48361,365.9283142365766
48362,442.944420143742
48363,193.5707116113792
48364,358.9580929649427
48365,101.01333095998979
48366,159.49008171284476
48367,203.70415105098328
48368,173.8648545856016
48369,354.2540584156617
48370,180.32267916484025
48371,462.47414544710756
48372,258.23522765711357
48373,348.41865924191205
48374,452.7380997712849
48375,195.53467606927777
48376,224.88742623828674
48377,261.32344594654813
48378,304.17021351150566
48379,280.3028027411318
48380,294.0992370210022
48381,148.6717430979104
48382,127.08398806401868
48383,226.471318250667
48384,126.01470621625178
48385,177.16274709348124
48386,144.29954865542058
48387,141.3674389129223
48388,495.0517381338058
48389,312.9558420140005
48390,502.00185788759785
48391,375.38050234078474
48392,212.61029076167898
48393,159.9512378469111
48394,264.5191397360871
48395,119.54117908206692
48396,228.7050833039926
48397,384.9128136046197
48398,245.37264646934614
48399,233.3572560522375
48400,314.0020451018258
48401,183.9134297645887
48402,169.51965295674046
48403,218.7497805434726
48404,229.41037410987374
48405,202.4060147153196
48406,167.98419960027888
48407,215.31290469577078
48408,212.37254158087347
48409,226.3705100334382
48410,288.856416880501
48411,210.48269118799251
48412,740.4018118008806
48413,340.09796050183263
48414,644.3415848518274
48415,506.6371660964701
48416,201.61406945506204
48417,124.21953746830883
48418,241.94622542596306
48419,426.9972590064863
48420,174.67443604675051
48421,137.92458436404308
48422,293.12703450514226
48423,222.54668158510668
48424,326.32201436186347
48425,321.8542512025659
48426,873.6021076231933
48427,181.91660424677696
48428,257.6220652838142
48429,186.6590040682709
48430,343.219555077022
48431,106.85221178591938
48432,289.15784425675287
48433,313.38523800183737
48434,1302.74392727338
48435,150.5763616602591
48436,100.45089761612519
48437,525.7005953200279
48438,751.8274133823495
48439,294.49305042963783
48440,111.28465039026828
48441,187.24139109431022
48442,405.47145713442
48443,674.6474784044542
48444,227.82942535686308
48445,287.4465236451767
48446,508.10612816837084
48447,327.0485645243025
48448,129.9462133891786
48449,196.93281393016596
48450,531.9485105165229
48451,205.87151978825585
48452,139.63015544381253
48453,254.8352488455472
48454,183.12059132303006
48455,90.02809009210829
48456,140.18778361875897
48457,123.7214785630942
48458,141.50452621767369
48459,504.0528872416235
48460,226.8604474457833
48461,190.70429491272353
48462,157.9645928290148
48463,237.64068824541917
48464,198.41219017893204
48465,199.66401314189207
48466,306.0598023990342
48467,187.94774079341155
48468,420.55573261282865
48469,82.11921867603519
48470,642.1190186249646
48471,157.0205179290668
48472,263.34222265593326
48473,192.60245576505508
48474,168.64798874403942
48475,321.2507121822656
48476,210.75176822524816
48477,206.2070597238586
48478,687.912254118676
48479,240.73357442889497
48480,175.52128183089116
48481,386.8666016280795
48482,167.52977544574895
48483,226.75977494674495
48484,506.1062749363492
48485,342.05734851841095
48486,475.118802298356
48487,173.50691785949516
48488,169.32881727744856
48489,190.9384774108581
48490,242.3752797042279
48491,228.19325941201367
48492,205.15341925860685
48493,199.6362082733887
48494,200.32737502048823
48495,493.2209781655366
48496,90.30845014473316
48497,167.792785071103
48498,138.27991901283852
48499,174.60279904366988
48500,396.9442980168674
48501,283.565128130932
48502,107.86888853539597
48503,125.46768150551605
48504,277.1286619366977
48505,279.5531286118414
48506,227.26897533939766
48507,492.08937924671613
48508,307.32155827286425
48509,284.3743599337752
48510,1068.5646917935787
48511,187.8271680889575
48512,179.3292579055828
48513,223.85229717451972
48514,212.85323715605523
48515,166.00517503870583
48516,202.47377556183432
48517,572.3799677068383
48518,637.9207976422143
48519,321.1123312873953
48520,218.34080620199094
48521,253.16243583819477
48522,151.31874190763074
48523,167.36234916615143
48524,313.20670765045196
48525,244.58531931999158
48526,351.38533555730686
48527,457.3663280258621
48528,804.6888494915856
48529,379.9640079678785
48530,504.28551772801853
48531,194.03341005692675
48532,186.46819859324572
48533,186.73460150870304
48534,129.93515586808704
48535,117.88905266408477
48536,305.465168816071
48537,136.82033903180343
48538,401.8359067682677
48539,197.6530619382115
48540,119.1721644711643
48541,576.6758682763763
48542,135.2900920812113
48543,390.8767525364752
48544,244.28283950379728
48545,1294.1985438090917
48546,247.55788801919158
48547,447.7142100384432
48548,329.68718333552334
48549,133.6413643032043
48550,150.43680269167078
48551,427.16462968117827
48552,295.41761006574393
48553,140.30911426740963
48554,167.15293693009028
48555,255.07564831012022
48556,155.76359159125818
48557,338.146579442098
48558,214.62392968596586
48559,187.5250866402872
48560,131.9060890776374
48561,157.03526567801487
48562,148.51178131327737
48563,351.185597698173
48564,210.00075074935447
48565,397.7953582499992
48566,213.19430984702996
48567,105.67606339908912
48568,170.48344706703557
48569,124.840180169403
48570,112.46209144938778
48571,594.8277112816913
48572,856.9381241812647
48573,520.7592695500831
48574,202.57509112812616
48575,136.69045847284667
48576,166.931914505148
48577,187.00386085166315
48578,152.31787844287734
48579,164.1324009145799
48580,223.5929608657851
48581,129.57320797586655
48582,169.36070519278158
48583,267.85020796147313
48584,440.61949548981795
48585,986.0224374080656
48586,316.4439323270077
48587,115.34043389093955
48588,159.31006885236306
48589,134.54516195036882
48590,155.1908439171391
48591,113.1940679098832
48592,232.50846206867624
48593,445.4309205748245
48594,131.01705112081143
48595,130.64548123536912
48596,179.9118415844416
48597,149.81280488500468
48598,124.69096617926519
48599,274.091991959359
48600,95.58166254328987
48601,272.62145371074075
48602,781.6600450815882
48603,80.043104360423
48604,278.94753883918855
48605,834.0911872701952
48606,195.23733719955496
48607,137.90878369663952
48608,206.75123108994296
48609,230.5134058156734
48610,520.4515253857559
48611,86.78312720668545
48612,219.13693259519448
48613,143.10167805300352
48614,150.39356530078726
48615,244.21784997302663
48616,159.7742360843953
48617,286.96880076311584
48618,517.7755594849962
48619,174.17264167889581
48620,195.2138915157415
48621,154.03688103555618
48622,182.45088210213984
48623,177.77031589651062
48624,122.11939020430265
48625,151.0421341073989
48626,200.7147854931851
48627,94.50447376022781
48628,155.5001113253209
48629,695.2041743317747
48630,177.5886194016603
48631,247.82722723302473
48632,180.20518218779748
48633,135.48450193550568
48634,522.8346165723742
48635,148.7335006243107
48636,114.51477386811763
48637,678.651812271963
48638,433.08669313523865
48639,346.70427134735274
48640,259.3966827426528
48641,312.3477571288391
48642,115.29529980458769
48643,507.6559410097285
48644,423.7936842685143
48645,114.1832624692999
48646,292.65464891724196
48647,151.02480131503563
48648,119.21687429183197
48649,105.30100655353847
48650,194.78607764785994
48651,1002.4975319863918
48652,425.65461056806174
48653,685.9158298381569
48654,136.2835098289467
48655,210.38166970383742
48656,336.09134260394205
48657,197.27016817090347
48658,224.01217036536428
48659,184.0583024107552
48660,109.00278730666952
48661,139.76126684980503
48662,599.876029533026
48663,413.68688976915115
48664,240.5754873361043
48665,182.03766326028148
48666,332.84112614724984
48667,247.31147493465554
48668,220.76958614092896
48669,341.2825265966073
48670,190.16035065475037
48671,343.90197227774706
48672,261.61322430495306
48673,117.30729201163776
48674,440.36345231609135
48675,345.48224271802405
48676,180.02026409139998
48677,512.2121874791055
48678,404.34146234343194
48679,221.90463794234387
48680,185.87748027651918
48681,130.70794622203852
48682,526.3892263116169
48683,421.5112586369041
48684,166.14082032336847
48685,415.1217624306654
48686,186.7685748298119
48687,300.787750794664
48688,240.97753388030327
48689,115.69608066054398
48690,242.929732743688
48691,314.5762448466317
48692,104.4753312810682
48693,344.9075517954688
48694,276.8103886357956
48695,362.7196332450733
48696,161.1942997975062
48697,175.79468289479988
48698,560.2374697517655
48699,165.61734966400098
48700,288.6178716432358
48701,133.77307464471272
48702,149.10391818195873
48703,174.77311547884236
48704,204.5487524839249
48705,368.02413000412514
48706,212.24674213601705
48707,165.68435214137708
48708,346.5172861740731
48709,372.2309153144701
48710,362.3111362973468
48711,255.84495995139778
48712,397.53932262348195
48713,81.67860536997341
48714,277.1989829505661
48715,145.10747591186598
48716,196.04622461892762
48717,329.28643240478874
48718,181.33892302565704
48719,78.71508027511669
48720,400.73251710983817
48721,169.57553121701497
48722,779.5382000666863
48723,255.49795799188172
48724,193.5697660198973
48725,251.87600534373954
48726,418.6865305784898
48727,325.1924922760828
48728,298.6372484318484
48729,331.176870514577
48730,294.1534045876641
48731,87.43941726479979
48732,599.7006998296613
48733,616.2619045463689
48734,93.66574688191889
48735,188.571719765078
48736,216.57805767708106
48737,185.39480602775097
48738,189.6645758846262
48739,135.80464768249422
48740,663.1668210740138
48741,323.4302851615348
48742,203.043510876895
48743,278.3600082059934
48744,313.4088591026476
48745,1089.9549643137113
48746,152.23186737022144
48747,115.86469018902108
48748,144.81388325962104
48749,367.41573434357525
48750,280.2579763710996
48751,62.03166348040438
48752,433.251816397147
48753,187.48960985102684
48754,447.8077119001231
48755,862.5888240830838
48756,538.6443517201774
48757,316.2084285847766
48758,224.40735592188219
48759,219.64689351478748
48760,267.47101994007085
48761,192.29204856406844
48762,213.64874790690854
48763,529.8596763709986
48764,186.20821870999777
48765,141.23445646658993
48766,240.5968060485839
48767,179.67955613844916
48768,265.5035314390566
48769,1267.5652661660913
48770,173.12123963351425
48771,204.31491810702357
48772,717.1938607092794
48773,129.8233226527406
48774,288.11874524435547
48775,115.63582006614169
48776,754.826799913792
48777,340.4703948527079
48778,158.6089211680559
48779,280.65871726988473
48780,356.4191862450531
48781,175.80685328663833
48782,381.7003128010681
48783,91.73462244844589
48784,185.91929584430358
48785,828.6591012540243
48786,170.84507968775418
48787,234.96885432179846
48788,387.26432887407617
48789,381.98670759347254
48790,257.8086822116773
48791,467.17741985285465
48792,144.41658366438165
48793,202.49723305553388
48794,217.84579302003996
48795,316.10869347428127
48796,162.25539490385162
48797,569.869199579575
48798,115.71808325298075
48799,287.74539478799267
48800,274.13927355472487
48801,163.56752800565474
48802,739.3308094586844
48803,454.91227488567307
48804,173.63936813016787
48805,111.73594165394154
48806,285.45856313586717
48807,220.89070749665404
48808,261.26509440808707
48809,276.3553222013316
48810,382.4304405232076
48811,326.2666794387319
48812,123.35235717242594
48813,321.1771159918707
48814,169.95033488664154
48815,163.20878123368988
48816,230.98219041888788
48817,205.19048511462626
48818,220.19587352374725
48819,306.0863764060065
48820,476.3645188061583
48821,291.2906931837499
48822,49.69888436947256
48823,193.5972996840929
48824,147.0804044541809
48825,802.2075945827786
48826,298.40130664948543
48827,711.2022381350371
48828,249.0885218824301
48829,87.79447039892369
48830,136.59911604016858
48831,123.28156762139977
48832,251.59567205216263
48833,137.26113256391258
48834,198.00844702309817
48835,151.17316475052922
48836,220.8243685813416
48837,149.55394966350508
48838,256.3768077887254
48839,167.1732975713482
48840,203.52136084571032
48841,309.0746195818748
48842,217.7041303111616
48843,669.3410695625433
48844,469.35271399333
48845,258.70213243398695
48846,170.83892295842207
48847,99.96875076662941
48848,138.61200195014314
48849,119.47511676561827
48850,170.37542870606526
48851,247.8489280526068
48852,564.3260018240762
48853,200.19654845458746
48854,259.8621241696438
48855,201.0273236383965
48856,184.06054163961437
48857,446.7867481028532
48858,119.83705138941741
48859,320.25171982729734
48860,811.0897761330041
48861,157.79181986100275
48862,227.72632856098153
48863,141.25034433628963
48864,637.8104781633415
48865,263.22688190441323
48866,236.91982966032478
48867,227.28977847491723
48868,314.3609978795775
48869,425.52511344868606
48870,131.84782801539248
48871,294.39542669484814
48872,147.51283216823066
48873,259.77078642500015
48874,102.1746593969193
48875,267.27349088977866
48876,347.0329948629635
48877,775.7424999756978
48878,542.8504097568348
48879,364.1948882151482
48880,230.36104178408652
48881,149.59034522017475
48882,106.69982519474163
48883,231.5021908617391
48884,314.1664374748773
48885,101.49623609398049
48886,147.00582084158017
48887,138.1040591008928
48888,224.64457149380164
48889,116.71439173439647
48890,540.1476847816315
48891,284.2579581105228
48892,176.52983961549722
48893,123.16573256313332
48894,103.84707714387393
48895,167.4092853423896
48896,155.60674265697858
48897,193.90309888481636
48898,178.84866140182822
48899,440.97269670002044
48900,179.08499932915115
48901,186.29376328477179
48902,369.22004507309066
48903,237.70053285169058
48904,137.63331141928495
48905,94.1350223687069
48906,117.19786090960419
48907,132.56975295927097
48908,121.6408489502166
48909,302.46118128066274
48910,210.88375563352957
48911,184.55338203458538
48912,519.5838997964896
48913,135.79640487161157
48914,387.01545962623015
48915,162.72595121916675
48916,253.10390220888695
48917,135.20970109307385
48918,339.231583643063
48919,211.06636835868017
48920,344.504243109811
48921,188.63789610178077
48922,135.07526350479299
48923,134.2030626094008
48924,249.7807499493817
48925,127.40769546694808
48926,135.1045723507913
48927,167.92075756776495
48928,85.53033455171139
48929,240.88256891145383
48930,285.3089578658042
48931,204.6491113796679
48932,250.2104471425077
48933,145.27910654361085
48934,266.7611561640792
48935,192.08669129084416
48936,195.2684857582304
48937,757.9671385762218
48938,350.83778356145723
48939,135.22276961701817
48940,178.33364394911126
48941,144.65617615475713
48942,221.5921738240968
48943,192.33619353680206
48944,468.8281730764781
48945,261.5948881526462
48946,719.1290339844198
48947,167.59182452154445
48948,297.7055931126904
48949,556.3200645372748
48950,181.15501212124386
48951,171.1357442908631
48952,128.33712547549683
48953,109.08399558229046
48954,99.91892560253471
48955,167.62700093926574
48956,161.2824196695444
48957,403.4535067787555
48958,276.0699566922225
48959,80.66021950069927
48960,474.5681022706321
48961,169.4571141827156
48962,149.30218178160357
48963,162.8000002062143
48964,144.72859523252845
48965,294.94205518579605
48966,77.21014664583535
48967,615.7887994540408
48968,246.3841046936573
48969,198.97654647176182
48970,190.57869487014125
48971,204.88384466802083
48972,243.8461350036142
48973,148.1034771204774
48974,198.46587177395728
48975,330.83123545242177
48976,307.0882037056248
48977,221.21156176298544
48978,265.1516197421082
48979,246.56645867896125
48980,520.8759324821232
48981,261.4318675178162
48982,405.5672520366797
48983,236.4632780143677
48984,398.0605251478438
48985,250.71953784706443
48986,261.1627994843188
48987,438.0025836686998
48988,260.2093212138762
48989,249.6067788373443
48990,282.9124956814238
48991,559.6356401605075
48992,89.53869301311785
48993,564.7067686412175
48994,145.39628376567273
48995,701.0198551508828
48996,237.0613382765605
48997,709.9938115762717
48998,150.43621848859976
48999,139.26582070317718
49000,223.62222353349782
49001,133.1613741579258
49002,117.18803806843631
49003,307.1985641647775
49004,125.92393027107931
49005,143.47866553606087
49006,227.45476552641915
49007,236.8374452305691
49008,162.54473046749192
49009,98.35766758264994
49010,305.8655497324704
49011,273.0604686173305
49012,447.01717279517834
49013,124.77347704422553
49014,215.2502794334439
49015,257.2989786554072
49016,518.6076161008418
49017,134.90212680735604
49018,344.9641521914613
49019,488.4133001059931
49020,195.9092949663428
49021,404.4871893498791
49022,775.362105332861
49023,158.02256432413577
49024,755.1226233060331
49025,172.46273829779554
49026,251.5817350585243
49027,153.54740857662577
49028,224.40901485465898
49029,786.7331546524038
49030,260.734712593859
49031,329.44424492780666
49032,459.3650029158258
49033,499.8604598427375
49034,128.96846787651563
49035,189.79116862871584
49036,202.48379849712612
49037,373.24537765067697
49038,389.30639661323835
49039,431.4333602705688
49040,267.2068822814112
49041,120.0338488826943
49042,218.1983294399843
49043,311.29324467896436
49044,352.12352909982553
49045,267.3003102950165
49046,209.00456862014323
49047,246.8726638232445
49048,200.84109501783686
49049,490.8117277500004
49050,166.96099659081352
49051,192.3291146252059
49052,195.02025225304695
49053,228.85726976479924
49054,123.63947515496541
49055,271.0931768383347
49056,219.5844857158143
49057,137.22178402011244
49058,248.66185581590074
49059,220.83538162428036
49060,169.45837436606317
49061,241.99235617397983
49062,127.68148620632543
49063,586.5281140977207
49064,120.62490077866464
49065,302.0803452507195
49066,307.0101274153928
49067,324.315361603756
49068,220.28162354576563
49069,215.58851009634114
49070,424.97232844768007
49071,188.05469043159698
49072,137.4658118764699
49073,421.59567509373926
49074,115.44863045876268
49075,211.81716655934235
49076,436.8983733652089
49077,300.62180624667747
49078,196.36490240999564
49079,345.0225770354473
49080,577.8681077940065
49081,186.72006355401092
49082,204.45891963916458
49083,184.53619916294917
49084,133.4506919862321
49085,127.80994080963245
49086,74.48266131910698
49087,213.15294126798736
49088,213.04979091578016
49089,223.98984898033677
49090,281.77730745388675
49091,585.0653321013965
49092,200.44399786454667
49093,460.0900802134436
49094,166.80933406466542
49095,472.84263135892724
49096,281.95774042645434
49097,381.0155883593781
49098,398.0640055133219
49099,905.7678686849547
49100,138.4648452137521
49101,145.28666484835978
49102,205.54311513176694
49103,343.2261647475108
49104,171.16187257914586
49105,260.98633544371955
49106,261.8776938533899
49107,335.8971152076356
49108,140.60480247876052
49109,168.1458734752402
49110,139.19853524201682
49111,168.79353731964687
49112,215.7327021740362
49113,233.98060109848808
49114,661.3077984845447
49115,260.8375295281824
49116,279.625702927402
49117,7433.704273160806
49118,130.2659353479213
49119,143.46672711519892
49120,170.92470893089154
49121,462.5205032485423
49122,239.21139778694612
49123,252.0771010823
49124,249.72184853409303
49125,425.27342910127425
49126,236.42681658288112
49127,256.396035784076
49128,540.547600762234
49129,158.08596653737553
49130,178.31541159029095
49131,200.08321503925902
49132,199.84989068551795
49133,116.56783992887405
49134,250.13418284966767
49135,158.25673128831548
49136,146.0873402649404
49137,206.61340910909348
49138,212.55263178093145
49139,329.8406196624794
49140,485.6636732554617
49141,105.49997214783446
49142,144.15270948727687
49143,725.5372764640395
49144,257.04412596059086
49145,140.39849710356245
49146,145.33674523711258
49147,212.43635635393662
49148,369.38055240164323
49149,133.27417853681766
49150,408.1027371194384
49151,115.57633435507726
49152,158.11097258614748
49153,188.38760183288284
49154,153.96830334373135
49155,127.62859785096065
49156,207.98344850751627
49157,161.44456797689193
49158,433.7602891250813
49159,155.67047557876876
49160,656.453170310672
49161,279.1865320447252
49162,217.1271149802395
49163,287.01668528488443
49164,613.0900583179418
49165,263.01624096330784
49166,165.20367297142658
49167,425.0530899230291
49168,201.48552577284502
49169,240.1370819667073
49170,198.23041729439274
49171,163.8856665956897
49172,236.8550603866145
49173,199.82065980643281
49174,170.00603151354042
49175,100.62539952903492
49176,147.35741564805014
49177,232.05063192063008
49178,168.77937036002464
49179,137.9374777964633
49180,199.98093463500695
49181,80.53735544120867
49182,214.2607650565679
49183,309.8426532383497
49184,248.5628549218596
49185,220.646829541703
49186,1100.7960371643253
49187,111.76450271414221
49188,1190.8774354732998
49189,616.7441445554007
49190,151.36689607132678
49191,444.62934424127405
49192,123.6249010806143
49193,397.9538404797824
49194,144.5573072349027
49195,177.42644928325228
49196,147.43622596249946
49197,193.65255757578197
49198,342.65088136615356
49199,111.24404738280289
49200,364.35680325726526
49201,135.3089679758878
49202,117.51445107238747
49203,690.6531808003892
49204,319.625732789156
49205,135.6799062063555
49206,94.72598059464073
49207,162.1501508892366
49208,255.01952375306973
49209,124.7168477424981
49210,377.8461321169338
49211,191.46641717040234
49212,237.87262365972146
49213,96.01835387874733
49214,130.440554375261
49215,139.06496754383403
49216,299.88251002270124
49217,291.04790017808097
49218,129.19720306335813
49219,602.1905047253703
49220,445.270560204413
49221,390.4701838393274
49222,224.3624844243142
49223,417.9752674158037
49224,122.57357531263293
49225,97.26137825023886
49226,95.15458508264153
49227,271.7880373204151
49228,366.94963877834624
49229,407.1806148084989
49230,214.5091679575834
49231,115.25449259171006
49232,1205.8908195193962
49233,184.73553960322207
49234,370.817957407122
49235,249.06332067215914
49236,385.86715432054564
49237,132.43326776579
49238,313.11538855510935
49239,207.6351763831066
49240,137.97569676750683
49241,285.3114530817108
49242,598.4741159432888
49243,187.51805364688008
49244,150.55635837201945
49245,142.89495860787838
49246,113.82056241766453
49247,276.8560869988301
49248,302.5314929116513
49249,216.33240541527078
49250,193.37530915534
49251,385.3703002284897
49252,332.641823289739
49253,175.42450910002907
49254,450.6891323722483
49255,152.72275432407307
49256,398.33401808062376
49257,243.309897082964
49258,313.1296391142847
49259,238.99874723343612
49260,171.7496738894007
49261,341.21488636488067
49262,276.6462749119405
49263,120.48308278278715
49264,199.85158330277
49265,169.87609828058925
49266,276.67386595903076
49267,225.24993721587296
49268,79.21155180188644
49269,201.7642125344669
49270,172.543301113871
49271,230.3355314666183
49272,565.8267774669329
49273,184.36007473567312
49274,138.98516828868327
49275,142.78942098611068
49276,181.08476585524846
49277,348.0955598695006
49278,159.03703397337136
49279,387.80438847902275
49280,184.61801202896132
49281,153.8952574282037
49282,463.3843179355739
49283,123.73595099024963
49284,210.32890477693405
49285,177.72244860983622
49286,162.7701139291588
49287,350.87452635351076
49288,587.0269008739524
49289,686.5380495700538
49290,362.64836112442373
49291,162.4057493988207
49292,142.49744581282468
49293,116.93301596093553
49294,150.41683414999443
49295,135.30747057294377
49296,408.9640744033254
49297,569.89358681898
49298,460.4931568983993
49299,333.3601830229985
49300,166.49008724720792
49301,489.2584291052938
49302,295.54379995370016
49303,311.05275383932656
49304,149.82089206859138
49305,395.8298404363382
49306,152.08452544132416
49307,210.61605116190944
49308,173.29372329381684
49309,133.410769507248
49310,240.22249479412991
49311,145.85824599132948
49312,256.2774181698826
49313,158.4763984814665
49314,179.41309889187175
49315,237.22700528126074
49316,219.3085741762108
49317,146.8402110742951
49318,480.96357349829606
49319,186.1897918622289
49320,309.3870407521351
49321,165.068968549709
49322,198.60091510851254
49323,240.97502378632115
49324,94.43703841894299
49325,342.5960533275972
49326,450.0763330528326
49327,145.94899907290437
49328,210.29046572979465
49329,156.59126959048993
49330,193.17431455396516
49331,163.95701466199412
49332,164.95650408021845
49333,100.4990523093207
49334,199.48293844265916
49335,139.1602400771031
49336,244.5670656692812
49337,158.65645701124274
49338,80.600552057194
49339,140.73654824924094
49340,130.13640370103508
49341,192.28850891631706
49342,107.970402291717
49343,184.04686625759405
49344,201.00535270527968
49345,199.6542471009051
49346,190.3678065809114
49347,178.04145516543625
49348,232.15514440922558
49349,146.3761154970837
49350,135.6276500504861
49351,241.92044597916646
49352,179.22855220209243
49353,207.00348690323693
49354,170.5267866789739
49355,129.27688544901773
49356,206.4501385794046
49357,370.13216418626564
49358,278.0273695310952
49359,531.2911622606091
49360,248.96805246497757
49361,148.3644201692396
49362,295.18950531752733
49363,188.3943255298878
49364,364.9351815056642
49365,112.49017546785564
49366,269.57619563054425
49367,115.87148291097881
49368,160.80036710832155
49369,200.32534668115156
49370,425.092021132924
49371,123.69403836734445
49372,299.2603454657232
49373,272.9596419626241
49374,205.95360110597468
49375,150.640845191262
49376,140.37729235671003
49377,225.68488700084225
49378,243.8865734782218
49379,161.93370095493833
49380,160.06105280090338
49381,169.5945061169926
49382,222.75403349791515
49383,173.76564697510676
49384,731.7553017230308
49385,220.16942749353478
49386,261.87843591213
49387,241.6660372925282
49388,181.96279458379297
49389,194.25768623548785
49390,887.3921852577595
49391,338.1889063980068
49392,196.26071842932643
49393,112.23495652435165
49394,173.18098468961054
49395,206.8522906292346
49396,382.447582782594
49397,309.76179440923573
49398,318.6591659242602
49399,178.15953949875802
49400,338.82945391139174
49401,865.9047857371087
49402,227.93515640231936
49403,643.5841362601788
49404,180.18555289843582
49405,154.15871326230138
49406,214.09555038530306
49407,210.54573580036407
49408,676.7676662470661
49409,632.8078117529768
49410,317.0063591612882
49411,117.22851469000528
49412,682.9479902987116
49413,334.06626216486006
49414,120.81566250111646
49415,170.83093483919384
49416,282.2830079428576
49417,338.12527970227933
49418,129.6904973470317
49419,274.0439301205131
49420,279.28215118276813
49421,138.57747478552562
49422,200.11081523714876
49423,117.94390476896052
49424,191.83933758824492
49425,138.57343395667678
49426,237.4879310403957
49427,229.3433336257798
49428,497.6091341353647
49429,409.7741621845879
49430,165.65942393023252
49431,162.24429742034823
49432,322.7470863455671
49433,535.2469972799455
49434,199.25807533068217
49435,155.49281342496516
49436,803.5929049771556
49437,202.50440984775014
49438,174.8330961072326
49439,446.2631806578196
49440,130.96791558686502
49441,204.30765245546385
49442,350.595021855439
49443,448.7025442985647
49444,278.89280135037103
49445,129.60097741024265
49446,295.34015098937437
49447,96.96600801080064
49448,180.1882079528532
49449,271.4780474593716
49450,228.81106952432108
49451,698.6300371250009
49452,358.2901090935346
49453,392.32727232299334
49454,111.24404738280289
49455,215.7779613848555
49456,220.29374284897438
49457,229.11618315940444
49458,182.34225799260776
49459,175.32236304854146
49460,149.60016733355522
49461,182.02387448936145
49462,279.8909038421817
49463,249.34550144252898
49464,361.0808876136913
49465,214.57500466727774
49466,299.03044338714074
49467,433.03084411494353
49468,132.30632886041786
49469,286.77895383249273
49470,108.61192786943964
49471,194.1245174708652
49472,118.12597210664788
49473,319.8455642484607
49474,112.38640740816511
49475,315.5454251449722
49476,222.7630603199303
49477,157.6982859028819
49478,168.64381122226396
49479,471.98029424667664
49480,148.09491446026166
49481,301.6510517120282
49482,330.51109125079364
49483,137.98219779269894
49484,167.08997698192073
49485,298.43101680257405
49486,144.76843989654742
49487,135.85489318530762
49488,340.35159098267707
49489,486.8487108799903
49490,171.9981149331167
49491,261.9010727385151
49492,180.81992650444894
49493,168.9618223657901
49494,289.59561013305455
49495,339.5265781317115
49496,171.43612197790898
49497,146.86229224923713
49498,338.9430431289815
49499,164.714094783806
49500,227.93799164016812
49501,251.2318060588457
49502,152.7762964389542
49503,240.68345522833687
49504,298.546318241707
49505,121.2103811193122
49506,559.6315161924028
49507,178.0346318651033
49508,258.55937540467886
49509,204.3592272549261
49510,693.2603267195813
49511,291.4406731540853
49512,347.46340792185936
49513,279.4397992268689
49514,417.2080551045349
49515,193.67101827309492
49516,457.8242544383415
49517,135.409866592385
49518,116.08003113948702
49519,436.6891073250011
49520,111.94973675394097
49521,240.17359100756195
49522,284.82437534234316
49523,119.7422222999652
49524,113.49281320249399
49525,403.1995255766108
49526,138.44956340118463
49527,99.47722892361236
49528,369.43672428895763
49529,345.7437131161318
49530,214.67766405919593
49531,144.12318387559083
49532,161.43784298625184
49533,370.56523479965136
49534,240.78460026354668
49535,364.1422876207727
49536,160.85656094560156
49537,324.64449101042766
49538,542.6300637121099
49539,331.69107721414247
49540,115.0792271830892
49541,399.4154909423834
49542,178.87402922054716
49543,461.3140195449094
49544,201.50523562369455
49545,147.9455823893044
49546,206.86031178304563
49547,599.1753865145112
49548,406.5100598388145
49549,194.4697405944425
49550,831.5995870390242
49551,781.1981843698886
49552,385.6066373388358
49553,111.6279999570036
49554,262.8656740334159
49555,457.49642842787364
49556,231.9197300359812
49557,138.1704443590436
49558,1204.602928446185
49559,160.16385151236153
49560,241.15955386045945
49561,339.1077080572701
49562,165.59943152510903
49563,196.57946989865005
49564,656.0229560125225
49565,340.5542907840335
49566,253.8898781950537
49567,174.7304390143439
49568,108.1505597170241
49569,191.9067641125705
49570,172.4360771451358
49571,189.59773304681815
49572,108.73174345216606
49573,190.6603597996637
49574,806.4126436400029
49575,161.51524456376345
49576,345.52905316841066
49577,301.58322414848305
49578,101.90659892176481
49579,234.97702585825087
49580,174.1118673741299
49581,175.4886455267118
49582,142.2928089273184
49583,645.0639801137328
49584,136.185861611158
49585,65.72777729119045
49586,149.26067201882864
49587,132.92494575320003
49588,205.06855809012725
49589,134.23431753676473
49590,907.5686771986899
49591,418.4838453032109
49592,161.147140414959
49593,153.6238636338018
49594,854.4459366855721
49595,207.139407555756
49596,219.26005292005064
49597,124.83546642626247
49598,243.1813320098966
49599,246.71278523404632
49600,113.450202364009
49601,1013.1521997863998
49602,364.68138442795555
49603,161.42486276752084
49604,363.22971394705553
49605,287.20927671675497
49606,240.76524214437575
49607,108.82334632551553
49608,149.01903821860628
49609,243.53216270188884
49610,341.1556290840935
49611,132.81788671390163
49612,172.71488389538118
49613,188.82712376785682
49614,127.02948852752938
49615,213.8207479498363
49616,122.6349832798819
49617,319.4821258781076
49618,105.99724116246148
49619,1272.7802574337081
49620,452.3759146074686
49621,291.99116501209136
49622,375.4765424842156
49623,212.8923226520536
49624,514.6678038227418
49625,188.89690666812422
49626,306.6535005939861
49627,133.1642634843929
49628,228.03051110986556
49629,1227.3079253734268
49630,142.86979529463483
49631,121.99012869132197
49632,88.82920274324445
49633,214.5800729297855
49634,396.35558284959313
49635,527.1080972098515
49636,337.41042019527873
49637,152.76629699105638
49638,140.05696378775664
49639,205.4032596006169
49640,326.1059259398413
49641,165.12361799841895
49642,154.62886394654376
49643,193.52824526666996
49644,196.84585277974165
49645,164.57985751197165
49646,352.6373875460185
49647,148.02802903408312
49648,163.36517407980412
49649,460.03030964692084
49650,227.16841240407854
49651,134.03943113665954
49652,263.3785711952185
49653,281.0725501521485
49654,125.6988271484188
49655,260.7156095705255
49656,245.69776886898285
49657,504.11778667680466
49658,168.89173964898907
49659,76.61590894015225
49660,821.6911651660712
49661,278.34477632493326
49662,124.22917042828578
49663,174.03184035837472
49664,336.00799346757026
49665,271.5917508438015
49666,302.4098724379063
49667,177.56231726022995
49668,151.6652680791456
49669,320.8670533199921
49670,199.79200009655594
49671,443.3863933530772
49672,136.976802523508
49673,195.36277102530775
49674,222.87869868130136
49675,138.79297531839998
49676,168.44610629069373
49677,271.82394660346847
49678,138.94019365542877
49679,176.96351435864972
49680,210.11561871620194
49681,266.4708568658716
49682,205.45704677710347
49683,439.7183942614345
49684,237.60640529858387
49685,421.1748910634034
49686,324.0464991431026
49687,180.76905858770468
49688,403.60674573130234
49689,292.7319608599887
49690,124.25548844880767
49691,140.84155339048965
49692,245.2971763321433
49693,526.9344766229881
49694,701.7565129933043
49695,165.19167649987685
49696,157.35373359877684
49697,133.33766993850273
49698,168.13238574720063
49699,766.3246057819393
49700,572.9510781994261
49701,237.5171894550493
49702,337.5597382963616
49703,222.3728667590751
49704,386.3717966446446
49705,175.28877627645718
49706,344.163248125082
49707,252.33174746958065
49708,182.60518748139222
49709,557.8268737587226
49710,384.3869022932072
49711,235.98191648052193
49712,197.49088437005315
49713,167.62397443833743
49714,217.79442416900687
49715,111.89835172165209
49716,108.82963450383255
49717,218.4550410928667
49718,166.99592087641642
49719,260.01530764376014
49720,262.88286306776286
49721,329.09642712867463
49722,226.34546843324847
49723,364.7530294735627
49724,177.47191413678024
49725,178.69588060851876
49726,195.29000052419048
49727,527.4671757811761
49728,406.68234012800974
49729,477.60921573312646
49730,225.0435417968394
49731,284.4241472154147
49732,608.8593097967145
49733,182.9757598488219
49734,750.3583542362886
49735,126.21062212950582
49736,166.69930961437635
49737,158.51653028349747
49738,160.79521961731132
49739,234.91239656227438
49740,578.2645040713032
49741,551.7061222269475
49742,139.3893790476438
49743,183.57416645865771
49744,493.53891510504866
49745,95.00432259322436
49746,442.7361062256582
49747,216.9079127699198
49748,152.43104693511955
49749,185.87524608492382
49750,185.13654029839074
49751,446.307139191685
49752,156.10998288194824
49753,397.01316101861795
49754,158.24329001185177
49755,568.7379651296783
49756,132.5403990185424
49757,482.85831532290536
49758,92.03720250329927
49759,134.16687098027893
49760,359.1808150441505
49761,532.5506271250393
49762,164.97927012894343
49763,148.1628399188037
49764,221.4748516300274
49765,346.3576869092783
49766,205.35318382181
49767,309.91950044552607
49768,170.02031949001872
49769,237.0015251026074
49770,107.38254521521071
49771,212.65238918809592
49772,188.7520409418698
49773,306.442960728442
49774,123.86622893100015
49775,104.84174220696474
49776,450.2397023363933
49777,196.62709190410467
49778,126.02812476098114
49779,158.18524166077432
49780,214.76528452653815
49781,260.5104461757688
49782,469.97587871697715
49783,303.86429012466294
49784,179.93731999150248
49785,477.67049433589966
49786,559.8560830986049
49787,133.8821304481078
49788,272.880346842365
49789,526.5302509483391
49790,203.41117015603223
49791,197.38911140105145
49792,142.72949269631064
49793,167.81691319057828
49794,133.34405054738454
49795,192.849138516482
49796,138.05097795622493
49797,113.00791428502126
49798,133.93870836584202
49799,108.7917309379713
49800,191.01392964253677
49801,116.25447636048116
49802,163.81641463873052
49803,116.20862590398742
49804,291.5643359255338
49805,604.5022790462833
49806,658.5599750042288
49807,176.0547243008388
49808,219.57939101585248
49809,110.82243142379936
49810,252.0851915683698
49811,241.80473599456505
49812,156.71737240024277
49813,222.13615155289398
49814,226.01870902275422
49815,219.57320324499307
49816,254.27499736735226
49817,180.82430917047964
49818,245.35019469057838
49819,251.4872799341961
49820,141.54532262092027
49821,162.63167639167165
49822,116.29766330164573
49823,130.03478622513083
49824,140.84906279456362
49825,103.569677335047
49826,148.44974797336025
49827,683.5551206743429
49828,324.1462109391417
49829,154.2957753587226
49830,173.11252387211906
49831,154.800783487465
49832,95.90815460715335
49833,570.4757129638575
49834,393.116874130442
49835,194.84696954661374
49836,160.5972608481609
49837,223.2985393686493
49838,434.633084807984
49839,172.12097375415055
49840,282.28718191009955
49841,173.21157746094596
49842,249.17151691970466
49843,200.59486898189652
49844,179.64868478171564
49845,333.60651080960594
49846,129.7703080924423
49847,110.20315179716992
49848,526.787568525759
49849,194.26819090927705
49850,195.7167144469458
49851,130.729209688136
49852,466.86979955371373
49853,157.37507426273496
49854,209.92140677567713
49855,846.9674348728441
49856,88.49539140354453
49857,484.12211814493014
49858,833.1455006738693
49859,616.6488845875645
49860,231.8024956866771
49861,100.33743836892492
49862,127.45814711890357
49863,145.04285768303208
49864,171.43213380872095
49865,148.0367191520479
49866,129.35765429125607
49867,257.75728774202486
49868,1263.6585319336216
49869,312.7136348907116
49870,194.18499797264985
49871,211.86233388567325
49872,124.4350800166252
49873,161.9167730200331
49874,370.77613949480724
49875,165.43356559150726
49876,256.3831274384851
49877,585.1424771197437
49878,306.8441323770189
49879,260.9125064539819
49880,149.34986103048547
49881,573.6619205088433
49882,131.70710562650524
49883,191.6166022255545
49884,77.16502941956848
49885,195.8900166659281
49886,217.63780402816164
49887,559.1947090838044
49888,125.78931901889204
49889,223.26592274101168
49890,180.86033411948767
49891,404.4514499017857
49892,478.40085058002813
49893,223.21368222660865
49894,247.99361101188364
49895,173.89587890089496
49896,196.98861518230302
49897,685.330292405582
49898,152.42662922437935
49899,290.3689408135679
49900,511.60462810804745
49901,422.41228697651894
49902,361.9430872734409
49903,108.8426606269951
49904,113.99916264962378
49905,198.13141435193708
49906,349.1295326045772
49907,92.50555942289392
49908,239.6235190905648
49909,163.46787454713925
49910,87.52823481953183
49911,363.62859714937974
49912,150.96312974853913
49913,147.67362188943932
49914,139.77244140120928
49915,556.3383602318345
49916,220.91597682651093
49917,195.96648203279108
49918,156.30569809244489
49919,276.64338288427786
49920,319.1534924814253
49921,270.0653701101607
49922,76.30044293226156
49923,225.02568550587037
49924,183.5335529852814
49925,133.52038802171052
49926,199.05378798713033
49927,167.70787758183485
49928,285.3939625411399
49929,154.9654228505346
49930,182.28893505556042
49931,151.11057444851468
49932,274.1079179786732
49933,314.65867686460757
49934,383.4765502149225
49935,226.58671874259315
49936,106.67155049006989
49937,516.0538339606134
49938,138.93571539622548
49939,194.8000600811286
49940,318.874867906458
49941,263.47217846845825
49942,266.1590488465112
49943,177.0276545320646
49944,133.32250711780415
49945,286.97115288393456
49946,305.0710663192964
49947,176.0537748471864
49948,271.1996523055219
49949,240.69644378830887
49950,207.29749873328666
49951,153.6128007568154
49952,510.12332909956706
49953,258.35769620291524
49954,289.4122012398179
49955,335.8968912540036
49956,208.28977076895052
49957,258.07518133650444
49958,413.9681719312189
49959,188.58223127621082
49960,790.5258387755945
49961,163.87797962833787
49962,147.52183107194034
49963,92.16549675435583
49964,89.88307251071421
49965,208.01945276272536
49966,132.09924224988475
49967,2285.520647470137
49968,176.75770907509508
49969,127.27622833515436
49970,169.48639414039243
49971,219.9108028798838
49972,290.5159500766098
49973,254.18099175409424
49974,380.29147824419067
49975,339.66219705917445
49976,152.40514345492772
49977,101.43371960305818
49978,252.24779938953685
49979,168.03288426038654
49980,161.65977983382538
49981,263.8119958375828
49982,158.45932533397362
49983,115.68439740361022
49984,164.01417755760448
49985,466.0193737743239
49986,71.7023565728736
49987,169.93234720175002
49988,119.93064211370549
49989,324.97313767300943
49990,253.86256561132518
49991,102.8675142391889
49992,303.8378457465731
49993,124.25968475110548
49994,442.01667067200367
49995,223.73917068017204
49996,367.3589559794136
49997,295.68594666781837
49998,98.90090205924268
49999,395.07845914189136
50000,401.58975967432224
50001,96.79501468548852
50002,174.02296524693332
50003,172.10749713967334
50004,147.5690648206484
50005,97.71150243556303
50006,379.1154063678992
50007,272.0582186371309
50008,449.59968576343476
50009,261.13657603129695
50010,241.16116167772975
50011,204.0204159595267
50012,242.3437607896743
50013,150.40025957726124
50014,157.63972947230715
50015,115.4280439640112
50016,103.38965780888749
50017,403.0854679716335
50018,316.38603680286116
50019,226.19407840317308
50020,220.81667719125795
50021,241.20130284564888
50022,223.3744429193558
50023,515.7815374214871
50024,167.05076150406663
50025,318.8772322103738
50026,703.7766580840173
50027,443.9281279946017
50028,277.18666747559496
50029,198.41692294786571
50030,517.2208615066911
50031,186.3549188571635
50032,176.92842226295065
50033,143.97768900064423
50034,142.1322049409481
50035,270.9346309922745
50036,167.93131501122747
50037,486.4898853000635
50038,212.53202899475454
50039,158.17327479878807
50040,292.23893630884544
50041,100.30291292674313
50042,221.50930510449112
50043,142.2251449092836
50044,163.96444060956412
50045,205.55754961549562
50046,170.0451616215774
50047,319.409715658436
50048,322.2463117324295
50049,185.32663971902562
50050,167.3081388783619
50051,135.95136870563434
50052,155.57828272894864
50053,311.21395510476026
50054,748.9500769378079
50055,181.70150251437354
50056,384.4392594738911
50057,212.67923134519103
50058,281.7069230397774
50059,112.96210919090957
50060,202.21978909423203
50061,125.83975777510548
50062,107.74235438443651
50063,410.7698051737679
50064,1534.6606466519077
50065,397.2238803906613
50066,180.28918887952713
50067,488.4780380848316
50068,130.24759834371568
50069,182.57603833265821
50070,221.24722680549647
50071,186.59490953403747
50072,183.2347559103012
50073,186.14382286215718
50074,90.52853030355277
50075,189.69830797191693
50076,356.92070110730805
50077,211.31448390067118
50078,419.9472438986451
50079,164.21850093619392
50080,123.90935429099461
50081,146.57210866132414
50082,292.38088695513204
50083,215.07614241503035
50084,268.0032178684329
50085,253.2774379544504
50086,102.87047756175075
50087,160.82248391215998
50088,374.33376158567336
50089,116.00716952214287
50090,385.19754320040994
50091,122.18298930117393
50092,297.5858866901257
50093,83.55909690046214
50094,239.91500905311923
50095,221.92375944125814
50096,259.51247350968714
50097,287.29887625784045
50098,197.90733416445008
50099,95.35641011190448
50100,141.05092428880792
50101,137.07322229778276
50102,494.70283990262686
50103,240.75042302274758
50104,287.0098337129533
50105,531.6217465451555
50106,281.7609189191297
50107,295.8568328138718
50108,109.17626895682473
50109,356.0459361406613
50110,290.4449099659609
50111,384.5002297759127
50112,588.8217132755938
50113,165.16512010625937
50114,345.2779239484815
50115,310.9527475014368
50116,583.2521950730458
50117,191.5165143310031
50118,145.90805787109366
50119,235.8989238624595
50120,470.3370206800284
50121,531.617350343839
50122,710.3852868654567
50123,658.7506074098934
50124,154.9714452383207
50125,174.51513167052144
50126,391.1666689956081
50127,183.60365680958705
50128,486.1497394250824
50129,313.670614586556
50130,129.70174514075165
50131,190.33315032144964
50132,164.72265096977605
50133,197.49660927344036
50134,332.87125719148224
50135,416.10123800435093
50136,986.4205553414413
50137,280.4002139697865
50138,83.4621582896362
50139,316.63651502748303
50140,226.9560203521244
50141,358.5835510017658
50142,147.49914911545702
50143,242.6534871469826
50144,145.72397217382704
50145,362.7842547283548
50146,414.2120024381979
50147,147.63080290122275
50148,132.75886159170105
50149,205.643021533618
50150,163.9927813362286
50151,318.5605483799118
50152,342.51199819275405
50153,271.9665861548574
50154,222.15138552678988
50155,228.1962424749432
50156,202.41193800216587
50157,335.0731183487063
50158,628.2178730756567
50159,271.05625842278596
50160,704.4929195202376
50161,144.62331444810584
50162,207.0173263485955
50163,190.75785605172064
50164,134.59533844204083
50165,292.69051171225385
50166,171.21323240788868
50167,255.04720411995078
50168,180.32884487656813
50169,274.42259370389417
50170,111.19989767697605
50171,359.2370775138533
50172,285.86941839593595
50173,349.1492166649558
50174,119.62308011905998
50175,363.88542924203557
50176,405.0666969071219
50177,212.42606083619114
50178,170.19451095074152
50179,262.98619189590437
50180,164.90704459146414
50181,465.06896308665733
50182,138.5595663993371
50183,560.7629252285294
50184,180.8833261417802
50185,238.2081500390742
50186,119.36875817154927
50187,309.6597454435164
50188,220.46704639396157
50189,142.21344392724203
50190,228.42689064890953
50191,206.42065655706025
50192,270.4268728185878
50193,284.1471278971669
50194,314.13756485233915
50195,396.0947272133813
50196,312.31423977754673
50197,178.28185457681846
50198,646.068623237069
50199,154.6689067997024
50200,282.16073093487284
50201,285.9295354637728
50202,1026.8415306442973
50203,167.83911137915527
50204,127.57336418217362
50205,110.89141215747709
50206,795.07604267379
50207,234.55757627060675
50208,355.82438754981507
50209,331.77829377649886
50210,147.63540224917898
50211,388.784801359751
50212,161.13345985348928
50213,350.48939067680647
50214,227.93883974289406
50215,211.08852749929406
50216,198.69178499382255
50217,121.3681258979908
50218,149.336861431474
50219,166.7576892267192
50220,91.31062634409908
50221,297.910813230223
50222,202.56938290828847
50223,174.1539421765656
50224,393.0788233121514
50225,221.88110988019233
50226,212.09148632296836
50227,274.42066042963506
50228,432.5231901375816
50229,256.8608219941443
50230,316.8652970995287
50231,819.1042072992598
50232,623.4262991563834
50233,205.81397176696325
50234,174.2060783755745
50235,193.16608866355438
50236,160.8172080470336
50237,108.57485413088662
50238,275.8784066750407
50239,320.36787431850024
50240,254.78854795187212
50241,88.04693861599746
50242,475.88012652978364
50243,699.4083332947049
50244,508.335937052033
50245,187.36350575783976
50246,160.70072233850158
50247,238.24764788940018
50248,233.74635698011133
50249,267.86233601775496
50250,541.4469779652916
50251,639.9084562677738
50252,373.80460145293495
50253,263.68396978965535
50254,323.7863154533696
50255,213.69714818653458
50256,135.71128128779247
50257,160.79351022413385
50258,294.9327761449927
50259,228.85798837580086
50260,190.20838303383607
50261,231.85550938607614
50262,127.91849987306105
50263,187.92633914714207
50264,142.67656895193204
50265,140.6228736260145
50266,297.4419919032419
50267,161.15666058530874
50268,131.645810586772
50269,194.41472720644512
50270,159.61158032677454
50271,270.93905010901085
50272,246.35540205119528
50273,204.10462030684363
50274,315.08291310209245
50275,155.68651957986273
50276,342.5739332179855
50277,407.89611502161165
50278,187.16920181839947
50279,346.0932331045783
50280,260.45063733050995
50281,153.31172377786365
50282,181.7646712616884
50283,248.01962090998057
50284,319.070834596967
50285,308.38777893655714
50286,521.1858988197075
50287,120.42203331476493
50288,353.48048298319014
50289,132.45772823535708
50290,175.654781689497
50291,191.94161887763536
50292,143.12612699362694
50293,194.19848662495906
50294,367.8176606769908
50295,335.8865606240975
50296,225.6479630004322
50297,208.18800460257378
50298,215.66157437836074
50299,159.3757905242107
50300,239.69674175612369
50301,266.0602332242817
50302,428.5050802601791
50303,159.29935421510064
50304,323.9071311270544
50305,150.55983114217943
50306,426.8337383736249
50307,198.24399827111776
50308,127.70502930484605
50309,103.05659293182886
50310,191.3065253411243
50311,352.2382824754947
50312,98.47391000814397
50313,131.37120662547875
50314,252.75306057390225
50315,160.6320902312808
50316,161.17025251210862
50317,113.60791503750038
50318,225.22691114063983
50319,399.4967122557882
50320,154.89814968035117
50321,129.97367588544003
50322,190.8986813862729
50323,203.60669629568142
50324,323.4319029473934
50325,658.0460542480291
50326,272.1073640981607
50327,180.92631932747733
50328,319.7685678749886
50329,217.36723902015663
50330,271.5823510307885
50331,174.2492176493842
50332,426.5845951667278
50333,184.83651139911277
50334,960.9399497554581
50335,617.2983575753494
50336,371.47936876980646
50337,250.7710574065888
50338,139.36350158429255
50339,214.22566956440787
50340,90.16379265314006
50341,842.7634587038384
50342,270.6129381907439
50343,184.18780163934366
50344,205.58516507230894
50345,328.4654021692287
50346,578.3206607245082
50347,273.473536091789
50348,186.67873816937782
50349,148.58170107291357
50350,114.60582785529583
50351,132.05859690807966
50352,820.98032687471
50353,308.5123405199915
50354,669.2886858248586
50355,195.08765189627076
50356,576.688422201109
50357,108.96547675496356
50358,119.83029096227978
50359,176.07530102970114
50360,951.6814679776056
50361,235.7882952711218
50362,120.07216007107375
50363,249.6403385424317
50364,819.7017264874391
50365,241.56277044429535
50366,276.640617589837
50367,114.912770844814
50368,139.45566001621557
50369,347.56934344390584
50370,191.3971582455416
50371,250.52854096233264
50372,140.2815343789026
50373,303.75824257048464
50374,213.8604260482965
50375,330.16893390197015
50376,150.9885120047456
50377,115.35232331216281
50378,367.09199763756175
50379,124.61348774909307
50380,188.66867459661157
50381,133.26416255991796
50382,137.2379580497986
50383,807.3699091634228
50384,132.98076097200533
50385,143.75338835644544
50386,201.83207833669192
50387,178.86157073220357
50388,304.9874010741814
50389,164.80782508537396
50390,213.28507014791649
50391,287.59134391471775
50392,114.45211524313498
50393,326.6782094843593
50394,113.91161457011124
50395,468.5120843948688
50396,512.2045076627874
50397,175.34769211580564
50398,867.9177184545589
50399,359.86172311984853
50400,504.4359854091332
50401,183.95925108715107
50402,199.67172318690493
50403,397.9485651278738
50404,137.06001499216936
50405,192.98904832765825
50406,117.50116705396088
50407,318.5806300578001
50408,205.38678735984487
50409,148.14643334660298
50410,233.20444670197017
50411,600.9580317422152
50412,191.50857959640777
50413,847.0430055356749
50414,657.3197779401884
50415,143.03380431454238
50416,184.1782775241578
50417,172.44378213495557
50418,175.3455453035958
50419,150.73333095137343
50420,235.23446381410048
50421,155.733999583539
50422,373.7198979709751
50423,118.25243998571435
50424,171.90878423155982
50425,127.70552274643093
50426,293.3846000574808
50427,265.1930333705031
50428,359.8802376467754
50429,504.12667944341223
50430,447.05803502980433
50431,256.32263399423
50432,295.24118295110804
50433,156.93401537367413
50434,221.11757360501758
50435,117.03270658805211
50436,229.4240843424533
50437,396.47890058846355
50438,587.318434930706
50439,229.91657388690754
50440,231.71110318313373
50441,325.67687500174515
50442,428.6170965093183
50443,315.6638032324362
50444,543.0741016027506
50445,132.91381537525442
50446,506.8384187246913
50447,222.93950084055894
50448,304.15255391356754
50449,180.87884870239148
50450,376.4542276743022
50451,123.69202201036285
50452,197.83171461210992
50453,396.8066666171178
50454,142.2792210021713
50455,572.7944882084149
50456,281.48158329993794
50457,191.02004345257623
50458,360.3813132828526
50459,205.38853510497523
50460,132.1334390873296
50461,158.02880840336874
50462,307.64627887655774
50463,176.13674958949932
50464,155.0794538532512
50465,1149.913410265144
50466,311.7921280002856
50467,715.1539632279171
50468,205.44328294989415
50469,260.5302838666037
50470,115.58435457629449
50471,230.66968415419413
50472,179.19695668995263
50473,426.0313769031567
50474,263.98026379011816
50475,193.1749637076147
50476,196.31105081806217
50477,160.1358273208765
50478,280.06765885348494
50479,419.58602906869885
50480,186.33125488808693
50481,327.4646999911491
50482,178.70021305607537
50483,109.76664984705252
50484,240.1870296962741
50485,610.4747878197685
50486,118.03911919581918
50487,219.4276322106119
50488,160.55565875041782
50489,477.901129527298
50490,219.0112003459666
50491,150.37705879839442
50492,157.6910326715077
50493,115.97827312575197
50494,129.40204235506377
50495,152.05248149489316
50496,178.02095766572236
50497,142.2693889634829
50498,137.38301060387576
50499,142.1009930600867
50500,420.13053878206233
50501,163.742706796223
50502,176.81104841318836
50503,270.19283681157566
50504,254.46788839250846
50505,236.5926059744973
50506,185.7288330084361
50507,129.83786176450965
50508,364.1643445704648
50509,152.61702442510807
50510,427.5658798433087
50511,298.6233675790842
50512,108.0125614018804
50513,292.3904037069598
50514,228.8189345387936
50515,200.47663276336985
50516,645.9244049542726
50517,337.82900793462676
50518,152.87332590216982
50519,284.77720114800957
50520,285.62426511141126
50521,296.10312112644095
50522,226.08341501241776
50523,243.48459922688784
50524,253.65394315055426
50525,703.0191576003464
50526,578.2342372306982
50527,180.40586842490592
50528,400.93831760484346
50529,396.80273002924923
50530,276.63973295925626
50531,133.40882995693573
50532,221.07770921161688
50533,127.11114462811233
50534,765.650613701352
50535,211.789630985427
50536,329.16475739985555
50537,206.85117617594415
50538,221.79575972210498
50539,236.60859623065073
50540,218.2393704832101
50541,220.3865328228045
50542,305.6648543300806
50543,816.5394802933903
50544,336.10495718542694
50545,221.75261112019285
50546,142.01669949109817
50547,353.4381269701764
50548,207.26966463768497
50549,135.08471234157855
50550,131.4219624845583
50551,203.16840336214827
50552,158.03380786083096
50553,132.9079181066501
50554,188.89893751505574
50555,333.0845553210611
50556,262.4788934946144
50557,121.19669966197047
50558,161.96425011299712
50559,194.98530508259122
50560,214.0707330578928
50561,241.98434575593853
50562,230.37506647024082
50563,429.23412270419004
50564,210.98712894083772
50565,317.1205592507859
50566,216.00956390972334
50567,1042.1647778124375
50568,93.59646661676453
50569,373.1954701167487
50570,867.2103934902906
50571,135.87834628629793
50572,164.096302740337
50573,632.6947486063827
50574,370.4372132263138
50575,307.18560305348933
50576,791.8703146818776
50577,435.5395198395517
50578,522.4554589896106
50579,173.97170405760698
50580,382.2112665680736
50581,253.06415701419115
50582,460.6579629787359
50583,115.52472372235432
50584,257.8063865089283
50585,289.2538021937607
50586,203.98690399171838
50587,839.9768820221843
50588,376.73276401297096
50589,201.40572144175968
50590,383.1324472228241
50591,272.20407178283773
50592,138.4846776781422
50593,287.1622648451261
50594,211.58252372590255
50595,202.25133415753325
50596,486.8466750168715
50597,275.3841621044745
50598,167.9047372495369
50599,225.4018734512834
50600,237.2881019706712
50601,238.47309596674413
50602,189.42170702325512
50603,339.8815379348934
50604,218.69549152253722
50605,200.5680219695614
50606,202.9984593263929
50607,208.62750964761943
50608,349.1700826414416
50609,191.72558326605846
50610,722.5895456989118
50611,187.09286032747303
50612,168.89748739064902
50613,284.86359275167626
50614,195.8897091704233
50615,126.4492971099821
50616,229.77542186477774
50617,284.25880372352236
50618,78.09551207079612
50619,228.4381741517408
50620,263.06452500733104
50621,122.81300385552065
50622,343.5298090777382
50623,132.43903640438634
50624,437.43915669466253
50625,151.67753391119209
50626,201.02926500481684
50627,168.1664313767038
50628,251.42956468964618
50629,331.6112060269515
50630,183.24407573970285
50631,142.34664136430547
50632,208.99514004815
50633,171.07954702838143
50634,142.2025679099935
50635,139.40592525082945
50636,159.31713126970595
50637,222.10344160181296
50638,156.38624860539215
50639,244.74843103741773
50640,255.1737012988252
50641,364.94596793623714
50642,695.9468636161346
50643,218.78481702417395
50644,229.23377774423042
50645,306.21561013417426
50646,99.20200422381369
50647,238.25377367524212
50648,263.78222230633077
50649,247.20083691962256
50650,237.17973386179995
50651,247.588711597638
50652,148.88593525072133
50653,276.6130473102404
50654,720.4592760837444
50655,297.5553898358574
50656,254.3956013252457
50657,142.67656895193204
50658,156.6443530664069
50659,165.3458767201608
50660,460.9890348175884
50661,188.32242061775437
50662,124.59438212857621
50663,149.3421397914548
50664,325.54817275620275
50665,252.73328666426085
50666,312.0851482841959
50667,201.94731266007796
50668,225.9693169112944
50669,305.8953586895319
50670,433.5799496338259
50671,529.020222187932
50672,310.3816396871081
50673,127.73894213020961
50674,144.5644489284007
50675,278.9581150137835
50676,366.2862485033009
50677,129.17142416221887
50678,160.43333606429798
50679,241.5493862988734
50680,209.41302872286607
50681,414.3859861058489
50682,548.322770488425
50683,579.4511801487688
50684,193.51696352080506
50685,218.51801259786097
50686,155.04644735249852
50687,351.51623127140783
50688,151.89649977693782
50689,646.4735691627864
50690,773.3969753711195
50691,175.6574627936408
50692,550.2774273997107
50693,413.6426108971257
50694,396.7448789601805
50695,132.60122745336034
50696,141.14361445921602
50697,186.06132909902567
50698,778.6390503787145
50699,196.2835620840519
50700,169.80472527783255
50701,451.72909852996696
50702,363.71534984072184
50703,554.2350669762345
50704,264.72441020336686
50705,309.74662694890566
50706,290.4409082781807
50707,84.40639218192369
50708,137.82826266919707
50709,220.01368953793744
50710,166.19185675591717
50711,203.23590790499966
50712,95.14009020686991
50713,84.35421471196233
50714,603.9537487168104
50715,184.17344576654148
50716,162.22299916124618
50717,132.56802014792098
50718,115.32377238526372
50719,815.0156917565047
50720,237.66019643780805
50721,334.77348196779565
50722,365.1895649388349
50723,234.51507346971223
50724,181.48928979880924
50725,679.9979906482561
50726,620.3184987915004
50727,372.0686712966329
50728,144.4674261191177
50729,187.35032540177772
50730,105.66170384841755
50731,385.40107983932785
50732,443.0532852317724
50733,221.6223237735224
50734,591.07317329602
50735,237.98269545363652
50736,162.34375391935518
50737,102.6726062289169
50738,136.31816238178894
50739,142.6438482124377
50740,132.17735691553776
50741,332.1989283301098
50742,223.84219576058737
50743,128.378976132431
50744,158.3490031531268
50745,106.94491489100379
50746,198.39354776087882
50747,317.96941740420726
50748,159.32398883475796
50749,409.59017813191696
50750,212.14904754027535
50751,138.96485385727428
50752,323.3935329003184
50753,281.2827707502982
50754,326.3744323688213
50755,109.00826255528928
50756,214.03570693645315
50757,600.4938350521741
50758,93.46903824918924
50759,260.03826260556417
50760,395.0321875297821
50761,456.6597449477838
50762,137.48019250054074
50763,155.2790336842549
50764,120.52686760273019
50765,201.0382389164757
50766,231.67137892428173
50767,201.05304192409636
50768,189.4425823717011
50769,175.1220417159286
50770,366.7170454640409
50771,129.53359999181632
50772,131.69304418807906
50773,135.32065189617194
50774,155.28333540428676
50775,191.81569106300392
50776,213.90498040819404
50777,453.30415599876915
50778,172.46856661238718
50779,133.8869592873907
50780,205.94172890201926
50781,160.29207410798142
50782,131.68856100986758
50783,106.87808624849363
50784,847.5552291067306
50785,204.91130879287743
50786,286.1790718386388
50787,343.699396591087
50788,610.8896511602426
50789,89.15234179221491
50790,337.6764311360625
50791,366.0295922640997
50792,465.8434313348096
50793,128.91249385042772
50794,254.54520959839576
50795,111.29553698373809
50796,121.07738285987756
50797,140.4939412462795
50798,404.15410918074593
50799,277.6172542964902
50800,671.3540234723121
50801,667.9762714856324
50802,483.0744417582497
50803,374.31725199347363
50804,390.04675915071914
50805,384.967078069848
50806,237.7226760733165
50807,134.1627072224937
50808,611.8984047188799
50809,233.1469034913882
50810,258.31366956200804
50811,472.0642463623574
50812,285.646441127401
50813,185.96779313351536
50814,1069.258038641483
50815,494.1046060434081
50816,266.7086970844521
50817,199.28786511785728
50818,153.3575854452879
50819,192.7450517535839
50820,144.80029119191775
50821,319.1125055158572
50822,251.9888904195548
50823,154.65048803960158
50824,766.7415448178575
50825,176.96022355002842
50826,191.32874084623145
50827,310.4391746691501
50828,341.29107876229483
50829,170.05684700496644
50830,308.0101595447981
50831,247.50165686385282
50832,159.0549578564055
50833,174.25992516887567
50834,172.99902356137093
50835,270.7456296502261
50836,369.2928856478673
50837,137.15314234353914
50838,380.364534043469
50839,343.0070802192113
50840,1054.3727363388787
50841,140.96273735186597
50842,173.23831703067694
50843,267.978770001374
50844,422.03620822487756
50845,1048.764091815044
50846,591.2058933128048
50847,232.40715671351964
50848,161.58304153670727
50849,227.25043078723346
50850,152.19466987577604
50851,207.59769018119425
50852,123.82114590214788
50853,134.3270628171287
50854,824.1117242604488
50855,159.45767370096465
50856,115.76240862658976
50857,265.78767782245484
50858,249.41967109523958
50859,577.7232122441943
50860,154.17679203847376
50861,273.7007986089194
50862,195.12630211027133
50863,221.68162960027078
50864,236.74505139796818
50865,523.88505908167
50866,120.80853762607993
50867,248.09982939605362
50868,722.996080471797
50869,245.04753281351137
50870,165.36311777313438
50871,463.0483267741617
50872,314.5762404542963
50873,299.62902671377117
50874,435.6148303540641
50875,154.2096321638477
50876,225.93034910320202
50877,125.06616817020505
50878,118.99471117935119
50879,138.76487019893838
50880,461.89397021494335
50881,138.80260534209796
50882,572.0803325989733
50883,271.1378855212764
50884,145.97163438890786
50885,196.1834990265801
50886,271.72491539228264
50887,156.09554300814017
50888,196.18018624707696
50889,615.119432172391
50890,420.561409370279
50891,523.4157657122526
50892,229.07666483495487
50893,428.03176834326666
50894,277.0503942595462
50895,369.58620929078563
50896,282.9195648204306
50897,207.01296512773982
50898,224.92148430057503
50899,391.01206024966746
50900,112.9653072182925
50901,772.6397579479686
50902,243.44502882621248
50903,254.83367407646858
50904,293.4484500187181
50905,270.785998646356
50906,267.4957452180146
50907,311.6821098294543
50908,285.3696247408879
50909,236.90886669978212
50910,377.4043991026891
50911,1052.1438961941049
50912,197.23064341200012
50913,290.8001974384782
50914,86.63943831643054
50915,230.14659050595222
50916,166.96618951701905
50917,764.152342106506
50918,169.06458960334277
50919,127.1287366071979
50920,294.86193762374177
50921,99.96327323016627
50922,272.81217340640455
50923,170.46897707990993
50924,123.44363151076378
50925,87.0476950280624
50926,204.91108597543752
50927,60.37338900604823
50928,117.43225221999492
50929,206.36594959197419
50930,357.3862967429585
50931,234.87198236411746
50932,202.72417239804983
50933,418.81445204209854
50934,323.3695700358996
50935,374.89711448021365
50936,178.29489791794003
50937,201.78809869985565
50938,486.3444973416874
50939,232.8988316185009
50940,164.12986283920327
50941,529.8446646923035
50942,150.98607831789414
50943,500.3902880425291
50944,269.3805369488102
50945,184.74704297842985
50946,261.067361787088
50947,224.10613509636661
50948,202.92636097293772
50949,195.4819734094716
50950,321.8264158557063
50951,205.193353706325
50952,391.3416761987067
50953,229.55583724788025
50954,256.34729010753307
50955,295.4730006146552
50956,205.00285741424477
50957,185.4332871811985
50958,220.3400707412603
50959,178.39231009863735
50960,482.51272463103385
50961,813.656772972475
50962,287.7954914474342
50963,219.86748601631047
50964,130.42407043795185
50965,187.61941923904328
50966,155.0174231200083
50967,515.3461372818257
50968,215.09151377205245
50969,153.20543758296478
50970,273.601345213728
50971,173.72622051722107
50972,182.24783517490113
50973,276.8598174870696
50974,268.41905237750444
50975,214.7947312771139
50976,191.86509565093198
50977,145.4293999960308
50978,453.1730924891229
50979,282.9949469919133
50980,746.3532868076522
50981,196.92653917697046
50982,234.94672747728825
50983,123.93647043508575
50984,193.12004401426373
50985,190.0113131220013
50986,577.6751460761694
50987,172.3146538517809
50988,416.5588298517637
50989,260.5591027351873
50990,433.49173616239864
50991,388.64375472083304
50992,239.70618242766457
50993,297.2660701694377
50994,204.19705979491
50995,261.2590832070604
50996,212.5363464490071
50997,100.93946142929214
50998,233.5875581355685
50999,209.00107191009008
51000,126.3501161253449
51001,361.13830329699425
51002,283.35822477237247
51003,304.9215871053622
51004,137.17609101646104
51005,137.4682860115053
51006,130.74717184901343
51007,193.5470092698476
51008,141.34918759894302
51009,110.08351569423407
51010,178.61841677724686
51011,1703.6830245285719
51012,152.769093355946
51013,168.49114375914849
51014,288.1793738301491
51015,428.9242434561372
51016,234.3283345791387
51017,311.7582504711602
51018,265.14023229757873
51019,151.65975632105201
51020,166.02474089044526
51021,181.01901399861043
51022,183.42930021467194
51023,134.07362107652568
51024,129.99686737995282
51025,80.30495742707505
51026,119.21771060045312
51027,140.84982073915648
51028,285.6237121135259
51029,173.15018271827938
51030,219.652370150763
51031,402.9371775505328
51032,194.28329636578528
51033,55.003303607879815
51034,254.9642593639802
51035,177.78075527596667
51036,133.49043884684306
51037,384.6555806347287
51038,175.15954664309382
51039,238.95876433235827
51040,183.2484411800311
51041,117.06995591387435
51042,166.89631788496945
51043,96.3827548283495
51044,205.07316752672344
51045,189.4573007888406
51046,166.80186563194152
51047,113.20734332918326
51048,330.9843370424875
51049,212.13342401271737
51050,200.55754184650516
51051,139.62194991846937
51052,310.31346726418377
51053,114.52187217739106
51054,217.23771244946167
51055,311.3651399370261
51056,267.90243505894944
51057,111.18578187410498
51058,241.66390289606602
51059,1347.241569534299
51060,247.5120655770525
51061,181.82740939952166
51062,386.95641512713274
51063,200.84264739543113
51064,788.0180370497754
51065,117.90363776868863
51066,846.9963971891206
51067,197.79419032626626
51068,302.3213541534475
51069,192.59701463701086
51070,193.82145730517027
51071,156.28402545801347
51072,255.0247169477814
51073,261.4269412063632
51074,505.1984466702577
51075,307.84480308154815
51076,792.3772233729909
51077,466.7800171315486
51078,155.178686822483
51079,236.95532801926038
51080,315.9582296113316
51081,172.19671808808417
51082,503.2767520284274
51083,208.97680537243866
51084,359.1023790659476
51085,409.0001524182474
51086,222.91003641252007
51087,149.1554096045898
51088,145.23949209018286
51089,213.29453178687194
51090,115.46916122077077
51091,471.2530524871934
51092,542.0906820560137
51093,229.5657163193351
51094,71.66981871397161
51095,124.46287734932864
51096,305.00278423672006
51097,174.6390129229556
51098,197.2810771235943
51099,301.8811146827298
51100,163.29512707229836
51101,312.3558787138543
51102,102.02649722438227
51103,212.87985578425605
51104,395.5332388484402
51105,390.25923722509964
51106,187.0571945654293
51107,204.69431428336904
51108,292.3116238527922
51109,282.63423994858397
51110,386.2743537243235
51111,314.0952708523816
51112,191.0107088598521
51113,228.62715852807838
51114,169.02966899534448
51115,209.355471840731
51116,150.07662859593964
51117,312.4476478265085
51118,91.62336855789385
51119,279.72339690168366
51120,236.49360623866895
51121,1273.0121228188345
51122,321.08103049897613
51123,575.3933979714492
51124,340.79041027372773
51125,250.77818886877944
51126,236.18646201366963
51127,220.76042325858094
51128,326.11442594129744
51129,371.62366024347347
51130,349.80707528045957
51131,260.26890504427337
51132,480.7122835314859
51133,301.62442788398926
51134,108.61622531363079
51135,287.8404362054585
51136,253.8719189159519
51137,646.6962096249008
51138,169.59943039276692
51139,219.4837933192292
51140,100.11127505771313
51141,198.78710844571054
51142,930.9346819063414
51143,94.24997989996506
51144,154.1081456167807
51145,165.52421291958737
51146,103.25827365936156
51147,541.2028209149847
51148,188.88573469597196
51149,613.4288424620481
51150,101.64952431942733
51151,228.23426233499723
51152,165.01907650627447
51153,435.0224446634655
51154,176.84908571451186
51155,717.66829363557
51156,110.52053703468738
51157,164.01400504621685
51158,195.18904058309076
51159,279.3849024338462
51160,478.11914652091247
51161,153.0737239102663
51162,223.8406477303957
51163,266.83326162610916
51164,341.0448573542738
51165,154.11588891128957
51166,177.8602791332168
51167,207.73792191458156
51168,187.56663446739574
51169,258.62121732409736
51170,522.6370619595033
51171,466.5547965985945
51172,243.31622885833366
51173,229.26723800492724
51174,280.745286083559
51175,159.0192612039816
51176,140.03458172257163
51177,221.71008690704127
51178,392.55719003942943
51179,230.18043578762718
51180,311.0146391966505
51181,315.48871081862757
51182,229.33018743600599
51183,424.3704067734406
51184,434.75909851465525
51185,166.75033075256118
51186,117.00423363016262
51187,375.8228827253485
51188,485.46719974484733
51189,358.70924064369734
51190,259.3671825788347
51191,149.83904437359152
51192,173.67521244201933
51193,498.3187823928974
51194,140.31274298218844
51195,403.6234647298846
51196,259.89864869644316
51197,91.2938309169543
51198,335.1753766475984
51199,406.4649681952789
51200,304.55901961432727
51201,91.89628448183696
51202,390.7665669310754
51203,148.68299707370673
51204,627.3943175224765
51205,260.587285094471
51206,326.5551707390595
51207,112.49333910296995
51208,195.7910573493312
51209,134.77756170397623
51210,299.5706579930749
51211,94.01150314374192
51212,239.87357003883457
51213,512.3397746095625
51214,168.2664981388625
51215,123.8405787135758
51216,346.3780761645736
51217,202.33863846650362
51218,151.59676900261846
51219,121.92407280911928
51220,553.1732534379303
51221,203.29699570843636
51222,162.80640071375637
51223,126.78597573268264
51224,268.68215370919626
51225,124.21818119254912
51226,142.56529827781446
51227,234.24059120377697
51228,456.7117410858988
51229,242.26358480320357
51230,234.8270725029633
51231,156.4344947453011
51232,233.06314721067284
51233,166.5578075923169
51234,157.14254161813435
51235,178.34035634620258
51236,753.073792451911
51237,162.83728056127256
51238,96.77649642121297
51239,709.0745786067931
51240,191.23718996927047
51241,206.68939456902183
51242,316.19624565602635
51243,171.011489081281
51244,211.56981265139274
51245,394.3979609024009
51246,323.63924159558775
51247,151.27314835904707
51248,165.6367337345482
51249,453.8340621373766
51250,164.241924235501
51251,217.6613325938465
51252,576.8818298391838
51253,102.0944608834465
51254,119.90830947868035
51255,264.6675824119088
51256,152.70079324785792
51257,327.11187890375646
51258,162.5553382440861
51259,281.39311722410196
51260,180.66949367104263
51261,165.45634372054113
51262,248.20381451229588
51263,108.92197495789432
51264,137.56362729911862
51265,266.77505611560014
51266,96.26592142768462
51267,175.57460466811128
51268,235.1136923688142
51269,218.96002560598322
51270,571.330257406712
51271,223.65302434846396
51272,286.8165698086209
51273,211.27775737725764
51274,99.47126460206077
51275,145.98747136551466
51276,119.87908178619642
51277,377.0036331800695
51278,161.90350996633848
51279,396.36260647647697
51280,471.2978546028748
51281,771.7004664211828
51282,203.76141318850378
51283,137.68122795174975
51284,85.46578276147166
51285,297.72499629124655
51286,235.1939311443558
51287,134.77674034744643
51288,104.53867935297832
51289,190.8748782159478
51290,175.26762279638746
51291,400.4335104358634
51292,281.397354580896
51293,197.5369615327955
51294,229.4094178234109
51295,199.94678777372025
51296,251.37836484354904
51297,139.63679176411148
51298,408.4146876693149
51299,157.72538386643322
51300,658.060897426521
51301,273.67104709735264
51302,139.47863230744238
51303,146.9316993903752
51304,366.18259773222405
51305,482.2959822104189
51306,197.10047601536562
51307,205.9011332385673
51308,162.1991082866991
51309,151.90307273974915
51310,198.28539539386293
51311,346.38120676369977
51312,352.0449862852223
51313,155.1437851416979
51314,137.25871186291863
51315,307.9320088712792
51316,256.1802769993671
51317,158.0593140890846
51318,176.4046954748978
51319,443.8362067566909
51320,220.69437472834508
51321,112.67964281649634
51322,182.4693839484606
51323,125.20161680557088
51324,193.19578142914628
51325,123.80077441173442
51326,226.2870169236449
51327,307.380065873359
51328,690.468486020648
51329,157.23802525510334
51330,295.0876602189869
51331,187.6391954510206
51332,384.8279592583952
51333,368.9843534483565
51334,218.4224403637957
51335,181.44858961075545
51336,449.8195262544134
51337,316.4433438972018
51338,178.93266386563621
51339,244.12398305114857
51340,308.67163694125685
51341,120.84190042740394
51342,184.17569087691447
51343,149.603624819922
51344,176.5346668604085
51345,295.7717009580697
51346,546.0173682529771
51347,195.4378086230146
51348,184.3884845030765
51349,189.1060685127062
51350,629.5169848157226
51351,301.5364788554392
51352,241.68790951243827
51353,187.98226502108434
51354,117.390835650037
51355,532.6179838623987
51356,235.77559509728638
51357,147.83337444872618
51358,533.8495248548202
51359,74.0910456754205
51360,199.41202949858607
51361,368.2279236921186
51362,275.7599959510261
51363,351.77637767175645
51364,529.2150450187431
51365,333.02243694224165
51366,124.60305018745085
51367,216.54033003788192
51368,475.0334454418106
51369,202.2635559037149
51370,231.87235426318946
51371,197.21813087362517
51372,169.52556930161754
51373,159.01118742593818
51374,118.82761242713872
51375,313.7543614534391
51376,164.99710381235352
51377,190.02324203928328
51378,365.42678705745027
51379,513.1716735451154
51380,198.94228535336882
51381,279.8410996246282
51382,233.87666069076758
51383,156.1274367502856
51384,192.5579127354924
51385,149.2491281688287
51386,106.50320263444381
51387,128.1578441510402
51388,195.46579540721862
51389,657.4110266221489
51390,409.3653330763959
51391,348.3124554918932
51392,163.15509740864834
51393,171.59406878345706
51394,162.33399812284733
51395,180.98948097489838
51396,321.2634570863515
51397,647.8570453194799
51398,544.4898486221254
51399,128.7442886082696
51400,201.8177181939663
51401,498.4176480574509
51402,158.18955758424056
51403,471.15529844975396
51404,187.34416111074225
51405,175.8310016533315
51406,294.7496132273601
51407,127.15367027170443
51408,282.98929900527537
51409,232.947577180594
51410,521.5292472853031
51411,271.4805113970064
51412,225.30779734883018
51413,141.35399311510784
51414,395.9312612837432
51415,95.9533235091051
51416,268.7748891853641
51417,208.03015178513127
51418,363.4593321451445
51419,152.51869840131891
51420,454.695714047127
51421,256.5116626122129
51422,131.47223622721435
51423,203.80186987339434
51424,651.0253350247531
51425,813.9885574622753
51426,633.4060323331081
51427,83.75058546135807
51428,566.3792805049256
51429,204.27914575706532
51430,441.89391649821533
51431,211.84887930551346
51432,207.65060235560316
51433,129.6522264940695
51434,877.5153769911507
51435,142.23523906364943
51436,817.972409286781
51437,152.69452285767682
51438,181.9788982879371
51439,365.2971757989347
51440,190.86668694896522
51441,329.9811771868439
51442,170.6866578144981
51443,226.75986942631425
51444,262.67885804468364
51445,217.19418892484043
51446,119.54966448951104
51447,398.59660740318094
51448,124.20632643353107
51449,240.5558178733048
51450,189.85229282427952
51451,270.2261614956625
51452,287.81385900396094
51453,190.03729988608424
51454,189.70958401555308
51455,131.01988193409872
51456,148.52153335509882
51457,124.00701084079006
51458,111.38939875537802
51459,523.6738355486639
51460,124.91795687053784
51461,342.1506836196446
51462,314.67415524615825
51463,132.32536205780414
51464,130.16657235970774
51465,238.0937898749576
51466,215.541891277955
51467,1021.7688442461802
51468,233.44167047165465
51469,259.6522389335999
51470,146.41924880041253
51471,110.37002674939656
51472,276.44397823799466
51473,101.28581398943145
51474,244.06465027925938
51475,554.0010008413768
51476,115.97285604853025
51477,207.35314822539567
51478,540.9925210204206
51479,356.1586109338883
51480,327.6572892645062
51481,138.87209396113076
51482,190.73846295931668
51483,321.5282622474722
51484,208.29304132615022
51485,527.464858664633
51486,237.4411933895012
51487,141.8819031106583
51488,229.36588836607152
51489,295.55172251668586
51490,275.924956368647
51491,114.36201723423036
51492,334.7518749358807
51493,121.03943600493277
51494,214.28166267543526
51495,237.726395974733
51496,156.4133170574832
51497,271.11319949586385
51498,124.39453934301956
51499,498.5336894394859
51500,134.11098833691332
51501,405.206877924364
51502,98.17581799004275
51503,372.5552157498368
51504,180.81198944911367
51505,110.57654299941092
51506,335.3755765317315
51507,163.04817904505813
51508,137.49421633398404
51509,165.91187385645853
51510,159.0595214553377
51511,365.57463164431397
51512,154.97049615288057
51513,93.92828545828071
51514,339.4703752858169
51515,117.30412147251639
51516,201.63635965331414
51517,247.53800715293116
51518,389.3653550141459
51519,236.78708150755492
51520,172.61570020656822
51521,240.5527749317311
51522,240.3119531028631
51523,765.5718169151269
51524,289.89498099642935
51525,243.78212164150844
51526,384.124624015558
51527,272.32396350480906
51528,131.68459048059495
51529,201.78872930301702
51530,150.28055975584854
51531,446.3356674616571
51532,97.14508201960773
51533,291.44063207244096
51534,251.32138358957417
51535,781.7668539375615
51536,590.3281715336394
51537,435.69135358858694
51538,154.6078431748183
51539,323.0599822821562
51540,727.2960077136664
51541,291.9471913639378
51542,195.09075853924483
51543,99.34923645465136
51544,147.59532465435728
51545,122.05924380614269
51546,382.79517110615626
51547,182.57411832662092
51548,152.57952975164014
51549,136.8176117125225
51550,279.8940923625218
51551,151.36812312282137
51552,216.77809899992764
51553,187.6542857576839
51554,163.63739312474294
51555,168.59453078341366
51556,303.32270215922426
51557,170.69204773463298
51558,182.92978817626243
51559,258.5965127081892
51560,355.1227251733994
51561,345.62448031227444
51562,99.49887364817954
51563,131.85244033980416
51564,246.7898831542094
51565,221.24941541668537
51566,422.6070000068043
51567,643.7706175654334
51568,706.5905830689039
51569,140.09766245286133
51570,319.3421511016634
51571,104.37459452445285
51572,131.88704386882588
51573,207.10691840713238
51574,218.21925761945886
51575,649.3686166627477
51576,474.4309034967779
51577,228.9380400265627
51578,1455.3252362195628
51579,343.07343394053834
51580,127.73099281076513
51581,277.53601650078076
51582,330.808117386556
51583,523.4715699938832
51584,158.55995741275237
51585,230.54581359499224
51586,134.14899886883245
51587,146.56827542479144
51588,343.6389348077792
51589,217.17914022633383
51590,485.1598060984749
51591,217.18556255080065
51592,111.9865066319994
51593,503.03158374903654
51594,163.3028271103696
51595,323.0196940033252
51596,205.67514476021663
51597,181.20900736706253
51598,254.84564577719186
51599,1060.912022985017
51600,439.3704749534696
51601,468.81329911814476
51602,296.01312980075846
51603,186.2064199873911
51604,246.08666832848616
51605,299.819487762434
51606,174.06172098484475
51607,124.60017333480528
51608,307.0432097351601
51609,254.06764325489476
51610,147.94807651606774
51611,242.049884868599
51612,1008.4905150661325
51613,225.03109139482794
51614,270.39592383211624
51615,303.1184415460694
51616,136.2361520757291
51617,171.57129167530726
51618,86.96176833639966
51619,120.81166409104905
51620,1595.1392404914225
51621,147.48137947963494
51622,802.0095888014221
51623,329.79038287942814
51624,206.57799630042322
51625,147.06802958823025
51626,185.52604358011428
51627,155.91392523634227
51628,459.75268815722495
51629,128.87999801688392
51630,176.29438689232006
51631,131.20801094380522
51632,162.81381919087116
51633,396.925622387542
51634,161.00091254928157
51635,243.7446765083995
51636,115.88643231859837
51637,133.13525619267048
51638,145.15317673586287
51639,216.52899791052937
51640,243.7577386484206
51641,161.83124902924328
51642,211.59807295335403
51643,278.84649193862856
51644,363.8336205891213
51645,168.19783371439897
51646,144.79659379986768
51647,148.8153414856516
51648,106.02219224666251
51649,228.32132894704958
51650,239.8446600988295
51651,504.8237585273803
51652,172.44022466819064
51653,150.56972023519083
51654,162.18331168330658
51655,316.24480923374523
51656,187.10433369069668
51657,134.947265818164
51658,263.9571579125615
51659,241.42044366377243
51660,144.98516558911996
51661,166.23673063765793
51662,826.1197725298416
51663,300.6822219665634
51664,532.4366531658028
51665,556.9745518996319
51666,175.21108909037395
51667,270.7065356835179
51668,126.59478487935085
51669,272.4594315338242
51670,758.8672518843033
51671,182.57232565090487
51672,214.32377319535476
51673,218.14515956782395
51674,131.20047776992593
51675,190.9848880102443
51676,1379.8279342740198
51677,122.20155966870846
51678,162.60544253221354
51679,298.78252370855967
51680,199.47984827167886
51681,142.37521739576013
51682,171.44262483678997
51683,261.76097666231533
51684,135.50854024862545
51685,98.39687472987457
51686,154.8989467439704
51687,244.43818130015188
51688,116.26753478269181
51689,152.76790804354513
51690,228.90457686982668
51691,156.80497965343213
51692,234.60936443173182
51693,578.314143812971
51694,211.70097915113263
51695,458.57109528518004
51696,238.67002344568948
51697,665.9438081459563
51698,153.32030840228478
51699,201.19848667391219
51700,356.962799955046
51701,163.36899191054835
51702,215.69806824109176
51703,176.21181518823923
51704,160.03825364421093
51705,146.1387245444667
51706,1173.0329475523351
51707,193.6645655608308
51708,311.4572358521353
