id,realSum
36196,387.5571837725956
36197,601.7144609527807
36198,872.2456719591949
36199,194.0767720145069
36200,307.89139904049546
36201,703.7462672945535
36202,152.6520642804856
36203,316.18628638463804
36204,627.2473496780325
36205,238.55897003506755
36206,227.660122609904
36207,424.0622459768049
36208,300.135174995748
36209,228.5547725061339
36210,188.6868686906657
36211,370.90172938095645
36212,248.33265398064103
36213,148.56910235211762
36214,124.66078413358298
36215,176.7472807662663
36216,313.982202155096
36217,241.0956285829619
36218,362.20518202494617
36219,117.60174946122116
36220,353.50652030617397
36221,348.5744033153041
36222,221.8846953611645
36223,446.74704912024293
36224,259.3595474422083
36225,755.2445438442334
36226,437.8741489855523
36227,653.7828543867787
36228,972.8716144639111
36229,217.80262946783623
36230,319.25491895773627
36231,248.69988912732973
36232,170.94308413982566
36233,230.96908627216436
36234,87.96481778403184
36235,446.30211332486317
36236,183.02741268213833
36237,233.2176474314351
36238,184.21971165191252
36239,235.99105688365316
36240,458.0223237928277
36241,253.9962429823795
36242,110.39486004388337
36243,261.4040567229101
36244,216.75262991584592
36245,214.54378762051968
36246,415.0760086189671
36247,236.21752636025695
36248,449.7831085605891
36249,388.15342680136047
36250,231.88224945170796
36251,332.62883901996224
36252,351.72364237787104
36253,946.983900601968
36254,421.386616946882
36255,319.7727219399273
36256,156.43753680744246
36257,266.9123449025884
36258,192.65932338394904
36259,437.1431731763805
36260,423.9425236837278
36261,196.74094399448862
36262,106.98519449654374
36263,158.2240828853469
36264,92.33540141305213
36265,639.0413837865972
36266,309.72491599358256
36267,264.7708738675587
36268,281.14328737233285
36269,157.01694831630851
36270,466.2729319645813
36271,260.2887190415858
36272,301.4446847340443
36273,490.4123883438029
36274,134.7245783978233
36275,322.9391946597854
36276,315.39195247101134
36277,235.0640884995319
36278,146.58904100826283
36279,343.13261019589834
36280,186.1924104697415
36281,171.27166730936955
36282,140.01350542580508
36283,140.1850418125159
36284,218.64454408032876
36285,192.3112616545111
36286,196.46195789351253
36287,290.3088951239113
36288,168.28410929369008
36289,73.57919552641226
36290,659.802482553788
36291,230.87554668639223
36292,308.1624855739786
36293,449.7917238078153
36294,161.18777017656896
36295,223.26384842656776
36296,572.8656768530637
36297,192.00398909517142
36298,240.77918976225217
36299,133.11818856868163
36300,155.41843593719315
36301,611.5146729573934
36302,149.74486696898225
36303,278.7924315172483
36304,204.24863460225353
36305,152.10683108575495
36306,115.81980284828502
36307,319.89104409505074
36308,312.0896384238552
36309,267.5205619150755
36310,260.16044748962116
36311,260.70617542432
36312,460.6713007916256
36313,311.6552438096645
36314,223.55997529696478
36315,168.36793160079253
36316,623.2046054025428
36317,149.478978999537
36318,97.868152036444
36319,166.7694985684058
36320,1061.0759096546676
36321,379.4010450552913
36322,306.74661941558026
36323,317.79146390704904
36324,347.8040210391316
36325,298.56997486594616
36326,194.69318912764746
36327,237.08662722537514
36328,324.4427859850369
36329,19.534012127885564
36330,102.71914437815748
36331,149.40013566519409
36332,435.692593609353
36333,238.93830683714938
36334,381.8592433497707
36335,237.07031155399994
36336,259.4954967321569
36337,219.3209594224782
36338,224.63633251547515
36339,112.63004130960957
36340,231.05130631941978
36341,147.8120778926197
36342,214.6191985730191
36343,162.10272698467335
36344,209.13329276381842
36345,137.81733590715086
36346,218.0796884968364
36347,239.65938914860038
36348,310.0379143422778
36349,94.90450926572169
36350,258.7539192195046
36351,146.9642884590924
36352,190.7349732486057
36353,358.0949609165245
36354,212.75618571905827
36355,200.42300398121964
36356,239.5414509927925
36357,259.77454007684736
36358,494.28260368366387
36359,288.94899690051494
36360,300.11870532256427
36361,391.1138502126489
36362,346.57800320902254
36363,214.3788332446187
36364,462.0881086858243
36365,300.76632411598575
36366,271.4398930795764
36367,299.48230663321965
36368,242.72133722199553
36369,544.744011197479
36370,449.0900679336485
36371,271.4344663333605
36372,280.8032997238107
36373,185.71070983926387
36374,376.49582014666345
36375,117.5901052224102
36376,215.0010207607468
36377,206.91921065547558
36378,163.13577504598183
36379,250.76278596768188
36380,127.58752465165358
36381,292.1625931209311
36382,225.13025115855498
36383,181.26493067356938
36384,386.21485173122477
36385,170.75551551735413
36386,326.7446855808153
36387,102.95218550838845
36388,168.43446564875526
36389,224.58452772199067
36390,179.09829218928923
36391,553.1222701560856
36392,263.3618344194125
36393,77.89138963653433
36394,109.661892087681
36395,473.4200907744356
36396,406.4367861552559
36397,155.08714030271608
36398,125.95924421620471
36399,360.9610542263923
36400,349.97577783654015
36401,191.54919913316945
36402,229.6471072040453
36403,246.7328049026677
36404,222.47148091434497
36405,123.06066682325535
36406,97.78655932981528
36407,221.52058357514804
36408,202.55678207408158
36409,344.4730649328886
36410,206.59206844533756
36411,246.84631529072684
36412,547.093915874457
36413,314.9531614757259
36414,178.00045286367336
36415,464.8032397286497
36416,199.25149798267074
36417,541.0503156005041
36418,165.34839368213144
36419,272.6740480949669
36420,146.05193674638858
36421,898.4734559428999
36422,288.04138785976
36423,239.99021164833903
36424,110.94756545056941
36425,196.87248959972396
36426,117.6072931856998
36427,250.35709972853584
36428,273.9618010535761
36429,1142.3798941896703
36430,280.0193862853401
36431,642.8215575823864
36432,554.7410597759012
36433,101.69792715633065
36434,205.7554134381374
36435,340.45804789205357
36436,287.23852943278933
36437,314.2150567835036
36438,311.0339090920945
36439,219.11877254522835
36440,561.2496065533461
36441,265.014927531028
36442,210.62646744583307
36443,223.6844268707656
36444,225.1898789169808
36445,324.71330784774915
36446,312.1275536030357
36447,179.9601063380212
36448,232.50811803539898
36449,643.1870814831616
36450,281.9340478541766
36451,156.87831479630006
36452,797.0143360405159
36453,320.77751458106707
36454,1228.065678341696
36455,102.39390268415922
36456,143.554819735397
36457,151.07941853201797
36458,540.074649500045
36459,324.8666905514567
36460,187.47115103125464
36461,298.3207235558168
36462,392.75933759417745
36463,179.01063818585348
36464,308.9578206912478
36465,273.37494247078
36466,136.37890559300834
36467,272.75223386580245
36468,270.84508548909946
36469,193.49797473320538
36470,470.8300230098279
36471,495.6010300772054
36472,172.31214610224214
36473,144.59313800740853
36474,434.50841810820697
36475,264.9563579232703
36476,204.10911970926853
36477,401.6903873079462
36478,270.2818051441562
36479,168.6617388485885
36480,240.61039889224017
36481,447.25377767547207
36482,356.46174188935817
36483,243.93637280912714
36484,377.35998337673357
36485,118.27765686137543
36486,363.8488747708946
36487,464.33246668757954
36488,198.90662195884155
36489,357.4532152717959
36490,161.34346205703324
36491,166.39242546456603
36492,618.5941640694107
36493,330.85859142813393
36494,250.91316435884647
36495,258.2120007730063
36496,406.1158328672634
36497,782.4814770149668
36498,174.12859260243027
36499,936.2229733639584
36500,697.8243949639275
36501,136.95405095392726
36502,225.03676948447168
36503,311.2080153035139
36504,426.8740117627367
36505,190.11025771512405
36506,194.52165739098066
36507,511.9794529334512
36508,433.647548367612
36509,221.43475130245082
36510,286.71175266242096
36511,367.80287227116736
36512,437.67225972645474
36513,599.6570920896162
36514,179.50361813857924
36515,383.61179315532235
36516,210.5355764931929
36517,206.4210529238887
36518,227.25985312477678
36519,235.43729152121577
36520,234.39484632686361
36521,204.74330574852954
36522,140.55056571329098
36523,290.1132012191184
36524,634.3794830215421
36525,212.21577447446967
36526,219.78885178123605
36527,345.8614242665916
36528,447.84380463598177
36529,196.74948671281186
36530,294.76497515408204
36531,175.4807022221077
36532,138.87612077940804
36533,232.6906685943807
36534,293.19630609767495
36535,200.89781625879914
36536,250.85238410539569
36537,386.48300602351793
36538,187.13028072238995
36539,394.1687096519266
36540,219.01871975137158
36541,133.1247207839245
36542,395.5914493803844
36543,246.66568294501332
36544,162.25130438560453
36545,125.1066977980216
36546,865.0653449729142
36547,91.58881970637717
36548,95.88687050902927
36549,151.35475650888938
36550,371.7408945017081
36551,259.5319068220659
36552,197.29233766544462
36553,229.17633467190296
36554,411.4088986479434
36555,205.35370486922946
36556,131.56805113314925
36557,282.7123314125015
36558,200.0805343462066
36559,341.2241715995794
36560,171.1217998276015
36561,532.3509491740322
36562,265.9134339340015
36563,205.25582976840016
36564,170.75599685332995
36565,219.43526785966034
36566,371.3000309315822
36567,166.73648744828543
36568,124.94341800644477
36569,353.43361430764577
36570,154.94027454698372
36571,220.71875788054072
36572,207.37001064309086
36573,285.2484092636729
36574,226.11762508662773
36575,694.1755701027994
36576,353.765203543287
36577,279.28701138205935
36578,207.2830525278287
36579,275.29973746546574
36580,157.25430986880298
36581,305.3327626820937
36582,231.24449322930386
36583,177.63681441777075
36584,280.5009665102012
36585,446.5295279030255
36586,210.26577514315346
36587,562.3998999958349
36588,180.45941032270122
36589,181.2094526557498
36590,243.57750674851656
36591,196.34203758186186
36592,242.61945588250185
36593,338.5626998321832
36594,466.9039249837555
36595,295.43260019778586
36596,101.69139797685673
36597,213.5689040786495
36598,289.4842710736059
36599,203.01259379394108
36600,335.253356930502
36601,88.73363773042357
36602,216.26187587626978
36603,85.4508932193227
36604,606.5874867020674
36605,1289.2903713483274
36606,114.51879767495058
36607,752.2439511990223
36608,175.10991844724765
36609,314.01213233208085
36610,320.78750610578
36611,2530.4778514673344
36612,442.42140193020873
36613,804.4197457886878
36614,264.6804830841598
36615,192.998765728927
36616,136.5245648631319
36617,419.4697057260651
36618,203.5262891071793
36619,451.7295733890631
36620,222.5407534486677
36621,209.27535026559988
36622,111.20055248587069
36623,114.42894738213933
36624,131.29590451835148
36625,618.7133431838026
36626,278.2463336683143
36627,1769.7764258393938
36628,289.52914403297575
36629,401.94135442782
36630,110.05959032585825
36631,375.7247802541081
36632,220.51554278572263
36633,266.8070675813348
36634,237.43480818250165
36635,259.48730930094206
36636,355.39602382789514
36637,344.30163429461675
36638,212.56387334124062
36639,274.0650229197639
36640,188.25253012215447
36641,624.1991051122876
36642,246.4533900142469
36643,113.14198968893291
36644,132.10929043215503
36645,271.2213723133595
36646,254.21570047145894
36647,357.0074955483679
36648,841.6482491678446
36649,124.63338773561601
36650,1386.5159617159686
36651,376.7921910867801
36652,169.51463082533448
36653,322.9704845378767
36654,147.41394063080836
36655,172.95906791511007
36656,408.4333229670703
36657,298.21256387585686
36658,187.25050187643652
36659,164.0329812664852
36660,269.6217436676743
36661,189.0870252987257
36662,201.66337392082613
36663,111.44741777400846
36664,206.33411532136398
36665,149.36009815677986
36666,92.91329050467411
36667,336.27969497258215
36668,445.1943771394964
36669,139.89504816139265
36670,192.51211932953646
36671,329.1104987584045
36672,613.5717611712141
36673,240.2749261029076
36674,231.79424172048925
36675,221.5634111597237
36676,239.62304579821128
36677,406.1225639205954
36678,127.37073516042561
36679,183.12744434403112
36680,706.7330346234941
36681,420.8367365306685
36682,189.6876492959427
36683,373.66845004903473
36684,203.56327522730933
36685,508.10027545665844
36686,238.8883372650443
36687,259.2754840581889
36688,211.78796295014087
36689,211.9848595058439
36690,197.38112447047803
36691,1701.12308668361
36692,201.41260375438245
36693,531.3381932742279
36694,152.53366233203045
36695,135.61888050549803
36696,146.38754835431686
36697,242.8952566552554
36698,224.75789891221004
36699,199.15705660517992
36700,230.61627121161504
36701,527.2044148553463
36702,116.05826355115795
36703,226.83449565035625
36704,172.62474893078723
36705,204.7876741580784
36706,114.1276005014964
36707,363.416434646307
36708,320.0211553306412
36709,535.9094786479147
36710,166.59182319887688
36711,230.08090357509738
36712,154.15267904442723
36713,118.49427887510431
36714,169.43503027344244
36715,122.62498765176662
36716,140.55056571329098
36717,158.4103116177193
36718,159.41174910685248
36719,172.24557269063632
36720,401.52423574456174
36721,346.9973829103287
36722,1096.7193147326052
36723,432.26747748323584
36724,418.2294235556957
36725,229.81512473019706
36726,155.13456954297
36727,293.4262347703934
36728,235.10589934861073
36729,618.9447999184146
36730,134.5356691200088
36731,305.2297757634502
36732,229.41288246435977
36733,179.83696343972144
36734,98.83544807632357
36735,116.58557286550898
36736,91.23225691979106
36737,430.815692967762
36738,170.58154079491464
36739,104.14640679316686
36740,278.4151554507724
36741,144.51150008355964
36742,147.52228453446583
36743,124.69241870114503
36744,322.33466744604306
36745,140.56387698918547
36746,199.3854572360563
36747,108.32930732533572
36748,211.83392059013303
36749,582.6161859966797
36750,124.18962620176964
36751,220.81783485980648
36752,486.1168349451788
36753,495.3519763087772
36754,267.2581148795236
36755,470.571244190371
36756,221.94931463819003
36757,369.20532418634224
36758,175.83957552276843
36759,188.09721387684135
36760,276.9172036149527
36761,235.3390656434134
36762,242.80923253570236
36763,113.06975259008313
36764,313.578111830725
36765,187.3946345872078
36766,308.18963546656533
36767,433.60280991796003
36768,306.26725976585124
36769,196.68461487645607
36770,143.13787840665344
36771,147.36336613340518
36772,93.01225510155354
36773,425.5927563327888
36774,752.7668745493417
36775,237.5997763964097
36776,175.27818915149584
36777,95.40320739071694
36778,76.09523182844173
36779,274.9142413833554
36780,195.97204569758082
36781,288.3179444707294
36782,212.31071047843383
36783,279.9147613201704
36784,357.0782252882925
36785,311.02524249449806
36786,140.1850418125159
36787,326.4825424012444
36788,331.6438623043573
36789,497.69003017420107
36790,445.85612106400157
36791,448.6108954341357
36792,151.83272795589673
36793,174.88812077976576
36794,302.55556323929693
36795,264.5753181035
36796,369.4533168976996
36797,433.7086085483149
36798,601.5018803555229
36799,349.7800261378661
36800,281.0571614658052
36801,540.3520995371142
36802,436.9299389320964
36803,378.0023342842318
36804,298.49082363279496
36805,128.79938060482667
36806,696.3564454967313
36807,231.32638393253418
36808,251.73009338962854
36809,246.31142936082375
36810,387.9277229446672
36811,325.8960623898629
36812,257.2750289089528
36813,136.15679243793167
36814,529.7485164309521
36815,108.13227311609886
36816,247.4883344396949
36817,262.6138642429484
36818,253.07964788086034
36819,114.83555986344582
36820,232.43075547050208
36821,364.7673673336717
36822,564.0977898132849
36823,405.24259645686766
36824,402.2477021315108
36825,284.16315073165003
36826,292.16405414181344
36827,187.5977147909076
36828,218.72702448865064
36829,388.2380038878576
36830,1210.889854964212
36831,235.26636498759638
36832,210.7086102172042
36833,217.87162904307442
36834,269.9012805038857
36835,420.5040775281703
36836,226.63677456241396
36837,188.7931566810745
36838,204.30442240339875
36839,154.30393419746613
36840,329.621458427565
36841,234.57991245586567
36842,173.76028118703246
36843,166.52246604109337
36844,292.0115100484667
36845,184.54221929298396
36846,605.7501541463183
36847,240.44268999728777
36848,273.441389536854
36849,172.26355255171887
36850,217.97622732882056
36851,102.35362047738236
36852,487.1502199973735
36853,186.30442746258547
36854,199.52480536375927
36855,297.6846584218879
36856,122.19639577740247
36857,326.6534914851221
36858,371.63497214519276
36859,355.763865070347
36860,400.7494108360289
36861,459.95728411534174
36862,217.89634674028653
36863,153.13016322580168
36864,260.85445927784406
36865,226.60499498559392
36866,144.58808765863787
36867,144.56777240874897
36868,184.16050774213335
36869,202.67880748710925
36870,303.8499934336427
36871,154.84524622614114
36872,184.18848378154217
36873,290.7670241393409
36874,381.68054157013825
36875,313.2950794410832
36876,235.11414167477548
36877,492.7481945614726
36878,239.8197209501074
36879,131.44436924817978
36880,162.93284514584352
36881,77.17485504841663
36882,358.98094144791975
36883,528.8333597796552
36884,115.92048838211517
36885,179.9579033314013
36886,245.16667495939947
36887,203.3933302370833
36888,461.8624972345046
36889,188.76653778570446
36890,300.00916659325503
36891,175.94106430021247
36892,1006.827129788453
36893,439.7241422143276
36894,267.45281425943006
36895,326.99390665103414
36896,93.86814249396167
36897,427.26496680028526
36898,141.50140398725188
36899,146.81385515758632
36900,362.1628775742897
36901,126.94559580692425
36902,164.98846689920134
36903,260.9881864143763
36904,102.07620688747068
36905,252.17997004591808
36906,233.291401699286
36907,494.0693694393797
36908,253.80259716961038
36909,320.9415535502969
36910,213.8926362014278
36911,389.1116572957206
36912,203.65102430540753
36913,156.3755620606032
36914,70.17644682194657
36915,143.70224215931665
36916,225.21577097324993
36917,248.21276002457475
36918,259.18709861547154
36919,303.4151276799686
36920,84.63312620581472
36921,388.6783210788409
36922,162.55858281245852
36923,117.13345902407508
36924,159.6837204936639
36925,962.1977100840779
36926,115.99952932776722
36927,329.71413602719974
36928,212.99707823926136
36929,187.5628136473014
36930,274.9653901177278
36931,597.3916363043676
36932,128.13154102243755
36933,123.44221596650941
36934,237.39655558307675
36935,2211.3272824634287
36936,181.7530453316223
36937,310.3757992456515
36938,342.8181575251716
36939,326.0416422000339
36940,208.02966220720987
36941,168.28599302073172
36942,152.11477376491254
36943,1223.0878163701507
36944,158.1164905224679
36945,110.59838371748404
36946,230.9716931749215
36947,209.740127433949
36948,284.19350940231675
36949,201.23287471256737
36950,254.53063286330428
36951,152.25910657517304
36952,83.421071037942
36953,259.65839739933364
36954,141.3630523663439
36955,118.35709798040239
36956,129.32736103685818
36957,255.70255354473153
36958,183.57499771163367
36959,168.02825127531716
36960,171.55314735914354
36961,96.88080810675899
36962,206.7703622872888
36963,128.23608173766254
36964,167.96379537276488
36965,122.87751866180244
36966,294.73162211152
36967,185.49315727360616
36968,104.5188639846246
36969,345.2768466737468
36970,558.220410539249
36971,264.01697870552255
36972,398.7932099397307
36973,234.33479863902332
36974,396.22066269425085
36975,1962.439441882321
36976,531.0445384228323
36977,120.14151204751269
36978,256.26523193910964
36979,341.32736488877345
36980,138.2620544488571
36981,185.09306415172728
36982,202.84195571526573
36983,146.77736038398885
36984,131.73993728885236
36985,552.980476013436
36986,102.93757394392104
36987,503.50867878697255
36988,301.68874551524874
36989,171.46135735969074
36990,112.2167738652212
36991,188.8447795046564
36992,322.62269385584347
36993,144.3012727596738
36994,237.53277538578163
36995,161.7472923394347
36996,270.40876783652556
36997,622.9825378528734
36998,226.1858772488992
36999,199.09239391982234
37000,223.05726020899047
37001,907.8775516067668
37002,168.10317759973194
37003,505.6935710315141
37004,828.7180772651383
37005,85.49016665918373
37006,236.94411440581388
37007,751.7319149640653
37008,310.5502863116311
37009,712.8070714266566
37010,163.3227061743355
37011,203.18791775631493
37012,116.24581197459135
37013,142.71778317767215
37014,254.21570047145894
37015,479.5069671244069
37016,508.58943412209544
37017,253.81314503701913
37018,493.3129154687171
37019,66.4218702879241
37020,151.3221129108701
37021,345.62570089452635
37022,237.14551207363417
37023,585.0725792958029
37024,233.3882951450985
37025,184.89035287312961
37026,332.8478651872887
37027,307.2267252370794
37028,314.5648229932819
37029,213.2980371579704
37030,174.9016881021029
37031,220.8021870949114
37032,524.127918700932
37033,578.3841509276356
37034,292.71851236006245
37035,244.1502031322467
37036,101.14559318327046
37037,273.52176814278073
37038,223.03771364789702
37039,370.4147033953093
37040,87.83883288802186
37041,168.91539844659306
37042,261.51934742609467
37043,277.5275800091375
37044,169.35061240700372
37045,309.7142885797755
37046,267.1020743243563
37047,294.7688933704102
37048,424.8030773551955
37049,79.3197390991677
37050,117.8458583673284
37051,687.0084363159168
37052,111.08403849226
37053,354.47605793332605
37054,606.8981799872043
37055,157.66552616493286
37056,197.5986851092854
37057,104.38436974987366
37058,217.17570609333958
37059,148.18098690058434
37060,110.14368685022235
37061,226.48364895980404
37062,207.65368416588151
37063,197.08572384400813
37064,329.21468362697294
37065,191.200980502635
37066,221.30922713679502
37067,602.9615235851634
37068,184.34491651749715
37069,248.17528668011994
37070,692.8348284010762
37071,370.0685361136308
37072,327.0232830416091
37073,309.09254679956746
37074,191.79256161639944
37075,851.0920268381287
37076,323.85189094254025
37077,196.56113911678068
37078,124.21430408511215
37079,255.86323584362847
37080,184.2116639581049
37081,152.1157827130635
37082,216.89562006846717
37083,257.6901448024604
37084,627.9420967509049
37085,145.72969726671334
37086,427.84929978377
37087,295.23309363088885
37088,344.7937920064693
37089,454.2172530452231
37090,245.48816479354647
37091,107.51490152764467
37092,158.58257833627988
37093,397.0758524472346
37094,248.4083428962054
37095,441.6625250871701
37096,207.7068455863399
37097,243.70496396397684
37098,231.7530112429461
37099,476.5048116306727
37100,162.61592891000913
37101,374.3155168771596
37102,371.9584094021027
37103,483.5364736621071
37104,120.49996577701233
37105,185.4480922388696
37106,217.76277528356994
37107,299.274857698625
37108,226.62238016965205
37109,102.56372329476551
37110,197.51790952214378
37111,160.32506744711478
37112,224.26744469419313
37113,335.3036358156616
37114,259.3282886521561
37115,302.61866152648975
37116,405.0794074924302
37117,295.24446209641604
37118,206.6280861339301
37119,364.6158326251286
37120,392.4858676819506
37121,192.5098938630216
37122,256.09943954610975
37123,299.89499937842254
37124,96.02619169853116
37125,236.9832995784945
37126,210.8010519607381
37127,355.55456749363384
37128,230.71690910007592
37129,182.53281497622913
37130,282.31384239820846
37131,201.9277386589137
37132,815.8245128685644
37133,259.1108173504593
37134,140.1850418125159
37135,335.1884274329786
37136,219.142588341782
37137,138.20237965645873
37138,475.30680728418616
37139,237.95499547365984
37140,73.95041575482924
37141,150.16190425898887
37142,332.2510299608082
37143,228.8369467849276
37144,437.6389372242198
37145,168.23975730473876
37146,224.43811042345118
37147,212.11548272018956
37148,238.31101504919656
37149,172.5291780269482
37150,211.7968316360933
37151,541.1538447200683
37152,346.53326408613844
37153,226.07963790654884
37154,242.7424955013178
37155,227.67329131234487
37156,696.559466030308
37157,159.09372814951394
37158,463.49863448756867
37159,263.0849927265871
37160,293.1885050556406
37161,239.6098036225487
37162,1171.8529511927543
37163,189.8904929755525
37164,181.8495550062231
37165,401.6891544965362
37166,234.90820351125657
37167,418.60047241040934
37168,135.4925076311134
37169,172.6896745520166
37170,168.31649449036652
37171,234.88711604995075
37172,147.27279903084423
37173,190.14421829565987
37174,352.13515141236155
37175,151.69264422454768
37176,218.78915070015353
37177,157.4638292569417
37178,165.99163393263663
37179,332.1274586496458
37180,235.3254203052933
37181,180.8402828390971
37182,385.0810998310837
37183,695.3839884714373
37184,235.79596487982732
37185,251.3383380539815
37186,842.0002495287638
37187,408.4333229670703
37188,447.5067127537697
37189,667.1060378527361
37190,273.04824418566017
37191,556.888514428621
37192,208.80126197813175
37193,527.6908191868616
37194,197.15013372094393
37195,157.5015739031919
37196,139.18297699406148
37197,409.3231488747214
37198,976.9589058489533
37199,497.7529096035023
37200,143.67053618560084
37201,118.72869560337786
37202,114.01348725786393
37203,397.74008934848035
37204,280.8114426939319
37205,326.5865998823138
37206,245.578284591632
37207,382.8600255848149
37208,364.07204506555337
37209,235.1650477309463
37210,334.0270834392245
37211,704.7850117598213
37212,733.6740002792751
37213,543.9245910711412
37214,534.2744540060543
37215,192.50512134485004
37216,279.84141131575177
37217,200.71489150312982
37218,261.79077040852894
37219,230.15304105416186
37220,176.238916377556
37221,485.3306966610133
37222,206.51774973840435
37223,194.10189607850356
37224,401.3793666145628
37225,168.99471729898718
37226,1251.8003317563587
37227,917.8705787225465
37228,234.56562136102087
37229,273.62699010350383
37230,242.52926125703362
37231,647.3633610800495
37232,198.77627818096528
37233,392.30542130885715
37234,172.9477188803071
37235,348.127580603145
37236,215.0221152455318
37237,234.51317580354169
37238,209.89678354033597
37239,432.3973842165705
37240,258.2337994672844
37241,173.4941624662785
37242,173.30158758093344
37243,155.36938352475434
37244,360.0238740599927
37245,182.72541785322824
37246,242.37958705818642
37247,275.69109836346706
37248,381.4415365060817
37249,437.7326508966662
37250,251.2629750153041
37251,153.30496662148946
37252,138.3858727806539
37253,2002.7120256319474
37254,300.01272693112674
37255,109.00424858815057
37256,184.5451314247991
37257,401.2278264549998
37258,287.4086928765309
37259,357.17170507064503
37260,270.90795608247583
37261,345.55543909692926
37262,213.91895672770482
37263,577.1747615051879
37264,257.9075586355884
37265,149.2409449279151
37266,488.88352421734686
37267,228.90771906012057
37268,175.21866794608067
37269,225.27373216136968
37270,195.54645812568614
37271,285.43746183550024
37272,651.8277604696777
37273,239.6044776578337
37274,171.9982341555635
37275,769.0478020922146
37276,292.9093896977274
37277,478.85125689325275
37278,299.3983542799597
37279,205.52851156552813
37280,69.47026328430404
37281,482.7433817553629
37282,596.8241430709569
37283,878.1406272546894
37284,144.19526255265598
37285,527.0240430859218
37286,252.76645763355108
37287,320.72831930601274
37288,285.2854281337959
37289,970.0678868947977
37290,104.79308212082984
37291,190.6589608731337
37292,205.87949385384184
37293,185.64962837721663
37294,210.6742436378018
37295,478.0027777803972
37296,680.6806377405775
37297,470.19055548959057
37298,148.5694073073288
37299,309.0016258510336
37300,198.3275515848553
37301,151.60295483511035
37302,409.41537873780237
37303,144.9424678268227
37304,527.5161644990466
37305,355.19609479220026
37306,402.0488747807372
37307,252.65887170734828
37308,219.18115402339762
37309,317.5271959272746
37310,194.11493659585835
37311,89.151672286871
37312,234.3860744430223
37313,577.6428480455097
37314,526.35870979336
37315,287.5135333989664
37316,399.7346182618111
37317,330.1253206747967
37318,282.6466840315428
37319,111.7971271520156
37320,606.7988868399582
37321,236.9984707704414
37322,182.4627240673784
37323,218.74062613608945
37324,196.93424465285685
37325,252.06394288228415
37326,254.25865386493598
37327,250.40223659055286
37328,380.47106517060394
37329,210.54622414554768
37330,255.38404760089773
37331,1160.244999328118
37332,128.24738783419895
37333,194.69430496036705
37334,854.0562509773373
37335,255.3979742023701
37336,121.24679501773342
37337,326.92107532477866
37338,203.1339677477449
37339,431.8222141616687
37340,375.46038651266207
37341,322.18769429745925
37342,820.9580256540943
37343,364.0886150685045
37344,348.3810274587773
37345,230.09707174147044
37346,295.9723218372969
37347,137.57476367713875
37348,249.6008980370679
37349,100.7327311110849
37350,290.46440391090226
37351,130.28359002516584
37352,191.31115332165885
37353,413.58341846991397
37354,137.3498630392333
37355,528.4182926324885
37356,194.44643594664365
37357,154.30063518933886
37358,279.19394287706046
37359,96.10023807113352
37360,273.19890971202864
37361,307.9690857093901
37362,376.7991034792971
37363,139.25069233610176
37364,447.8733566760406
37365,106.87180155491497
37366,150.65463527798468
37367,395.16788129807867
37368,257.0150411639767
37369,711.1213500871963
37370,914.0729439733875
37371,118.59544471583439
37372,257.4974763536035
37373,338.3438870908072
37374,235.60630667552562
37375,230.08802299863405
37376,213.7884876490585
37377,419.59156902447984
37378,316.6064847351243
37379,187.81986485394285
37380,137.49451955459887
37381,137.3464169329342
37382,282.39592334668106
37383,214.28515553578717
37384,499.611379253519
37385,126.33309859638307
37386,278.0652166799709
37387,532.2019100068343
37388,221.4365802519714
37389,232.4275534411772
37390,241.1947692348874
37391,107.17421240219207
37392,908.2362343534089
37393,214.21578729427662
37394,628.6182981861285
37395,171.38807462860277
37396,383.0286235393751
37397,201.1503588577091
37398,170.75153875642624
37399,231.56672227159305
37400,230.46259564224556
37401,187.88570896279398
37402,202.2558003821189
37403,416.29944844376223
37404,324.4240626987772
37405,528.6978651533008
37406,511.3065595686997
37407,599.1816331351448
37408,165.8195813617194
37409,594.742623562623
37410,142.1306249892428
37411,661.2032628587423
37412,315.18367445420347
37413,181.00041354058305
37414,296.0371292366649
37415,513.8008866071775
37416,432.3410218604199
37417,289.3329451029852
37418,399.5182463024242
37419,59.460123784175686
37420,106.12197983526454
37421,245.93138697220655
37422,122.72335753134874
37423,132.06961493745632
37424,355.22264255531445
37425,389.549383300585
37426,243.5064406903264
37427,223.45097122537166
37428,409.82403768672816
37429,136.51178440036392
37430,138.07133000724275
37431,209.79376555621417
37432,939.5571998800568
37433,155.6637505647445
37434,172.53974825282617
37435,262.7975904810084
37436,369.695930298205
37437,165.258607474859
37438,224.28463017658882
37439,243.1721025829153
37440,162.24798641683628
37441,99.86970069739354
37442,562.8728005631098
37443,266.20590605754177
37444,144.95792164843675
37445,456.00313907613565
37446,919.3772062937012
37447,178.48475422227577
37448,136.0812098860229
37449,213.01721443230178
37450,144.13522492203444
37451,130.06423934598288
37452,296.60665459674755
37453,188.00978911551124
37454,340.91844138503393
37455,278.87423019417855
37456,83.51218538274952
37457,334.6531836044698
37458,135.31148447779574
37459,266.1321122940357
37460,223.58002723551473
37461,159.62305134373923
37462,291.3998414389952
37463,116.37150749837319
37464,202.58959765077424
37465,396.7327556808984
37466,264.74388795206426
37467,294.00262426117274
37468,260.18924342839324
37469,160.25013018363734
37470,218.68550048712694
37471,114.9572131394766
37472,151.4124971614836
37473,125.0521312505942
37474,305.3050411633577
37475,602.7495960987023
37476,618.5086917201897
37477,497.1299637700173
37478,231.3049661274586
37479,227.24863958222375
37480,611.1003992715013
37481,353.701715436255
37482,257.39452734358025
37483,180.06769080251868
37484,121.85346618407263
37485,190.66274648945378
37486,458.98288218463404
37487,594.5889183241833
37488,223.0398001165072
37489,412.0492652002284
37490,370.8615432066874
37491,168.54987454581797
37492,352.2633443900211
37493,184.80916703981228
37494,168.1205608991516
37495,181.16891009709826
37496,278.70888282147047
37497,255.4753606072403
37498,308.00832273313466
37499,133.27176733817154
37500,413.1683249985356
37501,296.6051788730248
37502,183.59224572410625
37503,184.3302837029722
37504,135.86157884570616
37505,205.94450742967112
37506,244.69176575554448
37507,545.1274155835437
37508,336.0993710977077
37509,248.11829828277703
37510,355.2822780166427
37511,332.0590816380952
37512,461.6240224480056
37513,220.80972077206135
37514,439.5852337718436
37515,199.75098113683143
37516,113.60423205248202
37517,786.1621824482195
37518,159.88610813837417
37519,436.06277285803276
37520,394.27572317684456
37521,787.4099082056923
37522,185.23797678034504
37523,365.3561970809948
37524,415.4150296415666
37525,95.6654382427875
37526,191.35893540316644
37527,241.4765016237122
37528,250.60987503045078
37529,147.49943552680563
37530,166.80980413372637
37531,279.76014395242936
37532,204.03101262191916
37533,156.6416644401606
37534,141.30154312296074
37535,424.2967364678067
37536,240.6000460147504
37537,194.96044924976948
37538,293.4400416769786
37539,409.10746592229776
37540,165.27244657680552
37541,235.07428984634208
37542,165.76393216327529
37543,191.89497291429583
37544,185.7803240838925
37545,332.5268252543388
37546,300.16698088564755
37547,191.08292024431196
37548,257.071912608446
37549,103.36692970629034
37550,173.31225388781638
37551,159.27643030407697
37552,296.5839496922171
37553,227.12802470134454
37554,212.5317441471486
37555,276.89847769435573
37556,183.6727990612812
37557,297.7023132429641
37558,891.6980615862005
37559,97.45784929958761
37560,193.05499323804685
37561,415.34066672615455
37562,763.6612616286022
37563,274.670649230402
37564,164.82209488558874
37565,212.25096206120867
37566,493.96511032005793
37567,1332.9791507429484
37568,918.3547274394743
37569,137.5060992841755
37570,316.9197073006294
37571,150.96000100834343
37572,221.62776790693925
37573,140.0711484304896
37574,347.6812815367555
37575,379.50010527914833
37576,340.6736930770411
37577,549.4018720565306
37578,253.3051963706881
37579,279.5932381264493
37580,376.5128930415675
37581,183.07015613812712
37582,211.92146358573493
37583,207.3507490312217
37584,329.0636522759316
37585,251.2786008282008
37586,167.14177122966686
37587,106.29037701144242
37588,179.07551802658884
37589,142.99781326539033
37590,374.40287732205775
37591,209.7342289965319
37592,371.26284318973927
37593,235.03503738898956
37594,279.64755969322863
37595,159.2479287260213
37596,239.27317765836
37597,199.80073671782748
37598,199.6072808090341
37599,202.03078225798885
37600,233.28665584874472
37601,175.6906270028651
37602,145.74531662668343
37603,102.50723743250825
37604,688.9967065654072
37605,483.6066424869962
37606,151.5136400868193
37607,136.71133254909319
37608,222.61163812746372
37609,183.60140474420265
37610,171.233795387452
37611,129.84570784981784
37612,233.40016422935724
37613,490.83817091405393
37614,579.7986001836382
37615,282.7161882320126
37616,695.5155973021599
37617,768.3859843909809
37618,189.67117947866572
37619,213.89548840454665
37620,160.62168214648906
37621,198.93826109212887
37622,234.41447211007818
37623,246.55641676980747
37624,607.6484767220389
37625,520.9133875081574
37626,196.39613271623315
37627,121.09278412165028
37628,145.34914443001557
37629,269.81661537977135
37630,250.57761653140832
37631,151.35953532795406
37632,417.42323165512585
37633,656.625018496202
37634,485.94337830947757
37635,940.0539224357913
37636,100.94647633066336
37637,462.1030416013897
37638,120.59291102175443
37639,213.89548840454665
37640,244.4872982962675
37641,65.9881058476772
37642,105.07770238346622
37643,137.49233216534967
37644,613.1707179923361
37645,211.49147325664777
37646,353.24931258949715
37647,568.4964501969868
37648,316.4419841588802
37649,53.390028728611796
37650,206.52589938142822
37651,225.74654912308065
37652,368.66806742356886
37653,154.44035542188914
37654,185.84128378325073
37655,391.85238914186044
37656,261.5583456694525
37657,219.66553929889804
37658,154.03573670640944
37659,109.80308371474345
37660,104.89652991706346
37661,158.59898061885735
37662,280.89503229401913
37663,137.55002498872392
37664,257.96220925490593
37665,475.80371807462296
37666,302.13900465783985
37667,188.21104031839207
37668,276.19373041263526
37669,189.74118744433136
37670,158.44576115210606
37671,218.0236242810545
37672,343.59001188508887
37673,177.0355560638364
37674,191.49380457099116
37675,136.32064865000305
37676,198.62130282638512
37677,193.8993237098766
37678,317.7020409122235
37679,608.9507331414628
37680,234.2910542661987
37681,234.64394557651931
37682,103.67757133348417
37683,230.9185129437608
37684,450.56896790508915
37685,534.0332458990506
37686,330.80660776173573
37687,159.15805951712224
37688,393.79233003068794
37689,151.19619598259214
37690,258.9838059179338
37691,228.3372798979106
37692,133.73880643944688
37693,127.0074367921645
37694,364.7673673336717
37695,214.15287807382967
37696,207.53444656866208
37697,449.6248152862942
37698,261.97806265010274
37699,309.33771751477803
37700,335.001410916508
37701,223.68105775113509
37702,206.1272648091622
37703,268.11591862248076
37704,488.383316066733
37705,174.66876636885712
37706,357.79467610787754
37707,118.3895850629419
37708,251.72126502211435
37709,148.7205236241717
37710,168.69409920753412
37711,135.3812317425534
37712,137.13562738843513
37713,159.60685757427146
37714,141.81499615924548
37715,464.3829761089937
37716,382.99418790616613
37717,177.2456285261362
37718,292.72366121430355
37719,227.97435170839668
37720,187.54436608566886
37721,263.95424737178155
37722,227.41245565927352
37723,404.8952559188758
37724,353.68945343954385
37725,480.77483680561335
37726,450.4752209163523
37727,153.13885055532435
37728,182.6337582685295
37729,47.32431724632588
37730,362.9443140104661
37731,170.20826478837074
37732,146.04357977912215
37733,272.07043695151975
37734,196.80505397640724
37735,523.9409833965325
37736,112.88328407442827
37737,737.8980103530729
37738,282.74433894867553
37739,228.73773617922546
37740,217.96285040138594
37741,138.14980995890704
37742,129.20184534140154
37743,527.9780756703531
37744,304.50085268594495
37745,118.59544471583439
37746,283.5930855417434
37747,114.03231056149097
37748,223.6136280602175
37749,224.633444477187
37750,231.6371160735783
37751,177.52075591189512
37752,119.41831678709042
37753,260.6145024389006
37754,225.6043534808833
37755,126.43898810363851
37756,285.4849401499614
37757,325.84427908795544
37758,255.93891341908915
37759,359.1831964246421
37760,245.63487068029715
37761,171.07651786145038
37762,549.5642265416236
37763,656.9258772922144
37764,362.23767659055056
37765,366.5527774312371
37766,95.96898704853336
37767,181.02016597203038
37768,229.3377822474916
37769,254.54902693967998
37770,132.85411689559885
37771,269.12061732002724
37772,349.82363648576955
37773,346.56283490926126
37774,804.7116463726115
37775,71.42187115311157
37776,129.68367429697255
37777,152.6080712001701
37778,170.3354912763473
37779,189.21483102290554
37780,230.4976121745414
37781,128.80894409687247
37782,313.50850024793675
37783,223.8141555331074
37784,441.8148610906835
37785,122.63768703509231
37786,316.87405911270974
37787,794.389258730711
37788,41.49922372217471
37789,90.52323371337621
37790,238.92449393584266
37791,213.21937506902307
37792,314.76613530547746
37793,411.5809965191659
37794,327.06960444249506
37795,336.91587267085254
37796,1439.9930721695641
37797,136.27514074196984
37798,153.32598008504078
37799,328.28138500139045
37800,246.81615181731067
37801,240.44133273353685
37802,133.58359206697583
37803,72.01691506955748
37804,236.28144706302203
37805,326.3047406538285
37806,440.88429594044345
37807,148.43771300863034
37808,295.2911604487983
37809,246.05779475988635
37810,341.9421719869376
37811,390.4721749559762
37812,237.99448607806164
37813,258.108287981078
37814,296.8905198349294
37815,123.03030614164189
37816,129.8968243809002
37817,1010.2675011389147
37818,243.63440778931192
37819,388.2691545018838
37820,227.20565024614314
37821,595.9897795733697
37822,105.53739486170376
37823,214.63865401897783
37824,457.5956902521575
37825,181.82893458667434
37826,100.79846248500596
37827,163.6134123453872
37828,223.19458189088778
37829,221.17393587489255
37830,140.55056571329098
37831,109.22362471647477
37832,871.0337088894282
37833,457.3913588272228
37834,617.4987601567074
37835,194.96617684750814
37836,193.552341937154
37837,408.03230769263797
37838,281.13869431553826
37839,140.0677023241905
37840,540.3075244823382
37841,155.64069243943527
37842,114.5419754854338
37843,168.02314427705892
37844,477.84167506957345
37845,261.2055390930425
37846,228.98522564477403
37847,219.4200287954906
37848,101.36648676939753
37849,259.9971611188955
37850,218.37214080068077
37851,124.56248310759923
37852,508.6275971633632
37853,209.66833021216104
37854,142.55361390274666
37855,314.58893094942385
37856,146.80207669327362
37857,129.66646658183942
37858,202.25957248173358
37859,526.4215301593229
37860,390.1038674003437
37861,357.16616309756455
37862,584.7272240073545
37863,412.2581312508494
37864,262.807448200968
37865,402.8428851264549
37866,963.201519891863
37867,199.13999157430135
37868,519.0044892221694
37869,136.184515073739
37870,211.35710019101126
37871,160.2804475248523
37872,321.52032998753504
37873,136.27998455180335
37874,627.9821811670837
37875,718.6000922736158
37876,132.54688017102887
37877,272.3503465760537
37878,267.29820674667303
37879,165.7881475798157
37880,85.51802071510087
37881,201.86895711481912
37882,233.98795556775644
37883,279.87079989920824
37884,104.343265951141
37885,284.4067436466009
37886,495.31989077967785
37887,269.6511956080929
37888,232.14280930547744
37889,449.2413812483625
37890,231.95284424415902
37891,339.19683289520157
37892,207.4667997813305
37893,159.4340534294322
37894,159.64834312756872
37895,691.8342993376004
37896,427.4112137268665
37897,326.33483782952044
37898,380.4083681810668
37899,178.97087495539208
37900,400.104254414598
37901,361.60638122278885
37902,226.3502292079788
37903,222.18125301051114
37904,444.09803214563306
37905,208.3873940723694
37906,150.0809590279151
37907,285.86219891171726
37908,343.4849675238242
37909,193.9694658014371
37910,150.65463527798468
37911,517.1140925459454
37912,350.0223370128425
37913,253.81967523387624
37914,101.7316923877789
37915,270.9751300081236
37916,287.45972509994033
37917,87.61061744412945
37918,553.0982478613655
37919,319.21978336739477
37920,232.53929565869885
37921,108.13753893772909
37922,135.4858524681244
37923,142.84548470313592
37924,456.60708012775416
37925,146.3934517940437
37926,259.4720122729546
37927,187.7448773763846
37928,148.15038824382907
37929,320.4681463861641
37930,548.4198199500607
37931,171.8830386257294
37932,253.68277737156578
37933,671.4277082230199
37934,103.24215264968814
37935,237.58277017242898
37936,229.81160926922757
37937,367.8457414266873
37938,195.09702657803666
37939,184.09957371269317
37940,331.7578528503829
37941,359.4275495816432
37942,202.8176919293092
37943,1040.4614035395946
37944,153.5327611119495
37945,405.1722780160052
37946,405.83959322005046
37947,67.68630441024726
37948,280.3251801148477
37949,488.75489375558277
37950,361.607860484769
37951,210.78573935378358
37952,412.4977296845885
37953,101.36364029341692
37954,341.53833082116824
37955,130.73459659490175
37956,428.69562429692434
37957,103.26411164233095
37958,127.17535370030318
37959,654.9588399707407
37960,197.90792998393408
37961,234.18722251513907
37962,207.63763370230038
37963,249.01156739239102
37964,341.6157147846147
37965,329.1827671283764
37966,364.1400532270091
37967,347.6525187071463
37968,152.62699602052044
37969,190.42285817507315
37970,331.05377731840593
37971,340.0266636751606
37972,162.2060608621631
37973,259.5319068220659
37974,469.10117489855554
37975,219.6003322821938
37976,108.29107280984927
37977,215.83609624275297
37978,507.28986164511326
37979,196.01954311588054
37980,110.1075690814937
37981,586.9543936216419
37982,399.68819925275113
37983,324.4277323079087
37984,348.69915211213265
37985,109.33855918993817
37986,171.67798494846227
37987,296.87518842593386
37988,261.99137291370505
37989,260.2129388909602
37990,483.73718324508894
37991,241.219476335563
37992,255.5632508680749
37993,232.07841684284986
37994,130.88658419408324
37995,525.5909337120825
37996,171.1643097278867
37997,208.1224484463835
37998,181.9523365248456
37999,178.379007081629
38000,121.77210044114902
38001,242.3197919149546
38002,121.27432398450816
38003,764.5312598620387
38004,84.82681469531587
38005,710.8578433549122
38006,169.53386787658638
38007,444.96506265634946
38008,171.75446969363995
38009,129.75567255687784
38010,382.22476725054577
38011,395.3984449477002
38012,177.54890901217502
38013,272.12107748502797
38014,329.1936602369836
38015,223.02799529369628
38016,118.97377070709194
38017,167.03591866185155
38018,277.50802893846253
38019,411.9186991020585
38020,166.08740969982446
38021,264.7335972717302
38022,268.8443396598787
38023,434.23246727433684
38024,110.6842052821574
38025,160.73956536553501
38026,69.25178071881098
38027,277.05976780641225
38028,838.3970791878559
38029,209.34687717270893
38030,1619.3841186509349
38031,138.1023198936083
38032,69.64763006853056
38033,488.54165951129863
38034,207.79233961329595
38035,165.3571020952949
38036,195.39355488433026
38037,395.1639856557388
38038,111.78147112683769
38039,256.9658906610149
38040,337.90933657653926
38041,259.5565604191035
38042,559.8884316623188
38043,138.74811073210532
38044,533.7658238140885
38045,155.60012905168927
38046,146.49021888137125
38047,163.84540257589612
38048,538.7382869466111
38049,452.7740892538028
38050,231.76742597649408
38051,1251.7344345180472
38052,185.0984967331031
38053,490.85486187464346
38054,495.77850517108425
38055,387.39311709456797
38056,360.2215406286162
38057,153.5832666903882
38058,185.80754621440403
38059,232.6209699800891
38060,414.61192346404215
38061,209.00669777082643
38062,486.4512896062984
38063,986.1573166605543
38064,190.07939630651086
38065,153.55328503174832
38066,316.4345323505107
38067,212.3651355374173
38068,263.1349791958385
38069,221.8846953611645
38070,475.18180251607515
38071,312.11368656482574
38072,421.3799343464055
38073,189.1171297733433
38074,243.70446212205286
38075,115.6336386251034
38076,211.29807939012392
38077,461.6280692903304
38078,140.72244102865176
38079,259.651034591709
38080,422.293308661936
38081,139.29613744803322
38082,424.8934239210508
38083,165.88340641186653
38084,512.4725652652063
38085,452.70155216736146
38086,391.25591770363303
38087,380.7148162258455
38088,233.33108132737877
38089,427.07584216057694
38090,232.50811803539898
38091,118.08555583616737
38092,95.3454237770245
38093,238.80788409180892
38094,564.4022182768441
38095,350.24116845863773
38096,237.6118182450459
38097,233.07293871452796
38098,337.55000686742414
38099,635.4039329121856
38100,545.4061783427819
38101,155.7544783066919
38102,209.29501544143545
38103,112.47755386097357
38104,225.89071345840046
38105,357.2696732785853
38106,395.60275948483167
38107,97.6661907495328
38108,215.2534451776791
38109,632.8368264841052
38110,81.3615744042367
38111,386.64496551665036
38112,223.8876690314975
38113,231.60682792061334
38114,257.3605069964971
38115,592.6495326952361
38116,204.1449373303734
38117,141.87277409795504
38118,104.28346055097056
38119,275.31064622673233
38120,273.7016107328497
38121,124.77764267483455
38122,913.5848426213231
38123,382.674260486512
38124,296.2011891526463
38125,354.8782071639305
38126,214.01362566577777
38127,470.0850345536843
38128,232.85691386193662
38129,211.55789516299853
38130,317.68256253202054
38131,283.2321326879172
38132,419.4288624716308
38133,182.88595680936876
38134,232.5238320568557
38135,247.19609827169452
38136,132.0992417815408
38137,169.1871790520946
38138,309.43848550680366
38139,277.74939758714635
38140,581.5669001012969
38141,421.02152033741964
38142,432.2462669545682
38143,128.3911768537072
38144,127.432318438721
38145,343.240555170071
38146,275.44760127302214
38147,535.1142231882037
38148,208.88216802377787
38149,250.33296001196365
38150,204.38754315857895
38151,294.73162211152
38152,115.99121832334183
38153,246.65086796628628
38154,124.15383861820331
38155,273.7095580849966
38156,255.33871829130717
38157,144.8786877802807
38158,424.61602979447446
38159,215.58389557298074
38160,584.6620364874444
38161,220.41115126553603
38162,213.2251242308005
38163,295.9993578696951
38164,157.66871429430793
38165,172.93839567934938
38166,411.94530350814995
38167,197.17216019874752
38168,185.89995635285996
38169,416.97856790144414
38170,256.769825427806
38171,394.3284118408716
38172,156.09805060851954
38173,180.0533725757106
38174,391.5731763155992
38175,263.02920506182977
38176,269.84024686216543
38177,332.98399522540416
38178,276.7823201363422
38179,435.69671787347266
38180,159.18253955322905
38181,175.11379188777113
38182,249.26313935624256
38183,381.10849118547173
38184,422.6155856734562
38185,422.7891337676211
38186,302.40985490461367
38187,266.3409650152165
38188,217.91253667703586
38189,539.2478047842438
38190,269.61825199261125
38191,227.23837178924248
38192,204.4650845747607
38193,355.76715621453343
38194,353.7314147345355
38195,116.66368771147238
38196,540.3208474991794
38197,122.97048727238428
38198,178.0101976788299
38199,291.6315410397976
38200,227.15551483547617
38201,132.54348353707175
38202,181.6873545142617
38203,488.5180003165718
38204,125.69994332560525
38205,220.072241849831
38206,479.05369149079525
38207,206.58432781153772
38208,393.63477647393466
38209,163.90403070960974
38210,256.905355394462
38211,302.6629692587344
38212,183.16127893325242
38213,564.3320967102932
38214,143.31339747040417
38215,111.31459768843877
38216,164.1545331938643
38217,238.03670014851156
38218,211.29761387327525
38219,235.59751688254565
38220,98.42604275381967
38221,343.8215132857921
38222,123.98726571972904
38223,186.05448178985822
38224,297.38443182345617
38225,132.1607197188166
38226,236.6723855072286
38227,213.4532456885932
38228,379.2681186811642
38229,149.56634041810776
38230,323.5216113180761
38231,235.83459726204129
38232,169.19222970424056
38233,170.03198879145197
38234,253.13947999010375
38235,248.2022127992242
38236,632.58446413936
38237,142.3445091625582
38238,136.70281160220244
38239,288.29407498843557
38240,123.0077300089984
38241,154.47172200325892
38242,122.0989242053461
38243,292.21323420301366
38244,440.5864854141709
38245,189.30021387837053
38246,103.44253446219457
38247,449.41376358544386
38248,109.51721993990833
38249,251.51032785903132
38250,85.77900373561377
38251,244.67204167441054
38252,174.85886035614837
38253,498.2898117044926
38254,139.21259786838866
38255,213.27902357891043
38256,155.73441957510263
38257,273.8261794627373
38258,176.14296069767568
38259,284.75964175363725
38260,170.15162925905028
38261,132.81586834158333
38262,371.17946983510876
38263,197.66089626576857
38264,363.57930873409816
38265,204.9381526410686
38266,326.72491742281545
38267,216.6339428629328
38268,224.90217893239924
38269,196.02036791777593
38270,815.8294806549977
38271,386.90639668693905
38272,220.79755891074967
38273,243.50086399244248
38274,227.0999479495134
38275,46.763244399172244
38276,172.75359857707585
38277,336.6502438484855
38278,182.67595831166255
38279,258.5327139050949
38280,541.2610280398602
38281,98.45062939284189
38282,1099.1388685896031
38283,182.33196589261112
38284,402.14967350943164
38285,992.453021874531
38286,276.1708234404355
38287,238.26511067860886
38288,146.64696806336403
38289,134.66942989610493
38290,205.5011327839102
38291,591.5207714690696
38292,114.4700359626707
38293,165.97079986847058
38294,221.5228517017163
38295,419.63625139615976
38296,133.79832748840428
38297,165.1471425509166
38298,494.2246762651407
38299,404.20208949628443
38300,131.12733946563517
38301,310.481817817388
38302,227.46444324986712
38303,308.49620637297056
38304,137.5190748134883
38305,415.51711409115535
38306,357.52557579263146
38307,224.39360193705429
38308,321.9896065566258
38309,142.22403739474888
38310,453.5366033830907
38311,183.94280469836093
38312,219.44151834300536
38313,188.8361561413217
38314,107.67717101809467
38315,189.66306320938153
38316,125.88465844632816
38317,140.73608624023777
38318,296.9396869158011
38319,172.7521550368772
38320,444.8426496706429
38321,243.54185533771957
38322,162.24661673684207
38323,129.05910195456272
38324,653.6273889541172
38325,262.66599987749646
38326,348.46601582111424
38327,371.0672577941944
38328,269.8497236985548
38329,390.9985781785185
38330,341.6800718157324
38331,172.76070243433327
38332,127.82001528980929
38333,166.46354483373972
38334,212.20486339030575
38335,132.66986892391355
38336,230.71750297554726
38337,102.41527422630197
38338,117.65737141739999
38339,388.216947685916
38340,235.9159231622469
38341,447.6704277065837
38342,261.9441963362298
38343,223.4519993781365
38344,189.27109161697408
38345,225.43328993406922
38346,242.87622633611545
38347,878.2904099617915
38348,596.3553034741449
38349,239.19230814483822
38350,92.59359798494049
38351,325.6023673802806
38352,98.92649287391077
38353,563.9843196729267
38354,83.75758327624642
38355,244.90808415510188
38356,304.37275726647476
38357,263.66813397903366
38358,228.04803824849435
38359,108.29189426587394
38360,247.88163112134552
38361,154.09938312812275
38362,413.5312132927316
38363,256.7139292863897
38364,391.48284900981974
38365,197.71803019872908
38366,257.8461719422217
38367,66.39155996780048
38368,204.13267332956156
38369,275.8640123522192
38370,530.6492019924511
38371,447.57750514391773
38372,453.7390042816454
38373,448.2212261442075
38374,323.58656548939285
38375,1811.7474844616938
38376,179.96975340828064
38377,213.03366157118631
38378,216.04672780026075
38379,165.4287558966475
38380,210.40466560856962
38381,245.31708742660507
38382,247.60585629297566
38383,575.0383202118265
38384,425.7069865253001
38385,281.81510682975846
38386,136.22522637449154
38387,195.25296280819558
38388,469.5559452259437
38389,351.08934943022535
38390,209.0860418491752
38391,319.94185013440733
38392,214.50730682883486
38393,266.5807106197993
38394,307.91660579402816
38395,817.2590959202324
38396,172.78304299984364
38397,190.18332323302602
38398,260.0031010556798
38399,277.861990574142
38400,209.1814052879644
38401,170.3895294351206
38402,309.1311645187035
38403,174.49142388650301
38404,189.67634025570086
38405,176.8440873681703
38406,283.5699337221732
38407,266.3376422454658
38408,230.27290344530252
38409,92.08277125647142
38410,216.24993806449095
38411,170.86719498527435
38412,345.3805339375813
38413,181.96769554255908
38414,244.6358330785958
38415,126.11486330859971
38416,262.94693625802324
38417,952.2364659586948
38418,232.20413726675386
38419,182.661252219671
38420,359.5330679701811
38421,298.1968312946901
38422,133.44322969232445
38423,111.79601037633714
38424,601.6152119644186
38425,234.04951273103362
38426,164.3888250815949
38427,728.6981297273533
38428,155.1600098606003
38429,423.5655462608805
38430,187.76557472113348
38431,127.74683693850342
38432,651.161312014163
38433,140.33412292049036
38434,294.9468151743727
38435,511.93169466651136
38436,192.94937702844544
38437,212.71608429296913
38438,253.01268044435878
38439,206.96341275725862
38440,207.50101999809115
38441,451.44688620429946
38442,367.62415495489597
38443,368.5190384524755
38444,572.7341906467245
38445,244.75976969971617
38446,275.8373351167544
38447,353.10019256934925
38448,266.2780482418231
38449,456.7105809225546
38450,144.35106600652256
38451,854.7140410119385
38452,196.55822964981562
38453,442.4338429394788
38454,103.94286458472745
38455,141.20292906809797
38456,175.88431181091863
38457,354.49879092967484
38458,119.86461534489568
38459,860.0215041346778
38460,306.44089069687396
38461,266.1071867244406
38462,609.3884667359589
38463,160.40751214448716
38464,152.86125385814256
38465,467.28574367770403
38466,292.86461517481666
38467,546.6111869826921
38468,529.2965526963956
38469,196.4416863465731
38470,284.3030180063063
38471,179.68784867493548
38472,203.45071485483007
38473,204.67026852480276
38474,127.3655855051317
38475,450.9802754849148
38476,315.331603465612
38477,249.45331694781103
38478,866.4895631799701
38479,194.47687254411647
38480,771.0691538809307
38481,551.9221758262802
38482,549.1846315148659
38483,202.42786233888253
38484,234.89687909432104
38485,180.26819447188282
38486,170.70336901187926
38487,325.651162436633
38488,164.00225053368226
38489,326.1044184291156
38490,192.5307750847424
38491,466.25950643806095
38492,215.85514270997515
38493,162.62448428223743
38494,167.96460989264145
38495,581.5679662948661
38496,321.81688060433817
38497,207.2569498913394
38498,185.86184818668468
38499,161.3163284281239
38500,513.9095040941335
38501,346.4100026355346
38502,96.00106596993871
38503,209.30326490082635
38504,181.64617065321093
38505,334.0837065388371
38506,493.0687164377171
38507,121.69626982135466
38508,120.41019554564484
38509,335.76138169401605
38510,258.4418423377576
38511,255.82857793250102
38512,230.05966920101835
38513,158.77152280114893
38514,180.76342967053947
38515,373.09014576869896
38516,224.3212774578801
38517,159.1954678281013
38518,242.7970577653884
38519,244.6312646568845
38520,165.47813441612973
38521,251.98552241837544
38522,359.8503081892455
38523,788.3614079934019
38524,242.70625848732223
38525,283.4622278228963
38526,251.82537530946462
38527,891.452783073813
38528,324.3693014924506
38529,314.5440654324921
38530,292.11420816735614
38531,486.07629487667
38532,145.86908335003744
38533,177.10941762652402
38534,187.7658827205359
38535,204.74174940791616
38536,413.8132979203472
38537,198.55253518770556
38538,440.6118371670912
38539,216.65687577161688
38540,252.60193478099262
38541,132.0195686505546
38542,240.88724481990008
38543,120.32877365992074
38544,181.71683213467367
38545,424.0823439528182
38546,254.48100844450164
38547,379.14201717357304
38548,403.9047130457202
38549,275.95451316782766
38550,363.191916767096
38551,964.974543350235
38552,144.34056960279597
38553,193.98848204655894
38554,207.89920883040665
38555,387.10647907538964
38556,639.5039500114126
38557,243.00807952326957
38558,187.1623395013532
38559,177.91612678942136
38560,213.17588936794837
38561,169.86061766799068
38562,178.08663893821748
38563,195.68459906991123
38564,432.61061846085465
38565,135.19052302349493
38566,284.43076020996205
38567,204.39062547582776
38568,268.99738890556836
38569,95.1345184222441
38570,222.0848394711192
38571,126.42551629356471
38572,203.05320317077508
38573,302.5000829995002
38574,335.44604638491046
38575,139.86835267902487
38576,316.66406167430176
38577,322.1705231421242
38578,213.8545383002919
38579,216.1788725695741
38580,125.01007467024033
38581,244.98131069731718
38582,240.71517375762815
38583,157.56932233305272
38584,132.10546118962745
38585,696.6144862260231
38586,146.0635217861481
38587,480.23397852111503
38588,308.35816958270885
38589,750.2576965747337
38590,333.2958009829684
38591,132.53904327106508
38592,134.35266573758886
38593,219.07985814126585
38594,395.5893547169022
38595,301.41284601413656
38596,86.16271036306804
38597,337.05094715901504
38598,277.95556345117393
38599,114.86605596949354
38600,215.32017942319632
38601,391.5250971525052
38602,288.0658481842619
38603,285.9215032831004
38604,211.26617030198764
38605,208.62021460888565
38606,213.01721443230178
38607,76.37954597442233
38608,149.48082288695483
38609,251.90235442268735
38610,342.3401756234659
38611,120.56640425747071
38612,321.0251528635936
38613,109.53579666803279
38614,250.3117995345127
38615,106.42607379736083
38616,393.25638469572357
38617,143.63538356689804
38618,219.61845038169506
38619,554.5504475657051
38620,148.46273094569858
38621,239.86696853785224
38622,235.04151863057737
38623,105.68526480628138
38624,189.7386998116684
38625,1332.7659164986644
38626,286.04782158924826
38627,315.1085877903325
38628,302.7926283439441
38629,249.93941708418745
38630,174.2772621260869
38631,581.0667706612286
38632,158.8547790674279
38633,104.85272150853748
38634,122.95613009305372
38635,201.99534109692144
38636,334.09434773788263
38637,129.14094816844647
38638,137.85658528738284
38639,176.2849444994217
38640,662.6094056437026
38641,384.6503626313855
38642,240.22860607722646
38643,191.48970351109173
38644,219.69768133987526
38645,312.14168242081666
38646,200.600662264703
38647,191.6281354015595
38648,249.08577388623735
38649,122.2916576913156
38650,250.67297484343328
38651,183.46419560851152
38652,230.2837907303364
38653,183.06602215702134
38654,191.1710149633475
38655,160.7151385982169
38656,264.12631692125467
38657,423.69827063719623
38658,373.81588011276807
38659,411.0536805834805
38660,164.5016044215485
38661,521.8561272300939
38662,668.8597885259344
38663,932.2643413872266
38664,154.68658375510535
38665,187.78100669531003
38666,391.20794114716483
38667,340.11137586474354
38668,203.5473504059147
38669,515.7135917047863
38670,206.13337274494398
38671,175.22159268816827
38672,278.87191343365834
38673,149.2337775358317
38674,183.90060818500058
38675,400.1813167476246
38676,272.5453934461861
38677,416.53480185110635
38678,164.1452630179619
38679,207.69848257785236
38680,141.21131835336385
38681,209.85742194738216
38682,334.0601777486258
38683,655.054995145512
38684,235.76142606332004
38685,431.53762251905385
38686,103.10754730077966
38687,222.34586221303846
38688,178.7974039415693
38689,178.24501967602308
38690,581.3808908273564
38691,93.48013178525562
38692,293.2606948229355
38693,58.5994597030576
38694,247.0612107994436
38695,140.55056571329098
38696,303.12017863112175
38697,200.0777814951181
38698,145.1521439751305
38699,162.6640063457842
38700,411.99559209360956
38701,143.54596930085128
38702,315.81893323306133
38703,144.34304069024935
38704,140.55486076497056
38705,580.8870373865789
38706,120.56269402396656
38707,312.0959515478673
38708,319.9552627137619
38709,423.20907677505255
38710,203.41633891765187
38711,219.3666289170217
38712,231.88875473891076
38713,528.5153351745904
38714,158.73228279067345
38715,583.8685232128433
38716,299.57134314953834
38717,529.1976409346114
38718,252.5519729907869
38719,168.8782144358149
38720,153.42391691318718
38721,535.9291182081415
38722,126.21888917460205
38723,51.274448475979646
38724,422.30398335689205
38725,255.92771728662277
38726,360.39436524468607
38727,875.8557694916741
38728,670.812493047555
38729,280.2983571843091
38730,213.5921651393878
38731,354.1178229280535
38732,531.0120804791006
38733,1131.6877152181876
38734,232.56962711207018
38735,125.45225311324222
38736,679.8343786095013
38737,263.1697544128453
38738,316.998658897066
38739,325.45229441667703
38740,222.18113244217142
38741,131.38969051525228
38742,695.7605943143211
38743,295.31593978849605
38744,460.6867348466549
38745,247.00411025496467
38746,372.2423064734279
38747,215.81323349654713
38748,234.6429022832394
38749,255.47852278595144
38750,263.3281464264465
38751,177.83288442736279
38752,244.07021392745577
38753,692.6534847646267
38754,220.09324999919434
38755,997.2734484931119
38756,194.02048445413573
38757,152.21023744917454
38758,140.5615610388492
38759,235.96179065485228
38760,624.3031832598434
38761,378.3756016410486
38762,201.00375644320317
38763,889.4020573211436
38764,130.63497317029666
38765,208.21699711014966
38766,159.59029247245442
38767,281.19312285462894
38768,420.7723495757061
38769,888.2018624042054
38770,134.04979701939322
38771,346.6239274273529
38772,323.3049822546602
38773,247.31469201895607
38774,498.0633629340994
38775,354.9593230175095
38776,471.0115478463256
38777,230.68117533671779
38778,575.8689894271974
38779,233.4581738265533
38780,148.67511729367556
38781,130.94623826514027
38782,722.2343222257831
38783,113.32427344464679
38784,145.1449798447583
38785,254.00246622717486
38786,278.7613295066394
38787,233.0833577266633
38788,146.38754835431686
38789,335.2212129425159
38790,204.16889707570078
38791,251.49856058990397
38792,225.957617122926
38793,216.29231515267577
38794,103.11053055193
38795,159.9079354934146
38796,174.08165373448955
38797,117.49240233297905
38798,237.3099148068965
38799,332.1739544032655
38800,225.4443665753255
38801,974.8630048763919
38802,503.55066254155315
38803,256.96656770051163
38804,410.2109632042989
38805,298.3999432794112
38806,289.79839116198156
38807,506.767862731965
38808,328.67925067737946
38809,178.12500550163494
38810,250.6776633245959
38811,386.3348992577374
38812,234.35626091271763
38813,254.98230967880204
38814,188.18792141697196
38815,316.7810548635685
38816,262.7720016775819
38817,335.51942233869306
38818,311.50573701362254
38819,175.37761922667005
38820,186.7044603716124
38821,605.4238423502774
38822,401.3058595577397
38823,199.72263715527544
38824,85.86754070147455
38825,202.79757546594863
38826,233.2440755556995
38827,328.0060998964209
38828,259.89192262695497
38829,199.3616129555144
38830,441.83298139146524
38831,186.8439912145656
38832,213.55662823629478
38833,263.4102141264537
38834,236.09657453530968
38835,298.8073600984565
38836,234.31427909205382
38837,369.80638857528544
38838,172.8104936599989
38839,561.6529446234869
38840,199.3570734416871
38841,384.59549278294145
38842,184.14636156366387
38843,757.1186472367898
38844,141.6346130564656
38845,285.13888142145555
38846,146.2235171074877
38847,478.743128211963
38848,365.68361816291707
38849,199.60737168361575
38850,173.43646979273962
38851,179.6511383597218
38852,203.62230407066608
38853,266.08935704818174
38854,208.31594417344533
38855,226.49750668702856
38856,143.99124452468152
38857,494.0827705574476
38858,135.55734634322496
38859,234.0652696813691
38860,173.34762253182365
38861,299.6832297513455
38862,375.7737985753813
38863,251.84570288385808
38864,97.48996856728324
38865,285.3970070046254
38866,160.43878505544274
38867,262.4069147613028
38868,480.02649615202614
38869,85.57364727559914
38870,496.2545978871571
38871,345.2968945561205
38872,644.7194279118695
38873,225.20780644864382
38874,422.97822040996965
38875,353.43278362114546
38876,127.92631961028366
38877,509.2736679735583
38878,155.96019705342317
38879,331.602092027288
38880,173.80488930076947
38881,369.8662001440368
38882,69.30743427270917
38883,85.92212579407722
38884,143.91723392340168
38885,257.5435676217449
38886,258.86702862437943
38887,595.2259400256671
38888,191.9954283817396
38889,272.6110292919229
38890,193.432608177651
38891,160.15410419711466
38892,367.03910870308783
38893,658.7656919284256
38894,191.9551348992658
38895,255.34096808632563
38896,167.2699202079406
38897,241.58155682780284
38898,240.69532412408782
38899,298.4890318174688
38900,126.72462810798352
38901,312.38336046750754
38902,157.44427480709572
38903,194.30977925354514
38904,190.3370739079829
38905,175.68043503169892
38906,223.0591690879203
38907,234.3174876360589
38908,298.3395564880549
38909,259.5336684651441
38910,351.91834452451485
38911,196.76878358737875
38912,212.4713327446694
38913,265.29221913364967
38914,363.0961669551622
38915,222.5524467701134
38916,189.7386998116684
38917,227.866086274824
38918,1177.496697593061
38919,202.51264200784016
38920,218.03817570616147
38921,192.30967365779057
38922,246.66747523915035
38923,234.66581380901792
38924,213.52996450377157
38925,406.5635727605587
38926,860.4383153287039
38927,239.66151534356797
38928,174.87315755387846
38929,165.54627094079396
38930,187.6810984194618
38931,290.04121567331845
38932,108.33208084661212
38933,166.0935914656822
38934,619.5189654063197
38935,272.8865032913289
38936,421.7149735372719
38937,228.80092329780516
38938,193.1694289070189
38939,182.61750444092158
38940,145.1472928690831
38941,127.37337154200736
38942,187.16479217483453
38943,630.1772621645573
38944,175.36454970965056
38945,356.72923863731313
38946,765.535747461682
38947,513.9391070238859
38948,169.925796063173
38949,81.00597689034484
38950,240.01472187290057
38951,286.47973284945607
38952,170.23513587108962
38953,180.11678686883405
38954,207.5738562923922
38955,247.8637711516569
38956,240.75419039371286
38957,659.5981731280586
38958,214.84010974929737
38959,211.95273266644875
38960,217.5149772880315
38961,121.07269340701949
38962,164.2054222199297
38963,612.9802165677278
38964,383.2208369154066
38965,226.88840076013045
38966,235.5802244770821
38967,283.51067317150404
38968,230.29195805636482
38969,985.2507029953787
38970,256.65038974616357
38971,214.0744741142084
38972,769.9607392193931
38973,230.01814597192825
38974,419.2213129890222
38975,445.9704727212412
38976,243.8710967270574
38977,228.3712541232681
38978,144.75769321771514
38979,137.25211094436054
38980,493.80311620887187
38981,95.78461678690624
38982,137.29365606741302
38983,139.47927087433658
38984,217.98704233767185
38985,285.2435914167183
38986,520.2929116387551
38987,328.7418880733346
38988,530.724311090867
38989,132.25184097816634
38990,151.97529446984822
38991,729.9068485411156
38992,234.81888070704133
38993,229.0646034633069
38994,284.9728759979214
38995,181.91253673842152
38996,488.06320179335495
38997,250.19839080698705
38998,131.58001980267446
38999,214.6383978999466
39000,236.84974513213155
39001,252.2263284336348
39002,363.35735875505515
39003,422.43926508993377
39004,160.5089406483621
39005,235.07804790851316
39006,307.869215378216
39007,91.92384878439495
39008,359.38811948606866
39009,213.07662957684056
39010,147.6516575986295
39011,102.33558551378083
39012,256.6976257898236
39013,664.1008146213694
39014,246.91890900317782
39015,306.8471124002504
39016,235.6505257654999
39017,227.58878386452218
39018,435.79826264447075
39019,151.10887866658592
39020,228.32879493026687
39021,277.11313021889913
39022,228.8691632680983
39023,224.738175191128
39024,283.90030819147955
39025,373.69328794465724
39026,462.9086307512182
39027,346.33750954565755
39028,111.3713090446512
39029,325.17595573618945
39030,208.9437289238791
39031,1050.2865459076995
39032,145.08904885533215
39033,145.59460796038684
39034,282.95757319295967
39035,172.14262329339718
39036,138.33215486006958
39037,196.80520806204692
39038,1148.9812477562564
39039,350.44327368119923
39040,150.88988405357387
39041,300.09723347047867
39042,315.7847124716918
39043,370.3926059130755
39044,209.43276626480244
39045,168.43267756144124
39046,254.1386806146699
39047,146.71844818178317
39048,285.3773324514344
39049,238.39904347533673
39050,114.56543383730539
39051,548.2332018514195
39052,336.4097826215492
39053,168.0102799894565
39054,170.503600359007
39055,741.1179658021038
39056,355.94701838654447
39057,551.141105341317
39058,552.4422294332693
39059,404.03679473716096
39060,476.9162725667172
39061,220.20666918250106
39062,182.15893214637296
39063,234.08321148836725
39064,159.91398914774553
39065,60.985186867787334
39066,455.93512885239744
39067,234.50755442756565
39068,353.77389310479737
39069,205.19899714917227
39070,297.87176265985676
39071,891.7523322957211
39072,194.62725895132178
39073,223.73515621939333
39074,409.7270789416385
39075,258.1397061063691
39076,228.0292468607546
39077,469.39239920845165
39078,304.37275726647476
39079,228.03143742396006
39080,245.3102851659665
39081,488.95607734315416
39082,320.4576054078181
39083,695.7364033772955
39084,73.02846977140868
39085,358.15984047225317
39086,129.98339557240885
39087,259.1178637818479
39088,254.83533347680347
39089,201.6429706098733
39090,193.49448142787503
39091,172.00186256440202
39092,195.00314713757066
39093,201.21571803279318
39094,210.1538553914919
39095,205.54875593101866
39096,346.31207189397503
39097,493.8723314173727
39098,332.694316409562
39099,426.73160830508056
39100,176.1159726490942
39101,648.8229259646313
39102,139.1132149093037
39103,156.14989904058098
39104,684.6379578855441
39105,278.63121595011455
39106,240.01887466809575
39107,602.9722384562876
39108,194.64220303180085
39109,499.1271438321283
39110,539.8614152557608
39111,153.38793425048772
39112,420.09958740868626
39113,195.992777717358
39114,193.3996044177425
39115,136.80354195245408
39116,196.2455611289871
39117,498.9084978686555
39118,412.7794278361926
39119,1023.9036598970756
39120,134.9744712092577
39121,169.49263621546427
39122,356.6270726521314
39123,256.1787523371913
39124,261.2919541922691
39125,207.12380309305877
39126,272.50819051956177
39127,317.89290135758756
39128,172.29166803839007
39129,140.93923183788436
39130,630.0766185819208
39131,226.82981307642382
39132,130.4621572577681
39133,296.1202125886184
39134,196.25783951386754
39135,310.0804964391289
39136,169.9699673755722
39137,222.74938965428512
39138,303.0799241436634
39139,395.93441628823535
39140,134.34250233021655
39141,200.3088304439776
39142,216.1624295356009
39143,226.7045921136993
39144,159.99873794265233
39145,83.63430528222615
39146,217.49943112532281
39147,291.26816916191376
39148,196.83023657081162
39149,178.30397034483488
39150,253.14009739618464
39151,288.46602761023456
39152,418.1839981363095
39153,194.47708599257896
39154,131.8366223895682
39155,888.9902067767655
39156,166.11816629069145
39157,148.17071948948663
39158,696.2489623252479
39159,157.9700671932522
39160,212.35824747068995
39161,172.83058111509922
39162,421.44057811972567
39163,163.15646065613524
39164,467.9045204345458
39165,141.2966948026279
39166,94.85608292785685
39167,191.28056859340458
39168,93.23515256277936
39169,664.5436602253146
39170,65.21620594721578
39171,184.2349190275986
39172,336.1389796705717
39173,470.78615053806107
39174,169.2104516917033
39175,113.04679295356853
39176,190.6698411088571
39177,105.91145980922231
39178,176.54359693854116
39179,217.91291875047756
39180,263.4342555775053
39181,251.1776283941155
39182,166.52841849784625
39183,530.644827895398
39184,237.18751412846663
39185,573.6081740409868
39186,466.44225899104583
39187,870.820474645144
39188,120.91099332221265
39189,123.81401204302006
39190,431.30675839506733
39191,283.0308432705347
39192,233.8375406157607
39193,270.42958824725685
39194,183.78790443217596
39195,233.67140807083746
39196,305.6748622491566
39197,628.8393214173439
39198,281.0953526138423
39199,186.9352182311068
39200,422.0493008690978
39201,374.2616945745804
39202,112.50536973440417
39203,194.7754507644957
39204,114.2005141262595
39205,283.0365291438179
39206,109.68051868744853
39207,400.93660367160413
39208,425.3926894785801
39209,359.29235331138307
39210,145.3822429704406
39211,394.10217686327223
39212,218.99370299477593
39213,273.06446341600724
39214,224.9035869522486
39215,200.00559845634723
39216,314.3765972289755
39217,178.7953675817213
39218,250.86227473535183
39219,243.04105821907416
39220,254.94172619874274
39221,553.2514477437
39222,192.84508898018478
39223,332.64438733079265
39224,246.39617218608743
39225,218.85347979547902
39226,187.53054348292213
39227,359.01670685132257
39228,297.2690811424186
39229,258.7377996443237
39230,738.9484858681394
39231,266.48517621007665
39232,265.37596442261827
39233,104.58074751873839
39234,169.55819435917036
39235,1097.46096051336
39236,464.97728605209556
39237,240.13893328944152
39238,149.03427439573986
39239,302.47373094289355
39240,357.0881096177719
39241,256.4823907380938
39242,87.4122863885051
39243,266.39457382954146
39244,496.6679154084264
39245,88.19825391044529
39246,215.49705233119371
39247,212.2233727577968
39248,191.50880032101196
39249,329.48384189136425
39250,214.33368384410542
39251,235.3577964775432
39252,252.34105973520076
39253,255.02453362663022
39254,265.2479876383299
39255,275.43487885598216
39256,221.19379751147048
39257,144.1672691662167
39258,623.1037353113787
39259,300.3714230771297
39260,219.58857320025368
39261,240.29068525805812
39262,267.1451248436569
39263,292.20054519688546
39264,383.70029575151204
39265,166.77135082420799
39266,169.78271123246006
39267,143.23747976423115
39268,119.77598814673757
39269,265.1445705443591
39270,211.51853003067356
39271,241.34544053606513
39272,211.34107091626626
39273,314.94122637197864
39274,170.61734922157535
39275,577.5864626722463
39276,227.82583929018918
39277,96.08696523478164
39278,189.50941016733665
39279,448.140176619567
39280,226.66496680454424
39281,273.1577146081524
39282,425.81088548059955
39283,225.7194645499257
39284,236.64111867573286
39285,218.52739189180528
39286,804.9551849784748
39287,732.1940968949239
39288,230.752128443027
39289,162.35529903584793
39290,203.93371347874057
39291,355.9051164849469
39292,436.45499362395896
39293,216.56540714186448
39294,315.5247008434996
39295,252.04848021895998
39296,268.09290384705184
39297,165.48437804084514
39298,412.62202632211313
39299,225.6413208894697
39300,601.1351234537868
39301,264.1712786675039
39302,409.81653400260285
39303,539.0667773105469
39304,202.30526999247124
39305,122.11469956200007
39306,171.969508187199
39307,251.7549651587957
39308,88.22693130637545
39309,227.81610379571833
39310,236.5312953797087
39311,167.0338615546114
39312,410.12922342184385
39313,229.58293115110743
39314,216.10020602488578
39315,213.40172233782056
39316,1083.577891458455
39317,112.22397552746915
39318,290.6814823908969
39319,304.4467552099539
39320,126.50428931715452
39321,519.7081623456514
39322,743.5864675628844
39323,239.1079280207356
39324,603.8543342670433
39325,175.41712794461836
39326,123.78627133147229
39327,290.757319219037
39328,235.7317330826432
39329,1059.6965414463482
39330,279.98483597506555
39331,257.95429130018425
39332,362.4083767670509
39333,148.69618947008888
39334,300.7721979472587
39335,83.85432977021506
39336,381.7261438831477
39337,156.49732914487274
39338,173.63766492186747
39339,154.30394803173664
39340,606.8815209848791
39341,313.64516272302
39342,116.50357149145385
39343,315.0900485077685
39344,282.49909716821736
39345,214.59206748890287
39346,657.8353804857386
39347,156.35897976465432
39348,211.93593264617954
39349,181.21349507177146
39350,218.07417715159474
39351,356.0542167183255
39352,248.23995055777942
39353,335.18699273030234
39354,375.7366764332881
39355,429.4415358701628
39356,119.0498505878871
39357,246.42298042841904
39358,124.48699682469399
39359,182.68815318075266
39360,407.94822565941206
39361,212.4386724709871
39362,169.30091354598923
39363,249.39209733931472
39364,98.53648899400862
39365,114.16832645824755
39366,339.19843337907037
39367,199.55041439908263
39368,227.15409395276436
39369,237.38222139414623
39370,186.85538800222093
39371,108.85773744411657
39372,292.64227950915097
39373,86.00928527136885
39374,231.84329837604753
39375,245.48662302999887
39376,172.2489597792735
39377,288.2259879696681
39378,135.5512714597989
39379,211.07255741888156
39380,138.9917377743422
39381,237.89725718345852
39382,600.1922938652143
39383,137.49898164986953
39384,122.16261104276599
39385,148.42128151026304
39386,259.89997496584294
39387,185.67013226396188
39388,261.80244037354925
39389,492.05864352236847
39390,259.0454569947389
39391,185.63336798961427
39392,247.781456169318
39393,154.3907814651007
39394,316.2202934814544
39395,148.1530490755505
39396,173.66663349436104
39397,286.3272528423066
39398,310.4206579880564
39399,393.58506542874306
39400,162.6951372345525
39401,223.35605005139482
39402,103.46246810031852
39403,489.55190698430397
39404,342.55861719270206
39405,240.42737797011287
39406,224.63530310328107
39407,287.1717574356868
39408,78.23790400540587
39409,131.80304457894115
39410,355.9661635287268
39411,440.566769360568
39412,232.43789881717709
39413,122.83702822337168
39414,608.2841878557911
39415,184.6639376898088
39416,469.849739399373
39417,288.9235496615612
39418,214.95528662007743
39419,93.87973038199044
39420,199.57326811604264
39421,136.8407242542653
39422,187.15779974222556
39423,260.7348762442534
39424,583.0276253057486
39425,200.61822350246
39426,307.20919681788206
39427,203.829427889074
39428,85.70639969710031
39429,216.5592535116984
39430,104.30416624570324
39431,393.7982996730272
39432,202.09457307259066
39433,376.7628270136387
39434,372.39510132636406
39435,1089.0484586821794
39436,242.30999105736882
39437,147.50431847047466
39438,220.07386533586651
39439,139.48220742468035
39440,148.44682435287288
39441,151.47086778438575
39442,204.95154264928655
39443,249.9009265596815
39444,489.55190698430397
39445,215.26377083239035
39446,181.65999160392732
39447,197.40994371611214
39448,261.3137492015483
39449,207.71110637834093
39450,337.9524076857848
39451,101.21099117883662
39452,429.71622686460074
39453,144.63742636236583
39454,83.0906573312709
39455,616.8244699722934
39456,255.15594606113032
39457,546.6567293674804
39458,208.23416570847786
39459,162.0020641980694
39460,169.83319577070898
39461,245.24125016434155
39462,449.41376358544386
39463,180.66135970839161
39464,247.7018254748082
39465,143.8575361334063
39466,489.1693115874383
39467,125.60863530936449
39468,428.7355251386371
39469,249.72639660763923
39470,309.5478336665978
39471,589.360427638304
39472,109.06357768335594
39473,223.72322341385646
39474,376.8159997110995
39475,197.31868797165384
39476,751.6798995736123
39477,280.54669090429803
39478,152.67560516314037
39479,147.20009497775635
39480,263.3673666823549
39481,280.38247627013726
39482,98.01148536142033
39483,380.83181749136384
39484,424.87958521679224
39485,133.15993600591653
39486,300.50357835122367
39487,360.30765823858485
39488,602.0564128254741
39489,277.95193339993625
39490,113.19338363595222
39491,296.42091670915977
39492,241.13944677262296
39493,626.8908897566173
39494,612.6400921459559
39495,393.54648170054844
39496,388.9295543075539
39497,529.5315923905391
39498,813.6888147525394
39499,253.9045740248732
39500,194.65489180119735
39501,239.5033184901185
39502,545.4235816917691
39503,189.40851087383507
39504,121.82176123814148
39505,239.55763200058595
39506,169.37677775958542
39507,81.88812964119336
39508,208.044334709239
39509,271.1579476719106
39510,123.40393674012
39511,140.1850418125159
39512,1037.6814468279765
39513,199.65283310914373
39514,1707.0120596511636
39515,307.9310969711756
39516,320.2017115618645
39517,226.0540821566483
39518,70.65413869842371
39519,1039.5303470844594
39520,92.42633444603884
39521,208.37498230529133
39522,155.0133951484446
39523,265.6750643993325
39524,202.94017649635865
39525,250.15787042965664
39526,212.75512922675148
39527,253.95694401555616
39528,156.86254467502323
39529,391.25505711247274
39530,368.0688594203624
39531,1269.4836502101778
39532,463.60382256035257
39533,197.5859368667086
39534,815.6162464107135
39535,190.83209545021438
39536,4787.106550587749
39537,197.9861831373868
39538,106.83024316842655
39539,392.12762507880564
39540,312.5970149508737
39541,139.59662310468747
39542,87.10480850217469
39543,463.94013882485314
39544,323.369911854038
39545,355.09406357547675
39546,137.9816576112241
39547,166.85559700096016
39548,198.77582566398772
39549,299.18349934298925
39550,141.96912416315368
39551,437.59925149938476
39552,201.18762538276653
39553,253.94783652227093
39554,384.195451353998
39555,549.9608444580159
39556,154.59028531746736
39557,239.36940818048336
39558,99.29205140519866
39559,128.27766810457527
39560,392.4468216147288
39561,219.6580435259999
39562,321.75396694517366
39563,490.9101191735308
39564,343.9878060351738
39565,226.19808109151947
39566,250.61751174365625
39567,744.5618915092246
39568,158.03045937947851
39569,324.9892685731244
39570,216.98167866845222
39571,194.2305169394414
39572,187.79027293983452
39573,95.53467956356465
39574,228.8409173511288
39575,155.88453656680352
39576,357.99446288258844
39577,166.0123849907238
39578,1144.3968514433054
39579,335.7610367527536
39580,388.20831022533497
39581,259.261700931509
39582,176.70660041900612
39583,241.67569946847973
39584,223.5929003191634
39585,133.51775203321114
39586,169.77855642878154
39587,261.61819257799726
39588,90.24447358069247
39589,235.27081898213063
39590,192.56507261861228
39591,854.8873670145211
39592,106.77871992034075
39593,173.8164126846917
39594,95.09560268474121
39595,114.62706924387611
39596,335.62889394859405
39597,214.52857814783079
39598,223.38952686493363
39599,190.73465304010696
39600,236.54262200749054
39601,535.2239270520428
39602,336.71189204430607
39603,154.6242802002329
39604,173.02349231370047
39605,207.0584018222211
39606,96.73640613723967
39607,578.4763175363071
39608,240.0153718329423
39609,165.00580141943445
39610,189.54481340300785
39611,326.86672572940626
39612,200.0715275813573
39613,135.46847163987871
39614,246.70885874617744
39615,821.4830466362426
39616,177.0882888304552
39617,143.35518816328164
39618,103.48061773275128
39619,907.0162713654945
39620,232.0879469186839
39621,135.16228046085058
39622,106.36034973030719
39623,240.95438234806406
39624,134.11086701061322
39625,143.58418805187702
39626,240.0497177097328
39627,195.50533739475944
39628,263.33936373902367
39629,94.37051987848079
39630,941.9453887340218
39631,203.2199406657822
39632,141.77788890845343
39633,193.25735123761774
39634,140.12797377852408
39635,368.1107379258557
39636,325.9833833043315
39637,174.365800514064
39638,149.05080713549478
39639,433.15460971993133
39640,418.4497711032319
39641,200.140889098762
39642,280.97145926124875
39643,422.3800231683092
39644,191.0079432843562
39645,245.17008678381973
39646,233.26592814347717
39647,148.02636700056445
39648,331.43062806007316
39649,232.63799621675184
39650,395.099880843347
39651,310.9102188903585
39652,295.3023953109348
39653,157.3121583636273
39654,213.757766931865
39655,249.09303354111555
39656,256.83840714861765
39657,501.58460192605764
39658,635.6616416564035
39659,398.0095312391282
39660,232.32259247296324
39661,349.6334867614996
39662,216.28329900702082
39663,452.3800236433419
39664,154.21182024014155
39665,212.05870181711862
39666,69.65300426026876
39667,167.34050545893604
39668,733.2512000803929
39669,407.7509831474308
39670,166.82299502763772
39671,945.7820097166859
39672,132.23280289483876
39673,101.05397856607539
39674,462.6355142365991
39675,149.88889022611053
39676,195.957265694207
39677,239.28995606044415
39678,231.27703666591674
39679,263.0399466510549
39680,376.43582112606214
39681,215.90195708389902
39682,190.7203491463351
39683,172.617354084194
39684,359.9871736985499
39685,146.45811880776088
39686,246.3461550680469
39687,422.63802207101077
39688,360.14039494595903
39689,373.6670276116646
39690,165.61456761180722
39691,423.902205371306
39692,187.01197170818034
39693,258.2335645074922
39694,199.5410806120361
39695,212.25723805508613
39696,155.66774424948179
39697,212.08040232039457
39698,636.8669562395827
39699,268.72433722639704
39700,344.01558014965667
39701,389.589527076664
39702,262.62150060365946
39703,510.221045302905
39704,188.78943864667735
39705,608.4148028445526
39706,206.19993251319556
39707,314.3431163811228
39708,194.38739357827404
39709,252.24389220532987
39710,113.87307116210117
39711,213.177654229188
39712,235.67885816477136
39713,768.5145797659284
39714,270.05815518569455
39715,259.5565604191035
39716,235.00946947729443
39717,507.4906900732259
39718,249.75354119149094
39719,112.830873090544
39720,414.5066430711443
39721,395.09869547277873
39722,299.19286139839556
39723,164.48029989051813
39724,190.2443050078891
39725,196.02805339330752
39726,229.91927950373864
39727,128.2008297469085
39728,181.31411592016022
39729,408.6605093835691
39730,275.8746499945593
39731,756.4646820812538
39732,172.71008139811798
39733,387.3034707495141
39734,237.50863297862628
39735,215.26798947276896
39736,114.4577761863035
39737,298.9250516249277
39738,291.04404515314684
39739,203.45338331266808
39740,304.13484133153725
39741,101.36616848700379
39742,140.10125767912658
39743,278.04097907871864
39744,134.55196710958253
39745,166.44045757560784
39746,374.59283914206924
39747,56.265666824186056
39748,192.71762654646042
39749,180.50418124513945
39750,349.7685159278631
39751,175.6954819810182
39752,178.56795809399398
39753,105.65178746930549
39754,174.09666532323354
39755,164.0557284516847
39756,277.4675494224664
39757,380.81671988328054
39758,168.97800420384579
39759,301.24681020881746
39760,884.7736507115837
39761,212.11089133741586
39762,198.81948061913988
39763,794.8239665824246
39764,205.44057206079722
39765,211.39150948937174
39766,247.47248501900216
39767,208.4187719148086
39768,328.8624894600011
39769,182.01559922959586
39770,320.6921552826792
39771,506.5393811155994
39772,357.843110473475
39773,309.49557809392735
39774,213.2324776851015
39775,292.5791011757837
39776,124.42908408310859
39777,236.31391473270259
39778,225.72693272455393
39779,319.6296717584367
39780,265.7481621580493
39781,869.1144115938381
39782,219.36357894387868
39783,390.1989822579369
39784,245.53980115106364
39785,234.0194262524025
39786,199.66498357171585
39787,215.72615391301687
39788,268.970727657382
39789,222.3859783031045
39790,165.18560691042134
39791,188.34287507757819
39792,403.94055669517746
39793,239.71683183843373
39794,141.86272567221346
39795,252.70780654745985
39796,157.03767279380767
39797,1589.934530925781
39798,203.59668779409014
39799,154.66596010026453
39800,357.10259475875824
39801,238.79359351605615
39802,231.5983334566158
39803,697.5654741940219
39804,566.8190752045412
39805,408.62881625349877
39806,684.8511921298283
39807,499.998759970186
39808,838.7645471379925
39809,156.19675214771016
39810,226.4528784162102
39811,154.144695926442
39812,383.63889817894477
39813,397.6106392090254
39814,231.0189174918897
39815,166.40334314393698
39816,182.5595894387545
39817,291.06996549886685
39818,266.30267908648506
39819,946.184514503778
39820,426.6842446582649
39821,134.82126349853914
39822,289.1256829362412
39823,243.0467036073903
39824,329.7275003560602
39825,240.2034458926232
39826,715.8503878389417
39827,580.9198975359595
39828,414.4058507146444
39829,630.9491297739424
39830,239.1449078694014
39831,241.2777568537711
39832,146.26703112269433
39833,373.097991724367
39834,264.81153305193027
39835,378.1506352070611
39836,121.64257617749233
39837,196.98978858150278
39838,191.40870173319126
39839,476.6295297658147
39840,253.01566120142377
39841,375.17542683815907
39842,476.30338415072174
39843,289.88376386855145
39844,238.49041980991413
39845,128.40581635366524
39846,221.6892785016117
39847,57.652343622432504
39848,223.19827016187506
39849,562.0455039499678
39850,271.2202666106806
39851,356.9718485295145
39852,175.8318139265166
39853,475.177940101574
39854,388.4980617732385
39855,234.68459090438924
39856,246.4818689157417
39857,216.96572556733696
39858,219.99090440658114
39859,251.4242215111094
39860,236.83089596184126
39861,336.6425108897578
39862,529.9961814910208
39863,367.6906820110146
39864,213.9396438295455
39865,247.31596703095238
39866,193.39882168973634
39867,382.78604609776636
39868,100.95419305166834
39869,272.3028106232828
39870,659.764794348205
39871,209.11388071964896
39872,278.335228524361
39873,214.5652911388319
39874,874.4039408773913
39875,128.72384586665385
39876,159.36225704584507
39877,357.9086607936764
39878,181.77950064006237
39879,163.76664290019536
39880,132.96189361526314
39881,143.31339747040417
39882,191.15953788594692
39883,538.1974133802893
39884,164.37428340564225
39885,652.869732820577
39886,183.06445837958321
39887,332.0249727097614
39888,165.1523762713551
39889,218.22614125970566
39890,269.20658922638637
39891,401.34644681320026
39892,377.0739174691645
39893,1283.2173684716768
39894,400.07750391290097
39895,132.15884607078132
39896,158.59955864215922
39897,265.45711767929674
39898,221.43372045540727
39899,196.78546953509476
39900,389.61211936194314
39901,422.955542059074
39902,362.645844039715
39903,151.309682707414
39904,646.8270742282323
39905,263.04028120975755
39906,662.972420693349
39907,302.338595107309
39908,345.9607491118126
39909,314.7120544859606
39910,338.96702940720644
39911,467.15035675467556
39912,255.59536371696615
39913,117.37687097812605
39914,211.5592026697183
39915,141.5098644248127
39916,563.022730985188
39917,108.38796567560563
39918,302.09219022595033
39919,588.955434511527
39920,137.73230905777245
39921,270.28276321259114
39922,221.1455453165654
39923,296.85076255293717
39924,170.3945292349417
39925,563.9179641247649
39926,271.8656911049529
39927,280.9485884125434
39928,420.7908635996931
39929,323.7026071886286
39930,133.2393231200863
39931,371.2313026295286
39932,671.8878037792354
39933,343.53535098456086
39934,311.2635772873398
39935,674.1925751865122
39936,728.0310647737185
39937,83.95188371411987
39938,439.6864971587774
39939,155.28938632968877
39940,249.53540265890638
39941,227.52594041613946
39942,180.81270913228119
39943,365.6993690802977
39944,847.6285674086171
39945,628.0501461135896
39946,65.42095356357069
39947,365.48613483601355
39948,398.3982374209715
39949,370.1915507260682
39950,479.872491025182
39951,366.1597980755112
39952,223.70556884201613
39953,290.9085405972952
39954,188.8886612757977
39955,370.679733660621
39956,120.99405941793053
39957,414.94854930493705
39958,530.1529006510807
39959,98.90413815383619
39960,259.9704037497027
39961,205.82391234566035
39962,149.5990406197772
39963,375.6448824731527
39964,116.25870101276972
39965,449.999226191765
39966,639.4573469835573
39967,579.0674338888892
39968,589.3200524806714
39969,156.74056571681055
39970,461.122254713724
39971,272.26410646019445
39972,127.93753503099713
39973,94.73093099912572
39974,207.42965362003042
39975,95.8992055581923
39976,301.24203160038684
39977,225.52751992027302
39978,156.14807999719255
39979,170.8732432176302
39980,331.4155564126999
39981,60.01457612623054
39982,162.18417552248906
39983,175.50575690980352
39984,213.8086682229513
39985,284.1616462162621
39986,541.4595723378675
39987,616.1466607662279
39988,527.7488374271626
39989,190.40958454234655
39990,272.52117266456474
39991,473.9515407536399
39992,377.4567566774415
39993,124.01449680748951
39994,220.6844680014375
39995,389.54707079409997
39996,200.38914946450572
39997,227.3365762072134
39998,295.7219484692099
39999,375.3458556969703
40000,287.8736730219157
40001,225.23594672149534
40002,110.44965279316071
40003,306.0169864230591
40004,219.9060675716488
40005,670.2458461261966
40006,182.6824202055829
40007,458.6155996784361
40008,365.963619282619
40009,953.5900136692552
40010,770.222626449683
40011,265.5100944451342
40012,225.70039746440594
40013,97.68172368129973
40014,761.1835179585199
40015,187.25528058202357
40016,170.26304462609474
40017,381.41470369827226
40018,358.1840594237817
40019,289.866720275258
40020,390.0487202624445
40021,1089.5192260991043
40022,232.9529845602573
40023,325.2287739413909
40024,206.13233258985844
40025,165.54968759941522
40026,268.2171522786549
40027,456.20549080211845
40028,361.36350880426073
40029,238.97678555950202
40030,252.05437457198983
40031,118.46091250485821
40032,387.80154442042584
40033,376.5346704692742
40034,691.8024702619764
40035,412.1630672663659
40036,1073.394692046386
40037,182.33089958211767
40038,409.76776508394096
40039,191.38289099725765
40040,392.0394590831255
40041,418.8557890882471
40042,306.15836004851377
40043,91.42954488984114
40044,624.776379002678
40045,572.6924777560381
40046,270.54131256099413
40047,150.55795017726885
40048,297.65694910202143
40049,167.57298627852649
40050,101.10550020785587
40051,495.10667151665837
40052,277.2140403857164
40053,271.29259225099713
40054,588.9566776990698
40055,117.9943128199763
40056,309.39923622792463
40057,184.33974973615554
40058,155.187567427681
40059,409.21479668190244
40060,386.44222515157117
40061,475.62060403134825
40062,146.38754835431686
40063,320.43703717187486
40064,196.20766487685518
40065,194.81541567131092
40066,119.42888891002025
40067,484.1096678662905
40068,279.7164462106419
40069,250.31760258989033
40070,264.63842222505565
40071,654.8578706248571
40072,905.3794709427774
40073,180.54382036886693
40074,652.3238355632014
40075,458.83543674680345
40076,186.8847604650074
40077,757.5229959160306
40078,216.12774760536888
40079,272.996414115083
40080,6861.528905227331
40081,297.79970243306457
40082,199.84213355925007
40083,485.1042336340641
40084,277.2334180267085
40085,246.55817616216356
40086,140.41484503552263
40087,256.71965243511727
40088,441.7686179043876
40089,506.11148024235615
40090,431.6149018471902
40091,412.64071611578726
40092,163.29859560934528
40093,265.7481621580493
40094,138.9626312741873
40095,641.6457368224961
40096,352.23562556901936
40097,1206.7168271535506
40098,197.742682047053
40099,76.13797106279739
40100,171.32750951474867
40101,263.13433557439254
40102,257.6914223975586
40103,477.09359797100177
40104,191.60944559479145
40105,605.1335336459172
40106,668.3800734001595
40107,167.91786998920117
40108,153.52126530731738
40109,112.81762515862076
40110,916.713645795195
40111,585.4805414610132
40112,226.48004090428472
40113,147.3370732364791
40114,122.48967551726906
40115,243.18509452004938
40116,238.878268474546
40117,142.0108031504647
40118,157.87767303378445
40119,144.67664904560402
40120,350.95361518676634
40121,236.70132655082477
40122,248.81949628790096
40123,182.248004690325
40124,543.8636413741251
40125,838.4396535492042
40126,261.27482865542925
40127,482.3684312815983
40128,337.13400216748977
40129,141.64660528204433
40130,174.43953008986355
40131,139.8880234348424
40132,363.61643679388993
40133,137.68584032633765
40134,308.6986187638123
40135,253.54867502276022
40136,328.8414650601755
40137,278.8696178425344
40138,288.6145138955116
40139,189.1853949810545
40140,120.180669740044
40141,196.60013343696204
40142,310.139638202092
40143,244.19571309351028
40144,493.46042406991876
40145,355.73378414226033
40146,190.23689848034533
40147,354.34359231426095
40148,103.86634673361321
40149,272.7055417412135
40150,97.57638377569988
40151,198.13632611804735
40152,191.23874334239665
40153,213.23262637876957
40154,131.407921058196
40155,758.3822815005813
40156,389.5695259385644
40157,263.3265772026348
40158,137.93378514430032
40159,358.5347075401961
40160,1030.740018661708
40161,582.2798472800523
40162,302.12972791859215
40163,119.35484945160975
40164,209.61743339974623
40165,195.47777715947657
40166,374.55656486176616
40167,724.8832089503029
40168,372.62869814557433
40169,347.59059960371457
40170,199.2887721353405
40171,283.79716362094484
40172,564.6630122545041
40173,136.98222200098778
40174,183.07733102233905
40175,138.19608613211807
40176,202.47686645622744
40177,1997.9191167219599
40178,280.52519572109674
40179,235.81341423283723
40180,134.52384233280483
40181,233.71217421506947
40182,282.16873948591086
40183,237.01811103377827
40184,352.7612306509948
40185,201.80046303037642
40186,181.65007532882075
40187,466.51912577919586
40188,199.35962211922666
40189,123.03005844126059
40190,132.40343379958264
40191,243.63232706651627
40192,257.4974763536035
40193,212.30145654695465
40194,404.3867052080054
40195,210.03897340170323
40196,287.58760973265504
40197,100.5150380888823
40198,134.22331961518293
40199,303.2716697410121
40200,524.1616378048943
40201,162.51303558441046
40202,103.6298470698555
40203,314.31740320288515
40204,201.7311814674234
40205,338.9897783019619
40206,213.08911348406212
40207,229.56104463126675
40208,302.8530932219903
40209,247.56040673170938
40210,433.742198923986
40211,206.8353175612453
40212,211.80608901601346
40213,198.73667791472124
40214,121.40464903933064
40215,329.4954990375302
40216,145.90435255753684
40217,249.60541116580308
40218,376.2941866135564
40219,591.3418362002125
40220,279.8571474464649
40221,242.28019857179177
40222,307.72639847260973
40223,154.81290708045142
40224,271.42481424745495
40225,229.04037005744726
40226,125.97951839892067
40227,327.0791457731426
40228,305.5659118672633
40229,336.02288953563954
40230,668.7970879039045
40231,217.13058916184994
40232,408.54311375287153
40233,241.95201922104442
40234,627.6964027105704
40235,141.95458186572375
40236,164.0376698446599
40237,308.81934794278664
40238,484.7003939446316
40239,221.20989977306266
40240,138.49419097343392
40241,111.00256720197146
40242,1381.2131842107838
40243,234.9772236679176
40244,259.6446395478933
40245,451.1226604405808
40246,297.1854316717088
40247,177.0562563079482
40248,302.0659472708369
40249,346.0290783266482
40250,497.7676862929288
40251,370.95555156580303
40252,444.1781502119652
40253,245.17647450182182
40254,109.27005225955891
40255,135.68965615567
40256,329.75383381771167
40257,322.84086301555266
40258,162.84465956399333
40259,348.97047692289874
40260,472.9550450322175
40261,169.87750459475635
40262,90.47688026937281
40263,138.67584600751348
40264,155.46619909587676
40265,220.28863032991035
40266,127.93547722499564
40267,192.60283005558992
40268,280.4479109351221
40269,179.56728054487212
40270,317.7113153558846
40271,185.91689101619116
40272,120.44972421607825
40273,374.5889760188383
40274,56.01165370335348
40275,523.5070366092148
40276,169.27855816265415
40277,591.335596874623
40278,199.9468557598466
40279,152.85758526052564
40280,146.11870955425755
40281,428.26232253131525
40282,561.9967811239145
40283,317.37405314676425
40284,186.3008242601208
40285,391.5953343628708
40286,256.74773407952273
40287,535.4960046451363
40288,662.2619821628767
40289,303.4162262600937
40290,498.9789744975777
40291,619.4391336007633
40292,225.72412330416046
40293,245.40436877633596
40294,152.82250427655828
40295,229.44446339867073
40296,642.0212247005929
40297,98.67232541575095
40298,294.2772779288511
40299,357.30559593889717
40300,95.01892995092157
40301,125.40695497479027
40302,581.4910360306629
40303,266.17594685830323
40304,171.2005175023613
40305,443.5435531264734
40306,240.34455179714277
40307,569.7769010243782
40308,409.2846724007229
40309,194.1015478636063
40310,160.07860726483466
40311,145.81176535474935
40312,230.1101245845733
40313,247.65533450557106
40314,193.0125086815927
40315,209.22754196700924
40316,179.04000975277512
40317,190.1042237124435
40318,393.9123533361385
40319,587.9174229973398
40320,150.2870366954183
40321,72.65002518719763
40322,184.0086076428446
40323,168.63107449699868
40324,112.95010785285277
40325,457.0258349264477
40326,224.90251330862677
40327,760.845424851982
40328,201.8564419999847
40329,396.93820669179627
40330,571.4578895463628
40331,217.62149693843008
40332,555.8925441819194
40333,244.62079413378453
40334,103.05438823400453
40335,147.59449999186717
40336,141.05535049002572
40337,268.65754303748236
40338,146.4842334550327
40339,263.2861423545152
40340,202.93907545771836
40341,108.14032238565675
40342,573.1267260193719
40343,134.8676005809873
40344,784.5236367534035
40345,619.2272457720967
40346,107.12608275277667
40347,203.44234643433566
40348,224.51306028756164
40349,315.75492353491023
40350,209.5002093655602
40351,99.149738784973
40352,245.0541418260654
40353,212.5925711234412
40354,267.9470380772193
40355,169.69554356737945
40356,615.2896003991661
40357,207.73256373106597
40358,276.25473709520026
40359,201.03899191244864
40360,168.88715280092885
40361,488.4335330346519
40362,218.47718607324546
40363,222.05841552881085
40364,148.5984658253737
40365,247.07214093177083
40366,281.7688322145701
40367,203.72978250963757
40368,249.16151252960728
40369,256.24462273513524
40370,209.76413326024402
40371,62.2278975664322
40372,255.6476209187988
40373,460.6987339899746
40374,201.44715338670707
40375,550.9434136798384
40376,231.6259454542497
40377,270.8400793115035
40378,175.7249443472844
40379,142.80214521097835
40380,384.9002467982707
40381,521.6327474619128
40382,166.4483557123458
40383,154.1839240548887
40384,176.60376315833884
40385,182.7381635596529
40386,312.18549155337007
40387,125.13690090678777
40388,538.7604486754425
40389,165.31416224399416
40390,546.7378609906318
40391,386.38744647962193
40392,306.5584883413003
40393,183.91442294648348
40394,251.29490120464956
40395,112.67316868254458
40396,334.8731801340251
40397,48.63620711680694
40398,189.3476677061563
40399,187.18051263357762
40400,406.55256417156227
40401,247.6827313334488
40402,378.8352436671005
40403,279.00344644915486
40404,497.3775809478211
40405,216.59790778797355
40406,271.544040975795
40407,243.3015472741284
40408,426.2285573300882
40409,273.5503030254188
40410,179.56831753047848
40411,109.82191370738926
40412,233.98135217726715
40413,96.0616316124537
40414,205.37707938350772
40415,196.00212077655087
40416,470.2568187547296
40417,185.54230744688127
40418,283.2197013431732
40419,96.09685603082679
40420,224.07139593230465
40421,266.4831037555806
40422,197.62065923661166
40423,576.0041826782663
40424,239.50976146286078
40425,282.69567520592324
40426,416.3250336303612
40427,316.2559875423567
40428,204.61627995185498
40429,250.52939788642777
40430,572.3845991885569
40431,138.3400266438266
40432,223.1649755768048
40433,231.54655351678412
40434,166.81143082514842
40435,449.42385246602373
40436,208.77145917902348
40437,230.55118354468752
40438,230.57015159392097
40439,129.9813561942142
40440,643.5920440804043
40441,1374.6515771102245
40442,291.0481311363113
40443,278.7055455475299
40444,135.76404848944264
40445,197.77490242894774
40446,566.7384337491804
40447,130.35179746441514
40448,259.76230666199876
40449,199.57782228073734
40450,409.8518784385346
40451,426.52594827503316
40452,321.3930722940652
40453,209.1103768897505
40454,254.83832438362793
40455,162.51838910687286
40456,179.11356568051482
40457,213.5373586979965
40458,312.30335099751204
40459,187.30412501254239
40460,190.3978641512969
40461,640.0203954662078
40462,287.1158120692235
40463,92.42218714013146
40464,354.30744181491104
40465,163.05776873438722
40466,245.02489750824526
40467,234.76367060271986
40468,853.1433552739088
40469,156.11010542792056
40470,272.13830709908456
40471,328.13851841057635
40472,360.23166164512276
40473,72.3453132609687
40474,324.44245304323505
40475,506.7250164244608
40476,145.12345940411288
40477,176.88293383301325
40478,157.3324352510221
40479,259.16749904860245
40480,679.6231024222675
40481,253.67531169151968
40482,88.19330418887651
40483,228.70615401529395
40484,198.05735028974547
40485,383.3005218059056
40486,193.02106703654414
40487,417.64739816506625
40488,199.32124850569807
40489,122.02228966716535
40490,320.97498353322493
40491,217.54178587894125
40492,453.6375110436729
40493,404.2076990217038
40494,275.3478307917347
40495,486.9761481361389
40496,371.4232918795412
40497,163.33140632578704
40498,366.94844439032073
40499,220.3986091387743
40500,429.4315184585452
40501,335.5491253778116
40502,143.54596930085128
40503,311.40963714725325
40504,157.89412027395423
40505,325.3781085534786
40506,155.23460515091418
40507,232.15944979039037
40508,582.3661521658119
40509,236.54438859936434
40510,110.34068168437193
40511,83.12942280489693
40512,133.38133840551697
40513,7990.3882794937235
40514,287.2416745010219
40515,94.88048201580933
40516,202.92016526311966
40517,198.43762410953295
40518,123.2159619834088
40519,354.3825684027431
40520,600.1073129605111
40521,81.88168598994103
40522,142.5387447557575
40523,201.9727951773304
40524,408.72949777925373
40525,458.9267761933747
40526,130.508944306118
40527,216.85237880205315
40528,200.14701553010764
40529,560.7571808998081
40530,465.8006346338952
40531,200.00022655610343
40532,385.28057351331177
40533,152.49343796736844
40534,283.9144082458852
40535,146.67514748731753
40536,215.34473050068664
40537,599.322878477034
40538,220.92992311746647
40539,155.20792804144247
40540,193.1648556556035
40541,202.99520141359378
40542,215.33831782544155
40543,133.90095645845017
40544,410.8404463391964
40545,221.8217889538587
40546,239.99954284513768
40547,285.02938373312713
40548,229.42407729957117
40549,205.14000498933723
40550,332.7838531010889
40551,245.17613706401403
40552,94.77471397858784
40553,212.5724945955323
40554,173.2468533836455
40555,196.07305575965142
40556,147.63879965525607
40557,230.19472447198785
40558,190.40500923567592
40559,415.0069895627029
40560,258.33282377241085
40561,475.20314946135335
40562,829.9009122058804
40563,243.6372813292174
40564,128.22408654310263
40565,200.34519850127612
40566,106.4323994337198
40567,424.3407935739671
40568,249.784805641548
40569,453.31151369680333
40570,570.9752854410709
40571,252.05551946456512
40572,502.55840431959376
40573,406.6188845409878
40574,265.8761228038976
40575,136.43956336985354
40576,333.81461510996866
40577,394.5090495396637
40578,233.00441318715093
40579,416.5184397435597
40580,343.79698792709434
40581,264.46058981736394
40582,275.007458261373
40583,338.24913691249594
40584,252.13661714299127
40585,331.71130668450525
40586,266.7884220485021
40587,443.13130883027463
40588,299.4453745355055
40589,188.3568902947534
40590,305.24026931499134
40591,282.80890496410984
40592,193.90505564764018
40593,289.5250731610318
40594,175.47575522263816
40595,168.83694206458628
40596,311.35273095475617
40597,127.96941262500438
40598,455.32239037947727
40599,272.50383099985964
40600,182.8202680705872
40601,551.500428136855
40602,165.8576185013389
40603,129.0367639792994
40604,334.9292450938078
40605,514.1425030405806
40606,341.25648082626816
40607,239.24250035192875
40608,224.1202618057656
40609,133.69543574835976
40610,685.2571268924765
40611,169.42368593598746
40612,146.64402632588616
40613,258.1504975994439
40614,900.5011350561705
40615,228.56444469416834
40616,249.29635082205613
40617,186.96293184378942
40618,162.1528562572101
40619,286.25983861591175
40620,119.2468965391417
40621,458.94203517698634
40622,133.4913382085434
40623,397.67422323771575
40624,150.65293262889713
40625,224.65024351094996
40626,278.77071556406673
40627,147.71602350543534
40628,145.46995863708017
40629,359.8703396175396
40630,418.7621810498673
40631,604.2780826764846
40632,205.18770948573686
40633,215.24569136784538
40634,253.07987382059358
40635,353.90143174780957
40636,124.05596275671692
40637,128.72093089588626
40638,209.99596414135615
40639,197.35165479705321
40640,98.4565020495672
40641,225.27670055158188
40642,291.7891590917325
40643,203.3109601872919
40644,320.9113349453405
40645,787.8511266690118
40646,227.64803119600475
40647,193.1759251816448
40648,124.65804515292174
40649,53.548425196274486
40650,152.07421981400648
40651,191.512699968586
40652,157.9859187863223
40653,612.7801669412205
40654,120.73143748311145
40655,352.07784325570697
40656,241.0016123574236
40657,434.5786189669283
40658,135.5211811527356
40659,225.18225281298118
40660,181.57240135042812
40661,197.6778919691271
40662,173.76026559146598
40663,176.33160750678496
40664,136.26846330511225
40665,162.079057687156
40666,198.07509649652147
40667,221.7008729565259
40668,175.4250719387411
40669,214.78360950524697
40670,295.96834964259847
40671,420.6543790968833
40672,164.00331015610166
40673,223.0552465790514
40674,156.16006054780453
40675,229.97414011639833
40676,383.85283713954277
40677,601.46649089816
40678,383.6516301668243
40679,358.21585725822024
40680,560.968515293861
40681,92.08884541485743
40682,247.58082137684977
40683,141.28821944443663
40684,306.0198459456079
40685,142.7408182229689
40686,328.6688304574246
40687,100.74762751439285
40688,317.41030170851155
40689,487.5740726453611
40690,195.70040773621125
40691,213.18153451721022
40692,365.05355143793815
40693,239.7972730532975
40694,75.7262719494282
40695,278.2514113744995
40696,238.0048158861565
40697,289.69004509271355
40698,118.01857424380904
40699,479.00367077698536
40700,217.94053698395376
40701,295.5805231260638
40702,198.54109805806644
40703,220.59864532970946
40704,944.5189820725903
40705,349.03729374886507
40706,361.87549791432446
40707,336.93122137327805
40708,251.16855358517284
40709,195.28325059638834
40710,234.85956583369338
40711,196.9031532839952
40712,180.56459899913006
40713,353.04842714845904
40714,165.0741808188731
40715,181.09195367439068
40716,167.36617101100487
40717,197.35170823250144
40718,439.15819708511503
40719,231.27814720622627
40720,670.1204256665444
40721,1460.7569167957859
40722,236.26747049393973
40723,140.70311933502703
40724,132.10546118962745
40725,202.26120040396466
40726,324.41190448641606
40727,215.41816750666212
40728,130.53168377278152
40729,239.3901493744704
40730,431.6722822958424
40731,282.1902413372286
40732,434.5994556811268
40733,430.7644399614064
40734,352.4350018483377
40735,222.35960809074885
40736,212.38736539038234
40737,285.5362227597289
40738,111.4927399088615
40739,399.7099852671464
40740,114.62737386055707
40741,420.36065675740304
40742,152.7595169676726
40743,769.5203710259013
40744,305.82717091680917
40745,147.35943587155208
40746,173.86714991005815
40747,213.6310476350037
40748,241.1364529137638
40749,151.79083760271445
40750,271.6742523403777
40751,184.1026858490642
40752,168.69834361777365
40753,279.97208777351517
40754,152.11477376491254
40755,329.1202300557448
40756,263.9421975298311
40757,280.8191480540111
40758,361.4917045278817
40759,722.1745000071919
40760,591.1481394666898
40761,215.51187784243527
40762,83.75360588629887
40763,178.89405839037246
40764,385.05951174519726
40765,255.07000622081404
40766,186.8439912145656
40767,260.2391490631996
40768,307.3957815982083
40769,70.06264413859897
40770,190.19811989062902
40771,538.2260597621517
40772,266.3857134238212
40773,160.0385537582858
40774,313.31975736676225
40775,102.3100788879651
40776,206.55383575906225
40777,384.86786558679955
40778,284.425693364624
40779,64.45906743331406
40780,248.25045664407057
40781,244.47061865690995
40782,262.1698747182584
40783,247.82602884550016
40784,221.4910709718736
40785,146.96345601626217
40786,290.5124508322072
40787,201.8239082836579
40788,274.4845181430219
40789,152.00694740966043
40790,300.5931341458645
40791,444.2677055219274
40792,175.76583599001322
40793,183.933982054566
40794,752.1205495258166
40795,290.8118554965795
40796,126.3834185768374
40797,194.33259692842873
40798,387.5979513345196
40799,806.3180449849781
40800,178.11450585288097
40801,282.9312610305865
40802,328.0719036902272
40803,263.1663043992538
40804,322.7843304922778
40805,117.82620400288808
40806,243.20311622743716
40807,149.66979326132218
40808,146.81455685275108
40809,232.54595096142907
40810,155.3186967566286
40811,221.9358961850151
40812,161.40160962148738
40813,267.36435528311574
40814,307.93165509064653
40815,247.88672575566855
40816,905.2940439661578
40817,187.4612537046509
40818,199.15793785516902
40819,100.99903316988875
40820,217.1710810202716
40821,217.73807928079228
40822,162.20599336737385
40823,169.99144583130746
40824,324.1245500067035
40825,260.80710226203377
40826,102.44852983266993
40827,184.24231855668222
40828,206.94315950855002
40829,234.05259688087952
40830,76.44807796742484
40831,366.01376581149
40832,252.6490488095339
40833,333.82371922507315
40834,206.86979306910345
40835,268.1913348643284
40836,209.7865020140644
40837,647.4372123128877
40838,398.0721256317115
40839,688.0616522174855
40840,384.27540390427737
40841,83.76216605443226
40842,225.4308371003054
40843,253.83847599659424
40844,746.8294630178045
40845,807.4722512064538
40846,224.05085128607072
40847,237.33568514897325
40848,191.05132751178814
40849,226.15943630172353
40850,483.9902463029483
40851,383.77770431171865
40852,145.1008718940461
40853,132.63083808161323
40854,157.77731373308714
40855,449.6890614123531
40856,298.24255420796976
40857,229.73285672976613
40858,194.56779348915558
40859,151.3628644373811
40860,137.18193407391996
40861,387.93871349532475
40862,233.99943259748255
40863,98.4774811225419
40864,194.2705795484153
40865,230.6784166306243
40866,271.28814780904725
40867,493.7559139749975
40868,261.1378832542761
40869,258.09553796360836
40870,150.55250081828953
40871,270.9009004398082
40872,191.05204724912684
40873,122.61639360956447
40874,150.65463527798468
40875,205.43534865199544
40876,296.5238989669421
40877,227.69367076253081
40878,107.51484980297236
40879,227.9669740452925
40880,143.26170557902594
40881,402.21293826720637
40882,231.7863940095304
40883,370.86209671119923
40884,330.07182599142266
40885,193.02608562273622
40886,1086.1690450721082
40887,312.9925126553332
40888,171.2281664812738
40889,266.3650759038783
40890,140.1850418125159
40891,118.69182978871098
40892,305.55999299126086
40893,387.74830102779094
40894,247.97955452477947
40895,356.6790832171177
40896,317.63403817222564
40897,566.5529973908838
40898,230.27584114798898
40899,198.33701112358753
40900,140.4409916229194
40901,372.8264461857393
40902,295.04265379945525
40903,393.570409600481
40904,147.79913877037202
40905,240.46821825521778
40906,212.4535238849004
40907,163.4533817219536
40908,208.61413915578865
40909,703.3633857301011
40910,324.8070491379717
40911,214.14214825132086
40912,163.51830365396052
40913,261.0417194396196
40914,297.40901273252325
40915,409.98574609388817
40916,498.387837669508
40917,267.04756087594643
40918,144.31112514482894
40919,326.5882547804151
40920,281.95403897191426
40921,320.5028232471688
40922,229.8030891556687
40923,139.19635824733882
40924,286.30468821857454
40925,150.9391375649833
40926,265.0684762161821
40927,311.87718772861
40928,270.71828788142477
40929,151.28527967308005
40930,349.6482286587702
40931,209.09856390130184
40932,203.46384901854583
40933,191.26432941935983
40934,759.0729228420506
40935,109.86675883445442
40936,409.0228398033608
40937,391.5688597160036
40938,268.9395979917637
40939,440.87748392487873
40940,238.2442215642425
40941,312.0471318420134
40942,65.38353791195921
40943,116.78549020462602
40944,375.15007630605743
40945,339.0726703314597
40946,134.69396009102394
40947,323.07157389527913
40948,88.56011377674966
40949,269.65293312529053
40950,265.6010624036311
40951,175.35935507870124
40952,123.39390168027464
40953,314.6581769840175
40954,206.75741861337085
40955,185.5772857556625
40956,280.22267134724
40957,303.1367207789
40958,109.21076834918371
40959,379.54590929380703
40960,439.5374622929285
40961,282.14574214748717
40962,273.33723311176516
40963,101.21457359779349
40964,195.23556552503624
40965,164.83262960498948
40966,139.594899241847
40967,256.68197908980153
40968,140.9936503692659
40969,498.75775363156583
40970,155.81966063462633
40971,179.17766555032574
40972,200.97570077193316
40973,224.55079888224301
40974,591.1557938260436
40975,568.9187151866574
40976,595.2460377079798
40977,320.9415535502969
40978,163.8503103054851
40979,284.8620271457246
40980,212.7398824522208
40981,366.98624774949985
40982,138.75779606950923
40983,134.72561129977538
40984,246.91849670936708
40985,253.31050595395104
40986,198.23271033077643
40987,177.0529392128807
40988,75.94458372449269
40989,290.4167372166461
40990,185.7108628756348
40991,258.2178172084599
40992,349.3030209940461
40993,311.0994301455495
40994,161.17880561039308
40995,460.06120965874203
40996,172.73964292126047
40997,196.21252253606184
40998,221.20703440418177
40999,268.2376780137753
41000,430.2624606261232
41001,106.51638027520781
41002,432.4320309706571
41003,81.6065659259264
41004,110.10916677070395
41005,386.1967371350127
41006,221.2936387249571
41007,166.87150034581043
41008,186.9661256966879
41009,798.2415249401724
41010,362.6604104819704
41011,174.3653267527398
41012,490.6340249799964
41013,173.18868617593242
41014,141.65141197306534
41015,130.55116089310752
41016,625.9788309263248
41017,257.5056425835509
41018,260.6126821995066
41019,400.73391222879224
41020,266.1321122940357
41021,82.11911192921049
41022,154.9991780438582
41023,140.03090867029528
41024,543.1121509287066
41025,324.8105205998384
41026,255.09016186840688
41027,172.46917103143412
41028,771.552798362349
41029,244.8875486451775
41030,153.6998078899441
41031,132.47274114558272
41032,406.69858456703196
41033,322.28069811074
41034,327.42320249722883
41035,265.15320360136934
41036,286.7390994172872
41037,155.5190126660284
41038,783.0311264122761
41039,165.29084847456517
41040,280.9682091422808
41041,271.44467520479935
41042,206.20781867960454
41043,242.58559943709452
41044,377.24765621788634
41045,851.5668829213758
41046,307.90079722070595
41047,225.565441606497
41048,311.4300351281576
41049,202.47453052324087
41050,134.6603111328576
41051,239.18207370215697
41052,238.8267842440631
41053,258.4571944051169
41054,392.6784354313566
41055,141.74489129123455
41056,289.23119944414174
41057,405.9209614678755
41058,239.32996348968913
41059,123.10464347289324
41060,693.8898871734709
41061,261.8731687749183
41062,188.79840577677828
41063,580.5329514514463
41064,121.69937094917722
41065,220.3018403283062
41066,422.65015479419844
41067,658.631402481839
41068,192.01197702358832
41069,133.8060874668621
41070,170.591749694777
41071,438.38357859412696
41072,253.0313546054407
41073,143.70585993533385
41074,346.0818456901095
41075,219.9157832885463
41076,151.2038193669094
41077,232.92425617539993
41078,391.3261764886144
41079,509.41522728903743
41080,1016.6647389340188
41081,206.97258543549148
41082,159.57196563761144
41083,282.2926806667368
41084,330.7266770401724
41085,410.7960147390981
41086,175.03691034797822
41087,221.07035222760314
41088,129.32736103685818
41089,133.72940385685683
41090,481.56120216295113
41091,478.19513263933806
41092,219.81008417570533
41093,249.40028553890812
41094,116.61441726518838
41095,237.25372195186412
41096,311.6394255759067
41097,74.5007279046827
41098,176.53744390959724
41099,409.9791337594646
41100,179.21720497659246
41101,191.1707849511379
41102,247.89747509433812
41103,237.12013512474894
41104,322.9704845378767
41105,262.64798767754326
41106,272.2705144796747
41107,137.3756594348611
41108,161.20331738241117
41109,940.8635926174547
41110,448.8674229881691
41111,117.93368611745237
41112,286.13176245343806
41113,179.24975643968844
41114,602.7488482135161
41115,311.8938949178527
41116,135.8773219205032
41117,236.65109224074132
41118,847.7808224554958
41119,144.02841160711068
41120,288.55428055318725
41121,211.63739561946778
41122,177.7602595485818
41123,135.66311521241727
41124,491.23574246849796
41125,442.5412027035292
41126,217.11086257474156
41127,155.4505954811421
41128,194.02478067384072
41129,546.4321425485971
41130,252.57549081718074
41131,203.8252365157516
41132,246.8256666445323
41133,154.7386944019712
41134,913.3825831235234
41135,133.31706738951877
41136,464.6293080010782
41137,226.05695750442888
41138,1109.2040933636467
41139,471.8079086965783
41140,99.15374598977854
41141,237.85564139596207
41142,247.3084155157483
41143,569.572337428189
41144,121.86021299354356
41145,152.52542891289698
41146,171.71241164245302
41147,301.79352662328273
41148,192.51907668453447
41149,603.5924414819694
41150,162.5410351444312
41151,221.3903360555634
41152,129.5758093515733
41153,253.60975660242605
41154,284.9447866453554
41155,280.5727961909018
41156,358.0512107157548
41157,227.47391690397785
41158,139.97063470801672
41159,356.9734040781802
41160,310.5257239361015
41161,270.80596181128726
41162,762.1968663348382
41163,182.29761161051132
41164,202.6816213684741
41165,232.8046441573205
41166,536.4331830919152
41167,274.63480865577685
41168,641.2504793428885
41169,300.92973612830303
41170,737.7062158644653
41171,191.79101519572572
41172,134.71438894036092
41173,455.77266179561923
41174,211.8904627840754
41175,143.1256450607922
41176,271.19488484772774
41177,254.30308519438518
41178,123.55525079244022
41179,297.63425020645184
41180,172.86946349867915
41181,318.79931799215626
41182,151.99639470957908
41183,227.3739638032413
41184,390.20622354672855
41185,140.55056571329098
41186,324.73334945352923
41187,426.33802161654575
41188,689.0788886323157
41189,263.40574602094205
41190,121.77110499370163
41191,320.08001570102215
41192,622.1218485504351
41193,208.85728552804525
41194,342.401002267725
41195,305.85167772059106
41196,319.52720945573026
41197,380.80031462977365
41198,202.62872147098156
41199,224.54744894258275
41200,223.22247222946555
41201,151.40013157193053
41202,723.2407115271121
41203,191.91626156806424
41204,160.79864949993933
41205,269.3020117444897
41206,903.213500192277
41207,225.9224133311844
41208,165.5437065625379
41209,171.76080562740293
41210,209.0817811971513
41211,207.7321624500564
41212,151.44516617075934
41213,234.9702662751857
41214,115.64849684348964
41215,161.3073857698766
41216,199.65660273189053
41217,312.9597936223068
41218,194.57776580475561
41219,171.107752853894
41220,157.21370227496146
41221,234.43716407027026
41222,176.06028107804505
41223,265.93531211919907
41224,582.9404238535376
41225,440.5460055860576
41226,792.9631876714254
41227,221.4942378852302
41228,156.0272362905097
41229,261.311725556798
41230,268.4462150120455
41231,134.6049662687732
41232,395.99380636302527
41233,782.4203396865336
41234,769.5316859927667
41235,528.6978651533008
41236,224.8343282629506
41237,839.8809508696954
41238,259.5586809695821
41239,683.3725184617305
41240,227.1158559116178
41241,292.5210107488003
41242,229.05402720184657
41243,162.28190660968178
41244,276.954145933891
41245,220.0020860255202
41246,143.52572991366677
41247,171.12929499911004
41248,187.61688477550044
41249,409.4041804260394
41250,321.35867880692786
41251,188.5254026438491
41252,441.4295697127889
41253,590.5097717132154
41254,127.28288593323964
41255,208.55725276834875
41256,220.73587638717962
41257,229.5531070852557
41258,330.89029598678763
41259,255.7000768101252
41260,492.22117891425023
41261,352.2655161393752
41262,152.31270039590063
41263,841.1541884951924
41264,516.0999063360579
41265,183.77922558271342
41266,101.64991144825945
41267,316.4564072594896
41268,218.44821294804908
41269,210.4687673081501
41270,115.503137105808
41271,236.05206094109275
41272,670.4228772139265
41273,363.3987603999019
41274,83.83900488557217
41275,525.8713986539452
41276,562.0464931765964
41277,140.9885570008496
41278,305.0950844232627
41279,122.72486910291747
41280,159.0254261433052
41281,225.09095906749562
41282,174.79001106805518
41283,191.9141955272823
41284,163.61595302989923
41285,157.87980303394784
41286,698.184282071926
41287,129.28893579662443
41288,355.96755833102543
41289,554.4129929856858
41290,215.65847187932488
41291,336.48260928066713
41292,329.69299638025376
41293,165.7614891955597
41294,441.12979515746775
41295,244.4833680295503
41296,128.55326929387158
41297,166.7968373088303
41298,316.05890692355985
41299,380.9704452503354
41300,74.78725691952619
41301,361.8704963830932
41302,232.46682948685603
41303,311.35965799584477
41304,289.9730570507811
41305,178.64083349164605
41306,168.64368517815015
41307,573.5806717543227
41308,116.83358176708188
41309,297.9740325872798
41310,541.954733675256
41311,74.6273466924366
41312,437.1978973607401
41313,486.7999887647
41314,384.0194694948908
41315,157.23467499533876
41316,120.83373243712047
41317,392.2308729164264
41318,213.15034890795891
41319,170.41384025068066
41320,113.35051283480306
41321,514.6134358029977
41322,165.7011201256287
41323,356.40007696517245
41324,195.70804419156363
41325,328.39442716739956
41326,329.94073460034434
41327,896.7575359331086
41328,170.39049848401297
41329,381.81716476729247
41330,503.34714520261497
41331,853.7753616310911
41332,342.46104701464884
41333,207.79404283807216
41334,1275.637511983839
41335,230.16671963031666
41336,427.42777817573153
41337,828.3166783485865
41338,383.95918238467357
41339,775.2441819803679
41340,239.41519270986115
41341,293.90565579662217
41342,241.95202207487955
41343,343.20340037063187
41344,216.38120518882974
41345,376.1007378757832
41346,165.5933246389378
41347,115.03582030339388
41348,263.6205516891094
41349,581.5836654498282
41350,273.27685859137677
41351,242.68529325479486
41352,278.84733709803163
41353,255.11724861751435
41354,648.3118610017422
41355,280.88992411909504
41356,806.2645654090038
41357,191.3534713294411
41358,426.05789578500264
41359,223.8152633191383
41360,280.08994111481644
41361,178.5461400456628
41362,279.02135385664116
41363,343.9814028855939
41364,160.99103940137738
41365,122.62626183907088
41366,211.05577642167776
41367,389.14600797664997
41368,348.4829289796795
41369,263.4227410172913
41370,93.82310853863632
41371,75.35633350810771
41372,323.0272545760072
41373,571.1968835307381
41374,354.5710008070788
41375,310.24848375679045
41376,174.78548827210213
41377,334.98247449047443
41378,277.6791574174047
41379,212.50492193972246
41380,184.23364533682306
41381,178.53629294574316
41382,654.7340913005323
41383,278.16192631418994
41384,185.06522169058348
41385,259.8077704387007
41386,281.5620066590764
41387,321.9794983306631
41388,199.13020581564587
41389,244.62491662666497
41390,487.9091896543837
41391,689.1701517027782
41392,292.4016430948219
41393,149.78968105140416
41394,312.4055611999967
41395,182.12711938620825
41396,244.7073513842803
41397,139.2647745880809
41398,328.562766522001
41399,170.6338868359961
41400,312.6010655942438
41401,187.86871916951839
41402,171.73373305434632
41403,282.40347558151274
41404,445.750195672816
41405,505.5067604020009
41406,209.99843723189204
41407,281.43537551527464
41408,224.04130794151732
41409,179.6036253235892
41410,389.81596234510016
41411,276.1626135609567
41412,236.06171041335745
41413,529.2233940406206
41414,263.74905275247227
41415,177.5432903832488
41416,326.75917798190704
41417,384.81051374175956
41418,500.89401245509316
41419,232.18326467329808
41420,229.7490640854525
41421,253.50388900404297
41422,161.56551834200255
41423,552.2934950819679
41424,311.76629018533686
41425,101.5254372411377
41426,504.37332047957955
41427,488.8053613477798
41428,166.41919274572277
41429,214.990481146711
41430,222.69852979365672
41431,145.63288885419223
41432,431.2641195446794
41433,113.65795553407956
41434,347.67950587307746
41435,234.849486147149
41436,384.6662937517839
41437,140.33609042421386
41438,897.0324631029057
41439,120.91603145576423
41440,111.0431368082121
41441,97.88085145085252
41442,170.39453106399804
41443,140.40581408748633
41444,224.68886674411394
41445,228.57765533918825
41446,379.97040227960474
41447,314.9292664624437
41448,551.3098217047071
41449,1235.0698848682248
41450,639.4869470025658
41451,555.836265738293
41452,276.3604994121459
41453,120.36660447864406
41454,447.3260678250844
41455,183.82301132036775
41456,377.65763392243514
41457,264.4363319365859
41458,232.7592697817878
41459,398.30790779398865
41460,195.00817262359888
41461,103.46433708920001
41462,127.53360269421927
41463,216.1394721505672
41464,133.26641369678367
41465,88.50994312579117
41466,207.06879304509394
41467,307.47676175866883
41468,233.61521079664263
41469,193.64527296492224
41470,188.29595071860015
41471,217.12933408895694
41472,160.02531816731704
41473,251.5939860900893
41474,472.473966450044
41475,741.7955636661375
41476,150.65410302002363
41477,435.9116350939411
41478,430.54066376424174
41479,850.3870586771119
41480,453.9881839423403
41481,230.5853983811974
41482,1213.1080526866485
41483,256.948716767422
41484,346.39971577894215
41485,490.6143474886575
41486,182.17835436955139
41487,194.93506302496354
41488,463.10119224564494
41489,538.3220985686029
41490,243.5130823291254
41491,379.64740511635495
41492,246.038949787458
41493,247.26589742567992
41494,353.8792236415734
41495,100.97229047140873
41496,158.95066896356624
41497,135.99740489731016
41498,501.92869862659444
41499,404.27871499754355
41500,306.0409217917286
41501,501.3962629727477
41502,154.2355347191262
41503,641.2688368640943
41504,205.41466113268402
41505,103.34912221240458
41506,136.52160348895646
41507,280.85657862602017
41508,231.5135077960304
41509,214.51177261435643
41510,210.5350519314051
41511,295.8314362557397
41512,143.24192661660618
41513,194.83638131658122
41514,141.39275119196344
41515,119.64120869102797
41516,194.98688552841116
41517,325.7212421334057
41518,98.95119256234766
41519,313.25109739426904
41520,368.7948207005542
41521,241.89950874252824
41522,126.44413080962548
41523,362.7608539713755
41524,225.58924304120438
41525,129.9071401115919
41526,173.82848549467474
41527,132.07623006738
41528,271.974438081779
41529,261.0984913125139
41530,255.49657137137098
41531,212.5418949824673
41532,195.42243192442942
41533,210.5800670127956
41534,758.6945670478144
41535,162.48259692993716
41536,109.5431243168465
41537,147.22124204187136
41538,325.77234224122344
41539,379.66129799207
41540,246.27375563644304
41541,262.1096203751669
41542,251.60541102065233
41543,509.2917615567617
41544,180.69085450130356
41545,315.30448016477027
41546,186.08882102273168
41547,339.555231086689
41548,132.28199128595102
41549,113.7531346907049
41550,205.90750202347618
41551,428.465422239009
41552,527.4775849425774
41553,566.6892217751196
41554,306.5511920027929
41555,944.9735522295288
41556,444.9893110807447
41557,252.85308041266458
41558,182.74897217587178
41559,273.9730036972724
41560,617.3162961217943
41561,480.48760489693035
41562,185.43047998500998
41563,174.66107160055574
41564,227.3558671540753
41565,100.80094411395376
41566,446.94859954727343
41567,174.5146898557241
41568,1648.0957188440284
41569,765.0511161042895
41570,283.9275730351599
41571,152.2876999004247
41572,602.7590042120034
41573,155.21743171789356
41574,189.73486769441675
41575,202.4691510970879
41576,240.37540583372618
41577,418.2783747173968
41578,233.18817139004
41579,168.99994348280356
41580,499.56665948099163
41581,349.2621786791566
41582,427.9210032774196
41583,204.68886341698567
41584,341.63608039496546
41585,449.0482396846688
41586,168.78148305470302
41587,606.2365629294288
41588,290.83127912050463
41589,210.89659629336876
41590,256.08138304549675
41591,353.14946257429574
41592,255.5786208454075
41593,299.44974874448457
41594,246.7951274206812
41595,684.107391230402
41596,224.2314822566722
41597,201.69099002806215
41598,225.84144605604516
41599,160.5669572180942
41600,321.3629660114497
41601,401.8821782307357
41602,237.92021344352506
41603,884.3260905952801
41604,332.38685714725926
41605,389.70276993068694
41606,243.9189512298731
41607,157.48570167880874
41608,128.01501557019103
41609,188.60636546207184
41610,154.4343843924596
41611,364.301291037802
41612,423.9425873501073
41613,247.8383796562908
41614,356.3405860853277
41615,198.0027184781588
41616,183.56523953290585
41617,242.94656384472913
41618,197.6371945773837
41619,359.79745923787016
41620,301.511392105229
41621,374.5332440083895
41622,189.64226399538705
41623,547.936454202958
41624,232.3979572718148
41625,178.93462112416006
41626,160.17628991275438
41627,501.9161407872434
41628,211.3407541251087
41629,304.2798320701991
41630,169.0518396031653
41631,123.80912760468964
41632,367.11536857389865
41633,204.43226525714795
41634,324.74201800308
41635,351.4558148616251
41636,243.31238550747037
41637,173.10781059513187
41638,206.19377579442394
41639,218.8156301226225
41640,251.45254401637266
41641,216.85258378474296
41642,722.8197849439504
41643,667.4536918472152
41644,270.79511214803193
41645,229.57043743414258
41646,256.2418017785711
41647,435.59175713943745
41648,265.49301477328373
41649,142.73406270516907
41650,133.11377122003887
41651,448.30808398834694
41652,329.25146553621397
41653,248.70215772724282
41654,441.5688610951853
41655,241.86121621529077
41656,404.6264766881921
41657,109.90033861590715
41658,452.719730615648
41659,151.00538138718693
41660,286.91290076492965
41661,146.18440119018774
41662,211.95318797517626
41663,335.61452783387773
41664,587.5923850371325
41665,268.14043970571777
41666,208.33505921522308
41667,107.3543137304318
41668,205.25020792607884
41669,271.7840668438977
41670,507.40635112337276
41671,1811.9607187059778
41672,227.73049131458367
41673,237.18071664410678
41674,252.23673239618785
41675,237.23814599621477
41676,154.6768283313663
41677,435.0439218999016
41678,154.45174440712594
41679,192.19667878933868
41680,112.74363427003058
41681,130.1417115569208
41682,78.62924487187546
41683,163.42631385777412
41684,609.0882926415628
41685,110.51220628099588
41686,308.23244810793324
41687,456.65717741397117
41688,225.4651274821972
41689,193.63694415067366
41690,336.8977609338307
41691,968.3012356821519
41692,510.8238848660294
41693,282.34845862137377
41694,133.70380503133853
41695,249.32225550454942
41696,770.9953019011632
41697,213.91538651929648
41698,634.3741421477174
41699,260.0627218374011
41700,273.6277529254855
41701,86.87844285589827
41702,204.98291783222243
41703,467.33137068111046
41704,99.44716369961728
41705,179.71543191348994
41706,108.64140930449574
41707,325.0325541582025
41708,332.2106213764166
41709,252.82127532053573
41710,158.31325692654977
41711,333.03900391327915
41712,352.8152221350026
41713,804.6306821055169
41714,107.2898689280436
41715,46.550010154888106
41716,192.19484686576638
41717,239.27314993425273
41718,342.6176241483924
41719,207.37435980157196
41720,326.8786621574888
41721,166.2377230690851
41722,141.65625015790062
41723,257.90526579608485
41724,224.53400864264108
41725,140.55056571329098
41726,176.22743590992914
41727,116.56886042788224
41728,265.901821564061
41729,204.15298728409107
41730,203.02202113212056
41731,135.648344601422
41732,332.39379599610743
41733,130.742284044766
41734,413.2833184520363
41735,407.57622884478803
41736,103.49488946059833
41737,283.99551579623466
41738,206.31612256429017
41739,260.0939581448925
41740,363.51332459899174
41741,285.5233465765361
41742,230.11043873185105
41743,546.3919967707592
41744,206.7898248431324
41745,216.06013646616742
41746,922.2166359449084
41747,98.22290774714114
41748,255.9687436800862
41749,221.8278587236784
41750,137.81702000885778
41751,252.68217864713827
41752,348.04679799206434
41753,217.65256693428594
41754,237.42273666300514
41755,274.67305858677815
41756,54.07054467193561
41757,253.10616458985305
41758,313.8483639885861
41759,151.76668118713596
41760,471.9892521194019
41761,1192.427551009897
41762,222.58631412931805
41763,785.5662689059966
41764,243.89818621674542
41765,341.90501597780315
41766,381.56714114842697
41767,396.9410139589731
41768,651.3692440115342
41769,402.33330646939663
41770,348.18950170964973
41771,232.45371645462083
41772,311.97071429340303
41773,312.72170590421797
41774,392.0234020405559
41775,241.7102973537589
41776,659.563606524832
41777,132.8951611253911
41778,349.6269523325251
41779,225.71221360928797
41780,123.79836052797441
41781,193.39509737769276
41782,154.64281022940943
41783,764.8961120050207
41784,206.58789198622014
41785,288.48545061266054
41786,593.9576441253809
41787,268.470743171221
41788,212.43871315450713
41789,197.34344535486372
41790,710.8701797763823
41791,410.80477598928485
41792,89.01053938219509
41793,116.15449818376527
41794,346.98329744442754
41795,313.7989743328073
41796,123.1825698534173
41797,171.10200720376776
41798,500.483258940248
41799,167.06170589344532
41800,244.30754016401855
41801,96.15743403485455
41802,247.69885121959447
41803,228.18152605928634
41804,184.59715826818348
41805,257.82258249025597
41806,381.43618813285394
41807,266.6832075719922
41808,218.75013349173258
41809,129.81826529942984
41810,193.99200726908464
41811,152.28762580936404
41812,397.29539357736894
41813,177.19483230813756
41814,155.9848235674913
41815,126.02425062661949
41816,269.341707850399
41817,105.97938643149604
41818,334.77966099796976
41819,134.3168594006648
41820,380.1376468334559
41821,258.0550371480037
41822,325.2922513025406
41823,159.06384866869158
41824,218.57491868061396
41825,833.171196869608
41826,218.5729064229911
41827,115.7158120730252
41828,429.51215038895356
41829,126.81512264179682
41830,274.2837651652303
41831,263.11899667272735
41832,456.40315857995387
41833,133.44765229469795
41834,139.29245907606858
41835,171.91989888588748
41836,214.688208042443
41837,410.21152123316756
41838,667.3681481176006
41839,995.2868358177601
41840,337.06558278186117
41841,235.22377521561106
41842,460.4578748770864
41843,219.78155850073645
41844,137.99591026849777
41845,247.8816765125291
41846,239.61961812601018
41847,220.23584808758204
41848,161.61566597273838
41849,93.80458581330774
41850,157.00208514069064
41851,663.6954397086126
41852,331.1884596459169
41853,209.59013932341136
41854,188.31208102787267
41855,508.22536306068554
41856,314.74049841701816
41857,226.2716776534444
41858,190.77284345282905
41859,154.5696560606349
41860,115.91422448150095
41861,149.5101961473094
41862,510.0797601681817
41863,286.1959717906458
41864,303.7844100049017
41865,77.25114153326263
41866,399.42663325799987
41867,310.0608365377749
41868,608.1459640444931
41869,172.23228375723744
41870,467.8238431386196
41871,77.41642996004155
41872,183.56647258125395
41873,497.94266697293546
41874,156.15470164470304
41875,210.2319412005036
41876,322.24679113716104
41877,305.38855759731973
41878,310.0727314716689
41879,690.0346403491521
41880,406.6451483105868
41881,240.04826490612896
41882,166.37688108557327
41883,186.0495958980673
41884,297.6011648055092
41885,267.5775895273999
41886,953.6077135324376
41887,288.1125471108583
41888,381.28613631786106
41889,248.09734699773048
41890,165.51788251109141
41891,221.4307010693266
41892,228.12404565362644
41893,112.37266547212641
41894,220.7982649393156
41895,174.64601812825532
41896,311.15598330786906
41897,105.59039743525891
41898,246.12362976331298
41899,79.04066837105601
41900,254.16483846916685
41901,336.3411300307721
41902,348.0530106723903
41903,522.0097389067056
41904,159.19019010912595
41905,204.90046105505064
41906,263.7138644484231
41907,662.5746564755884
41908,801.875836158199
41909,302.7667575603047
41910,194.8487901132928
41911,242.08495027925184
41912,123.38718568282954
41913,284.5689674113171
41914,119.2837101440076
41915,269.4724073176988
41916,229.8839483457903
41917,110.3927169618053
41918,196.99725177131344
41919,103.30868172247122
41920,133.21989121883104
41921,165.3994114656197
41922,134.92212028515277
41923,126.08012445000715
41924,395.63496220171237
41925,225.5951600306918
41926,262.4444518330762
41927,255.16616281372998
41928,303.50640893155486
41929,111.07670165133702
41930,102.4622818839856
41931,227.30841556418002
41932,206.31981253624193
41933,372.96192700319875
41934,220.0078305737383
41935,188.02092358963256
41936,262.5478567836848
41937,109.14402403541553
41938,363.2315068870558
41939,137.27326685508243
41940,625.8640903511539
41941,154.8085823205666
41942,219.79924470195508
41943,205.63403665324535
41944,140.1850418125159
41945,193.66425514082366
41946,181.2735889451955
41947,186.51730408047908
41948,173.17953995515697
41949,232.57929391584233
41950,250.15030489051009
41951,100.98920242601777
41952,190.18819406565456
41953,296.91904048228014
41954,148.69009828777055
41955,241.72552529702884
41956,118.72843786072505
41957,315.6056989887772
41958,211.79128456472415
41959,177.7253004495179
41960,504.79663902749905
41961,623.7532540406756
41962,383.147029918486
41963,158.17622879924522
41964,333.5542035065744
41965,179.25715131039698
41966,122.47185093452734
41967,238.42082764613997
41968,426.9222434539766
41969,209.06155355325265
41970,130.19167259715397
41971,403.3993782600261
41972,273.54050172181076
41973,101.27807096346676
41974,793.8801267305986
41975,263.7582271349619
41976,579.1730900516933
41977,116.16152259524023
41978,209.13720374442013
41979,408.1836705435559
41980,85.03971400503922
41981,251.72781449880677
41982,115.69086752219128
41983,324.7369366991568
41984,167.24133408842394
41985,490.9506183750058
41986,191.7319962244487
41987,145.4630106633514
41988,202.1791325323488
41989,293.69612290748137
41990,93.11885937745029
41991,921.0885053483385
41992,358.45225381636834
41993,102.18181563606721
41994,383.1901499176426
41995,425.0828386479351
41996,206.09680803729853
41997,348.0806422451088
41998,307.4594135827618
41999,257.05192209279505
42000,111.83997311331949
42001,285.0225776804341
42002,243.3615488655037
42003,271.05268435729965
42004,168.10089070444718
42005,319.0738210439127
42006,241.94998110766656
42007,147.0863313505992
42008,191.94523046873286
42009,217.38760228438687
42010,295.3123390751478
42011,184.72036290067982
42012,193.6871879345656
42013,333.1638583254541
42014,376.50742085784054
42015,169.3036261381026
42016,254.86437854820022
42017,153.89475862060357
42018,321.0238350166701
42019,178.0013077617273
42020,350.89102875358884
42021,263.913550387502
42022,355.2790418698352
42023,229.98605393360745
42024,325.4813583898457
42025,130.49809746248124
42026,313.17220269534306
42027,229.27441203989326
42028,92.87028500145536
42029,217.69656853396552
42030,174.5694079534341
42031,310.3504552850793
42032,158.94922001234107
42033,135.18946328901364
42034,173.6958726199848
42035,107.10892476491479
42036,194.50929957253854
42037,147.75190227819724
42038,394.8709720375835
42039,158.75597649027495
42040,405.69016540637773
42041,456.9519132047173
42042,223.16804740643977
42043,538.6036462326275
42044,233.93266859724173
42045,181.61314289052666
42046,177.39477621026288
42047,227.10965666477293
42048,104.84289645417367
42049,312.473775313846
42050,399.7503359318482
42051,113.09318981015706
42052,265.6776417868264
42053,278.60067523252195
42054,409.6557976888701
42055,313.3878079129303
42056,349.2942444732354
42057,188.58517153249412
42058,128.27612695979792
42059,754.7782245292743
42060,275.23470584838304
42061,168.96556591735242
42062,169.1018340506822
42063,210.2306493445573
42064,191.12059166644542
42065,174.96371996224568
42066,201.77631666582283
42067,113.33178123794265
42068,109.87275310225856
42069,305.2486993705815
42070,130.8333308056664
42071,193.65384926885218
42072,920.8412177726482
42073,474.0998843749128
42074,109.11393159852864
42075,111.9290579179608
42076,231.98709247633428
42077,369.56699318687293
42078,173.18267274887745
42079,137.91987893464886
42080,825.9615975850907
42081,232.4512027579176
42082,1842.6618722403673
42083,117.42135481885823
42084,775.4343740191066
42085,274.8389727651404
42086,224.9372657679352
42087,495.6184814297039
42088,197.74892548553586
42089,367.25169759990524
42090,259.4117385789897
42091,188.90448454595813
42092,625.6274976483946
42093,162.84229589268435
42094,351.2280698941341
42095,26.265844494035253
42096,144.34570374773642
42097,109.77926968972059
42098,289.1618236116693
42099,285.33896093225934
42100,394.56698297860976
42101,542.4419682129753
42102,299.7029660322464
42103,133.43635864399369
42104,335.6418445737783
42105,116.56847680049452
42106,575.9876619193267
42107,187.84888874969857
42108,228.62043331999044
42109,394.2289634749062
42110,184.68284015507535
42111,176.45296337007974
42112,398.67597080351896
42113,128.4730841872212
42114,409.05842370264077
42115,289.79839116198156
42116,129.78672817333322
42117,310.5553652358271
42118,240.0096500096069
42119,151.97405622784055
42120,335.86860483375773
42121,311.5780553400162
42122,497.3215233958505
42123,245.421636436013
42124,390.0246295039934
42125,153.5905149586038
42126,208.26132422283905
42127,161.31411261753271
42128,141.62582960323329
42129,202.43839216177372
42130,149.15038011143005
42131,321.71880472354593
42132,363.93449444921447
42133,198.72534579528872
42134,542.4669979025693
42135,134.53474226949393
42136,227.6402724967769
42137,83.75376029437444
42138,274.66915906051617
42139,154.97433318339682
42140,308.4824686952412
42141,274.15650052948536
42142,67.8152955275788
42143,312.38348703770777
42144,103.38902301602765
42145,122.07160569725524
42146,442.10840339033757
42147,132.34924693981205
42148,128.89934237486779
42149,277.6514014557255
42150,123.50566121333037
42151,200.49700826879868
42152,331.2445292897844
42153,110.38742087210613
42154,208.88134681751663
42155,642.7486169179975
42156,420.1857921455394
42157,110.36032844358705
42158,193.59355665225257
42159,110.08691909668691
42160,251.77205366391564
42161,365.68868940710564
42162,244.91524274392742
42163,922.879925079182
42164,650.0331119792404
42165,124.07972359699849
42166,569.7794018204689
42167,606.577860795238
42168,306.0138669634746
42169,914.6089899834463
42170,274.16601047087397
42171,232.0339218484677
42172,146.88961574959245
42173,157.60355451964384
42174,184.4875457191506
42175,530.8031191990489
42176,552.3498904082944
42177,163.26956204772776
42178,601.3011845159667
42179,155.61235481014793
42180,319.8433798516212
42181,252.78190185054478
42182,283.9761176577432
42183,188.33491872351695
42184,271.43460655764363
42185,420.2118231376455
42186,232.8466579956524
42187,397.17810214808424
42188,271.2220487258261
42189,240.52776670345497
42190,391.48284900981974
42191,236.8952668925511
42192,215.9908384693645
42193,189.203532027767
42194,145.86636215987835
42195,696.9021605840622
42196,245.70139903783064
42197,227.29971732233145
42198,198.49254232800206
42199,208.47982180879325
42200,243.5187006663966
42201,492.58015449010765
42202,105.6388146826162
42203,246.14170220903145
42204,129.93543425840102
42205,115.80549258094742
42206,203.35052649118117
42207,986.4919654679267
42208,263.50374776730365
42209,163.26559872184342
42210,529.8991446496174
42211,169.30246454279825
42212,248.78678568866667
42213,409.7338368522304
42214,352.56845206719646
42215,299.76386475149377
42216,199.08405013032333
42217,185.04876496493569
42218,86.04098496100495
42219,148.662856421888
42220,358.8288245132225
42221,174.76029016189213
42222,149.98094113516655
42223,185.4799043679519
42224,338.5249827322576
42225,145.0370350211922
42226,204.4896873737746
42227,171.63109843442808
42228,248.4412225878415
42229,173.87317587380304
42230,340.541495895129
42231,258.5926082179426
42232,89.92477100469462
42233,78.22944148750786
42234,412.22426956555074
42235,399.4644747292441
42236,209.92581095987876
42237,144.00273519443522
42238,131.2987343039606
42239,268.5658401559544
42240,269.66753564526476
42241,150.3953581681317
42242,220.2329392331099
42243,102.73889715306426
42244,360.4801045872874
42245,190.5914373545935
42246,779.9290433749278
42247,1214.6795348458495
42248,239.1521337760857
42249,175.37184702445336
42250,189.6528732573669
42251,142.4128315415393
42252,193.35716373937643
42253,253.41709773375362
42254,321.727723258177
42255,192.9444115662567
42256,112.84549426926627
42257,240.47521307520884
42258,105.96200453431278
42259,193.29629312667737
42260,128.8215378707143
42261,130.46955044356824
42262,373.9255664109942
42263,106.77519739993674
42264,217.42762856621718
42265,183.42238053140085
42266,143.7626564672912
42267,164.80249735876737
42268,297.1337275883295
42269,101.24816118811765
42270,357.05165764813233
42271,200.2349356406764
42272,422.20650217249715
42273,364.8646411029716
42274,752.5850706528882
42275,238.41330603694348
42276,258.6595231165587
42277,229.18775546312045
42278,343.47589503117644
42279,267.42847666871813
42280,209.92110005118377
42281,171.6628669647471
42282,50.034763496192234
42283,148.2083028852996
42284,633.88137858529
42285,149.83504391627105
42286,329.3823854400123
42287,465.28561764554985
42288,396.53881403015725
42289,426.53902988048753
42290,145.69954407695957
42291,285.5904117652482
42292,392.2749406261186
42293,255.1830022497736
42294,120.89822116338948
42295,200.04930473199212
42296,210.75474297214365
42297,257.7714291136773
42298,239.95784148685402
42299,73.94471942718738
42300,241.47348996955287
42301,294.62484163204147
42302,326.6060101263181
42303,258.0173319020971
42304,197.7173443373275
42305,228.3662141700412
42306,141.04566563230546
42307,264.58221152152623
42308,348.4349151944574
42309,326.3159432574307
42310,125.62393288411457
42311,221.17393587489255
42312,629.0765337095037
42313,491.28511085752854
42314,306.4767175372758
42315,395.32667617575663
42316,218.81685906867705
42317,215.87680514678382
42318,231.30958428623748
42319,650.7614772941661
42320,562.2173612764592
42321,376.24644366655485
42322,527.6692133089848
42323,571.4412992586365
42324,382.2901922005437
42325,227.80498597616176
42326,217.80347680875363
42327,192.7668757053433
42328,379.66214866472393
42329,342.5833775720906
42330,172.83624774286645
42331,92.60613144958484
42332,105.53573512275356
42333,320.98222123596054
42334,116.14421261009718
42335,367.79320337411656
42336,249.33213638360158
42337,96.29905801618062
42338,142.9760381561457
42339,219.49693990534112
42340,103.67714677129759
42341,1604.7849452611256
42342,175.45299017790487
42343,642.8300924721412
42344,98.03006901120919
42345,260.59189563336076
42346,134.57608219443313
42347,202.94650259791462
42348,445.8468495396884
42349,198.50247959453318
42350,147.95748524520246
42351,111.31774189717767
42352,401.26422890563526
42353,231.99794308701658
42354,273.80572255103607
42355,126.17427899567309
42356,253.06510087841394
42357,129.73569320946035
42358,328.39442716739956
42359,303.2127592549397
42360,112.00424889090613
42361,173.12696844550052
42362,387.559117434701
42363,227.32373680514826
42364,246.28072177928513
42365,214.0377471345005
42366,692.7786368597315
42367,338.2635262016744
42368,269.429982606672
42369,395.4654047441221
42370,142.74562829521417
42371,217.88647180862242
42372,510.96889728658385
42373,810.4455204329055
42374,375.7399077938226
42375,320.90192465573176
42376,181.37488637539394
42377,395.536110205966
42378,427.4482915307237
42379,281.2841434427705
42380,345.2031762789327
42381,239.74055228582424
42382,143.60238336558908
42383,152.06866895797617
42384,163.83125381095496
42385,120.84512654423833
42386,273.74841194614186
42387,502.9006669709024
42388,287.7805100731687
42389,210.56007413196642
42390,156.05118835892594
42391,129.69390586730773
42392,147.0254098170645
42393,374.59541476139196
42394,413.6487132398415
42395,427.7228363695687
42396,112.22913589696698
42397,176.9213468296504
42398,160.44283720392562
42399,650.1448974831604
42400,726.4535022240303
42401,704.4194878590461
42402,135.69100226343696
42403,343.7388694675324
42404,499.28868442763587
42405,414.46659911125414
42406,806.0249631872318
42407,177.80425677316438
42408,206.28845567425134
42409,174.44451233670807
42410,150.92294182008294
42411,298.52977420236806
42412,687.1102802303585
42413,221.25249911398845
42414,269.08636129513457
42415,267.9011888736977
42416,1568.8735869965967
42417,231.4053103278849
42418,106.46021681864676
42419,212.3819750191897
42420,237.19515251885207
42421,269.81073727588347
42422,320.76244899080467
42423,231.50202249626759
42424,242.5023104740808
42425,1013.480912216488
42426,273.6653165659966
42427,291.78476080486973
42428,270.80596181128726
42429,747.7244107597948
42430,695.1526564444562
42431,219.7339983397445
42432,196.38640562662152
42433,337.2929320545689
42434,186.23598732701123
42435,233.5341078902097
42436,55.13156743275127
42437,132.58274281797208
42438,748.6221208662554
42439,263.68168747474334
42440,196.36465255826286
42441,143.39065424388843
42442,315.3928291731902
42443,531.7667705729484
42444,143.7866017974533
42445,143.5728965695238
42446,256.2258597338759
42447,118.73979479816494
42448,459.7393945784601
42449,273.6672048099706
42450,345.0948326297059
42451,178.04472084727962
42452,209.1449130412372
42453,721.4253479725305
42454,373.32167771064434
42455,262.33406501488554
42456,248.66779671228394
42457,142.88733494824496
42458,294.1218838881966
42459,78.70774999725721
42460,1395.333854382304
42461,135.9607714536871
42462,152.55195266792163
42463,120.09656742860685
42464,214.91475315192284
42465,182.09775322798524
42466,157.472381731151
42467,124.2557244754531
42468,291.6903403802972
42469,325.66492695333216
42470,228.06897051025373
42471,222.16499789530286
42472,132.04474181792762
42473,268.7694159766488
42474,144.02767404674205
42475,238.35102543405543
42476,409.3304688048728
42477,529.611908685846
42478,179.51112695241042
42479,1093.6017398634513
42480,222.10018874092003
42481,142.39996155502675
42482,243.42277319459902
42483,630.7912814056774
42484,192.4909428361691
42485,422.7107543329763
42486,239.50002390390313
42487,225.2320777510793
42488,144.62829698028008
42489,234.83166767774784
42490,198.77733208220013
42491,165.88340641186653
42492,286.0389903867496
42493,280.99012010933365
42494,227.57142123398958
42495,290.4660248546259
42496,295.0639000633186
42497,240.69136118050346
42498,1019.4817967438548
42499,244.9981509160394
42500,223.48097181824423
42501,338.92705054752133
42502,427.5387332855195
42503,429.3240791894484
42504,269.8957559003785
42505,511.09076735184624
42506,170.67550547129449
42507,286.5338603544319
42508,282.84939106004316
42509,144.56568249493625
42510,167.2509160222829
42511,348.06198029010415
42512,888.1607395711895
42513,640.1371822722356
42514,307.063668762668
42515,350.1799035196196
42516,278.29311046723
42517,941.7321544897376
42518,282.58330176756215
42519,284.6930475952157
42520,236.96260747574811
42521,80.0594826512658
42522,195.90968947598196
42523,61.00696781849396
42524,473.01178471370946
42525,247.15046525041976
42526,431.7923146763953
42527,399.05988204693347
42528,145.17360489274384
42529,224.26795767243826
42530,328.27825751815215
42531,218.8383207015108
42532,292.78198865769195
42533,166.73891948229812
42534,482.8009032848806
42535,105.46510890961927
42536,436.3997527193121
42537,295.5410595121914
42538,125.78157359414475
42539,211.5897002644862
42540,346.85709705372926
42541,367.8679982520919
42542,235.08495071345507
42543,490.5148456894972
42544,219.17536005013469
42545,207.98547174668846
42546,114.09407594967581
42547,306.565646975728
42548,124.50806011136916
42549,313.0674783795985
42550,205.2514565490367
42551,278.6660465763478
42552,216.20896794024284
42553,180.82161240309028
42554,265.6036312003172
42555,192.167772897605
42556,216.89050228711946
42557,181.38744433531855
42558,321.2516612735184
42559,297.0639971950749
42560,184.31903171513446
42561,563.6859476428701
42562,253.52306711103319
42563,215.76399549345336
42564,194.0891509978511
42565,767.818129692614
42566,137.3923960933214
42567,346.31171514199707
42568,114.4700359626707
42569,412.63456538175797
42570,221.8404705925638
42571,313.61349042030963
42572,237.79554200276186
42573,63.12110453235394
42574,289.6513205130869
42575,184.1670538411135
42576,198.3276990858358
42577,111.46453521480338
42578,265.30852151168887
42579,528.0590307143424
42580,209.06704404935923
42581,298.91241574121796
42582,172.1910720148557
42583,182.40931658947653
42584,865.6098858174005
42585,170.2430284955315
42586,455.7855518774231
42587,302.0421778573815
42588,42.48664515947662
42589,262.28982437911884
42590,121.34426938383707
42591,211.35692355124547
42592,143.14101777799266
42593,226.45705217856468
42594,222.1417872043621
42595,120.30785874523906
42596,655.3502295887404
42597,379.86199526308275
42598,235.98737941578827
42599,249.509288351277
42600,143.78081546697322
42601,252.36957111652265
42602,197.62545091525865
42603,230.2624023289983
42604,399.7355506167477
42605,228.01714803247256
42606,471.5811035007401
42607,194.35994262562423
42608,121.02813156725892
42609,226.79819120072287
42610,203.10719201498625
42611,981.1200870033742
42612,248.28535003557988
42613,341.1314784093553
42614,249.43821031756642
42615,207.01427955643555
42616,235.24024563952935
42617,458.0575195586344
42618,390.29434499906665
42619,396.84681940053065
42620,266.28399149356875
42621,160.40751214448716
42622,136.29855015607976
42623,236.75333793113094
42624,566.269177435942
42625,612.6857284719184
42626,336.665141541879
42627,153.1672372111744
42628,307.348362226872
42629,183.97487161778565
42630,231.8663605244051
42631,357.47282910652734
42632,248.63142159479818
42633,128.22234038918523
42634,175.81209704470098
42635,687.612082748476
42636,140.21556794562156
42637,151.88170909657686
42638,200.11503938863328
42639,237.98295473921772
42640,229.40456665325488
42641,155.06663563134725
42642,155.06027842252863
42643,134.7245783978233
42644,175.68844770160365
42645,575.8072785932794
42646,410.8635663004623
42647,267.7404131911995
42648,336.1325652672306
42649,658.4181682375548
42650,153.24008044062245
42651,293.5120763210742
42652,122.40235031287612
42653,186.63285152761853
42654,180.8006726669115
42655,149.46058653964766
42656,143.7122587916539
42657,114.83555986344582
42658,396.3628622094332
42659,144.2651215741063
42660,1071.271402193094
42661,233.56432876506352
42662,312.86882313480294
42663,228.0604647550352
42664,165.5256259397488
42665,171.20073349023627
42666,718.8070111689813
42667,278.6990348583163
42668,208.48647649036812
42669,204.10455765469752
42670,185.5873868965764
42671,99.30852387227431
42672,352.21717355737223
42673,622.5069449652233
42674,135.0943576108038
42675,142.9343138348054
42676,406.41255341221466
42677,430.2715044183473
42678,176.17038304261885
42679,363.0693005797396
42680,646.8439311871036
42681,165.96194143095707
42682,123.88942123265778
42683,113.33884328172215
42684,263.12491971523644
42685,227.0723222135363
42686,224.73945837706734
42687,242.47746956468296
42688,82.73699739752657
42689,712.912430171635
42690,109.72328936597276
42691,191.015026963762
42692,660.1083928259458
42693,235.25701040562797
42694,789.3804407281095
42695,479.74270202100354
42696,498.9390577960682
42697,224.34327329182608
42698,182.50959753881935
42699,166.8270906961609
42700,217.9631475206234
42701,233.73265691092087
42702,313.3878079129303
42703,251.58944124967982
42704,194.56953912418842
42705,70.9985611217205
42706,238.856735030371
42707,506.4320999090917
42708,550.769107460892
42709,81.36499101430148
42710,215.28686875278166
42711,345.11552404027236
42712,238.3299530400475
42713,141.80489079391344
42714,109.13539886702665
42715,171.83863959716
42716,296.95817136655404
42717,187.25342922940564
42718,361.86868091021466
42719,341.8178593656408
42720,250.2906956729136
42721,262.8566062059825
42722,79.04545309319712
42723,292.6663968882688
42724,180.17334058230537
42725,441.50658149399106
42726,232.64170349354677
42727,446.4950900976247
42728,112.42247711099468
42729,269.6528757899583
42730,1726.34937416942
42731,251.0280046279142
42732,384.08368333678146
42733,131.44134850794782
42734,128.195158410343
42735,183.691147695192
42736,360.83998272121374
42737,122.25433449343441
42738,206.92156048778835
42739,352.8948479191233
42740,472.38437535326
42741,410.430490838323
42742,282.1968413315293
42743,288.17332108920124
42744,341.5687609106881
42745,568.7667587998543
42746,228.93217460752857
42747,183.75550333975195
42748,301.1997532724087
42749,219.5556782325229
42750,274.94340630787605
42751,115.2488095831606
42752,184.71387117509008
42753,450.555676387861
42754,494.5887930306281
42755,219.90552426262235
42756,297.64535413660354
42757,274.347056505828
42758,206.6617312094434
42759,120.01184596945713
42760,863.3573069382917
42761,404.90311727401604
42762,224.9654901858139
42763,368.09758528928535
42764,445.46868728666846
42765,133.09263191664985
42766,266.76009773031655
42767,144.78091640820963
42768,559.0771822809445
42769,397.54685483239234
42770,218.57118543455508
42771,247.22134445481746
42772,86.89558414245506
42773,307.3665361790006
42774,494.32206130528846
42775,593.4905610751333
42776,333.5146093583577
42777,332.7351835803288
42778,166.05401665089835
42779,475.93043529615124
42780,266.3363319820638
42781,215.96939384804253
42782,453.98326278383945
42783,198.74385682175847
42784,254.46821254578674
42785,147.61613771095244
42786,128.75129131608568
42787,198.28713457614774
42788,337.3955529279441
42789,190.8908897536867
42790,281.08393472354004
42791,205.9929046472107
42792,532.1508268607573
42793,606.196734356314
42794,140.84078729777698
42795,447.13711435558065
42796,250.8795316952405
42797,322.86983411897717
42798,222.058653982638
42799,326.06776516121346
42800,111.66077213598093
42801,310.04815891705164
42802,229.98598460370215
42803,602.5512146049207
42804,336.72611940330927
42805,287.5991757137019
42806,300.2278189546962
42807,235.1425463285086
42808,198.38300593626448
42809,262.835571557663
42810,307.32309348771724
42811,241.4359936761482
42812,291.7651960951718
42813,122.42739617237285
42814,172.2475087025358
42815,1237.580936796508
42816,127.49805409851412
42817,857.261189053456
42818,161.84046946659873
42819,241.57651161118042
42820,146.55641311842993
42821,145.76235405870696
42822,345.15237330685596
42823,153.09119444416274
42824,132.4999833491257
42825,152.89590256511133
42826,779.2475736687642
42827,196.86262356777084
42828,442.8664027759932
42829,98.92857536414935
42830,103.26411164233095
42831,258.69834767318594
42832,405.7967261644646
42833,969.2090652792755
42834,202.77856635332708
42835,213.202916863557
42836,512.3349979989536
42837,108.00793983311102
42838,354.0571959496958
42839,140.1905554917474
42840,198.7796509767287
42841,265.74405290097934
42842,187.58848914236256
42843,296.05982135036464
42844,296.7660303426489
42845,233.2056666298315
42846,227.91487532267212
42847,626.8032443597815
42848,120.4772964479627
42849,376.49713902626166
42850,813.3232908517642
42851,191.45237703289357
42852,396.6225390602933
42853,219.08334334043892
42854,155.38066840191763
42855,193.16752984247017
42856,375.76460152637463
42857,256.39096903665063
42858,181.10088167587605
42859,230.82509314473396
42860,274.59388078671503
42861,195.01704325918377
42862,184.57592498920434
42863,389.1062945732298
42864,205.88851757266457
42865,606.5586964312014
42866,173.88605847517098
42867,142.01494850208903
42868,348.57700722036185
42869,232.48164959340355
42870,306.6164205373564
42871,246.2917991294821
42872,398.9537699860618
42873,128.85096008964967
42874,127.75811621970131
42875,284.8470632849971
42876,192.53182263063627
42877,468.5122462486485
42878,123.68379087813435
42879,214.02529599180073
42880,215.31718310368322
42881,347.2340314825487
42882,250.60076083701975
42883,284.293096935935
42884,231.22488951608298
42885,608.1569462510429
42886,1070.2718374532742
42887,149.51590401220514
42888,70.97926810524518
42889,267.4836952088596
42890,304.7003710922954
42891,156.02418334222534
42892,466.5014128677445
42893,204.4844857087219
42894,186.6049521389618
42895,95.68215591255536
42896,141.63346357404185
42897,173.6716559643414
42898,171.93867545977483
42899,263.55929830520705
42900,146.25681402340632
42901,117.1259015617455
42902,185.71059523057303
42903,659.2045661544514
42904,297.4551480094334
42905,186.3788091416507
42906,157.79020438468046
42907,585.2858135400871
42908,236.0256280223052
42909,299.48809194290914
42910,413.52316439904257
42911,120.88030247884959
42912,231.40790224449813
42913,238.49671789072153
42914,240.92134207022704
42915,623.5956980677554
42916,369.44350444137154
42917,129.32736103685818
42918,306.90253812933145
42919,180.58392480291346
42920,213.8537751512875
42921,178.87094801700675
42922,258.27169979049563
42923,180.52554216442067
42924,269.3324186389616
42925,215.21487005052714
42926,415.7174913285367
42927,123.69454740550059
42928,253.2373269803379
42929,252.5949053648164
42930,121.58011519624486
42931,358.7158904249954
42932,661.3032030667248
42933,447.0013405895358
42934,419.2536966730955
42935,543.7930207916959
42936,382.67626339439687
42937,80.7441993162499
42938,382.8600255848149
42939,85.92113545144312
42940,763.5412208767956
42941,112.57158979507236
42942,421.49101346899096
42943,258.17285316525295
42944,707.2321393142034
42945,340.33469186763244
42946,408.7908483778163
42947,133.9675577783773
42948,264.44970834178343
42949,151.57261992626326
42950,497.39848118186046
42951,120.91451850705761
42952,301.4755112709646
42953,369.6700624094628
42954,232.07431837199158
42955,220.5325929469739
42956,337.44501582711416
42957,359.77620398176055
42958,319.80792108635706
42959,173.68634130676296
42960,171.27366222414494
42961,239.80564042381158
42962,308.829214982967
42963,455.37966358754636
42964,510.8171431440465
42965,259.61113048683575
42966,76.23916381538601
42967,205.83403273050706
42968,304.21048917517953
42969,98.44273218606801
42970,130.92413044266468
42971,241.1421753092732
42972,163.04318107595682
42973,277.8316546660617
42974,451.8528264738597
42975,395.52941415035576
42976,180.7906138946073
42977,259.57696405129053
42978,268.82175830801754
42979,230.26054586070603
42980,361.1671951390226
42981,263.5352783136204
42982,122.1108741516041
42983,256.12193068884795
42984,203.8904260781032
42985,293.13488146201104
42986,275.2534864689119
42987,275.0821368683236
42988,472.978889081058
42989,263.3475698186767
42990,107.50650483676884
42991,677.1859550027613
42992,486.0353201307689
42993,178.62580824740613
42994,635.2142772172082
42995,215.88732559968355
42996,201.85828651835976
42997,126.64868110983252
42998,176.497941428616
42999,383.5019377115724
43000,425.30245226669956
43001,395.50231267188855
43002,692.3416811704252
43003,1137.9822338096797
43004,226.97605625727107
43005,150.8926747005065
43006,341.9516064613354
43007,264.8937173284439
43008,189.20760383721145
43009,102.66555748702773
43010,223.56265304473644
43011,270.6180217967856
43012,237.54807969694215
43013,139.7619588667796
43014,196.64883726715934
43015,423.3277037042429
43016,767.3011776368754
43017,542.6841419469534
43018,569.6457521992583
43019,296.9660686706467
43020,685.0967281577686
43021,154.76778059294736
43022,166.70237769467383
43023,451.6397182049229
43024,192.68145242739527
43025,266.595795616522
43026,697.1701142924301
43027,501.2621560023811
43028,236.0256280223052
43029,368.5252001280278
43030,287.0471236540998
43031,260.7549949980551
43032,325.3049523613051
43033,141.17041559977764
43034,222.64098114353038
43035,161.72740732650982
43036,732.0554988989645
43037,251.36544975010437
43038,214.57660793274826
43039,429.1193661045136
43040,131.70083840699837
43041,188.05438682331317
43042,255.907149248261
43043,440.9607080472449
43044,468.22856990968796
43045,200.42524767849585
43046,268.9520627742091
43047,242.70249892177483
43048,435.19854325288395
43049,121.13427054061509
43050,195.2170556561303
43051,364.15353867322983
43052,304.2075214382331
43053,88.30347355582599
43054,381.1747886678416
43055,163.07288130954797
43056,154.24811358754178
43057,143.32520663920084
43058,118.71016465207148
43059,210.07049776649387
43060,431.6354427737843
43061,339.7009428481265
43062,252.70311296665759
43063,685.8329621052794
43064,360.59525114183486
43065,822.472763010258
43066,188.26905481321876
43067,292.9154599101194
43068,263.62344837073783
43069,282.6195390689533
43070,154.41034969792858
43071,327.4112200216805
43072,173.8098377236942
43073,248.73824777726216
43074,272.9194123750418
43075,516.2855490906715
43076,1154.4669787583694
43077,161.27642816415346
43078,464.01099450699803
43079,261.9325816163902
43080,112.80265960088593
43081,245.9617381285782
43082,466.3564121658589
43083,269.68252165609437
43084,167.49571517362824
43085,222.18945277784198
43086,445.8358812929192
43087,72.092874492907
43088,213.20907222219262
43089,265.4038544357426
43090,96.80916627345766
43091,134.27077703649022
43092,758.9958093660987
43093,423.8528663911303
43094,101.5036013491365
43095,830.7919545493643
43096,187.8818817038604
43097,199.74197402951248
43098,233.3987929311216
43099,114.2383828128267
43100,216.37080441647902
43101,163.18609578102237
43102,275.5018416074891
43103,226.63019745275267
43104,200.20795811308528
43105,281.4937440632661
43106,264.28819429741014
43107,235.06285344846648
43108,98.9730551897559
43109,443.5118665142901
43110,289.3871200880583
43111,314.75337688790484
43112,414.1118357558881
43113,353.46991518369816
43114,94.67030627439757
43115,275.1024814128224
43116,202.70077451104996
43117,93.30849144503526
43118,247.4728557555157
43119,769.5820224495161
43120,186.25991775310317
43121,678.9301636680659
43122,267.82524474743764
43123,181.00271172354206
43124,483.72050281392393
43125,310.9458878857335
43126,459.1158797599623
43127,311.5965816722209
43128,149.445465036869
43129,355.75805723996035
43130,425.7853617059201
43131,442.02594061963254
43132,102.89997564653716
43133,169.63694031264964
43134,104.51150585562182
43135,217.3493240115994
43136,677.5065585642282
43137,230.8821427117818
43138,141.04314086230625
43139,228.00575831510304
43140,263.78682593988594
43141,227.09408272214145
43142,245.748281285976
43143,105.34177817884553
43144,611.2968442468134
43145,325.9885428619023
43146,305.09535085673855
43147,278.1359052223638
43148,355.63267376173025
43149,177.61000837740207
43150,227.09556844529249
43151,189.54230543802308
43152,158.44783752458008
43153,207.85506169184552
43154,167.5017381419435
43155,798.940262029637
43156,182.75667908925925
43157,114.32874124114964
43158,123.02970788931756
43159,204.24424686620333
43160,117.55507512744748
43161,143.45122550102073
43162,357.16347978335335
43163,465.68901859252594
43164,247.56210259379185
43165,208.95838494470456
43166,274.027130302843
43167,256.0418121767852
43168,156.64152646013585
43169,240.87840538934674
43170,167.60496036784488
43171,190.0532604300882
43172,504.85185613587936
43173,135.10721990389894
43174,146.24499150904916
43175,106.52716861729033
43176,677.0903490318548
43177,155.60460814537964
43178,119.24764124148066
43179,422.72127329266505
43180,199.09079881027088
43181,206.64875565566044
43182,176.95183727523028
43183,213.41743385440137
43184,290.61007181280104
43185,274.80616898865
43186,230.8188950520553
43187,104.4288355899113
43188,316.08609350826464
43189,329.2076578688341
43190,339.45190196047866
43191,441.1032820897276
43192,198.83098750963413
43193,183.76169360700115
43194,304.2368652858547
43195,166.7847166464979
43196,245.35050139129982
43197,304.30449306323015
43198,202.47686645622744
43199,253.0317656065936
43200,217.57509218351152
43201,903.2649461525758
43202,188.18313982998464
43203,254.25471835806894
43204,567.146712609074
43205,108.55970869401635
43206,283.587454069024
43207,86.30285875074571
43208,931.641496786343
43209,253.94948293425074
43210,203.1862166322199
43211,150.2836022259166
43212,190.81941279093425
43213,187.71404839003586
43214,85.0991286604975
43215,188.56286128329234
43216,474.2429103164312
43217,686.8970459860743
43218,122.75703474928001
43219,215.86354811596695
43220,523.9562906325419
43221,403.57304584437924
43222,140.55056571329098
43223,121.09877830603497
43224,136.09669923568265
43225,134.35244192223817
43226,263.5448108685051
43227,198.72885317398186
43228,177.7869295111782
43229,196.71814381056575
43230,216.2266466687215
43231,133.1751278595473
43232,490.09413773254545
43233,244.09221795591108
43234,592.8850138039988
43235,170.04179469437526
43236,298.24298940775776
43237,330.50318334421775
43238,206.19683236900283
43239,150.923474078044
43240,738.5900742182363
43241,604.5755948227396
43242,233.3886440101143
43243,258.8291111435461
43244,172.16540604076854
43245,324.31635975383324
43246,322.5082245376647
43247,205.32210560387554
43248,615.2947344340031
43249,584.6531806419596
43250,175.99016556474768
43251,323.4465860006252
43252,427.2126224158765
43253,230.18535020444162
43254,542.2927403931218
43255,327.09295650307956
43256,208.633979788509
43257,169.62536322195126
43258,340.56442744835056
43259,265.21067587634093
43260,131.53614532320623
43261,188.3949480307082
43262,179.44487830206288
43263,327.66542237784404
43264,464.4974503230211
43265,229.38480571252862
43266,100.49002172660428
43267,122.96507890736675
43268,404.5523571328236
43269,300.0953042209221
43270,197.3401677283713
43271,422.1695984739844
43272,612.3723766331103
43273,345.4609123355865
43274,118.0548248974712
43275,622.1011346780924
43276,112.74943025647937
43277,209.59117472183064
43278,163.59464131544573
43279,239.7114295274128
43280,233.55870772034643
43281,424.12275452958596
43282,220.88722293236316
43283,323.03193075875055
43284,88.96648669856701
43285,166.87253138665517
43286,116.06314394866202
43287,216.28387711809572
43288,57.73553657693039
43289,134.7848138929192
43290,246.58156425635607
43291,434.7464396548776
43292,1255.7389707112577
43293,153.8006086421299
43294,256.87774098687777
43295,255.46528199286615
43296,248.96842662119354
43297,551.9094960448508
43298,444.97204048820214
43299,598.0416359278122
43300,247.55190732401013
43301,461.1760021246003
43302,272.0508722159103
43303,200.49484552706843
43304,410.34067098904563
43305,237.63073340222942
43306,232.29460827061396
43307,417.6224315235017
43308,213.54467545745453
43309,125.20270419397727
43310,252.7769562728017
43311,307.07375705567915
43312,192.07900546141366
43313,687.6036338332884
43314,402.80171469976096
43315,433.15325862433264
43316,265.06575939182335
43317,218.78180573269736
43318,160.6814672961283
43319,168.77674295032728
43320,69.17529146041468
43321,214.9130346271874
43322,719.8121119075604
43323,286.9249869067051
43324,256.29033540693473
43325,114.98100667644145
43326,126.8031020800414
43327,277.2201848245574
43328,345.83165941172786
43329,156.89242334810305
43330,565.4402259090992
43331,202.01956464038352
43332,175.93434008543582
43333,117.11703177977755
43334,206.2050266499965
43335,44.761775771485645
43336,201.69629670978188
43337,175.2038937003342
43338,422.54087680982076
43339,170.84699385420242
43340,265.98886578941307
43341,236.84113435202872
43342,105.26000405710434
43343,135.3184145935264
43344,963.9160225676095
43345,239.9542131181615
43346,231.62860914986487
43347,433.6715720437149
43348,108.40732843142354
43349,142.70701116110288
43350,157.51372626534453
43351,205.26598495582576
43352,194.0085491476546
43353,200.1104627085308
43354,268.264086059892
43355,223.3724035772505
43356,271.8879439766718
43357,181.74792846196837
43358,286.2073661460125
43359,308.0585276676687
43360,47.849227089228016
43361,232.1606833277921
43362,98.00595078604555
43363,305.4584871064765
43364,130.76701825891254
43365,204.8247482594894
43366,297.7974510917448
43367,101.62770570146458
43368,183.50033965995553
43369,119.0518869640394
43370,922.1955317497955
43371,270.4884907150654
43372,307.113068947816
43373,286.82106340501105
43374,223.86431780908296
43375,163.22978098857874
43376,106.97559084046803
43377,205.8246466283126
43378,98.83751325975533
43379,277.89424202844526
43380,387.29662770010333
43381,465.53922263358993
43382,361.9599802523666
43383,495.3282255990794
43384,435.930642311031
43385,314.5458453327289
43386,410.6089258807832
43387,295.6757460996792
43388,271.4054135403183
43389,243.6403124877474
43390,319.59065058604546
43391,222.93345348776435
43392,695.0033935038398
43393,210.19570489960248
43394,240.86797141171243
43395,278.2322855350865
43396,184.65095882193302
43397,286.2610558335324
43398,209.87953881092497
43399,165.62871183743448
43400,388.92661369408484
43401,101.06538498475042
43402,266.2461035474902
43403,375.3419896091833
43404,699.8680281720533
43405,137.17279241006028
43406,229.5482616208147
43407,157.31218555531638
43408,158.2935055382922
43409,661.8076136503103
43410,298.18996633688164
43411,656.7399070673946
43412,336.4540800819633
43413,174.35326307721868
43414,94.21298494987319
43415,424.8441241917879
43416,497.0395012884972
43417,280.87586971965794
43418,139.04339918534265
43419,215.43636209408322
43420,270.05525234151094
43421,136.85188118528694
43422,300.0334398347488
43423,176.56121344913322
43424,629.2897679537879
43425,150.09294139073006
43426,770.0817092257691
43427,166.53490319227993
43428,234.27892054949808
43429,263.6700393049345
43430,331.25749574166446
43431,186.83057406043855
43432,460.0295709434939
43433,319.2901872372465
43434,125.06317951651891
43435,146.80197619810448
43436,267.3172622535591
43437,357.839425256649
43438,311.4279459262228
43439,173.36221999363747
43440,148.4629877635601
43441,626.7403306793495
43442,272.2334633016077
43443,192.83367398631702
43444,228.65665692779734
43445,377.96183482148314
43446,193.4666206022837
43447,149.28866137140275
43448,154.47018498940264
43449,186.885017372267
43450,237.59302803244873
43451,251.99140835865245
43452,95.11941027442091
43453,241.91476529056868
43454,271.0553781200841
43455,328.75531509016605
43456,138.98959156385143
43457,218.25763981425035
43458,319.3392798499651
43459,22.0731731811659
43460,600.9442553021839
43461,147.53829347458984
43462,136.10810530891382
43463,165.0549513347125
43464,832.0429664095377
43465,176.12171120716152
43466,251.0064969352149
43467,346.6868329268117
43468,145.43384711766018
43469,512.5027030873325
43470,131.49742839014291
43471,211.8816934058855
43472,426.43969873633705
43473,841.9799588494066
43474,798.7270277853528
43475,138.9504813017922
43476,220.8987887059431
43477,237.21186083458912
43478,212.2164182595237
43479,183.84183379971992
43480,188.78719126803097
43481,236.77690925936852
43482,189.39872680103022
43483,134.88629771428583
43484,106.36702345218829
43485,107.61450165807857
43486,380.8664969763253
43487,143.80381898735618
43488,226.74796975774115
43489,519.7768132732525
43490,268.3411059057691
43491,142.82256181804874
43492,145.21457776379043
43493,116.00818699589551
43494,224.5544145776649
43495,185.16206479708393
43496,287.59235639879347
43497,220.27964255389364
43498,337.2778184962831
43499,599.2313207866677
43500,239.01178601625244
43501,238.56641295616447
43502,424.042610641942
43503,80.00322621188784
43504,127.46312674069924
43505,396.30232192720473
43506,362.75871282636837
43507,516.1008300171649
43508,135.07991284113604
43509,159.79870918636388
43510,526.1871239423343
43511,96.25312957093722
43512,208.7704522890573
43513,204.46475551703162
43514,260.0053681797528
43515,555.6979319140095
43516,301.93169370205385
43517,227.3443859272637
43518,423.50509063801
43519,210.26949540908927
43520,234.7452495813166
43521,615.8675223249386
43522,443.6203109104764
43523,181.03395522345647
43524,51.979483337207526
43525,176.987482870444
43526,413.0994887715762
43527,698.7854556904392
43528,868.9011773495539
43529,208.44739995276203
43530,410.3302713444427
43531,385.318069350418
43532,156.41243491509914
43533,178.91760514201084
43534,372.05968876945036
43535,1124.8707633566962
43536,193.50903002351671
43537,240.64045000368273
43538,591.0211673443476
43539,170.6971618355692
43540,322.4600253814452
43541,227.51951359298894
43542,395.89493805113085
43543,109.10371273550359
43544,331.3196808483712
43545,495.76281421715606
43546,121.29490596760517
43547,246.72390186357103
43548,471.537264379093
43549,371.98947612081236
43550,160.29303046265326
43551,369.99486549069593
43552,326.90677105628754
43553,298.11629401875484
43554,197.20899814070341
43555,211.5096760387149
43556,1119.4045279325394
43557,419.34417497375256
43558,217.5858364621067
43559,192.6447166914671
43560,162.28509790745093
43561,346.7700188468762
43562,332.367166540911
43563,208.8520003911432
43564,534.1445805586724
43565,227.53865998872723
43566,313.31096598426734
43567,400.2732040247169
43568,203.61619364478983
43569,248.36003421718286
43570,393.2174549088734
43571,247.5519214376568
43572,272.33215920190196
43573,492.7481945614726
43574,262.82864072794973
43575,224.45843044573385
43576,126.30587606572865
43577,552.5766903470902
43578,259.7935029299644
43579,190.69079653899846
43580,211.5555158648175
43581,168.45563633484312
43582,165.89149564156816
43583,399.0966784947007
43584,95.4494025210597
43585,93.38411072343337
43586,143.64380502695906
43587,249.09010490423674
43588,382.1089405981959
43589,262.33507365016686
43590,573.2297429044264
43591,553.9505267956653
43592,151.6238582236538
43593,110.80517051671352
43594,107.5193081115579
43595,419.5943620995409
43596,347.0029189087049
43597,239.20348061550956
43598,272.6172385189244
43599,412.7628309670124
43600,145.3857839370623
43601,124.51074750003762
43602,1177.120702762305
43603,112.6207170364297
43604,180.13996702955444
43605,133.7360065373368
43606,198.79027464693104
43607,437.08536953878195
43608,122.73270347859277
43609,111.05750432849102
43610,114.38891567484592
43611,100.87302048352572
43612,279.56206111662505
43613,197.87362570337862
43614,566.0733098408014
43615,246.7564622918515
43616,562.9138813327147
43617,299.4443159862851
43618,217.6665684938181
43619,162.31145538251224
43620,140.1850418125159
43621,257.67032783345195
43622,294.9034212782005
43623,468.1327403437718
43624,485.32750255187256
43625,731.2350443300711
43626,141.76062006228975
43627,177.87163254150863
43628,156.24406795734626
43629,113.11280311517035
43630,281.8269960414776
43631,290.14898088314425
43632,166.86776982859402
43633,564.7788849358521
43634,264.58693893336306
43635,226.4469374469518
43636,142.4583731740973
43637,478.98573649723176
43638,181.51052384513986
43639,271.85358932388226
43640,230.0359437960079
43641,122.37558238532854
43642,374.52637082663006
43643,178.27687633301488
43644,251.55298884037086
43645,204.11130080257158
43646,140.84078729777698
43647,350.31026543473394
43648,366.3217384774316
43649,166.8789142915009
43650,301.3926796581907
43651,146.89671899731462
43652,588.2865246466487
43653,442.02023768521724
43654,285.09062359342556
43655,336.58303186034067
43656,229.4861777735847
43657,203.6976662624781
43658,544.0916802298066
43659,111.64938130241241
43660,163.47498481650314
43661,229.5760220610914
43662,136.414487371344
43663,280.5240742330827
43664,137.6041016628667
43665,239.38260521131704
43666,237.4213422343964
43667,411.2290902012374
43668,257.8818920950354
43669,145.2608154480138
43670,462.83625312124076
43671,484.78437981924964
43672,274.92255681809854
43673,225.6412988832193
43674,1118.3843079256433
43675,310.66572151587707
43676,116.68070218125017
43677,1220.374988309678
43678,167.30464894540893
43679,244.52110791683697
43680,468.67725932389595
43681,142.4128315415393
43682,112.14668664426229
43683,246.65938973283906
43684,159.22609402840567
43685,192.73049344704674
43686,238.84226519525558
43687,152.1681384312553
43688,962.5678494966813
43689,304.7757425268151
43690,344.0403865104157
43691,385.60820092606775
43692,422.3301583644765
43693,138.66736721860744
43694,96.64070701762282
43695,264.46058981736394
43696,534.5706935574507
43697,213.22969381180366
43698,187.07682782231788
43699,390.7752882260688
43700,233.47331163583956
43701,187.64224888700465
43702,118.64653314099833
43703,421.6530805273142
43704,604.5988499918017
43705,283.91133914247973
43706,407.6506494691263
43707,311.6827766723335
43708,214.3799951033566
43709,292.0046276920145
43710,438.72632151551187
43711,265.1171101966662
43712,346.9543284016047
43713,156.1639850128932
43714,192.4733832796158
43715,112.51901470046118
43716,184.96164740563677
43717,243.13184995674814
43718,170.63877565534295
43719,130.46242063207617
43720,355.5139747856979
43721,166.3696577611948
43722,294.26993559452563
43723,311.32669873935293
43724,516.7029931055522
43725,162.0960591858076
43726,281.299630068759
43727,351.93700985602305
43728,289.2381662724288
43729,222.60831947207555
43730,576.6662371603669
43731,332.85434867284977
43732,175.58508126873753
43733,582.4206946752262
43734,220.54100477519913
43735,252.97706200310967
43736,233.84791877526234
43737,303.87246801154083
43738,256.1178412201984
43739,152.68266832082713
43740,173.91480101313175
43741,162.20599336737385
43742,730.9219899361584
43743,583.1806522427358
43744,249.1013472525456
43745,134.09838713369876
43746,306.078709575514
43747,186.6012450404088
43748,306.0515844042845
43749,180.04634560771783
43750,213.40147306154574
43751,157.4624446609553
43752,260.81572803423444
43753,701.0820017646596
43754,92.1677092263349
43755,286.09317983797723
43756,161.41578107042034
43757,350.39984110815203
43758,492.9558872767247
43759,224.5054556141252
43760,94.20183195949545
43761,167.59908599186633
43762,109.89915608523356
43763,661.4472714693243
43764,450.3091492217062
43765,367.17559128508236
43766,136.43956336985354
43767,175.79060553879225
43768,299.1316653144906
43769,147.3525991924825
43770,392.1275161099034
43771,526.1454755490759
43772,236.73324385567793
43773,152.04927320013567
43774,334.33834860753416
43775,303.52248797209825
43776,318.33158972039104
43777,163.426824302476
43778,744.5881754422618
43779,446.32874571174995
43780,437.33094661199146
43781,192.67808951263675
43782,140.26651537423933
43783,228.14568330464652
43784,181.03341761572432
43785,438.48688264612497
43786,189.58035492368066
43787,129.04517888120418
43788,286.39194926747757
43789,280.8439272215211
43790,117.992817006505
43791,93.27221063633564
43792,213.03497270710994
43793,382.29914268258887
43794,177.9460244117105
43795,595.5072945748307
43796,173.48396742302754
43797,453.6042099090966
43798,634.1117697291825
43799,240.74445287176837
43800,905.7749905930029
43801,256.827953526935
43802,574.0621792789674
43803,592.6376399333311
43804,266.50506007928794
43805,280.10218156763375
43806,183.21132834912717
43807,117.76557074336785
43808,187.4659016954132
43809,815.0218189909531
43810,219.1886170094928
43811,153.82253347521848
43812,945.8980674790373
43813,285.6320785714952
43814,197.38782078604206
43815,356.7580262542208
43816,429.95066754807027
43817,201.81319795905932
43818,197.08875320124517
43819,173.68961705603806
43820,234.3877124433156
43821,193.4400089328303
43822,537.8073731847984
43823,404.08061205891954
43824,370.14937507825886
43825,232.3484266936974
43826,205.03798250377358
43827,1222.5587146742141
43828,41.878312439927086
43829,204.72141493917397
43830,182.93038725089983
43831,758.9443587989491
43832,303.0068971025673
43833,169.9312727136085
43834,148.09720704492346
43835,145.60836115159879
43836,536.0372408055878
43837,110.74002693054872
43838,189.591957397577
43839,221.96528166416502
43840,637.6514406110672
43841,282.4614328698567
43842,197.957031966026
43843,1574.4217288063612
43844,174.02307196797835
43845,233.61011425783477
43846,334.9310833580048
43847,335.33182999646385
43848,330.5089445077245
43849,240.3749823373281
43850,250.81644059547162
43851,175.7969997815597
43852,228.12844250268594
43853,371.75665710191333
43854,330.44298449079963
43855,618.4570548887401
43856,151.9471009042762
43857,440.2685887541266
43858,173.66315968984338
43859,493.9791950814688
43860,138.1691253683625
43861,315.21505432204356
43862,419.54718821198526
43863,964.9243870928753
43864,269.5292573262974
43865,290.2741224419902
43866,186.2781885744353
43867,207.23662283504237
43868,577.0018936713883
43869,154.7071214025521
43870,326.33838511587163
43871,222.18125301051114
43872,198.93932146659296
43873,214.64537021404362
43874,215.98448822854124
43875,130.12125392144327
43876,431.90314641982894
43877,784.8672268230687
43878,320.0372789720767
43879,157.39773550532828
43880,393.3393669017335
43881,411.25518086877736
43882,180.27986026353878
43883,349.2942444732354
43884,166.9354150115951
43885,254.4682079749559
43886,418.4453143589751
43887,257.99922953037543
43888,214.68907492135074
43889,250.39238041120487
43890,221.35858353078154
43891,235.3241029778317
43892,158.86640809914593
43893,193.93202886444328
43894,317.3354339989044
43895,99.23392945533313
43896,193.6997738932389
43897,219.07211310990218
43898,324.25730741712954
43899,182.85621202714682
43900,187.86192636201852
43901,249.81587041064202
43902,176.20170627509614
43903,335.0031539285599
43904,496.4567107329625
43905,235.9746603076042
43906,187.2391670732758
43907,204.0082133165462
43908,189.29784021196053
43909,172.69082701749082
43910,215.88537492589802
43911,141.45591254090013
43912,139.02077994338046
43913,125.53355690579629
43914,275.26327031365673
43915,437.1177123677073
43916,211.7711294072827
43917,265.3299932810708
43918,235.036044649946
43919,456.1703704619377
43920,237.0245805343397
43921,92.83292205113978
43922,218.5805207167707
43923,241.9442469116156
43924,245.18615323606582
43925,124.30345725547473
43926,387.3918323302703
43927,204.65535064790842
43928,313.0771036573656
43929,154.37317050119609
43930,209.92091001555573
43931,85.50092241250528
43932,323.45170716097897
43933,91.04298436574946
43934,163.7789409887036
43935,236.962947385407
43936,848.7677401792496
43937,364.17929330978365
43938,171.13687519277013
43939,331.5501224292851
43940,215.31131689576804
43941,291.1851191602663
43942,122.05587099745594
43943,483.4633269995737
43944,181.88454852375088
43945,156.28495063861308
43946,228.0220193990613
43947,233.84909213308518
43948,219.7920487654439
43949,1062.9510797399819
43950,110.63663426792847
43951,183.75784856674758
43952,432.1068186108191
43953,234.53100949498776
43954,146.07291589600547
43955,466.30903813503727
43956,265.56571014810817
43957,302.44844208849014
43958,170.5581641352989
43959,234.8775145982728
43960,496.1014422960454
43961,132.7625917114715
43962,257.76005124435534
43963,156.78058784500195
43964,341.32715516540554
43965,484.88405967747815
43966,278.291044778149
43967,287.62716222745996
43968,170.41519262287363
43969,221.30838904020655
43970,396.17673136978544
43971,173.57545265227623
43972,673.7832165688267
43973,212.21066872289398
43974,189.32291870956092
43975,196.16461097229907
43976,117.77553590652565
43977,410.6984093243208
43978,339.2862512762233
43979,253.19414937184465
43980,354.62281249345955
43981,286.2266507975188
43982,333.0911644469977
43983,127.82676385811236
43984,716.4858939928424
43985,329.2092096731124
43986,130.6303026581458
43987,276.5738557255367
43988,205.0080024217176
43989,300.4537969577736
43990,534.8629680682222
43991,191.92769073190723
43992,146.22354558732397
43993,101.6275577904091
43994,136.5113238147355
43995,361.7443327725569
43996,142.55884541482942
43997,154.97388344459856
43998,216.72284515613893
43999,157.39086842487237
44000,262.804684060953
44001,426.01855905086836
44002,177.76214325645918
44003,336.31033268907834
44004,410.05418956704347
44005,198.87216903004
44006,322.80130109227844
44007,509.51708058921537
44008,219.00878096194188
44009,301.5291630574546
44010,151.9686625375496
44011,332.05610065184186
44012,249.76282334577303
44013,1351.360683212372
44014,290.1464479872941
44015,157.92574686810963
44016,389.3199609369129
44017,330.03264168740463
44018,317.41030170851155
44019,155.63167018147732
44020,105.23445034854272
44021,175.73780173058333
44022,882.0668352821215
44023,154.75989958155765
44024,243.09496673907648
44025,203.07859553868863
44026,146.27454284767248
44027,278.3101905652721
44028,190.82497159432575
44029,396.3845504404475
44030,305.646593644443
44031,273.39830827580516
44032,368.9516253803165
44033,710.2462066271432
44034,103.90022276980692
44035,181.53801165485513
44036,241.16759258706597
44037,77.75644820015273
44038,248.9131233716139
44039,164.79357665340925
44040,296.6849248711997
44041,483.9406574960816
44042,147.85702944963685
44043,139.63535446487097
44044,141.1198186552612
44045,235.81896565322492
44046,353.2454657813708
44047,214.37248276650348
44048,319.54678231588406
44049,150.84415349450526
44050,225.7753697400002
44051,516.9673378701566
44052,384.37982959145086
44053,260.9197909379381
44054,207.57818263508614
44055,388.1690532844142
44056,352.562211320117
44057,272.2955612026348
44058,377.4360298160649
44059,116.37672604801652
44060,139.18312613328789
44061,246.3272620293533
44062,139.83116891240886
44063,273.3943961204458
44064,424.2157232474001
44065,361.72998375038816
44066,251.59369823683275
44067,180.36956793072443
44068,144.32551628660568
44069,133.30353370617982
44070,745.9383931210455
44071,132.57989343947222
44072,137.0743287455748
44073,196.9080931414739
44074,610.5185193460227
44075,232.63930650008598
44076,213.79309165526269
44077,796.879270515231
44078,170.84983321034298
44079,211.83942914535163
44080,165.77191232248614
44081,263.99234703470364
44082,157.3836951454774
44083,710.191221717253
44084,266.49171962981796
44085,806.1635026725213
44086,171.51177331184715
44087,468.68939099834955
44088,108.49779701687397
44089,173.10915317786527
44090,63.45612398642495
44091,165.603572609459
44092,119.03441428518593
44093,319.3266766978522
44094,531.4824986976266
44095,278.49231130324574
44096,472.34730606569246
44097,298.59082521168835
44098,159.3454656802713
44099,157.05606816265237
44100,763.4540100752341
44101,109.29886171771255
44102,97.67108354387176
44103,691.0105781329797
44104,128.47042560905766
44105,281.9136589050913
44106,249.95187463317262
44107,107.36509441953177
44108,332.2730869757011
44109,189.4638431099185
44110,347.84999240442795
44111,240.55191332503492
44112,337.6938887540558
44113,294.9581581683064
44114,142.2304992144468
44115,177.66548317397522
44116,511.75267103106813
44117,142.69876809298626
44118,192.3521026456853
44119,184.79455285439613
44120,517.4870992100409
44121,168.5242390892462
44122,74.89867543015713
44123,472.34579307624176
44124,148.43763575245137
44125,136.9160458464866
44126,110.94352737171451
44127,306.583560920741
44128,391.5705969247304
44129,231.7467112631144
44130,157.97232893011136
44131,318.6964018082155
44132,269.9613244935171
44133,213.43401681506512
44134,226.1405653862053
44135,291.55654517341657
44136,268.6466008025995
44137,423.88800069844376
44138,191.87546923079404
44139,186.610613570884
44140,103.31515996651912
44141,180.706771748024
44142,325.2390601723929
44143,224.59624666333207
44144,155.29554485749017
44145,631.0707770170509
44146,344.3264342019564
44147,274.3682903063713
44148,192.72389994705856
44149,427.5036632429636
44150,144.32440569593558
44151,564.7879624522449
44152,174.64665817531238
44153,120.86225876690902
44154,72.39454717421101
44155,270.11877313459684
44156,168.05871078323116
44157,207.23258271776635
44158,198.92781151138027
44159,183.8838748439933
44160,435.911772109057
44161,301.96904103808527
44162,577.6490194434076
44163,786.616070020328
44164,220.84627500247342
44165,71.52195217058349
44166,502.4830057708952
44167,367.2591927406593
44168,193.09366017239577
44169,271.328594439202
44170,194.08376858515092
44171,130.8333308056664
44172,369.16485962460064
44173,428.3273029385105
44174,97.04390097302672
44175,131.44810194847133
44176,272.8700930045187
44177,161.85318842933066
44178,105.62325424830077
44179,316.3814569433542
44180,178.50010614357416
44181,276.96898709476784
44182,215.9644635182649
44183,393.2834359415337
44184,281.55489454077826
44185,286.7067796895912
44186,581.434835865413
44187,217.81105920663424
44188,63.443635683899764
44189,322.2324034295504
44190,248.15612040470768
44191,268.0806911112704
44192,418.01793784040774
44193,242.68225785593825
44194,241.09496632218122
44195,352.2830883174102
44196,520.5465713257393
44197,124.54259192789834
44198,282.5732536607803
44199,196.872450818796
44200,186.7796773104229
44201,262.7048797425477
44202,1016.435950450971
44203,414.96809870077817
44204,168.0716795002199
44205,643.5732742740912
44206,93.87973038199044
44207,329.77422387508005
44208,177.238268907644
44209,110.88658642750573
44210,639.9350389024297
44211,697.2676844848374
44212,253.2906547597588
44213,125.5338131530498
44214,214.2138357720367
44215,436.22970131673014
44216,132.981538841948
44217,496.83626265891456
44218,765.3585325014895
44219,207.6371457039211
44220,205.12628849151793
44221,242.02268240100332
44222,206.75058961285083
44223,233.2843372342785
44224,149.88060720147982
44225,234.69571794616567
44226,423.0515956640568
44227,150.33659015848906
44228,140.58109184639667
44229,273.79421010270534
44230,939.6469065916052
44231,254.64550074545622
44232,186.91617164315886
44233,346.4837853038483
44234,219.8770911547719
44235,418.19189736224945
44236,147.45247140654197
44237,197.0334214520436
44238,436.1902020403411
44239,446.751663069951
44240,164.02053601113354
44241,626.5374174028946
44242,644.9330760983668
44243,499.8108075068349
44244,147.10229430920185
44245,140.47779503980416
44246,321.2840630704586
44247,229.0155005648845
44248,165.50655937532954
44249,166.65236359065506
44250,131.89428587659333
44251,137.97418159080195
44252,220.2875673573689
44253,334.2151078113198
44254,320.2934404035574
44255,227.16385306984603
44256,169.38835184506274
44257,601.4008431439805
44258,306.9075951657318
44259,193.42682987812623
44260,130.95529836916472
44261,189.51005618499474
44262,575.8689894271974
44263,378.0747986986215
44264,176.44840052574312
44265,253.854163738637
44266,132.98230628250158
44267,325.8960623898629
44268,226.3243723262071
44269,473.0336519986994
44270,318.2101901526321
44271,422.4424377972861
44272,143.54395816023367
44273,102.501702422646
44274,540.4018602960864
44275,185.7902108287843
44276,222.39265320321562
44277,228.7571586613447
44278,441.1253655012006
44279,310.7312570012655
44280,108.92363549185494
44281,183.6034812674063
44282,188.46026626263594
44283,120.45702100488322
44284,114.97972220610913
44285,187.90098013317817
44286,518.8162935132815
44287,209.53352995758638
44288,291.8642004206432
44289,300.08184102211567
44290,391.6274955731233
44291,182.34635519447033
44292,1025.0356328481314
44293,226.70372996638238
44294,294.2138140053722
44295,90.08795518993198
44296,120.34399199680045
44297,225.66353677684634
44298,169.87750459475635
44299,359.21350244539474
44300,148.64878623933572
44301,128.94952143503647
44302,153.60940886318014
44303,144.51430267186404
44304,221.64393531361077
44305,335.3036358156616
44306,201.64320775570053
44307,440.3561598546436
44308,209.0757325454889
44309,728.7442211180398
44310,192.0845099714745
44311,225.8682922760895
44312,341.47733992568845
44313,136.15584766213257
44314,114.42541994903821
44315,202.18276377911266
44316,225.82172342153962
44317,211.04703125560246
44318,319.55789815674615
44319,139.48798198613827
44320,192.63494909079856
44321,145.56145820582657
44322,237.2856114421728
44323,389.6351039233482
44324,232.36083471217492
44325,221.22334600768724
44326,112.01490520318752
44327,147.4083171671281
44328,159.25133145547366
44329,234.09566489208692
44330,106.41168199480435
44331,294.89667820554973
44332,368.56145929344495
44333,225.00346065514412
44334,157.5102271023211
44335,219.50342421059435
44336,129.80549780984532
44337,676.8775071488465
44338,134.04979701939322
44339,103.6298470698555
44340,409.71302489832027
44341,348.8344171501499
44342,131.97324174872352
44343,453.4260224409221
44344,102.16534066738447
44345,270.300933468167
44346,432.9374479792042
44347,241.47837260700803
44348,902.828989778944
44349,156.6924207182808
44350,185.05493053051035
44351,753.898235787795
44352,454.57814373790256
44353,124.89808945388563
44354,223.57330526005384
44355,177.08604968808797
44356,237.7521157493268
44357,138.8806014628916
44358,278.70123328959284
44359,155.96839162942462
44360,327.34267546518896
44361,99.80477473606291
44362,209.85685720329562
44363,191.86662778665004
44364,87.63610527901814
44365,198.2294776730636
44366,313.05301441603297
44367,118.94034752959413
44368,813.3515868990975
44369,212.93804516076517
44370,194.74760575635517
44371,256.2370995924652
44372,315.33343158505835
44373,310.60153570056207
44374,314.1636289973064
44375,1270.9424706308514
44376,461.42436574365524
44377,101.10735301920472
44378,171.93344388663562
44379,195.61135909084783
44380,474.8080170933705
44381,208.09505711783055
44382,358.1078681825889
44383,155.77119536432022
44384,158.62333919608332
44385,417.206660995473
44386,70.53171474495251
44387,151.6689441196956
44388,248.20870327879874
44389,353.08007217383613
44390,219.52994788632466
44391,200.22945346443325
44392,273.6460533928874
44393,161.8147680243273
44394,427.07071519679687
44395,249.1186596007701
44396,236.46630411856458
44397,330.54684780589804
44398,518.3010995736549
44399,307.8715386157029
44400,905.0145263802972
44401,273.55358681924446
44402,305.4445771891623
44403,144.12367133024574
44404,457.7876568009722
44405,939.8328794818875
44406,126.08362553732597
44407,926.0082664331139
44408,286.99747441434374
44409,312.27661034828765
44410,383.70641435239037
44411,323.23623956426275
44412,125.15064532505373
44413,276.185559365648
44414,219.0940505017135
44415,396.67273300509913
44416,204.37687344642816
44417,465.83074794702446
44418,423.2118278861952
44419,491.13247051124085
44420,147.58212726426444
44421,326.41193765834686
44422,239.3621842697791
44423,272.2299279564724
44424,165.73886018403297
44425,217.49943112532281
44426,263.4452193324104
44427,313.19688851661107
44428,270.93145856561466
44429,145.09192202456487
44430,556.7554913883914
44431,307.20897923588984
44432,198.91019904800507
44433,251.11576481956195
44434,724.2369825167319
44435,87.1644816002094
44436,177.6713123161994
44437,84.17464294956251
44438,178.90033143623066
44439,108.12804922174931
44440,213.02105318774173
44441,236.52974299177598
44442,168.10420837240864
44443,179.2782435144914
44444,313.10104385144206
44445,497.0494969031987
44446,571.9726960182458
44447,232.02321146867519
44448,936.227170628124
44449,277.96613029674404
44450,248.1871417488384
44451,285.2787540667379
44452,238.073359864001
44453,180.23088217472574
44454,426.84403992084225
44455,263.6500003926617
44456,200.82010209716017
44457,543.3740926232523
44458,225.33028062858634
44459,254.82797728882366
44460,174.04248196378634
44461,230.24862226247797
44462,200.99467739325956
44463,1052.6728936338254
44464,107.82773590236272
44465,307.6817598700506
44466,486.9091801213617
44467,97.86143771638743
44468,75.71889292207334
44469,255.6258685963022
44470,675.0552938804192
44471,467.7680619566662
44472,370.6268575261827
44473,425.1015858660134
44474,157.53612992617332
44475,132.61916375150227
44476,264.94711001123414
44477,188.59245533642456
44478,138.81749149307953
44479,206.33095478929772
44480,112.57079064694257
44481,456.0973387022645
44482,491.23574246849796
44483,167.79388448994936
44484,304.7814671804785
44485,226.83587684761247
44486,291.9034992461694
44487,231.8395735022852
44488,350.4574882085613
44489,245.45477480467193
44490,391.64794642755487
44491,192.2500396723399
44492,199.98713616543907
44493,268.87717397256506
44494,243.6624038481431
44495,335.302964154381
44496,181.30007592102157
44497,87.68152126889925
44498,340.8673693028328
44499,218.58689941952127
44500,345.1203857526118
44501,356.7723479938546
44502,276.7557528504837
44503,247.09518127146413
44504,122.46340897190825
44505,87.43994635727432
44506,508.9081440727832
44507,322.7472008282199
44508,250.81477038363005
44509,309.075094044664
44510,208.96180598568813
44511,175.15807500423116
44512,301.58414476129207
44513,152.00906436719436
44514,420.51970860002604
44515,448.6387007167937
44516,193.88814833522977
44517,283.84212258075513
44518,107.31164711731955
44519,246.62675088347396
44520,193.81265397971046
44521,150.80934099468786
44522,180.4785550469104
44523,208.76374385012738
44524,283.7507169751113
44525,305.6842279463749
44526,311.6555670333943
44527,463.8705380511469
44528,411.2532712992512
44529,326.5919500025452
44530,133.4250914499697
44531,159.41254792832078
44532,131.87981915717467
44533,240.20741080042254
44534,135.75643553296027
44535,242.6007269928434
44536,242.07793721990353
44537,261.3496785203798
44538,304.7889409403754
44539,325.3751129936159
44540,232.67844075276224
44541,88.91754297310915
44542,358.6343887777093
44543,210.18899784256513
44544,332.84304597357067
44545,221.80699679760627
44546,126.97836355357916
44547,196.38984924184481
44548,424.9109018638716
44549,103.65423857490678
44550,385.7376692254117
44551,409.76970432681446
44552,249.40804511947837
44553,258.3722757435486
44554,770.609680927751
44555,373.48790185843905
44556,153.3478275251918
44557,168.5737584242769
44558,499.49007170042864
44559,228.46267102557587
44560,339.17476819855074
44561,222.70149348129783
44562,163.43091910044328
44563,264.112474864845
44564,636.5457142332373
44565,135.4668371319241
44566,178.99206749723726
44567,264.9996727201381
44568,469.4714881141059
44569,324.983257544333
44570,159.0350994929615
44571,129.65693760472456
44572,155.92982751553944
44573,280.42183156055586
44574,171.61166090508868
44575,350.0277470232207
44576,146.96069385536
44577,431.5362070772075
44578,428.1558305973262
44579,350.34130173731523
44580,179.5332910380447
44581,188.72103656454863
44582,339.0824585323426
44583,221.08732671359243
44584,210.70900596928684
44585,188.8375407373081
44586,607.6270824847518
44587,252.52967268582077
44588,213.66292854394194
44589,154.16238895740304
44590,463.3180751199674
44591,271.9796798302506
44592,188.84400220254483
44593,182.07888882833873
44594,152.5739415853713
44595,193.79627717318215
44596,204.36811805060162
44597,315.54779801849844
44598,331.8054187740431
44599,253.0983704458645
44600,237.06466544957027
44601,158.79634427373932
44602,185.19585770908986
44603,232.1158593009067
44604,238.83762010047073
44605,229.42407729957117
44606,404.57922993519264
44607,650.0365657155916
44608,114.46240740537242
44609,463.6389806594424
44610,825.3785520984754
44611,253.19100040270425
44612,212.36464321451027
44613,200.45728250188878
44614,216.15451558437272
44615,139.49411708681197
44616,262.69773302801957
44617,250.4595447961372
44618,240.1620870748878
44619,155.58842652721262
44620,223.8667603492765
44621,284.2682515930824
44622,255.23776787091438
44623,331.56465151136655
44624,147.26698472868947
44625,458.7145816885118
44626,202.8014139472965
44627,436.3291159871948
44628,550.6666947586795
44629,135.5556425292631
44630,371.4702960061266
44631,490.3671999794665
44632,150.39173537308127
44633,154.10112670299375
44634,208.88964921552673
44635,73.07720837006751
44636,228.1987289021354
44637,225.3442951940524
44638,151.5764660911595
44639,398.44525945666726
44640,215.41473437366227
44641,168.07414640915613
44642,176.65065827707923
44643,317.7063682363338
44644,177.82324262168623
44645,301.4447037442864
44646,281.4570742457613
44647,78.33255424980808
44648,234.199477727283
44649,158.41551998153255
44650,196.17774217200952
44651,255.7040185080056
44652,450.4991007698913
44653,211.59568443659063
44654,225.69143360365376
44655,371.8369000579789
44656,349.6153985872275
44657,320.9415535502969
44658,264.3256962838565
44659,137.86555493199953
44660,323.5246214812594
44661,678.3934759453657
44662,185.78348871931962
44663,235.8153851344413
44664,241.02201749494134
44665,115.5241504046872
44666,110.18065911945392
44667,487.5016497474952
44668,152.9924830942097
44669,178.4583385091265
44670,343.748907546373
44671,352.70975192095636
44672,99.5506696357319
44673,466.1661585346703
44674,169.3869167238949
44675,326.2296298731948
44676,178.1594093576443
44677,237.38363493455338
44678,232.5058123119138
44679,154.25848775897475
44680,278.8041839998731
44681,161.45138021605035
44682,183.23605055501312
44683,154.75708974222175
44684,145.00050253011153
44685,310.8950446319568
44686,230.65391542546612
44687,133.82679118346545
44688,535.3750020049154
44689,442.69718372990815
44690,250.11906509226606
44691,450.51795225940793
44692,390.76835732695463
44693,131.10815888088783
44694,203.1002348685603
44695,190.26523442493834
44696,361.9496433300056
44697,211.7698976505762
44698,202.84239035700256
44699,307.11437846490946
44700,179.77614753550256
44701,323.3195900814899
44702,352.56957055069955
44703,362.39533007060044
44704,466.717542516146
44705,115.6426630951204
44706,140.52006842655808
44707,201.07256701897754
44708,127.79546836405952
44709,413.04843105097706
44710,229.56733257919245
44711,409.71302489832027
44712,188.8815854771487
44713,370.12086071232955
44714,258.86702862437943
44715,330.9066234512409
44716,310.26858357310385
44717,90.51095600734389
44718,116.81049382197445
44719,967.9775068569243
44720,319.5249900594666
44721,291.61397231499836
44722,237.69660205892342
44723,189.46494464889037
44724,204.30757685219172
44725,181.3641491008911
44726,258.6835151280243
44727,326.6977800284071
44728,562.400257724506
44729,224.74805873152278
44730,322.4209481939196
44731,129.98318244373675
44732,97.48942768289673
44733,319.4405288514104
44734,238.05973457944606
44735,187.57809542145802
44736,203.20542421198883
44737,386.62676514849625
44738,240.5709382964333
44739,533.320298250138
44740,207.4200652517286
44741,423.13304774921943
44742,712.4287511325709
44743,201.14542275159945
44744,128.47300101890278
44745,504.8346176134372
44746,123.09016028245036
44747,366.0570727383997
44748,268.7864124403653
44749,301.9370481066896
44750,156.05377335602518
44751,235.90124477105618
44752,150.44958568848003
44753,215.50726762764137
44754,324.342129345169
44755,196.37684135650608
44756,287.5135333989664
44757,353.6414150957278
44758,346.62198351465656
44759,161.96848475667096
44760,437.02773716100495
44761,270.087956008083
44762,876.9510389304627
44763,318.03978129792546
44764,144.73772488232075
44765,334.7432172241297
44766,191.08424070373954
44767,984.1617624433517
44768,175.78072691977113
44769,523.720270853499
44770,509.82706336756377
44771,190.93093010943642
44772,287.21228824875084
44773,235.8909600061098
44774,144.41348304035202
44775,234.5068507799277
44776,240.53412540764853
44777,266.7476260211711
44778,133.52947058805455
44779,258.57052057552283
44780,501.56010130894003
44781,239.66555299241617
44782,417.95003641132956
44783,201.77404426544268
44784,298.20319926266035
44785,165.6810757390815
44786,276.9503466830169
44787,447.3083761043826
44788,178.9152921008644
44789,994.2536938931905
44790,243.9176098596377
44791,424.449529747367
44792,254.97234434919852
44793,245.46324587175835
44794,348.8224998230846
44795,338.39525333304005
44796,1500.1030336897234
44797,232.87353685130032
44798,683.3416042414563
44799,184.26633732640326
44800,306.0906184031609
44801,138.35920411711686
44802,801.7318763845202
44803,293.8297840426642
44804,671.3460691493204
44805,272.8571897301625
44806,199.5958516363825
44807,113.46877165178817
44808,267.11944568620885
44809,414.62636534738454
44810,413.97372321881215
44811,180.98552054978552
44812,203.76755329512474
44813,1105.7901270883356
44814,172.2095107558062
44815,294.5367215589008
44816,705.8256535503085
44817,394.17407232481884
44818,204.6578730482108
44819,205.32872608056934
44820,975.7563539950395
44821,324.22066626278456
44822,340.60566492364205
44823,205.94606640954905
44824,291.03431753822014
44825,248.23150608961203
44826,480.5111152818109
44827,168.39394735860535
44828,333.3691552762828
44829,122.80652309951931
44830,165.51788251109141
44831,76.23140276182437
44832,187.2415638918666
44833,138.00640345507284
44834,218.55089458517938
44835,149.38580637549305
44836,128.05645211643542
44837,240.85581835250352
44838,353.8447739497551
44839,154.5243458865809
44840,219.37166431470104
44841,303.4328621367641
44842,200.20319498439227
44843,302.13690949085446
44844,573.9176470512408
44845,210.07624747277592
44846,172.6896878249685
44847,397.8610782856441
44848,132.10546118962745
44849,212.7107195885044
44850,110.35302787928644
44851,74.26061135870643
44852,148.91096908997375
44853,335.72241211440723
44854,173.08835333664928
44855,198.50507381307384
44856,381.455817674683
44857,783.7951451416922
44858,422.6950083976441
44859,312.4956911932143
44860,164.95934824260328
44861,284.448478447256
44862,127.62709192647674
44863,118.59631194369531
44864,794.9054284532313
44865,140.55056571329098
44866,200.53913939561113
44867,337.6865919148976
44868,375.8070400415197
44869,99.6264848009611
44870,246.54185396498625
44871,294.44446573988415
44872,242.7424955013178
44873,150.42409348150997
44874,328.21042616149344
44875,192.95929184573043
44876,240.51050728350717
44877,289.91531122702366
44878,280.6318696471022
44879,747.3001815361895
44880,150.1689037326154
44881,144.298177698833
44882,263.1697544128453
44883,1099.3056841550392
44884,368.0308820198164
44885,298.50703743650894
44886,448.19602255781933
44887,249.32225550454942
44888,213.85770919253488
44889,235.3980136504103
44890,182.79541136890535
44891,632.5474994198369
44892,641.3955999058852
44893,232.24744807695498
44894,250.64923109840652
44895,160.9745359322848
44896,185.66807960421554
44897,136.97910030912126
44898,224.55101908459724
44899,248.5125304362815
44900,234.79298749743336
44901,103.6457777215559
44902,146.63488311295453
44903,143.0483930243693
44904,732.8322261012925
44905,281.4102882371365
44906,201.0084981222077
44907,224.19322891905136
44908,111.18390353383536
44909,370.2834577087955
44910,357.93719242938363
44911,137.70235584457427
44912,590.669929847035
44913,233.8283763193904
44914,437.1978973607401
44915,145.3857839370623
44916,375.4465379068488
44917,270.4810558557629
44918,356.7991376537205
44919,591.3313460475358
44920,110.0163179590276
44921,410.6799495029961
44922,148.43541533575078
44923,247.87301266664142
44924,365.8282160092729
44925,483.368188335219
44926,271.47880964596305
44927,167.41715910857747
44928,341.62200472704325
44929,113.62933062825586
44930,878.9595929282891
44931,241.0302926763733
44932,169.38272583574442
44933,224.16044349674053
44934,257.68813500363717
44935,181.15280669762322
44936,399.2731162912176
44937,494.1386555155747
44938,151.73209849495353
44939,231.69076428152493
44940,264.44772905100456
44941,256.71745950148375
44942,137.20088414094607
44943,327.0838194963321
44944,255.47087900345483
44945,119.64042900001444
44946,350.9703907247867
44947,277.5002853877716
44948,319.72774985914606
44949,226.46662564528137
44950,247.32475854158932
44951,152.81160797668073
44952,224.13338876003755
44953,155.94963703212616
44954,217.76002469322165
44955,271.8740727724346
44956,219.90795509609572
44957,282.6466840315428
44958,216.17571545525092
44959,164.09962578734252
44960,140.55056571329098
44961,301.6052777250293
44962,265.8882986436166
44963,197.9580768794892
44964,77.68551938824758
44965,165.03400763614303
44966,209.4743305885976
44967,193.22032067617354
44968,249.93526365743492
44969,126.82897014864209
44970,244.59998888851388
44971,119.76760697495796
44972,267.01629717858975
44973,197.0740290377294
44974,241.09115592216688
44975,163.51997434398353
44976,151.59633142051433
44977,325.2773563332857
44978,245.31359896263976
44979,225.28068557502266
44980,306.38358072228914
44981,1072.84538482644
44982,233.12282982177234
44983,193.723627097076
44984,166.20546966348792
44985,583.7872728339006
44986,108.01548305431311
44987,119.01397848821577
44988,151.9322272284972
44989,333.3809016638426
44990,122.5392888134042
44991,150.26585217137114
44992,176.25532035713573
44993,187.2230336113082
44994,545.2463626675774
44995,820.6261619560532
44996,254.87984239767962
44997,249.50125922577894
44998,267.24121568628544
44999,209.19247248930543
45000,115.26902881940605
45001,290.31072771351876
45002,462.06236565436745
45003,207.0200418268057
45004,306.4306127841337
45005,193.92809557312492
45006,81.90936281424533
45007,452.47675451676895
45008,127.19038028840015
45009,413.42740980872577
45010,504.67168189441276
45011,161.74642870439314
45012,168.16309014979754
45013,267.47833363435785
45014,82.63716575823977
45015,191.76933965882836
45016,1015.8047908250735
45017,325.29441715205047
45018,687.7711167984448
45019,254.8215789041602
45020,371.1555715190372
45021,197.276239841858
45022,143.08674711075963
45023,331.65658649957925
45024,106.8256955287318
45025,660.6117882419381
45026,422.59660780507795
45027,190.93934296462945
45028,169.85480612709551
45029,155.88059590500404
45030,114.96995339059866
45031,239.43959103262077
45032,291.6754437523232
45033,141.8853715898037
45034,238.387015667991
45035,178.57173554575883
45036,238.6874255430841
45037,190.1257638790226
45038,418.5113441693092
45039,266.2934547601269
45040,220.10247949192944
45041,158.68490220113713
45042,149.93474383701312
45043,242.6409626222696
45044,107.30244559847908
45045,316.76964655185475
45046,86.65790289042425
45047,158.79520920970603
45048,219.6918938883295
45049,90.92333990552137
45050,1041.8021937355838
45051,332.01226052746824
45052,708.7078335249837
45053,112.83947705579507
45054,78.15799060103947
45055,274.6073454136212
45056,275.2955666608265
45057,201.19741548665203
45058,184.44746691252317
45059,176.2633679054222
45060,575.9432067481337
45061,462.6954511292737
45062,443.1082094339324
45063,179.1646712027982
45064,168.16067141685136
45065,169.4438183701543
45066,266.6989112537888
45067,278.2930871636888
45068,679.6526428783945
45069,376.6417454284842
45070,227.56226332804872
45071,202.47686645622744
45072,259.2341767677456
45073,306.8047035923194
45074,285.3933166281725
45075,436.62006491956737
45076,166.3433493835371
45077,212.14405449992762
45078,213.64447494825072
45079,658.1316516460471
45080,256.20055616935815
45081,204.4756820801244
45082,294.51838786723584
45083,209.26109634431344
45084,252.86828737601874
45085,179.2578757811444
45086,146.106103804493
45087,143.1221107942708
45088,229.64934846491923
45089,305.9255206724627
45090,452.58639804069446
45091,321.8372799280612
45092,241.03609796470712
45093,406.2539373556292
45094,287.9628727467372
45095,306.89101323287196
45096,215.133004294329
45097,347.560807874765
45098,225.25767762085886
45099,319.970904618797
45100,431.7231176800792
45101,324.80687196057227
45102,277.830756718598
45103,222.46988350353777
45104,212.6582800107144
45105,211.66636563799247
45106,335.6266629445233
45107,658.3189003041872
45108,132.52594226533427
45109,230.19973308568734
45110,183.21972372491632
45111,118.59146514722794
45112,411.7111923515379
45113,275.7514866939679
45114,316.4345323505107
45115,167.79793890753302
45116,230.10886231877893
45117,506.7046512213442
45118,160.3442663117856
45119,219.26108603349184
45120,235.30236787835392
45121,285.12490337069386
45122,228.05525207666054
45123,203.21545775243692
45124,108.3146683174155
45125,89.56840366784789
45126,592.995430590555
45127,346.8946906645752
45128,203.38800980768397
45129,238.60326172944775
45130,238.1944259213086
45131,285.981313712848
45132,372.89350022404636
45133,116.81049382197445
45134,234.86696984558134
45135,170.74020522483042
45136,190.09736433388954
45137,547.2916891383071
45138,165.88516882161144
45139,224.03795382341997
45140,232.86052982577107
45141,614.3562867913968
45142,230.8326402588447
45143,212.16817004458065
45144,349.7241849513031
45145,155.43748482483736
45146,266.8222285944302
45147,106.45264637818019
45148,404.29467005080215
45149,224.62554832702892
45150,191.42576043760587
45151,254.52425078769363
45152,228.63522851102564
45153,248.55299156523816
45154,517.3348860929765
45155,430.22494672162463
45156,426.181940223747
45157,262.63132879667603
45158,518.5672650866582
45159,126.62706144908148
45160,151.35517297077507
45161,152.3758210298554
45162,387.2970741223399
45163,305.8516602972208
45164,244.4576752821403
45165,258.4149201665793
45166,140.68331880477808
45167,937.6209877319451
45168,232.2206938140452
45169,657.9319285413245
45170,539.2637628325722
45171,76.82390587301575
45172,163.95527804505986
45173,1036.2735384652842
45174,253.17765131650717
45175,208.18196776747436
45176,266.64431046312444
45177,363.31653653309115
45178,399.2470176853306
45179,254.89356622061732
45180,162.2221850134147
45181,681.4442314288478
45182,220.47139435458172
45183,445.4925133048764
45184,198.98964987281366
45185,104.93884984215214
45186,225.74034493466897
45187,610.4021097317286
45188,202.7542365324313
45189,476.858357322263
45190,285.87794330475856
45191,145.23244663735798
45192,176.9267373499083
45193,460.70776800226395
45194,220.55441630390905
45195,342.16484070561955
45196,238.2051360367948
45197,167.00519503585994
45198,455.36429566206385
45199,402.1581721386391
45200,226.019941813784
45201,324.4900739074786
45202,112.4192239168743
45203,455.214115203918
45204,363.03793132294805
45205,107.07403172481612
45206,265.52261500867314
45207,220.68002011647607
45208,228.30990514937216
45209,192.44143203710692
45210,153.75465383459394
45211,241.20698087046043
45212,203.36409491550162
45213,392.6692349034527
45214,291.65101079130505
45215,28.924741480305965
45216,113.93005516184425
45217,98.40551968179271
45218,577.9719537773201
45219,369.1745717314792
45220,229.8246560355149
45221,165.1052011499768
45222,332.8594424904935
45223,132.21858836358987
45224,133.88795873682366
45225,201.13161962555424
45226,181.82801572345235
45227,308.32717346686184
45228,168.65561732464658
45229,327.56876277429166
45230,436.7338876268575
45231,232.52517041814022
45232,475.439099064332
45233,145.09748676257632
45234,76.60352095154987
45235,172.65055106075556
45236,300.86102611692263
45237,118.1374073362961
45238,237.68414769375798
45239,173.86059766649777
45240,631.9918152433429
45241,170.47502884762295
45242,257.0853657227433
45243,183.0214327238063
45244,214.86594606902884
45245,230.37281247183938
45246,229.95333812219945
45247,236.28144706302203
45248,110.1470941993029
45249,275.67143505777545
45250,132.0379098988075
45251,201.80299314170188
45252,220.45455234033426
45253,252.78297810657222
45254,152.37473253795224
45255,112.46290931844274
45256,100.21169881095067
45257,241.33425958403203
45258,154.8927196270085
45259,229.50382478524043
45260,285.8016509011706
45261,155.84686093838582
45262,187.8818817038604
45263,78.72472853355876
45264,308.7517389707066
45265,147.85483779703554
45266,91.65506483092462
45267,232.40122380100618
45268,332.5222421448288
45269,779.5711798541422
45270,350.3448325889228
45271,122.42870574433321
45272,244.6948499108177
45273,327.45303147397556
45274,517.9679728907097
45275,177.19807538619906
45276,487.39804488095166
45277,355.0094083110303
45278,604.2564632624305
45279,289.21926257162227
45280,202.7993595496569
45281,134.42164892560962
45282,198.38838495505604
45283,385.865409387378
45284,434.57349093474454
45285,259.1541473409339
45286,134.7245783978233
45287,84.06329924982153
45288,331.9288089934401
45289,181.8860534669054
45290,263.5352783136204
45291,225.79881383484434
45292,261.13010483313514
45293,394.88497040100395
45294,687.0936180650407
45295,168.27685168911964
45296,180.26426494814334
45297,263.0353902812917
45298,252.6634070117389
45299,155.69241745371804
45300,257.5371011078144
45301,212.20576777857096
45302,249.61339949897405
45303,190.5068010975006
45304,339.39141769774466
45305,335.65744040018467
45306,1065.0678815722888
45307,99.62708242278636
45308,764.1876804149305
45309,175.59953386215358
45310,298.32949682952665
45311,210.90628703464088
45312,345.15942682868814
45313,258.61217152228204
45314,167.5257415381355
45315,138.67819576303756
45316,698.2696723522062
45317,359.3663159129325
45318,669.4236985346911
45319,177.32744265381297
45320,277.87609710749314
45321,385.4948149196456
45322,269.02367728981716
45323,86.58161138422838
45324,604.2333260910265
45325,1090.513344975977
45326,196.91874497396532
45327,186.92469313865678
45328,360.21742255682955
45329,518.4530970025439
45330,109.14171348758863
45331,349.66552891167
45332,194.95233048404964
45333,184.47766546913616
45334,447.47534576050816
45335,226.35559353244162
45336,250.98132335001694
45337,229.1828641127411
45338,160.43225071181115
45339,177.16564695497013
45340,369.29210325587644
45341,161.16417340071445
45342,150.2225160467915
45343,274.8287907403647
45344,212.90762939957793
45345,361.26597193272863
45346,314.5732473742186
45347,214.32501735997565
45348,162.07911792047526
45349,137.60102080788926
45350,264.3689772772421
45351,163.94733107514315
45352,134.44370383379655
45353,242.71482701903307
45354,388.0662740824439
45355,273.03665846887566
45356,245.53684378569272
45357,147.10893564947102
45358,144.56841812021912
45359,141.39331085753693
45360,149.62443106400653
45361,225.89666829627112
45362,260.86647898737215
45363,548.7842284973885
45364,383.6539455941157
45365,296.09262678286194
45366,261.2706415748112
45367,251.19787342406298
45368,407.0742417302707
45369,158.99403914189986
45370,282.4704306394141
45371,163.85859294434408
45372,214.54554165197868
45373,558.8262824969052
45374,282.8176090262506
45375,270.1050523602016
45376,250.53738282943445
45377,346.2344450753373
45378,241.74128644732534
45379,315.11836922132784
45380,200.2221887670918
45381,194.22252394035712
45382,60.959356149162325
45383,217.35486093849045
45384,253.03794649746098
45385,280.8242873023341
45386,202.82417405240696
45387,153.43521003476567
45388,210.37844972792033
45389,202.67400722752095
45390,237.69641946294533
45391,1111.2841426472835
45392,238.02192810617137
45393,222.5688298584899
45394,237.56769970878008
45395,241.26590911146178
45396,354.81524592282983
45397,133.2778956531342
45398,695.5523602637528
45399,656.5115313295687
45400,357.58027271850005
45401,156.461123457921
45402,876.6130661321512
45403,386.13737517434953
45404,362.2943612292928
45405,184.67236331016775
45406,331.19037459803695
45407,155.78566137888475
45408,145.14949038925
45409,196.66348917241456
45410,271.13097133536246
45411,304.2876184416608
45412,280.3471982416043
45413,403.6882504652392
45414,230.2988441812956
45415,127.13417681495518
45416,158.67458480424435
45417,133.59079899864722
45418,135.89292016882598
45419,213.25421016453458
45420,281.171316240237
45421,840.7401892587703
45422,345.14315012766485
45423,493.59949551446516
45424,167.9152818356359
45425,134.657380119711
45426,374.15901657322854
45427,267.61656158974193
45428,139.19118576242928
45429,586.2238497859172
45430,217.23860209750976
45431,200.42288199891198
45432,206.88696758854965
45433,448.76820805047197
45434,195.57054660250293
45435,378.19309953046525
45436,209.25818748966347
45437,202.4880527474075
45438,225.2774055650335
45439,178.08886523936317
45440,173.0259485845579
45441,479.1446817395555
45442,190.685248638803
45443,870.3522752551116
45444,246.87294279814122
45445,200.28161952536698
45446,254.82969676915144
45447,232.11717511465662
45448,142.42880631761798
45449,260.34630203587596
45450,225.05107292301747
45451,239.96274208766445
45452,255.77785809807153
45453,222.91227325750543
45454,294.76876572164485
45455,131.01207741817268
45456,969.2623600456841
45457,284.48167302799936
45458,116.2302186013818
45459,171.0676260222402
45460,362.4502696812981
45461,127.62612090173083
45462,149.57381879056584
45463,193.40036966748977
45464,491.283150827499
45465,87.48762358518846
45466,206.17126198165437
45467,434.4477266955961
45468,866.7570113904173
45469,200.32545740562185
45470,414.923902311182
45471,137.40670046380208
45472,227.46604518265013
45473,604.6780751288208
45474,774.3132799358887
45475,124.21486196703171
45476,219.5270020545486
45477,121.26555619938436
45478,272.8584192413204
45479,205.09366449597846
45480,186.0879015399816
45481,191.16638759693015
45482,462.9086307512182
45483,228.5961583838783
45484,200.90698829787988
45485,274.1216448159713
45486,156.32748785317554
45487,417.18382257400197
45488,128.9618371360831
45489,301.91414678965185
45490,498.76484273449586
45491,229.89607295486903
45492,274.4215744114927
45493,420.133961264945
45494,247.5860265844993
45495,117.35557123699914
45496,576.0719246172226
45497,161.208655486481
45498,239.8632102710205
45499,229.38594671748663
45500,233.90405177145237
45501,232.57470807067816
45502,360.4916815262419
45503,215.51455157481888
45504,148.05314405911346
45505,186.1267397391799
45506,649.7860697568597
45507,115.82993444697179
45508,576.4243168436523
45509,99.17636849331642
45510,159.3720524118042
45511,333.1090151294091
45512,196.67368494072733
45513,183.00864561318951
45514,113.15626642156572
45515,300.51374997834665
45516,164.02378987047797
45517,744.6093140333111
45518,354.7210317293535
45519,116.16223894498346
45520,183.56173673685922
45521,217.5305491308606
45522,782.5570016791241
45523,123.31337205335522
45524,240.22286667165562
45525,377.42882962022543
45526,242.29944080600566
45527,120.51820323882728
45528,489.0637550819888
45529,468.64915196542745
45530,164.97516679123686
45531,758.7073989412754
45532,467.65048234411324
45533,247.54267543230074
45534,132.26636417894332
45535,109.61474128939108
45536,368.4241856681971
45537,234.4167008582538
45538,142.13090996425254
45539,281.25997381720055
45540,220.49897107524592
45541,253.1372418684109
45542,229.92525028492472
45543,280.3847580970909
45544,186.89344698211673
45545,409.49979065403613
45546,239.59442750622404
45547,267.9485105706999
45548,211.60373196871936
45549,591.9672530967449
45550,1904.606515336613
45551,185.3841895761263
45552,242.12107148269357
45553,110.81870240928855
45554,217.62120980863358
45555,346.0831639443012
45556,240.05931421721212
45557,95.7041146712538
45558,301.06048345342737
45559,682.976080340681
45560,193.85335509655354
45561,577.3231779748418
45562,72.6630538772642
45563,388.1748018135769
45564,267.3714235296059
45565,299.8897404410008
45566,110.83632015275617
45567,259.68312248027706
45568,216.50419578194806
45569,141.7728397491535
45570,318.87212865702685
45571,331.2218106585901
45572,373.764947078356
45573,544.0506195128797
45574,604.3572279031252
45575,282.0414776753167
45576,338.2880390268004
45577,313.34909455663586
45578,398.10430848331123
45579,103.38664207544885
45580,213.97697057805675
45581,269.98410271838657
45582,217.9538604341247
45583,308.3036008721284
45584,388.9522839915645
45585,297.4304683459341
45586,312.2916584203766
45587,364.23522987788095
45588,146.95577420965515
45589,417.92696537463036
45590,465.19312961440266
45591,350.221331528088
45592,285.89584653165144
45593,340.33313926444833
45594,205.83759068336826
45595,251.88447884019854
45596,309.67235638422727
45597,105.71604424539717
45598,667.0105506225475
45599,354.65622709117946
45600,201.42175003540112
45601,232.90710224698745
45602,387.55544521382376
45603,390.8376988567513
45604,101.98199108449965
45605,266.2968038656397
45606,138.39608266924148
45607,188.62292189703754
45608,458.891655853194
45609,105.189923363183
45610,163.67209772028704
45611,782.5814182346095
45612,365.9029703728145
45613,185.9072862744892
45614,224.34327329182608
45615,302.83829275539176
45616,856.2084939023141
45617,156.61915497320118
45618,160.15410419711466
45619,140.47779503980416
45620,321.2209024855608
45621,143.27341476386482
45622,108.87087179107104
45623,267.7475363192186
45624,616.3703666982484
45625,157.84157875773488
45626,246.43851261196556
45627,219.10972700968958
45628,221.1897565959838
45629,179.18273819515866
45630,585.1067240491541
45631,496.02178590921153
45632,450.08847620050557
45633,80.62934397122103
45634,246.0562620389367
45635,255.09340035378432
45636,393.8465536445838
45637,576.4832516847068
45638,163.6075443183482
45639,772.8940317170537
45640,141.4678347570767
45641,278.5241249982445
45642,247.99660351019122
45643,309.84800222599904
45644,427.4036560162891
45645,559.2059018956732
45646,166.3103853936012
45647,263.6546508103273
45648,257.74694884093947
45649,304.84895373249
45650,183.8132833385536
45651,334.3882367042592
45652,503.325159494382
45653,60.08949104193858
45654,296.5032811511346
45655,230.24575823261816
45656,171.15793799836544
45657,245.00625951917368
45658,167.45671253097927
45659,128.6018693878144
45660,450.0572255567538
45661,642.2198966654449
45662,242.07065028046677
45663,141.8826074258652
45664,214.91702332112027
45665,216.71242751126465
45666,211.09927741208932
45667,176.5228151932498
45668,170.77547865306977
45669,144.07138383610896
45670,204.5725441792135
45671,142.34343921726486
45672,201.55314928354164
45673,200.727289304937
45674,730.1464667170146
45675,307.7338069153402
45676,204.43226525714795
45677,736.1704626067124
45678,172.13226053392793
45679,349.2227829940422
45680,294.63418271926497
45681,456.451758209196
45682,204.51522889434514
45683,228.01842188020137
45684,294.53453181504676
45685,565.5328617985103
45686,248.38811708041806
45687,252.23228449647877
45688,258.0594008717264
45689,298.7179335860662
45690,132.5849310223557
45691,247.45268446954339
45692,194.33265624473256
45693,351.3255442752304
45694,213.62200658283723
45695,328.65521226754043
45696,145.4025589219673
45697,598.8996253781421
45698,174.07571714945666
45699,227.9856411566824
45700,607.9186639550159
45701,490.35674167602843
45702,414.3709380176491
45703,608.7179103278297
45704,86.95586847234333
45705,154.95125965003893
45706,308.53921153921334
45707,237.44362509994653
45708,387.2802699743902
45709,187.38943058316264
45710,302.44265714491166
45711,126.15066048558985
45712,481.2555283169662
45713,350.3772894978577
45714,191.52533848741214
45715,570.4748915527096
45716,254.1413677386276
45717,246.15080822152467
45718,445.60132646747763
45719,2183.8783548281112
45720,244.74200484146783
45721,248.60464561183318
45722,1075.9983979463088
45723,260.6369982123783
45724,209.96145432448904
45725,242.95996228255723
45726,2406.89832844365
45727,627.5516153308741
45728,486.5436562205866
45729,265.16355044303344
45730,107.26411620046595
45731,147.17669026054634
45732,120.73340168131655
45733,119.89908967258069
45734,230.12882206180078
45735,230.98536754108045
45736,482.4613508258369
45737,294.4705514083748
45738,441.6038728931847
45739,313.35447534946246
45740,185.13388599821755
45741,278.39166058733383
45742,137.40406744239212
45743,232.01466492949422
45744,246.62030540788754
45745,413.76217329121613
45746,203.6487543968742
45747,580.5329514514463
45748,193.225949266302
45749,741.3488499562765
45750,219.22839498843115
45751,479.2169050212695
45752,282.17877854797416
45753,310.11697958275755
45754,197.28280481430315
45755,168.64237558989473
45756,292.3034468787794
45757,174.24892585185506
45758,133.95109690814792
45759,209.08973861689452
45760,322.4080265327603
45761,1612.257578981651
45762,240.31804478490378
45763,461.80018660874697
45764,289.15075720689146
45765,300.83709069891734
45766,109.77197754809755
45767,307.7620118504188
45768,238.16287548659724
45769,466.1553958141621
45770,278.30115977172534
45771,596.6589704744587
45772,121.73302626472253
45773,435.21597092210766
45774,194.773651284127
45775,234.37563242091213
45776,159.8290193222158
45777,107.70889503665676
45778,384.4176386900863
45779,337.88437953238576
45780,144.05188732982214
45781,378.3695420548338
45782,360.16120269705823
45783,283.3537864345492
45784,239.39269725544372
45785,268.9701906059621
45786,107.91002614773394
45787,433.63966554899764
45788,195.09716587382871
45789,156.64260168434714
45790,125.7728761000889
45791,287.211712760212
45792,123.76388745889548
45793,335.42897032179656
45794,202.30615832902336
45795,389.33698339010573
45796,283.8014938768603
45797,358.04150702650276
45798,228.11143299717102
45799,230.69003031322143
45800,176.78712154620106
45801,120.28300578683454
45802,349.803823658199
45803,148.78264155161295
45804,241.07669110248847
45805,254.21719766554088
45806,225.2755827040139
45807,692.2615714661921
45808,216.08152708930515
45809,228.83212698850642
45810,844.150736296106
45811,255.76924698248447
45812,319.6975744774725
45813,94.85800570094902
45814,273.7858401132257
45815,93.72416296767689
45816,289.1928959027043
45817,222.6443437721501
45818,229.70839846826038
45819,170.58559484554613
45820,257.1167594874147
45821,226.79590808970298
45822,281.1039855936377
45823,348.6910746600467
45824,141.22528227694443
45825,438.19649285695624
45826,193.4939616475773
45827,568.2832159527026
45828,96.06963857202892
45829,241.87124308257106
45830,185.54021258691964
45831,218.08915679464383
45832,172.38302313787779
45833,254.32284132645555
45834,245.05694988523365
45835,173.91528937680937
45836,80.21614351511586
45837,24.969144627331406
45838,253.91540745484065
45839,165.53550242879237
45840,111.26874814800786
45841,218.76412882946354
45842,430.8234552306725
45843,199.20418651270288
45844,307.53678723880915
45845,690.7625927741902
45846,261.5775361642448
45847,217.5490946290456
45848,254.07650916691878
45849,320.50927615289316
45850,383.46336233647463
45851,295.47924429331283
45852,225.07935371063556
45853,378.46974179824645
45854,208.7216334115004
45855,132.3225246764392
45856,293.1429619310566
45857,143.9670087271866
45858,114.88287929445085
45859,239.32075523371887
45860,417.2569076227266
45861,167.99338113449792
45862,146.17569502956403
45863,280.27569777994205
45864,230.87707047988843
45865,195.99401821063068
45866,150.923474078044
45867,302.7790881873651
45868,207.58956851813915
45869,304.8684692828582
45870,91.84353811176165
45871,561.9131725830739
45872,668.5474066903046
45873,113.10064668349978
45874,479.56930752114465
45875,137.61706710947374
45876,173.6229864304008
45877,83.80518272385395
45878,110.14368685022235
45879,253.15021699248794
45880,314.45373394569157
45881,288.3179444707294
45882,561.9638111725731
45883,2410.926957991244
45884,217.53103924631876
45885,259.78677161269536
45886,142.96861258656307
45887,134.79675656007544
45888,659.9351766662347
45889,199.06757930096128
45890,146.8119431731336
45891,244.50686891979603
45892,499.03745455019794
45893,168.6546018941294
45894,397.6686297795232
45895,246.6380909272607
45896,496.6875672550771
45897,178.63928083713023
45898,124.72398174432178
45899,259.0709674228847
45900,187.89913898110677
45901,120.0518735020103
45902,105.51697189592193
45903,183.5899541171294
45904,175.65882910135937
45905,144.62936692557352
45906,350.7568115493821
45907,333.58298233213475
45908,400.1102083640287
45909,164.97237266613718
45910,122.44441173177862
45911,373.9929915154676
45912,402.69877310335863
45913,228.68352284736935
45914,865.4842686677209
45915,496.67425662980764
45916,199.75098113683143
45917,184.4407448801851
45918,700.0792756669183
45919,263.8843787948302
45920,174.62781274671073
45921,245.26626147332715
45922,157.2153193849748
45923,101.60871758035073
45924,271.8484367481766
45925,251.76582071276286
45926,112.00265397542304
45927,629.8256062294672
45928,246.10642764924475
45929,202.4807413915151
45930,416.3633443429111
45931,457.1338399628995
45932,116.91266731746134
45933,428.71503078892357
45934,220.12844750236215
45935,173.99159438597277
45936,187.0250121779589
45937,209.20750970679498
45938,257.311650992815
45939,191.23030410058067
45940,148.02335246776894
45941,350.16405525357357
45942,185.4203386212321
45943,389.14695489201256
45944,351.9848872112977
45945,161.93104224277766
45946,414.4722496921684
45947,124.50806011136916
45948,121.061089740224
45949,426.4002370383887
45950,107.87191510785038
45951,225.38118373296703
45952,461.98745454533235
45953,147.99585154738395
45954,451.2668114964131
45955,193.96694056657248
45956,415.07467571292597
45957,254.6241777657111
45958,223.08312270233083
45959,112.65327682956814
45960,463.2641803798664
45961,198.6788689850104
45962,416.3112549608833
45963,237.03117720776436
45964,207.0530992013429
45965,716.3838224679447
45966,353.4083692040223
45967,181.48605616506134
45968,429.35275085558015
45969,358.1892617330897
45970,123.68743448874547
45971,431.8812033049289
45972,210.2290055669665
45973,939.5052508688754
45974,85.09082439642559
45975,234.83166767774784
45976,408.94606204745367
45977,427.30304578701487
45978,435.8352424852012
45979,137.66700035758416
45980,118.11870354724758
45981,391.16238347393937
45982,354.0550875891439
45983,290.32643546340256
45984,242.96261788607552
45985,204.04925755834876
45986,200.93712461342494
45987,419.81603813077317
45988,188.4933498496867
45989,194.01617431433286
45990,777.9090699680005
45991,155.26923625402796
45992,357.3328617908454
45993,149.54877653072688
45994,480.7008391412145
45995,244.8847580514525
45996,268.33538667796506
45997,108.25384633742563
45998,563.4754812816403
45999,373.9281432914963
46000,324.332299264768
46001,242.2844006081529
46002,208.22993590616147
46003,159.96376418078117
46004,320.5385400674772
46005,425.8457129615536
46006,193.13886067066986
46007,103.00630264716267
46008,443.09602433114276
46009,211.38342166431707
46010,125.41996226625366
46011,296.24964207198263
46012,441.32623194802
46013,585.5088052260703
46014,138.1002095865751
46015,156.04733967682947
46016,196.25544305141582
46017,143.32497880107005
46018,224.7174319564981
46019,469.2810155513116
46020,284.03856688967977
46021,198.40865688690835
46022,194.5152767884294
46023,373.8404733803333
46024,818.4618353716572
46025,195.3465723444784
46026,155.75389077750015
46027,279.49037176917153
46028,303.57757727485676
46029,204.30564885468266
46030,605.171653393584
46031,479.7492777711194
46032,201.98634111944165
46033,605.1571277190868
46034,220.09640766254543
46035,194.6368816182232
46036,214.13397777582418
46037,158.5266749933048
46038,103.755914216764
46039,420.44803042389407
46040,186.11608497714363
46041,263.58872347100646
46042,31.799057033628962
46043,388.0916837391428
46044,231.43539433380292
46045,219.49217302314503
46046,162.0819972253863
46047,272.7139236196401
46048,628.9409974743119
46049,191.87113493802846
46050,399.7252041496529
46051,176.7376481551881
46052,62.911232901954186
46053,834.4422058537823
46054,201.73669323209322
46055,114.88914494963001
46056,144.99685814954006
46057,194.87402525888103
46058,201.10573616612538
46059,281.4468115873363
46060,148.40808129793325
46061,529.8149525437065
46062,525.3702400553755
46063,378.4501358888674
46064,806.851242832646
46065,316.7783810262476
46066,192.8421566551821
46067,201.02842374717832
46068,193.5523297423862
46069,493.1691939091485
46070,203.33638453247207
46071,229.60986839978196
46072,259.7949235888461
46073,89.88439135353879
46074,250.44643995145412
46075,187.43366052349913
46076,263.5880388099003
46077,542.1148029255443
46078,129.27771150249933
46079,160.03540766081818
46080,353.92130113563326
46081,199.60998880453633
46082,236.0936323817506
46083,90.92932523626185
46084,194.2641275474919
46085,599.9462943395107
46086,233.23079785817887
46087,166.01037887018532
46088,316.4179018596974
46089,211.96155552839866
46090,323.09747858388295
46091,187.12916302043385
46092,238.67430677402433
46093,282.67772807643416
46094,158.57145558663848
46095,293.73645715783664
46096,213.65066392973807
46097,282.33299782847337
46098,164.31763178316706
46099,291.08323636013813
46100,600.8454483428978
46101,257.38432346738796
46102,242.73332960044496
46103,189.6511252597359
46104,152.2198734308318
46105,346.2224538571821
46106,258.5103872980848
46107,350.5856871929252
46108,451.42145713044596
46109,1083.7318976526021
46110,280.8818733221761
46111,252.2302023132282
46112,1323.6928014811194
46113,169.4347439619095
46114,287.63803269751895
46115,211.25426965612124
46116,415.9730890480552
46117,162.7449807871258
46118,132.68402769659374
46119,482.95186049109543
46120,224.226004569923
46121,121.2502870692393
46122,241.94690888236696
46123,496.3460391728708
46124,551.4573068681096
46125,129.41070278197927
46126,380.24331989253983
46127,100.08237232559233
46128,449.40053148568774
46129,362.79849292829647
46130,417.4157416219311
46131,193.43211019276782
46132,198.64189552651823
46133,125.02755371781745
46134,128.29760286302772
46135,212.81732745524207
46136,214.42740614221486
46137,307.6734153603349
46138,401.467223782534
46139,88.77464327274083
46140,148.56248669731812
46141,252.5755124365928
46142,672.844984617011
46143,224.16763901074262
46144,348.2097904048143
46145,364.1531736299502
46146,281.3953664592528
46147,553.2251417495849
46148,202.42574686177724
46149,276.6793650437962
46150,176.4513259393008
46151,380.24392186730284
46152,200.60938728882326
46153,307.1042474771561
46154,500.7349324249472
46155,113.5206330356052
46156,319.29353076490855
46157,109.9482780320467
46158,296.076078753201
46159,234.89653339576287
46160,198.3239553918476
46161,426.62177926563703
46162,246.86162025762707
46163,336.6690471716173
46164,230.40506875855039
46165,217.564779778889
46166,251.86239349145134
46167,307.51201966787846
46168,461.96663828635127
46169,203.22236168517531
46170,169.22179602915827
46171,281.10909003502223
46172,612.6937850073152
46173,384.51348995474524
46174,102.09508458468453
46175,228.08305522070407
46176,194.63791684589935
46177,452.37622706178354
46178,351.59342787042334
46179,312.0228288072274
46180,653.2842056471748
46181,653.2764603601835
46182,115.91994768361529
46183,235.1066962551554
46184,149.51590401220514
46185,418.49446925063154
46186,395.65156314792364
46187,262.57093374239315
46188,1879.1729229166504
46189,411.4750206287141
46190,190.55960920854488
46191,221.01766813627688
46192,112.70342964186172
46193,136.2761323648684
46194,125.33798079381063
46195,111.62569455248567
46196,232.77424925273223
46197,142.21753226196157
46198,309.49440696931543
46199,274.8389727651404
46200,186.48366699294922
46201,350.6491387814792
46202,239.8702007413
46203,229.48619009802178
46204,73.88700474471251
46205,421.61545634832777
46206,309.74878745966413
46207,221.52491474748325
46208,228.09889073601195
46209,397.58043395690413
46210,252.89768146520933
46211,274.027130302843
46212,141.46503626893133
46213,193.22622478276185
46214,472.31583285453
46215,185.9529107973515
46216,149.50066222171802
46217,184.716750419897
46218,158.9738255124045
46219,279.10292580802
46220,187.3995003190056
46221,309.1678257020591
46222,738.0860315612351
46223,95.16394496980473
46224,497.2849140481608
46225,213.60729801641767
46226,185.75712872613877
46227,130.20100651842094
46228,542.0243107135991
46229,258.96170357660037
46230,397.84057015919495
46231,248.35034962111698
46232,392.1216804682472
46233,161.56884128318632
46234,137.32614723561363
46235,151.87923030137472
46236,216.1364126926095
46237,308.4879754454778
46238,290.0989958720077
46239,50.21118287594783
46240,278.02892123092187
46241,395.4556087427198
46242,216.92059378471666
46243,201.81207658778385
46244,133.55823802774532
46245,158.43879437286003
46246,439.5226134735417
46247,461.50793909930485
46248,245.4839717058849
46249,225.12754002616055
46250,70.61705285900165
46251,341.36933110221497
46252,400.37166482883555
46253,84.85755374887258
46254,814.0753609894682
46255,472.4904967931475
46256,141.62649841557828
46257,250.23846482964333
46258,157.15058561652106
46259,163.27879447307194
46260,177.17144588305885
46261,937.0062145159116
46262,236.58639854848622
46263,266.94149161755826
46264,109.37464407463706
46265,379.3636436423637
46266,98.76340397266357
46267,188.41460626761642
46268,445.5756872956373
46269,267.7659104096452
46270,257.10256790660765
46271,153.87912724987797
46272,210.49992416095148
46273,277.512599881966
46274,170.59491658650836
46275,183.99537699281072
46276,163.36076077805095
46277,334.73437402740075
46278,143.15280004427754
46279,134.9951410406084
46280,85.73174157080864
46281,336.6123621340577
46282,123.39227437175832
46283,406.9123521079009
46284,157.45601294557073
46285,270.3238403494649
46286,206.09801616163176
46287,214.89210651206025
46288,1189.2062827268276
46289,283.46850645675244
46290,151.01962692079874
46291,139.36162168344538
46292,1253.8750154740321
46293,248.1212588146583
46294,196.4710737581517
46295,318.01165565038997
46296,147.39614440652707
46297,409.2846724007229
46298,359.5861005299978
46299,486.76108190629907
46300,186.53333003144695
46301,112.04052665550144
46302,336.53149515738875
46303,582.0751348805044
46304,225.07997697202114
46305,201.44202082315627
46306,226.9508117737007
46307,811.7299591992512
46308,214.2717363204924
46309,535.5040019933299
46310,173.1272941330577
46311,457.9083038515405
46312,298.7903576540318
46313,128.72929742630475
46314,529.8217148164055
46315,21.539375220991673
46316,132.99213152211271
46317,219.66934568153312
46318,268.24364051310783
46319,265.0110150567583
46320,203.0386581445015
46321,252.62781238595576
46322,213.66341372287116
46323,176.80749039797874
46324,120.49675724399128
46325,304.30446105054017
46326,198.86417450347224
46327,84.05356185467696
46328,313.80703770667407
46329,316.9672829228458
46330,123.14322276199768
46331,165.4856808210897
46332,204.31797185378431
46333,171.61822567411897
46334,212.2566570116978
46335,277.36270193021346
46336,309.2442509684272
46337,333.24815538599177
46338,498.8053602558092
46339,210.3784015193119
46340,322.5496018056601
46341,229.16968050110717
46342,279.7789844687469
46343,670.2108976777388
46344,632.5188982390775
46345,192.88609500113373
46346,240.8386674028884
46347,243.1583362798285
46348,205.75993056314246
46349,138.13455828546597
46350,194.40750454717232
46351,267.22826320775545
46352,220.92298759894243
46353,199.1587564774871
46354,144.3748534143537
46355,149.05993591896515
46356,232.9677675665429
46357,116.07804576364774
46358,316.4798139491867
46359,254.59194173083432
46360,223.89558628423006
46361,253.90459137358565
46362,661.304440239556
46363,222.75058544373113
46364,193.1673192222246
46365,275.74053218845773
46366,252.01339944127423
46367,308.6513808566452
46368,150.6119690410269
46369,309.81313705922327
46370,302.65223992093485
46371,244.43547775850354
46372,463.01129199885355
46373,227.8183311524732
46374,1182.524332087775
46375,238.75999873469445
46376,85.50927085321125
46377,203.06789169189767
46378,199.93378128582347
46379,165.80655888322195
46380,203.74717991186245
46381,265.76658839326063
46382,246.1126553557568
46383,88.54146844530526
46384,124.25479790694644
46385,225.15757830529012
46386,228.38146152858434
46387,245.84302779465253
46388,502.0590674351941
46389,288.9831556638788
46390,371.83201761307515
46391,646.2770414141285
46392,255.36319574453378
46393,168.91539844659306
46394,417.046825181954
46395,251.6367178825466
46396,309.9288490384823
46397,275.41653278250106
46398,514.6727819125699
46399,301.76254501557224
46400,686.7477743451443
46401,389.62699461923785
46402,132.98243187355152
46403,209.38651031062767
46404,215.44833550551732
46405,383.70518841672055
46406,228.2828027932985
46407,465.8960778735881
46408,746.202861315005
46409,332.75923630610623
46410,218.70816471482667
46411,210.05027906040394
46412,217.68003775232023
46413,204.4102325631639
46414,218.36659775547378
46415,182.98957748437851
46416,331.31172825960715
46417,116.6014711685345
46418,1034.6008042798733
46419,74.865592634005
46420,149.4491939588878
46421,405.4745315584143
46422,204.84366756367984
46423,277.96142668417025
46424,130.12674847219725
46425,456.23852396491185
46426,390.5074170542047
46427,148.2958311951909
46428,265.7920007914891
46429,103.56388353937919
46430,313.29465839911575
46431,141.7063867616663
46432,169.47441539647846
46433,108.10785919879012
46434,383.41469356094234
46435,271.20765963774693
46436,270.99069399276596
46437,385.97201872132086
46438,226.57906796766477
46439,396.5641096009903
46440,117.81290202844033
46441,374.6799590893792
46442,119.03768510030832
46443,181.02449547710196
46444,224.77919421113958
46445,256.53647667517174
46446,260.2502325453852
46447,247.77871483303448
46448,689.0326321081596
46449,217.91445492125703
46450,396.73046061660733
46451,178.39610627812357
46452,147.65230535027305
46453,328.85899270764577
46454,114.81755750796323
46455,153.6055880804345
46456,767.7968514627539
46457,268.0299439973082
46458,219.27350613402254
46459,266.0717712640118
46460,381.37741160986843
46461,169.15238737353462
46462,121.41530410163332
46463,400.77499057516803
46464,155.48247049831213
46465,124.93697663544104
46466,362.1812853343212
46467,238.77415220509525
46468,112.64933421336656
46469,302.29639536377033
46470,769.4197614726617
46471,336.98849978937966
46472,286.4533647052118
46473,166.15733659038963
46474,239.29869876429032
46475,212.77435738200603
46476,153.08452576173912
46477,126.03429358551813
46478,398.6159944922993
46479,496.25604202551926
46480,205.671820101012
46481,128.62326698948237
46482,227.30494211840826
46483,278.6653661445783
46484,158.04415413242305
46485,119.49127358916937
46486,218.64220891564517
46487,316.59265434148966
46488,224.89306549401795
46489,108.63113441816908
46490,487.54112615229405
46491,246.1552140960163
46492,340.06265523845076
46493,236.019929033846
46494,435.4845429539503
46495,172.26011637424716
46496,191.18016916156967
46497,228.9444950511798
46498,935.7388152511993
46499,491.11859766414085
46500,499.07121368593937
46501,230.19921884798632
46502,184.43772457764885
46503,555.5095868709443
46504,138.09057994844463
46505,197.84672245237795
46506,245.49082264106974
46507,153.70843116698154
46508,442.16128963383375
46509,722.516169916761
46510,154.02230047484204
46511,107.3298835263759
46512,129.19402538279647
46513,89.08372588478926
46514,222.5447287440772
46515,179.57853524067826
46516,243.736112668897
46517,114.74776708145795
46518,175.40339239491414
46519,605.3052307895855
46520,87.14538914862746
46521,229.11091271981428
46522,216.69754733055728
46523,104.74669213366228
46524,123.47559086203428
46525,510.9450587004421
46526,47.875149639494346
46527,1327.5104243405708
46528,224.07206507976872
46529,196.58159503644274
46530,219.54444258646174
46531,374.35625753644905
46532,199.10220181549636
46533,488.1700818224489
46534,189.33219223932215
46535,336.5149994921981
46536,102.46974735390403
46537,410.3617402205084
46538,334.54692860312764
46539,191.90101284012877
46540,633.7061224769209
46541,429.0760119693877
46542,105.43399057394333
46543,127.50959884655852
46544,213.21725870264794
46545,262.36099660652
46546,199.75098113683143
46547,455.68791428025236
46548,184.11384242928474
46549,286.133617048174
46550,260.5807610101779
46551,147.27791352017397
46552,324.231950960062
46553,157.86436360228336
46554,241.24249905822057
46555,389.53345307132247
46556,500.01061081682326
46557,161.35819143272766
46558,612.53542429122
46559,146.41922067427205
46560,267.12557914687255
46561,308.9095300056832
46562,41.495975796439126
46563,253.291395793647
46564,235.09609939327228
46565,114.75112901873902
46566,147.36709592558284
46567,397.4743312101994
46568,137.63007722078345
46569,422.3843281791934
46570,194.39041127697124
46571,128.83000209492553
46572,356.8649910440084
46573,253.91860327303272
46574,232.19033237372977
46575,216.45139906838548
46576,169.19659219276943
46577,115.7813023833363
46578,566.1970647947405
46579,215.1226962468124
46580,237.99546024762725
46581,190.89848288308715
46582,133.0883599356531
46583,446.0529161555281
46584,493.9458439510226
46585,1089.759488258074
46586,225.95978336736482
46587,190.24899901457573
46588,268.1250525926812
46589,331.6076238307593
46590,282.79304224883555
46591,181.9453426440603
46592,349.66288614116525
46593,138.07759836808938
46594,241.46537484477838
46595,135.90643916143563
46596,285.89584653165144
46597,238.08036154367096
46598,257.0971291418216
46599,500.36068820772635
46600,355.2697100882793
46601,569.9378613289642
46602,331.3433536363779
46603,206.18447385787027
46604,493.5866581552491
46605,240.65673194348622
46606,254.99784405991699
46607,54.920640701633396
46608,231.7696300468146
46609,213.58046449304885
46610,336.55543869682907
46611,433.32024841510855
46612,117.87060566168415
46613,100.41693318307128
46614,145.5337654399932
46615,353.0212799620365
46616,165.20414639785005
46617,324.2463408869639
46618,444.46308803913865
46619,148.14177852987567
46620,227.47308736906095
46621,214.87984074766638
46622,208.6981928448267
46623,86.82318629585329
46624,231.41949687511396
46625,206.40157760431902
46626,353.2360809870042
46627,400.02620661213996
46628,219.49881555533645
46629,251.719413298843
46630,390.4721749559762
46631,228.9216323254292
46632,229.85795154246222
46633,461.1129166806948
46634,328.9086405084422
46635,361.95548259732976
46636,819.3096779661288
46637,251.3856853780866
46638,79.50028337038513
46639,191.65192688552588
46640,383.9250186599524
46641,269.0145132957112
46642,1055.8801677564115
46643,263.25269096308347
46644,350.124469252607
46645,554.8449271901084
46646,150.46196507287567
46647,299.9997754292272
46648,246.43028250057276
46649,442.8725985257432
46650,266.8791550095176
46651,1005.3810048313305
46652,244.99981174815036
46653,177.78142705826946
46654,289.7282051948549
46655,391.33139766565574
46656,194.0301552219518
46657,129.2951620396593
46658,295.258535750145
46659,507.5080125258112
46660,442.07769908630246
46661,256.8329892051753
46662,312.03254543987
46663,223.55232879048694
46664,226.9993951376598
46665,164.21775715352604
46666,135.09010229859845
46667,418.89026694645673
46668,277.7285640194125
46669,367.59514900543843
46670,217.6665684938181
46671,551.1931151658683
46672,75.24785653587772
46673,334.3163639996822
46674,99.76002293542608
46675,333.3386350814211
46676,191.63047945137893
46677,328.35187575930513
46678,122.01517954107938
46679,115.47684080897899
46680,413.4730526023154
46681,254.2409102626229
46682,197.0156005697029
46683,144.9941506524938
46684,190.96245699823632
46685,330.5182375243624
46686,676.2147755203655
46687,341.90806889745727
46688,365.51977831955276
46689,150.91525823767242
46690,114.27819250876578
46691,223.74411305560847
46692,107.08706596604627
46693,157.2602850550396
46694,346.01460102402143
46695,314.90913895833467
46696,246.19324592753313
46697,98.01622008811835
46698,174.90542815213
46699,657.8021199216594
46700,94.43403324815668
46701,150.0507485545067
46702,360.95630814259204
46703,165.35581460525304
46704,236.57457244624237
46705,153.83532983764323
46706,236.76900010104518
46707,482.8365430247283
46708,211.31006880988292
46709,204.1482230485951
46710,139.20945786253813
46711,315.5609663778824
46712,521.886479453989
46713,237.4274040915238
46714,267.7630611590282
46715,457.80144308156997
46716,253.23980736660513
46717,446.14089131013463
46718,498.8756794674349
46719,195.0422813531324
46720,757.8860937212766
46721,421.602758852322
46722,328.38927619213075
46723,293.4368527257264
46724,134.34721364882273
46725,403.7598273283671
46726,239.21675499482666
46727,205.09863353247243
46728,211.696830356318
46729,128.9701544010722
46730,163.72266193168917
46731,335.1873738204535
46732,262.40824615602656
46733,135.52418088310154
46734,587.6051271069781
46735,150.923474078044
46736,244.67946713300856
46737,89.58116823377411
46738,210.49537597292004
46739,255.80098778484776
46740,324.76826348977517
46741,221.35731359459984
46742,204.49463175605115
46743,280.32060349684343
46744,230.0337466393902
46745,284.7985083704298
46746,398.7069004060207
46747,229.367332828991
46748,688.7145679646212
46749,231.9116195705201
46750,120.86744453093104
46751,91.42717167367391
46752,228.05988735550977
46753,262.35817473223295
46754,359.37754772417793
46755,423.0290076383452
46756,209.09344267358387
46757,64.69863473119055
46758,188.16104484265725
46759,442.48859784027127
46760,132.7850584486967
46761,190.20941947835942
46762,799.2671904455706
46763,282.1681805848389
46764,151.03065833481415
46765,681.5430533754578
46766,325.4993299790075
46767,101.50859745447656
46768,140.62558005314915
46769,276.88182470957895
46770,407.96496950985227
46771,189.28704626121555
46772,417.31272065410036
46773,329.02624809565754
46774,253.79652528248192
46775,668.9610892468421
46776,183.03183657986273
46777,481.5180198981663
46778,170.77135129199502
46779,221.67796473875532
46780,308.8526510970178
46781,448.076022847385
46782,588.6585945992291
46783,182.92048116679416
46784,175.06197057371287
46785,861.4312214777457
46786,281.55120562153235
46787,505.19805097457254
46788,72.86137480456414
46789,258.0454194609677
46790,430.3576662065652
46791,460.83190958685447
46792,16.738868954802538
46793,426.0434265063816
46794,199.79257333325313
46795,96.51508138783554
46796,172.55510222931053
46797,314.0110538231353
46798,182.2232678960663
46799,251.25320545834447
46800,128.25405887450847
46801,186.8994061767738
46802,321.63671677403164
46803,204.20335076210367
46804,178.09597652086555
46805,190.4944333775159
46806,514.2899208055393
46807,292.69257102555923
46808,235.15446570633895
46809,214.73183878249006
46810,355.6988144497613
46811,133.56282174202084
46812,576.7605239043983
46813,409.1749079013752
46814,193.65665548349844
46815,412.150173019332
46816,208.4579964502956
46817,438.3346873350744
46818,485.27534168236446
46819,332.74005949862294
46820,636.5770785291855
46821,175.30832277437946
46822,125.70288466809905
46823,252.41547752960693
46824,187.25595359521157
46825,273.9242640662066
46826,295.0782095433986
46827,510.35240138033623
46828,497.5347576401346
46829,642.9077980704807
46830,281.55363044930596
46831,172.83993203671642
46832,209.9849212812712
46833,689.9626556257653
46834,306.60181421728703
46835,186.81462021431375
46836,140.64406188013209
46837,776.9937862824369
46838,331.7405479973057
46839,275.1180631353594
46840,354.5077974850694
46841,183.25525220846728
46842,354.87473541336885
46843,758.0642457566638
46844,115.77798407905767
46845,208.55580137430238
46846,147.80808362771484
46847,305.71590761189134
46848,259.56713430084545
46849,217.3753426878244
46850,445.0075301650542
46851,421.1680912198043
46852,162.86838894525906
46853,296.16893507940773
46854,180.1515493595572
46855,109.17027276725767
46856,633.7949839321249
46857,391.5628063646843
46858,216.93022797705885
46859,117.80374860944927
46860,174.42696163569897
46861,581.7042702749471
46862,188.0698241798517
46863,202.66660088393942
46864,214.56648363998534
46865,144.95973373905392
46866,187.0048074028202
46867,207.22482157758458
46868,174.3662439939494
46869,200.1744141839077
46870,362.39427650236064
46871,292.13772279741227
46872,488.41091828392285
46873,83.41596179149623
46874,215.29306032480426
46875,253.37685908022317
46876,266.3093242011566
46877,217.345996859045
46878,639.6548715654326
46879,282.1816439597531
46880,457.7390920713492
46881,80.14083087040407
46882,336.63652149032
46883,194.00131646013656
46884,107.07457190027188
46885,308.4522474954408
46886,257.9019221278877
46887,156.66135118066688
46888,294.2658009573318
46889,256.8877358302625
46890,298.13920616159254
46891,476.5166183950059
46892,251.92802761329094
46893,550.0129745295634
46894,149.96517648042644
46895,314.0122085770914
46896,517.3198453937795
46897,157.32671279095038
46898,204.27354531535747
46899,149.13547250675708
46900,305.6969726025982
46901,359.02926829122384
46902,215.34689824776027
46903,193.07786828995873
46904,252.56827421771314
46905,243.9605199409329
46906,177.93242051121825
46907,100.80500523018198
46908,185.5913111463745
46909,153.61459089292887
46910,148.8682536350566
46911,249.13936374809424
46912,255.08086429845918
46913,310.607038496194
46914,223.85063656123438
46915,178.2743585454461
46916,142.62234136183886
46917,239.94707957162115
46918,234.98481672091066
46919,125.86828894060801
46920,152.3718912565193
46921,278.7282723557886
46922,432.86575774110116
46923,249.08504186686312
46924,256.6097708104493
46925,252.9684077796657
46926,1015.5145664797496
46927,244.05007296334824
46928,244.24386199248653
46929,110.4709490543801
46930,536.8096715087839
46931,337.2000035648279
46932,175.65007346181818
46933,422.52819826768007
46934,122.29290775844851
46935,241.32029413934904
46936,356.4841020323502
46937,162.5044622932135
46938,242.66376440595786
46939,334.4462451278681
46940,176.61824118679735
46941,214.07001476889386
46942,132.98187738976355
46943,288.55137425880054
46944,188.25365240076192
46945,105.83764018829568
46946,262.9781035123656
46947,210.63672962678802
46948,443.3651460244741
46949,225.70099584607394
46950,232.97264404969397
46951,113.77789877382008
46952,240.70247218875804
46953,228.06022750301543
46954,136.94106734487846
46955,274.60516172849015
46956,463.730024871991
46957,227.16566733603727
46958,210.64759940338675
46959,336.56315516369773
46960,220.806637160545
46961,187.22711186747767
46962,207.91562417296097
46963,292.55103148866976
46964,495.01697274528374
46965,197.41140888812933
46966,348.81144587742864
46967,452.2507043463367
46968,402.5559020600193
46969,179.53054812305294
46970,186.2188216615269
46971,236.10852546951566
46972,256.00570833707667
46973,296.1442487380577
46974,138.72454795198405
46975,132.36052637782774
46976,275.3533224972083
46977,146.8629097300481
46978,106.22772234774268
46979,443.3077708054272
46980,191.64516821545504
46981,383.1441239961218
46982,140.1850418125159
46983,234.4685689730187
46984,283.08491932999
46985,149.52347877010538
46986,226.58379100366923
46987,243.5045934088937
46988,219.67781797827973
46989,172.3060854513615
46990,266.1453196159448
46991,907.6737825956959
46992,161.2625552773982
46993,204.5236454281422
46994,280.91114130259155
46995,133.64147962459657
46996,516.580429017763
46997,114.50021104985903
46998,170.3980381169537
46999,140.1850418125159
47000,159.750529936497
47001,492.55114289082553
47002,171.73123616481257
47003,274.1951229401556
47004,330.68778345793993
47005,225.15931209865886
47006,320.00454893012153
47007,165.12959078341265
47008,434.3349624502352
47009,154.2355347191262
47010,436.53469016092566
47011,387.7871799830269
47012,203.13499090245108
47013,150.64595449863458
47014,186.92478757219928
47015,240.26868925446675
47016,208.05513856819772
47017,227.42917898149395
47018,241.92081205997397
47019,279.2277142256742
47020,193.3316710593234
47021,1070.162527893119
47022,160.07707373146985
47023,596.9464630236524
47024,322.33636756137594
47025,170.7089779284443
47026,199.98713972341966
47027,204.88617296141715
47028,344.9125824097806
47029,166.71321094615882
47030,105.08553381367423
47031,265.87907670765287
47032,308.5955074680199
47033,321.6489078135145
47034,198.23888570817132
47035,397.0041303981159
47036,217.1731869726297
47037,80.29824304252271
47038,221.86833371705484
47039,304.7603329951744
47040,392.18873841512817
47041,883.5881079178514
47042,134.6313661478568
47043,188.61382208181996
47044,393.80749491625613
47045,112.52248509600541
47046,743.6535353580302
47047,305.7576078609688
47048,106.73855878019995
47049,124.45737682676268
47050,136.25539231869476
47051,242.32625014231235
47052,313.62014238446596
47053,147.78187297533913
47054,95.6501539310722
47055,117.0141116567384
47056,129.19562980365083
47057,203.72833769664933
47058,328.39442716739956
47059,338.957770560018
47060,235.90778115180697
47061,249.35430615777116
47062,267.09639081494544
47063,170.90746637451758
47064,174.90061436107692
47065,110.53870410044082
47066,411.82660246807876
47067,139.24256276147722
47068,223.26384842656776
47069,720.5518954271447
47070,238.83762010047073
47071,150.73969111737588
47072,383.02174966353886
47073,190.5832471259145
47074,209.75693166629844
47075,257.85293655251076
47076,134.21364691739947
47077,219.29018996631018
47078,238.6290309509714
47079,210.72786995427333
47080,179.1868437372339
47081,333.59897966918436
47082,209.85148224238077
47083,418.69420916970347
47084,317.88194709042847
47085,278.07273078801603
47086,129.9236061094786
47087,248.9054624850611
47088,305.1471708030857
47089,256.8074607603865
47090,164.42852939650615
47091,219.3894551809714
47092,161.15215767005535
47093,263.1878414069677
47094,319.9401602563559
47095,131.0445296326614
47096,185.89966390379954
47097,200.41297488264084
47098,729.3140120869464
47099,387.3933277215004
47100,571.9926411939728
47101,227.7164257885798
47102,109.0605306476835
47103,278.3837830010744
47104,205.40503838677375
47105,374.8250152854382
47106,123.09578321708247
47107,208.61894288500162
47108,309.0150551453229
47109,178.54127771912306
47110,832.388543889591
47111,229.35105216485704
47112,159.0331746155449
47113,136.66121031849337
47114,174.87957303434743
47115,675.666743928017
47116,118.69884964825462
47117,518.9533305534185
47118,220.7877223990972
47119,128.37657364914986
47120,212.428432244197
47121,366.3208626085236
47122,283.694534531815
47123,318.47562990771536
47124,775.3581715654742
47125,283.67732521723303
47126,190.15677989099132
47127,212.2927561099393
47128,303.88801187287334
47129,345.40450406355205
47130,496.72429169268696
47131,465.7714757513971
47132,764.1369274691917
47133,118.34376858552508
47134,312.4404847108042
47135,809.0848354535779
47136,226.53143948705704
47137,335.7501779836807
47138,198.42992513686417
47139,120.03512006653801
47140,203.06398536440403
47141,292.08265688881875
47142,400.1921406554953
47143,565.9137191944212
47144,250.39726206690676
47145,400.6455740412517
47146,103.06076735757343
47147,435.6890673994061
47148,121.35327315996861
47149,97.3261140422562
47150,275.4009963627348
47151,322.114682359316
47152,535.1505628632066
47153,230.69415852339202
47154,355.1375913831173
47155,224.2908324526739
47156,144.56841812021912
47157,153.2602682711315
47158,121.4981026493926
47159,155.44291695852812
47160,195.5028801708731
47161,894.4440170728083
47162,175.57034911795122
47163,287.81792882025485
47164,149.80884932807587
47165,205.7349709136569
47166,170.83845918762145
47167,288.5432799783812
47168,350.26205347436036
47169,243.428018412684
47170,120.42731977788503
47171,128.36142440467947
47172,132.73627324204006
47173,128.96331945618704
47174,433.2460427289635
47175,154.8324266232433
47176,227.19022811958533
47177,289.90713214862836
47178,222.64870477102448
47179,203.58207339530398
47180,168.7389001271716
47181,337.21594112101997
47182,300.78962060079795
47183,297.9485326816784
47184,69.16442821503848
47185,53.099376917040836
47186,413.05864160031086
47187,547.3537103412017
47188,122.87526881068878
47189,258.3351866205188
47190,336.8377129147309
47191,274.28899796252153
47192,227.1158559116178
47193,414.675819363191
47194,230.15304105416186
47195,147.60428703159963
47196,235.66920692551906
47197,155.13217491354658
47198,335.7249526277969
47199,409.4112380104975
47200,201.5081628726475
47201,230.34345003708702
47202,355.268809663538
47203,263.2210213332212
47204,260.1912151160018
47205,472.377504018265
47206,111.45837636245355
47207,130.09323605430856
47208,194.88060498003776
47209,393.8049379776777
47210,100.23793177235936
47211,258.3699548425276
47212,132.26531418083812
47213,280.9821282623919
47214,211.52330508279513
47215,202.74991288474519
47216,233.9450370993454
47217,545.8775373553171
47218,251.3856853780866
47219,207.8082391403012
47220,135.68965615567
47221,335.65115623328387
47222,358.1196101010993
47223,247.4786021529003
47224,283.2078772824954
47225,177.39512723847122
47226,467.1440246976667
47227,379.615448361247
47228,172.14436273974823
47229,126.47632858415
47230,203.32894275846266
47231,487.8909885082787
47232,371.4827631895583
47233,283.8384882123211
47234,276.48283756069617
47235,287.5262951906659
47236,311.54940340466817
47237,283.8060425915916
47238,215.9189347873145
47239,194.73880845928957
47240,110.53979383782325
47241,239.75970127941943
47242,241.19049721778654
47243,117.73119642304174
47244,131.21298193667886
47245,247.74729584826576
47246,220.41990342678523
47247,975.58202151758
47248,459.304062640016
47249,977.5734539938163
47250,190.8810116245882
47251,337.8980023008993
47252,266.5804973236702
47253,146.9604626219551
47254,228.71115514728885
47255,173.493762042346
47256,228.04316586783006
47257,446.2881807513273
47258,132.9725025421581
47259,239.52707514914312
47260,307.5317986892605
47261,203.45697977241267
47262,137.7707248391126
47263,290.1419537562776
47264,148.30666021145822
47265,256.38307223942206
47266,389.6678327196204
47267,242.56991706065966
47268,346.1392209180051
47269,240.49402982381224
47270,192.81046373398598
47271,178.36848091103937
47272,304.0397358784595
47273,315.90900230606
47274,300.84208264256
47275,148.4354446615673
47276,265.502904582987
47277,306.6338781559663
47278,83.26801710543555
47279,168.7758930971274
47280,165.3253454863636
47281,336.1788340752694
47282,379.02702074182014
47283,1793.5623500202412
47284,361.31690756856824
47285,151.4687517389435
47286,308.2717454830828
47287,757.6625352587229
47288,270.83829224223035
47289,388.55091975696456
47290,252.27397119797203
47291,207.04659311540647
47292,299.2443052944394
47293,420.59945045372285
47294,257.8481254497319
47295,189.99995126941124
47296,238.3618216648284
47297,132.5058973200328
47298,298.312647819533
47299,211.21099782636804
47300,289.66241045182994
47301,205.8357881179091
47302,173.58525730253004
47303,184.46205181066338
47304,210.82102703709938
47305,243.8303129866198
47306,336.5612416792298
47307,228.7433354201335
47308,309.83406596116924
47309,282.2192070044112
47310,515.8194525341062
47311,650.884681825339
47312,277.4661307652866
47313,244.18713074678752
47314,1128.7114588498075
47315,194.44779328864638
47316,700.4288485000277
47317,308.87436817884014
47318,137.38802767710445
47319,498.8514569356608
47320,268.0035545079365
47321,263.18208141934247
47322,382.39463138112006
47323,257.3563555104583
47324,301.4454972021374
47325,130.89223022019578
47326,222.13966531681757
47327,151.5481973094081
47328,398.67567194155066
47329,240.0909903620271
47330,677.0623054633669
47331,236.54950405411046
47332,470.08762976361936
47333,181.76326013684113
47334,177.51614103939087
47335,245.38970874610598
47336,408.9705619509536
47337,438.9410950868773
47338,167.54123853039903
47339,339.4699143393239
47340,149.3156669231958
47341,220.7167182107208
47342,198.72885317398186
47343,125.82696848961217
47344,210.47048198007175
47345,279.4341251539896
47346,176.1512725461316
47347,262.7736486582149
47348,147.16562194456102
47349,150.9405644449983
47350,355.03927056293713
47351,169.40326415949525
47352,442.06610932765403
47353,358.5254765979021
47354,204.0597864932774
47355,285.9644103090497
47356,203.31800607470757
47357,190.7854031793891
47358,187.74430247684683
47359,181.35916710614396
47360,451.6392712564992
47361,280.5957105144214
47362,114.01741030171023
47363,159.46456569975783
47364,429.9339078071328
47365,114.32954783298445
47366,771.2778668620367
47367,158.33604612194117
47368,74.53480998681981
47369,364.34349785134884
47370,162.40913024354927
47371,362.87981402334754
47372,746.8056893320721
47373,176.36321346249028
47374,436.27626336336607
47375,210.5961732453324
47376,231.01596093232945
47377,524.2970741670948
47378,204.2627034683312
47379,243.5218685103651
47380,333.61497152241685
47381,763.0986000421758
47382,350.01204496460565
47383,103.75206407102941
47384,375.1769672516108
47385,150.17664222689692
47386,194.13457622849106
47387,161.30898088245786
47388,343.53719518744117
47389,231.09635004195331
47390,222.2022457612957
47391,1415.3705603377282
47392,218.78905354496328
47393,189.48060189982917
47394,248.6521987848106
47395,198.81828470699645
47396,235.7579333762523
47397,245.54412254811712
47398,121.43664839736783
47399,111.17715515658665
47400,316.18916187958837
47401,212.9362605841514
47402,298.63138657161323
47403,107.31449142835605
47404,186.48366699294922
47405,381.72198951025285
47406,205.05716424220532
47407,218.27668501487003
47408,935.0378997946331
47409,333.2178862136862
47410,490.6984033317041
47411,525.6246973471224
47412,444.8270348344317
47413,241.22347537075845
47414,142.05270580645038
47415,432.2796137856795
47416,291.5846378599372
47417,145.75286035397534
47418,173.6094104223865
47419,134.96874326730713
47420,192.49321241550788
47421,178.34467043735984
47422,358.76079173846296
47423,203.6144189523851
47424,375.20748497358665
47425,255.41908271743915
47426,147.77330999637823
47427,398.27710526453757
47428,422.86131609005355
47429,441.1168813016765
47430,507.3663343082545
47431,335.5283638631175
47432,309.1417630362024
47433,139.0627608225694
47434,198.42581994441736
47435,425.7054366872841
47436,248.84620880509564
47437,139.94334897976384
47438,385.7318174070517
47439,523.8282465329263
47440,197.00376095823788
47441,288.52364921304405
47442,188.0753138706646
47443,239.2367816013314
47444,282.21698818069063
47445,392.7625168432019
47446,101.50315573753481
47447,112.68899212044315
47448,140.19727286603467
47449,272.4332292283982
47450,284.534267233957
47451,233.75901021485285
47452,584.666825378584
47453,242.53821841595737
47454,138.6279250398004
47455,519.4714550088117
47456,210.44426929718261
47457,350.9616776306578
47458,475.48776530148325
47459,374.0786047303121
47460,314.4369116932036
47461,196.71814381056575
47462,187.50136535364538
47463,622.5324802390742
47464,144.7789925622464
47465,442.4316332284291
47466,319.6941308566036
47467,360.5395019291941
47468,352.4885116989559
47469,565.5911121869397
47470,334.077852072692
47471,209.36161453736594
47472,293.79951565721234
47473,153.53308253597237
47474,354.8890000334886
47475,175.8375775008012
47476,614.8589475737699
47477,218.97389934074258
47478,236.5710550708231
47479,538.8535430662627
47480,181.2268625766156
47481,146.31483820680498
47482,223.9868198904292
47483,357.9760274888056
47484,651.4877513156299
47485,316.2492231608801
47486,841.3960014216505
47487,72.94744228331517
47488,564.4429107193589
47489,277.8958398084491
47490,308.83798521151454
47491,222.0271293024405
47492,238.82747977050576
47493,129.6119877551249
47494,413.43097584748006
47495,97.0037513430494
47496,197.93125745579846
47497,255.2542749780526
47498,165.94089731075883
47499,209.21388773594248
47500,105.29116041017787
47501,259.51301021650124
47502,225.60944099844542
47503,332.00212478990903
47504,167.74713102843674
47505,149.12915972141468
47506,248.2544765430034
47507,294.5374419192826
47508,93.99969343555344
47509,232.51514440518503
47510,983.6815268392601
47511,1842.2730604609296
47512,173.85471439731901
47513,221.100147730648
47514,429.927424554412
47515,687.2245187268219
47516,545.6860126337286
47517,742.9217890535909
47518,332.1468537928374
47519,211.48589777736623
47520,411.79955971759387
47521,190.0693492359116
47522,312.3970023475208
47523,436.10356633235386
47524,209.65897942147302
47525,1039.2663968326426
47526,207.9968214663608
47527,236.95764258891353
47528,221.82930034947697
47529,343.2705813339141
47530,243.0459796834081
47531,205.25359750441177
47532,318.1634616504079
47533,228.9289307665531
47534,247.3685726196854
47535,168.16426984624115
47536,254.91300375085058
47537,338.8466206463401
47538,331.92356785305816
47539,242.979915057313
47540,942.1657236638733
47541,175.86058979401943
47542,363.2192823536377
47543,300.30629280028
47544,165.88340641186653
47545,315.5158178629572
47546,452.1873393519021
47547,633.8730475796546
47548,275.1549606584139
47549,733.9973821433944
47550,466.19627184779955
47551,134.01910372323997
47552,102.32076860684272
47553,122.69623497243221
47554,246.0317070738691
47555,284.7016595449562
47556,782.0788903889949
47557,156.52437337217415
47558,214.44022262564877
47559,210.7872716744288
47560,192.2542208431464
47561,171.14229519893263
47562,131.0014564578032
47563,126.13556342038765
47564,153.79983882565605
47565,253.57837808061325
47566,306.44915605888013
47567,194.0382681742707
47568,269.9332086921474
47569,154.01972924031375
47570,173.19815812018751
47571,247.31469201895607
47572,161.80574936305848
47573,55.143043024406666
47574,145.49350876071642
47575,352.0616171115986
47576,181.75926779311317
47577,115.10993377067526
47578,249.1699523221734
47579,135.72808745533968
47580,239.8901485309818
47581,171.58231247813276
47582,291.65935748535435
47583,339.4420748526693
47584,785.0720268329901
47585,206.89037214062063
47586,274.0040329707626
47587,175.98732588163318
47588,236.08237130658372
47589,336.09301475042747
47590,257.87628134229175
47591,136.92239314415096
47592,99.49989871424296
47593,227.30879763989705
47594,299.84783053399474
47595,168.78015588859677
47596,245.5967733583303
47597,275.00760923252386
47598,113.26476169262543
47599,394.8396234544222
47600,302.99498481543475
47601,306.8860361423104
47602,247.92104198485686
47603,145.5150142900251
47604,558.1774019449347
47605,240.36177117114315
47606,391.3067434843763
47607,194.7553668011548
47608,243.89603468334622
47609,219.95968038405448
47610,588.1819278044012
47611,261.2205487774195
47612,1339.147523938776
47613,209.9648399802482
47614,629.2115703258597
47615,300.02579534446255
47616,167.04429654470076
47617,239.2958861997215
47618,278.9913468672568
47619,294.74761156028836
47620,537.6666155677107
47621,458.94939103553645
47622,254.04757533289015
47623,381.2014694539881
47624,297.7042544676006
47625,181.0323076184431
47626,213.08147020745213
47627,157.67834482061863
47628,194.21887899732863
47629,269.3008367366774
47630,158.96450451963247
47631,308.15386564704386
47632,194.2644394293123
47633,113.41618995566432
47634,219.87793091489456
47635,205.5467897926232
47636,226.5498490578309
47637,476.03901165119237
47638,139.33613835989513
47639,112.11587344408952
47640,271.1656756569287
47641,117.33456850145868
47642,271.9280544529495
47643,486.3555234457871
47644,263.25330712013306
47645,346.9756808282563
47646,728.2647389810891
47647,218.71141428941738
47648,438.8603744429323
47649,220.95976917899154
47650,353.1686940780208
47651,308.9700809167502
47652,148.54489432551756
47653,268.45993974896874
47654,335.09040157137747
47655,589.0558523559583
47656,209.6600023735016
47657,201.3037170845293
47658,224.26297077137997
47659,213.56752086232936
47660,213.44249972441608
47661,310.7440528661425
47662,163.8984211584183
47663,358.31959083559946
47664,275.80916979569133
47665,373.02002695390456
47666,432.8818061880268
47667,281.6663259829698
47668,147.81373230342703
47669,199.40222512954716
47670,190.0012028656515
47671,337.6742284452374
47672,243.3824667155381
47673,168.69125407879812
47674,220.8805468334919
47675,205.6680000475968
47676,508.39854644878255
47677,276.9791331814586
47678,303.6510215195593
47679,208.9400026466922
47680,876.8263003764354
47681,576.6052591843281
47682,235.97223621152304
47683,120.31585888084892
47684,240.20418472545467
47685,153.5238909879338
47686,545.813808411043
47687,472.84531131206916
47688,280.33298722795524
47689,94.96473883119128
47690,360.64392201416604
47691,166.8496742974267
47692,170.2430284955315
47693,324.2130676104807
47694,125.6477431856752
47695,627.6272908715956
47696,315.1057091999243
47697,228.5789711504047
47698,248.09995999995272
47699,137.71239474170147
47700,258.40717741483735
47701,675.7610323417889
47702,211.11117121182352
47703,493.3689613923877
47704,259.0104833404426
47705,248.89839144603496
47706,313.9370573171484
47707,291.04413165445135
47708,177.49197428963774
47709,337.49636593946025
47710,235.51679686542283
47711,282.13655049948096
47712,435.51284627804074
47713,220.6615194076082
47714,127.08456660130294
47715,106.41243951736071
47716,279.7276937621631
47717,223.7185782184225
47718,106.24998003608997
47719,323.8876824984287
47720,449.1694357010902
47721,205.1218779701349
47722,172.0784337941059
47723,250.84023208299215
47724,401.16508259137294
47725,219.11061064582967
47726,401.62519155293654
47727,242.1035841562007
47728,263.02068244525213
47729,147.8418581766223
47730,221.7947519497055
47731,170.8535331649359
47732,189.14845116993033
47733,426.227381446743
47734,104.38802958257266
47735,246.25846805576182
47736,443.45785497648785
47737,177.55157603843895
47738,478.81586073150794
47739,638.1304441953457
47740,484.9037610817876
47741,142.95254175796865
47742,640.1240834166773
47743,109.90402926269995
47744,246.25846805576182
47745,531.195597509162
47746,291.1035708010484
47747,201.2521065888164
47748,238.53742147787372
47749,310.52057238616254
47750,232.02956836266486
47751,360.46723510921083
47752,443.8915982922438
47753,241.3304994199233
47754,230.24917804029207
47755,135.72787321563055
47756,274.00227372397313
47757,391.28192010597894
47758,160.58574874719162
47759,146.3884923871213
47760,701.910132493041
47761,139.7991977793079
47762,209.68331123931375
47763,185.12570668397424
47764,273.49113570654583
47765,221.97811300836474
47766,283.93660645348797
47767,256.30443731986435
47768,561.0554097694543
47769,204.96396691050327
47770,166.2649391437018
47771,351.7120804901293
47772,227.78105466512613
47773,141.42000020691728
47774,381.5754912855756
47775,318.5976863615691
47776,724.7895337991198
47777,260.0970980980901
47778,244.99394862283566
47779,206.76818693410385
47780,129.59478215752884
47781,197.97279402893872
47782,660.6211706933897
47783,356.9642754043014
47784,1278.9506124355516
47785,270.4762170159769
47786,539.6486460817679
47787,262.1079400543791
47788,362.85323973021815
47789,287.5683486762534
47790,115.64124358609492
47791,219.821425713114
47792,112.18912165145105
47793,132.7292888669763
47794,363.01913315021676
47795,320.61418674884385
47796,306.0240712419171
47797,188.28293690217433
47798,175.12448789672558
47799,177.2505830410024
47800,224.14221174961352
47801,364.2787347295451
47802,367.3063152573099
47803,283.41451316760936
47804,213.73585780536646
47805,346.3251731006567
47806,126.91698757838611
47807,1036.4867727095684
47808,102.06422984229253
47809,215.10303858424754
47810,637.7854773641411
47811,638.7986623963006
47812,325.46332773586494
47813,438.4206470204496
47814,145.71746358875237
47815,561.9131725830739
47816,225.2544031774966
47817,232.90358792522096
47818,149.71153694656385
47819,415.7546103341585
47820,76.67990719085489
47821,262.6208876030388
47822,187.09961912372415
47823,110.81592941686611
47824,355.2633312974429
47825,266.1180426014944
47826,489.33867274001983
47827,7453.185472007253
47828,388.9496314291006
47829,233.678393958988
47830,232.54157834621233
47831,210.73276685819422
47832,148.64582865877748
47833,615.0555780505143
47834,197.09649275666547
47835,135.39593576386582
47836,405.18894591687575
47837,196.44346005262102
47838,241.78488166691835
47839,114.72760991477968
47840,89.75660721393903
47841,354.8643148304499
47842,350.2074437988151
47843,141.43494048054288
47844,230.70408690890866
47845,254.35673286378423
47846,155.88813846677553
47847,153.14531734174778
47848,361.77375102355563
47849,196.75772709785412
47850,258.4099876887813
47851,437.38438855804645
47852,109.99279307103927
47853,775.9125186965501
47854,592.4069211933904
47855,304.0636786596654
47856,400.7239879698301
47857,529.8251429301301
47858,117.8458583673284
47859,116.7708488293917
47860,49.93516276731982
47861,168.82833471055133
47862,311.18643225022413
47863,143.7756064718951
47864,182.71836465241586
47865,254.56185590057706
47866,243.68495197246125
47867,351.07135642695334
47868,195.42171854385404
47869,197.29632776490325
47870,262.807448200968
47871,149.4416449129266
47872,211.7632375443066
47873,245.75963503307284
47874,210.1402918932392
47875,291.3554417535427
47876,244.28077504409927
47877,264.1418627497008
47878,352.4443606595346
47879,544.1300433018024
47880,191.79479040758824
47881,117.93697230876614
47882,163.5740980575281
47883,76.21670685907331
47884,94.66293435409676
47885,241.59045811932123
47886,120.9907116554075
47887,361.0323659649843
47888,539.4752492103295
47889,184.5783584225577
47890,736.3761383822247
47891,464.00450456021747
47892,211.8183877206016
47893,202.2277691126327
47894,266.5583729283922
47895,197.22742181302067
47896,204.61229725686513
47897,283.41133481756304
47898,335.3036358156616
47899,160.29886297555143
47900,271.4246941545454
47901,397.7842989132127
47902,310.5295207311817
47903,211.869123167621
47904,326.69586773219345
47905,336.81585135929873
47906,402.2210410824255
47907,484.5681006814611
47908,214.76304389096768
47909,440.15003085830216
47910,376.8457412293845
47911,452.6730199750636
47912,320.79880177364936
47913,407.96012365508136
47914,171.1377220245487
47915,203.66617988950935
47916,310.90724639365845
47917,266.0367575151267
47918,475.5959521691683
47919,149.1468639124957
47920,402.1149504636958
47921,172.4551889794569
47922,89.94265225820361
47923,133.8077749150396
47924,420.23479617960993
47925,243.25225770258908
47926,626.1830074882575
47927,277.1663671493265
47928,1077.5997701907525
47929,92.87776810066632
47930,247.42706533641706
47931,214.50042216825375
47932,251.2092888388446
47933,185.9119823929261
47934,355.02273778786
47935,155.93637035804417
47936,272.55616808161204
47937,243.60401267825415
47938,833.0609935423728
47939,271.19819854367404
47940,768.777546722688
47941,318.44054018469706
47942,1071.5614815015142
47943,153.9869083684618
47944,251.86322314491403
47945,599.5807704387355
47946,194.65086939226094
47947,179.51749455866818
47948,154.36566156359075
47949,147.13879456969954
47950,251.98727422256826
47951,366.6723772973871
47952,208.48616000205476
47953,196.55214880845833
47954,329.9598551535975
47955,340.0553178604507
47956,162.56732124506843
47957,489.68547753751784
47958,136.43114064667049
47959,135.96407947319815
47960,138.92590494683776
47961,376.65015964728275
47962,132.58131601806306
47963,231.24259438066352
47964,593.8555734068482
47965,358.57975051470066
47966,147.78372806282957
47967,400.69521151573775
47968,821.2698123919585
47969,140.5535332646562
47970,352.1257045183587
47971,190.88960833143977
47972,503.9273054509108
47973,272.21999498411407
47974,101.54675476396508
47975,567.1039576499556
47976,152.54043266276904
47977,138.95560377245727
47978,641.9156397982164
47979,249.97876555234924
47980,375.6634390922072
47981,93.74180121746886
47982,295.81328659021597
47983,206.1581895016866
47984,219.31177222280033
47985,273.2614784299443
47986,589.3083248304787
47987,423.45294898281946
47988,443.5595295646041
47989,755.8136657451955
47990,214.39557195374357
47991,404.61531856186684
47992,449.2233895272545
47993,77.55909989410408
47994,422.56175758763703
47995,503.97811593090773
47996,136.52354138868535
47997,274.4904299879943
47998,373.3105653208033
47999,195.331008049481
48000,186.42539911809877
48001,64.0910931860086
48002,428.3157547884303
48003,122.36672387119249
48004,361.3364110840509
48005,181.5662663957782
48006,286.34685129245815
48007,230.10981659329218
48008,333.619586282861
48009,107.46688184319378
48010,533.3613313374121
48011,193.28072740329313
48012,274.5175668082476
48013,314.7805489562295
48014,138.4585870058722
48015,159.4425495634946
48016,126.28812620649586
48017,181.21594596782623
48018,332.3755496975883
48019,217.3866929291991
48020,270.41514803609465
48021,384.2616146673131
48022,441.4389262502737
48023,242.9554289810478
48024,126.17147165730444
48025,175.64236834409385
48026,384.27540390427737
48027,387.6780633255453
48028,319.1463148040251
48029,133.2393231200863
48030,162.36609050149426
48031,349.7988107203215
48032,180.09028727296896
48033,431.4573411609708
48034,665.7480998798592
48035,395.7677555888867
48036,160.37958294839612
48037,548.4936189711412
48038,339.48116523552574
48039,478.31649236987494
48040,414.9344586936592
48041,301.20156769597764
48042,507.15593506799854
48043,220.33177101833527
48044,149.5789521275616
48045,548.11201226966
48046,246.98046270679944
48047,120.37011673999194
48048,384.09119271839137
48049,243.20176526698364
48050,147.6842938437159
48051,51.724045445472996
48052,180.20217643412056
48053,200.9711300838448
48054,387.86825709528034
48055,118.59876978029098
48056,106.6896927290737
48057,234.99865240223235
48058,185.5285000142834
48059,196.7315342584754
48060,392.1676903818456
48061,157.8255473494673
48062,641.155151409282
48063,360.7510812716954
48064,547.2398227690592
48065,133.33877908920846
48066,351.86895810045246
48067,720.2766867061231
48068,217.55588183357014
48069,236.65709191856646
48070,272.2949562752776
48071,264.384512911788
48072,200.39039943128768
48073,217.60391215834946
48074,541.0971924116769
48075,238.44699739546616
48076,972.1505866560116
48077,197.6822170161103
48078,119.99492378463596
48079,460.88121645578775
48080,257.5098259227717
48081,372.9976292490138
48082,229.4278857041789
48083,395.8184851892082
48084,203.61910546408845
48085,141.38425469160833
48086,110.65510180825213
48087,217.16352330502747
48088,86.30854970315163
48089,662.8320812697721
48090,294.75327524413876
48091,500.52714867813114
48092,390.3373498926805
48093,309.6524910043491
48094,227.61121519185383
48095,219.41150560369968
48096,380.2745953730724
48097,809.192264020926
48098,193.82754178285356
48099,408.05708215837944
48100,325.0986909847488
48101,257.31573669755323
48102,189.93477635751407
48103,340.2167328100094
48104,319.97535457978785
48105,59.180445220288256
48106,393.02086625002994
48107,252.01822743137046
48108,216.43988091300565
48109,234.88967259814916
48110,133.1517769370304
48111,178.2046153742277
48112,929.2043493668368
48113,268.97721174549946
48114,229.58554945959855
48115,114.29837405391481
48116,131.23800430255048
48117,150.82312085162533
48118,135.3157714316
48119,192.18172952094338
48120,83.00553682168177
48121,164.40179220278088
48122,350.01786354797434
48123,83.51203097467395
48124,1345.901012875491
48125,240.1871955582002
48126,347.1358401633895
48127,245.07287528505543
48128,118.39677837461223
48129,172.41626004798957
48130,191.16708330621074
48131,152.765024133451
48132,171.72210435726822
48133,166.03469159033313
48134,138.53290884957272
48135,431.4088416122747
48136,275.99670264389823
48137,172.1916391983029
48138,159.11779917614234
48139,75.20448972652537
48140,561.9131725830739
48141,240.50896909311882
48142,282.43344978725867
48143,264.6738240616481
48144,457.4485268726008
48145,455.0608229146289
48146,199.41663640446987
48147,207.0650568542053
48148,261.67927310232346
48149,365.37533146703396
48150,189.08460596767637
48151,292.9041572879532
48152,100.46640636982926
48153,48.69954400926832
48154,339.9982365438916
48155,206.24724222651164
48156,259.2842016671688
48157,182.40343120216744
48158,227.32963564185007
48159,241.89742070724205
48160,242.65357813481032
48161,90.91414142123722
48162,263.9648803191446
48163,138.94152059533582
48164,493.94067309403135
48165,357.675375363426
48166,224.91993847844
48167,273.07214723916496
48168,109.92103095494704
48169,140.6154178950377
48170,218.1532153945056
48171,140.55056571329098
48172,433.9448596039153
48173,247.48373780588602
48174,122.49285012019305
48175,585.9407517185487
48176,213.056645498829
48177,274.84312791807713
48178,382.89758354871503
48179,136.2322692749218
48180,248.5621525352945
48181,254.41399300572047
48182,718.2670376641295
48183,351.24258061734093
48184,338.00895437007614
48185,323.03193075875055
48186,132.16803577563513
48187,158.2393566900904
48188,272.34839971886504
48189,386.42933986567283
48190,244.9701487251772
48191,382.7061068622945
48192,192.96444929578595
48193,172.4359194901222
48194,222.19038202563758
48195,637.9172099510615
48196,356.77667703968365
48197,135.9936769340521
48198,237.61709031458201
48199,135.8857966973751
48200,220.7299692247056
48201,431.5362070772075
48202,193.08760262307393
48203,434.7368920560573
48204,199.0187424559489
48205,147.91147416392556
48206,216.4225108261438
48207,294.1231715742891
48208,340.79205392750924
48209,108.70484362436798
48210,131.18295659317303
48211,477.94975771584785
48212,1007.0403640327372
48213,129.75504973662558
48214,134.55354512403332
48215,419.34472958406235
48216,403.90729491732276
48217,214.45721048274262
48218,408.3731921633266
48219,409.7174694799063
48220,178.95029691581237
48221,222.58580072026857
48222,111.48966899326808
48223,411.42904972347685
48224,505.2001415142123
48225,136.0328215060924
48226,207.11181621068278
48227,320.43194828584706
48228,170.8071413312943
48229,243.6592887227487
48230,221.93169704327428
48231,403.4499403543881
48232,186.75038721940095
48233,207.8126843858401
48234,189.69383614411333
48235,168.37844922869743
48236,147.6534947920994
48237,124.54967548208468
48238,286.338187257055
48239,125.81186862550135
48240,478.73287325542736
48241,267.06983581227104
48242,307.36018962073763
48243,243.61596815207685
48244,405.9464788112361
48245,179.7597454470349
48246,590.9807481737247
48247,239.2512091711075
48248,203.20843565787794
48249,221.19181134399844
48250,204.83801433566828
48251,312.8845739690572
48252,256.48439154553944
48253,196.01129400988387
48254,280.81460952446577
48255,381.6743246216584
48256,216.7591409818788
48257,95.73404922592654
48258,293.7824915908018
48259,124.05695820416422
48260,453.5632106040006
48261,164.4341746690347
48262,169.250588044562
48263,557.9315400073564
48264,166.19323806296518
48265,198.84070188612944
48266,149.01046956708853
48267,427.736790334572
48268,267.76848465151426
48269,226.84073599213178
48270,121.22566807310905
48271,354.55146660157243
48272,301.5271749877513
48273,245.3076876315986
48274,242.11869325538228
48275,227.20001955113136
48276,247.47101099908105
48277,377.38422003740993
48278,426.2463643757707
48279,276.3928288804345
48280,135.64567162253445
48281,250.38907361937632
48282,782.7858635873088
48283,163.8190579019684
48284,273.862457606715
48285,398.4678731857655
48286,190.829825954971
48287,573.7855425520871
48288,400.02891009709487
48289,437.3471125847594
48290,156.67214889303256
48291,215.83015829489884
48292,156.7901138521824
48293,1232.3703058840454
48294,318.2248898946741
48295,104.11567949298919
48296,417.10222657636075
48297,122.48701443980619
48298,692.5664314534079
48299,434.5994556811268
48300,252.74156540917858
48301,579.0960330643412
48302,233.79836555904564
48303,857.5679516173972
48304,746.4174378419209
48305,211.18720291767383
48306,180.60162218582633
48307,486.3331046188765
48308,396.21501624589024
48309,188.37059543948857
48310,219.1369202537196
48311,354.37671475839915
48312,384.33197509390516
48313,219.75954767353284
48314,118.51246389348329
48315,281.2706243532063
48316,556.1808104481213
48317,171.0007767648553
48318,43.82886708899315
48319,281.7260033121439
48320,153.84605930308487
48321,280.2487424044959
48322,631.2871583263782
48323,590.0422745264843
48324,352.94155258279676
48325,199.4975267209342
48326,290.3670748121726
48327,310.97256239696907
48328,73.12173788573286
48329,255.3137055079994
48330,125.1232206398831
48331,148.38185054297222
48332,185.3284273016273
48333,120.9386689487729
48334,212.5071142567062
48335,239.27670198026868
48336,238.35358646157724
48337,401.17516947147345
48338,184.73776221116952
48339,392.39826286424324
48340,154.7411193076377
48341,541.1585877681331
48342,273.2598405904665
48343,149.34654030976958
48344,263.97142799399955
48345,436.07523604443253
48346,340.563614461133
48347,157.0525586343622
48348,243.2439434013173
48349,258.35211585445046
48350,822.352845390605
48351,664.1156525244195
48352,295.85273340452466
48353,400.57279460076063
48354,267.2998306917876
48355,222.14448205757898
48356,379.2369025062097
48357,220.78582398155092
48358,420.8436204289603
48359,354.5865429915248
48360,624.6975577556912
48361,389.33519489735323
48362,273.53133995450224
48363,232.87364193617407
48364,255.64018443630167
48365,106.44779855332798
48366,166.5910467909369
48367,207.11812911471443
48368,206.7752266830628
48369,346.42238524551493
48370,212.44175410460647
48371,332.99249501280156
48372,393.594260671972
48373,374.7352213822298
48374,418.4474854162158
48375,231.70879447121646
48376,283.08619915702997
48377,184.78588619180204
48378,438.59564927085165
48379,288.92290765699795
48380,337.1558921752496
48381,867.9054865548184
48382,112.47325616306908
48383,254.7584027734871
48384,102.09793814261309
48385,187.8209451694911
48386,104.09002119778417
48387,168.866089401167
48388,480.4762965468376
48389,219.89639524749592
48390,472.51115494351893
48391,270.5230092587423
48392,255.96763513458095
48393,221.07801776704952
48394,259.6791578794756
48395,184.541084351485
48396,201.6928473498543
48397,492.95595966486434
48398,249.13117305374206
48399,184.69089971342032
48400,330.5108595220766
48401,219.52615197525753
48402,146.2138472490325
48403,202.93700559929724
48404,257.7121364047555
48405,168.50426728816566
48406,220.1782198583707
48407,287.1127861877417
48408,219.2852223574472
48409,248.07916625720176
48410,295.1966087127596
48411,338.46147797070034
48412,900.0030422352866
48413,409.290273788095
48414,610.9644241159392
48415,437.1304145389957
48416,295.36039788420186
48417,1322.0455316739183
48418,844.2378347298254
48419,496.74262101009873
48420,198.82980279125812
48421,184.92710678451186
48422,268.67536548839075
48423,288.7973979462622
48424,323.92216545965226
48425,468.8407794320106
48426,629.4129848809187
48427,149.872624420565
48428,277.0622693503018
48429,239.40480695741775
48430,346.044893656012
48431,129.47658728018388
48432,333.9165288363289
48433,165.8155408908317
48434,941.6136595225124
48435,153.41399991695533
48436,129.79373938121074
48437,335.3036358156616
48438,588.1652134179379
48439,251.19627954983852
48440,181.65795224815093
48441,224.91005880323877
48442,416.74307231434824
48443,631.1970374981491
48444,222.02294092061996
48445,398.5512883446175
48446,436.8414108839786
48447,395.89493805113085
48448,85.70516452494171
48449,171.407171659674
48450,534.0835872542116
48451,220.71172687340163
48452,177.5173031900617
48453,310.1170670690303
48454,213.54653203505939
48455,74.1536925220537
48456,138.21490760256907
48457,155.21743171789356
48458,123.39129676784675
48459,418.4294839976228
48460,223.70687899069125
48461,208.75355831436318
48462,117.64806825882094
48463,300.1671784589799
48464,229.35717997655152
48465,300.9910018059281
48466,338.8970502169982
48467,429.81822856630384
48468,359.5487203254172
48469,92.25591497385643
48470,375.1830267890327
48471,169.78057293664347
48472,327.04296198768066
48473,249.79647322984476
48474,213.55244539736577
48475,319.0046303029592
48476,272.8261703240093
48477,231.21189262742737
48478,540.3282972425079
48479,385.1302349310955
48480,238.97150648347133
48481,437.96916343429933
48482,163.6180195666708
48483,246.6555831670071
48484,636.9109479871331
48485,319.97074859293343
48486,392.11330157333776
48487,158.44273526110908
48488,213.90564974296151
48489,232.27455698724063
48490,241.1344032264197
48491,259.91773061376784
48492,186.63863336238293
48493,143.9619528709114
48494,211.57015779552964
48495,495.2770010426287
48496,108.4506191542547
48497,154.19758058190365
48498,132.18088701555698
48499,161.5850240140915
48500,396.1484388389962
48501,316.92668260809256
48502,181.74957092224423
48503,191.68167659368348
48504,348.9418821273688
48505,281.6460300454877
48506,227.46664463747254
48507,487.7707726323434
48508,349.2856846673656
48509,233.25519008555398
48510,898.2978783320043
48511,186.76202977910964
48512,209.66973013727252
48513,270.42522434571976
48514,238.40878141713802
48515,179.09457753095893
48516,222.7200785547224
48517,549.3162605574183
48518,661.0071249638096
48519,337.8536702388524
48520,239.27314993425273
48521,232.14794923541393
48522,161.1794530690049
48523,453.87182462954337
48524,282.87168508570585
48525,278.2114493423211
48526,297.2289305957772
48527,545.6400697040764
48528,804.4984121283273
48529,430.4364728402126
48530,525.9965783124737
48531,256.3351649331321
48532,351.5109531743655
48533,215.94026795172843
48534,164.61502644706505
48535,135.18678739931423
48536,452.3544856647305
48537,172.36769154617085
48538,352.8792611694993
48539,192.57589946524752
48540,139.56498895572182
48541,596.1127043395221
48542,127.77512821331673
48543,373.6596132569848
48544,177.17482678818664
48545,775.2069088557133
48546,143.3450057814318
48547,472.7418107879334
48548,308.27637100802156
48549,134.35351793905724
48550,6036.311315473729
48551,432.2158356943897
48552,398.4624376972665
48553,136.13057160203462
48554,203.92879912808445
48555,288.6113991273548
48556,148.50055145325877
48557,416.91978771090703
48558,259.25877802867046
48559,220.9018284783466
48560,130.55860654188956
48561,145.6775988730814
48562,132.1787376463951
48563,345.8081276697512
48564,238.50691250292283
48565,474.420803731338
48566,280.94652692877906
48567,118.06622300733676
48568,2408.6421002282286
48569,87.2647932174029
48570,184.70527363693066
48571,598.3073207278939
48572,510.90758802370243
48573,546.3102974965242
48574,361.6263279157208
48575,637.210953353752
48576,142.969733964584
48577,203.06010395840335
48578,223.9713366611723
48579,212.80943764026244
48580,160.38040839138586
48581,119.18054347061592
48582,216.7754414430832
48583,316.525967805795
48584,454.1001910963975
48585,619.6158534903614
48586,348.4221186280501
48587,68.94610639501461
48588,90.11875007252736
48589,160.58270948531734
48590,205.633383183472
48591,146.96571994113935
48592,201.7010434019926
48593,353.43971226981233
48594,151.0960265769311
48595,163.15646065613524
48596,191.65373310128652
48597,184.5959327955281
48598,150.81510958925517
48599,298.56078531303456
48600,124.15548270866329
48601,402.1149504636958
48602,871.1301824334664
48603,62.459116290650464
48604,266.6953868234682
48605,947.460897171763
48606,130.4184319422928
48607,177.81911179317
48608,291.8978611608254
48609,216.23387472463065
48610,424.4568653817627
48611,101.61892008107917
48612,228.1330041744148
48613,129.31268100645357
48614,166.4835076364369
48615,261.995874373996
48616,135.53164883781056
48617,181.30034574562197
48618,531.2253147233848
48619,163.02953024655935
48620,254.95436394945347
48621,79.03833026363226
48622,238.5857761252714
48623,285.41884432721105
48624,195.66875515378555
48625,204.24790197195532
48626,244.59339354950822
48627,48.289087077918154
48628,111.91565636324428
48629,681.4303028932305
48630,222.24478876307683
48631,294.42119752180895
48632,191.22033439079482
48633,166.2903794188258
48634,303.0499248893486
48635,130.27019947874368
48636,93.61434779517712
48637,511.177373077163
48638,1029.6247938807944
48639,351.25342742040596
48640,259.1980397959604
48641,400.61558294393353
48642,146.38754835431686
48643,576.9176349707845
48644,365.14643311328894
48645,132.60994712964253
48646,358.86931125669327
48647,196.19561521600554
48648,101.10687354550073
48649,114.28290288231806
48650,172.676601442101
48651,856.6086209912977
48652,457.9818984614188
48653,666.2841067444188
48654,131.64687551209803
48655,272.54797132996015
48656,397.6609634598921
48657,198.3576120446583
48658,217.28232965992063
48659,220.52630421415
48660,138.73688313021236
48661,184.43080813358694
48662,667.8614604034642
48663,214.1056673260596
48664,245.37501314310992
48665,120.63450187289335
48666,320.5618297740073
48667,318.939260932376
48668,227.6701940304874
48669,394.60043614212594
48670,193.80798398950932
48671,360.6583213375289
48672,297.0936639600487
48673,106.8381671798145
48674,441.34780050591183
48675,351.74068701304446
48676,190.55102283832818
48677,551.9859973845985
48678,282.9558775504168
48679,346.21903545627265
48680,807.9734961700233
48681,121.79334944052901
48682,532.5740921701037
48683,413.11737002424996
48684,229.20940561503934
48685,1020.213514851462
48686,206.7097716270675
48687,372.1556917225631
48688,257.6742681217833
48689,114.18875863952636
48690,712.6906223342999
48691,257.8430215047924
48692,66.5799261720498
48693,196.18803121391656
48694,295.86284450891685
48695,377.96094887273017
48696,157.9038481529911
48697,226.1887200292894
48698,483.0787938648249
48699,190.53220678411213
48700,291.15975691901946
48701,91.86676813882377
48702,189.56705494051764
48703,168.14217603641725
48704,246.34511809657388
48705,372.65060553154353
48706,159.69036580112288
48707,110.47973372898056
48708,255.52547213107752
48709,389.7948860581479
48710,533.7463811961671
48711,224.65940431720423
48712,363.9232748051222
48713,110.92302208966557
48714,396.2284807077152
48715,160.75015118335347
48716,218.55089458517938
48717,176.87324075706306
48718,154.96017298192604
48719,66.59823242552281
48720,473.6868347756319
48721,202.79959952631336
48722,899.1229330050462
48723,261.3102655521187
48724,171.4492405119879
48725,215.30710807412513
48726,406.61940150139634
48727,200.75690200233836
48728,244.1879729745254
48729,300.5050035770928
48730,274.6543760453501
48731,92.44313847889293
48732,554.2906971529425
48733,790.3766853241893
48734,105.64189606599228
48735,196.97854376641982
48736,205.3444954152655
48737,266.10527917352726
48738,203.36118249653848
48739,126.40097351541215
48740,559.7825997765107
48741,307.46381036726933
48742,223.01193092519284
48743,291.8983694500124
48744,239.01768006317943
48745,806.630089309779
48746,169.2317674948876
48747,132.47274114558272
48748,136.70984877448797
48749,347.5639953820876
48750,337.31368670106855
48751,41.74079863379961
48752,526.06351031513
48753,211.9210397655926
48754,460.7292128358818
48755,709.1206685906164
48756,457.04033919210264
48757,268.88855943279873
48758,243.2514543047155
48759,244.67320785138136
48760,298.83803022430976
48761,214.32175460614408
48762,243.66394506727136
48763,485.88178963297923
48764,592.9611799449646
48765,128.00101910944355
48766,220.72813918627688
48767,241.98181554653394
48768,229.78200357712038
48769,797.2439795541802
48770,173.4470783577341
48771,219.36871976769848
48772,678.7090175019742
48773,180.7946459550401
48774,213.09029212451875
48775,79.78663455713723
48776,829.7808175402158
48777,560.1558773399919
48778,156.75282502703558
48779,274.5539684948168
48780,320.296431895542
48781,196.04723328198023
48782,291.5363020810988
48783,113.61526660005353
48784,117.81080039482916
48785,663.8977070496182
48786,184.82782255036992
48787,212.78725139153235
48788,380.6604594040638
48789,388.8775257109242
48790,233.80628357266502
48791,400.0841906400426
48792,120.56251462439072
48793,287.69988560719554
48794,260.90351083958484
48795,458.7388547050942
48796,174.63993408351712
48797,669.7176657025886
48798,132.15262628171652
48799,380.45710754895276
48800,147.83678565797314
48801,155.71894507258517
48802,278.9122691026004
48803,407.81951232898047
48804,201.2103727148501
48805,104.0560199451261
48806,331.2853043172989
48807,206.64394978562407
48808,414.66711784831256
48809,316.3973253668055
48810,402.4803279496063
48811,307.8116923609856
48812,108.6006468789633
48813,393.1143006807477
48814,150.1000171895297
48815,139.11374697356146
48816,265.6904154707269
48817,228.229080543418
48818,280.53383774112757
48819,292.0966371128847
48820,535.8276483460551
48821,296.5879925523873
48822,67.74106056127019
48823,203.28222648182455
48824,141.25635694763227
48825,900.560273547432
48826,366.3881448011075
48827,727.1174197991473
48828,291.2181033843493
48829,134.42164892560962
48830,248.7494024540306
48831,139.67686657081885
48832,315.4282885663277
48833,180.52768733316273
48834,231.56983148366197
48835,122.33673126502553
48836,777.853790091448
48837,184.42045165282323
48838,247.53253667270437
48839,199.89880759484106
48840,204.06674135637283
48841,434.1161407460678
48842,262.52765087802925
48843,660.9270256091409
48844,470.2601720684109
48845,242.91246390879377
48846,158.91765949534178
48847,114.97384988345834
48848,182.617908796847
48849,163.78717852463996
48850,92.77335269114465
48851,265.29231901250836
48852,740.5210113575765
48853,221.83189918013198
48854,236.54950405411046
48855,235.04066316192504
48856,222.5361138559649
48857,445.3172499975586
48858,150.32456712727065
48859,320.7118497263625
48860,802.9420031270481
48861,190.01076116994648
48862,217.19490836086658
48863,106.85266896892034
48864,561.0202304513596
48865,186.01089187975597
48866,215.25942111445934
48867,267.96438139541743
48868,389.17835953376283
48869,431.8503117936146
48870,125.91999551315111
48871,314.92154311718167
48872,156.47699190632537
48873,186.12349411340008
48874,121.38015176314313
48875,336.48552457109423
48876,252.76382775882553
48877,534.2997061784016
48878,443.810425909416
48879,245.31805170948493
48880,288.33004573409704
48881,173.05984828160274
48882,112.079441647328
48883,258.20499667474775
48884,363.5168407923244
48885,132.96444274097723
48886,477.1679885344122
48887,167.61040627297058
48888,186.2780035202771
48889,155.8449366740499
48890,493.0897135074589
48891,295.60176321607923
48892,199.5059866437422
48893,145.77469245011073
48894,101.82081967424843
48895,189.88957449998503
48896,104.5162523498426
48897,194.7121175940475
48898,187.81032076278623
48899,352.5814172485011
48900,140.80338963490095
48901,209.97449734333256
48902,401.2768948856495
48903,302.66443009620906
48904,129.55230465979932
48905,88.05106216111737
48906,122.16885038541218
48907,132.10546118962745
48908,176.52163312120217
48909,340.434575205994
48910,242.61777649964125
48911,164.01120829283963
48912,446.0864314157304
48913,137.50147817570462
48914,353.08007217383613
48915,152.1371807735915
48916,272.02164536911283
48917,122.85159243895892
48918,469.10550460409127
48919,122.16482142768288
48920,368.26812122268956
48921,209.18602492386205
48922,88.21373239498152
48923,171.95657100410156
48924,252.10842714808481
48925,178.0798221007571
48926,157.81722513519435
48927,156.45732949831793
48928,69.52781377720402
48929,248.1749533069405
48930,311.0704082067514
48931,343.0661957202196
48932,268.94707908399005
48933,155.5575791743189
48934,262.79339345248843
48935,202.30182538882875
48936,178.56928344061902
48937,662.6353804436467
48938,304.34860209337893
48939,127.87349406345176
48940,182.4888560288159
48941,473.98004715192485
48942,204.56375291735864
48943,313.21793320520953
48944,437.18368284899105
48945,279.829671611148
48946,760.4449492475441
48947,190.7572882230122
48948,317.45498062897684
48949,485.6811757988225
48950,212.08762500348826
48951,180.5266465211243
48952,119.7898799804565
48953,132.9482651389564
48954,102.07337564899967
48955,200.5167247299279
48956,187.57568602623485
48957,387.46525175937495
48958,316.121365039136
48959,141.9647831850719
48960,497.150190043998
48961,181.32510644828352
48962,169.45010166144053
48963,218.82650861610227
48964,156.23826278207827
48965,245.67376743988157
48966,94.51939598098352
48967,641.6227285268609
48968,197.32154670051503
48969,295.2911604487983
48970,201.40288708448216
48971,214.8279071099518
48972,199.10220181549636
48973,115.78956227650785
48974,181.3207011472414
48975,356.78073973376706
48976,363.27713014071986
48977,208.44488952221207
48978,252.03275144732748
48979,280.56105214280456
48980,545.1867072595743
48981,251.00128918626135
48982,420.68846447034554
48983,259.3828332720877
48984,451.0320460131138
48985,277.2268784991037
48986,230.76893242253976
48987,352.6047768375099
48988,232.46312727426107
48989,259.0423453878302
48990,371.0166969894103
48991,639.5593583035248
48992,92.67171559304919
48993,455.1664293432622
48994,350.98623269710396
48995,845.9183565289064
48996,254.11711905299165
48997,507.9784287945293
48998,130.7347502825338
48999,164.07343054146028
49000,260.95122832642505
49001,92.91801276199662
49002,142.06596987719936
49003,475.02125133765463
49004,182.01169455398605
49005,190.70143652160593
49006,269.98604013220216
49007,194.56785047481705
49008,243.4576731459205
49009,102.67652647851293
49010,435.532762609464
49011,227.62915295706762
49012,616.2346807127556
49013,368.2221282854089
49014,237.54654106954806
49015,276.6021871951766
49016,407.4704685652301
49017,147.49943552680563
49018,323.9158676925418
49019,416.92724392605686
49020,194.30005421692542
49021,361.1981166867371
49022,600.5243433816341
49023,276.322111677979
49024,649.944964064092
49025,166.13970877600522
49026,216.92982164805724
49027,154.3250305847828
49028,285.11557417426775
49029,623.9155405186435
49030,279.0247148094241
49031,396.91790202655756
49032,303.2186171227654
49033,633.0866855971262
49034,113.31639450059362
49035,195.30279981055992
49036,177.53627618157634
49037,652.427914424084
49038,506.74308383644666
49039,403.16723860053605
49040,263.4524231304113
49041,146.69234350982066
49042,284.88885078771636
49043,283.5496211150511
49044,428.61627000581535
49045,249.3091283270742
49046,253.51653276900882
49047,231.32186279534668
49048,202.2719939284543
49049,570.0997414255417
49050,187.29423780756832
49051,252.71934633145156
49052,225.92588974574144
49053,199.07608794719863
49054,148.4325944144933
49055,254.25549003257782
49056,239.8938873140898
49057,112.79017529879258
49058,312.96049767016734
49059,216.77346650153828
49060,149.36009815677986
49061,240.45856106729792
49062,155.14060854245412
49063,391.1181634213716
49064,155.41689194809675
49065,311.8998993986567
49066,281.0375215466182
49067,400.358464069055
49068,253.3446864966732
49069,252.63178405088706
49070,320.09530230342966
49071,301.75433085933935
49072,93.70658277503487
49073,500.3306287286475
49074,45.97928857723462
49075,227.0266459434751
49076,424.5719494929024
49077,180.27231278059614
49078,217.92249798374263
49079,333.7513781014626
49080,486.9802986161732
49081,204.081014158004
49082,201.6492168869668
49083,206.15634466706814
49084,199.4852136181739
49085,120.56673467594362
49086,105.30682189368814
49087,187.1535713778275
49088,230.29414801454132
49089,298.5340491375169
49090,363.8785970723701
49091,615.9334265219437
49092,246.4875006835606
49093,523.9818581381403
49094,156.3112848528037
49095,475.2033483459759
49096,201.26397082697284
49097,374.60960529272415
49098,375.55350643173847
49099,798.5162864300853
49100,143.69816992712728
49101,182.52657660782975
49102,225.97548973632897
49103,392.2815629398391
49104,246.27147892023493
49105,270.81656611179955
49106,438.8603744429323
49107,382.15696282377144
49108,129.56864555140126
49109,225.63541758138123
49110,157.4055514138805
49111,129.00668234202905
49112,234.18999249387556
49113,224.26499129481567
49114,632.4864660192522
49115,287.5048249957197
49116,337.29736552610296
49117,876.395788614844
49118,123.77270514617166
49119,248.81682341948542
49120,141.4194231523807
49121,519.4949281013673
49122,243.72085143916343
49123,267.0689041980717
49124,310.7476951553922
49125,329.3132353938015
49126,221.88061603404788
49127,237.98691610731692
49128,629.7058223494635
49129,127.20622307768116
49130,167.158458919643
49131,177.8876844951887
49132,123.91595064909912
49133,142.12374692900764
49134,195.5635063958248
49135,205.76680868908332
49136,105.63070712449401
49137,270.4703614036694
49138,267.34613620431503
49139,244.90499999982865
49140,545.686082404389
49141,126.06386116343981
49142,125.07880759723547
49143,729.4022775621626
49144,261.88844602026217
49145,119.57119486496546
49146,230.18125195980048
49147,229.74471059964964
49148,357.980485637186
49149,100.96152305972537
49150,421.9125724228117
49151,174.94722359673662
49152,203.31202649868973
49153,245.90236768646784
49154,149.62867850848562
49155,108.28703888902675
49156,169.43283530322532
49157,171.19703446301497
49158,439.5298009660446
49159,150.55795017726885
49160,468.834671552491
49161,269.9872675684494
49162,207.6021467358175
49163,837.8667329210807
49164,376.9509566509146
49165,325.0753207065022
49166,119.20946370966574
49167,584.3617001065793
49168,295.11372039253774
49169,498.8060283803854
49170,189.6019395943407
49171,228.41496276544117
49172,230.5605287259413
49173,223.20692347141033
49174,233.65457911136016
49175,109.31708928007649
49176,128.5957098525883
49177,296.92324606848956
49178,251.32080335687832
49179,143.69816992712728
49180,210.60614142507984
49181,114.25925566313276
49182,181.76735502769694
49183,492.3826706606975
49184,309.5815759861534
49185,281.14328737233285
49186,939.584327375748
49187,131.42696135424544
49188,542.5996990356547
49189,548.3629790119269
49190,138.21715077942096
49191,273.67925361713435
49192,104.23411427874197
49193,417.25924991684167
49194,139.08829322838028
49195,251.34260990456727
49196,197.6415023377839
49197,229.31245665977116
49198,395.3678197825505
49199,140.1850418125159
49200,268.8435055110856
49201,137.55267552953453
49202,99.66542471880983
49203,660.2462643411629
49204,358.446914864101
49205,156.85081116809442
49206,126.74822694799784
49207,183.46976081755332
49208,288.17610699102136
49209,137.59077707482487
49210,342.42637643368016
49211,195.38677161835898
49212,253.22630961717041
49213,154.84362748666086
49214,119.22823878845908
49215,179.87866783810603
49216,356.44389298126424
49217,242.47746956468296
49218,135.52418088310154
49219,261.0675665967714
49220,466.93362277519975
49221,333.7004141757151
49222,245.92846796474728
49223,416.5489831753942
49224,66.32108516985214
49225,107.77479848488163
49226,132.2142799820667
49227,244.60230841038182
49228,336.11110214829836
49229,385.625437123164
49230,233.8137284894791
49231,125.53168183173332
49232,795.7568682831989
49233,198.22125693052897
49234,398.64866570389114
49235,290.11237767659804
49236,439.91058664090065
49237,144.56083835314666
49238,274.23234141213516
49239,182.62817259071772
49240,117.62729310572989
49241,209.0567816571577
49242,646.0689739546593
49243,193.59147316707714
49244,137.66261165864256
49245,191.3301610095239
49246,455.7218946081133
49247,374.7726981370474
49248,354.78423505136294
49249,325.7729378499925
49250,215.5420911484361
49251,311.65374940286654
49252,262.42657141511563
49253,365.3201764157188
49254,386.74129945773103
49255,257.5644872498682
49256,451.5473256173179
49257,183.5488990457084
49258,416.6348850212221
49259,225.01961846523014
49260,194.96481969238297
49261,322.0374046174872
49262,295.0797679964758
49263,98.05257493007441
49264,191.0720490310462
49265,137.3477459017629
49266,230.73171334381007
49267,250.364024020217
49268,140.52601728357354
49269,232.0783836468413
49270,199.8712504552174
49271,239.68640297009253
49272,467.5861345494024
49273,220.78593533699544
49274,125.30322577575959
49275,131.305941235632
49276,141.25982907562693
49277,369.14065550351734
49278,148.33003351758228
49279,486.725251977893
49280,270.2253876662275
49281,183.8916451818962
49282,517.3683111245371
49283,134.7245783978233
49284,230.5073822588255
49285,185.6840719972922
49286,127.0457126550424
49287,246.55386602748445
49288,464.58608371489817
49289,803.3091030637632
49290,264.6004348712405
49291,201.40852036466757
49292,714.7858390268569
49293,40.69622287777594
49294,212.08889415346115
49295,142.54254530458766
49296,488.30513027528826
49297,432.7437693045501
49298,445.6816545563555
49299,303.68502021358506
49300,183.67971105795988
49301,420.9851308732183
49302,253.19366502293622
49303,369.9203647807614
49304,175.20505088851772
49305,385.3949666817836
49306,130.54472997025738
49307,250.96272415808767
49308,180.85932177610798
49309,159.72283396431195
49310,310.8356168836471
49311,134.2238707816731
49312,270.1555647579537
49313,166.5862343552074
49314,234.29994155925752
49315,227.78540840816888
49316,218.8182343649297
49317,134.83139013827824
49318,331.9134380807124
49319,215.26927153171732
49320,336.5222718826059
49321,234.0025774021807
49322,189.79374042662096
49323,259.4763412512344
49324,67.7810199279114
49325,321.4621724125609
49326,499.8842071903028
49327,150.49789935187786
49328,155.88813846677553
49329,167.87423340396364
49330,309.85293538573103
49331,122.39242324628923
49332,706.5179662077288
49333,80.45334721938168
49334,134.993645595115
49335,170.86328361716622
49336,235.48895527507747
49337,192.3905457951641
49338,87.97910186121692
49339,92.76913987247286
49340,122.04522151590413
49341,216.84821306595995
49342,96.65009899433474
49343,231.53269194331193
49344,212.51386332998172
49345,145.98801713222383
49346,151.54442073299802
49347,183.0168465680091
49348,226.4627004181228
49349,176.88687813956292
49350,157.19430554456446
49351,241.05916892714285
49352,261.751126089347
49353,242.26848478779502
49354,161.35991859541429
49355,132.13793535869954
49356,232.82928391176026
49357,207.38996167596056
49358,270.2203023034608
49359,582.8839117474016
49360,301.455265844671
49361,121.32278463614934
49362,381.2550959083245
49363,203.5144293257593
49364,394.68717294400346
49365,111.59839820169456
49366,250.72637964812694
49367,116.9988523809924
49368,102.0515134471617
49369,210.2306493445573
49370,322.14558372984385
49371,179.35900402335662
49372,313.96468482688033
49373,295.1242135208577
49374,216.67090859798455
49375,228.9842584052571
49376,220.23820444454827
49377,305.81784187414587
49378,194.88561731397635
49379,194.74840907401727
49380,202.03299905588867
49381,227.0673018986432
49382,236.28678647203327
49383,170.8137497549615
49384,612.2750277559437
49385,107.01074595838504
49386,253.1087690353274
49387,322.34851515933076
49388,181.79136408772814
49389,230.45354847052593
49390,775.178889480069
49391,301.67218896198403
49392,201.03851126802658
49393,87.33144764296662
49394,196.58186770416197
49395,220.35612338051516
49396,546.0455375996462
49397,435.3460816002992
49398,461.28442485855516
49399,206.8717940227988
49400,361.6050678128947
49401,668.7455973009347
49402,212.82858802844274
49403,750.3107779162045
49404,234.41142894451815
49405,153.78299093587296
49406,234.7564300453315
49407,252.53708707383575
49408,544.8807682373898
49409,618.7734168922705
49410,433.18286244758224
49411,123.39120296661874
49412,540.8220360308303
49413,429.6410791883188
49414,159.72692511369922
49415,366.0748515271993
49416,281.6651180990562
49417,669.3039038904419
49418,175.18706816223633
49419,293.2125086131958
49420,187.27255743922262
49421,199.75218249015342
49422,200.83588906740275
49423,92.83629357031933
49424,260.53798693880975
49425,120.65230985443915
49426,625.8190966326401
49427,222.48933605241305
49428,511.8527733860329
49429,332.4053881287449
49430,171.72510572445273
49431,362.65456997633567
49432,409.8454393035238
49433,487.2987685186808
49434,213.09713662311668
49435,182.88265434260694
49436,892.6491328426617
49437,299.8539801504836
49438,159.24894503278514
49439,331.0098738216542
49440,80.64539611323914
49441,225.11286533827956
49442,333.2522381575633
49443,687.4122254590933
49444,488.61613434823965
49445,114.83555986344582
49446,297.52460687508943
49447,190.91102636497217
49448,189.5883832417166
49449,264.34047312304693
49450,187.0138776231935
49451,630.8950642812708
49452,377.9075763349681
49453,296.2878304693366
49454,140.1850418125159
49455,228.94824853826321
49456,202.57197349704518
49457,248.40861223302844
49458,149.4610218393457
49459,217.40029502134055
49460,191.49456838576597
49461,382.27466659491404
49462,459.10809087100614
49463,301.1570734635888
49464,413.7434636083235
49465,228.39611981469506
49466,249.22813920758207
49467,321.49729731474275
49468,105.91776515225745
49469,400.7867152730126
49470,173.99866158363383
49471,184.481020955572
49472,159.0128597841215
49473,350.5860850852454
49474,145.55969576406724
49475,288.19738485359164
49476,188.47965209569284
49477,120.68163613762755
49478,238.9751800832017
49479,407.63844747122437
49480,164.42274000567906
49481,225.29052945762572
49482,324.891130721395
49483,164.89223900681353
49484,156.75925310883352
49485,355.9442754771076
49486,200.30364725332933
49487,129.4247464041313
49488,298.2482099122325
49489,280.3601333922479
49490,190.5299718477201
49491,229.11091271981428
49492,202.89628462702916
49493,248.4370880481073
49494,318.3866081630147
49495,327.64264868783994
49496,221.99408418997373
49497,111.07302277681384
49498,434.17216204106404
49499,194.34733080808573
49500,237.6653515897548
49501,176.4513259393008
49502,127.87142020166256
49503,112.3122681009476
49504,325.46504485904853
49505,95.33354112723747
49506,458.6394381844373
49507,242.44153331524157
49508,233.3126941058984
49509,122.0967756191324
49510,597.9164334457582
49511,303.65946033479935
49512,299.4752418160085
49513,576.3241834975595
49514,366.3358795686746
49515,148.95692716140994
49516,401.50614377887587
49517,153.77367412417763
49518,134.37042474256722
49519,382.7799576655906
49520,150.55708820107083
49521,312.882833074223
49522,168.07753770529615
49523,211.88824557998228
49524,147.11917779566113
49525,303.1127699793603
49526,195.5466616206476
49527,111.03573908100263
49528,407.74205323708816
49529,392.4350770670533
49530,260.4521588057828
49531,102.36430677329106
49532,208.1381273555118
49533,446.1575420175104
49534,335.54373085680226
49535,346.1626099507455
49536,136.90145956003508
49537,329.2132912996081
49538,521.6018012655941
49539,406.44704712665936
49540,180.5364627923677
49541,269.31722580843245
49542,209.2537273795552
49543,436.4936478599078
49544,180.55165327238714
49545,143.89725541774848
49546,238.83795671473445
49547,590.1613807718978
49548,349.97387468322734
49549,153.70986864733612
49550,1186.7048861859828
49551,746.6275906415981
49552,307.0057561196235
49553,165.08407325391585
49554,333.4194771285008
49555,414.3293823378958
49556,209.4090304758095
49557,212.54858002749887
49558,1058.1771793848302
49559,152.93290907546282
49560,193.37808989988767
49561,283.6105937569681
49562,212.80775997394656
49563,140.55056571329098
49564,753.5327118870198
49565,306.09282907055103
49566,338.7348489663967
49567,82.49010872922325
49568,113.30476184135084
49569,203.42654675037892
49570,197.65460252286596
49571,259.87495330863266
49572,137.03736798841393
49573,174.9623496591196
49574,610.8808947138973
49575,134.64269792286575
49576,352.6746942095123
49577,281.1249920009833
49578,127.20693077542178
49579,216.74535908983614
49580,167.32275586011815
49581,171.51187148016857
49582,165.68466056719512
49583,658.5960542179423
49584,189.0550764839329
49585,24.71179259056971
49586,152.84752512322004
49587,122.16287231353111
49588,205.1485778810439
49589,103.96520726171283
49590,745.2953762708662
49591,258.6590433875976
49592,140.98366242775333
49593,108.07309340579057
49594,693.5180949362428
49595,254.56137674605048
49596,212.25137234237127
49597,130.2524141673476
49598,273.8574952549884
49599,188.62249884735766
49600,149.88762370380996
49601,440.60359694542257
49602,229.5991809617708
49603,174.14588049542243
49604,319.8568116751055
49605,244.0717521776389
49606,256.24606116183264
49607,151.41705361119358
49608,146.07711719939212
49609,321.64238831224503
49610,322.6212607770444
49611,176.10899262615663
49612,182.87192973794197
49613,261.9958283890882
49614,158.52958972582587
49615,183.11436351766577
49616,162.56732124506843
49617,275.3089312832518
49618,117.00585010188843
49619,668.9343784531673
49620,438.07482010407017
49621,704.005799535566
49622,384.28483873061043
49623,192.35938424773389
49624,566.3249800587163
49625,162.8411834594135
49626,563.7565993680462
49627,138.64856544449376
49628,255.12773384204147
49629,121.49432147268097
49630,163.80730176684938
49631,700.4594970620805
49632,60.028694526736544
49633,193.54440871113195
49634,464.43268475313084
49635,443.7501615735352
49636,326.7194272784467
49637,153.84957258253368
49638,154.58321453594692
49639,278.7875173168959
49640,386.3060050568274
49641,248.48758143170903
49642,148.43409474048138
49643,219.51633603116517
49644,400.10014216258617
49645,154.6535896661733
49646,425.2755115486821
49647,191.42067341818725
49648,164.87923336304254
49649,346.9829647638758
49650,152.90021991173643
49651,83.18808727651272
49652,291.7485547485805
49653,287.3213128122959
49654,95.59333772099515
49655,288.58222623052
49656,242.7919827480714
49657,855.3581870275377
49658,196.53462285612466
49659,84.78741161181784
49660,799.8068288056794
49661,284.23240256784635
49662,145.4862893084308
49663,231.70879447121646
49664,346.0381914280624
49665,228.99056795010864
49666,476.0169523189071
49667,206.86611748132017
49668,173.97612683565913
49669,280.94727492490205
49670,224.35199748317484
49671,532.090609884018
49672,85.82018305404893
49673,202.96718940844576
49674,234.19368799848408
49675,106.64842722934524
49676,178.17767676448398
49677,287.40011342027964
49678,184.41446946602102
49679,217.77042510813087
49680,195.18701230320917
49681,221.39040721833726
49682,217.0721770869838
49683,476.6227598942176
49684,286.20684715862063
49685,346.21315461610726
49686,275.6929503549632
49687,193.1934549066954
49688,296.5889771848584
49689,247.30264217342992
49690,117.94223322984972
49691,156.44772089341004
49692,321.08446389857
49693,401.03793903589235
49694,396.4145020181854
49695,160.98464151219835
49696,188.23818030467257
49697,128.4934073515894
49698,157.83091988813888
49699,731.4091106259017
49700,210.35200903280526
49701,291.98689103037924
49702,500.0840291294868
49703,227.52675150621235
49704,365.34930203614675
49705,219.85692944134686
49706,352.55276133295644
49707,199.56732128896732
49708,183.9784374322921
49709,326.3426234187285
49710,622.5342729108614
49711,272.817949649735
49712,251.0371773201858
49713,115.56031473353845
49714,294.86068601284563
49715,68.57502753997
49716,125.7117801256409
49717,306.9800780447663
49718,152.65136589710838
49719,226.38809538674187
49720,425.7906307702907
49721,352.0703738862671
49722,321.6131295191922
49723,343.37334556675734
49724,192.94846656387867
49725,348.95975188322154
49726,214.3885802848889
49727,543.4776748294818
49728,144.0097231071408
49729,430.84398546882073
49730,257.1763201510231
49731,250.23019324439804
49732,937.4619734278174
49733,205.76752734915058
49734,713.1725953274318
49735,82.36953900516927
49736,146.02202445354177
49737,159.03582927847268
49738,207.7956322892484
49739,314.3744848961407
49740,290.50229896726023
49741,600.2778871084611
49742,91.68227387277003
49743,173.44217356531493
49744,638.5899274138637
49745,106.52895751531389
49746,315.0240631990974
49747,232.54826180999976
49748,115.34432349340128
49749,154.33567213580352
49750,160.40407820699915
49751,398.0262772880655
49752,179.47270348334257
49753,345.90054818370544
49754,212.3951041718275
49755,451.8849949088581
49756,215.51317195750488
49757,450.14925062118834
49758,112.70422868930801
49759,227.22935282909341
49760,353.3149592726016
49761,462.2133877850747
49762,182.76182056523004
49763,180.92569125466127
49764,240.58063027798426
49765,403.3434306685613
49766,215.18862568153085
49767,247.25028659327253
49768,157.2592625333779
49769,217.68311249600237
49770,140.55056571329098
49771,171.23168450253183
49772,340.79815358571784
49773,285.6826122873673
49774,128.15891150169153
49775,122.60438758059148
49776,464.4602846245345
49777,300.15925707710585
49778,158.5614902929586
49779,208.16557906043238
49780,233.0705248649723
49781,274.0932608863784
49782,421.3611753499868
49783,296.79821671490043
49784,245.8903804137892
49785,485.54393090529743
49786,511.9818050731066
49787,174.4387150864732
49788,243.00037067825943
49789,402.7611363902606
49790,182.15857688834447
49791,171.05169343190562
49792,251.25397083899153
49793,161.19734304338837
49794,194.7420530679509
49795,193.94569527930588
49796,120.61524577501739
49797,106.0520700371409
49798,147.26712457193722
49799,90.2087662920204
49800,242.2736530434788
49801,284.25776852004464
49802,190.54599197674625
49803,98.69335796705766
49804,279.9640151804199
49805,498.8051058844116
49806,665.4360366004033
49807,125.49206223111908
49808,165.60371608200234
49809,134.47455073685782
49810,274.1731972388463
49811,253.55588171099896
49812,194.0716670381228
49813,230.21428275650024
49814,332.4939185897184
49815,257.2265227233638
49816,251.56424477236425
49817,194.0559698970269
49818,236.1442121048804
49819,439.37101768081527
49820,151.96700428855655
49821,190.8201610038473
49822,115.56090230990742
49823,133.96238384303837
49824,163.02889119459473
49825,72.51294646404625
49826,159.46349542144065
49827,704.5818650141507
49828,388.63388455451883
49829,208.9905550042949
49830,180.74739384696971
49831,164.53086602745122
49832,109.08410603535519
49833,485.9664367788105
49834,382.28543622890095
49835,308.437014142511
49836,143.4876346950459
49837,215.95872608501097
49838,430.3854638407113
49839,202.7735431751529
49840,475.8380752725267
49841,175.41182620851575
49842,144.98402943961185
49843,253.0925459594951
49844,248.22048823287238
49845,282.61003787786285
49846,159.55609904024567
49847,147.06734495673064
49848,497.59081519210525
49849,223.26535468155478
49850,220.92853861629666
49851,103.33105003474554
49852,449.78599194748085
49853,255.90291063351154
49854,328.65444934179067
49855,552.6028248647245
49856,123.66609140395138
49857,494.7231080289656
49858,710.8934788400828
49859,695.2029089142508
49860,280.782990588898
49861,102.49732224143932
49862,219.90339387141665
49863,102.10031201952731
49864,163.43701543307057
49865,161.1769096445017
49866,125.47222169879672
49867,284.4239480548946
49868,1490.4114074326733
49869,330.49464099658854
49870,191.23874334239665
49871,216.6016322972297
49872,45.60760115592082
49873,178.84339819843214
49874,242.60085023221168
49875,203.28614265903752
49876,235.52433585486907
49877,375.6544521166747
49878,380.90275836165625
49879,235.79786966653612
49880,141.21131835336385
49881,715.5699750966343
49882,74.72808087943854
49883,232.05683622214423
49884,90.99068200816615
49885,219.26122840347142
49886,276.0221759379311
49887,596.5029069572944
49888,285.55255748298157
49889,160.5097515193043
49890,365.50844424324436
49891,589.7945950713015
49892,444.9820414929233
49893,251.0975659470924
49894,313.5431941878266
49895,205.87879675393916
49896,188.4487646315201
49897,486.2807703920314
49898,158.98303188825182
49899,272.25376279927747
49900,481.7318421200781
49901,454.42254349160936
49902,348.00242458695647
49903,162.53174654284163
49904,369.85154308760207
49905,202.96341885768751
49906,412.6389246591712
49907,132.11498850325873
49908,159.69060373823723
49909,183.87089520305284
49910,159.4234151855284
49911,376.33698858440397
49912,168.64655964653375
49913,180.50993656819142
49914,121.36121310846828
49915,530.8562985653194
49916,214.45975068238792
49917,157.43679431247483
49918,199.6256225887062
49919,339.8821705851328
49920,312.4121506606367
49921,311.14808993196084
49922,82.35789228023057
49923,246.03334387198032
49924,241.55602111856163
49925,104.33075841717161
49926,338.4618942892932
49927,176.74183594617568
49928,325.9098514994525
49929,101.08111452704517
49930,185.85011906376332
49931,121.62874732078538
49932,227.28247481617723
49933,347.3086482345609
49934,405.99159746782783
49935,219.35703484999902
49936,106.3158395255172
49937,980.3684295093083
49938,142.3445091625582
49939,190.04094205735643
49940,451.42145713044596
49941,280.86560936631196
49942,296.11406165359074
49943,217.17345868491495
49944,94.92806548393935
49945,268.4621312441066
49946,526.8342734877718
49947,200.25647128455583
49948,292.0381419088266
49949,232.26703581695884
49950,188.0387043035565
49951,190.25159069482936
49952,485.20365595933646
49953,280.44890134283094
49954,272.1943729033535
49955,345.8562298714919
49956,268.6432569346836
49957,268.2999760186701
49958,534.1415343439842
49959,223.73922044378574
49960,606.8604525857548
49961,176.83328923123815
49962,175.56318818798147
49963,146.21000854706128
49964,87.07654084535412
49965,213.6868666073853
49966,162.59809454410157
49967,1727.396618361711
49968,162.38048112205905
49969,136.90774295430734
49970,139.17586551847145
49971,231.6894244162701
49972,261.82794236210486
49973,324.72751574443305
49974,445.50779012938386
49975,354.1345353799174
49976,177.64347430807612
49977,158.3176177729889
49978,260.9950826110967
49979,159.96175342533894
49980,142.2878738733627
49981,241.97859841229868
49982,149.11345509876185
49983,136.0230379698166
49984,180.87203758896078
49985,543.8439481399411
49986,82.35316019128355
49987,145.46601285276637
49988,118.6832275458206
49989,256.6083095752329
49990,360.44508709324475
49991,123.3816604327407
49992,405.87274181104993
49993,111.02093403590935
49994,537.0925851144834
49995,219.30572854101544
49996,345.8080564214818
49997,293.29496917447597
49998,87.56271730499417
49999,450.3675745432239
50000,369.3236494358152
50001,110.0877080457069
50002,197.08366771134084
50003,183.25732198030403
50004,248.47890630921637
50005,86.50044666932766
50006,347.76205670236993
50007,224.1414131115755
50008,480.92640958198143
50009,297.541309215813
50010,256.8091085507082
50011,225.1619960194979
50012,311.65711121956343
50013,201.44655268700876
50014,118.72796675242358
50015,108.50836088627163
50016,95.73902656949869
50017,448.6278682008891
50018,217.84138797347964
50019,263.4684532304592
50020,221.8295659442267
50021,304.22809739755513
50022,278.6899149264929
50023,502.8184099861712
50024,192.4449398332109
50025,303.20884963678964
50026,270.29227585852624
50027,290.9442037444299
50028,303.9457640030989
50029,216.62539605626822
50030,372.0101110805176
50031,263.5221870832106
50032,199.25384260855597
50033,146.29816589745948
50034,220.00090488939074
50035,333.1943096687475
50036,212.76646524163556
50037,596.1948434480506
50038,205.6142502577879
50039,489.5666711668543
50040,310.5488049316816
50041,105.72559735786663
50042,222.5613567825932
50043,147.38037113586998
50044,278.4102246740728
50045,193.50795594918716
50046,186.66695401894293
50047,303.2038482241383
50048,229.9680618571203
50049,175.37952869852413
50050,176.17257080083814
50051,146.7629780827229
50052,168.39081306766099
50053,279.51850592548095
50054,602.0438872933065
50055,175.36597786140342
50056,443.3992064259831
50057,219.52142847400518
50058,299.77374961470883
50059,154.39705660139992
50060,204.21975651296225
50061,126.38713469918528
50062,114.51128103958693
50063,395.45296128843313
50064,987.8091586999498
50065,319.6435774308214
50066,114.4700359626707
50067,498.27145100483347
50068,198.19799400994495
50069,225.19424269900978
50070,244.49895183587512
50071,187.37212898193644
50072,184.33901366173328
50073,218.40192112516272
50074,98.75319873405299
50075,118.08359556610876
50076,416.96818514440224
50077,167.6592720615586
50078,447.27979709014903
50079,163.53903900618795
50080,130.36907269412663
50081,128.73581483601416
50082,490.3617082147791
50083,168.7563369684361
50084,307.22269613345435
50085,358.82237264370553
50086,115.58342841047025
50087,220.3978714247368
50088,421.2056832819716
50089,93.65451337527658
50090,334.00188002353514
50091,140.55056571329098
50092,236.193672339066
50093,76.48064563951034
50094,278.3367971683984
50095,260.34676016759255
50096,248.3307019448385
50097,289.6300149744596
50098,195.34373075571983
50099,182.88046989744834
50100,154.51386943362303
50101,244.79210814410428
50102,577.8409351773903
50103,221.4856265806795
50104,299.4752570974443
50105,661.6192665982907
50106,237.66761034425187
50107,300.97137803560014
50108,133.00892674262985
50109,445.75074853495556
50110,216.3900111658315
50111,194.01633197175036
50112,592.6310203730844
50113,6861.315670983047
50114,224.95292876620405
50115,394.3477060642832
50116,183.6109356408747
50117,220.06988770362256
50118,204.84959433543347
50119,203.97495294716666
50120,617.6208358212241
50121,324.96281515877126
50122,751.5934444928565
50123,472.32200703225635
50124,192.87974288509142
50125,167.60735429932583
50126,409.05654892090246
50127,165.88340641186653
50128,445.75099987437653
50129,350.99087876879025
50130,178.63234190204602
50131,243.82736375517067
50132,203.93684167701142
50133,234.46657831881203
50134,296.0147882632441
50135,450.8407448171274
50136,744.0721414337562
50137,278.84786855747666
50138,41.0016047232067
50139,247.4515327224147
50140,281.6244239827787
50141,297.7372970655146
50142,150.89667160880367
50143,239.2290398690893
50144,139.16563836835257
50145,342.03902159115825
50146,560.8421755251701
50147,186.1702174313526
50148,147.0313002311775
50149,150.55795017726885
50150,151.69949688778013
50151,278.07729692525214
50152,443.7702355970829
50153,435.1955404444057
50154,253.6147758136216
50155,255.83878429872118
50156,348.5482435788596
50157,360.98874620776934
50158,647.7539627156101
50159,322.28895359673777
50160,814.8161838745948
50161,160.48011750165006
50162,247.88161145326833
50163,198.9205379469335
50164,119.76760697495796
50165,328.0349427037266
50166,166.4107886790301
50167,277.2827275157278
50168,233.24802291833623
50169,240.449824588646
50170,143.08999246408055
50171,362.46606973255825
50172,308.16868468508824
50173,264.7840165164505
50174,133.8058694789558
50175,302.58430276775084
50176,497.08915990463737
50177,110.9033712326509
50178,208.34395209581632
50179,396.433896938535
50180,281.15679687033503
50181,400.8419948808089
50182,198.8771905804821
50183,544.730651744471
50184,201.53884654804673
50185,211.92472657049342
50186,95.55757896157564
50187,324.58082013991503
50188,237.0325276738555
50189,103.76242995447778
50190,234.76367060271986
50191,267.1500035398645
50192,246.50654984234262
50193,278.6247228786947
50194,674.4094022819643
50195,405.9367405599051
50196,340.86716011873824
50197,243.3774885776658
50198,750.6512184930417
50199,117.6830338460367
50200,358.7300477195165
50201,613.0035724951612
50202,1060.5139323204758
50203,140.38653507088904
50204,128.91347600365606
50205,199.31321961483116
50206,890.3642750796466
50207,273.2673639570435
50208,355.46549823841286
50209,314.9561441915043
50210,186.71566589660216
50211,412.3586673416456
50212,216.1377712611078
50213,327.92111251023766
50214,296.54359346901845
50215,250.09442627267794
50216,195.11225325870146
50217,137.58203010216153
50218,153.09433509678476
50219,152.85758526052564
50220,75.93496077998911
50221,209.937253459781
50222,247.42005408632264
50223,115.20346421308096
50224,484.55979830443715
50225,219.50666350408963
50226,243.9186641893018
50227,247.29461423482135
50228,323.7053495770706
50229,193.572772182053
50230,414.53641743771203
50231,560.600712937648
50232,510.9351704132818
50233,263.6106375764879
50234,194.52197223108553
50235,261.25000733718514
50236,176.2541443956302
50237,88.94462313838577
50238,356.92763983716435
50239,481.3454757849565
50240,209.485039887561
50241,96.27328190449884
50242,552.7442611078426
50243,711.0523550465208
50244,578.1986121447032
50245,222.83755953054387
50246,170.1217928535161
50247,242.28208304653214
50248,280.0342553501615
50249,259.9036214679234
50250,426.84922479049123
50251,501.9819100325755
50252,505.59067042600896
50253,225.27606962132631
50254,419.3881033783949
50255,230.8173991037666
50256,141.72149079612242
50257,148.38583940104007
50258,289.9833078634887
50259,395.0088222773398
50260,289.169345231805
50261,266.98984655018245
50262,104.93352879997762
50263,270.0550768044669
50264,126.19082340783469
50265,100.0987889434502
50266,358.3081951608086
50267,143.73070959344835
50268,160.70905942169196
50269,179.76562127257765
50270,136.45179880232612
50271,320.600609069914
50272,228.004752998242
50273,239.49533481593684
50274,311.4352416849568
50275,192.48862636094103
50276,178.17410273717144
50277,320.43733302953194
50278,201.52346705291404
50279,322.5754104054274
50280,228.54544043514593
50281,129.39217746318212
50282,226.39916080915032
50283,348.49456373820504
50284,337.7668190725013
50285,306.28233204950095
50286,358.76079173846296
50287,97.1099843696079
50288,356.2193466849271
50289,151.88217836397976
50290,166.03469159033313
50291,172.7471726218195
50292,132.35784015985053
50293,510.0598872191003
50294,308.7876829940879
50295,446.47390258642577
50296,205.98190838260223
50297,156.56046702868926
50298,226.40018712438498
50299,140.1850418125159
50300,369.65762715665153
50301,303.2928027047493
50302,408.1329742953155
50303,146.02202445354177
50304,324.0839588327684
50305,182.04124996773652
50306,471.21672283008564
50307,232.6517806497632
50308,183.04674212541943
50309,93.66260406285039
50310,263.5928284670202
50311,626.0875465281908
50312,194.7852937998069
50313,106.70613083072014
50314,185.23879738381106
50315,160.62534969214494
50316,149.01620608250528
50317,115.95738698465014
50318,215.74075399918468
50319,510.93792469606046
50320,325.46907817825667
50321,137.25294464297392
50322,315.36101495242633
50323,186.50233120123315
50324,315.47356583674485
50325,739.8327952450142
50326,224.27191491339147
50327,206.75827919228365
50328,201.81148718274736
50329,275.856549582758
50330,238.97906982410547
50331,170.75512755684986
50332,413.2356861319001
50333,179.38603770661612
50334,933.1842795340951
50335,497.8059018171746
50336,371.92696816756256
50337,283.26094944453985
50338,182.61750444092158
50339,245.4879739904524
50340,90.16320767406489
50341,799.5909783951837
50342,224.18697023631398
50343,231.73323800384046
50344,242.96577227367814
50345,204.97981368183125
50346,719.9624312834499
50347,267.7732974226794
50348,248.38693052134562
50349,158.20228573724836
50350,177.68381842051508
50351,136.49236465090542
50352,715.7082527011845
50353,250.71394756153595
50354,673.7125659860351
50355,188.37899424805747
50356,509.91425235667174
50357,134.03301130846376
50358,230.02411923386526
50359,510.60331380449617
50360,632.9282846520995
50361,236.10068048841842
50362,139.72523756300376
50363,290.7715495053853
50364,626.6340509682012
50365,400.0157378421569
50366,232.21915099662655
50367,138.32401920590328
50368,155.99445491327282
50369,359.4453519364899
50370,229.11043082236083
50371,277.9860917695654
50372,189.39856808463855
50373,377.2241505725639
50374,202.12816893292074
50375,305.5392002573594
50376,231.21743169185416
50377,121.7616866347704
50378,392.2932352952192
50379,108.99753410489956
50380,172.83469493220923
50381,155.94910784339294
50382,197.11212676726012
50383,726.1319056421838
50384,113.81506835616335
50385,188.31216839956494
50386,290.4136534246104
50387,232.90985895516144
50388,193.18680584161106
50389,164.1576289002446
50390,239.62180217409974
50391,387.3385448975519
50392,88.44283418621688
50393,400.9726294587395
50394,128.79484420549653
50395,402.4143986815123
50396,521.0241419712468
50397,184.6062624597152
50398,724.365775031926
50399,306.3122883468374
50400,581.7937674177516
50401,193.92836903089986
50402,231.12932289940034
50403,312.10355487980104
50404,102.35362047738236
50405,189.5564541397075
50406,140.55056571329098
50407,155.2091388555274
50408,249.6976602843767
50409,126.06622932959854
50410,216.27790942229498
50411,168.3918440718665
50412,459.199678605159
50413,614.6726183535246
50414,627.6231571063697
50415,173.21946723304086
50416,246.79488766857833
50417,253.50803375041272
50418,187.9291003520305
50419,161.89991790542058
50420,239.2118647953
50421,185.60361406399707
50422,422.4369205499143
50423,90.16747584170601
50424,189.84167387492303
50425,125.5593390121581
50426,283.8646140835587
50427,221.39264303758858
50428,435.4292051663918
50429,427.04489803230217
50430,413.9366720252084
50431,252.1061201234889
50432,400.96264508031305
50433,155.66136152744667
50434,135.73251005771317
50435,157.6210076011147
50436,252.82750547062219
50437,246.01942687078656
50438,651.7541060429
50439,311.8224866350168
50440,223.77908061890216
50441,347.77156771232876
50442,411.6561835175303
50443,311.2925027693384
50444,342.7536082696135
50445,118.0856442629958
50446,663.7405867506725
50447,248.14090435174123
50448,270.8148737764452
50449,256.3336485370835
50450,450.44335277840486
50451,138.1374101388701
50452,173.03096551359351
50453,194.6471099257627
50454,150.95852621289882
50455,642.8153007312252
50456,355.84932353157126
50457,224.87591287342997
50458,294.2312314956
50459,223.94198567043028
50460,126.61000197138446
50461,192.94381863614893
50462,433.374378111297
50463,186.24142124773442
50464,189.66252721268012
50465,657.5906458313957
50466,279.88402982625604
50467,651.4970844330705
50468,225.9900696316665
50469,186.16919189749754
50470,59.04683584230075
50471,230.899372762893
50472,237.05436859631288
50473,246.40530767537783
50474,259.9591258847985
50475,169.06189798632118
50476,324.8777811886102
50477,218.30254446852297
50478,225.87253892137701
50479,397.41157986514264
50480,268.0416819700654
50481,305.90443914683476
50482,112.69502652535257
50483,137.3923960933214
50484,434.17292867305696
50485,657.5117205472967
50486,128.6190505979494
50487,140.03090867029528
50488,180.77228630550135
50489,586.2987129378824
50490,253.9765067799253
50491,138.0787891762837
50492,118.06147483268593
50493,127.63874834646329
50494,128.03064827697293
50495,204.46373620914247
50496,179.52911997981582
50497,181.31691324158243
50498,156.73908158767995
50499,156.84241087702034
50500,417.0082945256971
50501,220.46266484604803
50502,136.2377914788657
50503,307.16181121482265
50504,227.54246382907274
50505,225.99518229926383
50506,190.44123531305698
50507,166.0225038428363
50508,488.2764360376391
50509,193.04615028646577
50510,452.5596527738867
50511,400.9327509144743
50512,133.83656277510906
50513,260.842495040236
50514,277.103307599371
50515,221.53040555612307
50516,264.13438220859706
50517,331.9245409287894
50518,162.8699861939886
50519,811.0853172466578
50520,410.43051183653023
50521,309.3231835618165
50522,342.8745553395104
50523,248.9825010604403
50524,270.177488325786
50525,295.19403697649534
50526,463.7218380227883
50527,213.0606195846464
50528,298.3826312506247
50529,347.39251078037114
50530,341.03005154503876
50531,123.35317887527039
50532,217.0575844150088
50533,148.06095330940138
50534,689.6872126344882
50535,206.69614534431224
50536,412.0110353212666
50537,282.8541774423981
50538,246.2135880252277
50539,206.1630709200275
50540,185.95754765168675
50541,248.84153211677332
50542,267.54569178043783
50543,641.9715001125102
50544,392.25002552449735
50545,229.5903224302009
50546,161.53583853332574
50547,465.5372810450325
50548,231.3630272739848
50549,6034.471500837519
50550,138.66736721860744
50551,271.50099126125724
50552,174.46919552174842
50553,146.62611132695852
50554,173.65036063750378
50555,502.4986362298284
50556,325.98592276593814
50557,107.516913364872
50558,139.35013663836267
50559,189.54811637361033
50560,238.27591464666838
50561,317.4862947883438
50562,225.3611635158741
50563,385.51480795839376
50564,216.03986211301088
50565,274.1551180324564
50566,274.3697347737695
50567,967.7642726126401
50568,100.40581806888281
50569,367.00838684756036
50570,631.8501323004249
50571,132.79625174791178
50572,238.1865457992736
50573,682.8199794729703
50574,420.8401593811965
50575,347.9515905270753
50576,1097.7263047830927
50577,429.79747933520815
50578,449.7747732946269
50579,216.38450536422823
50580,314.58267119986994
50581,226.05611930724388
50582,390.19837389393564
50583,132.59511304907429
50584,288.6242099905482
50585,294.1277474511583
50586,241.58355652730555
50587,249.74377516261532
50588,610.3179805866005
50589,215.97263498798353
50590,453.6641357898041
50591,294.80710773702833
50592,198.2707734793796
50593,284.0425251557879
50594,225.84751080775166
50595,175.70451885817542
50596,570.9243305076051
50597,322.43934526643557
50598,170.1197844220403
50599,202.50704653010703
50600,273.21698384447393
50601,215.72092914000118
50602,212.12901800680112
50603,243.73456910777134
50604,251.4035173637853
50605,227.34762750713725
50606,194.75593517774638
50607,228.38292413959414
50608,349.88083617509733
50609,348.19927321632196
50610,909.529069816072
50611,105.77522559517656
50612,136.5124858664952
50613,407.2073315313004
50614,204.24532039506107
50615,100.36959034138117
50616,248.44748195277484
50617,348.14900565563346
50618,77.12936194151916
50619,204.69294780162508
50620,252.6419156826968
50621,78.24233999597928
50622,406.91133445120727
50623,169.9667159012507
50624,389.67818548451555
50625,176.82503391685626
50626,262.7236158504219
50627,230.29820718366796
50628,221.4942378852302
50629,323.71843493199333
50630,235.41738016143802
50631,136.12025570431504
50632,242.69070380896713
50633,247.853931468102
50634,133.19705824842612
50635,172.79039420626003
50636,219.14732963347248
50637,239.1067378152235
50638,180.13865734436433
50639,259.89743072284097
50640,212.5298840836307
50641,291.8508160914657
50642,582.5921708095841
50643,144.82350469029234
50644,177.88891968092528
50645,338.9764287217095
50646,116.2798661134078
50647,235.30933363755645
50648,250.75308873444618
50649,217.14817320480861
50650,296.3522671617149
50651,232.57879161894255
50652,180.52727754918536
50653,267.49145084499884
50654,687.402354871473
50655,448.09218821701495
50656,319.4045285766868
50657,126.19082340783469
50658,162.38494746608256
50659,191.6877785958446
50660,435.9331947018799
50661,225.9181192377504
50662,90.91425844870297
50663,116.9373956690124
50664,190.4059318545146
50665,264.1740447115821
50666,276.2513527425777
50667,227.08764124924335
50668,285.4919711354839
50669,437.33094661199146
50670,443.9090770272485
50671,523.6687730015182
50672,214.5633886029744
50673,185.48503627833236
50674,146.76910938068704
50675,274.67297443242586
50676,372.1330425906928
50677,143.61715174438348
50678,179.3429601031566
50679,345.17594556365367
50680,328.09703301120635
50681,269.2061968931351
50682,536.2409485520948
50683,652.193284370453
50684,221.77414141604245
50685,164.36685498840154
50686,145.87308632367944
50687,355.91256017993777
50688,196.31430119431369
50689,602.9003282360703
50690,706.9428216670839
50691,140.87530805520595
50692,475.8226489947733
50693,397.61067933482167
50694,398.63446034064197
50695,175.1932229100213
50696,164.8099224666606
50697,215.8313897980746
50698,428.39719207629486
50699,160.57512813178073
50700,203.89428049308728
50701,512.8140369305393
50702,261.0053681523109
50703,423.2440244366135
50704,259.99792737049887
50705,334.41358192313066
50706,373.0640049456888
50707,9.86092662822652
50708,119.93843496582225
50709,245.27677650629542
50710,127.95953541559972
50711,219.96489551533546
50712,92.30627624696821
50713,89.98758324754266
50714,567.1275855947035
50715,202.12658152361192
50716,451.15053923828714
50717,144.23536451408495
50718,130.3250893666273
50719,886.5373114053008
50720,164.5309359710083
50721,378.5868197476207
50722,382.40323102427004
50723,594.3067270250218
50724,191.3484146227308
50725,437.02564813593244
50726,483.7018594300879
50727,391.0365944663873
50728,69.67025831622767
50729,178.14451031952476
50730,117.09526384946086
50731,512.0094853998438
50732,211.51070953273555
50733,173.6494823224206
50734,711.9337316068634
50735,279.7896394632635
50736,277.8263028647163
50737,112.70868014303102
50738,596.5612569083337
50739,177.5715440730713
50740,132.51283587170985
50741,330.9460669985526
50742,261.8326592650062
50743,145.47438315249508
50744,133.16436523710618
50745,168.5635087060431
50746,195.24068867238864
50747,308.25777995620894
50748,153.8574950711558
50749,343.92829685309215
50750,155.19746958120723
50751,108.27607160247267
50752,305.6479781835605
50753,312.65184871192713
50754,397.9250564774445
50755,93.60517591118581
50756,245.540476631178
50757,655.1056567945454
50758,62.98811101792402
50759,254.1325921508015
50760,400.42305859991563
50761,561.0520096239592
50762,172.78792474414718
50763,147.25460456778714
50764,125.90848220751553
50765,126.47753011985897
50766,217.29381790448664
50767,176.83147543108151
50768,241.90511221123938
50769,161.10544918891392
50770,355.678732482697
50771,142.12655526502704
50772,94.64477145666487
50773,157.43304016460178
50774,227.99503407119542
50775,237.80881297507636
50776,262.74791306908025
50777,418.1325862319727
50778,190.33518967810468
50779,120.52708460556873
50780,223.71820427984997
50781,151.92394652930733
50782,139.2293753410719
50783,159.70558955548356
50784,699.229322740484
50785,260.94422092608596
50786,185.54570354991347
50787,418.54531148691603
50788,734.8848117596087
50789,84.03321807561592
50790,300.87326562823006
50791,418.37984038422707
50792,571.7096568426723
50793,135.6153572199013
50794,311.04885112793124
50795,87.6205510890731
50796,108.98474654180839
50797,178.48837995131632
50798,382.264968605243
50799,368.23212163778663
50800,652.0709275198749
50801,441.3940368562848
50802,380.97179493383834
50803,375.8108752715751
50804,340.8782318599815
50805,330.54412211455724
50806,310.28135078538816
50807,125.68967662623042
50808,1592.0640316978322
50809,247.2606355526973
50810,332.5354563416593
50811,507.977362863838
50812,275.01344274578787
50813,448.18838099272045
50814,901.4443094066262
50815,458.719511748307
50816,298.0129366773487
50817,245.77008602212027
50818,157.33334157275638
50819,189.18426393978902
50820,154.8142311383786
50821,266.30083601997416
50822,231.35531722614533
50823,200.80311001362662
50824,730.2429150917089
50825,159.86625912129603
50826,179.8987410473682
50827,258.02945499868724
50828,352.9248680142504
50829,216.96078073641567
50830,290.13677506648514
50831,244.57841034502687
50832,172.56114313442333
50833,203.7546562616808
50834,196.36500003518415
50835,280.86433260419
50836,264.45317218736335
50837,212.11883561783014
50838,200.34877862974585
50839,278.4628509977033
50840,845.881022320823
50841,144.17383164229486
50842,243.68556545174872
50843,249.76362245594476
50844,503.18445395385066
50845,856.2139888118257
50846,624.9102273708559
50847,317.49619383527437
50848,230.8312234218285
50849,223.08560245549748
50850,166.57662598729496
50851,225.32465787952242
50852,91.58881970637717
50853,139.69544166896452
50854,805.7462504832695
50855,126.84198703034639
50856,130.7388269511287
50857,258.00195089680057
50858,285.03909901539197
50859,530.7031503955037
50860,161.12196168941097
50861,257.60860893545544
50862,240.57886143426504
50863,531.7333389280197
50864,256.0328269175485
50865,469.87180030940016
50866,138.70890639016724
50867,227.44519975845782
50868,459.85113132094517
50869,254.57668328933482
50870,213.18285135601718
50871,342.5627404886468
50872,337.2263551109797
50873,286.62783268975517
50874,442.92087209908266
50875,151.24198120281795
50876,180.117742190378
50877,122.48723940817906
50878,115.80717242704408
50879,155.38066840191763
50880,498.2911809252909
50881,204.61577156547338
50882,705.6055717810441
50883,267.2611059681924
50884,152.80335601242462
50885,194.71890319522265
50886,316.7262739733543
50887,193.86708351313635
50888,142.0623157596288
50889,731.7233052706825
50890,264.59515280303214
50891,401.1908315936018
50892,269.057425424632
50893,417.7517543882689
50894,275.5285925233195
50895,181.8604094194928
50896,133.2694802149389
50897,247.94818361058609
50898,252.0829084152872
50899,321.1374814546064
50900,148.362327043434
50901,667.2152757290847
50902,260.98180096592955
50903,314.02977871118907
50904,233.03666911663484
50905,285.9620698483555
50906,262.1536535564805
50907,232.93987310201686
50908,302.446700403859
50909,258.30933021414484
50910,418.44156465255026
50911,953.2421896316624
50912,213.75522536637538
50913,263.6342708880202
50914,101.14805059544479
50915,297.38083787765737
50916,253.8090424446189
50917,662.3034408200584
50918,145.70340262976893
50919,109.91394105302963
50920,305.183019608489
50921,106.08156814617229
50922,286.87429992180796
50923,152.45178367723796
50924,132.11430026244622
50925,96.34975488483508
50926,197.2402491702922
50927,66.73788815386713
50928,118.28779100573749
50929,188.94006705593338
50930,470.8545430727904
50931,322.67760095911103
50932,403.85624913074435
50933,881.0766545651413
50934,302.00679552185846
50935,262.6087078898144
50936,216.7708312636116
50937,274.28629469481393
50938,507.65833750317086
50939,290.00651233765075
50940,356.1127141084139
50941,566.793365866861
50942,193.65324317711446
50943,493.7518760757738
50944,347.33291095780135
50945,170.89086205493945
50946,287.7391654732655
50947,246.5263153561945
50948,178.7409910961298
50949,183.90670662417418
50950,291.3053067690584
50951,165.67167815723772
50952,476.9004304812902
50953,205.69336397442106
50954,338.85534546263835
50955,474.92341493288785
50956,262.82897627045134
50957,193.91524029047133
50958,183.24751702522576
50959,221.36900860044102
50960,397.6115339387718
50961,831.620632176427
50962,272.2286688371903
50963,239.44996215938423
50964,143.14733101891372
50965,227.32909015590198
50966,131.90158529142477
50967,497.7093356912135
50968,273.2288226998753
50969,148.59335524249371
50970,314.4381855811703
50971,187.45334555604632
50972,117.01245321844475
50973,453.2386860083215
50974,240.43692419570485
50975,219.35582258606615
50976,204.71920650082308
50977,150.8348160353759
50978,420.0994704161783
50979,325.1529616027583
50980,572.289870568888
50981,210.71235185094804
50982,256.9454367802076
50983,170.73719140644016
50984,215.7926605245957
50985,241.0016123574236
50986,446.20349848206814
50987,171.56042598741425
50988,361.5421198279594
50989,239.75665102520415
50990,393.627712790536
50991,276.9654748210258
50992,279.70193809199804
50993,256.3082733471441
50994,214.84558307554587
50995,266.7282573732741
50996,198.52013839417438
50997,110.33023899941598
50998,249.7970856438582
50999,212.12814371932572
51000,89.39720318228531
51001,420.33288536476425
51002,322.2379738056952
51003,286.46420068103936
51004,99.17355355674583
51005,165.78563771895466
51006,162.4188255296724
51007,220.59402541769288
51008,715.2460758103343
51009,142.58727525795965
51010,230.0686648924076
51011,952.2390479423984
51012,173.3947416906909
51013,486.70848242887115
51014,320.2301339969935
51015,297.6999213940559
51016,219.3620370288337
51017,277.54446218741805
51018,341.1124805076135
51019,111.0394156816316
51020,188.23424307029347
51021,151.06320230963462
51022,216.44940659078557
51023,189.420600384708
51024,171.33991311485937
51025,76.20650305579991
51026,136.69111458478
51027,165.9797570653608
51028,283.1763821666976
51029,221.9755365194469
51030,291.6509661763591
51031,477.0366191998694
51032,140.65789739967624
51033,76.45548050345366
51034,306.9311708765031
51035,155.0698666146333
51036,180.9654797108255
51037,372.95479937420464
51038,149.83595051203568
51039,207.21871055855988
51040,205.38509263157553
51041,134.32417786697008
51042,165.9630879433426
51043,89.99484883434243
51044,269.3919504647202
51045,213.84428187928788
51046,189.07343441688946
51047,98.69090390955203
51048,357.04349250194844
51049,278.26965695610477
51050,208.99342929042933
51051,183.66020158929837
51052,341.96049017136716
51053,117.95116468688911
51054,237.44080168363146
51055,345.3287582845565
51056,478.105572968779
51057,89.08659147176861
51058,241.05824295047464
51059,910.2364019387686
51060,227.29537876995795
51061,217.50576602653553
51062,390.6592443304423
51063,178.13789292446256
51064,883.8564530644667
51065,149.22878232380407
51066,862.2153550711962
51067,84.8180882542132
51068,286.0215729588911
51069,213.1333097436469
51070,203.5148781451971
51071,212.46577927510126
51072,235.22973580995662
51073,293.15295273444457
51074,277.00631804029246
51075,368.73050724772816
51076,601.12512470482
51077,454.3867094601258
51078,145.62045642703978
51079,225.7174886860488
51080,414.8199574416107
51081,191.5721696474506
51082,480.74587631249955
51083,165.1043269109585
51084,410.02404502364476
51085,367.6787111165251
51086,185.94896660357202
51087,186.4822997496137
51088,192.49493716886525
51089,236.00984997595998
51090,141.535550099117
51091,455.9719149389821
51092,589.2396459412045
51093,312.88834179650826
51094,75.89692768391993
51095,128.7786789199314
51096,418.67073488179335
51097,221.82660260047757
51098,215.8712533342999
51099,263.68138019783237
51100,124.68848936744133
51101,480.5402743557123
51102,57.14459386579181
51103,236.0472616773405
51104,521.3885670213099
51105,621.6245902690032
51106,216.99241459347456
51107,225.73685714115172
51108,119.16297475742662
51109,244.4611018808495
51110,337.8385436416495
51111,366.8995932321794
51112,250.08561566436308
51113,265.6340669774798
51114,250.9508486654414
51115,149.39979829651497
51116,199.5455860257935
51117,767.3201311988605
51118,32.586592982731254
51119,286.72564671777144
51120,420.005082284792
51121,1118.7498318264184
51122,457.2301663513824
51123,464.2996446540107
51124,419.2453065226114
51125,267.1885611694569
51126,243.97587620538533
51127,282.3920127922583
51128,226.39466966555958
51129,419.17070679135566
51130,279.3488268723409
51131,337.7109349987178
51132,523.1132157396496
51133,359.80878188452664
51134,136.0230379698166
51135,296.78644060993486
51136,184.7009328019761
51137,442.6255300281941
51138,151.1389166990469
51139,278.69412766247706
51140,93.05214295776155
51141,198.13954991229872
51142,733.5351731419034
51143,133.72610894542424
51144,127.63304158645238
51145,178.6548062548845
51146,137.07636637001232
51147,621.7673553886245
51148,194.83112107408195
51149,550.2164906017564
51150,108.10686137295238
51151,249.6457609957813
51152,422.11153884142095
51153,278.5666340999947
51154,189.22520387739513
51155,626.0409921392471
51156,49.69608475891156
51157,122.7179965750647
51158,207.9649796959756
51159,353.2985266759395
51160,355.0736566734978
51161,208.55413533271275
51162,227.0978949405477
51163,281.21404389744424
51164,332.01645973203676
51165,206.47795218487047
51166,209.17311654474898
51167,275.5105129209921
51168,299.77790375180047
51169,260.39432575163727
51170,270.1145147481698
51171,313.4508595377608
51172,320.9437292029916
51173,184.01956969957024
51174,324.5676156963466
51175,195.9916028321627
51176,132.06866017604202
51177,281.8855269065542
51178,449.0482396846688
51179,187.5369716225033
51180,263.913550387502
51181,304.7956037516579
51182,231.5039606976085
51183,386.3419625998802
51184,316.2443358164839
51185,125.02930867868875
51186,123.70993080787218
51187,306.70513984175284
51188,469.54525955847566
51189,310.5222667932251
51190,810.8869543479822
51191,121.12893628767719
51192,138.9892159149148
51193,551.3663235260072
51194,102.14180339554257
51195,439.4854028009721
51196,144.3129654534299
51197,134.00175974192123
51198,388.6442585210625
51199,386.72662703474316
51200,334.36885012662566
51201,135.67218636356873
51202,952.5122954354437
51203,136.03495903317022
51204,531.7404445095716
51205,235.9159231622469
51206,336.40634462401925
51207,72.64966570584092
51208,162.34138724180806
51209,210.8741282342449
51210,385.23965162802904
51211,112.0230460384626
51212,220.85355215234395
51213,566.46888385605
51214,158.129809798588
51215,120.76344666319653
51216,300.53306767524765
51217,225.86705531063268
51218,149.61258911292097
51219,145.6103956449478
51220,522.7111554059792
51221,216.694197186146
51222,163.1531513882738
51223,105.74399110507247
51224,250.65321062644978
51225,93.65373148223578
51226,175.25597180466443
51227,261.13010483313514
51228,450.284670628944
51229,181.30613762191376
51230,192.44906658935304
51231,167.9745102212276
51232,244.84711566063658
51233,210.17136122198266
51234,217.43155946723545
51235,249.0265734385396
51236,732.9929597166192
51237,185.44501639653942
51238,121.1387629830349
51239,750.9339715540734
51240,229.35717997655152
51241,200.88695105328765
51242,399.29170743346396
51243,209.09552631216172
51244,236.44875869498478
51245,517.1865972457963
51246,399.23626628402644
51247,166.8996168473025
51248,152.35689832743074
51249,508.94507732184
51250,173.3955772686837
51251,231.62878417632416
51252,442.45526405601004
51253,104.14179768143183
51254,112.99586454022592
51255,326.5865998823138
51256,149.77599598162624
51257,186.13796966610545
51258,162.3005621287187
51259,186.75881589703917
51260,214.04846878715796
51261,225.49306392693563
51262,277.8781237827411
51263,122.22202302565
51264,137.63973230221416
51265,373.0304849970045
51266,97.59560716765246
51267,222.30227424570862
51268,266.6223438836393
51269,203.96996801812577
51270,582.3727660876574
51271,297.8338475595491
51272,419.13719966511457
51273,156.25366236755062
51274,106.68937346495292
51275,152.93208309746362
51276,183.2879345985006
51277,514.8054957070975
51278,161.37079806935606
51279,412.3547232277108
51280,488.9590920620588
51281,788.8683381531466
51282,221.83672186052058
51283,138.60744254209752
51284,53.42787445138239
51285,289.4281092335657
51286,234.8976551793176
51287,134.52432997019756
51288,108.19418479324123
51289,240.11623444883662
51290,188.61445231431125
51291,370.57700258794347
51292,331.0683564293298
51293,176.52786947486737
51294,321.6100255755812
51295,199.2887721353405
51296,255.4853078164871
51297,109.52079933337068
51298,397.6395734239389
51299,154.86414672402378
51300,448.1526533008168
51301,282.9235189249363
51302,140.3352509027108
51303,146.68077555954787
51304,568.3795464791182
51305,431.84601481621524
51306,140.1850418125159
51307,241.9319853765523
51308,220.1393821769747
51309,137.41524548228023
51310,234.65143765051042
51311,452.967940769151
51312,380.19243409798327
51313,140.92153709649543
51314,167.94047794529183
51315,369.8714191252912
51316,563.8486211663828
51317,169.7440903634603
51318,189.22520387739513
51319,413.59877940596704
51320,263.1969195579737
51321,125.64068221104685
51322,230.2651686389783
51323,108.02077186784157
51324,264.83590541991197
51325,109.33216011189127
51326,204.7272681940597
51327,357.6401603972301
51328,667.787216474007
51329,180.50620762283722
51330,223.0315388088958
51331,122.11064709318246
51332,392.7637867650183
51333,475.4143685907959
51334,306.1474850855089
51335,172.2040044586983
51336,573.3332790769564
51337,258.41153266782965
51338,185.4748790265353
51339,313.3826569970237
51340,319.015941520944
51341,149.51590401220514
51342,171.68591229175362
51343,141.3614466041118
51344,195.15445611403567
51345,365.9268588705948
51346,473.95871059172777
51347,143.2915457256978
51348,215.1875475965741
51349,216.85634290499422
51350,575.078564244075
51351,334.8878330297269
51352,372.0846717968396
51353,188.73132656114447
51354,122.03499548242563
51355,772.857903776412
51356,215.61591947222811
51357,157.32000670026278
51358,403.71508815814445
51359,77.25515502872683
51360,194.0085491476546
51361,347.7139940932529
51362,269.2871310904993
51363,422.86052945192796
51364,527.8366221259752
51365,274.24186971865277
51366,73.68589706945657
51367,279.70121192764765
51368,464.85658554739655
51369,210.54618198585428
51370,251.0064969352149
51371,153.76045585067538
51372,195.9954568452137
51373,142.3120389911217
51374,112.28544383719183
51375,292.6197557128309
51376,169.337563664971
51377,205.95331255324803
51378,438.7969248865633
51379,613.0137063740775
51380,217.1743680401027
51381,153.85067126425454
51382,260.0049666161037
51383,98.0869743143978
51384,205.87585099361982
51385,179.97297969131907
51386,147.5910945733413
51387,157.574244092704
51388,235.60620809274627
51389,603.0322311440167
51390,426.37973476961344
51391,274.9425055001312
51392,165.05927673766507
51393,210.91746313129238
51394,221.0274123226095
51395,181.2826108291403
51396,338.2904681312316
51397,624.5382820975985
51398,204.99118226402842
51399,94.52369711730708
51400,222.59921254738867
51401,510.87485541194576
51402,190.09448509915535
51403,472.16500259374845
51404,191.10681806421547
51405,259.2509726887306
51406,228.33428545899022
51407,180.06543876121768
51408,249.98723401933373
51409,215.1081895018747
51410,578.0629323983371
51411,246.56135104208053
51412,265.7061037212484
51413,183.56521461350198
51414,443.2543102959624
51415,93.42102915122547
51416,184.09301588132774
51417,128.08278189266514
51418,358.67815324929467
51419,174.44973072005672
51420,378.79765515387913
51421,150.69398306508077
51422,110.73097601073151
51423,260.7685667216454
51424,546.7722778907576
51425,641.3090506852208
51426,546.3944153371907
51427,97.0037513430494
51428,527.3850649020193
51429,263.92482220598214
51430,423.13393858075034
51431,247.0114930590409
51432,262.3127076021568
51433,133.11377122003887
51434,984.0548180484204
51435,195.6076726327247
51436,879.6969598670086
51437,95.62627782364122
51438,205.92013850065982
51439,409.4151323902862
51440,200.50391830352245
51441,311.951056078826
51442,160.7730961819504
51443,327.70544368399135
51444,183.61417010348626
51445,241.00103048178872
51446,155.88813846677553
51447,393.5692406856362
51448,151.14963019309693
51449,219.49605161757094
51450,143.55086971271766
51451,250.19377041025845
51452,316.40412265107966
51453,229.7436643636462
51454,147.3365495296254
51455,145.23995924989993
51456,126.79291787438439
51457,96.73851777409963
51458,68.27824750023058
51459,354.7806033842025
51460,109.13686973613909
51461,522.3834643222542
51462,410.7524134538539
51463,164.48029989051813
51464,80.8038656751763
51465,395.21643276664304
51466,202.54621331371453
51467,1566.3353199905541
51468,263.0049022695688
51469,309.70490214883324
51470,181.9852984354222
51471,93.67401534581037
51472,290.3433435359985
51473,140.79958088508855
51474,405.95620516620943
51475,814.4948320767484
51476,113.79145878413954
51477,205.68372712012987
51478,506.8237746569514
51479,335.2328121406263
51480,348.1301604017856
51481,179.78184894267648
51482,780.1093823719142
51483,403.49072522996926
51484,189.9222368282277
51485,414.90086500268825
51486,229.82613961994463
51487,166.45404236415638
51488,231.40295001279037
51489,323.8604727595104
51490,327.48341653233166
51491,101.80250606571121
51492,313.10709470799617
51493,113.03372274060098
51494,254.21968763941214
51495,316.42820739324554
51496,711.0292016033304
51497,284.51818453372056
51498,145.8541231875833
51499,465.96795621293626
51500,134.82126349853914
51501,336.4460380275395
51502,72.46152801065098
51503,571.1869994930294
51504,527.933382709082
51505,91.23143998654882
51506,396.03596400378314
51507,256.8111338700687
51508,130.00775819713203
51509,139.5266557293989
51510,171.78857234559297
51511,268.4779816103105
51512,173.20508031110674
51513,91.32708992691512
51514,237.7012090497484
51515,122.10691579846844
51516,267.05649753709093
51517,271.66067027247925
51518,345.68007237661266
51519,252.84004037978602
51520,205.5193898968805
51521,211.09293071610492
51522,241.487062846932
51523,411.66334669287346
51524,334.37594485685213
51525,291.94263400753164
51526,349.62823394432974
51527,333.988716991637
51528,123.51517921425715
51529,214.0970526912972
51530,189.70232523563521
51531,508.3100677765281
51532,117.55548345288967
51533,253.2368355611002
51534,290.7186730008843
51535,4495.674478372201
51536,598.0008910782932
51537,523.4355233420039
51538,201.6437293130465
51539,311.74249642246906
51540,416.24707154101264
51541,313.61507398105783
51542,410.52517821887875
51543,113.44356137320524
51544,157.62341056735085
51545,115.82103727081332
51546,268.1929473123992
51547,192.26143600633162
51548,204.89911617341457
51549,132.10546118962745
51550,295.33428234055714
51551,86.99352736065795
51552,181.87604774591495
51553,154.87003102203127
51554,220.1460802951765
51555,250.3870477608041
51556,366.60740327143634
51557,204.46866863841058
51558,203.10668088734639
51559,305.8307570699637
51560,605.6435840632436
51561,499.2506887944821
51562,71.82995528358393
51563,151.73125680693323
51564,205.13324015323693
51565,264.4191991221377
51566,383.5648908458047
51567,513.1561956500146
51568,803.156689399206
51569,190.48820227732176
51570,214.60785358783258
51571,93.29689820252828
51572,157.69205321874838
51573,305.5301364675214
51574,226.75075719972926
51575,457.0635290212245
51576,520.9120952265147
51577,187.53387510782682
51578,1619.1708844066509
51579,393.571879492362
51580,104.03011824822948
51581,308.4803224577866
51582,395.85134678375596
51583,398.60079161638623
51584,167.96593350209673
51585,229.6292436902789
51586,108.33699995982877
51587,370.72957418294015
51588,306.5720923325025
51589,225.0162049866623
51590,305.89522979668203
51591,237.3333068252639
51592,144.63497862933642
51593,453.7317439673146
51594,192.85195714903762
51595,197.6491494915977
51596,169.41148417277265
51597,214.26705536576443
51598,242.5169778504207
51599,1331.401831308692
51600,347.97910888894273
51601,467.9794397274478
51602,423.13956673723493
51603,195.23493068694196
51604,218.80817627526116
51605,336.5889705566828
51606,210.8342912089252
51607,190.82843677825497
51608,383.2015868847416
51609,242.53821841595737
51610,191.8600922865411
51611,261.27691445583514
51612,1182.158808187
51613,279.8112703763453
51614,632.1855225999345
51615,274.92663018782963
51616,121.90049708308477
51617,234.98567716079535
51618,105.56373056529495
51619,114.18716836548694
51620,1228.4766848012584
51621,141.19059429780765
51622,402.0007254855191
51623,463.37681589962864
51624,238.63484185916641
51625,125.93942622964379
51626,149.1144060602882
51627,143.38018131875452
51628,381.3329410217345
51629,163.8753189925936
51630,233.25368518374384
51631,172.31025551233654
51632,426.8869317699423
51633,271.71149994836225
51634,217.31357126658025
51635,286.2610558335324
51636,139.92551960844904
51637,188.56722548972124
51638,133.88917351960345
51639,224.08773323022538
51640,258.0030128213604
51641,147.65634906423855
51642,216.5306197242564
51643,138.37162109823964
51644,381.8937758144224
51645,190.82823964412862
51646,141.90048844880153
51647,108.42004410177357
51648,116.30205196695698
51649,218.2031019761184
51650,282.61137989587036
51651,452.8042224813706
51652,242.71029846780831
51653,88.86929258745842
51654,196.39817658048872
51655,352.4371066120886
51656,175.03104745211976
51657,148.9308788921866
51658,279.3751849183586
51659,216.01595527757473
51660,149.15156401919165
51661,147.06103004926575
51662,665.9208862726654
51663,293.3236963466552
51664,666.0960938199885
51665,493.5846384897054
51666,191.742314752878
51667,269.5830645096882
51668,90.88958539215258
51669,276.86361191108364
51670,527.4519442854407
51671,205.00844256374964
51672,298.57616835390746
51673,215.18427968246797
51674,128.93359147787567
51675,141.06864323580217
51676,1490.6246416769573
51677,90.24498622848661
51678,139.10392328518034
51679,264.95246283413815
51680,305.05110123744254
51681,159.04318391289334
51682,192.5276722728768
51683,127.39881653395719
51684,138.69970132911115
51685,100.8269642228248
51686,144.0636938279024
51687,319.7075259224807
51688,176.73486736548634
51689,153.74859182422978
51690,334.5666851728202
51691,215.61909967693248
51692,292.5366672034656
51693,564.2236584220863
51694,209.22382565979112
51695,478.67487886400943
51696,290.15584842935414
51697,641.1556178202154
51698,204.1190387292411
51699,197.62684510929063
51700,345.02577558767547
51701,172.0687209885916
51702,211.61248444533933
51703,228.760978899497
51704,174.42669983923295
51705,168.6226086115024
51706,914.0718764960974
51707,225.44563355156873
51708,298.302219714442
