id,realSum
36196,454.32117481921875
36197,661.6136497607837
36198,957.8305725535051
36199,184.9366926421805
36200,337.17859829436713
36201,705.7739272348219
36202,393.74293392236115
36203,316.1240939536825
36204,638.4348141394044
36205,211.68544307755383
36206,251.9386805655991
36207,400.97438738527535
36208,282.02248648994055
36209,216.70867927963263
36210,169.50564939913272
36211,350.03980394511336
36212,232.61167159772629
36213,164.545431255543
36214,142.48248760663688
36215,220.52596915450792
36216,317.8924145569454
36217,223.13905774458996
36218,408.11680274716537
36219,131.63305802033298
36220,394.34138838305216
36221,346.0856277648501
36222,256.65058541954016
36223,411.1518185318787
36224,279.9566343237662
36225,731.6770376765494
36226,375.8559266968626
36227,685.1458600652616
36228,934.0134511719276
36229,252.682862662912
36230,291.42636685420746
36231,248.12136802404984
36232,193.86696033200352
36233,207.53312162098644
36234,142.04178039386497
36235,506.6508620352927
36236,141.29837582805385
36237,229.0261357587226
36238,189.5210771936498
36239,220.36384658602842
36240,384.9504618955528
36241,230.62511818077292
36242,147.61442454113325
36243,262.01408511551625
36244,229.5323338471359
36245,228.78607014150094
36246,396.39861242091837
36247,236.08417300062823
36248,569.5358852768239
36249,362.4009041817625
36250,304.8217312122585
36251,321.6007900222571
36252,351.9305556817633
36253,906.6449841377716
36254,376.2082765075831
36255,326.7906823513616
36256,160.64872251535496
36257,298.935979423099
36258,183.89347421465968
36259,369.73330895107466
36260,335.67745832019233
36261,193.14270860193804
36262,129.72703678785734
36263,160.85787283804453
36264,129.1451177491443
36265,567.9352724132862
36266,279.78837035446946
36267,282.0764691719149
36268,251.0007357037332
36269,188.03704543856387
36270,417.47401686242796
36271,234.28185918143058
36272,302.8172636847175
36273,431.753721559256
36274,146.95892101872943
36275,292.25522377253014
36276,322.8704096887889
36277,231.29816387042243
36278,162.0271816634448
36279,298.91755398425056
36280,178.39827986233368
36281,163.41847831800223
36282,134.695033927956
36283,145.45616362987647
36284,220.341638840742
36285,206.13160187020742
36286,214.4443150635177
36287,315.3989228474453
36288,235.47464223995655
36289,97.17432090250857
36290,758.3077066650008
36291,225.1344158875477
36292,318.9722888460724
36293,536.6960927730079
36294,178.06404580313145
36295,255.65768158237384
36296,665.118144001104
36297,208.1616813245044
36298,288.8706516983322
36299,161.61563818081586
36300,168.01029192746375
36301,558.4885608831717
36302,199.67698945983398
36303,274.55247136627696
36304,244.30824047835338
36305,149.94547457925336
36306,146.85114359379932
36307,305.4796158994209
36308,336.740957204762
36309,321.59797631395827
36310,223.09435480819167
36311,424.8097561106804
36312,397.172304046674
36313,336.693273500437
36314,257.57915418340673
36315,185.16214026063574
36316,566.1285173143335
36317,177.3032598688005
36318,139.233752069158
36319,185.07406453333155
36320,697.4647175061694
36321,372.3877580803434
36322,284.17623976137617
36323,264.86328666492767
36324,325.6850628070926
36325,294.31259266274037
36326,229.07887968317598
36327,248.97039353821725
36328,352.85894002292696
36329,160.35867346317949
36330,134.69294853424213
36331,153.94314735897845
36332,404.5990496650993
36333,246.32720061278062
36334,368.6719181709667
36335,251.75000580710858
36336,266.9139234029061
36337,231.04311915102423
36338,221.65541479216176
36339,173.93979584388984
36340,222.67485144502427
36341,178.7336157325399
36342,218.09689803686248
36343,173.26026871252884
36344,223.43447084804228
36345,158.3625903123264
36346,212.9506649044217
36347,217.03325565335047
36348,293.96934607248215
36349,117.00368233588826
36350,218.70136820045738
36351,176.30146839328788
36352,213.14585352218808
36353,339.0066585709261
36354,259.05281623804365
36355,223.58247233812273
36356,258.75376774455884
36357,247.90959052370752
36358,564.4041196475272
36359,295.45396822764195
36360,259.8708429710065
36361,405.72200702367
36362,391.28323079389236
36363,203.0362122069219
36364,407.17963634196207
36365,274.65352397420645
36366,273.5695091062223
36367,273.06627662689726
36368,265.0553032019311
36369,477.9931498121289
36370,500.8122871888971
36371,257.75929930445113
36372,308.76587721498754
36373,262.8914071199877
36374,335.51037436758725
36375,140.72902778437327
36376,241.8951039107071
36377,249.61492519907998
36378,179.44575833388834
36379,218.97554049040448
36380,146.79171369655361
36381,271.7425884910165
36382,245.8330277204181
36383,168.10739717708603
36384,399.26060085503605
36385,163.57289300461792
36386,322.2829931646867
36387,130.8106179021532
36388,173.50922306401256
36389,217.81129087424284
36390,178.70357762338105
36391,665.7522921436098
36392,247.37956023611602
36393,129.6907017145481
36394,242.1950362044029
36395,526.3180678782587
36396,438.4597795469102
36397,213.10973535753465
36398,139.8336493130416
36399,352.14719618354184
36400,347.2451436474052
36401,186.8687767195094
36402,183.68023317682844
36403,227.77132438418616
36404,199.82277970653323
36405,196.83471823081368
36406,124.0506726574058
36407,204.9357385833617
36408,188.53728812687245
36409,340.707358657766
36410,212.9933008909863
36411,245.26292336587704
36412,210.9016264708384
36413,299.54274376473916
36414,181.41081732203193
36415,481.6529487167635
36416,205.756562728584
36417,493.32951568346675
36418,175.02840487975283
36419,392.2024075381611
36420,167.04572651725937
36421,773.5933646603056
36422,258.0130764838771
36423,242.31494714263786
36424,227.3555923530297
36425,181.5599239040939
36426,136.09403411200313
36427,220.22256117595197
36428,304.04532625954516
36429,976.770955743538
36430,419.50629259149844
36431,669.3487442655904
36432,492.7307639602488
36433,134.0637043255792
36434,236.90107883616938
36435,344.57567635089885
36436,335.91802997246685
36437,267.3765755066549
36438,284.74245646921923
36439,206.17423992529035
36440,550.563759694107
36441,249.3112049763693
36442,424.91184811504127
36443,196.20763715631412
36444,252.92788067232559
36445,173.13223950313122
36446,343.20210130359965
36447,202.98899096788148
36448,217.62792227553913
36449,925.8395561847246
36450,298.35503993886635
36451,163.1343703540249
36452,675.0722293311644
36453,365.81447734129154
36454,1554.079653207603
36455,133.6035481056107
36456,149.42728867608434
36457,179.39939660183046
36458,474.41145066201767
36459,304.4536507725799
36460,212.4687361489823
36461,310.2826468686295
36462,448.18025326279286
36463,189.92187455666135
36464,330.13792147003943
36465,270.73777400035834
36466,135.75891577061094
36467,260.9043509198666
36468,295.43323522261056
36469,173.33503515762737
36470,544.1211086750476
36471,516.9911893991117
36472,155.9610129671581
36473,133.246138006482
36474,453.27634312282584
36475,366.38935722951067
36476,194.4599492364139
36477,428.01811465487754
36478,222.07624632134124
36479,184.9101534747994
36480,220.2524480726158
36481,471.33529486450976
36482,368.4957586216947
36483,216.09557571104529
36484,335.9778746363273
36485,157.20012276998528
36486,444.87891129014116
36487,487.3232833123379
36488,185.7292049105064
36489,376.3850332792484
36490,163.71631164022625
36491,171.99091616357353
36492,814.3667962215105
36493,350.7781352125688
36494,244.10391707676183
36495,268.2175002944457
36496,379.56397494484673
36497,196.62230221589923
36498,230.95688049269376
36499,821.4758780394725
36500,162.94189562879345
36501,151.62914893928826
36502,200.36684802698548
36503,293.8869884717073
36504,512.4071078370742
36505,189.77598279699004
36506,209.55328965206024
36507,529.3112176454479
36508,449.280437777226
36509,298.1814895369002
36510,235.4148642359206
36511,395.5303163629919
36512,360.81252642927626
36513,822.2608112941202
36514,200.34488359805607
36515,279.0030458900304
36516,229.62427358151936
36517,218.16090480024133
36518,217.98720769436613
36519,224.28244766232925
36520,212.47380765122267
36521,211.029088195862
36522,143.6356556240323
36523,272.350762146741
36524,1048.9121421504212
36525,192.93973539000416
36526,200.67578666642586
36527,267.04480841951136
36528,409.5345780787844
36529,216.95108071759503
36530,289.6359958160397
36531,185.83767478953592
36532,173.0318055992547
36533,245.16587065145382
36534,238.63881679482947
36535,182.20612586215967
36536,251.34463983665182
36537,400.2570263527457
36538,226.4059118910117
36539,362.6043054031361
36540,243.59379614787184
36541,146.81742688226086
36542,386.78355304562064
36543,259.1623362909759
36544,167.97935517733652
36545,149.37399998635647
36546,1296.2634389175748
36547,135.93952336060104
36548,136.79485589476397
36549,174.4401730745063
36550,400.34912942690465
36551,288.387834737989
36552,182.76572168577525
36553,196.19897612211957
36554,363.38843344970286
36555,202.53150123893155
36556,159.43096669522268
36557,279.54447310453895
36558,201.82411060681994
36559,368.70206949891804
36560,161.09973678600974
36561,528.5808493510746
36562,295.071035940962
36563,194.77028286342957
36564,177.21406072251074
36565,200.5370142078542
36566,385.81744160289117
36567,221.47494642462323
36568,138.52437420570615
36569,351.3056903890268
36570,191.0386327999763
36571,212.96250683271603
36572,220.89999801014451
36573,243.68131501479564
36574,220.34670633085966
36575,693.1146983643351
36576,366.8725970081893
36577,287.8562408701982
36578,238.09093221551635
36579,252.49767440851915
36580,282.99563057591075
36581,331.55309222698105
36582,307.44295775370506
36583,212.18373243697704
36584,276.99725850282067
36585,430.4681788868124
36586,197.99129903138578
36587,540.5341825365443
36588,184.1189012203899
36589,181.36901464819383
36590,216.19939244466954
36591,205.99630647175806
36592,274.2395262251611
36593,391.840494787824
36594,481.7233360636203
36595,274.54487753356443
36596,132.47853920219904
36597,214.63102247315982
36598,238.8698504582993
36599,203.29995699234527
36600,303.13508146772716
36601,153.2084392237578
36602,284.7413612720276
36603,156.98369055047132
36604,681.48681033458
36605,1903.4952572893874
36606,142.41935400103324
36607,826.3313466683569
36608,184.45500543596225
36609,233.30608280961886
36610,230.01782590479345
36611,211.34356318444355
36612,461.36510298789545
36613,310.32226940615675
36614,271.82587515794245
36615,219.1885035335228
36616,255.88550405766193
36617,326.3956672654446
36618,219.68139837251547
36619,429.4152952686009
36620,250.59460527850212
36621,210.28679298186796
36622,143.4329760841707
36623,124.05092163536187
36624,154.81192447008243
36625,687.7613052726617
36626,270.17355070342984
36627,1109.5703716336782
36628,305.07099812641934
36629,411.4262340643958
36630,132.6596203114074
36631,366.12209380239597
36632,244.72446894323895
36633,224.90630017988636
36634,139.78454554964628
36635,270.4080960277293
36636,376.40392897871135
36637,324.83563753719665
36638,249.42563022693548
36639,356.2256183807604
36640,183.3141994293582
36641,556.1080902691285
36642,233.29659103753886
36643,126.01965464501872
36644,142.1091388753368
36645,234.97450420381696
36646,249.82873058502736
36647,336.15696559930944
36648,796.032262379541
36649,174.83092039019377
36650,1374.6275643154775
36651,342.6319931758625
36652,171.6362715283122
36653,379.8923892710996
36654,371.7867804893457
36655,202.06588152581102
36656,423.6477740848433
36657,280.73490136802684
36658,242.0719073125078
36659,179.8992220146963
36660,254.76284861058843
36661,208.65298743325843
36662,184.85950999682257
36663,129.13331530519008
36664,202.97678975035438
36665,161.9631614152828
36666,121.63210062492577
36667,315.75765383138696
36668,406.50266915680675
36669,137.4274651587183
36670,198.71600462798688
36671,315.3954779264747
36672,580.7037164835054
36673,269.46488764925977
36674,231.0390235030983
36675,207.7781071457678
36676,426.03055446058926
36677,404.4606534652901
36678,161.57191872966217
36679,174.53667585756824
36680,352.2850958615304
36681,397.4424265475928
36682,244.52080000476988
36683,380.8469793454496
36684,194.2397658413382
36685,656.8999052827091
36686,218.49101403019029
36687,233.4038110897784
36688,208.10436870354738
36689,291.92637806009645
36690,201.23716063028797
36691,1504.4405836187727
36692,243.5362957122539
36693,547.3363148661665
36694,166.1110295239001
36695,150.69281951942494
36696,143.29619636279608
36697,217.8844602095648
36698,242.95880114946917
36699,229.7074784839637
36700,206.6229084141973
36701,445.2896151903274
36702,148.6748735846622
36703,266.35225734872995
36704,179.9535857274043
36705,176.9512722057441
36706,160.66417646400183
36707,347.67907162463365
36708,305.04202548640563
36709,559.7055806844967
36710,155.71224203741994
36711,263.1525873928516
36712,160.57070194083866
36713,153.90369286168698
36714,182.495159932592
36715,136.05098505500166
36716,143.6356556240323
36717,172.9711311429317
36718,179.94558009431103
36719,186.84548025578778
36720,311.71409971782396
36721,389.2144074656944
36722,973.7374988303848
36723,340.144427220121
36724,483.8834207111794
36725,238.94110718993255
36726,161.7258080900542
36727,256.6426900646082
36728,207.45961776686215
36729,601.8143841536746
36730,154.85527201642543
36731,285.87515112019156
36732,317.3737524844407
36733,180.868221638941
36734,170.42987099024452
36735,171.6173801419426
36736,116.71109448322403
36737,400.410726972753
36738,161.20196949663418
36739,103.18535317401906
36740,284.28185112949114
36741,133.82639995690442
36742,155.2705945313022
36743,146.6764402033017
36744,323.566843903039
36745,154.05758362553314
36746,226.45862952140985
36747,138.92642811976015
36748,217.39498039645719
36749,490.3865367280843
36750,133.8269160393556
36751,244.76592971041734
36752,515.0986559878452
36753,484.50975948888663
36754,229.17376983222906
36755,588.2536924510529
36756,193.92086683487767
36757,418.42994794903484
36758,205.67788882252077
36759,194.42792937318802
36760,259.5576676369928
36761,229.8190612104478
36762,220.31537187592383
36763,132.1671338100602
36764,324.58136130146465
36765,189.93783203805748
36766,325.41149892700014
36767,475.6975307288083
36768,355.833531283764
36769,184.78753945774955
36770,148.28243414946937
36771,196.73093698525068
36772,133.20397489462007
36773,397.28100812328836
36774,178.54274563609604
36775,267.13067144366255
36776,175.1721617224023
36777,111.1940799627061
36778,113.78272811836307
36779,260.05525244784366
36780,190.89899080274
36781,294.88177988512155
36782,218.85863619501288
36783,272.4423177032233
36784,385.27716778074654
36785,387.1148698804069
36786,141.92586719496214
36787,329.909316551926
36788,304.69899850262345
36789,458.01215134091854
36790,445.74070461216644
36791,559.3261967962237
36792,183.1735872188775
36793,160.8361450608029
36794,627.2569420933464
36795,237.6445872029774
36796,363.45604982569375
36797,490.2862898778031
36798,605.2140447801703
36799,316.29220435592475
36800,255.56072340424592
36801,540.0487388057693
36802,408.576683127377
36803,330.75213722978816
36804,272.5656835500915
36805,192.09059200297537
36806,732.4994163016381
36807,226.39862535963627
36808,279.77347351079464
36809,248.09851419462717
36810,451.10678248258716
36811,382.7829036930723
36812,248.17795259171962
36813,191.48199226141935
36814,583.521830405606
36815,151.28835574298154
36816,201.85089166298368
36817,256.09770904273824
36818,224.6854608873948
36819,154.039597401607
36820,222.26500415464926
36821,367.1491885934589
36822,558.4112739749436
36823,404.6012851275343
36824,530.3892552554474
36825,327.24132171536644
36826,275.93588846239805
36827,203.0030768872895
36828,227.18032876387534
36829,369.98447663702416
36830,599.748536509151
36831,500.7724429884422
36832,224.91534696472607
36833,220.05287328227914
36834,317.609497889345
36835,463.5871719066013
36836,247.09689391632966
36837,193.24257045825405
36838,211.10494764404356
36839,150.71384640409727
36840,324.98410008495273
36841,239.35679263719888
36842,203.0462491699762
36843,266.95528152978
36844,366.17814041002964
36845,181.75713508183813
36846,598.0996317677966
36847,204.6283238787143
36848,280.9977234294055
36849,183.05839271188543
36850,218.36188710279038
36851,133.20727761011588
36852,443.1226224371878
36853,209.3291697740103
36854,185.0278922911606
36855,304.44927566722464
36856,144.98878189589595
36857,293.70568018455003
36858,358.1303623635469
36859,324.8994851345167
36860,380.063037215263
36861,395.67736786669127
36862,265.0901692340183
36863,172.71377341857817
36864,292.83457384639064
36865,231.2513304293495
36866,157.6909566668202
36867,169.0589465433256
36868,227.17154299162468
36869,224.40206675667577
36870,249.19382956856614
36871,158.29944883361202
36872,178.8255511246811
36873,340.7302838904727
36874,358.90634124444375
36875,269.3293619662087
36876,237.87181245981145
36877,605.4379238379216
36878,655.9348883867666
36879,128.65825475122398
36880,195.5757643330626
36881,116.9886652135783
36882,363.01592007591637
36883,496.32716518263317
36884,137.34891737481834
36885,171.5608131227786
36886,265.585859384898
36887,218.6449309433832
36888,439.2987737277804
36889,177.11252821982043
36890,342.1950447846122
36891,186.8924398019646
36892,993.0194633168334
36893,473.67234176971755
36894,283.25119951254254
36895,330.6136816519647
36896,151.49894444507234
36897,393.0247288847128
36898,182.9760247175402
36899,162.0108282987115
36900,310.12537849656445
36901,134.41733177112712
36902,160.5226745685151
36903,244.84706103495296
36904,129.6962018255333
36905,240.34187402929575
36906,276.2126354521172
36907,517.375153371676
36908,229.28565141717903
36909,307.8386924656863
36910,244.74819028569328
36911,349.14314512216094
36912,175.0547498233755
36913,175.99732039677974
36914,129.85718675039297
36915,148.62308993967955
36916,212.35760387313505
36917,219.08360487569715
36918,246.06309914556655
36919,221.11687380089975
36920,135.42802812868308
36921,396.6763379389898
36922,157.67202549292216
36923,150.6722910249931
36924,155.7104783387191
36925,272.61950653821066
36926,161.86198498388129
36927,295.27510818691195
36928,216.38282552495886
36929,183.63793540817227
36930,259.55290620658155
36931,661.5754926211015
36932,143.80702602596395
36933,194.74551501288903
36934,191.37974988386208
36935,240.7559261937559
36936,199.01304894912604
36937,335.30574660982154
36938,344.00602017526427
36939,338.4974321254263
36940,195.53215482455195
36941,163.73912237479556
36942,167.90039175724723
36943,1302.0039165635553
36944,179.42809853012474
36945,140.26058653915322
36946,236.8099650374952
36947,166.01934459007487
36948,231.47813052893895
36949,219.92589583273028
36950,212.7895411469369
36951,184.14336834310635
36952,137.7338855429493
36953,250.40696823541262
36954,194.55506273371952
36955,159.68626565382738
36956,142.99758477073098
36957,261.5895953720475
36958,208.6106535064707
36959,201.25606082694097
36960,176.7285451484643
36961,134.6984832581629
36962,272.5885102957789
36963,155.2697240123548
36964,208.28073537697622
36965,153.4105898585701
36966,287.40304247512836
36967,171.01550322733297
36968,156.02869391116127
36969,344.7286997638689
36970,558.903692699682
36971,289.8649952686103
36972,434.1061643990687
36973,223.86733157215727
36974,275.6059238376026
36975,1801.0118116314777
36976,616.9281508898097
36977,122.99399610412566
36978,383.4112064854311
36979,286.1831370462269
36980,196.4068570228834
36981,233.14528236144534
36982,203.3334901942558
36983,183.82082510296627
36984,161.30070305267773
36985,352.0413475801183
36986,142.03411946543756
36987,520.0666087877516
36988,271.3785925589482
36989,178.76670260907687
36990,122.23458964796511
36991,275.20467468636673
36992,295.76549356455763
36993,180.99362813876857
36994,220.2122826592084
36995,152.70122004294618
36996,280.9123447410263
36997,1060.1691025803427
36998,239.90085634140976
36999,225.8057079365661
37000,236.75955953202734
37001,798.8412923851421
37002,203.3729308900509
37003,449.0404213330046
37004,778.7370708053211
37005,110.80015753899272
37006,307.78474291124473
37007,806.5963873064582
37008,335.5329494552502
37009,589.3662830530734
37010,233.83346580585004
37011,283.1642618874028
37012,141.48812910220866
37013,172.34103416092142
37014,257.26885997805795
37015,405.1157839369841
37016,623.8906139976965
37017,310.1843170256131
37018,405.8917758669447
37019,195.36396533061216
37020,171.33873346304009
37021,216.45332660176857
37022,268.8549286852648
37023,594.9994450325115
37024,227.30118639483499
37025,178.39133053660635
37026,341.3420487067838
37027,299.956338681424
37028,329.7423221915213
37029,241.99062912686074
37030,183.97882832703934
37031,217.95420808047518
37032,496.76398570143874
37033,502.88184538295997
37034,290.61426102901515
37035,213.6491589684726
37036,134.55806442803046
37037,225.90297882736326
37038,234.65212468080992
37039,324.2158620374118
37040,114.32448354706052
37041,163.0552123721961
37042,250.82515174021316
37043,263.3910687507519
37044,158.63683736975372
37045,256.58437643647716
37046,264.1887907247623
37047,309.3883737891266
37048,535.8672034397106
37049,138.46011347530376
37050,144.11163773716711
37051,525.850976698618
37052,132.95304818994134
37053,406.5877661286619
37054,525.6147577678905
37055,146.77199951594588
37056,179.88045838544159
37057,126.96486128811705
37058,201.89587768415305
37059,200.9910401112819
37060,185.17799748114905
37061,362.5321029993579
37062,193.51506114214683
37063,182.0713081007821
37064,317.2947230825159
37065,170.2821829882027
37066,241.01308112862907
37067,626.4534236050218
37068,190.25872458149672
37069,263.6620491948612
37070,854.2340857253529
37071,395.8084354066946
37072,127.95857018412016
37073,361.8876102774934
37074,196.86772450380064
37075,420.1965102963265
37076,369.49416911324573
37077,221.18767867689067
37078,147.48203029265724
37079,233.31962818904302
37080,191.67711479962824
37081,153.5083704527217
37082,192.60815040401937
37083,216.60325269840314
37084,793.2110134357246
37085,157.9151959708627
37086,423.2132693550252
37087,281.47915984961656
37088,395.0066896081573
37089,515.0408962203928
37090,261.83616505451874
37091,132.19401377512168
37092,170.48576020855668
37093,348.954817607811
37094,252.59149489291502
37095,503.62756534624316
37096,199.81247384591677
37097,231.13069684151682
37098,212.56282638211275
37099,507.1607654773387
37100,162.60066339779297
37101,366.56555473939034
37102,342.69987590705665
37103,493.1887809094227
37104,128.73541516472554
37105,356.47310667735013
37106,218.8294594039098
37107,271.3344793471021
37108,264.75778550915624
37109,235.77424302374848
37110,199.16626875043036
37111,166.2321869263545
37112,222.66658578464288
37113,349.26017585837457
37114,271.7298245283455
37115,362.6605572845499
37116,197.29881271667958
37117,232.59822318222194
37118,196.10167403676854
37119,285.9968465179904
37120,469.07084171597415
37121,192.78725517897558
37122,255.30448024869858
37123,258.4157436232509
37124,125.90202921329642
37125,217.42598057180365
37126,219.3992787194945
37127,372.9597873562765
37128,246.38510785087632
37129,233.28086133862607
37130,338.84261780186876
37131,178.02194084136298
37132,708.595483013908
37133,275.24481294298056
37134,141.92586719496214
37135,308.3487602700329
37136,208.337262283851
37137,197.04884902537478
37138,470.40161323146066
37139,246.1774630241973
37140,111.45286102509803
37141,178.9816543392971
37142,334.50300862291977
37143,222.12538404643232
37144,449.7915511710667
37145,171.0113572099805
37146,329.2925443459068
37147,187.96792728178312
37148,363.87604271032444
37149,243.54690092972564
37150,216.2186271397386
37151,703.7579998061415
37152,347.6050312718023
37153,234.3690622326032
37154,223.03878842231143
37155,263.25938045868793
37156,618.7772076591692
37157,180.32402554129087
37158,434.66666992992134
37159,282.6044532505906
37160,365.66701731983045
37161,254.9151722637282
37162,1248.3565282808966
37163,188.70131698691063
37164,228.65899627652647
37165,500.4809134252918
37166,250.74682863898693
37167,455.4471926965888
37168,128.03350899197832
37169,166.22069116866354
37170,195.72372395545392
37171,264.2180947415963
37172,169.79007714926706
37173,194.1190799795485
37174,366.18805611111594
37175,289.2589836291813
37176,197.01639016668574
37177,199.92640742115518
37178,177.14231137351507
37179,322.06866185630935
37180,225.34398972343195
37181,228.43199479764942
37182,363.23272194083967
37183,839.657691266195
37184,252.5889426493738
37185,246.02939464650933
37186,347.4680322285279
37187,412.6369276811259
37188,430.81613436048883
37189,1056.3636251137198
37190,264.40191645038533
37191,1138.1095203507791
37192,232.6486201636071
37193,446.8441456734834
37194,167.4182204531185
37195,737.6722204840823
37196,145.3095680462152
37197,371.2515688822987
37198,948.6469298088207
37199,323.90617328850203
37200,144.6147392338045
37201,135.95979857095776
37202,133.84691391957372
37203,385.63470774969556
37204,264.9714340396422
37205,345.2108954249991
37206,257.3632146888955
37207,389.919206744488
37208,330.5399297905406
37209,258.5467831214189
37210,283.24260293775507
37211,628.957913940953
37212,827.0344842888032
37213,524.5443470669464
37214,732.0219543459376
37215,193.00193427222823
37216,280.8373596919959
37217,246.35918089922603
37218,253.35959267342534
37219,217.4225456432459
37220,204.46042228553586
37221,439.1960941259985
37222,169.3449783012702
37223,207.85020100905885
37224,389.98862638464556
37225,180.32441046407772
37226,1117.512192224683
37227,836.0398100235487
37228,226.55616511822907
37229,262.391422546327
37230,225.89589174398364
37231,584.8007893287711
37232,259.6178912089811
37233,350.8326504364732
37234,160.60933445523952
37235,355.884331482061
37236,251.10623256236704
37237,216.77382930517396
37238,215.28413001593236
37239,405.06241265841004
37240,260.2002783233101
37241,294.52284615191405
37242,164.23036882447906
37243,925.5965678490938
37244,175.4593594052314
37245,193.44184347096498
37246,227.21417620633218
37247,277.5632404608529
37248,361.2807575219903
37249,505.666603990671
37250,241.57037235118435
37251,145.71440455433097
37252,189.294782800901
37253,1852.999725647544
37254,278.0260692678751
37255,131.5383997707228
37256,167.44400325726377
37257,306.29266755434026
37258,237.560806113035
37259,489.62123729379806
37260,287.4229508444457
37261,405.33652066718423
37262,194.72361293609447
37263,666.9012532343629
37264,258.4779838252258
37265,286.3649563736642
37266,532.3208287215346
37267,216.23851346573974
37268,229.22716849170226
37269,231.18793542845614
37270,305.73846302178157
37271,276.56679089693597
37272,604.1872032024445
37273,231.57698464674533
37274,157.52814026750923
37275,790.9392311152046
37276,294.88333080753426
37277,467.6998635847546
37278,282.00789292171123
37279,183.20812557698022
37280,135.77660435418457
37281,345.38587006022135
37282,690.2142297119909
37283,865.7979346265954
37284,204.38464383329762
37285,439.4507523663759
37286,257.360426730075
37287,292.2370517506999
37288,327.68554950281026
37289,1420.1171730241279
37290,192.21741156209745
37291,187.68250387750157
37292,225.58319723114596
37293,163.07603860603712
37294,220.53525862892099
37295,391.5142431157376
37296,142.88576512235798
37297,431.94957228176736
37298,167.53757293832825
37299,306.7300574999818
37300,321.14621699632977
37301,209.06849701630549
37302,353.42849046226166
37303,168.88247414197113
37304,519.4697271333644
37305,331.94608085649696
37306,409.76420758522687
37307,307.0819832100899
37308,275.99312383667836
37309,355.1035801900048
37310,196.2702913076595
37311,130.5369201308681
37312,341.64890937149386
37313,457.5675897506408
37314,434.4656744655491
37315,255.02501809581094
37316,301.22593493437404
37317,373.73460146360685
37318,256.67292910768646
37319,134.52568586868802
37320,461.2158607610553
37321,214.6715948346472
37322,210.8293876907417
37323,244.9413121528007
37324,224.7177880100571
37325,213.38518849416585
37326,212.9693986378938
37327,267.1568883000254
37328,439.6855468756064
37329,219.85080897878242
37330,226.49972462355535
37331,1716.6014772028213
37332,135.38900894339574
37333,183.22250126428568
37334,804.7140819168243
37335,235.89566322435607
37336,163.34694499795054
37337,304.96205023932015
37338,205.70862340705196
37339,400.9248245996093
37340,371.3493108676159
37341,305.0815849855307
37342,227.92511717820477
37343,314.7320754888409
37344,394.8961182354415
37345,224.76947131604712
37346,268.96893282136676
37347,136.74540204403698
37348,251.27112445587784
37349,123.72397189297452
37350,238.69147622985196
37351,151.19221000352346
37352,198.13162721834965
37353,390.75855213672
37354,166.89911491362284
37355,535.7724060178532
37356,212.40964573632408
37357,177.24135731014658
37358,266.8842603454131
37359,168.21846405602503
37360,249.94647548592823
37361,306.38030032246445
37362,337.32534673258147
37363,148.98837261588028
37364,453.3311782569862
37365,129.11128366798312
37366,144.9503003402066
37367,373.19751759944603
37368,261.3819563995151
37369,802.2642563486551
37370,1081.7645195071852
37371,125.72350488841207
37372,218.81711193885602
37373,347.3493346493373
37374,305.79938162890716
37375,216.63858264878058
37376,178.5460355258226
37377,425.42773048180544
37378,325.90408738945973
37379,201.49790796371948
37380,155.5080706612038
37381,170.28927222897067
37382,250.0475549462429
37383,261.59034615176876
37384,563.6582672089716
37385,146.14387159628157
37386,247.67335657874628
37387,489.45349788903326
37388,259.3494740984175
37389,225.53405159531383
37390,305.2076575020735
37391,150.52806306685213
37392,1021.338285673842
37393,261.7189636077235
37394,896.2338510044488
37395,177.2908669412764
37396,398.0852468670889
37397,215.26322841729663
37398,174.23598208156264
37399,248.37613012722267
37400,237.19259896019292
37401,174.71152892347246
37402,243.1647762765031
37403,434.4008488238061
37404,287.5294439318644
37405,451.3104929404412
37406,475.6026106504113
37407,514.7769347034737
37408,162.65562685634643
37409,244.11366785818322
37410,156.0425731287691
37411,734.8058157433383
37412,314.4617213248101
37413,235.91154057716705
37414,247.62792480342233
37415,463.3839245927078
37416,351.5298787881634
37417,308.14754423627977
37418,429.1556540345094
37419,209.24123150088124
37420,137.71175712939817
37421,313.7461241927763
37422,132.97468289861712
37423,130.83430707742647
37424,336.03225958213096
37425,390.3373750115104
37426,220.97178162376034
37427,219.14150975755834
37428,334.03399456746433
37429,164.27853661500382
37430,140.92879788776344
37431,214.8358201418479
37432,957.4079943998701
37433,170.62537823026395
37434,179.6596453319059
37435,235.2193202179199
37436,356.88312171781115
37437,182.88914709203712
37438,217.37913901223038
37439,238.45881773848447
37440,237.1983940591008
37441,129.89752562946103
37442,619.9105553478487
37443,273.5860080757106
37444,183.97802190924233
37445,424.2705678812566
37446,1101.8666366849898
37447,190.3690508672398
37448,188.7514690670369
37449,250.08752209502057
37450,161.20631181820386
37451,181.8368313249616
37452,358.18974204849206
37453,235.5388285440074
37454,307.84090535251556
37455,246.86901293730324
37456,112.28454312678672
37457,258.6764743766986
37458,130.0889628244189
37459,238.0467431438558
37460,210.7599603171977
37461,176.58598090589265
37462,219.60965099909268
37463,127.1296781830185
37464,151.03889035925755
37465,186.32413224057854
37466,243.79535953680048
37467,294.1671771241403
37468,265.9681311226138
37469,160.19016562287197
37470,261.7537460370913
37471,124.06800295379682
37472,138.05990995315665
37473,172.936161798866
37474,253.50974285671708
37475,535.3441007149216
37476,514.3107025962754
37477,318.53755157691734
37478,196.6313661268665
37479,261.3688841789926
37480,666.8578656371851
37481,352.14650937348483
37482,237.03619947879142
37483,190.43906091954787
37484,149.20559560518424
37485,190.24276109035128
37486,421.94009482510006
37487,564.523388472118
37488,219.97087940692973
37489,497.1083897545914
37490,431.1173177584215
37491,167.5804571662498
37492,381.56316262761936
37493,163.05275783344817
37494,158.47760592858694
37495,184.97031138347964
37496,271.63409777778975
37497,231.40655085766377
37498,332.55146112341885
37499,149.2217956034299
37500,343.11309181919324
37501,270.5073816090338
37502,300.2156330849569
37503,205.88606244126623
37504,148.7797308384288
37505,188.5693928306671
37506,245.02853652440095
37507,561.7806633829324
37508,404.8285310284818
37509,211.65992546883322
37510,394.09280780543037
37511,384.1934618560441
37512,428.04809293175475
37513,193.1876425550939
37514,624.8046273445998
37515,217.20027957155278
37516,143.45272025088855
37517,221.391398633323
37518,185.2206274272141
37519,479.96957146944777
37520,348.551422984758
37521,682.0104170430535
37522,195.05068026754174
37523,359.8448875398073
37524,397.9569842088846
37525,152.1832104240242
37526,190.33638435059126
37527,246.2298817828984
37528,223.46144176238903
37529,164.71526237286344
37530,176.25686751173833
37531,166.84428161340327
37532,215.15277512406996
37533,181.28600520346617
37534,171.22720590832242
37535,370.4524374198948
37536,305.7139731254622
37537,203.50675984243148
37538,304.7971494311036
37539,532.6497657847897
37540,168.75254038816243
37541,224.11804375900184
37542,164.41067750404505
37543,180.44727663362434
37544,210.4279530888628
37545,257.9168690055478
37546,361.61818937840997
37547,183.27916200040139
37548,244.34231322236067
37549,167.10317753186436
37550,167.02663139393334
37551,200.79502448622839
37552,347.2954896517811
37553,268.422775863196
37554,225.8722440035753
37555,299.19621803122584
37556,171.97916312406574
37557,346.88387481958233
37558,1099.0074909008222
37559,132.44910982573396
37560,256.7147454993646
37561,422.9108042919808
37562,185.7882932546128
37563,295.96286810464625
37564,213.77009581596388
37565,213.32040393034845
37566,544.1185700850052
37567,887.7502736481091
37568,1075.6921459894945
37569,166.74344199233818
37570,413.6212663345498
37571,168.56167429386213
37572,219.07166343989246
37573,169.08259606603394
37574,372.35768961991977
37575,304.652243261571
37576,326.6220473226749
37577,588.8301253379027
37578,226.6203333300309
37579,285.8102603493424
37580,335.9099818513301
37581,132.58395451399528
37582,223.83931600182407
37583,271.7824440880543
37584,341.0468352747172
37585,245.98298688888542
37586,199.861622805895
37587,123.61863857195276
37588,168.64727906405656
37589,162.6695029285293
37590,401.0527246573834
37591,180.182700843648
37592,410.6981192186383
37593,272.1706027906878
37594,247.65225596895178
37595,154.83212303219892
37596,235.36586578156655
37597,201.2800511503328
37598,204.32475921353594
37599,188.9414967083208
37600,236.6249566975212
37601,173.31417372567705
37602,151.2631315027354
37603,217.7689784805361
37604,589.2214965193518
37605,158.6271398468878
37606,150.67532810503621
37607,168.58572249046856
37608,259.55309507274615
37609,214.53480054981569
37610,183.3646033460819
37611,264.5844043929255
37612,217.2701110064804
37613,398.36512413727706
37614,562.7942102047649
37615,311.5086271455259
37616,680.766278010494
37617,211.44680288204972
37618,193.84256394673142
37619,268.79477005629144
37620,272.383773000823
37621,189.5782824910391
37622,265.6751389525657
37623,286.544489783941
37624,608.9400096423566
37625,506.0893456608851
37626,149.42425814712462
37627,142.7742835576241
37628,158.33253605392815
37629,307.1710021330931
37630,242.23848596058806
37631,168.5670775423416
37632,388.01394013958765
37633,581.910945220295
37634,577.0852239263289
37635,1031.3225090016165
37636,127.6965278259984
37637,380.31452221270376
37638,146.96701266535186
37639,268.4539148279291
37640,247.37385246651837
37641,181.42991781547266
37642,138.82714410323538
37643,171.01502795428382
37644,565.566446257638
37645,187.59581912360548
37646,359.388448753151
37647,528.1092341747845
37648,269.85382292057994
37649,112.97266811148913
37650,227.27712278130565
37651,232.53669008933758
37652,427.05972606814095
37653,160.08305997131328
37654,215.2542391909224
37655,384.4651594118098
37656,229.6032364943539
37657,212.55853284777805
37658,165.06098219384842
37659,131.28758753452337
37660,146.17402531211548
37661,172.41753028352747
37662,954.4150753361295
37663,166.37365120211282
37664,349.4346810931868
37665,411.7454987598375
37666,292.8648489666223
37667,219.65044980855345
37668,251.4948295875803
37669,181.8059536505509
37670,171.64809623314224
37671,256.46662146954685
37672,327.20234899813187
37673,171.9191210350437
37674,171.959602854157
37675,189.86458504494612
37676,200.9475648175513
37677,224.27204320038982
37678,305.74978011832405
37679,596.9295487234997
37680,229.42600619180902
37681,226.22764138103733
37682,126.05092349717283
37683,235.83768438830577
37684,326.10251211133743
37685,536.6689760551557
37686,301.12359214402744
37687,158.18718517811595
37688,352.95749328858557
37689,162.19070270120352
37690,259.48393838313575
37691,214.14447981981502
37692,131.2364398453479
37693,164.01335671909294
37694,362.88210184085796
37695,212.84033640648263
37696,228.77175146919328
37697,444.2908380391687
37698,270.35903810931444
37699,381.1835299340873
37700,152.80826234443586
37701,209.76649946118496
37702,231.011605221229
37703,275.12277752830664
37704,607.9040967246495
37705,194.12560643704853
37706,409.42637142049426
37707,181.89584362668788
37708,250.14459818424845
37709,147.89773303668713
37710,183.51067136330846
37711,161.89730170682478
37712,138.62241261309464
37713,175.11895659461806
37714,163.91404113862882
37715,501.5564609924471
37716,990.9141505808133
37717,179.6952216155205
37718,310.9897260562047
37719,213.90644595027453
37720,205.34580478030213
37721,236.87188452230112
37722,210.6939807780241
37723,265.3082760427593
37724,374.23865112886676
37725,408.54070234720996
37726,395.589882553011
37727,156.10526508343136
37728,174.54913206454825
37729,158.44056831863176
37730,392.565266031393
37731,212.1436787507553
37732,188.01607265277278
37733,317.94003245901587
37734,212.72264039312208
37735,417.802108340565
37736,151.8035141952123
37737,366.25459479330925
37738,272.7725736528961
37739,213.78819239480046
37740,214.83014160052988
37741,172.8102256948016
37742,134.35823782673486
37743,421.10492652247325
37744,334.5709922377758
37745,126.06206398656845
37746,264.33412254229654
37747,153.437752782228
37748,245.6522213771669
37749,212.3176099614251
37750,288.4779397106761
37751,165.770854434206
37752,150.81030760175508
37753,233.20539415428422
37754,229.51873741580155
37755,145.5629256582909
37756,294.3204604539247
37757,351.547602200795
37758,211.17065787395674
37759,369.9389367491172
37760,224.4849767830576
37761,163.79497816030783
37762,511.30233113778274
37763,755.8817235161549
37764,659.8271543176114
37765,353.27846672744573
37766,127.57397408834287
37767,178.88161132097275
37768,216.79335846157204
37769,249.27040164790984
37770,150.55082376916303
37771,283.75384999598685
37772,277.9071902375008
37773,165.3989306375804
37774,716.6046689029595
37775,150.79409328768216
37776,174.76787921168886
37777,143.96651410104647
37778,212.93684954755656
37779,194.9926157207906
37780,212.743437881249
37781,142.5985664545965
37782,278.7258092761705
37783,232.1206222670478
37784,462.3719341535577
37785,150.74142376980578
37786,303.3287828738368
37787,1343.3991961700929
37788,83.03477462811412
37789,107.18917185304622
37790,214.50655941310006
37791,354.5547129662588
37792,266.38941165150527
37793,384.8434699761792
37794,385.24413321951863
37795,348.641952778011
37796,1592.2154601867333
37797,146.87790505351109
37798,161.40584579465624
37799,319.3929281461074
37800,276.51621755901925
37801,227.90127500252007
37802,191.37994815888996
37803,111.78166433340436
37804,214.20174276151522
37805,273.1540438987755
37806,409.3198879498552
37807,152.68647254443874
37808,249.21190242987137
37809,223.31972639507495
37810,400.4496403857313
37811,325.8435608364988
37812,232.20077852284058
37813,237.93551993336547
37814,440.4906191509082
37815,142.24455642419468
37816,180.06659520019528
37817,919.7327515467836
37818,283.25652087808623
37819,477.7544229473938
37820,293.8745490315643
37821,425.9368464751521
37822,120.67642199881782
37823,204.90214451659006
37824,466.228205017694
37825,162.14711717093536
37826,128.41061685624905
37827,194.47847869591408
37828,238.91831189998885
37829,191.77978240165297
37830,139.0599657401151
37831,134.72265231995283
37832,934.3386401263034
37833,432.29909797646076
37834,612.0314934142731
37835,198.6321969586646
37836,173.7666655853524
37837,387.64035709120793
37838,427.8627899490978
37839,163.75198085183078
37840,192.6336958726386
37841,175.8675804578576
37842,123.19253806463324
37843,185.77990397618188
37844,445.57943064134116
37845,263.1230925650395
37846,254.1508863742965
37847,210.94371023882428
37848,153.83705379373583
37849,254.18462765263095
37850,192.16965032161968
37851,164.88943504239563
37852,385.6946082351491
37853,203.30247343922042
37854,178.24467128517205
37855,339.54302316379363
37856,186.82230187151987
37857,135.74473240400937
37858,239.38851839135893
37859,203.86276258625907
37860,405.2737022801018
37861,358.9260376075561
37862,592.537158681584
37863,339.0841967142411
37864,275.75805224866014
37865,416.386569953958
37866,1120.9331448528992
37867,311.00184348052306
37868,521.6457527172389
37869,147.28592253210235
37870,376.84890245499304
37871,173.20501205346685
37872,321.0150746885048
37873,207.94781267433552
37874,553.644081476848
37875,1229.3572791391846
37876,131.0198569561722
37877,268.85706523509475
37878,252.41099197467386
37879,167.77449732886504
37880,123.14155716795109
37881,190.3148167301171
37882,237.53875331126704
37883,387.57998600998314
37884,132.1763792432446
37885,242.7687183201073
37886,680.1011341979271
37887,246.93982528411584
37888,240.73813983531682
37889,442.1634395450231
37890,230.86312767395088
37891,280.8493932027264
37892,207.4357134021627
37893,188.11051577754665
37894,184.32269330012969
37895,655.2237416360477
37896,437.7216187076582
37897,356.5219351100271
37898,466.0739628809264
37899,199.54527664115207
37900,516.3800544847473
37901,443.53114947067246
37902,226.04600641694432
37903,225.1489017900689
37904,485.3806969138584
37905,239.00815458064764
37906,145.4296567358276
37907,293.84650396552917
37908,316.48918006612746
37909,207.7961205047652
37910,167.57209542188247
37911,428.16419928353343
37912,340.3718688823928
37913,231.89391179004724
37914,126.29795090043775
37915,272.2181312250952
37916,214.59250470861656
37917,109.18877065381594
37918,527.4313672309444
37919,407.17949805700437
37920,252.12337489924317
37921,161.5547063135322
37922,177.85281372469657
37923,167.21286037633865
37924,416.68549420692074
37925,162.46628033610955
37926,238.4587314004826
37927,220.4854407501357
37928,309.4991186152297
37929,308.91590466178076
37930,515.9705378010566
37931,269.6969500994265
37932,220.13095468792764
37933,603.0513491962083
37934,133.69350800135948
37935,249.94441133394707
37936,210.29374305700492
37937,433.8773289251524
37938,233.07792550182882
37939,178.60380260871963
37940,307.99130759474946
37941,335.7153067735483
37942,222.72079186458825
37943,1363.3566858657707
37944,205.71550241808066
37945,496.5041330902278
37946,425.8376111042388
37947,122.73142787035674
37948,308.91761041250965
37949,405.73396216928035
37950,347.93881525905226
37951,192.69425555957048
37952,428.19553114743564
37953,146.23763934804353
37954,328.48153534051335
37955,136.73669247313754
37956,385.8342128149929
37957,128.62189747791078
37958,143.79910437070316
37959,736.1336071508686
37960,196.41170680326488
37961,227.97483269716187
37962,218.5310824337218
37963,188.8450194277575
37964,343.4648446353829
37965,379.92333871692193
37966,381.4677376659072
37967,332.1085992714415
37968,173.0802670346081
37969,203.60184048415306
37970,356.37837642134446
37971,348.75864864522947
37972,164.44048808722528
37973,290.68384001888825
37974,347.50109970051085
37975,221.4696627843077
37976,124.94999532774418
37977,216.55869407586223
37978,607.9931811475695
37979,211.85585385743903
37980,158.78561365751088
37981,595.5855975418111
37982,321.67640092640096
37983,337.6277103182221
37984,361.01080508969017
37985,131.88803935180601
37986,214.51201910312741
37987,268.5495578109608
37988,249.75640998089668
37989,216.95396183389312
37990,532.1558724877029
37991,223.3680522475849
37992,254.19491895995858
37993,240.62384083195946
37994,153.4699948358049
37995,261.347597707036
37996,225.15389963738744
37997,225.15898886602238
37998,177.8466394307663
37999,174.90974040187146
38000,170.6101745779165
38001,285.7216184308634
38002,116.48779428720351
38003,181.7470500923933
38004,103.79597625901694
38005,248.57938760879927
38006,185.3009306274386
38007,427.38296360118903
38008,169.09178529012763
38009,224.1385079018273
38010,371.1900646634091
38011,419.696116754385
38012,179.44846045609512
38013,218.05893989841783
38014,394.9291230297545
38015,253.75471244434587
38016,135.66067712866538
38017,167.11335360891977
38018,214.81540832773206
38019,572.0154741864146
38020,172.5961143419371
38021,274.479573183581
38022,254.41062135726776
38023,437.0694825282802
38024,278.4218174631843
38025,173.80145191576858
38026,121.7880161857831
38027,267.1568804647134
38028,1124.0134673835291
38029,194.80656179325428
38030,2073.280589207917
38031,143.49375481720188
38032,127.07978330490468
38033,422.93196307375587
38034,198.26242157417855
38035,162.43337137628865
38036,181.82338649469003
38037,303.9244951583976
38038,134.89940065046744
38039,282.2381694413487
38040,300.70570364168873
38041,252.38227046279468
38042,494.4907755272408
38043,156.3625635642061
38044,622.0772041665448
38045,168.9928167541869
38046,165.04760587804637
38047,211.94568357819827
38048,525.1981332525
38049,484.24968983340904
38050,276.3021185525842
38051,1089.9184366145025
38052,181.7035694358908
38053,413.88190701222976
38054,481.7323487613842
38055,333.3032538981442
38056,320.44538532266324
38057,155.864811031191
38058,159.52108626131843
38059,216.56225140986754
38060,430.39315944928353
38061,194.48954658293792
38062,663.0862748190914
38063,437.22915043822144
38064,101.96609689042695
38065,160.61016352980033
38066,383.2479931124775
38067,254.40522958810274
38068,255.02614606549952
38069,243.23371237557302
38070,605.3543878159066
38071,327.89017259940164
38072,374.86525765780254
38073,196.85429382582163
38074,281.1369255338592
38075,156.14219045882388
38076,217.51464688357433
38077,629.6727896808962
38078,193.2845562739578
38079,255.9413201302753
38080,365.12139705438
38081,199.90552572246062
38082,399.0169771382324
38083,186.74245357793265
38084,459.8340916616959
38085,407.3933352081135
38086,403.04848025680684
38087,381.1389275616808
38088,225.71003452839446
38089,388.6737001034394
38090,230.400369699538
38091,139.1839269182278
38092,126.13274717721421
38093,217.76010226353648
38094,565.1781561860766
38095,343.27017678852826
38096,251.72453682940136
38097,312.76883354124436
38098,320.0964445250881
38099,926.5025782304151
38100,471.61095179392584
38101,182.39516576622594
38102,181.14307326851437
38103,165.33251284294926
38104,237.8789042631212
38105,278.22035174728205
38106,343.0904199907618
38107,125.73076198305604
38108,221.8408878185628
38109,637.028823551682
38110,98.6082383354017
38111,408.467759859389
38112,212.08757696028547
38113,235.18695621432562
38114,235.18462968215695
38115,545.4027298765028
38116,222.4291686188326
38117,175.85000548156552
38118,132.75963510525688
38119,246.59516976067655
38120,259.75757625577523
38121,161.34448324283971
38122,337.4681982642123
38123,407.27414237724383
38124,251.8866288953213
38125,373.7733265691538
38126,224.6149548932972
38127,486.6398974888187
38128,228.04580194738523
38129,217.23868321968396
38130,229.3131899002379
38131,309.8657577134748
38132,393.0917440297265
38133,208.21273240363215
38134,247.66941547249644
38135,376.0214244341519
38136,147.48958869997958
38137,186.9056818067373
38138,322.46478904737137
38139,269.2422892901207
38140,660.7170469376183
38141,525.2672528028318
38142,399.8404813193338
38143,153.06216634082247
38144,161.16455585793398
38145,365.65013335845146
38146,261.31673208392175
38147,487.3322917680186
38148,201.25060784976336
38149,243.70927049382274
38150,196.99109247340905
38151,284.76159942394173
38152,124.41788737690251
38153,236.6443384435474
38154,171.82710815844544
38155,267.9249037661445
38156,227.5993883634145
38157,161.02206776700118
38158,461.0959912562267
38159,231.9219976459769
38160,782.0343730874093
38161,236.9097118582491
38162,243.59540644760503
38163,340.696243046769
38164,208.53846584818436
38165,175.74773921795799
38166,445.1480749601603
38167,219.34572031805558
38168,203.34875243229004
38169,417.8509846003812
38170,251.75547749431882
38171,439.6578460641114
38172,197.6615226969805
38173,277.54095748814717
38174,435.9186940169651
38175,248.24575552133967
38176,323.7493036851215
38177,286.0954290867617
38178,265.71410371838397
38179,440.1688182563031
38180,212.3730065391946
38181,179.04422332058564
38182,288.32709692799983
38183,352.5838173592189
38184,439.50857338817235
38185,160.8512493514666
38186,312.28974776973155
38187,281.69618560729623
38188,212.43390636659106
38189,385.3507777048055
38190,347.1624430542725
38191,200.9147078022986
38192,168.37371371624567
38193,407.3799026158149
38194,373.0321832574556
38195,118.29253047577384
38196,445.91581094032585
38197,147.36601734208287
38198,191.2513844483359
38199,281.6449601026318
38200,245.3834921451579
38201,138.15744355864405
38202,187.87571707607415
38203,488.5031111840225
38204,164.104025644816
38205,176.8698797857371
38206,428.9963098850187
38207,193.79886761392248
38208,343.4134498760606
38209,160.76252846780443
38210,226.2174981735559
38211,331.580234549017
38212,177.05361374936027
38213,594.2718613331314
38214,171.37324468082124
38215,126.04931793438703
38216,176.09106952786988
38217,224.50669688371593
38218,201.0115317689271
38219,237.2180823051288
38220,171.6602863700331
38221,355.71555605247374
38222,190.6841622500299
38223,183.22416157206933
38224,313.17151148266447
38225,146.99352197238647
38226,213.58175857809493
38227,225.36851222600484
38228,1024.702591163237
38229,176.72717064288653
38230,416.8636825714214
38231,237.27504440036512
38232,168.07324971438436
38233,951.6290376786455
38234,248.77640254576224
38235,311.5702848181272
38236,1078.4747848452314
38237,174.92569282049433
38238,138.30120530091372
38239,364.86144232788513
38240,145.9220934487187
38241,169.41400879605388
38242,146.07900778374685
38243,280.13232322173775
38244,391.0026403999758
38245,183.9185416998215
38246,157.54676844326883
38247,450.43347245810793
38248,127.67550760915516
38249,274.9613569941152
38250,122.12983392366199
38251,258.3273713682903
38252,198.72449386789782
38253,374.4022730152234
38254,168.31648658125073
38255,231.48125831418037
38256,153.41062989755244
38257,256.62921076629283
38258,205.05627463348117
38259,269.53283981934084
38260,183.2252716604815
38261,134.69727064958846
38262,222.77168629767422
38263,181.25863403559438
38264,271.04715474238765
38265,203.12510287721165
38266,321.885177543821
38267,231.83249765612786
38268,189.4038563552965
38269,192.55122480848294
38270,904.840902553127
38271,379.9547913489868
38272,218.47497490073567
38273,203.95118832757876
38274,228.67695007812608
38275,116.32065205662447
38276,200.23803352223706
38277,567.8862220474399
38278,210.96848055014314
38279,268.5314940250993
38280,313.8475757963285
38281,146.9500329605689
38282,1024.6542262295272
38283,205.8401200239535
38284,391.85900769258046
38285,882.9097445534634
38286,265.3276855496405
38287,256.8655720525304
38288,138.00606452403173
38289,186.52531617362382
38290,271.88532529462776
38291,860.2007420585863
38292,145.89335701800115
38293,159.4077430240772
38294,217.03430556392215
38295,409.5374463046649
38296,189.61759100850554
38297,174.36409792814072
38298,395.829534453275
38299,363.6406275994991
38300,145.7790002993921
38301,272.46231360359036
38302,228.500642396135
38303,303.28654919508773
38304,169.6627141654292
38305,459.7416332002499
38306,352.2495281072871
38307,241.17546662531754
38308,325.4810461745099
38309,172.6307548108409
38310,364.9654373585808
38311,186.11151521135412
38312,230.8783753264613
38313,193.45728961940964
38314,124.61994977825235
38315,213.26692090883049
38316,144.0618334360016
38317,152.8320438983824
38318,311.84558936256377
38319,189.37636715542826
38320,549.4147821078833
38321,218.10474771056468
38322,194.6190131787872
38323,157.50478317296668
38324,675.7633032414354
38325,274.65091477329264
38326,317.7267925402912
38327,261.952803795248
38328,215.657777474909
38329,297.48451535954695
38330,367.6016321763986
38331,171.02934233270565
38332,132.17986050832013
38333,213.57059567178175
38334,235.45226996031894
38335,245.0702467189012
38336,267.4889980591092
38337,146.78965978127496
38338,134.47734787417016
38339,387.47778671743436
38340,203.20017124343494
38341,495.8688760670546
38342,381.85363152679236
38343,246.56335580640848
38344,175.8559219050907
38345,210.0311259734939
38346,217.93324880086632
38347,970.2380409783195
38348,662.9480147618996
38349,218.85684425630177
38350,154.4200349678772
38351,298.2704065708081
38352,140.6366290102017
38353,488.99540269468883
38354,118.34309116307533
38355,239.47778253111122
38356,281.21912027627627
38357,294.8232756494858
38358,226.7908461623189
38359,126.58980413307354
38360,245.2275338929059
38361,162.63947897572385
38362,428.0944010593135
38363,179.02471553537757
38364,332.8880412377939
38365,247.38706312524425
38366,237.92726406902767
38367,109.68078587626125
38368,289.666106451875
38369,272.24877101059786
38370,450.3293597651891
38371,336.0125207521006
38372,395.06072459479566
38373,432.97795994432875
38374,203.26892804110184
38375,1423.797315077148
38376,207.9316343884108
38377,200.88833166356454
38378,242.5928966220238
38379,177.7092254573158
38380,223.2354954330404
38381,273.913655063191
38382,233.5432998693484
38383,510.39163250550445
38384,325.08296622051
38385,283.1021725113418
38386,143.6187511991771
38387,264.15588917519347
38388,399.3134731344926
38389,480.545918449516
38390,2308.544937850927
38391,299.22065995613167
38392,186.06765347972598
38393,236.64345031802796
38394,291.8476090494601
38395,887.6492903208274
38396,202.8521534139205
38397,208.76415983661687
38398,250.6101810763021
38399,227.42006809654555
38400,243.2664358813637
38401,214.48959075580308
38402,391.56264846991763
38403,176.68346115936936
38404,166.45120934496816
38405,179.58772123851597
38406,403.08024552890834
38407,315.3768466959868
38408,239.70667777155307
38409,168.6748913758311
38410,207.70520260985307
38411,159.00597097185204
38412,351.1949940255591
38413,199.07560624368512
38414,268.40713131341795
38415,332.148579554051
38416,351.7505705473628
38417,1490.5755429545957
38418,235.1189135051881
38419,165.60336661242383
38420,358.33784406556543
38421,288.9805063411272
38422,150.50378171386973
38423,163.0114803064959
38424,609.6755704367595
38425,269.14192157403863
38426,186.65796500640403
38427,804.5112326524053
38428,178.68005693288222
38429,417.3410809974174
38430,191.33664915005346
38431,152.99948473852055
38432,518.5183908482269
38433,155.0397478153875
38434,430.15170028572754
38435,376.26259046581697
38436,191.73508806860423
38437,234.75315411735215
38438,255.71149632619492
38439,219.246379630922
38440,203.74238090432928
38441,427.4359760316765
38442,317.2712876414406
38443,327.52544463769186
38444,538.0615411384439
38445,240.31597989109707
38446,262.43454861076765
38447,314.4329178171696
38448,242.4607424770467
38449,429.5978796589704
38450,210.50885519342086
38451,893.1097704680487
38452,205.47459589168096
38453,429.4244910972362
38454,143.93837693348678
38455,167.5669185123661
38456,187.7492504218436
38457,411.2524680228041
38458,134.67727852949568
38459,905.8714713776083
38460,297.76289529428914
38461,248.42284604826153
38462,571.8309376599847
38463,160.7286824227262
38464,189.91655023730425
38465,404.1928583646012
38466,288.7571295795516
38467,407.2231422548927
38468,540.8998468614408
38469,208.7463869463694
38470,306.1021811524704
38471,275.08188315030105
38472,207.52236505485098
38473,215.0187757931478
38474,201.67831122677975
38475,368.8596809966757
38476,275.39359632570853
38477,254.68519952881886
38478,967.5485702761707
38479,206.08187260944297
38480,185.0840798785163
38481,460.7293341990602
38482,713.5321863306489
38483,328.1506367168502
38484,217.51107633582302
38485,205.6594281545254
38486,171.10813206985333
38487,362.74361574905083
38488,165.53839138090933
38489,336.4668038837554
38490,200.9486510723132
38491,436.2873425042241
38492,245.76813196645674
38493,160.801842684566
38494,181.22066610482895
38495,508.89594163281055
38496,375.73155999278623
38497,264.0674823646477
38498,189.69780492114066
38499,251.4226876541839
38500,298.91049662341
38501,384.23326231833084
38502,142.45047700210748
38503,297.78683202931506
38504,210.34112608870393
38505,319.64693741865483
38506,500.0219948108674
38507,148.79871278037308
38508,134.78692535346602
38509,301.2438000948365
38510,236.9127561418475
38511,263.06039334690956
38512,245.85930022859333
38513,149.08607122465813
38514,208.34837055753562
38515,436.5467840142986
38516,254.46578051687504
38517,174.4583661007618
38518,258.0698996751455
38519,326.381272702035
38520,207.76598168687386
38521,247.90850411821734
38522,374.3406433999949
38523,239.2945301810043
38524,232.47586682569417
38525,279.0730156187501
38526,224.3759525115426
38527,946.8217817586816
38528,389.1882617019415
38529,319.47816732328755
38530,328.84715622237627
38531,507.08260334645104
38532,160.20504190506796
38533,175.6417526304641
38534,171.15000121194623
38535,247.68726245682245
38536,1242.0821558474552
38537,172.6653715735049
38538,364.6904310555335
38539,202.5387408073281
38540,268.2693267096632
38541,123.80465480261954
38542,234.35798382227023
38543,149.41709946342854
38544,167.06609961988113
38545,486.7284342179085
38546,237.04993703005601
38547,374.2035198308818
38548,405.26628829333896
38549,239.28343606424733
38550,385.65452503202505
38551,1031.7549178707832
38552,175.20764196746927
38553,191.95907387472292
38554,199.2151666036535
38555,515.8706063575088
38556,768.9313922402033
38557,263.87745055252435
38558,183.07697312144487
38559,176.17187475154643
38560,241.8327194077627
38561,211.4886546769357
38562,180.64369026902068
38563,199.6994943567246
38564,417.6153442311145
38565,171.05846403536103
38566,262.8103621107732
38567,184.9480159192705
38568,268.19219589594553
38569,139.17171630439483
38570,218.43776251414897
38571,156.02058089138674
38572,227.51269085784182
38573,426.9969727831929
38574,311.05212169389085
38575,194.49957691294233
38576,440.42156330094673
38577,319.50912177482417
38578,181.5872871362255
38579,239.76142045868502
38580,177.18553846439065
38581,241.59155448332334
38582,197.6337921069467
38583,200.14179063718245
38584,160.7815256282573
38585,665.2178443315696
38586,161.00195470221996
38587,381.3485831004658
38588,187.8388144787639
38589,741.8202535642603
38590,313.76218982492094
38591,146.16247512829366
38592,146.16011721935888
38593,212.38540210606826
38594,394.849607587958
38595,260.923275003199
38596,109.25387510704516
38597,422.35259080665094
38598,306.99371123520024
38599,176.07364001443
38600,225.5970223573293
38601,491.03831888581357
38602,335.8869629399763
38603,257.6659377959933
38604,193.08225723885522
38605,246.53220720478728
38606,241.22055996585217
38607,143.89773000484143
38608,164.67649654737656
38609,246.13250956655176
38610,318.77490084987727
38611,168.0148213796732
38612,305.59655640227555
38613,128.26043316936403
38614,216.33811072235218
38615,170.0426418247813
38616,353.10253407826167
38617,180.49901366938886
38618,230.46512463540427
38619,618.3670691888223
38620,154.99845575290522
38621,265.8174366379307
38622,211.9338935119033
38623,140.27765886246848
38624,192.21595059054744
38625,936.3137043472856
38626,262.5280620717637
38627,351.49988379384587
38628,258.54287802553733
38629,253.02328199712403
38630,192.24563524064212
38631,714.3176819468937
38632,146.38156649253122
38633,141.19274211417908
38634,174.85674917176138
38635,431.50720749444946
38636,196.0037816408425
38637,141.59037286410737
38638,180.6053825008701
38639,204.5715012198682
38640,648.7709751549254
38641,446.1270512598221
38642,235.1921509503039
38643,226.19555403982775
38644,231.38547182997132
38645,348.52243980907434
38646,216.61809666048688
38647,213.52335500449027
38648,237.36598429335172
38649,196.40665710755658
38650,276.4155330572353
38651,208.86650383170007
38652,223.46211077035423
38653,375.03180525439166
38654,199.35296427830153
38655,224.48285395059665
38656,272.6360672642174
38657,339.3193275637471
38658,443.38922486851453
38659,333.8931459540256
38660,162.31657632689067
38661,461.3857210151818
38662,931.895497219433
38663,960.0919782513473
38664,181.56867285243027
38665,180.316434215941
38666,464.1219702333227
38667,393.925857991149
38668,234.0641059928515
38669,470.09564371051397
38670,210.80717953639072
38671,210.686730337957
38672,333.48969696972677
38673,168.92930428712702
38674,158.87584849619998
38675,329.3115849974438
38676,255.94582413097183
38677,371.4508338396191
38678,177.92728418521332
38679,188.7623143913492
38680,171.09351144710848
38681,231.30500683519244
38682,333.67733246875713
38683,852.499509527267
38684,204.80403755403927
38685,434.8010975762004
38686,126.34107720993094
38687,228.2597363007203
38688,184.6931760899157
38689,203.92863825182957
38690,698.3718710771404
38691,144.9650188766383
38692,273.96281970424894
38693,104.52988347049448
38694,230.2635356770386
38695,147.7159033162064
38696,285.8980605365629
38697,175.4399264404347
38698,163.86957612316277
38699,206.22791762499122
38700,397.40209354622175
38701,292.863136775996
38702,276.1851520149715
38703,171.78983450426904
38704,149.96905424788008
38705,535.9912755002044
38706,119.99358859701528
38707,278.75439762601025
38708,370.1532702942844
38709,362.2696258814288
38710,246.60732138568096
38711,200.80031111999912
38712,271.1644754195308
38713,503.926334083195
38714,193.89665309780636
38715,602.6642956062994
38716,341.18191428759314
38717,469.7666692269785
38718,225.84350094003665
38719,179.99600135880553
38720,198.07739942430513
38721,498.8286945924481
38722,155.99701880472594
38723,110.5701390384804
38724,570.2486080131387
38725,224.78344465203435
38726,358.9710483969066
38727,896.5661058937844
38728,792.1605735979201
38729,327.24782996459953
38730,259.7635550272548
38731,352.3134571422303
38732,523.244110514525
38733,1063.26193675828
38734,212.05594815711208
38735,186.04036824949821
38736,565.0778560817864
38737,250.4933539860437
38738,503.6659655533594
38739,315.3160871539726
38740,209.87307859981613
38741,181.1288547629349
38742,761.9692917094134
38743,294.1132618213121
38744,508.4906986943672
38745,257.35139077666577
38746,474.6204363000495
38747,170.8151152824832
38748,197.02565148503908
38749,289.77439709620074
38750,234.30761973971164
38751,189.60542128540186
38752,208.7643003960115
38753,1068.3829672918175
38754,215.4225564213603
38755,1024.5379196994327
38756,209.41126222959187
38757,159.66932463504497
38758,157.94645631014882
38759,223.46675253706135
38760,513.8714405796898
38761,405.2574380774313
38762,239.2620882723591
38763,754.3593574459189
38764,137.17844129711733
38765,220.49791687943926
38766,185.63057749494922
38767,234.38282005519787
38768,490.0849103617842
38769,848.3786444669822
38770,139.71159877733814
38771,326.9015589645318
38772,312.625900279859
38773,276.8749347513498
38774,496.24729247205244
38775,290.840047299888
38776,456.94479694411353
38777,243.5823795459629
38778,505.76759298539025
38779,223.1138561928187
38780,265.1769736894673
38781,148.07265027215598
38782,921.2421680570066
38783,159.04591862941245
38784,181.26775927605163
38785,244.2444914667927
38786,237.7000850168556
38787,317.4497556854232
38788,154.96104062262384
38789,380.3632883253508
38790,226.61857125707292
38791,232.28251406453057
38792,198.15997747224148
38793,226.70946345625444
38794,134.94974704787342
38795,182.43877883939723
38796,185.93148964978596
38797,142.68103468636568
38798,205.61982907801473
38799,315.0856586663315
38800,266.01876172665305
38801,423.924561133893
38802,471.87889427916303
38803,261.51342212288006
38804,355.29711151121546
38805,329.7209802090776
38806,250.7174995339121
38807,478.11865326502
38808,358.22405177690797
38809,211.89035838349722
38810,232.08348989297326
38811,299.17463141034534
38812,250.09122133072918
38813,234.25500641379426
38814,224.81353157071868
38815,312.0661761742272
38816,281.0478571135919
38817,435.0380067539541
38818,314.15501761536876
38819,172.3284689023986
38820,210.1483161616026
38821,553.8929465671362
38822,413.1402446214587
38823,225.99366423305815
38824,122.92330380751827
38825,198.66517194915576
38826,287.53926808898507
38827,348.4244261005249
38828,345.2029068976391
38829,290.392160296358
38830,515.4476020776322
38831,185.2299309002457
38832,224.28864443392905
38833,252.28745878936445
38834,298.98521660135873
38835,228.25470459180096
38836,229.280985394004
38837,252.620809547637
38838,179.3240902376222
38839,627.9691377412898
38840,323.725506338732
38841,432.71404538710067
38842,219.67597120522495
38843,683.8536991241102
38844,140.2030663217383
38845,319.796177986423
38846,155.07171714738416
38847,428.90537416964474
38848,351.0547598744909
38849,201.79219283981968
38850,178.02287576298156
38851,179.82632909629547
38852,199.94526512979283
38853,257.42213319042844
38854,172.60284955661115
38855,199.68953581966082
38856,182.53585293046712
38857,457.75617840956716
38858,143.3645110275436
38859,223.50387901475554
38860,203.42203339054274
38861,361.8901514236134
38862,279.3050043915567
38863,238.58779742357677
38864,136.70132560099648
38865,291.8430399281748
38866,176.66403906180844
38867,274.5541700083766
38868,496.96268272704765
38869,109.88070957912082
38870,571.0856288053141
38871,422.7756996647287
38872,799.0607820906358
38873,209.20898479051516
38874,360.55936246279595
38875,348.2016224605894
38876,161.087815133338
38877,592.5752499077765
38878,170.4543935759487
38879,326.9953804018411
38880,183.93042292567802
38881,555.100609258651
38882,181.5414707263801
38883,154.583167742584
38884,181.9242427680195
38885,241.67191855302545
38886,231.58118577963123
38887,555.8217079736766
38888,218.78398173627033
38889,371.55662832566554
38890,183.04643457808268
38891,187.22753585078905
38892,381.6288032864864
38893,1116.2655541330082
38894,190.95645931268518
38895,224.83133323285054
38896,163.46584568929606
38897,225.88970619718125
38898,257.7494797916553
38899,253.02581366771432
38900,151.39964895021814
38901,293.8084389889983
38902,171.40485196376622
38903,226.23505028097478
38904,187.95770093237536
38905,182.01747929653166
38906,212.32070445828904
38907,238.95842104690652
38908,280.8035742392764
38909,258.0435296930757
38910,251.60781259874437
38911,181.10861091732298
38912,204.9699460696995
38913,247.59322302294507
38914,357.5141238931124
38915,230.88788711909282
38916,209.2924173503995
38917,219.11011071670512
38918,1196.8344067147727
38919,208.17277088000762
38920,253.93986463127624
38921,190.95919233987033
38922,236.8207765750904
38923,275.4916937564541
38924,260.8400867193699
38925,406.6715993252647
38926,671.151091910426
38927,318.04411032217337
38928,173.17965200897976
38929,166.893098789414
38930,214.47430653069256
38931,317.6110557790392
38932,131.28534160611207
38933,163.64639642245524
38934,568.3444170964995
38935,286.15832912231366
38936,366.7501000389288
38937,232.96708431865264
38938,235.93350118904394
38939,183.98405249463144
38940,136.15235020785425
38941,146.68185171985388
38942,191.2306343848803
38943,653.2876604369418
38944,179.88028148789596
38945,332.08220699659273
38946,752.8237154605182
38947,460.3255359455286
38948,168.0314188289308
38949,109.99588628704284
38950,221.6664203930394
38951,282.2463447298391
38952,196.15620559893344
38953,181.89958891308444
38954,267.74216126143307
38955,229.2977188746773
38956,241.21282741490054
38957,642.0288814791639
38958,266.96594166868846
38959,254.26982290235586
38960,210.30331262698812
38961,150.36941941168675
38962,179.05778107800882
38963,551.224251037825
38964,333.6085556443777
38965,511.9949093037514
38966,250.15851738569236
38967,289.4314208476882
38968,253.02790143792487
38969,951.6039819472128
38970,255.63199844024055
38971,229.200817922066
38972,195.0506225415061
38973,250.56370697499005
38974,532.8647183866209
38975,408.90904690056647
38976,233.69571010322304
38977,499.9990945404336
38978,171.768596830034
38979,158.64492182711982
38980,448.195528702961
38981,125.85396041435034
38982,151.25231534252333
38983,178.97872247318793
38984,230.0864354393438
38985,332.77161807729215
38986,528.6351969833753
38987,301.79228551736355
38988,596.8075898033682
38989,159.60044159172827
38990,231.98853879647498
38991,744.1747258956428
38992,290.68736831514053
38993,255.97587454569563
38994,274.8229407660423
38995,201.6223330819376
38996,467.0115040205279
38997,228.6120440192921
38998,162.97334139208377
38999,158.40704208537406
39000,250.64268130587058
39001,223.22715858821627
39002,284.9691004937422
39003,400.54047591921875
39004,163.32091305303638
39005,199.05634067667782
39006,274.56298971856666
39007,131.64217449181257
39008,477.31752638161686
39009,225.98128052160757
39010,138.940491577416
39011,236.98597986753873
39012,273.18913307140673
39013,704.3284453847226
39014,292.5120613353837
39015,350.1532736918715
39016,220.6887552909808
39017,237.68483649270155
39018,228.90696936375008
39019,166.34570721390827
39020,214.96941878234585
39021,268.2144584666908
39022,226.26615475608247
39023,227.14716313578015
39024,251.11484501140663
39025,353.6047945780313
39026,483.24526926284085
39027,388.9101068568269
39028,151.42672702690265
39029,332.11903851970885
39030,187.28923572332718
39031,1114.1935727567156
39032,159.16186708342167
39033,177.11456929350345
39034,275.13056039571705
39035,184.89010625814285
39036,152.31605596942927
39037,167.52264286537883
39038,2024.4682539747826
39039,371.85183829160985
39040,166.2754647308495
39041,250.74231385920254
39042,292.60579776946736
39043,302.9396744817469
39044,192.2598606690687
39045,207.3853044038319
39046,252.84321100857574
39047,243.1988931497288
39048,283.2579126940712
39049,445.4795610558872
39050,149.63368422444887
39051,648.6321563436535
39052,414.2305784747618
39053,170.4279661650645
39054,192.6641107583943
39055,713.5818444060118
39056,276.7214469318162
39057,531.3429025302676
39058,416.7280974322784
39059,393.2275916148909
39060,459.15972778054964
39061,237.80208239798
39062,239.56453585128693
39063,201.1629768985068
39064,200.51927712869312
39065,188.466435086185
39066,157.60731022004762
39067,250.61999593588337
39068,438.97219427378974
39069,236.24490611124145
39070,354.76630318999565
39071,779.8584213085888
39072,191.6962852688446
39073,228.429072690545
39074,230.44004186399644
39075,325.7406281337389
39076,288.1838835087464
39077,692.3937676200381
39078,278.032256207519
39079,256.68867639867256
39080,234.80543905982677
39081,529.9874436295947
39082,628.8396166289772
39083,686.2350240487069
39084,121.31331842595857
39085,462.1691210412054
39086,157.23024377528816
39087,358.5682024272117
39088,217.75775589909148
39089,184.51902846337225
39090,247.30108587448737
39091,159.92401671554273
39092,188.3714848052788
39093,227.36802790487076
39094,258.40504720108913
39095,248.23701221950486
39096,418.2460012623759
39097,485.5001083374329
39098,371.8579700187048
39099,498.3581209582472
39100,179.03803034790772
39101,592.4592867592468
39102,146.8157761398666
39103,159.45656810898296
39104,511.43543529107444
39105,250.20899694394967
39106,285.0284127973259
39107,748.2275437535393
39108,201.60722413123668
39109,416.87970966319796
39110,493.73644286316096
39111,175.76668748165991
39112,446.28084531494943
39113,227.42389738198298
39114,212.2857030509264
39115,232.24229229416162
39116,213.95560628054864
39117,491.77930485249357
39118,422.78524179197046
39119,1352.2339398033994
39120,138.44098094954413
39121,193.34280026870456
39122,420.57891195136125
39123,264.8532597593817
39124,318.5814167075595
39125,211.76814242400945
39126,270.21027883266885
39127,364.90183120224293
39128,170.22811884559908
39129,152.12601482767067
39130,586.5877503637365
39131,219.75513049573732
39132,133.63957536081213
39133,276.7925127858456
39134,194.57432733197217
39135,384.3736700091622
39136,206.6222946596667
39137,214.81326998416247
39138,363.2181360523694
39139,455.65173829943546
39140,150.3603547734173
39141,203.03602917086582
39142,240.82705996616065
39143,223.1096023629321
39144,177.34073011172248
39145,139.10347626277823
39146,198.92762681574936
39147,267.37151205039413
39148,197.43925536723518
39149,219.4226162123794
39150,236.4488453034397
39151,266.8120729569264
39152,478.52776613503653
39153,254.79157866920139
39154,152.50206412203767
39155,1088.3648436121864
39156,241.13755094602743
39157,164.76436145792462
39158,663.8056946126995
39159,236.28780699420668
39160,209.93893635580514
39161,184.0360790823175
39162,358.5222092057845
39163,155.505904286969
39164,440.2071208349467
39165,167.68268235830828
39166,111.04854601580047
39167,184.92941305059622
39168,106.60637438345304
39169,502.75070819637
39170,90.46008786564086
39171,178.84505775593976
39172,308.0224475189935
39173,606.1891833194197
39174,180.79212866654828
39175,154.07733503189473
39176,226.59349571758003
39177,122.84803633633777
39178,165.07141978881833
39179,199.5086390580449
39180,297.25234030604844
39181,254.09659215319746
39182,169.3426455020044
39183,625.8312182240775
39184,230.09666666145915
39185,550.1213682287657
39186,390.59332234440524
39187,995.1364830826539
39188,136.74194985817067
39189,122.88358205006203
39190,415.8641482928106
39191,297.42643290631815
39192,317.78864175376344
39193,271.8987979528057
39194,225.33199867416337
39195,223.1478551534417
39196,288.90039200011375
39197,579.0120928347014
39198,294.67360024068176
39199,243.06636919470847
39200,984.5013060197942
39201,380.21751052067503
39202,162.61435459955393
39203,177.89744829076201
39204,157.14631655452183
39205,289.2038607796959
39206,181.4588206729432
39207,609.9905370665919
39208,441.50905029662977
39209,360.22812164856117
39210,137.67163118190427
39211,338.64470543195637
39212,224.81910519399753
39213,253.91346002952525
39214,243.0282850532411
39215,159.61866286043
39216,307.28683245305996
39217,193.83913072064715
39218,257.5546720930573
39219,208.81268005629312
39220,252.6082585089181
39221,447.189399520191
39222,295.05599349629904
39223,358.2011227423253
39224,346.6175695294306
39225,262.0005076536585
39226,168.90613420112138
39227,302.553412525764
39228,250.46753580087358
39229,227.93999848439228
39230,798.1747827258467
39231,229.1547201970722
39232,218.13958853664252
39233,105.61674670053613
39234,181.36739657728378
39235,1288.0725903891932
39236,388.4027713074996
39237,231.373473809792
39238,157.6615750590574
39239,304.24917691322577
39240,325.6384052129037
39241,243.2032882038842
39242,122.82462613318917
39243,259.87485746756937
39244,474.71500103116813
39245,110.31566485656658
39246,242.20019777240103
39247,206.89885831073417
39248,222.60273074684167
39249,332.23378351662814
39250,217.72787362381064
39251,258.22828774286546
39252,281.16083713282546
39253,218.2299923649294
39254,237.9316489794717
39255,290.81778705995066
39256,220.50941087700093
39257,148.59811814655816
39258,634.0943641483227
39259,286.62841366734796
39260,211.25902536546545
39261,250.71113759825076
39262,264.2657051705888
39263,296.2190647460761
39264,567.3894016142777
39265,194.56904492891462
39266,184.69842761816028
39267,176.76732698051012
39268,127.14620914392012
39269,195.45137023443152
39270,225.45357972721393
39271,272.4119858382673
39272,271.31201219271173
39273,278.6023834462373
39274,177.42767203475262
39275,603.9507435135664
39276,285.44447749506696
39277,111.31475179908767
39278,208.66498954334142
39279,522.9139535179019
39280,237.8520803888754
39281,294.8932900295936
39282,419.7674017503654
39283,208.6890631540141
39284,251.7212743839637
39285,223.39364309965308
39286,324.17595242133206
39287,763.5678535939849
39288,235.03449232290623
39289,160.65491966370772
39290,280.76540004585155
39291,380.02318093035007
39292,381.10189996880564
39293,256.35183871478097
39294,663.4930422027171
39295,247.94348150369115
39296,280.9920173381832
39297,183.20163898347147
39298,389.8924824962532
39299,208.22106780374097
39300,570.879407260637
39301,296.55225065056277
39302,383.64764184515803
39303,680.5898364746029
39304,209.1891665339652
39305,136.5197392465015
39306,171.62600500005252
39307,320.501745390745
39308,201.87423170803592
39309,233.43004886696957
39310,233.14356143930848
39311,168.84482044002414
39312,468.12420998192033
39313,255.61249314509055
39314,186.48177004241256
39315,214.00338365364678
39316,1016.0641360637279
39317,140.1530705144197
39318,253.22384986448017
39319,275.3488776405117
39320,119.06442299582702
39321,484.28475025444783
39322,653.9311724444522
39323,250.33714001900614
39324,189.94813628380942
39325,169.53822023972154
39326,130.3473363525364
39327,360.15893715041335
39328,266.065881919782
39329,1015.3925842259707
39330,280.1203603980175
39331,338.7945224397961
39332,351.35071882655336
39333,171.8528050385978
39334,301.16164964127273
39335,117.2746372880472
39336,468.95328450519963
39337,172.51427305092955
39338,185.49250069952794
39339,217.32023137290076
39340,245.77118014257337
39341,300.4426458128873
39342,435.7635406220667
39343,326.7487515829448
39344,278.76722974563853
39345,216.47624533402774
39346,762.1440985159495
39347,144.38568853970693
39348,192.67130288981528
39349,175.20979922110175
39350,203.09468955142302
39351,344.44068399643794
39352,218.8498562757805
39353,380.4543976182199
39354,377.806073446593
39355,521.3243545501257
39356,140.09859086104362
39357,232.6039852240418
39358,120.88979578003277
39359,179.86147241702963
39360,340.3339655128389
39361,193.44830589997474
39362,222.07634855005438
39363,250.52107548485316
39364,115.76384151471898
39365,142.25560797468117
39366,307.4758447733581
39367,265.02242373308314
39368,228.91259065136592
39369,304.0702395523298
39370,172.4221453913435
39371,130.90079745835905
39372,251.89355819229587
39373,123.8129711292698
39374,237.27923788254614
39375,253.41263156378105
39376,189.56049067495496
39377,294.89979681655495
39378,136.90508044044446
39379,213.63831005801464
39380,170.96324965317118
39381,246.2650864653493
39382,598.0940094986807
39383,186.2133499533928
39384,152.81123770298953
39385,196.7254163442268
39386,293.11277903645276
39387,205.69576090663716
39388,233.58095186698935
39389,457.00696275699227
39390,262.1783508015355
39391,165.68836047778512
39392,227.7523132344519
39393,151.01816905444198
39394,287.80273850394644
39395,175.4074075077318
39396,195.9284762780404
39397,306.2897145839841
39398,465.1825785773664
39399,378.0891552305404
39400,171.1336179403415
39401,294.7680497051312
39402,144.62197864374554
39403,428.2155372375571
39404,309.18569743145923
39405,257.2122146754223
39406,217.95135852149429
39407,323.98771121488596
39408,98.43544379585606
39409,179.88740921584903
39410,428.7198158367992
39411,528.9245672157942
39412,210.84686784645967
39413,156.0802809831482
39414,631.0307989029222
39415,186.11578361499707
39416,575.5323723633581
39417,290.81336854001546
39418,202.3178231115031
39419,134.47503437071902
39420,192.94514542462937
39421,137.74844076574485
39422,177.05037726297178
39423,273.29755688977565
39424,587.9421960456865
39425,278.7828136027811
39426,283.2912274831474
39427,193.13578605778787
39428,134.94621149846012
39429,204.36004999971672
39430,131.5196354600192
39431,389.33356646316315
39432,217.94003562001643
39433,413.29233951575
39434,393.7171123512904
39435,1274.4609324220903
39436,238.7503535248147
39437,155.55115633769017
39438,215.81769622302747
39439,138.29147535765688
39440,164.68371277562434
39441,157.52136957243587
39442,185.47408806921348
39443,293.21937311802543
39444,350.98639757220826
39445,200.37635652418697
39446,172.98176964804577
39447,203.83957887885887
39448,318.97252810190815
39449,189.80673687072968
39450,348.30147790139944
39451,131.68538860344074
39452,408.94180487811474
39453,169.85460949280048
39454,108.47063244848579
39455,494.26308928525344
39456,273.85042498689677
39457,518.5789940529125
39458,197.38244190092973
39459,227.57515941766448
39460,229.91191270065104
39461,230.1220901610014
39462,599.3264046479034
39463,170.54654996252825
39464,238.76332034588512
39465,133.7690844924077
39466,523.4962229926875
39467,134.3285276157407
39468,209.42655594129667
39469,271.71477203357665
39470,298.17386669601314
39471,588.588112837262
39472,132.06476660847383
39473,379.6638125005393
39474,481.9552910668981
39475,240.65676900116765
39476,768.0023351027278
39477,330.472350039794
39478,177.11387287872515
39479,177.86868357987694
39480,225.84498545523724
39481,264.23207767519114
39482,131.3366780152488
39483,322.1249478761682
39484,288.90772797611066
39485,164.94873180085884
39486,261.6409792871757
39487,368.76113612767784
39488,224.96897380907564
39489,251.8663822761158
39490,153.07699331917746
39491,282.87963781486496
39492,240.20616982665396
39493,583.3153926095961
39494,596.7394945084455
39495,396.7151300555399
39496,389.6291472641807
39497,404.78864848551336
39498,1125.2749978971046
39499,236.31743262769248
39500,190.61454027117753
39501,236.97832867332534
39502,534.316179251941
39503,179.99908984057885
39504,116.495750021831
39505,243.1023377318769
39506,169.76031688932576
39507,135.58188331367117
39508,193.94907996326427
39509,243.51500754333586
39510,185.51563169812653
39511,137.8331084923685
39512,691.3648115888996
39513,185.96378746277148
39514,1813.2453567711168
39515,363.51141743645957
39516,348.76621024997695
39517,181.99462795820622
39518,139.33379269126456
39519,956.225758283684
39520,143.44453578415568
39521,244.81485494168345
39522,157.10415262616388
39523,248.7986803114188
39524,246.12545458387174
39525,248.55510137603076
39526,209.84909317665753
39527,255.7326763649177
39528,178.1365902068665
39529,372.06229726168783
39530,341.35420609141255
39531,1097.8733608297953
39532,488.48529354871306
39533,210.8127636854008
39534,991.9030481965473
39535,170.37914870559712
39536,6317.027307330045
39537,208.76453544881858
39538,206.66905597643418
39539,366.75466626378096
39540,291.5282100558202
39541,175.21391970342822
39542,141.2146939239927
39543,483.39927700378325
39544,282.3989283175103
39545,361.247759131338
39546,171.85710567961036
39547,164.4784711233321
39548,254.20364788680473
39549,257.6782449631449
39550,173.8644360691449
39551,376.3996011291659
39552,206.86136543011256
39553,249.44860789119247
39554,392.17531103047804
39555,586.3172917696303
39556,161.14925927469326
39557,265.06472781229195
39558,154.32594901318046
39559,160.46955786971193
39560,531.3948367193373
39561,211.37598298579172
39562,275.8322257766124
39563,486.83136547813257
39564,420.58541250204644
39565,273.9796031096107
39566,232.6989513289395
39567,176.8966938450246
39568,151.7690054927221
39569,308.0790602102682
39570,217.71111412622932
39571,192.61596941321162
39572,224.2184912830139
39573,119.17605752065985
39574,265.07169058687214
39575,196.41687855366206
39576,343.3570658475248
39577,178.20143489884515
39578,1703.3475998086544
39579,373.7622342301204
39580,421.9492535183487
39581,248.66452094582982
39582,178.41376467753344
39583,244.90133869557351
39584,179.5022955756747
39585,138.96444372842433
39586,187.92877147999772
39587,193.85239600404034
39588,100.18204945328532
39589,225.7489538851957
39590,203.8040012498637
39591,880.8468443012189
39592,133.40912372437913
39593,155.32641573321186
39594,143.16812421232234
39595,131.56357635544146
39596,355.58390331633916
39597,265.38440546787933
39598,218.27042888679463
39599,455.53617220433426
39600,241.78499436674483
39601,457.30643935628405
39602,340.4609085416826
39603,158.45517216944341
39604,223.68345023976278
39605,206.56916566284647
39606,142.67343476513037
39607,602.732833559919
39608,233.42052666398502
39609,162.88013243728986
39610,158.22866588367484
39611,302.25308151894404
39612,245.12150784881166
39613,160.28511577842727
39614,221.0772074478898
39615,688.3863294768948
39616,168.5005782213823
39617,156.3503910644129
39618,138.624525585149
39619,958.9988835740793
39620,218.15056829695888
39621,181.64489943328513
39622,149.89251702611398
39623,208.0521853649292
39624,149.6193291015545
39625,178.37514039883425
39626,230.0419280886982
39627,205.7518963847553
39628,316.5546468427605
39629,143.85488387308695
39630,895.8338297358874
39631,234.23355620866465
39632,187.45884860171606
39633,209.83725261815152
39634,140.38451874858364
39635,496.74623483680307
39636,281.0553531362504
39637,240.64709407143513
39638,198.65132116669335
39639,289.18131641291046
39640,420.05439624687904
39641,213.25690572121113
39642,253.14996734037936
39643,289.591451346319
39644,248.57710606151772
39645,232.82085438608922
39646,217.306000342074
39647,203.64973339123006
39648,295.6424278658912
39649,216.16845673169203
39650,348.89557587087603
39651,258.44554776526013
39652,259.61414519136923
39653,193.73693120517564
39654,267.52711188856733
39655,273.4720811398749
39656,286.0172461611274
39657,519.0011398582388
39658,302.24574416172663
39659,346.15026375498496
39660,226.26096147642673
39661,250.86383393239785
39662,252.77693839636993
39663,428.1198973874632
39664,159.58024921494
39665,217.82184801378054
39666,146.52728445467068
39667,175.50140560311564
39668,699.6191614100172
39669,424.73636256474583
39670,252.91911901588358
39671,417.9460577898742
39672,131.11922325168146
39673,119.46739551450423
39674,347.7781031709353
39675,158.6187978030534
39676,223.7713256535286
39677,260.3080866356672
39678,218.10023973772573
39679,261.59376929265034
39680,345.97919310739326
39681,204.73388254776097
39682,221.75076920947708
39683,177.6258909015188
39684,376.2093095186909
39685,146.8170542014998
39686,225.84289568081235
39687,582.2215710743849
39688,209.96657939656936
39689,253.1275319506167
39690,181.7673837979606
39691,365.37734779402274
39692,244.7493020716671
39693,258.33749348357975
39694,206.57336608094218
39695,213.86767479599928
39696,168.40084979441946
39697,225.045904539215
39698,532.6859009553591
39699,255.57627389470977
39700,320.12903726606226
39701,1010.3762317126232
39702,244.86202722806905
39703,450.88424583787815
39704,213.08134568235133
39705,772.2624986641619
39706,185.82886899195935
39707,303.9921501237668
39708,215.30804929286012
39709,274.46433961378574
39710,133.35057007895736
39711,254.84692822045548
39712,242.62520483393766
39713,925.3069219309317
39714,293.70310739539406
39715,253.12553157482787
39716,223.8619825721921
39717,469.9385415336102
39718,263.09260940549916
39719,191.68775987382773
39720,466.9493358655815
39721,445.473774945404
39722,364.6211252298191
39723,158.32776132848497
39724,211.82961191919134
39725,215.22928458618438
39726,244.30232086906318
39727,151.18813489476744
39728,170.4134415211749
39729,432.8195653686166
39730,241.4029824609759
39731,942.9298519749901
39732,165.56186848175585
39733,377.8940074915328
39734,196.35934886463593
39735,244.5008231659714
39736,159.08375669836295
39737,346.47633716859747
39738,271.9064347223913
39739,241.92621343098497
39740,282.56175111713327
39741,123.5380784154598
39742,144.27046964338768
39743,259.18652416121085
39744,124.55319277837465
39745,238.78755986993616
39746,326.9617150701731
39747,83.9863390297059
39748,200.0735123494319
39749,189.8581646504777
39750,322.4165915573568
39751,232.97509969784238
39752,192.00031007444466
39753,158.76462373646143
39754,168.84192428337533
39755,173.9400504011008
39756,244.46295158929294
39757,405.5134731985489
39758,171.09248183153582
39759,282.380886914528
39760,890.9074597268308
39761,304.39178823236864
39762,191.41045841041966
39763,1082.1975568637108
39764,232.88210041998852
39765,201.10639510753398
39766,244.46478396600722
39767,214.7083730761615
39768,404.1905932119064
39769,209.06784586095824
39770,297.73302130493454
39771,429.20133538201856
39772,363.7398476583628
39773,321.96601761089073
39774,223.78208104281595
39775,278.7624991199639
39776,179.15308053043543
39777,223.22810545487505
39778,191.2028315831958
39779,343.07925386501415
39780,295.88973039064837
39781,996.2873830650933
39782,245.62725801848774
39783,458.88072327296237
39784,325.8275930965887
39785,286.30776873493505
39786,182.69265821666815
39787,245.46035294497398
39788,289.1564875932665
39789,215.1091024850716
39790,167.63768753761929
39791,203.31212942031325
39792,347.22829303498725
39793,221.69937790617018
39794,165.58777712890677
39795,239.6910237986165
39796,135.84581066764522
39797,1702.9033572874134
39798,222.5173126780584
39799,167.00568218326316
39800,302.721380840794
39801,228.92928386351429
39802,183.74154060992862
39803,529.2515648833253
39804,555.3048851563555
39805,382.8076301005053
39806,517.730627241371
39807,897.5302873740451
39808,684.1963431307952
39809,178.5762096098953
39810,213.6684191039107
39811,169.96759174076539
39812,373.0593193965359
39813,255.91747399737878
39814,241.3647937214401
39815,182.2457666155107
39816,174.46507275977456
39817,299.80104621696256
39818,249.16871646141803
39819,873.8734912045894
39820,489.3599289608449
39821,142.0605470579416
39822,287.0426332402483
39823,256.6504752202666
39824,308.290156071919
39825,241.69297798439763
39826,153.67570997671154
39827,560.010023921682
39828,463.0205886199065
39829,395.78869455055315
39830,196.98335375350172
39831,258.8460824185801
39832,152.20428909287776
39833,372.73752596979824
39834,253.6298101168369
39835,380.66083599235594
39836,129.04593668892988
39837,182.06037816807188
39838,232.04024151113828
39839,418.71414464317667
39840,276.12925742856373
39841,375.5405933530989
39842,406.5758475811887
39843,269.6989258671517
39844,206.45994881462147
39845,119.35455241369982
39846,211.65750455604407
39847,117.42622571885538
39848,204.65695730204055
39849,506.7075390236893
39850,250.85497643231218
39851,314.9220008388901
39852,186.03252394914824
39853,568.0762376371209
39854,367.3336135334989
39855,241.9165801434178
39856,236.30993480097587
39857,251.8623713485905
39858,264.175181732259
39859,230.39019340541574
39860,243.9284043401999
39861,428.96029641740586
39862,525.1394647232942
39863,295.3840057880232
39864,223.59361252243085
39865,246.0645305584307
39866,194.79755830723326
39867,328.36259373776363
39868,125.11915525739724
39869,254.00629344021687
39870,775.4274075962445
39871,223.12107590496726
39872,280.30230208650187
39873,199.88408696218804
39874,942.2881059368257
39875,134.0424607686212
39876,185.7243858012775
39877,368.3870306559719
39878,219.8073259418791
39879,178.3803944580285
39880,156.90473538548775
39881,172.1063545330134
39882,183.78156481734777
39883,503.6650412935599
39884,198.66556022550526
39885,953.5950305393608
39886,200.89361259308194
39887,311.15409789009385
39888,173.8721875058615
39889,209.68724181394154
39890,323.57215643799117
39891,409.7054416926044
39892,166.26515583664192
39893,1008.149395435995
39894,320.0125172895092
39895,146.56349361688544
39896,172.28319944717182
39897,294.3047804618624
39898,202.09011737758726
39899,301.3103437265075
39900,498.2114924282565
39901,426.0342338191244
39902,320.4335106921521
39903,181.0752226573645
39904,629.7473820371881
39905,237.84980997155841
39906,793.8794128677762
39907,325.06583209069794
39908,271.42465624409164
39909,351.74319910792684
39910,308.19043386302303
39911,330.91514527720597
39912,240.07995776250382
39913,137.18521794994732
39914,245.59617066219351
39915,149.91427183697408
39916,653.8635930837002
39917,135.18124972271406
39918,344.4974676054833
39919,593.554155595979
39920,170.96897244117983
39921,355.2445892459348
39922,228.10984270214345
39923,292.533855879466
39924,188.81976903371674
39925,549.781904746021
39926,262.1951075165547
39927,284.93667482614484
39928,431.4401751977793
39929,326.176574407052
39930,146.157212116397
39931,370.53005274190093
39932,662.5311596006233
39933,302.51210895155464
39934,284.1042231877212
39935,760.7125251164506
39936,1045.6789493643073
39937,201.1955944090855
39938,493.20551074294565
39939,151.78392366421647
39940,279.9092366715715
39941,256.5579479421407
39942,191.40007653416404
39943,364.0084283279297
39944,1547.6229266937887
39945,609.0067396519563
39946,86.4793195901245
39947,363.0014146896412
39948,340.44433656581464
39949,355.44390706934684
39950,442.3092374490148
39951,371.1388989576194
39952,275.9916403507794
39953,261.80906354738835
39954,184.79319737642305
39955,450.046272937625
39956,155.00704034111314
39957,405.87462383919785
39958,535.3996800318915
39959,124.58632770076339
39960,240.4931643767225
39961,206.79279384881832
39962,248.34690956309697
39963,268.8626062757612
39964,160.3026858794576
39965,385.2306018205053
39966,535.1687824911547
39967,753.5620635541394
39968,299.140241576841
39969,173.08348120014813
39970,429.68553180770084
39971,281.9556730350533
39972,151.40533377068405
39973,153.8990280156209
39974,298.9371995972496
39975,144.30865472739015
39976,296.9147370596745
39977,203.6018053629815
39978,185.17984214432227
39979,176.77108650268818
39980,370.83269310124194
39981,148.29624897772564
39982,178.2199469994949
39983,192.9836348798519
39984,279.21646977158434
39985,275.6733934437627
39986,519.3212652206989
39987,599.7020879082772
39988,525.6554871968752
39989,188.79292754016663
39990,233.285078908979
39991,518.3818726367192
39992,415.0885448936729
39993,138.51475260291897
39994,192.8072159298642
39995,254.24634009695825
39996,196.5306051808046
39997,220.35360132960795
39998,285.22030358552485
39999,361.4927112944394
40000,307.1497400918792
40001,206.3569235597784
40002,137.3841353451894
40003,308.3116040060926
40004,216.58208972530818
40005,923.9191463408379
40006,191.69577190774788
40007,395.4381372027581
40008,278.44259675988053
40009,1114.2775066644274
40010,728.0552660264714
40011,404.39599527694645
40012,342.5555522869427
40013,139.25744340244475
40014,189.55413349003507
40015,202.74961229101612
40016,161.55622577345454
40017,381.46217735427444
40018,182.97944381823535
40019,324.5120780768207
40020,463.0434108982181
40021,1003.4204424529039
40022,259.20073526763474
40023,258.3266814180828
40024,178.6930564458442
40025,168.16710671104966
40026,251.2462537842724
40027,532.5264507046606
40028,395.79838720676565
40029,244.93072988481435
40030,211.73154474164858
40031,171.6002442069735
40032,389.7135024624675
40033,359.8313881044843
40034,990.0755750957267
40035,412.36727983119494
40036,1663.767639215509
40037,153.69138592688813
40038,610.6949213766444
40039,180.99261231106308
40040,449.8060354090594
40041,529.4228556592026
40042,312.9149662845273
40043,128.26484273363704
40044,1023.2098358364602
40045,595.4677146052583
40046,237.95396463309157
40047,167.27313296605624
40048,327.39761307462396
40049,190.6503289318337
40050,160.43524988875666
40051,503.7808534818356
40052,290.11448932225045
40053,239.31597418611392
40054,584.2854874583709
40055,310.9600037279895
40056,224.17062317742688
40057,190.1761076305405
40058,159.6650087413166
40059,437.86728652378207
40060,450.8173110794033
40061,438.1504577244728
40062,151.58325812496716
40063,298.28756443907525
40064,197.50712493950772
40065,197.29344321477467
40066,127.13774120056452
40067,347.92046028309557
40068,302.06274467385214
40069,273.2223363171337
40070,248.13050224480983
40071,1113.351423940125
40072,727.162706259347
40073,186.91809890081052
40074,636.9597517779971
40075,433.5212311876017
40076,191.97536316337852
40077,780.4618929240298
40078,221.0265478184136
40079,381.94297241371004
40080,1587.3189343396803
40081,296.44529401365537
40082,202.7510737204056
40083,416.91430324153
40084,322.5260667917029
40085,249.3370819447245
40086,197.5202878938117
40087,245.8051133472545
40088,446.81956059148115
40089,460.89929406015665
40090,446.7391463362033
40091,388.3459446789544
40092,149.3157423411764
40093,276.0280673179995
40094,144.21683229338888
40095,556.8731250707445
40096,295.51779218322275
40097,1972.3433919505642
40098,203.3489765405441
40099,140.70393110855022
40100,190.7601996335737
40101,267.8966211781259
40102,262.42655962137843
40103,272.6090473376152
40104,228.16237109649848
40105,502.43467927882654
40106,762.5285881745704
40107,185.9779494377669
40108,180.00930515973133
40109,120.39854509150697
40110,458.08370615696094
40111,627.1720365627214
40112,256.22741331425135
40113,158.5799773915749
40114,138.97556257957243
40115,239.85280342348062
40116,230.853187801164
40117,164.4689021672235
40118,178.76978245917593
40119,151.82468860093235
40120,360.128365698512
40121,230.42638588481861
40122,252.56932524595877
40123,173.65600176381486
40124,497.58381463940697
40125,708.5066282726551
40126,243.18944714906831
40127,667.5604399778772
40128,310.89250388479485
40129,186.54022239224744
40130,186.2430940648425
40131,136.8845277490279
40132,314.0944545230677
40133,160.91902893181324
40134,273.26827242721464
40135,247.8818488486972
40136,292.56154219656247
40137,276.5854948952044
40138,234.4936461513062
40139,200.35203851014833
40140,154.53110824232812
40141,235.53413478334602
40142,345.9905343904142
40143,246.93813617961663
40144,446.0652989995949
40145,261.91827350891964
40146,190.0569915591193
40147,330.14919414655856
40148,118.22009196734257
40149,335.25301987376974
40150,132.40387301679752
40151,192.39008881977503
40152,188.54205386352984
40153,194.0222052585047
40154,162.89166967640338
40155,629.6409574079145
40156,327.5756087058583
40157,284.70835989772064
40158,245.1999854477383
40159,359.9600747115722
40160,745.0327260271767
40161,707.2519233365198
40162,298.6435876619322
40163,137.14902137589957
40164,218.910148267287
40165,230.20683500958944
40166,282.5365160421689
40167,1878.0943878101111
40168,373.6362465062941
40169,421.7884720737337
40170,207.81509812461064
40171,276.5645983589228
40172,491.20840992528156
40173,183.15039961133607
40174,197.94512471360844
40175,151.2889213158925
40176,205.5535319518179
40177,1841.4336612490079
40178,264.97188198510827
40179,267.84232926396277
40180,146.7456143863247
40181,249.5810456694697
40182,353.33069713539726
40183,221.64863116461598
40184,295.01264393735823
40185,191.22764255986294
40186,210.11959651474982
40187,407.9111547314453
40188,180.7537161548588
40189,143.7699027444071
40190,148.34754369329508
40191,241.1725662040614
40192,219.3188680654956
40193,193.56233599800527
40194,543.3531681593843
40195,160.33873574442765
40196,321.74853323834725
40197,137.59653969502656
40198,123.70789829747133
40199,355.58313803468445
40200,507.14622973288374
40201,170.15997113337158
40202,133.90868394676028
40203,307.05227275084695
40204,319.33523484524164
40205,371.0903000305081
40206,267.467978148943
40207,216.56995278689155
40208,325.0918641353527
40209,311.23854283550224
40210,474.3213986303695
40211,193.68132321742613
40212,304.54799202229896
40213,210.7267577408542
40214,138.28786505059554
40215,308.1106250976076
40216,184.5852003801462
40217,265.39865910356406
40218,402.8286263447927
40219,731.202127650644
40220,273.96464009883823
40221,237.80433917482372
40222,355.69259014904827
40223,161.53720799220443
40224,267.96301668456135
40225,212.5766507454836
40226,148.7158614208805
40227,258.23004331101305
40228,265.74858987063965
40229,296.1783283525955
40230,632.2381730622554
40231,212.30273196739583
40232,418.9411667851181
40233,226.14578484150653
40234,641.4921844479609
40235,138.69341813769574
40236,188.7192001354638
40237,255.41429955735998
40238,478.4306690762982
40239,204.33099649351536
40240,129.2104629895603
40241,160.85464724520605
40242,1756.256459909753
40243,223.83286045169382
40244,252.19500265572432
40245,591.0463935231464
40246,286.06862986109735
40247,178.39414425512814
40248,339.4937167775865
40249,323.3151765919225
40250,451.83195037730883
40251,363.9507752748631
40252,503.3097498175264
40253,289.71844016887536
40254,137.95255730185798
40255,147.20190410501021
40256,318.031159402725
40257,304.9062116222975
40258,161.79393021077578
40259,369.93227125543007
40260,417.16657388496935
40261,179.2536400086408
40262,150.55029159659256
40263,147.99773156573664
40264,177.6510563493492
40265,250.0567823735352
40266,168.23304909194727
40267,234.59183906502562
40268,272.42863030298673
40269,213.88286876080835
40270,293.40822492658737
40271,206.66544596153932
40272,129.73534582169705
40273,334.6855292504716
40274,186.67925919511683
40275,983.8858380638414
40276,161.96174490062077
40277,531.9578920354296
40278,195.0664781650207
40279,175.54323993021376
40280,162.2878352256693
40281,478.73937740017567
40282,626.4126029190783
40283,353.36649047099615
40284,192.99117866450803
40285,444.70399670296104
40286,303.4099164578358
40287,600.4119558020218
40288,558.5979913599045
40289,284.6965017165016
40290,650.7527441664466
40291,521.7053275233416
40292,228.10758694946483
40293,243.17695381602513
40294,147.8389223593019
40295,204.60102399066267
40296,844.8453501565637
40297,113.41234014736489
40298,239.59896065857208
40299,468.5694231574994
40300,143.00441452291682
40301,164.70944990927268
40302,557.3206656052935
40303,310.5864610715281
40304,207.64439105853455
40305,497.9249270313118
40306,303.6924267201976
40307,571.7230007660828
40308,349.6940240613863
40309,186.49954102862372
40310,178.4266538620386
40311,187.3966720517437
40312,183.8282347542182
40313,315.97487856944105
40314,209.2176913337346
40315,195.6844543713744
40316,196.51413214871442
40317,181.75963139655732
40318,315.02972130032447
40319,1290.9467916120368
40320,155.68140853350727
40321,208.2427885659544
40322,197.41762669576326
40323,181.63695077846455
40324,147.87610442348958
40325,428.328449094207
40326,251.21006942731128
40327,578.4369534532631
40328,219.16981556224334
40329,353.57234000122514
40330,486.5213936415545
40331,202.66994616025792
40332,568.8285016928637
40333,259.2650257431284
40334,150.53858213061315
40335,142.3654805318635
40336,158.02247155977747
40337,303.3768535808201
40338,150.23050478992698
40339,288.4375626601158
40340,199.96046904303225
40341,126.80296488139989
40342,567.4823812840817
40343,155.04016757035996
40344,727.4315247561449
40345,758.9377930034855
40346,142.69424890704542
40347,205.18780399191587
40348,190.40474428769193
40349,301.2680233485142
40350,237.0280799484815
40351,134.94643868873735
40352,232.30405430429803
40353,208.62305823932633
40354,265.4363958009304
40355,153.9956349533927
40356,744.3375746905201
40357,214.57335933116522
40358,246.55368211468897
40359,204.94535898827039
40360,181.35930046600993
40361,597.1728365900481
40362,197.85507286984353
40363,260.9426781059275
40364,181.9256686930361
40365,202.6307591961797
40366,321.1199979569696
40367,186.8464647133946
40368,211.450597382168
40369,248.28618861029693
40370,278.8187128490618
40371,136.99160159008068
40372,320.20629826886085
40373,417.96157930050333
40374,204.96773649260402
40375,645.6102679091103
40376,234.04108661876538
40377,265.3146330511203
40378,163.6117038439916
40379,191.65040687892213
40380,375.17797623624756
40381,499.32911378374786
40382,178.77670034733967
40383,166.96542691384977
40384,241.6743868744041
40385,181.37429477037205
40386,372.82279276157277
40387,151.48014250490183
40388,540.9500311476642
40389,179.8651177087804
40390,554.2395147144366
40391,388.8730331611961
40392,282.0956993926703
40393,224.77513565121146
40394,237.2862133942342
40395,167.20550512568997
40396,304.732290613715
40397,83.46045611016488
40398,224.9497465211636
40399,191.78919572188428
40400,423.17855962091807
40401,238.89157560772682
40402,370.06124495743506
40403,286.55109969984375
40404,472.12319525805947
40405,219.27568058768603
40406,378.8376757451498
40407,212.34967338600634
40408,422.1869150631199
40409,244.8961250368923
40410,163.41231519367412
40411,132.99483383069858
40412,235.7186974191863
40413,135.11592237187105
40414,195.92050276998046
40415,211.04438037988098
40416,315.6689527174828
40417,178.0686848588931
40418,273.7411185464875
40419,121.44751384398272
40420,225.84907792701293
40421,215.99866382330674
40422,212.72620398969934
40423,565.8927480674995
40424,208.74871567643657
40425,317.08349496452246
40426,415.48425255874184
40427,350.9480908461171
40428,220.5146643589998
40429,226.74703748693457
40430,454.62305251257783
40431,168.544780810152
40432,246.6722607557607
40433,247.17538085148183
40434,237.00222803339136
40435,497.65961099799324
40436,190.18714184079246
40437,329.7227916549326
40438,215.62357973942963
40439,152.5163233616402
40440,718.0543808786576
40441,1271.656094881773
40442,290.6850057459139
40443,299.99669070740765
40444,165.08624028000938
40445,209.12298477062973
40446,598.1928417939057
40447,143.07229472316433
40448,308.68671698612684
40449,191.8796838605355
40450,301.9199785368785
40451,391.90755826366416
40452,323.83404175729413
40453,212.37330741636526
40454,271.84287688977076
40455,166.58731281924096
40456,179.08725356098978
40457,236.14961185721546
40458,297.14055523466124
40459,166.78496533228116
40460,194.7796723348651
40461,690.9195303672122
40462,275.8398243670118
40463,156.12253074574295
40464,269.2930888153816
40465,158.0574580210709
40466,301.8151848179963
40467,238.58368359304603
40468,416.1960627317248
40469,190.61904970614657
40470,223.2455164191839
40471,403.02363844650296
40472,311.8555529247757
40473,122.56099949815705
40474,346.0927310475095
40475,454.6126737655473
40476,176.44660323106376
40477,214.73189006624534
40478,172.42516629800818
40479,251.23218357869644
40480,1099.863927290793
40481,237.91267105231825
40482,119.27034321477836
40483,254.95244709611967
40484,238.06064201472896
40485,478.57922748470315
40486,212.74055348080077
40487,435.54494327854616
40488,227.8950377074805
40489,146.0663036654124
40490,353.4910030796846
40491,198.7020814321628
40492,368.5496169088842
40493,357.3749919977673
40494,282.8931773921023
40495,440.19621267672164
40496,389.63816938067913
40497,135.13524382785317
40498,329.6252310209272
40499,297.56061940999746
40500,389.9034058618583
40501,350.01410437465955
40502,292.3340720848442
40503,2237.100249484326
40504,179.7152918557458
40505,304.3187878997201
40506,170.32620025042257
40507,233.2115580371916
40508,519.8982267571326
40509,237.8587030206293
40510,125.25562826510678
40511,105.42837632040478
40512,131.22960408557017
40513,203.10542336373592
40514,255.06394464039116
40515,119.36045005957367
40516,172.9920631978802
40517,181.1989005861803
40518,147.68426707230088
40519,349.07173069623195
40520,573.8414615485669
40521,112.35092261576384
40522,182.38039491927358
40523,196.02214175660734
40524,437.6714379261911
40525,481.56301981720077
40526,154.46998930201656
40527,213.3745911720781
40528,204.12143542032305
40529,523.9629758113224
40530,452.9209510934188
40531,209.84434724100754
40532,353.71843726015425
40533,168.2555775319306
40534,244.3701848597999
40535,158.5817847507612
40536,206.41655411648483
40537,496.659100768666
40538,194.3353678215175
40539,170.62990675239067
40540,203.54187061241606
40541,202.77413587292105
40542,196.9697079355994
40543,210.06558151898506
40544,321.77801687444
40545,230.33286345215862
40546,249.52650178164257
40547,305.96732430818633
40548,233.19122746891486
40549,200.73505513319628
40550,303.1481783963953
40551,224.05355484791687
40552,115.96468400742722
40553,244.48266160029206
40554,168.33652093107617
40555,266.95206348243823
40556,143.24000654367947
40557,304.7492410748213
40558,171.8651018912924
40559,503.1011456263531
40560,212.4413616771052
40561,153.71302340532154
40562,824.8836723590724
40563,217.5091740054908
40564,154.9063028425375
40565,170.4121857921305
40566,173.72684778179794
40567,405.6757097930923
40568,307.0587573958879
40569,446.3402493649637
40570,633.6812200338471
40571,246.50689756505477
40572,430.7462574921865
40573,386.7508888719993
40574,256.7740734380358
40575,175.1317151089103
40576,328.0535943630415
40577,488.85668151438483
40578,232.72415514677712
40579,393.1831149028905
40580,364.84967524643497
40581,262.448737483551
40582,309.9397740263044
40583,314.84291817338243
40584,237.58365290219217
40585,283.2497333420294
40586,241.5941355219594
40587,517.910518585657
40588,292.9341824915355
40589,172.4492370419215
40590,259.0329149258785
40591,282.5575113462574
40592,208.60743468143178
40593,321.7571186540776
40594,186.47263505271127
40595,158.57851779803104
40596,380.9239593669172
40597,151.48047470918286
40598,439.16353594398703
40599,262.1085721577172
40600,189.9049081317841
40601,705.1836659629735
40602,170.90211601272338
40603,145.72605078029963
40604,381.24051903518637
40605,450.5493937859897
40606,337.03266517334873
40607,210.1664853028648
40608,227.069274155755
40609,134.89106042317982
40610,662.8921237907851
40611,176.93733833919333
40612,208.85230933931103
40613,274.79109857021064
40614,835.8979646913224
40615,362.39349094983936
40616,221.28614136046818
40617,217.8908153365605
40618,172.95247734666296
40619,288.56962306489714
40620,143.3825530346866
40621,419.98436210850764
40622,163.62821136384994
40623,585.2287459688287
40624,209.55258442811848
40625,246.82326013268639
40626,356.50144231287885
40627,160.82765906204406
40628,174.03365017940885
40629,345.7268227923758
40630,437.96517874095736
40631,558.5365878850037
40632,234.9435694473275
40633,277.4588422799841
40634,249.7334447096884
40635,350.600312334357
40636,172.28481988307868
40637,144.70838995739138
40638,187.18504181378796
40639,191.2970578132794
40640,152.84204503087088
40641,215.93582614707518
40642,308.7974491380108
40643,231.26454755964565
40644,324.27068546725184
40645,778.2386346477641
40646,292.27504311482477
40647,226.19463700033185
40648,175.6850186411882
40649,80.62690606840769
40650,168.76967043289577
40651,224.2830617601779
40652,190.45942520654694
40653,534.6875706792658
40654,139.26924816012965
40655,309.0187108237594
40656,233.83953655109377
40657,351.61813606424965
40658,145.96164548326314
40659,276.9889840847088
40660,180.88107982946732
40661,215.99408016855864
40662,177.4437257908969
40663,180.11840932538436
40664,158.63905679602237
40665,153.17774310806632
40666,195.41205315171015
40667,197.33857858580868
40668,214.5286262718413
40669,242.70305021305478
40670,276.95534223563334
40671,441.2369692134854
40672,236.83030038874085
40673,309.5080441115489
40674,155.96234885671078
40675,204.56386811577013
40676,382.15753667294797
40677,509.92711302827695
40678,369.17063394553423
40679,304.9426267618144
40680,678.7288537399162
40681,161.77642125687285
40682,247.98053289581037
40683,125.23258013043387
40684,300.29908824589825
40685,168.63860046549183
40686,326.44272663047866
40687,120.96928817754075
40688,304.4970941066001
40689,460.2778053371807
40690,200.03200541639114
40691,216.37354188195624
40692,326.2330398379492
40693,237.95717724774622
40694,116.37048913513048
40695,286.60057035612857
40696,264.3372180327776
40697,315.4994552199532
40698,138.69565754061927
40699,478.89721227016713
40700,252.67718167188863
40701,253.20938986202626
40702,179.3532684674082
40703,329.0803933383427
40704,996.632779434834
40705,360.9203184460582
40706,281.8170280078196
40707,376.3154955609375
40708,224.82083802783583
40709,196.32189191777582
40710,238.68884579708342
40711,267.105622548678
40712,211.58269270243792
40713,391.08300193561263
40714,180.59338811797736
40715,164.75991992975466
40716,189.81729366880083
40717,244.7164833847478
40718,371.035699723481
40719,232.95926288418684
40720,582.1733138058695
40721,902.3286585334314
40722,246.54060837555076
40723,175.15463666605254
40724,165.08708710232438
40725,185.78154988349962
40726,340.24960995379774
40727,207.98106645635988
40728,156.05664693686657
40729,286.86084288337105
40730,410.31191774927026
40731,287.2229839632292
40732,370.6896416580146
40733,442.3098963086986
40734,405.4653619796185
40735,205.3833277370937
40736,201.4111400291741
40737,253.39407192225787
40738,135.70443630417387
40739,502.1591872978609
40740,125.6703714688242
40741,373.63896030047863
40742,174.1575701895024
40743,834.3941561300925
40744,300.28779909659954
40745,152.02233924272664
40746,183.8005338763031
40747,206.0131497574437
40748,279.50960875009395
40749,168.85869436298276
40750,244.3179110635262
40751,198.79075011436686
40752,173.9566859541773
40753,243.6111258572141
40754,172.74222796108089
40755,397.66218026198146
40756,238.98410963401656
40757,288.691496124485
40758,280.2915647654924
40759,762.7107438073458
40760,739.9409397549512
40761,196.90793885697732
40762,139.21389138395477
40763,212.8579833855337
40764,393.37271845655954
40765,321.6643743132014
40766,186.03849191269785
40767,342.1833165293852
40768,290.6784481472125
40769,117.56681412558792
40770,221.83613014345988
40771,1008.8820116055402
40772,238.4139361584384
40773,161.80143069293769
40774,287.73115711186523
40775,123.7413558131817
40776,221.88730205766726
40777,343.73514121229965
40778,300.40073831401924
40779,112.84690914671867
40780,252.10108579659027
40781,239.1357764299234
40782,249.18712381771985
40783,219.22531863318412
40784,258.89631507469056
40785,142.88321105863406
40786,306.13102677552666
40787,182.0904929976813
40788,245.3131784186108
40789,170.89406062421713
40790,316.015965326839
40791,276.9865789857074
40792,172.13545854074422
40793,191.62427947718527
40794,711.9939761300819
40795,265.2217473099567
40796,142.03964465358408
40797,165.1340931575276
40798,389.85232705593427
40799,734.263765432741
40800,181.52921165314214
40801,283.63484449481035
40802,311.02496769995594
40803,277.84534453322516
40804,324.5326797865221
40805,142.6073574792438
40806,241.1387793117452
40807,172.4480672817613
40808,156.3730847127407
40809,229.82335945703767
40810,155.24874687400174
40811,260.92000920425875
40812,184.7910779310674
40813,273.35413156520445
40814,280.0558337175771
40815,255.24909020717845
40816,841.4232961146712
40817,248.12663013222848
40818,203.31054089411163
40819,120.34162742087572
40820,189.99109155071957
40821,237.46136505644574
40822,174.3018611338432
40823,162.73848587541173
40824,307.27186692229736
40825,229.2010160238451
40826,122.22214118084436
40827,199.57607763606427
40828,206.30543067108363
40829,230.63905836120622
40830,109.6148430096551
40831,358.2823265554413
40832,240.02948324873353
40833,277.54135665739227
40834,288.751084180819
40835,282.65055356750423
40836,257.9483441905614
40837,617.8362266019515
40838,400.62281355593586
40839,793.6244654495994
40840,267.36979522093134
40841,115.56729312724657
40842,224.60579423915917
40843,277.15702342946236
40844,726.5007183032136
40845,724.5896038459916
40846,196.63300212175636
40847,278.571230348362
40848,189.62933081617783
40849,201.62042169475995
40850,440.3443086234544
40851,389.9395000590928
40852,159.9164303769219
40853,150.36289158169447
40854,179.2621617252185
40855,383.34046117370315
40856,309.85872017579914
40857,209.68746890207112
40858,232.63063235825445
40859,149.2633706218917
40860,167.37062227805413
40861,322.9560417193963
40862,230.63737495278392
40863,154.61865290774216
40864,207.01738311053816
40865,207.79662039331885
40866,275.037604046084
40867,615.2726716137968
40868,244.94305621143178
40869,245.05508128161821
40870,237.10874002825696
40871,273.26790398135387
40872,179.6441142694434
40873,141.0469751832484
40874,152.7288463843
40875,197.45549765272278
40876,305.5186500473163
40877,204.63809131962145
40878,138.13237150715156
40879,185.55692688036703
40880,157.50819722070293
40881,387.35644543258195
40882,217.30084592786164
40883,316.83030234799816
40884,310.50363341683607
40885,223.5321207322004
40886,1756.276861531884
40887,306.1118362071081
40888,229.9711845968619
40889,254.50083293879817
40890,138.25114795641028
40891,190.35603866860984
40892,285.65366961273077
40893,352.4645520849691
40894,251.0898265224306
40895,290.28464652038303
40896,369.4811843919787
40897,470.4342410332167
40898,195.43609406696743
40899,190.77015024407245
40900,137.920337232134
40901,372.2427826350746
40902,310.56271483345495
40903,379.9715724219475
40904,185.45288773489608
40905,214.38585923697752
40906,183.9508233880922
40907,162.8414760961566
40908,272.7635484603009
40909,792.8565984190953
40910,325.44950305441824
40911,260.73350432153796
40912,168.36888393351717
40913,290.40868059417204
40914,268.5251490384117
40915,387.19157893454724
40916,546.5623261989555
40917,313.5722777498371
40918,152.63762096180645
40919,321.96418902805914
40920,279.9785300064734
40921,306.64550099283485
40922,205.3986525382327
40923,149.468869427475
40924,267.7033759100513
40925,226.33160586652184
40926,240.76302068052135
40927,382.84301069128867
40928,263.040618910672
40929,144.38041902301592
40930,297.33742767202847
40931,216.6589029901322
40932,170.74029176206864
40933,196.1523818478367
40934,1207.6595211245158
40935,132.7612832541857
40936,408.98236623091844
40937,337.1774133264097
40938,298.21771054531985
40939,454.0144895499009
40940,229.29240403563568
40941,340.42522990970025
40942,129.36641488990796
40943,149.52024404778345
40944,349.36364758865375
40945,316.8756538591094
40946,194.88700178772908
40947,240.3840481672414
40948,120.78729485438193
40949,286.85961391485847
40950,289.27040495578274
40951,209.96255509389712
40952,148.31228246501004
40953,302.50081789697754
40954,237.88518588553123
40955,215.25111950100495
40956,265.9862273579881
40957,297.3793668444939
40958,141.97280885403532
40959,543.7233140240415
40960,443.8616882941415
40961,319.8428110854432
40962,378.6302296296131
40963,144.6464480998091
40964,215.4751158649324
40965,216.5584367241659
40966,164.52010355672212
40967,248.16445597488564
40968,157.15207031772098
40969,468.82166049140363
40970,163.15140291763413
40971,211.3919342203653
40972,205.2374057943768
40973,299.7758374511064
40974,1061.718229921918
40975,345.7251005593385
40976,365.8773502372767
40977,308.510450055864
40978,172.8107709539337
40979,329.3747602245043
40980,209.9703310949434
40981,520.5994515464514
40982,201.14493880143544
40983,155.88582571182613
40984,242.25329435075588
40985,238.46344912064723
40986,173.88636477264268
40987,223.83846996052594
40988,123.78407117956816
40989,317.67853528775765
40990,184.83642102879827
40991,250.06310980951116
40992,372.9605192703976
40993,316.16051637260483
40994,169.19054001948766
40995,404.33910467927853
40996,219.43476543701976
40997,187.34270773931078
40998,241.4730351517764
40999,231.4588767914165
41000,386.6652991894677
41001,116.06060301915322
41002,358.85743309315
41003,117.67676221824976
41004,156.40965440784564
41005,364.91361203863977
41006,212.0839581950287
41007,182.76700333460755
41008,181.8959526572092
41009,982.2865979949838
41010,384.66398863745934
41011,155.50867447450267
41012,432.9413368398137
41013,173.31971049841238
41014,352.8429516145974
41015,155.52987735337015
41016,622.5772187275213
41017,260.5672783171995
41018,238.94793251794374
41019,207.8190589115671
41020,253.3947835208894
41021,133.77269935492623
41022,179.2911675873917
41023,179.40182812699538
41024,488.1441365565684
41025,334.6435194343497
41026,269.83556860594445
41027,170.5685431649258
41028,195.82124225174664
41029,222.6102063338101
41030,203.19132801037313
41031,137.17467127217188
41032,359.51768792694145
41033,345.547584304602
41034,329.6118016015123
41035,226.85376718063898
41036,577.2914605176265
41037,197.04187562170802
41038,666.687094611088
41039,155.60467047611377
41040,281.8479411714499
41041,260.75472073500356
41042,216.41796325739065
41043,243.12258620326247
41044,333.06561809210154
41045,864.1491826419859
41046,383.74375455504423
41047,218.0085846154275
41048,359.94055256834235
41049,214.05683208167508
41050,140.14705463379616
41051,258.91064110873884
41052,223.03629834099573
41053,289.30159462601154
41054,409.5222444260804
41055,148.07957542397577
41056,338.1738872287761
41057,366.3274581651219
41058,219.2476819993695
41059,141.33376056857526
41060,219.53525714832904
41061,275.4753660251578
41062,192.12699885590283
41063,599.4060568717441
41064,160.8776371450171
41065,194.25007135497634
41066,476.3182602332005
41067,726.6975689976136
41068,222.9622991967589
41069,198.79058417283323
41070,191.73129494263347
41071,368.41706901315894
41072,246.93628912273755
41073,141.05904725049015
41074,374.7081023102315
41075,207.4789279603494
41076,138.15903048476395
41077,254.200615304867
41078,231.61173910613314
41079,442.6157857452495
41080,427.010904542357
41081,170.7366514052368
41082,147.36795771109334
41083,270.20774160538554
41084,310.6799970672759
41085,413.03588717261545
41086,168.51520605818556
41087,321.43122489430795
41088,148.02648114976859
41089,153.87932596173786
41090,381.884080116287
41091,551.74480907811
41092,232.7963306173569
41093,251.7094301236199
41094,132.17011018069917
41095,253.9410705243273
41096,298.47858356993544
41097,132.5493499335318
41098,161.99689416863134
41099,398.1276868975262
41100,220.9907711018597
41101,228.26490571012354
41102,214.71316041822521
41103,256.49582506521955
41104,379.7608514649701
41105,347.8639047404667
41106,285.82227966696524
41107,155.91370054541926
41108,197.05413465335016
41109,835.5866475495675
41110,491.1999198318272
41111,176.8137227099521
41112,532.647865288897
41113,178.11409882021422
41114,578.5004940795263
41115,455.1888357968756
41116,154.15637074142268
41117,263.5696971621155
41118,411.2086984499336
41119,249.4876750886818
41120,307.75708320440765
41121,265.1941604123821
41122,187.1260795782259
41123,152.41958379662313
41124,426.0339690615067
41125,394.6104474108902
41126,263.91357854357096
41127,151.95554092699498
41128,202.30765514902203
41129,568.391369031204
41130,261.60414810733016
41131,246.8340031494245
41132,231.4860905073391
41133,166.93903009170432
41134,349.2323668703238
41135,148.4882512649126
41136,392.43045045660483
41137,261.1795301834208
41138,1231.1402525979613
41139,434.7732049370759
41140,135.128304406462
41141,215.85752435466577
41142,233.25478095810524
41143,685.2801861972741
41144,151.37436316751365
41145,143.71104651124753
41146,152.32087090347068
41147,312.91680746122887
41148,172.73955647196271
41149,636.4646413030988
41150,233.18457913408832
41151,202.25661903207762
41152,149.49531029347844
41153,261.24880661118436
41154,275.29174731955095
41155,360.3618370436995
41156,383.6109083471339
41157,199.8504087309333
41158,163.10964485300178
41159,389.04408415407136
41160,310.21522205231093
41161,224.43795796918815
41162,672.5986159844811
41163,185.24654961951592
41164,201.63559722448701
41165,260.5475798196482
41166,487.8676154093032
41167,263.019009689361
41168,846.7759227869374
41169,306.7331963334169
41170,726.4808268524781
41171,167.6870636568356
41172,167.54970326410535
41173,367.6025266163363
41174,244.67516566164792
41175,173.47991335694235
41176,208.04163985074447
41177,221.96465301286673
41178,150.94118857289212
41179,298.47812377598535
41180,156.6101600149542
41181,338.43268525899725
41182,162.45272204489694
41183,235.84766016235272
41184,366.40181576583984
41185,153.84468069835074
41186,267.44032687316775
41187,505.48810520760236
41188,825.2911270323751
41189,348.4521260421597
41190,179.91573938432094
41191,283.5722691555291
41192,619.4919109809314
41193,219.9105632729616
41194,356.0939206219951
41195,275.244915545554
41196,301.2941881969689
41197,495.88606867682773
41198,192.06777120188747
41199,225.38145638911095
41200,261.1503842214903
41201,257.02944055558055
41202,771.251395815315
41203,179.1820144157815
41204,180.97209628329637
41205,223.22511412221766
41206,846.7328372904991
41207,225.0615726354759
41208,176.1709221383718
41209,154.8063859837013
41210,184.5993025621751
41211,234.46215746860085
41212,176.78211611426437
41213,214.90255475621387
41214,147.44048223662114
41215,176.988955260329
41216,188.63050805763802
41217,317.2152973303221
41218,199.2107635925959
41219,190.28755898409074
41220,184.94840588359224
41221,266.9402591825624
41222,194.62101475364545
41223,298.04697900465675
41224,815.7091193425373
41225,463.40428580582494
41226,316.55705338739904
41227,192.46488003680392
41228,187.47099904202977
41229,258.7178075095991
41230,245.49172752987252
41231,146.59563453782945
41232,428.7971214291586
41233,616.9519427341777
41234,240.38753777291078
41235,455.69954906542483
41236,249.11548876607048
41237,424.4981470593027
41238,249.21934465947385
41239,187.61024656776513
41240,227.2297326732724
41241,294.55100674380355
41242,234.58665470194225
41243,165.0804432240139
41244,243.74851740243813
41245,202.94485368519648
41246,177.56541079250826
41247,205.1017876961488
41248,195.29515253073595
41249,394.8962642600455
41250,327.58366656213883
41251,185.10738880597674
41252,438.1751297755601
41253,577.231667560107
41254,155.5254130006701
41255,197.2692559479518
41256,241.87363387854012
41257,331.34393825742677
41258,321.30953019540385
41259,272.03694165405176
41260,510.39622221609255
41261,309.70599912728466
41262,174.7978464289464
41263,804.2916002697643
41264,534.8184206075957
41265,231.23156766963572
41266,117.4792309518711
41267,308.1244082861685
41268,231.10087144912006
41269,193.09281627755541
41270,142.33061424207165
41271,226.49707375328958
41272,586.9065023079977
41273,334.6087042523916
41274,126.97145930434544
41275,487.39104382448613
41276,508.54568725746
41277,159.2274544660547
41278,258.8361793295927
41279,176.02618350573698
41280,172.99774493108393
41281,227.40133001419946
41282,166.07062066494404
41283,174.72526532840118
41284,170.23485168284208
41285,208.73507454679762
41286,167.06104004391315
41287,146.596263693972
41288,348.17775294559056
41289,452.0428729051434
41290,282.5739208412516
41291,375.38294792109036
41292,327.0685993135905
41293,192.19167334638215
41294,390.64409417841216
41295,210.13882618207634
41296,143.63230661329433
41297,167.55751003473188
41298,423.5398102927481
41299,450.4270497154367
41300,134.53181584690097
41301,500.9059815206949
41302,224.43293640502634
41303,291.4839438437152
41304,283.0823775462343
41305,173.85272447204656
41306,200.6952008819768
41307,603.1252628039882
41308,154.41847853078298
41309,287.77754972959804
41310,658.7781839072877
41311,140.68574550485098
41312,380.9002777182892
41313,508.9709786291091
41314,334.2365111632082
41315,198.18048091537722
41316,138.71472742396153
41317,370.5314945011294
41318,203.48125339105147
41319,222.05238178071022
41320,161.1577120167262
41321,445.6299224573196
41322,175.9447687632026
41323,362.6696825873437
41324,196.66880683116096
41325,289.67282994475505
41326,305.50768604862293
41327,609.9899110408122
41328,226.02195199627246
41329,379.7419703582891
41330,421.73541104602043
41331,581.3310577761255
41332,317.45529160154683
41333,189.58054119439015
41334,1305.6931950746448
41335,231.62083282350264
41336,364.4398050889572
41337,829.0895525533938
41338,447.50618374266406
41339,1058.1233940816599
41340,302.43102359984067
41341,278.99056662686166
41342,311.13626230368095
41343,318.9858359877019
41344,193.90297746686977
41345,415.2382002553824
41346,157.95079385823246
41347,138.9356731732382
41348,227.03462983736068
41349,600.093962786344
41350,258.9036059678911
41351,290.0035759680334
41352,255.88933153676496
41353,251.21366889712374
41354,1425.9055993359111
41355,244.35780341742546
41356,819.074668245322
41357,230.12604040274462
41358,571.4606712295714
41359,200.78433509808343
41360,302.5556586087054
41361,162.66043641610116
41362,286.5167133666216
41363,315.67111461735954
41364,195.33171415340775
41365,130.71641443418423
41366,273.5369134282325
41367,414.25428999450554
41368,337.7724878014218
41369,242.61935444043516
41370,101.89071634915535
41371,134.08814125262282
41372,300.18520820238734
41373,632.717897244377
41374,324.9868457941751
41375,302.34460643059515
41376,187.74876599403575
41377,293.4670960028799
41378,232.31005011951362
41379,191.65221589322437
41380,238.62890185699325
41381,177.19830138218109
41382,774.6399254021636
41383,272.9223783781192
41384,224.7129225870937
41385,268.6817528343167
41386,268.3348201312122
41387,328.9333770671791
41388,208.49697876278972
41389,231.3283669362876
41390,446.0847028508715
41391,770.6911180923234
41392,318.2179770012778
41393,153.88970128150268
41394,313.89246276051955
41395,184.49395839335065
41396,206.16363633710543
41397,175.16323731908807
41398,317.60124115015066
41399,171.37283426817802
41400,350.6811072671965
41401,199.45937112147968
41402,195.44922500771114
41403,287.15180087551795
41404,437.2202298263861
41405,149.08777116374756
41406,199.96947363348386
41407,278.40134774600983
41408,191.69382530237874
41409,184.30671722829595
41410,339.43253272777713
41411,263.9767199060164
41412,230.6364363124268
41413,872.8679838984237
41414,212.86965167420323
41415,170.34330528789147
41416,326.2166434242912
41417,371.1951512453427
41418,408.6907539858193
41419,624.5290562655987
41420,216.93100514109736
41421,212.02148788590824
41422,160.4354689146165
41423,544.4524415037475
41424,283.11766839866834
41425,117.03204257894149
41426,899.5359542534143
41427,493.8705225062503
41428,183.22834973970916
41429,200.85831857160954
41430,229.34747800482475
41431,170.45534718749508
41432,344.02801141179714
41433,149.64933046526153
41434,293.76310458426116
41435,215.10633679121048
41436,499.3580513672325
41437,154.09019089447116
41438,912.6309081926063
41439,129.9453154735749
41440,113.96632676806921
41441,110.35712509352534
41442,217.1958107061682
41443,155.55583189116905
41444,199.3423439815329
41445,267.5199542046677
41446,345.08092970215597
41447,331.0249408575524
41448,491.0702220199818
41449,176.0816567263517
41450,1253.397782579244
41451,484.98005008714716
41452,277.869557935018
41453,149.5692890504015
41454,334.1785874777688
41455,159.4761471148962
41456,371.5096343594036
41457,264.1140996525154
41458,211.46442418014487
41459,421.7537835171436
41460,181.33329225418987
41461,126.56192448157248
41462,156.55292421207963
41463,215.72140681643396
41464,139.32677745382136
41465,123.91044825899385
41466,292.7891873864384
41467,300.6519269381356
41468,292.88303644956784
41469,302.15236507583637
41470,203.77907735927434
41471,231.23217736823014
41472,197.11588774436524
41473,243.6660569627093
41474,375.8561321099715
41475,632.7849972595535
41476,147.52564802423748
41477,440.1180627682057
41478,523.510377859951
41479,723.5747663021309
41480,606.3374057925554
41481,213.11923847334356
41482,1304.546614968954
41483,285.06551157316636
41484,433.83870702317546
41485,512.0852981629243
41486,163.49443140586985
41487,195.09924936101038
41488,431.1654147133594
41489,484.6224256378927
41490,282.26941353656355
41491,437.8485265004602
41492,301.35652900063803
41493,224.42808393189455
41494,514.5937351264647
41495,221.33745486069657
41496,156.1748650859505
41497,153.01212218647234
41498,479.1587028620043
41499,411.33928609312665
41500,313.4256770486533
41501,434.7596316537079
41502,168.33139754035452
41503,653.4685060026483
41504,229.46015942673716
41505,128.10939218860372
41506,151.12745052490988
41507,273.7822527867684
41508,229.73629736986342
41509,202.6424290421046
41510,208.740727296404
41511,362.1578843660694
41512,201.284512435674
41513,203.7310840785475
41514,157.6264828745372
41515,123.82781075059891
41516,169.27121345969604
41517,349.35078887223204
41518,120.78676729215358
41519,309.7707361272195
41520,440.69848603863363
41521,264.2891334035166
41522,141.9266246738099
41523,416.14882354152195
41524,228.63279905339334
41525,166.32391878446035
41526,169.5982596761151
41527,151.72401245840885
41528,240.19371557980176
41529,253.83712049547447
41530,247.61906482373573
41531,203.8308431903477
41532,205.64572383021687
41533,257.03951979091806
41534,798.2132705332816
41535,164.11306940522357
41536,129.44541050466577
41537,255.89578281310136
41538,318.4336842584657
41539,337.43845695550664
41540,258.0807069927079
41541,255.2796271450644
41542,257.1028803758447
41543,478.3458712069382
41544,189.55616648452906
41545,316.0679208111859
41546,166.37116598662087
41547,342.3233386057347
41548,175.35194634923033
41549,275.7092817803737
41550,202.4319278385396
41551,422.2762306161739
41552,420.46974629411346
41553,1315.1191962748323
41554,310.55747124712036
41555,869.0027208127993
41556,436.30640719428726
41557,237.9618279931409
41558,168.43059125490103
41559,274.1714142133871
41560,581.8384692409192
41561,444.5008755954059
41562,189.79141103707954
41563,180.90836566705005
41564,273.7827986919592
41565,146.51434780719921
41566,393.74485054579327
41567,146.25934716369554
41568,508.14540607294896
41569,191.95989261601207
41570,282.731604823896
41571,161.25601601508026
41572,744.9386151296044
41573,181.76703884155782
41574,232.84091556244195
41575,193.73081686548258
41576,216.0860079794657
41577,379.3955182822134
41578,229.9159810106188
41579,191.54140940185053
41580,526.5733308291592
41581,331.66989880831204
41582,409.9552311492762
41583,187.25524000459413
41584,373.6785314891939
41585,472.66696355948045
41586,181.4806773172023
41587,679.0363142443543
41588,355.0114996563775
41589,217.10426874632867
41590,241.33444791887098
41591,402.8117980313617
41592,359.32418695771435
41593,280.0470536932815
41594,264.0751370501923
41595,1462.1477304331063
41596,259.77381291965935
41597,192.32283748227073
41598,208.3484844848232
41599,138.6050959619284
41600,341.22509290660145
41601,380.5791629814051
41602,350.7959979827136
41603,868.1724556038752
41604,358.8177028824155
41605,473.49604957495535
41606,246.7379909296671
41607,184.93458305412477
41608,168.8867015999971
41609,216.0325821784681
41610,173.33937841506165
41611,160.93087610900804
41612,429.7381396209967
41613,256.58602823886935
41614,368.8175332828194
41615,292.3137432297224
41616,238.686108448518
41617,282.1773438836579
41618,294.3958317834908
41619,342.2109175829464
41620,273.0434264616778
41621,457.7962185963083
41622,204.20489306679104
41623,427.862769248981
41624,198.58348294080955
41625,202.06391879980595
41626,198.75256993567166
41627,453.58332676713326
41628,241.67827583705787
41629,193.1882414305565
41630,180.07591368563564
41631,129.68871832884855
41632,352.44985335092406
41633,221.2350498021742
41634,267.4860447879165
41635,393.31553591779215
41636,336.5518067191909
41637,211.68703756912075
41638,201.42106083962324
41639,238.5057260110807
41640,245.7335170719962
41641,209.7774205356245
41642,756.1939227706617
41643,1289.109205155653
41644,279.52607357909227
41645,252.7785807069937
41646,260.67470439158524
41647,288.79305206567767
41648,253.35204381605828
41649,161.915174525218
41650,146.20586627712856
41651,464.9781721370512
41652,297.5101423720898
41653,247.8102068784269
41654,467.2114645877122
41655,221.5629601598112
41656,431.0357930562979
41657,154.74473509642138
41658,500.8231449239652
41659,147.8282275886739
41660,240.96118477084795
41661,171.6998162630983
41662,203.6779692089563
41663,367.7774781994123
41664,1051.2641615552814
41665,220.21785575064075
41666,188.94655658465996
41667,107.61772407872324
41668,204.32411877353104
41669,295.31064320010637
41670,516.7510722893074
41671,1403.673412925666
41672,199.03098078243045
41673,225.16207953772084
41674,236.6523358791632
41675,255.69361754649836
41676,175.66157021901287
41677,387.8385299756119
41678,185.49160561112626
41679,222.0269395864923
41680,134.19835047030446
41681,149.07858078417354
41682,120.88948411386873
41683,178.6422239905351
41684,547.2733298057763
41685,126.81029047443941
41686,302.8023805480187
41687,507.27423837868844
41688,243.581304000367
41689,193.68568931164918
41690,476.07087539188086
41691,1478.835836449023
41692,446.6717165065717
41693,210.77927123165486
41694,148.8391608797891
41695,246.64454915527816
41696,776.1175018205593
41697,210.50985485530668
41698,620.9678968364788
41699,240.85492869917664
41700,260.60379168334026
41701,112.38307714379306
41702,196.40646202633505
41703,422.0967882729104
41704,114.8929408243599
41705,192.2268589812134
41706,163.3946651012685
41707,469.049387652812
41708,394.5590826389205
41709,224.21682034820304
41710,203.6163571967954
41711,307.9661134548263
41712,265.51773305011716
41713,846.2098184217914
41714,136.48385942374287
41715,111.35173085320201
41716,188.21478189381352
41717,225.26922794440594
41718,312.9197962123373
41719,186.81121548374313
41720,324.4539046971656
41721,189.15657652935673
41722,143.40292839319832
41723,220.53001139508493
41724,228.21768621658396
41725,143.6356556240323
41726,229.8163558500416
41727,159.3189701576204
41728,254.0328589931772
41729,180.50969646539602
41730,198.06271688441745
41731,142.7699561016844
41732,297.23753372433885
41733,145.3801310664569
41734,476.1566486945244
41735,337.4225786816068
41736,164.65654659093204
41737,309.2877661058164
41738,214.30727441758447
41739,329.308918599346
41740,329.2043246415987
41741,258.2876950725257
41742,273.964047041985
41743,459.4289873386944
41744,188.7744170622716
41745,289.62952847713007
41746,897.1400691454835
41747,158.5293818028944
41748,233.43027355265764
41749,203.27819787648514
41750,136.00221686363514
41751,245.33025619454864
41752,348.84526343200844
41753,182.83714682677038
41754,220.35679974183049
41755,349.3566765176744
41756,143.4754279266923
41757,356.0143595062052
41758,305.4590854017839
41759,181.5836404454176
41760,555.5460009382954
41761,1564.3092765048152
41762,218.52679580900897
41763,814.9189726977788
41764,258.0169880711188
41765,391.6695666107194
41766,330.1645828306451
41767,399.46085166343346
41768,716.5762560229186
41769,390.65529648904965
41770,371.5247894101903
41771,224.07162402759766
41772,322.25562119047186
41773,256.43051230570904
41774,370.07155417661073
41775,233.2027982288409
41776,495.9542183254306
41777,151.54840754107929
41778,358.2869857031031
41779,239.13506309649344
41780,165.07801969627684
41781,245.82277595781966
41782,154.80377622599173
41783,504.85519086392503
41784,202.92167718983987
41785,311.6561648691435
41786,583.0063664274553
41787,309.3391799714711
41788,256.0070175138775
41789,216.162023267338
41790,273.4697555575604
41791,514.0874716413985
41792,132.34204258989453
41793,299.242050484614
41794,389.7798050224409
41795,303.1952045503198
41796,153.4652735019089
41797,192.48321030657763
41798,813.6662133209885
41799,158.4697852337055
41800,212.14911206484206
41801,127.91894772395534
41802,250.08609704080595
41803,237.05847150319138
41804,203.12749963487792
41805,260.1386683622077
41806,388.3809100023113
41807,265.3943451599308
41808,269.1621648304982
41809,175.48853366878575
41810,243.648471757251
41811,168.2910115087718
41812,361.36716017969195
41813,180.52095582302528
41814,174.94577907860423
41815,151.4918396202616
41816,256.73385322376464
41817,117.441943899123
41818,372.4750617328966
41819,143.25697915925585
41820,422.141254176447
41821,274.1873454388696
41822,252.75461694593153
41823,220.32548313653325
41824,216.01280243418267
41825,674.8064785401485
41826,232.14261644721427
41827,126.06493688526997
41828,436.17962130830983
41829,153.74702518412198
41830,255.34101278374496
41831,256.2067503515153
41832,348.2735637642231
41833,266.2287906276229
41834,168.7672464255893
41835,179.90779635359803
41836,213.0176562783301
41837,415.10911322786666
41838,749.2287859360433
41839,1187.2448873141193
41840,501.7732471440335
41841,199.7562713847652
41842,392.11422036550323
41843,194.9795131298384
41844,127.47359751229074
41845,229.11979071983745
41846,211.72305789810443
41847,202.64550959931006
41848,173.6863120861343
41849,143.95698748924903
41850,161.38933104600565
41851,804.3478632047935
41852,307.72829455886875
41853,229.17776144577888
41854,247.31340283508413
41855,469.62796642943806
41856,284.3563325170784
41857,225.59422104455945
41858,202.79396524564237
41859,190.04604190620753
41860,138.33253597341763
41861,158.60267315701793
41862,523.3238537116852
41863,275.93853053336494
41864,301.21023369740925
41865,109.3365973319225
41866,593.7130916737658
41867,280.1891485757905
41868,590.5881159743843
41869,195.47997966759624
41870,469.4702533669582
41871,116.82657958176314
41872,181.69304341922333
41873,448.5955545933858
41874,160.59098548725936
41875,288.7448484427318
41876,326.79966970439824
41877,291.5837039534346
41878,452.1683493560627
41879,773.2202737516122
41880,465.02376509944764
41881,248.77141920448113
41882,184.99034820852523
41883,199.22502759242255
41884,322.0806748035322
41885,278.43028423236484
41886,1099.8449316401354
41887,274.5307777439696
41888,372.89375578308074
41889,235.20095355348687
41890,186.27109507913292
41891,243.67367315114973
41892,233.95674124090345
41893,137.44711607120803
41894,223.86784565146428
41895,217.07851109348425
41896,330.99433025949594
41897,123.60999223987324
41898,226.48803892183213
41899,117.34529390491164
41900,249.27485468492443
41901,423.0423567365166
41902,375.0910390145332
41903,515.36131920533
41904,169.85778210102353
41905,183.96098963758433
41906,269.2764779408862
41907,1453.5074838779367
41908,762.6688484568785
41909,289.4829980660682
41910,178.29243433523763
41911,255.02393968276965
41912,151.86516189466468
41913,230.2826874088025
41914,144.37709281077903
41915,266.2147567022584
41916,232.75038525540523
41917,141.97440997862174
41918,224.59702605851325
41919,129.25616376278765
41920,214.00636483721507
41921,185.32369678184946
41922,139.41666363332902
41923,147.43957175906974
41924,404.65365104250225
41925,285.2616169762274
41926,272.2620244082122
41927,248.53142916339445
41928,328.3231608357725
41929,442.5603646753234
41930,129.6171958588125
41931,216.85070782708314
41932,234.50756856278082
41933,444.2845928846627
41934,211.17879641797506
41935,194.72802287146027
41936,236.14283326422247
41937,131.70011047617606
41938,372.10035041510986
41939,160.63171591609353
41940,585.6860865092461
41941,168.14518051673127
41942,194.91643113627734
41943,192.0306420326072
41944,141.92586719496214
41945,215.08884492262644
41946,170.2272269826631
41947,174.7987441442946
41948,183.6589695927439
41949,291.72079090974614
41950,270.6146822404577
41951,127.51391559831006
41952,227.14064763761914
41953,309.84559702819575
41954,170.68920970017734
41955,214.48666305092763
41956,121.6055935140228
41957,264.26381143064106
41958,264.23367487206525
41959,203.52918321715947
41960,576.4218564542973
41961,573.3014532704252
41962,349.6122326491849
41963,170.60739909514598
41964,327.6555271083966
41965,191.84067121517094
41966,207.9378375205291
41967,243.31680371846707
41968,470.83381753040635
41969,414.09187277247753
41970,139.7205772443024
41971,543.4331461957844
41972,275.57732437420583
41973,167.3239381739114
41974,710.906874444775
41975,269.54674727426396
41976,621.510218357082
41977,156.79048711736414
41978,168.48586856695457
41979,396.4272298739545
41980,124.79020618917318
41981,253.3419768508234
41982,137.06632105259067
41983,295.1647010666942
41984,131.27564991116793
41985,574.3364844469027
41986,201.07131336452878
41987,156.44665737655652
41988,229.50695311822147
41989,259.8875339769426
41990,127.80652262555029
41991,1005.2259670286613
41992,350.3187842860635
41993,310.01274133144625
41994,391.755018162599
41995,389.2483641606497
41996,215.35747838069344
41997,360.61355483009356
41998,324.95630638012614
41999,242.06352381414715
42000,115.5678171193752
42001,222.53219015976072
42002,245.00546010700015
42003,257.21053774917107
42004,173.5252229907177
42005,320.26964806910377
42006,228.68225900419515
42007,168.81680657170466
42008,198.86978708937022
42009,232.99468502889
42010,536.784712330577
42011,188.3160362568948
42012,189.1428886484975
42013,337.2386716648302
42014,408.3222383980082
42015,198.8230795935303
42016,244.5998155847991
42017,165.82661280576644
42018,280.0470931463814
42019,194.92005412501615
42020,382.1304768101819
42021,265.75295575347565
42022,376.083132075299
42023,241.6679164437019
42024,342.4607843757652
42025,136.91207986310064
42026,350.52146435334913
42027,250.0349968559062
42028,211.46882349711765
42029,210.8400541069746
42030,201.62450770049213
42031,400.0917897401384
42032,149.01782622221899
42033,148.5048948424855
42034,171.63500335899093
42035,140.39804394159367
42036,205.62693725203889
42037,206.5556647972989
42038,447.61427928841385
42039,141.23409315524603
42040,384.5954886473472
42041,491.55575169431614
42042,237.9551163748499
42043,435.3476967902247
42044,240.90579401742144
42045,186.3523768849946
42046,180.97360483854192
42047,225.4357833755647
42048,135.72999829364892
42049,240.07660241014014
42050,379.64886690314216
42051,139.90981220627907
42052,387.43906480384294
42053,245.94762524725527
42054,379.4425228795301
42055,295.813686746505
42056,363.56346545498343
42057,185.889887213951
42058,164.63210983849643
42059,796.816892910622
42060,292.71537476741895
42061,171.56178727025883
42062,163.96134035249622
42063,202.35489713187053
42064,203.86482178870244
42065,191.62331565592802
42066,327.02732003346574
42067,138.5270329754279
42068,131.25757427934275
42069,293.63049865430156
42070,152.08509512305375
42071,176.5233903839669
42072,733.2900232207195
42073,376.32810311546456
42074,139.6696011456367
42075,145.08359230289068
42076,243.9329556603448
42077,397.03854194983853
42078,210.77240965892653
42079,160.38815746873897
42080,766.3907431762859
42081,347.65832615459226
42082,4172.7884282051755
42083,149.29812021529847
42084,888.4712946613005
42085,242.8853401630298
42086,221.509332816548
42087,539.923774533978
42088,211.85664525268177
42089,354.34627094813777
42090,222.85655714967444
42091,236.10734578871438
42092,606.4052590652875
42093,181.7294015584661
42094,334.37115151642604
42095,157.11384188663368
42096,137.55801224235327
42097,137.77168893042705
42098,296.1828249961894
42099,271.4196904049536
42100,381.1173750594747
42101,200.94265121585343
42102,316.5811844085953
42103,146.5138365458601
42104,325.69290035344983
42105,157.3979232743938
42106,457.7859851998015
42107,182.31481184635248
42108,251.25641679376162
42109,304.03590248409967
42110,204.44340564385007
42111,183.1993996711809
42112,345.4711323715237
42113,151.5071947035777
42114,369.44892751101315
42115,249.3389751592084
42116,166.61629948965063
42117,306.2518645784285
42118,188.53498784116513
42119,193.54584034073588
42120,326.3070277190901
42121,370.5145884153812
42122,395.44436872444334
42123,223.5046364289371
42124,416.35944893877763
42125,165.1803698030878
42126,221.75354422636954
42127,180.6216635754942
42128,152.83825130919217
42129,185.4701997148303
42130,167.82115784405593
42131,331.4465985042764
42132,415.7898209943041
42133,162.15367010384372
42134,527.7047389195199
42135,155.04087080633198
42136,205.60898338573907
42137,114.67841610641926
42138,274.13059170283634
42139,158.09878179680453
42140,255.98744196272114
42141,299.86833998566857
42142,129.27078069684234
42143,222.916496373475
42144,124.13953872852426
42145,149.21256713849968
42146,539.3226071200768
42147,141.0334435920477
42148,178.22791659673788
42149,262.19719156803177
42150,132.57814743439133
42151,239.2458054948016
42152,310.2211896011511
42153,128.45825757377543
42154,178.92212703339777
42155,906.3638972649318
42156,417.3177439267976
42157,140.87875195393028
42158,183.90864034625463
42159,141.78685153715932
42160,242.4403519407
42161,437.3926514031151
42162,207.4620718724207
42163,779.3065712989539
42164,778.7106697630168
42165,127.45560262209166
42166,1074.1099524470958
42167,552.9593444079069
42168,647.4402824728489
42169,944.2525154119027
42170,286.606981268204
42171,213.9847546394203
42172,171.30761516462078
42173,155.4494439234396
42174,247.23026415185808
42175,583.9551855242793
42176,568.9957044234046
42177,170.59372985536297
42178,664.5348138615471
42179,162.7787230211362
42180,313.15146514181987
42181,254.0900053938447
42182,318.8376017694462
42183,253.36970044558973
42184,243.0299307883124
42185,420.73401668972053
42186,210.45211827791508
42187,279.1786563757851
42188,219.27301508759422
42189,201.27816500898436
42190,334.78804784938797
42191,259.66549517560566
42192,209.9241131196904
42193,215.18288673033462
42194,150.7950914299313
42195,589.0753980073056
42196,283.5385565053935
42197,212.46465228160372
42198,215.92152103602922
42199,232.29455405085218
42200,243.08140914050585
42201,511.5881979806978
42202,124.34099115245995
42203,229.5699967434113
42204,144.43723334113764
42205,152.1917069920482
42206,194.10181925147612
42207,1055.069035194797
42208,266.9106764401746
42209,200.46652503035443
42210,544.0024435751459
42211,173.7254679628452
42212,236.94191597189166
42213,414.3582412134012
42214,329.1811763516376
42215,271.4999522750512
42216,182.64740076747634
42217,212.2143189280033
42218,108.27657924274929
42219,209.20635641608217
42220,352.82851251718984
42221,189.85539904352086
42222,189.22821507937775
42223,197.04916924189098
42224,222.01487845258106
42225,144.11893322610825
42226,178.9996446898182
42227,172.66758760215993
42228,368.72446266576793
42229,185.46839015383932
42230,330.51969067131836
42231,230.8505288278494
42232,128.05094611302937
42233,125.75547645392251
42234,354.1156141691058
42235,432.38693939453793
42236,222.33761554407351
42237,165.80899071322528
42238,189.9980446177914
42239,253.62991600842687
42240,211.1782467316152
42241,171.9745070383322
42242,223.8296242380158
42243,129.43844640812156
42244,348.3861018206571
42245,215.7937420900605
42246,445.35065873968045
42247,1800.1573898555712
42248,199.5075152634011
42249,172.76960289298998
42250,189.36632920291518
42251,138.54136314206806
42252,235.4814817639308
42253,228.5308052788931
42254,337.97479128754605
42255,181.7062681341176
42256,200.63344974837722
42257,196.0643314632799
42258,137.80085594629819
42259,195.07986095896766
42260,127.53321981405264
42261,155.18355412022842
42262,439.4905142797151
42263,129.67650256258634
42264,201.44601723538761
42265,204.5689538139062
42266,185.30697990835336
42267,149.71279725595727
42268,275.6878411432365
42269,144.66040473602018
42270,380.65845359617
42271,195.8184167378196
42272,381.55056168585827
42273,327.90713054613263
42274,182.01074254287616
42275,235.78867443549325
42276,358.82336625923375
42277,233.61014744260996
42278,365.3759926668039
42279,246.01979348366814
42280,212.0088378840553
42281,198.90383501930907
42282,126.75388210201342
42283,195.31398415569382
42284,485.9415510883803
42285,243.23037422171618
42286,275.9628320765456
42287,378.7423860006345
42288,355.4245169173291
42289,562.4906245593529
42290,155.0193092425974
42291,279.77689030950444
42292,474.6307054653007
42293,206.93072307551952
42294,159.23005853719332
42295,193.52000511271407
42296,281.95864078596145
42297,264.50608820009455
42298,235.65297528465305
42299,100.03092924330828
42300,267.09774848998944
42301,269.0412624046099
42302,381.98093070003847
42303,244.6667145408507
42304,219.47101558458218
42305,248.52572621788883
42306,175.74047579313523
42307,306.5855052991661
42308,396.31656266050555
42309,261.39303607224167
42310,138.04152652521924
42311,215.86182918512446
42312,698.6631546766154
42313,550.553448143256
42314,358.29232423126643
42315,442.95099152169996
42316,232.07502661135533
42317,218.96620943722277
42318,184.1678189581318
42319,657.2947425782373
42320,527.2892271048005
42321,571.1647350207714
42322,737.0959639373779
42323,1118.6966497077015
42324,380.77512690881076
42325,200.7967145170666
42326,199.1596105189549
42327,258.6840060428084
42328,324.53740599461105
42329,355.1646082145723
42330,236.35291356923648
42331,130.90696746203412
42332,128.54184738747085
42333,309.20977529367815
42334,169.16004342449725
42335,321.999068968379
42336,240.2756663037549
42337,153.8083587961551
42338,169.5561870351153
42339,255.4277053177378
42340,135.77551796195127
42341,1906.226934394817
42342,173.60084461093086
42343,519.6294295786736
42344,114.51181807639621
42345,250.5882008764464
42346,158.94773284730448
42347,212.01645300596093
42348,426.61577778966046
42349,213.20202526209422
42350,167.02297878629642
42351,261.61048407246255
42352,399.3435800311345
42353,195.5010335633481
42354,274.99364362064136
42355,160.6127553902825
42356,238.4151814177208
42357,159.48175206602045
42358,286.6105516717402
42359,284.4397171120176
42360,124.69854499405723
42361,182.62515577382612
42362,351.62493154488715
42363,209.54004207182987
42364,264.98418486499236
42365,249.07183854638436
42366,664.969552597013
42367,235.81247353633822
42368,262.91430698274854
42369,352.14044987826867
42370,151.8375327145099
42371,245.05054320297367
42372,450.9887224937517
42373,340.8908030980132
42374,342.3484277059767
42375,287.1403008421497
42376,162.91934528553492
42377,370.05895817832527
42378,489.47740082500815
42379,283.12652021607585
42380,304.96104350116383
42381,229.31255435069468
42382,152.19492195387684
42383,209.2993484111436
42384,166.11343446891976
42385,143.8555845921765
42386,251.86443147279678
42387,426.9856299525643
42388,261.39879698767203
42389,239.47243319224242
42390,193.66502252812384
42391,163.4264750599865
42392,179.22385609087308
42393,354.4908569041711
42394,367.9686814196453
42395,368.7944324392076
42396,150.74041780970055
42397,170.53038867720724
42398,1802.8479315905424
42399,504.8207641698098
42400,680.3084608292577
42401,634.1062301535895
42402,151.3313222276534
42403,349.3257554599261
42404,406.0853020646098
42405,412.3584960525366
42406,871.1118190347185
42407,218.35308792859541
42408,217.36412911534305
42409,192.99484150666882
42410,143.6758255987169
42411,286.00736843213093
42412,778.4861218408374
42413,198.96297715159506
42414,254.6601852913782
42415,260.08250623960635
42416,671.298823816414
42417,230.13628888134508
42418,135.66964665641572
42419,227.1343451528508
42420,235.19177426678704
42421,225.75044041375608
42422,322.45232093300456
42423,264.4642951282012
42424,257.01055014151666
42425,983.8620937165064
42426,280.67307338550165
42427,301.20932290545716
42428,217.26438331964093
42429,173.3385973245851
42430,788.5441416655435
42431,235.9362796657119
42432,195.52549012722088
42433,296.26765193241283
42434,179.71191329162264
42435,242.17113970610248
42436,131.57320527153172
42437,149.17631841542013
42438,678.2253302539733
42439,274.6745890221235
42440,211.79034683748148
42441,162.47542884656406
42442,291.81914350073714
42443,595.4249348140996
42444,170.59295669929534
42445,1029.7364279923818
42446,273.0463424223168
42447,162.21961040873722
42448,429.300144020139
42449,311.43359035795913
42450,387.97529831561843
42451,196.22797237887826
42452,228.18796656919997
42453,765.9454847416893
42454,429.52237523730537
42455,284.9387350486395
42456,297.38391429324196
42457,160.52712752221032
42458,346.6239274789588
42459,143.8009706334955
42460,2065.6859541755634
42461,159.48723459180178
42462,158.05525634691335
42463,188.26253456788595
42464,231.01220685744755
42465,227.37120096324207
42466,170.82132875381342
42467,247.41425658664764
42468,324.197641097222
42469,381.18783012617286
42470,220.63042317251103
42471,197.3369553712727
42472,143.59942396042612
42473,271.45897522310946
42474,152.8953588151829
42475,235.14459189817427
42476,385.7589711925339
42477,512.5432929697944
42478,243.57403804931727
42479,1171.0941306523878
42480,256.6752662228206
42481,195.3124212546592
42482,287.07390640198037
42483,548.2984462969733
42484,269.5500062374017
42485,380.96914094986363
42486,259.57925911022386
42487,248.12221119002942
42488,157.43607085382686
42489,195.39287795917934
42490,195.0968279447139
42491,178.15669662940527
42492,250.65290918109213
42493,259.52358049882537
42494,272.2110451175566
42495,309.74675583058286
42496,291.77971046387546
42497,299.47436425545925
42498,1589.2082156243337
42499,287.98360030650446
42500,210.42493220519026
42501,416.40707294622905
42502,463.4265628575596
42503,372.351036548319
42504,259.1172882887671
42505,481.74399850477363
42506,175.2038277079778
42507,288.9273214229503
42508,963.1778176363906
42509,170.84352976441517
42510,216.32486451524278
42511,329.55206705049613
42512,981.3949487557011
42513,586.0536706141162
42514,372.14874792106446
42515,405.6288099298343
42516,315.55863132474786
42517,903.1671742752008
42518,263.04566297123205
42519,243.7421804888197
42520,207.96887336531637
42521,110.39433661087669
42522,206.47362372112434
42523,116.50065987354716
42524,442.91649738093884
42525,265.3913092123905
42526,498.6562339617414
42527,266.3081680466115
42528,139.2831505542252
42529,209.94386674649152
42530,285.17207737360064
42531,232.69555190851375
42532,321.20043636147614
42533,174.73268033031488
42534,428.29131485058656
42535,152.4193981004045
42536,434.7415434647151
42537,299.602591978676
42538,154.94891879440553
42539,246.973109083238
42540,379.7030982690645
42541,439.8923989065357
42542,246.78494083809827
42543,540.276843478366
42544,287.3274425217864
42545,297.5673783240869
42546,143.6032434553819
42547,324.47309178694275
42548,159.00985639981548
42549,290.40825355815406
42550,206.69429971762125
42551,297.5124577650131
42552,221.50731917946752
42553,195.11400347516218
42554,277.5078810008806
42555,209.23389053950157
42556,290.8667601238432
42557,175.31064512999907
42558,257.97158524118726
42559,358.3481931779535
42560,236.81312658708845
42561,1182.6232122722947
42562,219.9078549015868
42563,248.2033889777161
42564,194.40321475775275
42565,604.7134377531622
42566,138.30790208842413
42567,377.4140390566476
42568,139.45624921542202
42569,518.9466270634101
42570,194.7416315465369
42571,323.8557069229237
42572,206.17826321615956
42573,132.19691903031878
42574,287.14828385268703
42575,185.84018841827552
42576,188.00574244683753
42577,143.432511343777
42578,263.30204726780715
42579,492.1349550020816
42580,197.93896636641196
42581,287.9925316534731
42582,153.17353400892185
42583,211.8012089815449
42584,1094.9595380871372
42585,180.15165294460496
42586,314.40467592511226
42587,280.91216232761684
42588,105.31627628955368
42589,253.28513289811923
42590,157.35721303442915
42591,549.091649774493
42592,167.28231139912927
42593,218.09674779684627
42594,202.0011033050934
42595,170.6709238481229
42596,688.0259004230456
42597,190.78462866839968
42598,220.19051374286968
42599,200.58317371565596
42600,165.74094559908715
42601,216.3306673937217
42602,185.83798239828948
42603,217.64662657596
42604,349.32589446926073
42605,219.93187693533778
42606,418.52426260345976
42607,189.9634141693705
42608,148.08466914548444
42609,280.397395988881
42610,223.58078274742581
42611,901.3270159071599
42612,262.34855362807355
42613,385.2910187799545
42614,250.27331621352536
42615,221.98451759113078
42616,217.73235510370301
42617,369.4706313700131
42618,383.4468549735613
42619,381.83153805487126
42620,289.2019818859646
42621,155.217746846279
42622,162.18450806545522
42623,257.82228582457793
42624,493.5260631578034
42625,591.8473884473262
42626,310.2092660956963
42627,197.43219085212192
42628,380.2867399264192
42629,199.44236985366567
42630,221.50847550928972
42631,621.3569646347419
42632,264.94195253421793
42633,146.85888932330627
42634,225.73019350467598
42635,670.9658232746033
42636,164.25741906739606
42637,174.73824297675856
42638,201.5584710425233
42639,217.04563288930353
42640,247.93734738013234
42641,182.64589485667926
42642,154.83424730361904
42643,157.67746164349848
42644,146.52471663491514
42645,631.043795413013
42646,438.73822003821573
42647,279.607227158391
42648,333.12743625553264
42649,714.4499152603173
42650,152.69490920964006
42651,225.63297100411154
42652,141.00215259788416
42653,205.65932489166042
42654,184.99641302923754
42655,141.19688172499158
42656,162.65237522948996
42657,141.31356468472845
42658,363.3983333683988
42659,142.4585731256498
42660,578.8496273822733
42661,211.419651426421
42662,291.4129127146883
42663,210.86245224505996
42664,179.98682984364027
42665,188.72724450959868
42666,843.4634164830304
42667,278.972259633468
42668,352.911264300402
42669,222.36982069348747
42670,196.1348047593775
42671,139.47458214322074
42672,325.67976037794585
42673,494.5689111109531
42674,182.66996587537332
42675,195.59624050921332
42676,406.66671156507357
42677,386.32614520481883
42678,189.94239033033062
42679,300.6820331008352
42680,666.6229087824545
42681,200.05973596403402
42682,170.69224647270084
42683,147.31991604805387
42684,295.92117907140295
42685,238.33997151165212
42686,194.8527566697663
42687,254.17597877432516
42688,116.63976028275
42689,1095.5710358495592
42690,125.1524935270011
42691,192.43099947374338
42692,754.780206957937
42693,234.60449254559768
42694,626.6292356136767
42695,406.34260140000265
42696,488.28559422931676
42697,227.22901801547778
42698,165.78289138211977
42699,171.2464782881538
42700,232.24972671524603
42701,246.28310773764784
42702,308.39497971961976
42703,239.56909587468002
42704,198.14882515462818
42705,117.90970298435144
42706,225.95270024811865
42707,481.9544800892968
42708,641.9034392851793
42709,116.47558955629158
42710,206.12011597381456
42711,333.2384488462557
42712,239.19502505627221
42713,148.52278004186678
42714,138.71317542059572
42715,196.51773762464714
42716,272.0013483461194
42717,224.85726408131282
42718,294.62817403865535
42719,339.69784346601824
42720,242.01947694781404
42721,229.38325693789616
42722,189.96385491948064
42723,264.5452432563893
42724,211.33513427434985
42725,427.57088848307393
42726,302.84969316436127
42727,423.6813851422526
42728,143.0350201545012
42729,240.1809069412064
42730,886.9585477141643
42731,261.80696434332054
42732,359.2326068897559
42733,169.2899561396104
42734,163.49776758708734
42735,210.81558802898866
42736,349.0432540185429
42737,172.95423658444565
42738,160.6787740905139
42739,343.5461731796937
42740,438.52255438825966
42741,392.84887606223003
42742,365.03473187027953
42743,300.29092729483494
42744,171.22351430347825
42745,566.5750756184814
42746,230.59724602678966
42747,175.416445763595
42748,255.59944332807908
42749,225.16842447399435
42750,200.19102554278325
42751,144.64022477256972
42752,191.00184755508735
42753,443.0642730125722
42754,522.1353202153603
42755,234.41270873040725
42756,381.6514343394684
42757,255.7281904497165
42758,188.5601631173655
42759,161.33307724948037
42760,1153.7393319352848
42761,396.62659428060743
42762,282.5353670506278
42763,415.5003088090947
42764,419.22730864208654
42765,155.68184347793968
42766,263.2628180913816
42767,147.64708385799202
42768,615.91461140935
42769,383.48341628129816
42770,209.1811088311944
42771,251.88599260781524
42772,130.4303919590808
42773,275.22340963465155
42774,562.901217202944
42775,610.1949096651985
42776,292.7686890450652
42777,301.2894759299871
42778,178.10621967696744
42779,495.78970169628144
42780,270.10192568433814
42781,218.71629266372557
42782,495.62997135746554
42783,193.33103305296305
42784,252.5369438257351
42785,191.351416593035
42786,150.45437165400642
42787,197.0885200214358
42788,331.78649048022567
42789,183.65241600977754
42790,239.93430280264104
42791,183.48260166677696
42792,436.75540748741423
42793,729.6942376941822
42794,166.95417759786906
42795,465.72091326054056
42796,253.04226240691955
42797,304.02021760688575
42798,194.25794212275898
42799,289.3182132251116
42800,120.01257932049747
42801,317.0934341422761
42802,235.30030330939928
42803,549.0335823224586
42804,340.73705517877534
42805,328.06295136806256
42806,313.98727175222825
42807,225.5176882271667
42808,187.28747797925598
42809,170.0336343497154
42810,288.123234795839
42811,236.685603445191
42812,242.43824922160232
42813,141.1059771034388
42814,177.9928117197897
42815,1210.8920790304142
42816,157.26701585931934
42817,569.4084151746664
42818,178.69397962693435
42819,286.9327135866069
42820,155.23712736487025
42821,165.0220034486232
42822,340.6684236413954
42823,177.86787389174486
42824,160.14839011828786
42825,176.7648593968107
42826,2994.4264709498557
42827,203.35719784510437
42828,385.93520526249233
42829,147.9585202789309
42830,128.62189747791078
42831,206.8377546898889
42832,357.59543371116865
42833,1204.6334324467916
42834,217.7649608482237
42835,204.29115820416163
42836,478.32982032059164
42837,123.58147212136411
42838,1018.204815781224
42839,171.22072286257517
42840,214.65809315762615
42841,255.7602951278725
42842,221.16232869657975
42843,304.131041107939
42844,294.7412653921024
42845,286.8305062429125
42846,224.39279064051357
42847,897.6671287461276
42848,188.48494488359427
42849,351.17981528906967
42850,723.6521714748626
42851,220.3431565614309
42852,366.47735269020376
42853,250.8198057664177
42854,158.8403335523545
42855,211.58469724531608
42856,161.33334960214637
42857,259.8655950169648
42858,171.55125527700446
42859,238.28249688825312
42860,236.25210818315065
42861,186.02128815482817
42862,183.40948511062777
42863,435.1500276299952
42864,219.71337555104702
42865,486.5588239139885
42866,169.3856790311457
42867,180.2314728069743
42868,484.79698830493413
42869,224.47077959142692
42870,224.73742634905147
42871,215.32860450324898
42872,378.0315192926874
42873,138.38148780139164
42874,164.3767210581707
42875,284.2605886932091
42876,196.5529072697065
42877,299.81285444036655
42878,199.3697580960463
42879,247.82092841595818
42880,202.20160387156443
42881,333.58172295578714
42882,274.8347077895812
42883,307.4562362453274
42884,302.088005006516
42885,760.1009081692176
42886,1183.9516692541533
42887,143.1925843559784
42888,132.78634710184633
42889,238.49945472141346
42890,329.09454930629454
42891,177.32853798890758
42892,408.03097678133753
42893,224.85470690246697
42894,260.5978774455378
42895,136.9149686711273
42896,150.31385738121978
42897,198.1222413058935
42898,255.26137779863268
42899,220.69123612024342
42900,182.82950553277533
42901,125.47157207217636
42902,202.59982019680731
42903,556.1101719803033
42904,289.330780911092
42905,193.54690364719124
42906,226.93125599547295
42907,585.6567872780824
42908,225.57298195408754
42909,278.9013272839971
42910,420.5982249932105
42911,134.87357688728451
42912,207.52157139083926
42913,210.8811606703796
42914,262.8282058889202
42915,942.1771169655594
42916,995.5289873953072
42917,149.01151343891897
42918,379.3765306848025
42919,196.9759879404199
42920,252.41073674441589
42921,194.91365559102584
42922,251.07926729974176
42923,225.3508955553702
42924,314.53800458110646
42925,241.9961404537429
42926,316.6363658478605
42927,162.66655541407283
42928,243.99388214452316
42929,254.56503765019477
42930,146.42906995098696
42931,405.2028990551712
42932,637.5606135486602
42933,381.5904974156406
42934,439.32684941088945
42935,487.0227175423595
42936,361.3505854512701
42937,190.14946699388645
42938,406.9670335016163
42939,107.00447665181858
42940,353.1749093406902
42941,115.88796448701694
42942,505.33721290314276
42943,273.88585396268985
42944,697.5250645344607
42945,333.0095695718127
42946,386.649897691608
42947,152.79476658055194
42948,286.9043364922295
42949,187.00722697829426
42950,515.1827877657895
42951,149.76453201804813
42952,260.06357439125395
42953,339.583379123835
42954,192.06672909630473
42955,261.80918969977387
42956,451.11537910757175
42957,309.07480024977906
42958,295.13830017320385
42959,160.7430504190023
42960,176.89565183652806
42961,267.17376601886417
42962,284.01670933019574
42963,525.8654901462843
42964,411.15514340885284
42965,366.1351491603501
42966,94.5617210575092
42967,210.2030123215179
42968,284.09608333594775
42969,148.91363359590747
42970,145.7832506590809
42971,251.34347015371378
42972,173.08939290934606
42973,240.92942135807593
42974,429.1573313862494
42975,360.89060914541665
42976,177.67268224719584
42977,317.13834201506955
42978,277.9768838073656
42979,274.1502513148471
42980,441.17728758658586
42981,248.94596516939683
42982,134.7627625880864
42983,239.99244044813392
42984,208.2017308700949
42985,279.262972805143
42986,261.1329154656881
42987,236.68983323560337
42988,465.85857437422266
42989,278.99990185771304
42990,153.96906246391976
42991,745.5645762966259
42992,480.2576810177946
42993,196.1950189656041
42994,610.9938388227488
42995,219.05425852515944
42996,239.9138173346803
42997,150.55460458578747
42998,199.92082465897337
42999,365.97838051424446
43000,348.0056774616673
43001,380.2364906122925
43002,591.7622743747575
43003,1318.571234749476
43004,226.54067543164837
43005,161.89347469354394
43006,388.3677129985965
43007,285.7960564240862
43008,197.8048347960116
43009,129.38307678670142
43010,220.1582050298417
43011,326.595078431789
43012,258.37039580629244
43013,131.99345515216825
43014,198.21170292849632
43015,450.67379521197864
43016,188.4878719312663
43017,485.5200561542039
43018,458.0977396511788
43019,319.5715864918531
43020,801.8299486096978
43021,184.95692044394482
43022,187.352091068598
43023,361.31427640914114
43024,209.421377437502
43025,299.2266179386904
43026,756.2277663461399
43027,470.80027440301205
43028,218.58745488111654
43029,382.4610410623074
43030,245.63226129489982
43031,311.63419717174344
43032,332.6086058180624
43033,159.9472617360822
43034,213.91462164880997
43035,169.41273670265392
43036,704.6961021236428
43037,232.09301304058158
43038,222.9122935999715
43039,375.0293318091746
43040,166.07306430587334
43041,186.90470350798134
43042,268.46833693780064
43043,416.565547025064
43044,423.59708183215
43045,179.67811302226562
43046,213.21743033508628
43047,235.7615406981707
43048,339.75313009767814
43049,159.245894436151
43050,248.02610668083886
43051,295.15418879060104
43052,307.32331188984995
43053,169.1132455861345
43054,297.57666862287954
43055,145.76047499048542
43056,161.2309079432022
43057,169.97046778561466
43058,122.22381503403375
43059,210.22294346877763
43060,390.2852807847634
43061,309.13244139593075
43062,253.09236973134213
43063,565.5741885037854
43064,288.03160684501216
43065,1103.5130429527906
43066,214.60073699045694
43067,259.86110594965305
43068,257.7586599019281
43069,312.3238251483373
43070,179.28614959691768
43071,332.848422745919
43072,191.54965609195432
43073,237.1375518451664
43074,341.4897261529566
43075,406.83247744990143
43076,1611.8718132342647
43077,176.84346549802035
43078,465.9576803335132
43079,255.0801855605113
43080,139.54028008697938
43081,197.9812697975367
43082,500.77830573127926
43083,254.51225025711878
43084,191.0399889004969
43085,230.10170943237958
43086,411.44728993489105
43087,123.69973484421156
43088,209.20823709438355
43089,259.830670236836
43090,154.28464954327023
43091,138.79225492448518
43092,180.7237720278772
43093,496.73465674643364
43094,144.54631999739846
43095,870.1799230458347
43096,224.4446465718564
43097,223.4629974132661
43098,230.38697195645764
43099,151.72115800842803
43100,279.8811767371831
43101,171.39360724386782
43102,302.6326422247308
43103,235.939077508888
43104,187.8033111215835
43105,269.9262843511353
43106,258.8660579458137
43107,228.06290339936845
43108,113.93042314211993
43109,321.14720099011504
43110,284.56639472157707
43111,309.2890246113006
43112,451.985013264042
43113,559.2853060989021
43114,104.91306003457107
43115,261.7225228873905
43116,191.39622203333525
43117,134.98670464734263
43118,258.1002320311086
43119,698.2705287325998
43120,169.44953555485162
43121,922.243498659915
43122,233.6227949110361
43123,220.3611014589564
43124,438.2576217050779
43125,270.53193990504366
43126,428.5291400080323
43127,306.2700709718725
43128,145.29526804646164
43129,381.355873517285
43130,425.2358085423132
43131,158.97842267890618
43132,147.0931945999195
43133,195.44604805429756
43134,136.42014747990208
43135,206.30788844811482
43136,1177.3086516810024
43137,220.11663754176158
43138,186.9144184148074
43139,340.7477306967266
43140,248.4130797126
43141,238.69755223841653
43142,238.5044183822418
43143,136.99762454183534
43144,620.1195767434374
43145,307.4001565760789
43146,309.55889835978945
43147,236.6263992240489
43148,307.1103715695219
43149,187.7192740015881
43150,250.01629805001903
43151,187.7504054153712
43152,164.0385928603984
43153,242.65239973903425
43154,165.47873328454094
43155,915.6011465133629
43156,224.6999322912653
43157,120.75718028465865
43158,138.7844529707583
43159,222.4070946506737
43160,131.52528816221115
43161,159.93412571484365
43162,348.17540899083014
43163,473.2636917159824
43164,262.0991939200286
43165,227.20582819303758
43166,305.9367469224115
43167,266.7835819126283
43168,158.2999980849859
43169,242.72251449495715
43170,186.68326032760004
43171,200.895644123298
43172,441.1478947664439
43173,155.9367134276638
43174,167.85748291437943
43175,138.3785114460883
43176,627.615151657163
43177,172.53536978319735
43178,144.43317809645438
43179,440.6393117062909
43180,238.4879154880191
43181,207.38032660260114
43182,149.7538147418769
43183,229.4383880355231
43184,385.99419131797686
43185,257.57088351954593
43186,278.29737261688246
43187,149.76724519340198
43188,326.9241097476686
43189,349.60696417569386
43190,373.37663061214965
43191,488.5965810583356
43192,194.07208729889882
43193,227.97934209142798
43194,260.0206559159157
43195,183.5428603752533
43196,270.4066250728536
43197,233.21393276184804
43198,193.90360052901124
43199,242.8202308925421
43200,214.07764114832847
43201,923.3312306035248
43202,225.59369831847172
43203,332.37861482102744
43204,564.3400373667373
43205,139.8544197582289
43206,307.98710826560557
43207,113.59668008653182
43208,1442.0929121732602
43209,252.36875789964256
43210,210.50437443502014
43211,171.458890176991
43212,206.441178771371
43213,207.49543436086003
43214,122.38710519723516
43215,217.36225104676598
43216,496.46817133865693
43217,757.8179497551234
43218,205.1751023864038
43219,260.93764590549677
43220,644.5771433664856
43221,384.8845666446402
43222,143.6356556240323
43223,148.00747232970522
43224,153.41216699961237
43225,154.45093153994293
43226,241.32641293415767
43227,220.13800544613235
43228,178.2988140438427
43229,189.50920803307542
43230,243.58304837954495
43231,152.22012725244034
43232,559.3865229296335
43233,237.33484490602567
43234,599.5774728077853
43235,220.90777657049725
43236,344.19996934964627
43237,321.798291074842
43238,232.16180086130728
43239,146.74933954152448
43240,940.4466000049805
43241,597.1717676452328
43242,375.9800016674674
43243,231.37979002307472
43244,175.55644371594212
43245,323.7418471842508
43246,370.7381677865999
43247,176.3707041387318
43248,498.9185335944175
43249,1083.92700111647
43250,192.59819652121362
43251,300.99263814421124
43252,383.3250210284898
43253,205.82427271339753
43254,443.9934202706848
43255,340.07835719485666
43256,227.84018160272487
43257,181.0690773243513
43258,304.6061665931506
43259,217.92269511776377
43260,163.4190990172861
43261,183.10919451070998
43262,207.05978522089413
43263,443.70041435154855
43264,408.1579930193928
43265,227.3316685663802
43266,127.83024490253511
43267,149.0643311894562
43268,342.02515106429126
43269,269.323373926795
43270,251.3561207495869
43271,410.2885958189134
43272,709.9776726237271
43273,334.9806187325414
43274,147.04123350842883
43275,644.0842426148185
43276,142.2993331294829
43277,234.22481531972795
43278,164.20100521650767
43279,265.6270148119302
43280,236.33445743955212
43281,439.3587096493769
43282,232.28147710940152
43283,161.88572455330862
43284,127.7475878613059
43285,170.83038789655063
43286,133.67223739705017
43287,200.16469511425515
43288,88.8963710644927
43289,166.32703126467388
43290,236.6704324941826
43291,411.70589737872723
43292,927.9174743392109
43293,186.75637449102936
43294,237.47121112751148
43295,180.608463551618
43296,266.44928899810884
43297,512.8329862806122
43298,388.40295250432735
43299,528.382820660481
43300,240.67371693474382
43301,809.215469324857
43302,274.0679087191608
43303,201.87522943943853
43304,362.2033947113824
43305,247.45737984523456
43306,235.60482803005112
43307,370.30016663527755
43308,250.24846304899864
43309,178.07177209535146
43310,247.61374296368177
43311,290.60536773898207
43312,214.7983700026914
43313,523.1508748353732
43314,385.5203026958496
43315,350.7079299226314
43316,280.48103260338377
43317,242.4756920176104
43318,164.8320412065748
43319,172.72134674051318
43320,101.32637193023126
43321,205.16865201504686
43322,962.7863507442228
43323,248.05342282785134
43324,266.2467604918006
43325,131.87690632767746
43326,154.85546527421832
43327,253.22174648697714
43328,315.88407933984405
43329,253.68723684539242
43330,685.0316710892077
43331,215.48822191779863
43332,216.35785112668458
43333,117.17992549598547
43334,213.08053229453753
43335,113.37064471518536
43336,194.8416471951702
43337,164.51808240750816
43338,412.2508450511844
43339,229.97672554659437
43340,251.78880508681883
43341,216.05265028461733
43342,190.2308894662267
43343,152.5883272253876
43344,1303.4635652391287
43345,264.56540237232963
43346,208.86169518078833
43347,494.00497939423167
43348,142.483812238248
43349,155.52670764203427
43350,162.49576482151093
43351,185.79949979189
43352,209.92168589639076
43353,236.9357552720351
43354,300.6590093536354
43355,240.702215330023
43356,256.6846977961449
43357,226.80091151211457
43358,328.1384252832106
43359,348.16638815557644
43360,86.08994046293897
43361,222.02193266650178
43362,130.73789691317774
43363,303.3642499273169
43364,156.56164618100607
43365,224.39549696890327
43366,269.3995667766641
43367,137.42397599855371
43368,190.99231591749555
43369,141.3914019661593
43370,854.7553152060098
43371,244.97423976287854
43372,305.77234560735326
43373,287.32638201929916
43374,233.8652444335932
43375,287.8904848145686
43376,138.74995465165094
43377,191.76537203653956
43378,164.6383819548948
43379,243.01841332604022
43380,366.0426852505577
43381,451.0345388590702
43382,364.21056456626286
43383,448.2043285486397
43384,149.16504484921285
43385,321.9460984673645
43386,496.9218495914323
43387,318.933629995266
43388,242.32188329226136
43389,234.23246428212153
43390,333.4963687079019
43391,247.181272463324
43392,613.1414319506268
43393,210.6210748643179
43394,241.1864130409966
43395,282.1144060150286
43396,166.29834235992953
43397,260.55108690480597
43398,201.58923570233497
43399,207.26003045875007
43400,414.9502881741691
43401,138.07101428347278
43402,229.21661541991182
43403,401.39902605168686
43404,662.9320516984659
43405,171.9849248199294
43406,220.76483417139136
43407,151.75079445868423
43408,164.7526799457286
43409,775.4867841891615
43410,464.9896226518024
43411,530.3725973719459
43412,376.50951505872166
43413,191.36834321459955
43414,149.05755125199886
43415,399.73081335578627
43416,501.6768314932357
43417,317.83153961969145
43418,141.90914127177138
43419,204.0845737169774
43420,217.43976391156338
43421,162.69036287190832
43422,265.9979887660841
43423,211.49742495078792
43424,691.8239483403511
43425,170.09429455133366
43426,697.7401948296665
43427,180.87716338660834
43428,237.03483729222188
43429,253.32304460493106
43430,386.9212961419293
43431,184.70657663654714
43432,530.3285050734358
43433,371.075469100716
43434,179.44143863148247
43435,220.79110202867443
43436,277.8661412162607
43437,390.9684712771938
43438,315.19261493774303
43439,153.6652221596461
43440,189.80618633667945
43441,515.9386276048956
43442,258.02565747191034
43443,177.88783743092742
43444,243.03293055758752
43445,368.4110411452085
43446,223.83343053825297
43447,169.79814248762338
43448,196.46484721958538
43449,219.0505752205111
43450,370.9620596891556
43451,227.48857778326195
43452,116.01135619078093
43453,250.30375446440405
43454,272.6567570796259
43455,367.71429338793644
43456,140.54358492074405
43457,230.5065925053539
43458,316.40596056800985
43459,161.26842356542136
43460,635.8701883673848
43461,137.200302874513
43462,154.71311080560392
43463,159.3577199488048
43464,357.00092609978975
43465,200.7524004250598
43466,263.1915999415437
43467,535.4223256874571
43468,155.85389076519618
43469,404.0830628393267
43470,134.5480397190863
43471,203.59861005705523
43472,369.04926677363727
43473,1069.159209010457
43474,952.1602164546514
43475,153.68623221263837
43476,184.78616231902117
43477,272.3271545879393
43478,206.76241134677036
43479,195.05609544806907
43480,192.54611554316853
43481,252.21690183088197
43482,210.23010272333389
43483,151.48169518978358
43484,156.9766994324347
43485,120.35195844288876
43486,385.49189623512154
43487,148.24944046372724
43488,221.69640292571466
43489,475.6456302492909
43490,282.11985115490467
43491,214.684250175139
43492,163.27344171915203
43493,148.4942178372555
43494,235.9291704174988
43495,199.42424641811192
43496,230.13782264666543
43497,173.99006534718916
43498,356.6602649374257
43499,525.2095910005949
43500,248.77317118882297
43501,228.04209727547905
43502,381.9256702824841
43503,123.69102168296901
43504,152.60194762769268
43505,461.9301375091902
43506,360.83105855029015
43507,537.1200892130375
43508,182.94343825519744
43509,162.60625202568903
43510,543.1844965628565
43511,128.37098192781275
43512,195.62235901846515
43513,193.98601943827833
43514,240.30077858678038
43515,582.4125727994549
43516,357.0906777895806
43517,227.6983242406644
43518,450.84362878579043
43519,188.9921271897705
43520,220.5462559491398
43521,765.3633739383034
43522,496.46628786573496
43523,202.74718327764032
43524,121.88822502577027
43525,168.78853853906597
43526,375.4333053379489
43527,1410.9430847674396
43528,812.8412368336978
43529,198.6463249661151
43530,446.42203508998364
43531,385.5122808511332
43532,170.77409069218209
43533,183.02914033574447
43534,368.34726537876605
43535,1294.163606703276
43536,194.6595327450095
43537,253.4790444967586
43538,750.3905661059069
43539,192.51175902449395
43540,341.05038040302503
43541,245.346876577385
43542,328.6793300456784
43543,250.52645342824349
43544,290.7866449123359
43545,398.3622722868113
43546,137.83084610377526
43547,269.45839272536085
43548,561.8501355497365
43549,376.99038872946545
43550,176.46418931972974
43551,369.3663006474269
43552,284.58696330814087
43553,370.9023607587278
43554,197.88951549749382
43555,209.57638154043764
43556,1935.0030366148428
43557,532.6685581274087
43558,245.35586539634264
43559,262.83918436675026
43560,202.8574306598391
43561,337.47164534856495
43562,378.5352121297953
43563,356.7347720094189
43564,797.9054504810418
43565,197.12208037945766
43566,367.77717879665187
43567,381.48995047888167
43568,191.22747371412703
43569,232.3191650701053
43570,373.31947348779164
43571,217.04549179903853
43572,250.8138452760443
43573,516.9882791364264
43574,351.48895809405747
43575,245.44953408576328
43576,142.8020204275303
43577,599.8025715458612
43578,289.9607543787259
43579,198.6280909506466
43580,195.62479002886178
43581,151.11057513719763
43582,190.3017748527535
43583,387.27303255495957
43584,135.5696067983973
43585,126.827976890605
43586,153.75158556010786
43587,236.91621817197245
43588,328.3671651046831
43589,266.77660912187855
43590,544.1801991059632
43591,389.3001253955839
43592,219.2524479198631
43593,164.17141780092916
43594,135.69980040240802
43595,472.5881891780274
43596,340.27551506593073
43597,222.7136340658381
43598,286.25918137427476
43599,434.66560588091147
43600,310.36339334052667
43601,138.77709641251005
43602,1802.953292995846
43603,153.60633295639514
43604,166.25412138224107
43605,175.01595738420843
43606,189.70095367455536
43607,456.2167008455794
43608,135.89824230427774
43609,122.41359315649626
43610,144.3349482514913
43611,112.45794636931694
43612,305.0631089368891
43613,189.39873337428043
43614,586.0877355097047
43615,289.5842495142797
43616,504.8480064427715
43617,276.84855037435403
43618,212.11311965504729
43619,258.0639530993924
43620,150.2030662370546
43621,216.93650850546092
43622,310.3775960934867
43623,419.66054218213685
43624,505.3872412177796
43625,861.3136359521318
43626,149.98407475962082
43627,269.5123304058906
43628,159.09678111382578
43629,140.99956808060915
43630,390.84005798616596
43631,285.98233034061633
43632,159.30539364182968
43633,536.1730760621614
43634,306.87949692790863
43635,216.17090633581478
43636,163.97564507971396
43637,415.5332954392298
43638,375.55776896887085
43639,269.28989894839816
43640,220.85012181341583
43641,148.85191309339908
43642,333.90005813429656
43643,190.9837913703446
43644,274.5915581581646
43645,219.0329599356595
43646,167.18567608606565
43647,451.5790566844426
43648,382.3485716344728
43649,220.47960012546994
43650,234.73632744256037
43651,150.33013309164332
43652,857.8497927048072
43653,462.0905238586361
43654,422.8903256925522
43655,347.19717379599774
43656,231.66505389609284
43657,219.7396925067976
43658,527.0535176089614
43659,135.50954105566385
43660,195.9467987630297
43661,235.57138797262672
43662,183.0783344946886
43663,324.953429238349
43664,158.8848060016283
43665,251.15022022381496
43666,258.16793956558104
43667,397.74410317324566
43668,319.1731721833163
43669,230.11678221731466
43670,436.5183616734524
43671,587.142934888914
43672,252.4629087922228
43673,261.8180919610454
43674,1104.6376642599294
43675,296.1022818496308
43676,146.76458278971708
43677,1372.4146367749079
43678,159.6650018712726
43679,261.81262861157916
43680,946.2221180757855
43681,138.622603334208
43682,127.84687011092606
43683,250.83683419669214
43684,148.48638220892698
43685,238.5316188097173
43686,196.45471114878754
43687,170.23332322131998
43688,1156.682291796921
43689,370.78448017947625
43690,335.28206264554365
43691,404.40208563143693
43692,352.6238622138923
43693,150.50415184861922
43694,132.14905722949013
43695,263.5346401323508
43696,499.7870680505826
43697,241.86705809237145
43698,191.0419564427656
43699,382.36690623019547
43700,243.0353379803197
43701,99.11654750099713
43702,130.95893508147913
43703,388.18557250031
43704,569.250149411981
43705,335.1890608475998
43706,361.0322717812549
43707,244.30587201411927
43708,239.26969976979856
43709,295.5712166556173
43710,408.7878746099024
43711,242.1033789853709
43712,379.56802831495855
43713,159.73795950102078
43714,226.6641371478731
43715,141.86146548806317
43716,214.67724041856405
43717,216.23602750620657
43718,185.04792200774276
43719,164.48564880272878
43720,347.3991219262067
43721,175.2377872657497
43722,264.58293603505575
43723,220.06834257019932
43724,236.48359287385898
43725,296.26264899774174
43726,266.1395760021025
43727,275.3321086561341
43728,269.9457955424266
43729,238.64205940220666
43730,499.161172442304
43731,257.08913286999524
43732,171.273793151925
43733,705.8982395168485
43734,266.2154405215897
43735,261.9150753853873
43736,225.04435628341503
43737,290.6482925490939
43738,299.4241369796732
43739,161.65842023201336
43740,281.4889612097917
43741,161.49887686203226
43742,819.5248013089846
43743,571.6804499047396
43744,273.7633773567787
43745,182.67442881868257
43746,297.0629447386349
43747,263.02838423042687
43748,345.7945595284645
43749,193.63558380030216
43750,230.95853565619095
43751,191.0731077221312
43752,292.88768266383744
43753,156.9802234781656
43754,132.5046305893667
43755,259.94378350780676
43756,177.37627757317907
43757,364.52521550006577
43758,495.57293621066503
43759,237.2384222922747
43760,136.57154584373532
43761,179.75676259496532
43762,140.69846545047218
43763,597.1281088890446
43764,395.1958200514516
43765,353.84624449295836
43766,170.11118814265666
43767,162.2200673330428
43768,341.78443668445925
43769,179.51829343664286
43770,541.6768939096881
43771,429.01592797360564
43772,241.74162856892684
43773,183.06916889697266
43774,251.54398136126156
43775,352.09959171790587
43776,338.9635741391639
43777,161.65191540732707
43778,625.9101068570277
43779,472.24854207092545
43780,363.6076840964758
43781,178.81880194828037
43782,174.78840962500672
43783,242.08576072830422
43784,169.22753384466012
43785,274.60525248362563
43786,198.0682940576898
43787,174.77330546367062
43788,257.72858805369475
43789,252.02716245812863
43790,145.50056376800305
43791,122.6444610324667
43792,225.78225932507303
43793,190.65574576560925
43794,177.05876094271088
43795,649.7502678871787
43796,190.09846617552012
43797,396.9200903359798
43798,570.1671582891706
43799,241.66328434060534
43800,898.1889667551817
43801,253.49075127353447
43802,555.6056004466384
43803,516.853652840147
43804,265.6610325967237
43805,318.59622622938326
43806,287.81055362244234
43807,137.8233311373061
43808,178.4564263302121
43809,796.3205230201868
43810,202.04940975343348
43811,180.90415762106255
43812,380.7462105104711
43813,322.0233725566649
43814,232.35034650415201
43815,266.2562659147473
43816,379.57111359603687
43817,186.21542827397946
43818,260.08585180943913
43819,191.7992144158944
43820,214.60650187662122
43821,178.7429425411793
43822,1234.9793573536267
43823,506.2131300243589
43824,372.278391324434
43825,207.8995885248977
43826,230.6435447232056
43827,1444.6377858004018
43828,76.68371359546795
43829,212.36203079206447
43830,299.29233155090196
43831,279.137461336707
43832,318.1520867359601
43833,198.04553963884035
43834,150.16370667382418
43835,160.56393362073527
43836,472.68568980935055
43837,146.87188704669833
43838,200.68107391868895
43839,211.46635458752812
43840,547.9241549893094
43841,293.33692980939463
43842,179.66092102641824
43843,1589.4989729972995
43844,189.06639664978672
43845,237.3053890871499
43846,287.40778356301104
43847,314.53867182822995
43848,371.8226498199361
43849,241.10509811309478
43850,256.24147693657676
43851,220.50917118993834
43852,241.90126743937424
43853,351.8626939075763
43854,361.3863217788425
43855,242.90032956719023
43856,209.44188706904086
43857,501.8776926015263
43858,182.74900302492566
43859,472.6951384035449
43860,163.32053161057465
43861,269.835703484893
43862,383.31015553200604
43863,1194.20873564007
43864,261.8030381975054
43865,266.20593192547636
43866,197.70556859685095
43867,203.48476445401525
43868,461.3702304285375
43869,178.5822029633765
43870,372.02722722036435
43871,221.07533818485257
43872,178.6593420834409
43873,201.5832824970388
43874,336.4537115185039
43875,150.7845407182671
43876,430.8016501099725
43877,870.5515302469358
43878,284.24650118001534
43879,148.13705808045853
43880,396.57247316894717
43881,448.38880347954995
43882,188.40147155803908
43883,376.4853884783912
43884,203.61413870053138
43885,251.84479227213558
43886,376.27706209924276
43887,254.13961933120171
43888,207.05401961271397
43889,251.4279325317012
43890,210.69593176291727
43891,366.5345095064716
43892,191.73055982922747
43893,259.768124668689
43894,364.2369101581905
43895,111.76120985541847
43896,205.27703583789923
43897,197.85975007824578
43898,344.3851228657224
43899,184.89202908482488
43900,187.21433876678805
43901,212.9318609826862
43902,206.45022732421472
43903,351.15034922450934
43904,415.1326473632785
43905,205.4359856101513
43906,200.65269783493017
43907,209.98546152873956
43908,170.33334532342948
43909,165.74415596999305
43910,207.1187231039173
43911,160.41672882421116
43912,142.78027945296344
43913,150.37744006257154
43914,344.50332097950906
43915,383.70384679239356
43916,200.35085844491832
43917,249.6611503654918
43918,230.11158197840902
43919,656.9303387500388
43920,225.77379284903438
43921,145.54353717653973
43922,295.66639849487353
43923,222.64927107162856
43924,257.7798669268088
43925,136.26596228100695
43926,362.0612083625846
43927,191.5844902406448
43928,379.0658462713613
43929,162.29254918003681
43930,226.36295607838144
43931,132.96330228002114
43932,593.5564574219482
43933,151.25315340450177
43934,186.16073433961466
43935,327.1056121593774
43936,866.9604386315925
43937,329.4685790852526
43938,205.7664005472462
43939,263.06848385842835
43940,4965.165020049703
43941,342.5044741472504
43942,172.0131039803176
43943,411.8607393571541
43944,197.19307175136544
43945,156.77602583410325
43946,232.42638957318843
43947,226.8520760405683
43948,192.3003913601951
43949,1463.4851953794264
43950,142.18614699038847
43951,208.82460774689966
43952,398.050401731041
43953,226.47925617840409
43954,186.46983443135326
43955,451.8589806113993
43956,275.2381223006236
43957,406.17232306041495
43958,214.91250873485825
43959,241.2527353448874
43960,738.9244279688078
43961,184.6864897482478
43962,247.001338475926
43963,159.75214062791963
43964,416.86372565389445
43965,412.36794654509123
43966,530.4402927840777
43967,274.1529693990287
43968,154.5598432200919
43969,197.33188557558685
43970,329.68409990041664
43971,165.56271851066364
43972,1029.5822858223703
43973,221.70266270633684
43974,184.35659795319097
43975,221.99965715245338
43976,147.05659589324202
43977,430.88307194315456
43978,304.92281832708346
43979,240.08555879440704
43980,347.0536943181733
43981,301.6974599535529
43982,409.01650620196534
43983,148.2348025277876
43984,656.1687177993595
43985,401.30007281680713
43986,147.22341196704673
43987,321.31953201844425
43988,215.23880864820129
43989,293.3447393541782
43990,611.3394522044672
43991,211.5510070500078
43992,182.32928492160548
43993,144.45789097312675
43994,140.289408698832
43995,355.5271158364306
43996,158.04138653540645
43997,204.62102441275107
43998,241.55710250752085
43999,180.4430119369443
44000,270.75681805781574
44001,386.42899287463644
44002,196.7353718802194
44003,371.77123384777065
44004,341.44293976994584
44005,250.22291426381366
44006,274.8346077979873
44007,493.8586236508303
44008,215.35310424410753
44009,344.2324745387235
44010,158.45912188594178
44011,321.9446779209833
44012,241.0279593889507
44013,741.0021454058016
44014,228.29996485318708
44015,203.11506291662542
44016,390.832789900778
44017,319.8081119810306
44018,347.5528267493995
44019,165.64313087783552
44020,125.55799810133063
44021,198.29799618053787
44022,971.3707040407002
44023,159.39937191480217
44024,284.3498411065826
44025,210.6461984367533
44026,199.5772138289103
44027,392.3605374892298
44028,233.19420039228964
44029,383.37006396294316
44030,268.7190255584593
44031,310.5217458451631
44032,393.4228901248187
44033,658.9162952467991
44034,138.9806541649274
44035,202.60533835972188
44036,218.8924392838257
44037,104.51959913758003
44038,252.26642887629149
44039,160.4449465707093
44040,334.7026728804116
44041,450.2609267457514
44042,170.1806056084238
44043,157.40928751157634
44044,197.72193802285878
44045,239.64981756452698
44046,333.088525861593
44047,213.8617724705875
44048,331.39064493508397
44049,164.39343205687922
44050,241.25982490599847
44051,363.8950315452322
44052,502.9568017106131
44053,270.4489086403995
44054,209.5601516807199
44055,252.82755164052568
44056,410.48386343175207
44057,312.7194667326365
44058,444.2274322036857
44059,147.88298108609334
44060,151.73488664395148
44061,206.24986591989696
44062,148.31116210819263
44063,251.6749078294973
44064,377.0332276214376
44065,367.9560388022062
44066,231.11922407602032
44067,185.89271486331884
44068,143.5583791920248
44069,155.09369210055243
44070,674.5154471570213
44071,184.69522484027496
44072,145.09320991987934
44073,175.61811489071812
44074,731.2496321489398
44075,350.2773782946862
44076,229.94670649196732
44077,217.7896805092701
44078,186.25881621847245
44079,445.3144200827392
44080,171.52070122819265
44081,305.63793199837
44082,184.67411238366367
44083,386.87798050282294
44084,291.8804042073225
44085,737.9983379923893
44086,206.99057881554265
44087,475.2334658309979
44088,153.23555116851747
44089,165.69509081334903
44090,137.65762618012317
44091,166.01582165832724
44092,159.55875272241684
44093,365.50469305015065
44094,467.86690236399943
44095,295.44199287424016
44096,455.45779240208935
44097,266.7669734555877
44098,192.6818380086657
44099,174.4784596579381
44100,727.6902303791055
44101,127.35144537066061
44102,135.85850599216016
44103,661.6285191225256
44104,182.3146987658044
44105,252.8191304253497
44106,230.74574351542435
44107,143.99479092577477
44108,258.53292523044695
44109,221.53430527295885
44110,347.81918520574993
44111,249.2332621205593
44112,427.64765180201437
44113,297.24419607776895
44114,164.38741660420675
44115,209.75840762423454
44116,488.44263489437344
44117,169.42693520681928
44118,190.5967343496766
44119,226.61177506836893
44120,581.1529746227766
44121,159.75262021711097
44122,129.5608656996673
44123,398.28048387500627
44124,164.5176420829106
44125,142.43732098773341
44126,266.3000186588241
44127,314.42026717197206
44128,367.02887517262695
44129,231.72601363615152
44130,176.79057177298165
44131,342.5833122472299
44132,272.1035904492269
44133,214.94034165895033
44134,240.33857657506377
44135,309.29039522580314
44136,258.43022366603
44137,361.67447952680004
44138,224.42660303211932
44139,263.4659724620696
44140,148.69837531224292
44141,182.1204854748373
44142,302.922396786461
44143,253.06369736787371
44144,176.61047858282967
44145,559.24659052336
44146,411.5096759473624
44147,261.732240425927
44148,229.5170395839094
44149,368.7781947909917
44150,176.92442654718556
44151,596.2608797685347
44152,240.9824606482649
44153,136.828745795952
44154,93.96986386209487
44155,348.67578091500434
44156,164.65995430697936
44157,214.00042252185997
44158,231.0322579333825
44159,169.80977716199226
44160,438.898802461113
44161,259.5805507974091
44162,686.4947111063102
44163,879.1395454056054
44164,220.38346416570374
44165,113.82937510276905
44166,509.2245899332933
44167,302.6656068929665
44168,185.57448157964382
44169,245.82241947618476
44170,203.6581178158074
44171,151.5126587897015
44172,403.5814011807686
44173,352.0083840101366
44174,115.2393785514576
44175,126.98720813178295
44176,282.7024882822905
44177,166.83076399023628
44178,124.04245850115723
44179,305.87883028744574
44180,168.12580612517138
44181,274.7440955637718
44182,199.1001212098044
44183,291.3211148699617
44184,249.3774631903343
44185,214.53951746214346
44186,500.48289142140175
44187,409.9036402600879
44188,112.04353711051517
44189,328.6024933643663
44190,284.14082260764917
44191,237.924691444765
44192,369.31380461239934
44193,293.78153771605366
44194,252.48955384405383
44195,362.4694459737611
44196,482.4418948125888
44197,130.96780390253352
44198,238.3713778163322
44199,197.95992481133942
44200,200.65877753167493
44201,244.20631781730924
44202,1103.8798471333369
44203,388.31291271836074
44204,243.1282203593647
44205,614.1071920342765
44206,132.49146604107145
44207,364.0350844073915
44208,177.80362470964945
44209,105.75296632303748
44210,642.8039732048422
44211,602.0789298791036
44212,213.33625808965738
44213,148.95376192106153
44214,227.17313447059615
44215,427.3297478179622
44216,168.61046483114944
44217,384.8618481107
44218,783.8367983233752
44219,198.64055899375217
44220,239.51883340602927
44221,210.50584604521762
44222,209.4577824408209
44223,267.33372470817284
44224,161.39657999997726
44225,249.94229310583117
44226,489.024083726946
44227,209.99612381883458
44228,162.57866010581358
44229,255.41702999040018
44230,618.3135987331874
44231,304.4370185750368
44232,190.92231021614145
44233,498.20531932050557
44234,217.89714300951434
44235,333.6555807534771
44236,184.02927255000415
44237,182.23394939755374
44238,444.6184139997727
44239,425.613269133238
44240,176.68162737898692
44241,699.4011500523743
44242,792.0788412150746
44243,362.1625865398632
44244,165.57205043895615
44245,157.52506176554064
44246,325.6862354827025
44247,257.72743943965014
44248,173.6620261699627
44249,175.50720473080673
44250,139.70693794519235
44251,157.48487238348847
44252,274.75249229138853
44253,349.36987409025835
44254,426.1942698094292
44255,216.57325417702597
44256,205.3834873518803
44257,511.98548234399937
44258,294.67706774674554
44259,233.68610258721378
44260,167.4631363542394
44261,245.9242434748167
44262,493.39750988806287
44263,388.41578241220543
44264,192.73433404559847
44265,227.51328257476234
44266,140.0707354161818
44267,370.01242853164786
44268,219.98451244956902
44269,570.8153019039369
44270,332.1443516550673
44271,284.5682343377076
44272,162.56427490320507
44273,142.013068504828
44274,1126.3980202618827
44275,191.5825482579789
44276,222.10627202146944
44277,254.914125079604
44278,530.2231045763798
44279,287.4762296427809
44280,138.3625023233917
44281,189.96616937692048
44282,225.12715633568263
44283,166.42869880226127
44284,179.09901177394266
44285,303.4573667169205
44286,461.17875008882567
44287,192.54554685471507
44288,254.60985135987147
44289,331.2306676871761
44290,323.7560246292172
44291,182.15514472636005
44292,1055.430080452579
44293,276.41665723716727
44294,243.32963732963887
44295,172.45638117234506
44296,153.822422811461
44297,225.9587461452997
44298,157.93661601029228
44299,336.7117721876756
44300,172.65767377044793
44301,151.6804624298379
44302,184.21575901515206
44303,158.04221238551312
44304,239.71928714414017
44305,349.26017585837457
44306,211.32124343338387
44307,426.3198283721005
44308,239.5992729674091
44309,697.8841597211367
44310,205.1840464305537
44311,223.17013402640006
44312,335.1751659528431
44313,140.449319864061
44314,145.28545519479604
44315,196.70595647683507
44316,224.29049206326798
44317,231.80835658469158
44318,317.23480459680053
44319,176.54086929729067
44320,185.1616484165976
44321,166.0630194897026
44322,246.57384685862797
44323,361.3310617054239
44324,216.18971405325175
44325,248.84791728858028
44326,138.41018612756872
44327,179.96238909889837
44328,157.85864723153608
44329,235.20127586884632
44330,148.73682011517286
44331,350.35852900748597
44332,377.2534773085604
44333,235.20313129848427
44334,168.3580331555759
44335,201.5910150958841
44336,145.7745198467743
44337,820.6525660037728
44338,135.35933756077463
44339,128.40699139711987
44340,358.1357950583052
44341,349.5889636364079
44342,140.67898853604166
44343,393.8418523380249
44344,149.13888424613492
44345,273.20007358981763
44346,406.6758707451405
44347,224.52679544101537
44348,796.8551022538566
44349,187.61952903260956
44350,175.31969476467725
44351,975.2709982163793
44352,406.3883348898958
44353,153.54006724385184
44354,251.71414567631092
44355,155.935883768215
44356,255.38808671744766
44357,153.9082372119914
44358,305.8349949880869
44359,168.723304512582
44360,273.31280922805445
44361,126.24240908090589
44362,230.45991677038793
44363,178.6764569533255
44364,155.75844585167997
44365,223.96568899858843
44366,328.2263232991542
44367,143.9874120934307
44368,299.2923161114453
44369,252.58243972267366
44370,207.98600939664848
44371,240.43038401708498
44372,169.76791824599607
44373,246.19877618755493
44374,281.3635109103404
44375,1167.265017181435
44376,524.7335252279667
44377,122.09546917023552
44378,151.86295627584693
44379,198.6641966889241
44380,412.94471205920956
44381,217.47614607320773
44382,343.13739668526466
44383,151.44730962224133
44384,185.1099788080853
44385,187.38211611786173
44386,105.04853879888371
44387,145.90581507202802
44388,312.9430858188836
44389,366.72810363117605
44390,314.5882206309209
44391,227.00269350465305
44392,239.8811057321395
44393,175.68231736752858
44394,496.6868235872466
44395,225.52222416477366
44396,205.23933452917575
44397,300.9533765607145
44398,482.109701832016
44399,298.0370221817856
44400,453.8740197233289
44401,239.19851300597261
44402,277.9361203717811
44403,166.9238962734137
44404,521.155269255422
44405,349.6309594086706
44406,156.46914375748628
44407,758.2475938665002
44408,294.4539185772078
44409,295.11788074851717
44410,368.2025414484529
44411,369.7709857297112
44412,173.25400856247103
44413,247.0278364718582
44414,215.0805898085088
44415,366.4833480871023
44416,187.91112098021455
44417,421.2203568100037
44418,459.3324471739606
44419,425.77415089810245
44420,188.98524296573763
44421,325.0876028302024
44422,240.39994071902603
44423,321.7817000239859
44424,186.13336139828914
44425,198.21688280565533
44426,315.57128336955685
44427,269.37541063129265
44428,262.04039640872094
44429,156.9865786830647
44430,548.4040103305668
44431,327.8584739143804
44432,216.54452834202897
44433,229.2494504279572
44434,782.0619604920307
44435,153.23073941520084
44436,202.73898417332046
44437,109.4864259318377
44438,178.68457196920352
44439,124.43422194324324
44440,217.00115757414858
44441,247.77030122625752
44442,171.86237825867076
44443,179.42439700862295
44444,274.7615007156819
44445,380.02999120931383
44446,563.0453618660611
44447,209.25061448405575
44448,461.81218966538603
44449,338.8666898121559
44450,259.62831845320613
44451,263.9406048684399
44452,223.16776122579924
44453,175.29719333798056
44454,447.6253982436969
44455,248.10485658264895
44456,234.3154282354454
44457,444.9100477408851
44458,244.25924706628578
44459,270.27265162230464
44460,549.3591570407236
44461,223.36965181848456
44462,230.15547465403816
44463,1014.48105079166
44464,131.96176547918483
44465,404.4802299537443
44466,419.0093764073206
44467,131.79713199566888
44468,120.01099650587958
44469,266.96365198999877
44470,991.2566194860474
44471,511.8019120843006
44472,343.2567413615388
44473,411.5562584384845
44474,134.47524488940326
44475,162.84673353493966
44476,231.49621477623185
44477,192.17102026018966
44478,173.29842380964726
44479,227.0493857708756
44480,170.8752813142864
44481,395.6106464645741
44482,422.9439930101128
44483,211.69166818924867
44484,225.35833350979576
44485,228.0498253987634
44486,273.94253149304365
44487,221.50313543461664
44488,304.5269100257389
44489,270.61211241175016
44490,353.53960505530875
44491,205.50254700341142
44492,201.96905820835616
44493,260.57938790738916
44494,268.0030946061395
44495,379.01931976836215
44496,157.3956588245612
44497,120.2128029833671
44498,351.9937069333598
44499,228.53092726926195
44500,458.72422171067626
44501,368.0300604385422
44502,268.44153328056154
44503,229.59948448323274
44504,149.74108316553776
44505,117.00629340181169
44506,552.7904255190092
44507,203.33698817346377
44508,251.5401479740882
44509,311.5856299576864
44510,234.73388874795373
44511,191.06760869433475
44512,353.0158281826981
44513,185.07057985686674
44514,539.9953143239244
44515,420.064098193353
44516,175.48391152138552
44517,285.0580111762141
44518,127.34289393284905
44519,214.174621243778
44520,220.2657147267853
44521,163.70504773162375
44522,170.98264981866203
44523,210.82956587097448
44524,355.6582514097205
44525,300.65666095988814
44526,336.445559144397
44527,406.85002846210534
44528,386.05665002381704
44529,315.66636526907325
44530,145.7651793513941
44531,171.642292719485
44532,160.92389972666948
44533,226.9071071231854
44534,217.91182603662097
44535,248.7983114317763
44536,267.7988462091159
44537,250.62424835437054
44538,378.4293082342439
44539,367.2952306087292
44540,218.31780727651773
44541,119.76451626375176
44542,295.03700813690523
44543,196.11806714512645
44544,376.9631036118955
44545,231.17722693975958
44546,227.65461163643684
44547,191.52190447143317
44548,457.67541124265256
44549,143.52173848747552
44550,601.2745057271569
44551,559.029074457339
44552,239.0612175991811
44553,219.77515668998763
44554,912.34103009654
44555,390.6250479874788
44556,178.77223680493057
44557,198.98711631118547
44558,487.6393161242533
44559,208.59471594704644
44560,270.13226929442317
44561,237.5771829390673
44562,199.31203394645456
44563,270.22565590274286
44564,595.7329534108266
44565,157.74171340253022
44566,161.25512296921107
44567,303.78291579572294
44568,393.5276361983514
44569,311.27733856790314
44570,190.77895410009586
44571,147.78968821819427
44572,156.8706322989464
44573,384.2290820684966
44574,182.3351844434212
44575,397.03205984886716
44576,151.792179493744
44577,369.493700164204
44578,445.8318484427843
44579,316.84592303774633
44580,165.7403337860578
44581,190.25587408067997
44582,381.3834117534989
44583,169.46562659553007
44584,233.65087656999452
44585,179.34490917718486
44586,699.9106549672115
44587,214.2503608035219
44588,206.10129749090353
44589,155.99904341454734
44590,396.1832544694461
44591,312.0665101286226
44592,230.59941740999128
44593,153.81764542716962
44594,185.1814763269792
44595,231.55315710169057
44596,224.77999807470476
44597,330.11222170885264
44598,321.3485743912317
44599,261.8347125913183
44600,225.00830012593028
44601,147.23935251055516
44602,220.8632074289925
44603,205.7180725412237
44604,208.5148165507608
44605,201.32768220743722
44606,329.48200350564287
44607,653.5006547767676
44608,137.2514728400686
44609,445.74769499831933
44610,941.6720935727284
44611,285.8906731801596
44612,231.55213818335196
44613,167.60905208465513
44614,257.0819425154865
44615,160.75771277879505
44616,290.6886776071024
44617,256.0957963665321
44618,274.30075884418176
44619,164.2752554994334
44620,240.054456235849
44621,288.5674662891605
44622,239.84919832827336
44623,326.86771549805246
44624,180.92168544718612
44625,416.83480840340343
44626,220.32755600221145
44627,359.2386737785133
44628,489.80469136549897
44629,156.29735750559848
44630,388.0577407065266
44631,402.0571737753637
44632,167.7663788261504
44633,172.26104373767308
44634,177.7460137153896
44635,90.13438813036456
44636,248.203983393154
44637,242.17927462790252
44638,165.3622435691114
44639,314.14407044252823
44640,181.5649333517785
44641,184.43677180034263
44642,217.62552950956146
44643,289.60235975895716
44644,194.79943810600852
44645,295.05062508685336
44646,254.78717995607443
44647,120.58467558243953
44648,227.75953938339373
44649,177.3951567551902
44650,196.7748778092283
44651,233.28507400025484
44652,318.16461043322425
44653,222.51902081394945
44654,240.27714531642508
44655,374.3274108340587
44656,381.7108412207939
44657,317.35605246454
44658,233.48688009283117
44659,145.98297168288246
44660,304.6810682472105
44661,726.1781596036684
44662,176.3569409013979
44663,231.71925538757714
44664,385.85287058585766
44665,140.23444463211982
44666,133.8226900488599
44667,515.91543612486
44668,156.596001275718
44669,194.89886915027103
44670,361.20288173574033
44671,163.5298752225079
44672,125.46508948738564
44673,506.60869137466216
44674,190.7644987456068
44675,346.91200535499144
44676,191.4960539669777
44677,220.530817694424
44678,209.8171236866276
44679,165.6610703877768
44680,276.0828731956315
44681,168.04083890213025
44682,251.51102855766018
44683,195.51372284305342
44684,136.98460397911467
44685,287.8888135704059
44686,261.0424086489009
44687,150.45577934476097
44688,986.2600061549376
44689,414.23299566726814
44690,268.76320550452
44691,432.6073385247268
44692,434.839563143199
44693,151.03338565585452
44694,207.7294511807217
44695,162.63284648679493
44696,301.02042545869153
44697,218.1722467999399
44698,224.60585675000908
44699,234.75860363370222
44700,165.01937057264072
44701,326.89178280767817
44702,317.27255045594524
44703,423.8087570088949
44704,458.61718254141715
44705,146.93344884673397
44706,165.58406972625232
44707,214.8989480522884
44708,148.94814005800356
44709,391.5459264946876
44710,227.83359633449453
44711,366.3875766856472
44712,212.72275263300043
44713,249.4591489471166
44714,253.72919026832903
44715,340.1790503001271
44716,267.39687058746836
44717,113.64581693781439
44718,146.39634898244884
44719,1167.314788526125
44720,341.463715786257
44721,282.95778477079915
44722,205.64212231637438
44723,199.56127644961836
44724,186.01521185600774
44725,169.66838310435594
44726,433.4445779778655
44727,324.5085628047973
44728,545.512513289714
44729,252.0991231930817
44730,286.441745831399
44731,135.77378674096377
44732,132.2324034032163
44733,284.11585849511704
44734,236.95209545882173
44735,171.18648889828148
44736,188.6283262277548
44737,339.55881223202135
44738,257.6195551656537
44739,513.9772370385522
44740,199.2418157502333
44741,403.51839128128694
44742,936.6109770525964
44743,207.25133757692961
44744,140.00538601623586
44745,399.8160227357117
44746,118.26082698713859
44747,327.31100941667904
44748,263.750821115555
44749,301.3296307786122
44750,161.78513457097588
44751,219.74946620430777
44752,159.40615142850916
44753,232.1595174395522
44754,287.7014475979937
44755,240.70948723285667
44756,254.27754297906307
44757,356.6277266569729
44758,418.2637057765645
44759,170.5634157168751
44760,347.82262040431584
44761,255.8155839240275
44762,1514.2107285844622
44763,302.9456227065062
44764,147.98761815448904
44765,333.18952924876066
44766,198.95486684370016
44767,1028.7604686147863
44768,164.77069107839122
44769,529.310176635495
44770,486.8605679271981
44771,209.27731224665553
44772,250.08425917890202
44773,269.0518813351593
44774,195.66863263835702
44775,227.18688309235753
44776,257.23123242961805
44777,256.9765849521635
44778,169.31604543919514
44779,254.13335950424909
44780,722.1588078337087
44781,295.3380181408297
44782,388.72833028064264
44783,203.4073738138127
44784,304.0136401944814
44785,158.72872428928022
44786,250.78262147930792
44787,363.1958811046866
44788,257.33614725694287
44789,1120.6481594228712
44790,261.85684276656633
44791,448.49122670359486
44792,282.17167971127986
44793,242.67559222204034
44794,330.0429845090832
44795,290.9021473162667
44796,769.0881235563284
44797,271.6326669361176
44798,921.3461747990827
44799,172.2485617425915
44800,235.5682137289836
44801,168.65764499745424
44802,905.4917537692935
44803,299.7433171006689
44804,693.8860221765229
44805,636.8443021051723
44806,186.96038909620592
44807,151.22356508257081
44808,252.61238120140192
44809,404.46180555565553
44810,368.6598546283665
44811,167.34808626367058
44812,173.5945319318436
44813,1393.6417129214785
44814,200.96286987219528
44815,321.9385917387221
44816,680.454135351887
44817,371.25083578407333
44818,221.90002641800876
44819,222.56672453233372
44820,1061.8073239304058
44821,325.66631165488576
44822,381.4600471892141
44823,198.922633072618
44824,228.9546208820488
44825,203.54987467446992
44826,520.3285412276635
44827,182.23853959124148
44828,442.73090077268705
44829,136.41403852914604
44830,185.8325787351158
44831,144.5108351497767
44832,161.9760751286299
44833,183.60455860274502
44834,184.10543083898796
44835,246.54224866564613
44836,154.57158827111434
44837,206.35295349763604
44838,375.6648869713082
44839,164.31003071582182
44840,211.02263581008947
44841,292.9985921329586
44842,217.90276950271226
44843,345.87047034557304
44844,231.37712050218832
44845,163.51532634191128
44846,168.62466124489464
44847,375.12495025351114
44848,165.37315596279095
44849,253.31446986328123
44850,153.66423870716136
44851,126.549041031839
44852,164.06251355093733
44853,369.6101696582821
44854,164.6992554497276
44855,209.54745347052665
44856,420.0418471395853
44857,754.2128208077471
44858,448.0808775945448
44859,320.7458982475148
44860,165.41926161057214
44861,345.99995585300053
44862,174.3296327288488
44863,160.91229498023174
44864,733.9638054785507
44865,140.35177818204733
44866,197.2539902538477
44867,290.09476897112495
44868,329.6724011101915
44869,138.0840909339155
44870,284.16326165651685
44871,309.4486305912987
44872,245.55695471221412
44873,154.16927929052468
44874,347.9390893114302
44875,188.00417230108377
44876,228.39721853924837
44877,291.0462490759569
44878,331.1639672412246
44879,163.85915774207055
44880,130.58157809238514
44881,140.44839511024142
44882,242.71537420061085
44883,484.3502097881509
44884,190.12248395018497
44885,306.6839465888136
44886,369.22508546060044
44887,246.63467128122343
44888,202.65602890548467
44889,215.23006630992478
44890,187.09061415300172
44891,725.5767127216445
44892,314.61509423315493
44893,200.340542290991
44894,249.23424412386078
44895,174.70120220105247
44896,277.3475725698591
44897,139.13622118505373
44898,233.90762604591916
44899,242.34827144401453
44900,187.69590217180618
44901,192.19027077559994
44902,168.71221390186312
44903,177.1171748051973
44904,910.9505262160458
44905,263.10791493755005
44906,250.667660270146
44907,200.65161553270175
44908,133.12205919095265
44909,398.82876619824555
44910,352.72232325418685
44911,181.3492614728611
44912,337.0324823990475
44913,240.13594216978035
44914,358.20888592531736
44915,310.2324996131323
44916,370.9711747428926
44917,252.23883144185388
44918,286.31746354005793
44919,503.6050462757561
44920,133.92627454454603
44921,416.4754587583419
44922,192.65505388694743
44923,257.19291406266007
44924,337.7979121482097
44925,410.7074200949496
44926,294.4411503166226
44927,195.0068510958235
44928,325.3369371988813
44929,163.0900692498272
44930,785.9715929903277
44931,239.97180031585998
44932,160.25959455179327
44933,164.82018366964144
44934,238.87183594673388
44935,190.82724373723826
44936,270.14078326086013
44937,552.2614114440842
44938,173.03511929515133
44939,244.56944741089467
44940,266.0318584469187
44941,221.86689200975292
44942,193.37304148708205
44943,429.579103744122
44944,248.60686988380516
44945,134.60342989144158
44946,411.604981838049
44947,264.19101759179904
44948,295.62441822843545
44949,205.71620003517867
44950,243.52001724326777
44951,150.0526815575267
44952,216.6997462391581
44953,174.90527541076003
44954,239.2370407281798
44955,252.71583784811122
44956,202.56667811333557
44957,241.2747155069668
44958,211.228387049282
44959,170.49188274975046
44960,159.1257161508661
44961,324.0159577703342
44962,244.25531891129916
44963,290.69476183621634
44964,194.29360005719187
44965,184.03562225684576
44966,207.64632140335524
44967,255.75305915412935
44968,218.42431000521256
44969,150.75330504159265
44970,251.91375279495273
44971,171.65831748926635
44972,267.9960218406465
44973,224.63222771449855
44974,209.1261849930401
44975,169.15838868919724
44976,165.23226062228014
44977,295.45283337733156
44978,270.76080974749357
44979,330.6028062923315
44980,309.0676243391439
44981,1144.4363943016954
44982,254.04533028659293
44983,197.06660046208637
44984,172.01252083705572
44985,778.1744954951545
44986,139.95355198110667
44987,140.73791445676147
44988,179.01264159919535
44989,266.6544968637029
44990,150.9687475347422
44991,171.44201567229314
44992,188.1308257686661
44993,222.80026580416296
44994,626.6046155025548
44995,890.833617019478
44996,456.3448260606352
44997,271.70012229744094
44998,372.5636275738942
44999,185.56099286935566
45000,177.6076917746096
45001,273.8291437423399
45002,461.808066060841
45003,187.5278244253394
45004,337.97245501662997
45005,202.9729758311506
45006,100.5690081161393
45007,405.52730976524714
45008,163.59260729769866
45009,369.6657645392679
45010,390.53692724656116
45011,194.18968892200144
45012,169.00215388811284
45013,244.28117667471673
45014,125.71498812209921
45015,250.1890431845413
45016,1167.292224837723
45017,300.8386284560015
45018,765.5934977933299
45019,236.3474511399834
45020,429.9880274562545
45021,202.26204514146616
45022,208.61250988466224
45023,331.3935077125534
45024,133.49580850520016
45025,810.9584259803045
45026,388.78650808995496
45027,242.14615031477058
45028,191.42780237490396
45029,169.6372152901804
45030,185.05716525840623
45031,260.3619275097325
45032,278.7878770036334
45033,1016.2581974056333
45034,229.11548233068496
45035,175.4492699064249
45036,209.34362816106562
45037,200.9154131775554
45038,410.61291796826424
45039,257.51610564428063
45040,239.00262597020904
45041,212.98608550841078
45042,189.86284003518597
45043,249.2650354935661
45044,177.62500915638321
45045,298.77586464468413
45046,201.5758914172422
45047,174.71447306389314
45048,250.64562303149913
45049,172.05044050413147
45050,1036.9136486712798
45051,332.72640006210037
45052,773.6630809163865
45053,138.332181582586
45054,105.47391096706548
45055,334.3880590681047
45056,258.1919622941557
45057,173.97254420405568
45058,200.9631714380833
45059,186.19743045817543
45060,523.2556073513247
45061,493.6085883704336
45062,459.6358103640553
45063,183.35215829713283
45064,191.50622349555104
45065,176.8638636800664
45066,260.1485073061454
45067,286.6113035256719
45068,163.2538612005339
45069,337.2257430337567
45070,218.5193116151475
45071,192.20732906637184
45072,242.99918866396882
45073,299.5655803394357
45074,261.4077458478536
45075,309.0246674163999
45076,186.09429457834176
45077,239.9923879716405
45078,214.3816478617496
45079,1078.8264632946277
45080,246.78861154418613
45081,243.44921405806593
45082,283.44006074206936
45083,202.0492317830732
45084,228.79369419133045
45085,176.1896933196752
45086,177.3775818722208
45087,173.77647615654877
45088,227.3106218873052
45089,313.05926968054996
45090,498.1551163928269
45091,312.33670855824295
45092,268.32146722528563
45093,361.66030574555066
45094,248.01730681942053
45095,299.43049166418564
45096,206.28546710910908
45097,335.7055392984137
45098,209.7896614586796
45099,315.36626030572546
45100,432.5734945599361
45101,314.3685649035987
45102,314.95292136634305
45103,285.3127459325132
45104,205.70230586496828
45105,183.59936596371733
45106,354.15450565883367
45107,827.9232136879981
45108,220.32197577842868
45109,217.21967134779004
45110,237.03990174519643
45111,131.85041305314218
45112,385.6605575181824
45113,256.1072874515967
45114,380.37089271819247
45115,228.46950409226494
45116,209.08495305154298
45117,617.7727719277528
45118,141.45811574908294
45119,230.14564029726776
45120,212.6521788388865
45121,301.5465129966952
45122,232.43462767989783
45123,197.99997297312294
45124,128.09349506872863
45125,132.96748132941357
45126,573.2009955868407
45127,382.87522994455463
45128,201.17414485944855
45129,217.3966936258349
45130,201.45769694350852
45131,386.25484623211935
45132,326.3264084447808
45133,146.87964018479855
45134,223.340408311128
45135,171.72250491091677
45136,223.8911349406651
45137,480.12638211749646
45138,182.6411055424756
45139,411.0473349578466
45140,283.00982379499777
45141,1209.5782550632355
45142,216.72819785863007
45143,302.3902095542869
45144,378.9946472067216
45145,191.23571523809065
45146,245.53011393381522
45147,112.5177972667276
45148,331.70381537696954
45149,207.9923807490725
45150,190.43570808075293
45151,237.0566616321289
45152,307.6382623787132
45153,371.2477824640293
45154,450.75647513295036
45155,455.26481858443356
45156,468.6906257194357
45157,236.57442604898438
45158,829.8712964963695
45159,170.11453760474177
45160,179.37038327772646
45161,132.80062320975088
45162,347.5564339221876
45163,305.4138894331331
45164,218.5655673448085
45165,277.96894269089177
45166,181.0267336190611
45167,750.5160867443478
45168,226.46494340045365
45169,850.6243652302759
45170,520.4366360818968
45171,120.06272209666719
45172,168.89719845792004
45173,1067.302007663733
45174,217.7625281072221
45175,196.40532960284833
45176,245.27408752701564
45177,282.94499065407075
45178,435.5201458203088
45179,247.52295810314916
45180,170.30538948490317
45181,718.3891928927571
45182,220.4808718031164
45183,384.8782737319277
45184,180.783018367632
45185,141.69136881367774
45186,238.86548847737313
45187,525.628985291507
45188,237.29098782570625
45189,376.6860699963775
45190,265.7561029488726
45191,162.62392648280698
45192,214.48261316496894
45193,634.1846110920217
45194,246.2299757993187
45195,371.4458704318171
45196,213.89163670782864
45197,165.50437113450243
45198,328.4067121666324
45199,331.699234397363
45200,218.53986084407825
45201,307.13331939750884
45202,187.86935178768005
45203,434.8226753489627
45204,406.8563626470017
45205,323.91227577706184
45206,286.59384545573613
45207,221.24129716498462
45208,266.4730959217229
45209,168.21941876776023
45210,171.2526641483185
45211,247.14618572007424
45212,204.21519326073394
45213,446.07199141006527
45214,275.4977611084601
45215,220.3233733624684
45216,133.99117678005422
45217,134.78882532294676
45218,548.9608991066323
45219,318.752433859095
45220,456.4560858876591
45221,199.84057580451696
45222,251.69387958795537
45223,161.76237540196755
45224,181.62318974547108
45225,170.7123382049092
45226,152.0691493465526
45227,307.32729278959914
45228,197.25462159194038
45229,274.6452078902347
45230,486.1168210971195
45231,213.3894562716836
45232,475.83332344900003
45233,152.46054448798006
45234,117.72512668480789
45235,193.48384133631012
45236,245.77436177682384
45237,142.46240607989375
45238,287.9422015324758
45239,168.1341820716232
45240,518.2192041665725
45241,190.52000438122846
45242,296.9822544453816
45243,194.19712967665248
45244,202.67385012827393
45245,256.3464407752624
45246,215.69172819021932
45247,204.22098510708267
45248,136.2948340787356
45249,242.17419431051064
45250,148.1739114840142
45251,192.5078985275105
45252,209.19793066742386
45253,258.47581635989525
45254,158.4916358587239
45255,157.70982280432096
45256,137.04612982829462
45257,214.3522143670572
45258,207.6613462897906
45259,221.52250854573703
45260,259.9465595811385
45261,175.73980865380113
45262,202.10807030876748
45263,106.82521808086507
45264,307.1085278123257
45265,167.56812017434362
45266,126.50848087545177
45267,212.57036812053946
45268,407.21577300065394
45269,916.3922664833283
45270,370.3287268688321
45271,240.092970483734
45272,237.84180989527226
45273,377.4176599419591
45274,494.04750127283995
45275,176.1281560400601
45276,481.9796450254427
45277,328.10379474159475
45278,623.3521012645205
45279,267.0943441886025
45280,208.61916157502984
45281,150.11240964887983
45282,220.06800446954557
45283,420.8933945532835
45284,370.4770521162369
45285,266.3129710296067
45286,141.76539485662383
45287,120.57094212612952
45288,301.84675637653567
45289,211.0953410323127
45290,251.77754014056617
45291,214.54447162578882
45292,213.11053332387254
45293,359.4647560332765
45294,584.4223663417625
45295,176.77074516039167
45296,180.80404126665343
45297,296.2216178597665
45298,244.70888541340415
45299,167.67274970278933
45300,256.6097989470314
45301,221.95807508974235
45302,256.6595616867529
45303,158.34669229881078
45304,311.4807706469048
45305,304.0917320639672
45306,1160.3879585658842
45307,157.0888283188995
45308,642.5530640479444
45309,165.68956743116465
45310,319.9962296344929
45311,237.55120130935006
45312,343.0091409314173
45313,227.07779847896705
45314,194.17671626670494
45315,164.97894811649317
45316,696.7704995668568
45317,362.8420032928301
45318,860.6640561076107
45319,217.281918689979
45320,229.1467691222372
45321,384.0148376340317
45322,257.2369847892131
45323,115.16920707485733
45324,519.600253384549
45325,1059.3511196714526
45326,179.50463320223867
45327,223.38722543474623
45328,167.13972869754483
45329,478.640926331143
45330,136.74105966758958
45331,347.55157614001166
45332,240.36578200668976
45333,225.6442450332324
45334,379.96311808629747
45335,217.93605379458177
45336,239.90254997200702
45337,264.44493215100323
45338,164.0853986561787
45339,160.37227390633143
45340,412.16072022017835
45341,179.3625312392713
45342,183.01929593264546
45343,267.4949116455391
45344,265.31469925309904
45345,357.1161891743381
45346,382.2007561618899
45347,215.38660128114162
45348,176.04015294616246
45349,148.67079309935258
45350,298.5863794320612
45351,192.96604540303545
45352,138.21046900689905
45353,221.58838003743094
45354,392.0241910812751
45355,296.34468438125646
45356,232.72258090074874
45357,195.21167067676012
45358,146.79404063093938
45359,146.47967022886166
45360,202.7685522208743
45361,239.17525731802607
45362,268.520186035466
45363,466.59018693274174
45364,340.3636296416196
45365,289.5206744242389
45366,287.171949050617
45367,243.54804425442953
45368,386.7972878735502
45369,206.52325106607398
45370,299.7297443873361
45371,184.88277697934188
45372,209.25059533993903
45373,436.2698991733646
45374,321.51241949814556
45375,417.57207704622925
45376,222.49858650554268
45377,373.3965145778504
45378,294.20024566190466
45379,281.82185722959275
45380,209.19973317988993
45381,232.83409103890907
45382,110.5385799909157
45383,257.18755704770933
45384,249.5060809049265
45385,255.35725986290484
45386,209.17560845228599
45387,168.4152211538989
45388,216.44811185691452
45389,199.01369313464775
45390,218.57814089328073
45391,1011.5428777177702
45392,217.04062386646223
45393,277.4039110367372
45394,287.7277335928772
45395,234.6795409061224
45396,356.7619076860022
45397,146.15692836723764
45398,711.5764021386778
45399,676.3359950252357
45400,345.46725543501424
45401,183.1969553718667
45402,899.8169420763772
45403,324.2950360969008
45404,366.9238372247844
45405,187.82345132517557
45406,336.88664642921236
45407,192.59285684010646
45408,176.38652421907426
45409,219.62240965959705
45410,268.4360810721661
45411,320.4425355950761
45412,391.6432934545025
45413,414.937876241283
45414,312.45210847321243
45415,146.52504754106297
45416,168.78802663246444
45417,177.6007157283181
45418,148.57402157668653
45419,231.01280252834556
45420,309.1445574268131
45421,1112.507587950731
45422,448.64376324155916
45423,462.81347637894305
45424,220.3296345319818
45425,205.65837336751895
45426,371.5733626835545
45427,271.21081729551787
45428,154.68244558791955
45429,581.9124059479369
45430,300.5498690028129
45431,215.6510488972293
45432,275.12285718720153
45433,472.919694096803
45434,193.1816365666838
45435,404.3907086971326
45436,227.77945654373724
45437,217.1929959494751
45438,232.6850863456949
45439,284.1093345688154
45440,176.89969258308355
45441,618.0832429158695
45442,183.03974174491856
45443,848.2751292468521
45444,208.47688771349456
45445,266.95452832263675
45446,242.67443453197257
45447,206.6041490684585
45448,143.65712646137246
45449,322.5073426907308
45450,211.02489320161473
45451,498.1155660612644
45452,256.6470049493728
45453,236.17911046482538
45454,296.6290013662862
45455,147.83505536506559
45456,1209.400043210752
45457,244.77754307340635
45458,137.90390307843342
45459,168.20601844425778
45460,327.6615427327246
45461,189.7234330646171
45462,166.47568177880484
45463,197.88058120829314
45464,392.6921668888994
45465,127.07772555665288
45466,216.15960284491484
45467,424.6429201776336
45468,754.9040829842693
45469,184.6822574742899
45470,359.11759923219137
45471,176.77991961931565
45472,224.3373179606521
45473,590.8782844176683
45474,737.3457007206933
45475,141.91762366885285
45476,218.1999687817007
45477,126.15326727156337
45478,259.58543870641347
45479,307.33872857990457
45480,183.23178072357064
45481,211.68508144952344
45482,469.17280552838633
45483,200.569180575479
45484,183.50254627157938
45485,244.29396954213513
45486,153.30695591120445
45487,423.0695302495923
45488,142.58898470207632
45489,378.87547314699003
45490,563.2084929035532
45491,233.00141023025046
45492,274.9465028372243
45493,433.00805492716665
45494,257.52489555962796
45495,138.41369906861178
45496,564.5350604297795
45497,284.8003251317548
45498,217.10473919945096
45499,249.1536873542026
45500,187.87774629694366
45501,242.69466845314756
45502,297.81395182281074
45503,238.39257480372345
45504,161.48458946368567
45505,169.7229369671138
45506,672.0037977477888
45507,118.98965380105261
45508,557.057795777333
45509,146.91536327776217
45510,201.89026113101542
45511,326.9686895714403
45512,278.1315261781154
45513,185.01966111874864
45514,711.9106279472381
45515,316.01817760718467
45516,164.3912513795028
45517,719.5223141481547
45518,355.62708320015577
45519,155.49769102154727
45520,220.49127437115314
45521,327.9413367105831
45522,902.9588000337168
45523,132.2630310706214
45524,283.2180530376794
45525,418.008129798286
45526,236.54048567848582
45527,143.43959973558444
45528,440.0515406303525
45529,422.62257282893427
45530,178.0119159200738
45531,711.9159445412217
45532,466.6339121692844
45533,223.56750360640703
45534,135.0468351490627
45535,128.9881514948362
45536,362.59662884752373
45537,245.424111718726
45538,148.54982250486677
45539,261.4398664756337
45540,202.60451232271095
45541,252.7538800108892
45542,225.99261739606428
45543,358.8659062918444
45544,192.96865531551518
45545,356.9783597011395
45546,251.80616307408496
45547,351.73001278530273
45548,210.72106170968928
45549,234.61006386106277
45550,1708.3539973661748
45551,181.5095136610167
45552,192.82327026931037
45553,147.94570080172969
45554,213.74191833715457
45555,394.658107548677
45556,210.37242910901426
45557,135.7170018161539
45558,297.0943663479121
45559,657.0992902000869
45560,196.12340612027825
45561,491.9702866570394
45562,129.28517368578773
45563,258.4602904879315
45564,222.89182554208614
45565,303.52156931270673
45566,161.61923031505123
45567,214.29679759445114
45568,223.7829319440405
45569,176.16377569222814
45570,320.04864442050473
45571,326.1827044412471
45572,340.784627027589
45573,724.2682172179428
45574,490.6486605089602
45575,331.7385735611389
45576,335.17575780613356
45577,345.9081691130903
45578,646.2095225534104
45579,115.86923274472498
45580,193.80854071021236
45581,322.7384907001586
45582,208.70013214650737
45583,240.66939399139457
45584,383.1812362800875
45585,273.1669485337784
45586,290.7591657877647
45587,387.7153221988062
45588,191.07073008140236
45589,394.8098609108822
45590,422.34627624247685
45591,354.51708963992246
45592,268.2028886216053
45593,328.22841328194846
45594,228.91078865544594
45595,262.6996692913101
45596,270.9055600824597
45597,126.34995731175492
45598,688.243502383344
45599,371.7762021140788
45600,187.24144850294073
45601,228.6090955140721
45602,324.9209864344199
45603,277.6059344407525
45604,145.29330507676482
45605,287.80055534111636
45606,139.9280115609181
45607,189.14204709903652
45608,657.4100314450386
45609,157.53405132537455
45610,156.34093363071955
45611,805.243152572535
45612,327.06974708138597
45613,171.8639349838944
45614,219.9682875113676
45615,267.22573815848887
45616,962.9187987105846
45617,190.77865625872917
45618,194.52334477442147
45619,157.62995091883823
45620,439.3124609113201
45621,159.8004195129477
45622,126.83915483665999
45623,265.8597799805834
45624,619.4603298796117
45625,158.76417860802724
45626,260.7775969206991
45627,281.49553522847367
45628,227.55465838850276
45629,175.8192306008391
45630,622.720897083924
45631,420.4714259781399
45632,472.7991167938593
45633,225.46976809325903
45634,210.5080131497931
45635,239.24794610646703
45636,372.9262639655768
45637,983.0987701497571
45638,201.0583618249727
45639,821.8896187149322
45640,154.26551484613634
45641,258.3656684759702
45642,245.85306028157265
45643,303.8912600735607
45644,374.57825003960625
45645,461.2617682805418
45646,149.9953924548537
45647,306.61056922258274
45648,238.48315800401323
45649,313.252536621642
45650,202.47967082389093
45651,287.0117770758094
45652,512.7165524761616
45653,117.32982347726617
45654,270.6824349452201
45655,222.90700100048593
45656,200.03382972523391
45657,269.39933204125504
45658,208.79652286941644
45659,138.02225328477107
45660,557.0858976915086
45661,589.1076970114143
45662,232.1356487811741
45663,171.17811326441455
45664,192.35349638640344
45665,219.14549424066834
45666,212.5425735458439
45667,167.9979764330888
45668,171.6095675075167
45669,140.62840030760339
45670,182.83869030985022
45671,157.62148879036596
45672,206.61054772327876
45673,223.04279292710822
45674,215.24697999416404
45675,349.54651728932123
45676,219.7409784595833
45677,709.6795670165227
45678,192.82726723166846
45679,317.3390762168373
45680,306.30920206259725
45681,388.5520214834674
45682,464.1624645473447
45683,219.2103834228261
45684,263.20179131118385
45685,376.48030902791817
45686,272.8063871971095
45687,278.11632407445865
45688,272.55858815590693
45689,350.53235621576846
45690,160.85829347967785
45691,248.96360249160446
45692,201.82113881695923
45693,426.8800837397911
45694,189.75061058247158
45695,244.28611332243108
45696,149.03230865653848
45697,733.6547205863213
45698,179.10032581584102
45699,226.0741631134891
45700,636.0153479912499
45701,369.60687130878773
45702,409.28704148786863
45703,570.3085209326612
45704,146.40966056966042
45705,184.67290555842115
45706,298.9110225685376
45707,302.8255254205563
45708,360.802556319437
45709,190.8081018492425
45710,272.37031582603066
45711,139.08872086188347
45712,805.4809110646447
45713,351.50342842464966
45714,203.13023047866184
45715,472.3544012499198
45716,274.9032884002009
45717,245.854089460543
45718,455.8102327503439
45719,1318.9778216373907
45720,261.2726892395616
45721,221.1613383578537
45722,1866.9751505507627
45723,273.9042209684258
45724,208.5190525119315
45725,214.9150136392664
45726,1815.0015491568277
45727,577.7859935332879
45728,409.74279488616577
45729,308.60907045234444
45730,169.8903156019669
45731,151.76313679164397
45732,160.1007746014765
45733,165.38709705610006
45734,212.32338493018324
45735,235.09394356991183
45736,491.0462139188585
45737,316.9446927635627
45738,459.04017206012895
45739,365.1277996293338
45740,210.29841514786062
45741,237.79388964986578
45742,150.8231817177007
45743,204.24448881741884
45744,254.1529911606834
45745,421.9180927424545
45746,219.46649046843032
45747,599.4060568717441
45748,210.24876742673302
45749,702.3301360943253
45750,222.51114788186905
45751,480.04238761262775
45752,267.4978210017337
45753,321.04638951396305
45754,173.31010937013326
45755,175.83406220407105
45756,231.8114488477458
45757,238.1599283386899
45758,134.98303582041882
45759,204.05042426917632
45760,308.4066606831285
45761,1737.6762327984375
45762,335.57920761527555
45763,511.97589118217195
45764,323.04092668221205
45765,364.9687658484733
45766,117.07248338991866
45767,265.7277920100878
45768,203.90980494355932
45769,395.5164547868877
45770,279.64262277846274
45771,1008.0761516953309
45772,181.46584886703104
45773,381.20487397913996
45774,169.60528578245356
45775,210.42331853906302
45776,184.58459159067502
45777,154.0184464009888
45778,393.4176734247544
45779,384.38080670746365
45780,138.5266406903022
45781,272.49145087169927
45782,413.81315257410716
45783,299.4206437717385
45784,224.03211462465737
45785,255.1520773367803
45786,144.76763892013076
45787,366.3889670379549
45788,209.11801989311095
45789,144.95184489275454
45790,143.6903762717364
45791,297.3589288610128
45792,140.15550565199828
45793,297.54150694889694
45794,225.4291017140199
45795,340.76100405720683
45796,297.7713562918122
45797,413.52820318804555
45798,217.21878495576487
45799,249.89253461906765
45800,170.25178631088383
45801,151.87409494560856
45802,307.0216234159748
45803,171.122341941057
45804,246.47295286697644
45805,217.18519429272587
45806,206.82129314474756
45807,668.1874873747139
45808,226.05933844210676
45809,293.3103047966042
45810,663.6768028490454
45811,247.16955342472266
45812,306.81762378435394
45813,121.605756510647
45814,295.67458742385037
45815,139.45213669063156
45816,307.29254918864166
45817,230.51751608409614
45818,239.8608132683575
45819,172.91337179855648
45820,246.2967062403417
45821,202.42462770237574
45822,254.62483579138325
45823,341.1344430017241
45824,139.62789906760287
45825,449.5496337687215
45826,154.75070144326023
45827,528.5353240256936
45828,134.68837655478254
45829,203.67490162521148
45830,169.2636168936981
45831,195.12370667453007
45832,180.5788933008957
45833,280.0218752252138
45834,264.2751539409579
45835,209.96678474266125
45836,147.41418916398365
45837,146.8986718317162
45838,254.67052433328055
45839,1187.0671136923495
45840,155.58289679344918
45841,197.75148271908677
45842,413.06778122891905
45843,222.7374519961256
45844,282.602272911126
45845,692.6325033215347
45846,253.8140193330957
45847,234.25206384341777
45848,266.9079198713665
45849,462.1710964905038
45850,391.8077691673762
45851,253.0007438576645
45852,195.27602761998023
45853,336.57781640457773
45854,252.16688523218056
45855,152.94236681986914
45856,322.69186196811313
45857,155.4000959986187
45858,167.10732481974415
45859,225.99776791021486
45860,368.6344044912933
45861,239.51830571571767
45862,152.63812808515485
45863,321.3378148979687
45864,227.33570282362737
45865,192.4678344809655
45866,145.834795351638
45867,288.20373534993183
45868,234.52374865943645
45869,309.6292039251674
45870,139.9846259532462
45871,667.3092239002806
45872,810.9641062597193
45873,132.43043790446163
45874,424.6659580915114
45875,157.46989255733243
45876,169.08683675814996
45877,148.9819624028257
45878,182.05681174050892
45879,418.03060048985145
45880,289.83304073680284
45881,293.4707716000054
45882,493.7877664915433
45883,189.75495642936858
45884,963.5898765194522
45885,276.95587015375827
45886,132.65339951759395
45887,169.7955092170839
45888,773.9813766435605
45889,234.5711483166879
45890,150.9034122575249
45891,205.78900377168117
45892,412.599713362738
45893,210.3637532778837
45894,360.30530198816575
45895,245.4164338065493
45896,439.19866546483905
45897,291.324283264176
45898,139.02420413918438
45899,261.6809627391721
45900,180.91081314451242
45901,161.1053620037764
45902,138.13724769466293
45903,192.3225944342254
45904,171.65579459076505
45905,160.6703919519522
45906,324.3669472013151
45907,324.3261752167972
45908,393.2949269363511
45909,167.09928339850023
45910,136.40625192736331
45911,247.63562628661805
45912,381.0854264415279
45913,246.24190037758535
45914,682.6381140329942
45915,458.5085803453081
45916,211.85019496703345
45917,162.30989139887888
45918,631.394947414706
45919,251.1457588630844
45920,164.82764911416731
45921,261.35006839017285
45922,161.92388271862467
45923,128.81827135901153
45924,270.79378863401644
45925,255.55855909045198
45926,152.22471104058909
45927,689.628606388906
45928,217.07363670190168
45929,228.40484413133694
45930,471.11399871021933
45931,468.3877803375818
45932,124.6200715069865
45933,441.39633928992424
45934,307.5262576226625
45935,186.21002360184656
45936,196.85066391478887
45937,263.78735751146866
45938,260.04707627453604
45939,216.21314291304665
45940,181.06395018934984
45941,347.00257104381336
45942,170.59083966765238
45943,455.45831702203515
45944,458.8316118501115
45945,172.49346921630286
45946,360.01498164826194
45947,154.00600963889062
45948,112.62880909235109
45949,345.80398960268633
45950,154.0265040151804
45951,212.82272576206128
45952,434.1874671980105
45953,153.26444316394156
45954,449.32863989156147
45955,292.63970047130283
45956,454.1940581031797
45957,210.12120368908612
45958,218.43056163735164
45959,144.92237397518656
45960,575.02543179858
45961,192.7199535283254
45962,406.4534554099291
45963,239.66392580438665
45964,193.2945254091959
45965,449.5756927927298
45966,435.1511195969152
45967,211.85231418080707
45968,331.4860640909134
45969,342.1887578000729
45970,143.70463424397934
45971,432.69756140451744
45972,188.99749849319915
45973,390.8559162451543
45974,142.17164813228416
45975,195.39287795917934
45976,358.2579083656983
45977,466.84399360306355
45978,366.9999092195635
45979,136.73708913475872
45980,145.66571470336362
45981,366.41329041719393
45982,323.87863822599604
45983,277.5546930123025
45984,241.8971519638072
45985,204.1858932310006
45986,212.15276927346045
45987,423.9366336994466
45988,185.48819903243484
45989,202.57206274383927
45990,989.8670710545721
45991,157.11562805309836
45992,301.584697124468
45993,176.6389202254517
45994,446.07571006998546
45995,238.75229561857225
45996,248.74024178429715
45997,147.44031621177552
45998,543.3289240819385
45999,370.0707004404105
46000,295.1918021427156
46001,253.94340663084554
46002,169.3592146544233
46003,191.30241229066664
46004,336.2727570619782
46005,468.0046311869538
46006,211.03091532506392
46007,149.79934214073975
46008,524.9900476168709
46009,214.12265032638027
46010,144.734468305988
46011,313.08793319721826
46012,430.3992958894432
46013,590.9555282837727
46014,182.48203486159377
46015,218.2335659371643
46016,204.59576548997563
46017,183.03993860315109
46018,314.68349763389546
46019,432.7842298683086
46020,295.71587057192266
46021,184.39856161110043
46022,216.13040929661761
46023,377.7868126704036
46024,824.7060360830461
46025,239.9379628380954
46026,261.5355855618778
46027,259.6766532200171
46028,252.4821943040089
46029,210.7127428474208
46030,156.91201798421963
46031,444.8880585565448
46032,205.42208954392214
46033,541.5956432495333
46034,211.15854216526935
46035,242.5783110730537
46036,248.18364901497242
46037,175.05444679963352
46038,136.1955084046414
46039,339.330444751066
46040,187.95869808236012
46041,236.920176166547
46042,83.85830218502453
46043,366.0691670408225
46044,222.0293406808689
46045,208.54598119475972
46046,212.3603354311829
46047,229.98764281968923
46048,197.0323996589553
46049,204.05033147437422
46050,386.74884929659333
46051,177.26413528958977
46052,187.34086694965603
46053,799.3976115089832
46054,189.42923640785898
46055,163.46012719271238
46056,185.25382211404963
46057,176.91122524785305
46058,194.82875876193592
46059,288.71089431533426
46060,167.92928367128485
46061,455.7849138771041
46062,494.2342563610715
46063,427.3680982556079
46064,884.1596136999894
46065,373.71160192731764
46066,172.63668873857986
46067,234.62074410143038
46068,230.0824198962135
46069,472.16468368492957
46070,202.22574470075347
46071,371.36797756403433
46072,300.7462193406211
46073,127.46913123583631
46074,301.37633906475673
46075,207.75259935770814
46076,260.3789136991597
46077,716.8092370730291
46078,164.15579463410768
46079,176.05541012618903
46080,364.2966131319274
46081,224.7092024711088
46082,264.08319383822544
46083,142.35262060675268
46084,207.7854320175956
46085,593.1548940964832
46086,238.94496586659304
46087,160.1332767811084
46088,282.56191497181203
46089,253.09429155266386
46090,306.235756540109
46091,180.2231935334242
46092,229.8203838617281
46093,336.44955079333266
46094,159.01656739212524
46095,254.4088424481268
46096,278.61371070022375
46097,257.9119514212413
46098,158.36749210768463
46099,294.4558587596037
46100,616.1961211025159
46101,432.2687051180534
46102,268.51493065711156
46103,200.00838608434535
46104,166.57758067010178
46105,313.34177664334976
46106,312.65288418156644
46107,356.3077879488465
46108,398.6418947268006
46109,1378.6907251147186
46110,264.3002168684597
46111,258.86105757389896
46112,1451.6021255707196
46113,177.16920529790482
46114,292.22978173738534
46115,194.37030443691683
46116,463.1851647234277
46117,152.55172808177764
46118,145.60217877528362
46119,513.6189579745172
46120,251.47978371314983
46121,142.12671650212982
46122,209.36966858652804
46123,463.8247905122476
46124,508.559270205662
46125,176.4488012782599
46126,328.6068843929955
46127,131.08228869619424
46128,477.821354925447
46129,331.1735851996968
46130,407.5889518155396
46131,209.01731281707882
46132,189.18551379330944
46133,140.4252814733848
46134,144.47101070706316
46135,215.78941024554007
46136,236.96432828080893
46137,296.39848957556285
46138,377.1717378365879
46139,133.6142531824116
46140,190.18633836582188
46141,213.60533328261872
46142,833.8556703444673
46143,252.0149217673263
46144,293.2583768846737
46145,297.43815271894664
46146,308.81693223492204
46147,438.8015045523634
46148,222.5130004655611
46149,234.32016563126496
46150,198.14099806161255
46151,281.7479491797074
46152,232.82995529575547
46153,300.08753486737464
46154,368.29612100027435
46155,166.23593520778815
46156,374.31274027198197
46157,134.89231855109563
46158,340.1191407082123
46159,223.86768468817615
46160,192.9869384751386
46161,442.67942671680123
46162,374.08030345627026
46163,364.88455846417395
46164,212.85823462349967
46165,284.24422283298213
46166,228.95976328453148
46167,280.20334249058266
46168,552.6225514721269
46169,211.76620693014587
46170,175.2022136345039
46171,266.7041532887051
46172,672.8153503659753
46173,360.1649414040766
46174,120.81854876128284
46175,207.94499572113472
46176,190.9081819902738
46177,473.4624594145808
46178,362.04449889618144
46179,316.274217981444
46180,353.87761180533045
46181,549.316292590979
46182,148.55366056630712
46183,204.62986724640209
46184,272.6990850929061
46185,332.09812368715274
46186,511.42863943023104
46187,265.0928792863346
46188,3949.1131245619545
46189,442.3088324492723
46190,204.09025234080335
46191,309.7315821699401
46192,133.81555852741673
46193,137.78338037987416
46194,158.95134180031198
46195,136.68835877039973
46196,224.74749906826963
46197,177.0782678411009
46198,349.6470865224577
46199,242.90663530659197
46200,188.6834947668285
46201,355.7214457654283
46202,232.7463965512303
46203,205.62386636515805
46204,115.27230114489429
46205,1506.5992077464887
46206,296.31607585002007
46207,216.69657202296955
46208,243.96164286633288
46209,478.42924461215887
46210,239.93645989924818
46211,295.6440496485367
46212,175.93019496795364
46213,197.13155076107856
46214,502.82918871122797
46215,198.46774837027098
46216,160.53088297923512
46217,191.9491711047803
46218,161.0966986971959
46219,212.70645000621
46220,227.55661936398454
46221,285.1313742646737
46222,988.0649685179212
46223,136.61086745330772
46224,452.51425333146375
46225,248.45465975635523
46226,189.96591857893347
46227,162.64223465071223
46228,555.468473418758
46229,229.3800230104517
46230,387.0895852836929
46231,331.32849939889246
46232,417.2743909008076
46233,210.9833682908212
46234,159.99719779422475
46235,183.4564187001652
46236,239.29514980305044
46237,385.84500662021827
46238,256.6396687466031
46239,91.68362649545833
46240,297.23708038608544
46241,478.7174574843243
46242,205.56452696946386
46243,171.7508557222216
46244,197.39716764608792
46245,185.3216039574956
46246,472.97753281069066
46247,446.36245978349933
46248,271.6917891149388
46249,237.68572284925173
46250,93.46175015047275
46251,255.5430120258903
46252,438.7236192435191
46253,118.43909053417272
46254,833.5150882681844
46255,426.04233976379305
46256,165.60000132798197
46257,333.1139707603152
46258,168.99023091745613
46259,210.18418943859191
46260,190.6404565326758
46261,935.1880339036954
46262,189.4742639411199
46263,275.6383133274315
46264,133.63114580611995
46265,384.32145811933475
46266,265.64876003769365
46267,191.43085184141182
46268,562.4501011466007
46269,295.1436506499204
46270,256.59719413264787
46271,149.8531006391141
46272,216.68388421080604
46273,243.66163185579703
46274,189.40225201741768
46275,194.60123574950583
46276,173.63022191843206
46277,349.95471230414717
46278,159.36799485386055
46279,145.5980896126882
46280,110.6828618939906
46281,381.10012237974735
46282,212.0142705869355
46283,398.0771659783394
46284,195.07323009864442
46285,293.8095359727699
46286,212.11706744454017
46287,192.66045340754863
46288,1162.425335573342
46289,258.8396117285857
46290,150.15997394844084
46291,153.47190329414119
46292,1687.4007430376112
46293,240.1682724154394
46294,202.78555973308167
46295,365.4095682304269
46296,203.17743929999742
46297,363.24435047825614
46298,371.6263548278257
46299,490.95686949378063
46300,201.95620489934407
46301,139.23276909042795
46302,198.15730684572225
46303,551.4332980941974
46304,234.30250206222945
46305,210.9304175534362
46306,232.79797790328573
46307,448.0251370280914
46308,207.64705909806105
46309,451.586357417394
46310,191.34821434092896
46311,503.6875343824135
46312,304.73727839784294
46313,150.0462599918627
46314,470.6463502039983
46315,160.0733233102683
46316,159.19616963324046
46317,236.48481320906535
46318,302.9101965025781
46319,249.9535169793912
46320,203.60161913930938
46321,254.15159551913075
46322,226.06601737474043
46323,226.84573530315413
46324,144.51132539804343
46325,311.83274565497106
46326,222.57364225995659
46327,120.94113144987469
46328,336.43513655653794
46329,280.36387150632976
46330,247.61203206337004
46331,169.50683516579116
46332,279.3366897517409
46333,180.90741411205218
46334,205.5977149445149
46335,244.6935049193491
46336,300.9069822380563
46337,294.1707146456837
46338,637.519340556859
46339,230.4072862434045
46340,270.0498213747501
46341,231.06657806234156
46342,244.3433625196917
46343,605.8345592544966
46344,1091.4631179012918
46345,219.1247225817456
46346,258.4764044728595
46347,285.81209061055597
46348,205.01070835999442
46349,153.67733303438155
46350,167.56445108285305
46351,246.51052620095874
46352,246.66541727520803
46353,192.98775300178218
46354,151.38492728238748
46355,247.48141691784826
46356,239.38609316937794
46357,139.11468997903614
46358,362.90722123355187
46359,234.9192855541249
46360,230.92375351697828
46361,227.82645070724095
46362,678.7185393633756
46363,320.14883741172105
46364,167.46305186169957
46365,268.25381271599616
46366,218.32317603792703
46367,329.9191697549622
46368,186.03859010559128
46369,282.32498757997485
46370,311.7644204312832
46371,313.24816744732476
46372,413.4653110091483
46373,208.789737363692
46374,1339.3468653417349
46375,268.053959701605
46376,117.20904704936567
46377,247.08571475853634
46378,199.12103075621405
46379,174.62508895356035
46380,206.09736239517918
46381,234.99155760215285
46382,238.77214370067503
46383,139.38720503855717
46384,146.75186917182205
46385,311.83259567568876
46386,198.4208420694766
46387,208.3796934209061
46388,475.6090440275532
46389,264.49935582210253
46390,375.9014521371968
46391,550.2028944632704
46392,253.09951424516234
46393,168.64202577909836
46394,332.1440491019892
46395,227.9001512309552
46396,266.4616003969068
46397,255.6338976226291
46398,405.2712085352725
46399,381.3242729168712
46400,607.3961017846859
46401,524.314079516879
46402,166.93501895074482
46403,193.29764843772554
46404,221.48282425145612
46405,305.6713373780693
46406,226.18197302914473
46407,401.27426080528943
46408,875.4643671523698
46409,291.91126085727996
46410,204.52479164017353
46411,216.70600370008964
46412,224.07061478885672
46413,197.32887781939036
46414,216.15220561061764
46415,182.92446547366214
46416,395.7280961978026
46417,158.8082474678282
46418,1289.6518790308849
46419,87.24221506652195
46420,171.5653639915248
46421,363.8614498474633
46422,218.62243048184015
46423,242.67409614145257
46424,153.42930815764126
46425,380.6398734100559
46426,379.7634750242397
46427,169.42475200723032
46428,259.97023229870956
46429,121.41736515637918
46430,273.17435542549345
46431,192.99778376005392
46432,221.90137702489992
46433,146.0168800961644
46434,226.63639458731433
46435,325.144646239158
46436,248.36966847864883
46437,341.4694674433307
46438,225.20949786768549
46439,587.5477475430447
46440,120.38207863604556
46441,402.4525749162566
46442,172.74181243026496
46443,200.71978627614556
46444,235.19702483956186
46445,240.339501555143
46446,259.4181032719539
46447,252.6273238672415
46448,611.6438578312541
46449,227.0478721685714
46450,502.4148410198449
46451,172.603753528248
46452,164.4660234742405
46453,333.5918064832259
46454,150.8040232990521
46455,156.6082405992586
46456,748.3037698512661
46457,391.7003917743813
46458,226.830544314258
46459,361.61659160301576
46460,434.3495085239794
46461,164.01097964097576
46462,143.764050769407
46463,359.98082532435797
46464,160.26381639682637
46465,145.23363340305502
46466,423.9697969448346
46467,243.20884215052538
46468,173.21221014372244
46469,453.5571968850496
46470,859.1572341417225
46471,399.7366284442507
46472,364.2312244832935
46473,194.93745193740838
46474,247.47257116908963
46475,211.3800530413154
46476,927.2822421806484
46477,147.31442351492063
46478,419.2568496246018
46479,733.5345703857972
46480,228.81518114504462
46481,143.5323283900535
46482,238.54567206560932
46483,305.51658131609935
46484,160.80115714775826
46485,154.1983741023942
46486,214.87938875815357
46487,252.0151535139501
46488,252.33104515315196
46489,131.85271313779464
46490,462.6358587893519
46491,252.42167460899032
46492,327.38049095823163
46493,237.7204300584377
46494,424.8300394916044
46495,215.89357940559395
46496,210.04754578908182
46497,213.0597311749639
46498,958.6534370471765
46499,473.7500730034718
46500,313.56071020489753
46501,240.54087383836267
46502,166.2349601210068
46503,398.6906497684862
46504,153.2595964564821
46505,189.054698730086
46506,232.13409725290813
46507,150.16265034660418
46508,524.2984321205721
46509,395.80285215454535
46510,154.75313655899458
46511,134.84952430172828
46512,154.76978608212798
46513,103.03679733739868
46514,281.08821668624506
46515,181.54996531279065
46516,263.8860886539706
46517,153.81984262412772
46518,184.93622837819896
46519,583.231537289964
46520,178.5524175100287
46521,240.21298174599465
46522,190.9227082811826
46523,159.3405052059394
46524,137.27675286210234
46525,478.1417512852677
46526,131.22373018133885
46527,1157.166730365329
46528,192.97387814554375
46529,184.4885606997359
46530,245.4283207378338
46531,351.88121464261894
46532,217.60246462233653
46533,595.297565561896
46534,249.57144935815322
46535,256.5621023347271
46536,163.10356967027585
46537,497.98023583099877
46538,379.5269908375859
46539,185.1462841517858
46540,768.7416433148975
46541,485.73256147615194
46542,143.38290933568604
46543,148.00659000481562
46544,203.01838536222394
46545,309.70144676903334
46546,236.4818453967046
46547,440.73893273609417
46548,169.4282212838473
46549,249.44983880055474
46550,265.96952173561886
46551,171.31981221308365
46552,348.8208379595596
46553,157.3667560601754
46554,215.06069840932915
46555,366.4561505901108
46556,426.7632806657431
46557,158.03800932619848
46558,533.1385170292201
46559,145.7145880451801
46560,308.21100118456434
46561,286.30519840243386
46562,136.94618852564471
46563,240.00073162725042
46564,195.93892527814035
46565,127.62547639618863
46566,154.76801097781396
46567,325.8345911711563
46568,150.64101079771714
46569,401.7277193750045
46570,218.87733679968403
46571,144.9868992317755
46572,378.6519347642318
46573,298.14137252315993
46574,253.0556725259578
46575,216.7553525956358
46576,227.4352002679433
46577,212.7385335715607
46578,552.5266953227227
46579,218.22282834343565
46580,254.4065684096521
46581,184.60290491402273
46582,152.57559989546743
46583,434.6945187379402
46584,530.6261402898161
46585,1090.795450211184
46586,229.9123869778527
46587,167.41127836115584
46588,265.1117963666621
46589,355.1401787462572
46590,304.5885025723192
46591,175.88029465742085
46592,383.9942693088647
46593,153.54750577151984
46594,228.40331881838242
46595,168.93485083889897
46596,268.2094971232694
46597,268.1466515332076
46598,235.1370233428331
46599,399.81240107763136
46600,381.4352886389004
46601,706.4451183838823
46602,270.68382677517377
46603,214.168617523288
46604,381.91789739407824
46605,209.59369927479844
46606,221.69531581323335
46607,83.43357756016208
46608,283.3974267340632
46609,242.3469592842814
46610,296.35395017269985
46611,398.17984172303255
46612,146.73929248451796
46613,190.71342593025
46614,151.97030749906503
46615,381.3978518957835
46616,182.55326467163042
46617,313.2049429353138
46618,155.88484444647878
46619,169.67542605037508
46620,256.3784873508104
46621,217.68420879109058
46622,222.58619772428645
46623,114.24271058102336
46624,190.62961040742778
46625,239.1547888830385
46626,324.29167664436426
46627,373.3642930841464
46628,211.20797359322546
46629,235.09601377475937
46630,289.8168222224254
46631,217.81359083346942
46632,239.40037271113664
46633,385.2249720815512
46634,379.66054071538554
46635,275.83047235578294
46636,722.1891053378795
46637,257.96435222868035
46638,116.53138257390926
46639,367.6283902524812
46640,421.2752672567155
46641,270.4756649517441
46642,1007.5342771252568
46643,406.92336849321265
46644,330.6325731760146
46645,614.3344380342188
46646,179.7625364178564
46647,283.3594191358732
46648,222.15971697080445
46649,429.2848045969874
46650,259.42245024462335
46651,215.46711723518027
46652,209.72121613434263
46653,196.0724800988742
46654,372.53306791064466
46655,510.0818610879638
46656,237.75303739449754
46657,171.3556754154289
46658,305.3116381394395
46659,470.23991851525034
46660,398.88931410160006
46661,232.58691488574868
46662,294.95307819994184
46663,218.08480130276976
46664,212.7755876018794
46665,155.11253809115925
46666,150.21180547772119
46667,453.17608477695336
46668,272.40045981475015
46669,326.5715922359162
46670,212.11311965504729
46671,598.416387025785
46672,111.36886504681708
46673,330.11426507688697
46674,131.24637183417752
46675,374.0631210498418
46676,176.54620774771783
46677,406.5149842002187
46678,144.81956889205946
46679,144.54163052278486
46680,217.0273447425979
46681,279.4736966836363
46682,202.64745754980402
46683,155.27472247655191
46684,211.4950954657142
46685,389.371853031667
46686,231.95376934276084
46687,330.3990949982231
46688,317.6717679439226
46689,156.15501398199967
46690,157.12166278234798
46691,254.41441267895112
46692,126.08583263885916
46693,193.79734772234096
46694,341.4583226085887
46695,317.46978359698
46696,251.17769506274598
46697,144.7906614681353
46698,190.14625543094536
46699,595.4848480857845
46700,97.14444250023553
46701,165.6844431424353
46702,300.09135334907603
46703,157.35097005281554
46704,253.4532680225457
46705,166.72512681126602
46706,221.23566057610213
46707,504.2450061742898
46708,227.93571632534986
46709,198.7128487602217
46710,181.6438933911573
46711,320.2791103848754
46712,193.65371302143367
46713,217.45546484800482
46714,238.0572292382803
46715,327.75704731032545
46716,283.1491151684729
46717,369.06891573568157
46718,435.3480634014791
46719,259.73363666801043
46720,174.74914729041896
46721,400.02946103938876
46722,336.2065461627585
46723,309.940656762583
46724,137.09823211916452
46725,495.1319193042742
46726,252.8462655126416
46727,222.97934961766404
46728,248.87483877935958
46729,168.45964809525438
46730,192.65711362340505
46731,380.9888024478069
46732,286.8268741059735
46733,144.31752912535862
46734,653.877268229342
46735,148.68753126868864
46736,240.50374538349072
46737,175.23611888763676
46738,223.019887504214
46739,218.96007221381367
46740,333.0587307090781
46741,201.41147572410028
46742,163.74980999828676
46743,257.61673599177465
46744,234.39907528709168
46745,243.37749221160794
46746,236.29680821051596
46747,215.21706274595223
46748,800.5399675839968
46749,245.53505622167788
46750,155.65064352895772
46751,130.3997056037743
46752,242.25185877267864
46753,236.56012945295595
46754,369.3132719709462
46755,364.9334524946738
46756,195.83286078331872
46757,126.72003280338673
46758,172.89577995426748
46759,431.56035183517406
46760,147.7548808127548
46761,193.96684170985696
46762,1035.6495491779094
46763,286.0685493017602
46764,219.91186340444946
46765,1031.3965530312935
46766,306.0890734043045
46767,125.0405396386796
46768,152.01158320446888
46769,241.49239508684568
46770,422.6101840584901
46771,232.23608299595244
46772,455.23163263078413
46773,305.2934380769801
46774,239.22292479972137
46775,323.97482452111115
46776,179.37616439905187
46777,467.1171890219521
46778,207.54921760473945
46779,212.80386287027116
46780,357.183596930568
46781,451.65852700340946
46782,474.9608312330061
46783,177.62543989121403
46784,185.7399697069765
46785,1025.7865072785596
46786,262.30282631524653
46787,511.67337730447196
46788,140.2272485467208
46789,246.60976841350248
46790,466.0476113925769
46791,507.0585100351885
46792,93.90465427163421
46793,604.8202263032633
46794,195.94580823795988
46795,134.50442398484896
46796,204.62573585538453
46797,317.31236595021704
46798,187.6437326437266
46799,201.7366494152024
46800,130.59341071767483
46801,216.04813502359826
46802,287.6368497226099
46803,398.004780805233
46804,173.2157147668917
46805,186.56558271003374
46806,664.8691847983074
46807,198.0139070226846
46808,214.01400722101772
46809,250.52777793268743
46810,294.8349244261328
46811,162.8790817920668
46812,484.72403338022957
46813,201.6771661908531
46814,167.12803743777522
46815,485.56991695026284
46816,180.20768084047288
46817,896.7996561603184
46818,402.41946937113875
46819,269.7003641727307
46820,670.375327220971
46821,191.03582096744321
46822,144.75027096564762
46823,239.73737714485478
46824,253.12891224081278
46825,261.679893051498
46826,296.9356004887635
46827,181.6878405082227
46828,432.9089083239812
46829,841.7783005061063
46830,251.3034888088487
46831,204.6258429943722
46832,190.52410363362483
46833,692.0700023427969
46834,288.439808428078
46835,211.61891517950414
46836,168.2971503039884
46837,204.76308263929363
46838,331.0886822211018
46839,275.48659425561783
46840,350.4943837457561
46841,176.66392620891028
46842,264.17338654608926
46843,688.2694074769962
46844,120.95511992814689
46845,253.68666428772042
46846,169.426187967398
46847,281.2617351568474
46848,313.832785039554
46849,214.19215548435878
46850,422.42504892832363
46851,340.86175110097986
46852,159.23984991156755
46853,293.2691559855561
46854,228.52627228534627
46855,123.00521802674623
46856,662.9727208868093
46857,369.0608766194328
46858,202.5820358542506
46859,162.24089561286533
46860,158.2393808755962
46861,557.3367333431275
46862,179.62531816558268
46863,197.38470862311976
46864,212.24889929726615
46865,232.90499683977595
46866,209.69784766650395
46867,178.86318581347226
46868,173.98758702902356
46869,215.62412478025766
46870,303.41298989842784
46871,335.18748195452906
46872,445.3976019393449
46873,370.39661530256325
46874,203.86264842702676
46875,215.97575799494493
46876,262.64013375812135
46877,268.3890382134097
46878,613.8508356852385
46879,262.1083977064256
46880,456.68457845344324
46881,131.3767504937257
46882,334.1002792686047
46883,201.7514092003432
46884,118.23203711912282
46885,296.2632989726034
46886,314.441469408145
46887,171.412026584689
46888,304.6092356208245
46889,237.94703636997593
46890,259.50948137145724
46891,412.5999259248882
46892,300.53742575912526
46893,525.7775547050903
46894,154.87475572224199
46895,333.73670209543434
46896,661.2499168071903
46897,199.34494826489848
46898,178.82624649459896
46899,188.5858656689227
46900,290.8857533652069
46901,333.2953378555163
46902,233.42892981163166
46903,174.7027669780628
46904,317.0066988518719
46905,326.1648381438734
46906,186.4744954130676
46907,130.62066137349726
46908,169.68960338248485
46909,153.102124119678
46910,168.20049398218922
46911,232.463429905263
46912,234.20968533642997
46913,326.49765227451445
46914,245.79325084140163
46915,173.33894540238938
46916,142.6903770981333
46917,286.0857865939223
46918,243.12177023893435
46919,162.10011123355264
46920,217.87063155601115
46921,355.2375552348291
46922,372.3370833008631
46923,236.17778967536688
46924,261.31731692020406
46925,212.84926364005645
46926,611.9693363672695
46927,241.021692119153
46928,301.8733824545971
46929,125.31516016952452
46930,361.2861232593209
46931,199.31980832326815
46932,204.2274245483978
46933,377.87386816512947
46934,154.63922572355187
46935,236.8162955510181
46936,324.40734163238835
46937,179.73430467080928
46938,253.7168528184805
46939,318.16115740527687
46940,178.34751517059306
46941,241.73686062117335
46942,179.19876188882554
46943,293.00730677153246
46944,181.57507292392572
46945,131.78583614551684
46946,318.3958578006316
46947,252.47891809987345
46948,452.36214632537974
46949,223.11245266095088
46950,210.36076199073275
46951,146.66255477893282
46952,226.4290442805181
46953,239.74400073608476
46954,139.95920004349583
46955,225.85422871517306
46956,433.23099166610524
46957,276.5088844507238
46958,188.6283725852323
46959,356.31440094490983
46960,219.50932466058765
46961,184.57321870492524
46962,197.95775144218345
46963,328.8383625979322
46964,454.1205503523391
46965,203.8866057693045
46966,399.29317213208657
46967,469.09714295067914
46968,377.00076269045076
46969,200.32092779055566
46970,187.76792761487962
46971,223.23077911663373
46972,265.3901409744991
46973,304.84499941128746
46974,175.87319214788883
46975,191.94210884166375
46976,225.18335310456064
46977,169.07924346866997
46978,138.74864541716138
46979,383.0443369574884
46980,169.54336594475419
46981,445.5921504381636
46982,141.92586719496214
46983,266.29502366504306
46984,311.59736200971383
46985,183.88515563414816
46986,213.8039148323513
46987,215.82763729097437
46988,218.7364412552668
46989,159.0390593360577
46990,315.5932041609839
46991,526.5469524196501
46992,199.63144590102175
46993,242.92855068376664
46994,590.3241894829058
46995,169.22375909941624
46996,176.4806797358424
46997,132.2687008398095
46998,167.83630959108407
46999,143.1534453682569
47000,187.5347420478366
47001,496.18456698602546
47002,190.00528532626655
47003,298.3996859054199
47004,453.16292588936966
47005,207.9490578596097
47006,342.0905443644469
47007,178.74629463023797
47008,413.56312588356104
47009,158.64112929718226
47010,351.7097712509463
47011,460.23317722473155
47012,197.26777853908746
47013,175.13996369653296
47014,174.70786398673852
47015,248.72619542180044
47016,264.6440547476997
47017,242.94643200142156
47018,226.22857241498622
47019,279.95544939252443
47020,172.12395241986636
47021,169.39270540197217
47022,180.52425665853428
47023,529.915591849346
47024,243.41792034376425
47025,181.36729671377188
47026,178.3414984344175
47027,269.8032046025153
47028,409.0773296418455
47029,147.97522134876886
47030,144.44913087321768
47031,254.26249509336893
47032,357.2312173165302
47033,340.8730982664956
47034,195.29646233182973
47035,587.178960001792
47036,240.3811415664935
47037,133.60293850049158
47038,309.6455169785839
47039,275.35555838135576
47040,409.71038296163323
47041,738.8960965933386
47042,156.77613794272526
47043,195.84956844441402
47044,309.332155193361
47045,144.90580819970873
47046,592.0859319693772
47047,317.46678232665
47048,142.80571879551115
47049,157.50375777182913
47050,172.74155039312873
47051,819.2650473245171
47052,284.9034067043482
47053,172.417214261645
47054,143.35081873929929
47055,129.7049274566801
47056,170.686773795733
47057,199.49883859230326
47058,293.7043818402739
47059,319.64465515895904
47060,268.24904921846957
47061,246.0859141921876
47062,254.01763176647287
47063,198.09789299638297
47064,168.55651286880666
47065,147.6703881684583
47066,297.9654524910538
47067,154.8215070754353
47068,253.75877683261714
47069,777.6703383725483
47070,208.46808789161642
47071,186.9305126733322
47072,296.55234759943613
47073,253.43198860270203
47074,194.8090380803877
47075,236.45472566767273
47076,179.74885544399854
47077,202.249948374688
47078,194.9646536297298
47079,235.94581632600438
47080,175.31747759907043
47081,415.54862157879967
47082,214.4304785285782
47083,454.3297693892532
47084,255.17048626199667
47085,249.02985155639647
47086,145.1658768762011
47087,204.93650457571124
47088,250.53017176451652
47089,249.89453005435584
47090,247.4513313873162
47091,223.9006747645781
47092,166.1113665210917
47093,273.7549475300509
47094,408.6095357226482
47095,134.2755993230015
47096,220.25811895698433
47097,235.97247608598755
47098,428.0801230975548
47099,364.4038251122992
47100,511.18660259807507
47101,240.00155413204087
47102,181.77595278017236
47103,283.0946378222029
47104,219.4416325589754
47105,366.1057832803356
47106,155.24884362152892
47107,204.90754521690153
47108,284.69297632712414
47109,165.76049363207406
47110,715.9740093325731
47111,211.18947825087497
47112,179.28053034362122
47113,148.83804143013688
47114,161.94985610371495
47115,764.8939041578726
47116,138.68072512527164
47117,211.73570274522135
47118,217.6772232811135
47119,170.46576170095122
47120,267.92208691789267
47121,372.8618361767775
47122,287.7227530581325
47123,289.0736238435396
47124,3543.620978271138
47125,299.9822924753248
47126,193.9155354299266
47127,205.59654856581344
47128,376.06620767144386
47129,245.17650006629816
47130,587.1595674248929
47131,438.6785492163885
47132,891.0830487249622
47133,160.35147438412028
47134,218.99663821949434
47135,230.56198669123594
47136,497.6742262219239
47137,280.10420195876134
47138,233.14760572184633
47139,145.1804761747201
47140,270.12142345376304
47141,295.32237932465455
47142,522.4861158307936
47143,679.9311592403016
47144,216.00549729417497
47145,322.6063861289171
47146,286.48911492849976
47147,143.60088921732898
47148,140.51204185475243
47149,184.58729760495538
47150,286.76361880142235
47151,323.3864575604725
47152,460.86040087117334
47153,565.0681499283
47154,433.6589433449537
47155,215.7499253642456
47156,183.17766206528844
47157,187.53333961084468
47158,131.91926320049424
47159,274.415072245691
47160,203.89277630389077
47161,948.0683671543
47162,273.53262927520416
47163,256.59571526444824
47164,217.47074420359291
47165,227.06879036289897
47166,190.05174513066166
47167,248.48315931262144
47168,391.6831067548476
47169,245.6495954256292
47170,152.27216713814852
47171,152.05604056941735
47172,142.99409135665795
47173,165.91639610802423
47174,344.0974120632229
47175,163.8720002520975
47176,223.84555475391755
47177,265.3905623916643
47178,236.20236350056697
47179,268.8327656578244
47180,183.0529436020358
47181,278.5063229856666
47182,239.48103036095932
47183,332.41349070837504
47184,123.97989223826315
47185,137.09143632587723
47186,436.59795439745153
47187,526.1871763063483
47188,162.79976733922962
47189,221.14678885589595
47190,405.3968192778612
47191,264.53737318220277
47192,254.78886926452526
47193,467.5455295919498
47194,211.06813824116432
47195,191.46190638851428
47196,233.81980618782956
47197,197.78536823325186
47198,297.151137890197
47199,508.6355038458718
47200,228.4423972407713
47201,642.3682222664352
47202,330.2074132602332
47203,300.84042275390607
47204,298.2959518380679
47205,462.86420418586283
47206,168.24280620389627
47207,133.31565588570706
47208,213.0998537589551
47209,482.2223539294042
47210,126.49571670401411
47211,215.25889042431453
47212,146.2868157941252
47213,286.9079110891662
47214,205.52175530401738
47215,210.14432703371196
47216,211.083441903194
47217,743.2273968557165
47218,257.96435222868035
47219,263.45223534350805
47220,142.1435588325584
47221,360.5251025285168
47222,301.98998019418804
47223,239.33301529981094
47224,280.18818253745013
47225,171.8070081963964
47226,443.2879349205156
47227,376.19492167935846
47228,168.81284795784322
47229,135.1660886855451
47230,212.43619290591388
47231,335.36856674488786
47232,325.6517960180952
47233,252.50348547287007
47234,287.581642909441
47235,271.00812880694065
47236,277.2004376705213
47237,303.1292382328124
47238,217.70054995240147
47239,203.18271842356754
47240,222.0181000543397
47241,219.01966716868398
47242,325.9876021324235
47243,141.0360131554
47244,167.3454735683901
47245,249.48133762499887
47246,262.96874130017807
47247,1387.6687727569426
47248,409.96981305777126
47249,306.3050506681089
47250,164.10762968119857
47251,214.8209183816519
47252,298.88930421421117
47253,181.79383672418632
47254,260.5544263372174
47255,214.81117297969087
47256,239.29994925316748
47257,383.31624547897934
47258,160.56198444454841
47259,236.86014966056806
47260,289.64468404882285
47261,164.4345259386099
47262,148.03822894951114
47263,277.7171918320529
47264,154.6187836164036
47265,243.60418591498734
47266,397.8269908634209
47267,317.5339653110973
47268,331.1708791033466
47269,267.90984094418167
47270,203.9468293619423
47271,222.3832707540033
47272,301.6346338463579
47273,307.0765121323707
47274,309.031879965149
47275,164.9073714831226
47276,255.15466626748346
47277,334.89843182490114
47278,129.69116540704673
47279,208.04573820370996
47280,184.4173729536624
47281,305.25704464385365
47282,446.4143831021544
47283,385.38584779314704
47284,403.6884912914588
47285,159.0031037088137
47286,331.1218904817215
47287,731.047209003001
47288,275.49058760650837
47289,317.01084065131545
47290,259.08290308842936
47291,235.63749315288874
47292,343.73834242785
47293,393.6191881413448
47294,256.2332950957243
47295,234.85821264903333
47296,231.97125266978816
47297,166.24668263083765
47298,303.61489849309584
47299,208.41269456475916
47300,291.73673351309634
47301,212.35158201818118
47302,245.17276383627473
47303,175.9333799095462
47304,269.9696286607409
47305,240.0926796478218
47306,302.66684861341287
47307,230.49675859917633
47308,294.07369247421826
47309,266.0573197068307
47310,472.0015514406322
47311,643.5793800402143
47312,234.57434339072188
47313,249.00677399197457
47314,1045.6498933111502
47315,202.67897748642258
47316,704.8184691393042
47317,266.35741283172115
47318,194.5039466509758
47319,457.4879012051712
47320,265.65888553661915
47321,271.4777294831789
47322,401.0905005821852
47323,264.4358561410089
47324,258.55680217940926
47325,187.62168185462536
47326,205.91056724122367
47327,178.10453060217836
47328,368.47770339597133
47329,206.1373140402049
47330,723.8867551840331
47331,257.8564885936096
47332,547.7828303632799
47333,184.29592907240368
47334,199.29323265984837
47335,299.7149477869817
47336,448.24266297033114
47337,389.0136571904038
47338,152.88801376949266
47339,312.9254429580288
47340,166.16721015715947
47341,199.95781839487222
47342,220.13800544613235
47343,146.86415040118632
47344,268.8246923522228
47345,324.5090287154042
47346,184.6162560904876
47347,205.3971751305434
47348,162.90963151564668
47349,174.23992488829097
47350,389.76349845518234
47351,170.25005082154166
47352,451.35803726593605
47353,153.94753422372676
47354,228.65770421716215
47355,348.14225284636285
47356,228.3236460158351
47357,188.9382539032809
47358,184.32964473773555
47359,180.2497326874788
47360,447.67832366499175
47361,272.86572316818877
47362,231.59238968022083
47363,165.18383227709325
47364,374.08255779170355
47365,130.32517276751844
47366,203.08176103521595
47367,195.96175763846742
47368,156.74892692861894
47369,320.18498992578907
47370,186.78587504373206
47371,312.6567930682715
47372,658.3245813319791
47373,175.23094996943814
47374,346.83981154780787
47375,196.2318582812665
47376,219.00394612414863
47377,509.58921000033024
47378,199.88172681359117
47379,244.22698604435848
47380,371.0896345081145
47381,769.8563160949673
47382,337.643770764424
47383,124.31901179039693
47384,390.9005432224812
47385,137.79231568417256
47386,184.39260072374157
47387,175.63598941100256
47388,340.0460096046687
47389,180.1571896581553
47390,229.02116784165898
47391,1397.2697148271432
47392,224.71795524343202
47393,177.1052030393862
47394,235.7105588715519
47395,262.22035099445924
47396,239.5462873168276
47397,203.58207176680563
47398,158.8014292199576
47399,139.7184061580037
47400,305.853588836985
47401,282.6494472599432
47402,433.31047777083984
47403,134.4067926623769
47404,239.86731507225485
47405,338.2524542224454
47406,207.4508355504389
47407,211.8572394100258
47408,962.7284751010804
47409,303.5763147111303
47410,651.9050234501468
47411,516.8820574463587
47412,454.95581099869503
47413,216.86020834722524
47414,144.46823226313518
47415,371.8435550861761
47416,267.73288161238634
47417,152.85120311796868
47418,201.44776683402503
47419,157.07628358363493
47420,163.81243681206334
47421,176.1953658539836
47422,517.7569996937639
47423,305.9605466158239
47424,303.54073404233725
47425,286.3169446690752
47426,166.49620637704535
47427,312.13177268488994
47428,512.566605680187
47429,536.5304143340354
47430,558.897201080736
47431,303.56610271175094
47432,318.0982653349201
47433,153.60521819202884
47434,211.40051249392394
47435,391.1234634210096
47436,246.3844954051556
47437,151.09485262958745
47438,331.861063608314
47439,750.5667114929796
47440,214.32493822136385
47441,330.51806485732186
47442,191.47007548256457
47443,221.41476090118837
47444,274.11086526162524
47445,377.4894054574645
47446,130.53580445220072
47447,129.43531349422761
47448,151.8656636403062
47449,311.00371588770906
47450,236.24087193697653
47451,204.3496767127252
47452,532.643570496047
47453,232.06556675541054
47454,150.96842405987127
47455,521.4811719024931
47456,231.19752617959173
47457,346.93849322436574
47458,494.0230581462518
47459,374.40589805706094
47460,287.71625761411053
47461,194.93296968565048
47462,273.05109482926116
47463,635.1597846155522
47464,167.67838954796812
47465,434.9616229800945
47466,355.4449444315737
47467,389.94038643761166
47468,408.02322076287584
47469,4977.394107085679
47470,269.8791324596213
47471,473.97608341480077
47472,283.3294281569299
47473,166.90965679761723
47474,387.8770046939502
47475,209.13616332998694
47476,891.3556787926609
47477,215.47782178076216
47478,239.52056432017673
47479,628.580197751531
47480,195.26938744062068
47481,153.60676849797792
47482,230.37723462823158
47483,322.81468177324075
47484,974.8111774042477
47485,270.0333411055779
47486,718.6509180376333
47487,141.03505711942435
47488,533.0694014685147
47489,286.6136687017971
47490,377.61758785859985
47491,219.1876944628501
47492,241.1501233291986
47493,163.8065486045222
47494,315.74622587886597
47495,97.4373575743215
47496,194.3147654514722
47497,259.31626032865506
47498,171.7829212258811
47499,214.14713066676924
47500,151.38100948222248
47501,338.6335112849212
47502,224.05528537940273
47503,309.62267913896744
47504,952.2755302111249
47505,171.91281203475504
47506,211.53350410394737
47507,322.86302515776407
47508,133.50063922917374
47509,217.1026761467826
47510,1050.0398551300984
47511,1059.2145684181887
47512,261.96134147579374
47513,201.1985988669579
47514,338.82473784074966
47515,636.985859947411
47516,444.3927083878537
47517,725.019677486149
47518,385.63729043559505
47519,189.8186313609146
47520,327.12841223680743
47521,175.90178386674285
47522,465.4207322786618
47523,529.7340571018267
47524,213.71103015771368
47525,429.1371392068349
47526,210.91738234776412
47527,216.51968277720593
47528,240.231064597456
47529,405.89568663666313
47530,249.90832684083054
47531,210.93102072417219
47532,334.03723904941876
47533,232.80874602175578
47534,241.09717103851196
47535,152.0048644561203
47536,270.4809147057885
47537,362.16519243475096
47538,306.3728103868357
47539,271.4197170471367
47540,1260.0525704397
47541,184.14309182314634
47542,317.6404311607149
47543,326.84289618960474
47544,180.79450078874265
47545,414.4137553556791
47546,699.9466731574178
47547,280.9699947902629
47548,267.66991256667745
47549,1522.296472981678
47550,424.3177169722206
47551,137.47409889993503
47552,132.01230919749335
47553,144.08617289600318
47554,233.50123623374333
47555,250.282803900588
47556,713.4758694845309
47557,167.0767810978716
47558,223.52278170651192
47559,243.46456352843035
47560,200.24791777639786
47561,172.60123256879243
47562,154.58247717414199
47563,136.02939574278997
47564,162.5613101961702
47565,231.1179898346489
47566,304.09808997121274
47567,165.9647627837738
47568,271.596200680599
47569,219.42094689831904
47570,171.67292058962096
47571,307.4050265065515
47572,173.60736065802777
47573,142.0153966427958
47574,162.21296770817384
47575,362.2212919154805
47576,183.54772584956444
47577,160.58310226251402
47578,227.16906135189473
47579,152.21062817124925
47580,221.31736664147704
47581,165.52974495771375
47582,228.49902438955448
47583,372.5676933429009
47584,730.0387150822022
47585,212.26405182334284
47586,257.5388159839513
47587,167.5165725634504
47588,210.73974626184733
47589,376.8328412004939
47590,251.61247282102102
47591,135.54406923235447
47592,117.2976103611639
47593,222.0763951966084
47594,279.09644024611777
47595,177.51402915163683
47596,245.64976351067477
47597,285.97080886651264
47598,162.8712974580776
47599,424.36358198155165
47600,324.7874840423024
47601,342.9436134523982
47602,227.96002449724634
47603,180.33002837521462
47604,574.875165947993
47605,218.01425674046263
47606,458.60200117818664
47607,181.7589719901941
47608,245.4345945846762
47609,259.1018831335497
47610,617.605679161279
47611,246.71470421136158
47612,627.0047756460801
47613,226.21397094609443
47614,836.2034739228915
47615,342.6459526364029
47616,160.3833695334325
47617,314.19769069410694
47618,256.5218719352759
47619,255.6137346680533
47620,786.6527112086133
47621,583.1139841611863
47622,248.98171116009
47623,368.1297286316038
47624,246.8603154880759
47625,209.9111465984025
47626,216.2739396789322
47627,158.70135072657413
47628,193.69192085460224
47629,215.37914118853038
47630,177.60351101935765
47631,230.00905412161794
47632,182.47540398669932
47633,151.07447058550738
47634,191.61748565269727
47635,206.95357871582283
47636,214.71295919871176
47637,608.6105037715266
47638,178.95352187596194
47639,149.37216153008342
47640,326.7693474868417
47641,151.29668074230403
47642,209.45510494923877
47643,417.8950728781072
47644,267.9781317484327
47645,358.7548002643571
47646,156.94627612574564
47647,207.7210546240921
47648,366.4898799281585
47649,229.48453247065842
47650,345.60840512436386
47651,269.5266849664248
47652,162.92314963129516
47653,272.0796191076569
47654,360.8685606582435
47655,616.7755016406556
47656,213.26794159910017
47657,211.86228667900752
47658,243.75997693546975
47659,247.61486058593684
47660,227.02696135114385
47661,321.5223004172043
47662,175.49794516229304
47663,400.11975367105504
47664,227.04812286119648
47665,417.97436952922413
47666,361.00995338421217
47667,318.1849027995929
47668,197.72581688203334
47669,187.63876376839937
47670,161.3188378462201
47671,354.76686283785114
47672,212.5524704550703
47673,156.6836406635758
47674,224.8433489242482
47675,191.02965653738585
47676,427.8539480384256
47677,321.0305807149264
47678,301.3847101321078
47679,230.38010128443693
47680,907.0038671519637
47681,599.5887286437513
47682,227.66571505971112
47683,132.60130129194727
47684,204.70304126373782
47685,162.58896900591736
47686,689.9699700115553
47687,426.41403144587105
47688,285.0352277178477
47689,208.77898910019258
47690,499.7087025172637
47691,181.94758769983656
47692,157.82631426921319
47693,327.0411885853332
47694,134.9008921630042
47695,743.156722678498
47696,398.7786439605639
47697,212.5041896955664
47698,256.9736196883722
47699,175.31832458133363
47700,246.34826045967657
47701,413.7422934621586
47702,227.98697137615227
47703,470.910353430147
47704,265.56726844771816
47705,416.9769674114721
47706,495.1900949660382
47707,405.1425994010969
47708,255.08917030966214
47709,315.6535161279098
47710,276.73625069180986
47711,301.7741547574192
47712,461.89893498962914
47713,213.98578221185394
47714,197.0460728334129
47715,147.5205269610504
47716,268.1731984440222
47717,200.1839370626805
47718,129.06882472373462
47719,324.01654905283056
47720,411.66611079744774
47721,203.05782874245108
47722,169.04015902833154
47723,246.93144286731098
47724,375.42799946374794
47725,228.28045712951592
47726,354.4061137788896
47727,255.03059901310513
47728,277.96084927299023
47729,153.11531990052293
47730,217.07566328255632
47731,198.9459787095921
47732,249.89480281125353
47733,330.41245188559066
47734,146.0253444750794
47735,230.23055325795102
47736,383.7724113839601
47737,192.81653029642598
47738,542.2861276281322
47739,627.4034520859335
47740,536.3333015315492
47741,181.0802506545966
47742,795.2888078970466
47743,123.47124192309317
47744,231.67693122963615
47745,514.2262528815205
47746,322.73891855518093
47747,208.79481540932966
47748,222.86401807350472
47749,287.35896511998044
47750,243.14988384645122
47751,292.4483634878307
47752,422.0002984448509
47753,205.64350208489216
47754,215.3436121516471
47755,114.09597828563292
47756,345.4566859790917
47757,368.13163034124943
47758,165.3855843437121
47759,154.77970724820608
47760,335.075550823628
47761,148.26359226812193
47762,219.43388152571933
47763,166.09490675066888
47764,237.04226112629487
47765,249.73931536879994
47766,276.93329348186506
47767,206.39233184450097
47768,598.836804754961
47769,201.03286452978463
47770,190.0693636540425
47771,339.7845907930809
47772,265.4197092510465
47773,156.83993376396384
47774,370.74267560755237
47775,313.3697781951428
47776,845.8739844226095
47777,245.5004817348394
47778,204.15701952060823
47779,190.46335889185573
47780,156.64087917293173
47781,212.00066419448305
47782,788.8720976617608
47783,330.31219002987604
47784,1439.6603709808242
47785,349.77519915726015
47786,588.2768438555144
47787,265.90393796445983
47788,319.0494980330281
47789,283.6335745141486
47790,132.24845552858878
47791,325.9883268141667
47792,132.03202089291293
47793,188.44342087003147
47794,332.1795100606218
47795,338.747741417307
47796,305.44767300152506
47797,188.4236412613522
47798,136.99196357136668
47799,186.71142353593484
47800,183.47220179335244
47801,334.6423444263048
47802,313.8502228319551
47803,251.88010671637207
47804,198.47994602577597
47805,515.4095407198294
47806,147.03877004177858
47807,1064.8852063423885
47808,160.09327194794844
47809,198.7409113973315
47810,876.6158316501284
47811,651.9913563892354
47812,288.0098027263475
47813,361.6459763448893
47814,159.0684439500984
47815,580.6451489435962
47816,249.97019522593123
47817,241.01001506461822
47818,158.45237030424875
47819,394.58054103107077
47820,124.77024419379148
47821,238.4550015865805
47822,197.4591714052962
47823,128.74345348373916
47824,310.93190000528784
47825,268.4157044725861
47826,331.7343554333147
47827,604.6733100779533
47828,426.8395624601584
47829,265.53886524830017
47830,239.76011390382888
47831,212.95360247635207
47832,149.32791100770058
47833,272.73383505807595
47834,312.1195739217291
47835,140.64764253940922
47836,410.0316213508498
47837,227.68117726610245
47838,259.466808541911
47839,154.80057716903903
47840,139.33856673154227
47841,454.9784812813552
47842,295.6368032247517
47843,157.07084748790896
47844,365.08573447180356
47845,220.73636008911865
47846,167.72608633606103
47847,152.54897575360366
47848,420.8232502107823
47849,194.86389903042752
47850,257.4401491875347
47851,508.60303743872726
47852,132.4809814660967
47853,703.9049355418912
47854,376.03542835284685
47855,287.63436000025433
47856,406.0090803546193
47857,606.5230822324544
47858,147.2637710629052
47859,150.9995668386271
47860,253.66969440438137
47861,151.3840595403322
47862,312.9002208517011
47863,169.17958862422043
47864,216.6478213823175
47865,267.0868051004711
47866,241.3606573435595
47867,350.9715974135276
47868,202.26258957339547
47869,378.47827329219314
47870,255.88055003037076
47871,181.86508836420052
47872,204.8592934860281
47873,241.0461275070881
47874,211.0648653642218
47875,304.3130583733523
47876,219.30427512883657
47877,257.77685450463815
47878,377.83228843885263
47879,1876.7844480562628
47880,195.10034972639932
47881,138.786606435156
47882,272.2271822661954
47883,119.2285290508922
47884,117.70877243077163
47885,230.80792165466357
47886,159.50816693391062
47887,253.78122333455124
47888,518.710379311553
47889,155.96666953148082
47890,871.3521123302378
47891,453.0231311072146
47892,194.2950487830403
47893,232.30161063620795
47894,305.3424109948949
47895,198.36845918419098
47896,212.18966057845802
47897,345.466873052163
47898,349.26017585837457
47899,198.50612902988073
47900,284.7502213394963
47901,418.4179538270053
47902,282.4044996512867
47903,272.44398045376835
47904,306.8591823517178
47905,352.2907260120667
47906,483.5822465009263
47907,481.6057444219172
47908,241.43262392032983
47909,439.59256209886814
47910,330.5058025245188
47911,449.47817772958757
47912,252.7329992149126
47913,403.26155995236564
47914,158.6635765472123
47915,200.37100697468745
47916,285.8059700416267
47917,305.8235450441058
47918,542.4659096963462
47919,153.81071650399628
47920,316.6047425580502
47921,189.45135056476272
47922,120.88571908774877
47923,154.8614797123829
47924,358.25034948203887
47925,243.512503503213
47926,609.5078462603404
47927,354.32745163815014
47928,1032.5975724067534
47929,146.82321682824573
47930,245.27959106673427
47931,210.65798660250533
47932,243.13798172368843
47933,239.67952226789066
47934,325.72233831409164
47935,198.18885626884577
47936,359.9911184091129
47937,300.37428127479586
47938,865.8319609321654
47939,304.96755451494505
47940,859.7657020904721
47941,311.08289566337294
47942,949.5197643717718
47943,159.94843351436833
47944,258.1029324101117
47945,599.0876022697406
47946,340.4291061725527
47947,193.6541920282521
47948,170.65796443397764
47949,152.69236251068983
47950,286.6521885397595
47951,391.0405813317991
47952,219.16560586333645
47953,174.34139554067735
47954,354.45479787550784
47955,316.5647062469496
47956,194.7646785314213
47957,455.65323298227315
47958,143.53401359852793
47959,159.02559841344473
47960,195.9773417277968
47961,634.1490178165648
47962,161.94432864041102
47963,250.2027022940709
47964,610.3872952853114
47965,344.6601676582495
47966,210.3209793854117
47967,419.2761253866915
47968,701.0145899156324
47969,164.16426575946122
47970,361.91513715128275
47971,166.7736730783188
47972,418.9895649329206
47973,294.7061717749981
47974,122.26930086609244
47975,729.4615194374836
47976,216.90355652934363
47977,157.52802309447588
47978,532.8390925676827
47979,272.2664195185647
47980,385.1001276584449
47981,141.79355037514068
47982,273.06579582834775
47983,226.1211841085937
47984,234.3388685072821
47985,266.8463904591413
47986,565.2116842959643
47987,392.3837916394079
47988,373.7770573165461
47989,628.734307607277
47990,201.48356127547396
47991,697.09167656653
47992,613.908543101555
47993,115.86024194459104
47994,481.6993364186509
47995,388.6623377626279
47996,154.9365152074702
47997,341.31241995624003
47998,375.5049097841322
47999,202.1117162408708
48000,179.71925661146523
48001,115.73964139584416
48002,387.70739008063606
48003,205.7932428568248
48004,371.17519556689757
48005,214.0865937991422
48006,253.32748304296337
48007,237.37013355193685
48008,299.03095106397126
48009,119.31644299444999
48010,551.4382046577778
48011,149.34741423574235
48012,322.8711666126143
48013,325.021711384077
48014,161.91744639248708
48015,175.23479066419299
48016,142.8659151064
48017,238.96703101052205
48018,261.91943634779585
48019,159.6027422731618
48020,244.82766570201403
48021,376.0759128108938
48022,433.8673450170633
48023,254.24893570885956
48024,150.11746967676905
48025,155.7934397530835
48026,267.36979522093134
48027,340.4448718843133
48028,291.0521474179835
48029,149.9837546054256
48030,172.08104527241375
48031,334.7871957539425
48032,185.91799117100663
48033,470.18700571816333
48034,639.0227670100959
48035,408.72168318952595
48036,174.47667573362045
48037,433.8957990193249
48038,365.64535304427903
48039,394.520131600225
48040,360.27802744270855
48041,252.09161364450858
48042,545.1291079909803
48043,221.48072590850504
48044,169.80195185237346
48045,551.7405610033522
48046,241.1399176469686
48047,134.8422933843354
48048,429.4562992763509
48049,248.76911966391438
48050,250.3560553161058
48051,108.7474071738794
48052,177.9961056182927
48053,208.11788448076965
48054,253.4161572922658
48055,134.04315175054938
48056,120.25745789915828
48057,277.38228892040377
48058,186.22358602766874
48059,194.43507350096695
48060,378.92860219658274
48061,168.8885658715304
48062,153.28261638605395
48063,314.32385136356237
48064,483.6984257967862
48065,141.7447144191211
48066,326.1621229884521
48067,174.3992264818884
48068,179.43316054614854
48069,218.43780294557808
48070,266.52813987703775
48071,316.7787924967154
48072,195.56923281911034
48073,268.5423098312318
48074,450.657816959582
48075,295.15720384913993
48076,1243.9970490006033
48077,197.24071897458046
48078,181.67983312552641
48079,530.6346629279949
48080,247.86618842265108
48081,458.5112267140265
48082,260.6894394005571
48083,422.17496511013866
48084,198.5634578458355
48085,150.1917250621536
48086,128.85874606804106
48087,229.16681939565422
48088,107.43777989069774
48089,663.6090954879759
48090,281.73419235088744
48091,388.8460049260205
48092,415.7918338004315
48093,333.359230569536
48094,234.21870240210256
48095,229.89053043988366
48096,405.2336644671733
48097,1026.3780877004056
48098,285.2817501426764
48099,334.343134520379
48100,291.2079842491642
48101,294.15578995045814
48102,180.07805315260913
48103,315.49162791014504
48104,335.9099476858242
48105,116.66241941011214
48106,364.6232300628093
48107,237.2214342989969
48108,245.19519219976436
48109,186.7880004657383
48110,225.79013685228136
48111,212.1987918846333
48112,1467.5481592348115
48113,254.26636340224042
48114,245.96510711238656
48115,140.58650586060494
48116,154.19816845602068
48117,164.48855572597077
48118,140.1311026668605
48119,187.23744527295014
48120,121.39897214364738
48121,139.11729117524638
48122,368.50778326125754
48123,134.81957249069245
48124,831.5469083985199
48125,258.02704688129154
48126,395.846696189379
48127,207.19085852774398
48128,133.74005650394963
48129,200.45881836754543
48130,184.45997090813069
48131,166.68737034839512
48132,188.74010966731626
48133,186.3224440399228
48134,153.96948052052588
48135,465.2100082374099
48136,264.41499273635424
48137,190.90221136606672
48138,171.59740860067728
48139,191.8969829639947
48140,585.8502834538976
48141,228.86125002762853
48142,254.86081940561112
48143,264.6914087267997
48144,590.4089437785894
48145,434.84717450252543
48146,236.99564644810906
48147,211.77540733211674
48148,324.01574648940993
48149,403.89238106987466
48150,172.54492411762254
48151,250.2047918519954
48152,147.8269636336905
48153,201.85491682805213
48154,337.73719465569616
48155,210.58245593524643
48156,265.10094595862097
48157,179.26018369902198
48158,221.34212387038684
48159,234.40990715761185
48160,205.10456186904347
48161,114.97059565013265
48162,312.76230753186684
48163,167.1342166741102
48164,487.4992978879187
48165,310.5485912098774
48166,243.89476041535622
48167,308.0042266072704
48168,150.53505332433807
48169,174.4866724987765
48170,204.6879236666425
48171,143.6356556240323
48172,486.94378829522043
48173,230.18781238281076
48174,155.7847471216209
48175,572.1725768981104
48176,191.88936988756916
48177,338.8983745075199
48178,419.1831036111025
48179,290.18010632958845
48180,248.82471103176618
48181,228.75863899179862
48182,705.7449588014131
48183,410.16611016292285
48184,386.135101469051
48185,158.74545013679733
48186,134.01385294929597
48187,164.63707985221595
48188,230.03948412397727
48189,471.9567424963228
48190,236.03428740818836
48191,388.5588773681008
48192,200.78626396303835
48193,180.74583995337358
48194,231.05338791796976
48195,470.05297598267674
48196,383.7656432631572
48197,191.32891295198286
48198,196.03394870237878
48199,134.37577433328988
48200,236.39687422502942
48201,427.02581708976953
48202,230.2535414662227
48203,416.15849488031563
48204,185.87554192376268
48205,177.19467257881135
48206,210.40464469930805
48207,249.246988171559
48208,349.9384885408121
48209,147.46828763316486
48210,154.3833596749761
48211,451.1216510399116
48212,906.3749434872173
48213,142.98769472607788
48214,201.41732293914228
48215,414.57067137757025
48216,434.49315104523873
48217,215.58797538255016
48218,366.701262846167
48219,346.9185915576795
48220,177.66705240798504
48221,213.06777951248444
48222,128.6565431470671
48223,437.7743556998604
48224,408.37358836142255
48225,166.59836165337242
48226,197.83813030575868
48227,293.4248482702986
48228,209.3592899060194
48229,262.7584303296703
48230,199.73970206095282
48231,372.6092291662212
48232,192.81790610236692
48233,248.66574971519955
48234,175.23193630814748
48235,165.16715185661414
48236,172.31474981992682
48237,172.54727106221924
48238,284.46180097155803
48239,148.32285751819248
48240,515.9479204349084
48241,273.0942027023676
48242,291.0017345023752
48243,221.52849138805635
48244,423.94952252737386
48245,173.9062883458718
48246,674.8229251170183
48247,290.18798318140665
48248,208.31384438892482
48249,263.7325433249498
48250,178.91469056907647
48251,302.64475354035136
48252,266.6727700103806
48253,223.9785407813182
48254,258.9794295145001
48255,433.7549776565999
48256,199.22197151607784
48257,127.30810696448727
48258,276.4903821872973
48259,166.8098738492429
48260,419.8588699787374
48261,177.55727501666465
48262,185.7426417039087
48263,911.7444507039444
48264,162.0593430184834
48265,250.90143765738253
48266,155.55811702485818
48267,442.96630217137135
48268,260.4562140870975
48269,184.68961622862773
48270,152.96659185472203
48271,394.1087258421572
48272,312.80329404099234
48273,273.30662599651686
48274,223.63952590139317
48275,266.45408442689455
48276,231.67844574737808
48277,344.64198592208555
48278,462.89391817162755
48279,230.5650851717176
48280,221.44576273955258
48281,257.4525465827746
48282,973.8081036773386
48283,168.55576691120484
48284,241.3734266703865
48285,451.22377319510855
48286,239.74016334483483
48287,517.4598654348738
48288,153.0617623168295
48289,385.9389209641523
48290,133.8014579306522
48291,243.47379598895714
48292,157.75371074997545
48293,1106.7629131381523
48294,369.2021089020702
48295,143.96070744550224
48296,343.3725262829564
48297,151.48006385843038
48298,659.0868464474802
48299,370.6896416580146
48300,248.12695869386738
48301,608.1376470450932
48302,228.5112558088728
48303,851.9045300403368
48304,1048.90793601662
48305,202.1613526783055
48306,185.99795093992557
48307,486.31178567031736
48308,319.9513795981656
48309,173.88856641710632
48310,200.76269103875748
48311,371.4271214726375
48312,393.9065660788424
48313,250.51248346754363
48314,117.13967411783489
48315,229.8451719080949
48316,526.0888002345189
48317,175.45752489995814
48318,78.35522484392348
48319,275.5269174648955
48320,165.19096362749124
48321,255.54755221344524
48322,609.5500756187413
48323,870.5190552052364
48324,393.42015976080233
48325,262.0793036142235
48326,308.90997803172263
48327,380.321970127925
48328,113.47758039556793
48329,264.5737138687987
48330,143.14893313399125
48331,154.77412979960388
48332,195.64318409190273
48333,166.1204123362769
48334,243.45004083742975
48335,241.8775553663881
48336,240.39114581722293
48337,339.6467993409732
48338,184.33922242424524
48339,352.07322227533064
48340,224.39525192300118
48341,566.6393261923264
48342,261.1155139730837
48343,190.37306899344324
48344,256.7855467898974
48345,394.10250305730074
48346,315.24171665102983
48347,192.13837147760213
48348,240.33373177009105
48349,266.18237545127084
48350,585.9373673129174
48351,525.677917514658
48352,294.3614790195462
48353,466.80189816137863
48354,288.381398909013
48355,290.92698337551553
48356,387.80215004692485
48357,209.8660855314326
48358,445.4722424686043
48359,352.6275645221447
48360,627.7445069862096
48361,371.63868237783703
48362,243.9760982542262
48363,239.22726111677468
48364,262.6417286707754
48365,133.37585896413694
48366,173.34108280892218
48367,227.24289031505165
48368,177.67738618481152
48369,347.0063330185789
48370,217.03397584688122
48371,382.7712670208952
48372,307.2405837228003
48373,372.62128786858716
48374,546.9653372804801
48375,196.81168458518425
48376,256.2536362964099
48377,221.4782409655604
48378,371.07565279755846
48379,467.50286859644774
48380,359.3919645697539
48381,181.1387030856546
48382,136.8184732917919
48383,250.54090676738267
48384,175.808515439397
48385,172.99853449609512
48386,136.9672904528338
48387,171.88220119442147
48388,433.2964226112913
48389,227.72857946937793
48390,446.8071066481652
48391,257.02360755535324
48392,216.36983762745405
48393,201.7420956287782
48394,241.98695450985377
48395,157.45162887056858
48396,243.87282722898732
48397,463.810242213601
48398,249.65507141601532
48399,215.7558662275092
48400,318.47290478828614
48401,213.6280314304366
48402,177.4553082236819
48403,292.0936869744498
48404,286.07275599602525
48405,186.16682554784165
48406,215.05299140324558
48407,261.75838073237946
48408,213.172260604653
48409,252.09538957462775
48410,312.3591077640428
48411,301.6442492250143
48412,886.6122488834761
48413,367.78009263174283
48414,573.3836832030757
48415,453.99558805655596
48416,280.83953817304786
48417,219.89702631330113
48418,419.84650711945324
48419,423.2043436759928
48420,191.76760808476297
48421,202.516658532797
48422,306.535626995498
48423,287.507967940925
48424,334.98799957705006
48425,462.4541767093002
48426,659.5398058766062
48427,159.424110018505
48428,244.7205750818039
48429,182.476178989236
48430,327.4609350394228
48431,146.10850158107485
48432,329.47950062262765
48433,251.42445955830206
48434,1175.2032802194988
48435,188.9790677210856
48436,154.27200361660735
48437,349.26017585837457
48438,504.9246884104704
48439,315.23495635449456
48440,198.589259939055
48441,212.5482092037232
48442,412.90758706917615
48443,653.9054199871211
48444,187.14733931110806
48445,392.1002992386592
48446,567.3253015968243
48447,349.3158272258299
48448,132.1830491698407
48449,204.3383376433676
48450,552.8502477167232
48451,230.48468883012336
48452,177.91074941698923
48453,329.2010642557179
48454,199.55275305078436
48455,118.45313840631033
48456,162.1643042218796
48457,196.04668472024915
48458,153.08442851187348
48459,423.6415676782362
48460,236.42370209138485
48461,192.96808540819217
48462,143.94292037980895
48463,237.45794519436714
48464,227.08539628196073
48465,312.28231517915486
48466,345.97845531403647
48467,280.2518774805233
48468,369.39795493037974
48469,94.82681805766023
48470,448.41136083643687
48471,185.80516232164973
48472,348.1832903700295
48473,211.75159605724713
48474,194.25842106607968
48475,301.0866468145661
48476,241.19479474741138
48477,237.1444479464354
48478,506.6235538677232
48479,393.2212607831686
48480,213.49696994315715
48481,743.4298027979419
48482,165.94752785478826
48483,219.42170713587163
48484,526.4556603900767
48485,327.81392080161856
48486,449.332277366387
48487,178.99631269155583
48488,209.45378536446773
48489,192.15741165206012
48490,226.51694230420975
48491,230.42327825164156
48492,177.3639457616333
48493,175.13901538518658
48494,453.79680111379884
48495,542.1254589699229
48496,115.2954160270959
48497,169.0701238043767
48498,157.9029373988943
48499,229.8782980554173
48500,394.9944017629706
48501,304.0081344959942
48502,164.30364990431863
48503,144.57809609201922
48504,339.014947437255
48505,295.98260152530725
48506,217.87619180565784
48507,437.07600116952165
48508,349.3580067772547
48509,254.35352387609277
48510,839.251817589335
48511,186.4683242510178
48512,221.21552252733116
48513,270.5938165207625
48514,229.19972765207996
48515,167.31409841481724
48516,224.43896076421927
48517,551.149646140114
48518,966.3488697820083
48519,339.2311377168744
48520,229.8079752992384
48521,243.25265991733474
48522,149.93476508403535
48523,408.2565343027975
48524,306.91273960784366
48525,280.55456509065357
48526,364.658739819981
48527,636.7135956238383
48528,741.030137741259
48529,415.9643595143281
48530,1277.8635467669003
48531,241.82262658505934
48532,272.8979991415981
48533,217.5832098321315
48534,133.99694939948915
48535,144.23793017849658
48536,418.13511953245904
48537,158.56084675553703
48538,465.450713108201
48539,181.9655705654771
48540,159.19591951961232
48541,716.6095459009459
48542,163.3076539559654
48543,411.16443892301885
48544,163.79311823859805
48545,739.0448881841213
48546,211.20864086200427
48547,423.79108945803927
48548,304.7270337856584
48549,152.1202911865567
48550,5824.311249743307
48551,417.4267125083003
48552,368.7316892222807
48553,143.62446207793613
48554,195.6837747255148
48555,304.1425009606596
48556,190.5923466750164
48557,396.50650069789134
48558,239.02036083885073
48559,231.13758153894756
48560,145.51134917397363
48561,153.12346285530379
48562,159.6081305455706
48563,407.5114622602505
48564,228.22727776805087
48565,426.61201956846986
48566,248.54395543091886
48567,143.19042024946336
48568,167.54616498793567
48569,117.32766152140299
48570,188.35305485859263
48571,651.4041308620809
48572,799.8794493065296
48573,843.8306798331379
48574,185.97317567109732
48575,201.08074539977076
48576,163.93960539903853
48577,211.64360568580008
48578,205.29459257022455
48579,181.90324517006383
48580,216.2096061818197
48581,140.338344057434
48582,212.94831110689373
48583,321.4868137429822
48584,515.6995607312178
48585,880.482941285903
48586,366.36468628495953
48587,132.2747686957352
48588,141.39932986165303
48589,166.48519391438023
48590,196.45802321140025
48591,138.00912499296442
48592,255.0507121856506
48593,370.77052573057574
48594,189.80299754718925
48595,165.77570364148798
48596,213.8404730948216
48597,161.18332027756273
48598,165.3132833608054
48599,281.07325143515675
48600,130.22699877008392
48601,320.76458792762503
48602,965.6363144154506
48603,105.61401359840572
48604,354.3144043349483
48605,871.2634302467636
48606,138.80767763909424
48607,199.77282151512665
48608,368.5515367978321
48609,256.86980085995384
48610,529.0479194123308
48611,121.78696540990161
48612,231.29686095651755
48613,146.92791095544342
48614,192.91717859831132
48615,286.3156851560176
48616,158.2628705255012
48617,322.0178841589727
48618,543.4191245534155
48619,203.94604744643826
48620,234.92026963204444
48621,132.34555338413185
48622,219.48779176514662
48623,364.0705045052609
48624,185.67472288075217
48625,228.32116898584695
48626,222.04591252132508
48627,149.17583487285052
48628,158.62088486243047
48629,778.4341885437283
48630,185.32676135172633
48631,258.4600542792758
48632,215.453505312427
48633,213.31526431498634
48634,402.81987438135025
48635,155.06595857720112
48636,143.39170957152788
48637,526.3084408246378
48638,826.1193617411557
48639,352.71016395620455
48640,256.9599167595995
48641,353.3754703620601
48642,142.75586439341703
48643,513.7659585568689
48644,488.5473406684017
48645,143.1423824362519
48646,368.72847246017966
48647,217.37614759920365
48648,153.69568612033976
48649,124.0190628014652
48650,202.46305930465954
48651,979.9460391139617
48652,406.0696443741246
48653,613.789793225528
48654,158.22943739155775
48655,319.988628988696
48656,356.10908093044253
48657,191.20425461327602
48658,229.45403244743332
48659,192.1659320627179
48660,132.9066616153902
48661,170.5459733502519
48662,882.672582294292
48663,241.91861480624976
48664,249.76087209730306
48665,159.50358845411733
48666,318.46946651253285
48667,307.256262318659
48668,225.74628489436716
48669,384.9726339824388
48670,171.2219309759874
48671,356.32475710380487
48672,279.3228068997628
48673,150.08036669386848
48674,561.954576914579
48675,292.6516653400397
48676,202.3833812417596
48677,591.4754017706516
48678,321.7539895876599
48679,318.6002850601111
48680,209.0190613687113
48681,148.2506363100257
48682,488.1636870554991
48683,412.32052746426183
48684,236.30366543920013
48685,451.5422275832931
48686,195.589632910047
48687,334.51518946857476
48688,247.27511702387017
48689,170.26995187173011
48690,240.27273119055855
48691,291.75930366181296
48692,140.09296923217536
48693,261.068943004779
48694,289.851607707085
48695,377.9928931666901
48696,183.27343685167457
48697,256.70149375452223
48698,671.1202109521541
48699,194.77769576586755
48700,285.85781445372675
48701,165.32414447219833
48702,193.12645775812982
48703,162.46524968944667
48704,260.8892518544206
48705,376.7699814042137
48706,197.50216424448533
48707,125.90787422074612
48708,266.92109631821086
48709,509.6597839925956
48710,405.28077027558993
48711,213.65891221201275
48712,361.5974391818342
48713,107.44768181342118
48714,297.04703934636075
48715,171.70976649593803
48716,184.10543083898796
48717,185.56384056128607
48718,173.3548593034475
48719,110.82508441618303
48720,501.9509834226222
48721,191.67556024350455
48722,897.2826917140551
48723,272.0995364122759
48724,267.7951576404552
48725,252.36258558669593
48726,391.5775451239791
48727,436.1172347306813
48728,242.6617150171352
48729,288.51406038481633
48730,289.4797265262265
48731,93.72211688608938
48732,511.9372594494586
48733,762.7669234476066
48734,118.0958030895679
48735,255.0360424066972
48736,221.76604403926822
48737,238.844375605009
48738,177.93674044904265
48739,173.7171476630391
48740,545.032631734118
48741,370.45351988076686
48742,209.9935330920574
48743,285.4712679485635
48744,256.78545881422946
48745,811.5995155019143
48746,191.47953377684303
48747,136.7518622908165
48748,159.53202562529685
48749,406.02333331131547
48750,288.87929005642803
48751,82.13682933641763
48752,463.9614862323161
48753,201.65129853649358
48754,437.27219447337444
48755,1228.2773928640293
48756,524.9713433523348
48757,300.41223864467173
48758,217.80968006294108
48759,287.8561434343374
48760,287.1839210640082
48761,212.49738867519562
48762,311.42923824833275
48763,568.727293433193
48764,363.4231906358902
48765,145.60823367779022
48766,244.23034301393866
48767,207.75033097611285
48768,294.86219640420666
48769,903.0417670052497
48770,183.93006369386535
48771,247.10745927724275
48772,958.468681848325
48773,194.96370174027032
48774,258.05051322030914
48775,123.04843581653581
48776,1095.808295418744
48777,1292.2633202949733
48778,175.14927096465706
48779,254.48591434884915
48780,324.7559667339774
48781,172.60487406519925
48782,316.50608063894583
48783,135.6818570969541
48784,169.52701204347915
48785,691.071395018193
48786,177.27555665093675
48787,257.2948438618754
48788,422.47873129208836
48789,366.8172462219511
48790,218.7632924265202
48791,556.5891878323514
48792,145.9209115841498
48793,249.49302055746057
48794,212.57206070411394
48795,808.4119181760702
48796,177.92118533041233
48797,707.4593609558426
48798,131.783058010398
48799,394.80081685643523
48800,206.58817259388078
48801,170.09189772251534
48802,287.0540878359091
48803,341.30422270190695
48804,221.53305303285018
48805,133.57659252747106
48806,360.91586300216204
48807,206.90048571297342
48808,340.84555023588786
48809,303.2360460511813
48810,418.16840787658293
48811,376.3082777182921
48812,149.37600052180875
48813,335.2291273753468
48814,185.68644638310374
48815,174.94624038762828
48816,249.96615965159165
48817,201.64097432756282
48818,259.3757673346948
48819,264.6120521142186
48820,558.933647530965
48821,283.75701704007184
48822,93.48262143357235
48823,219.21190248773027
48824,147.44940528705047
48825,795.6203894746442
48826,328.09595752772435
48827,675.5675887531454
48828,329.3909543030625
48829,141.04349271889046
48830,218.77512160659757
48831,156.76726143246273
48832,263.45026912499
48833,208.94270219437175
48834,226.64417366329687
48835,163.26959368688134
48836,208.4306880798588
48837,193.59200702897917
48838,244.75193984656866
48839,195.97134364475917
48840,215.1896115383371
48841,432.5363207325626
48842,248.38875847811428
48843,578.9705003760215
48844,481.6676864946008
48845,251.24758931083107
48846,168.50174333528975
48847,126.55241070552258
48848,171.17383634232206
48849,152.6805009393178
48850,186.5531965563025
48851,285.0304679618383
48852,695.8313208758781
48853,222.2515733194498
48854,258.0765605900363
48855,223.3486504150741
48856,202.03099983839496
48857,410.40057697600446
48858,183.05546646246623
48859,322.10549665840176
48860,902.8734118395219
48861,159.71803381878098
48862,213.05618328634444
48863,152.35936968522282
48864,518.9440129218696
48865,328.4185249300434
48866,207.37580757571658
48867,243.81163797424264
48868,305.7348421864136
48869,416.50468460275397
48870,147.56069257785867
48871,381.87776810962464
48872,211.00558293565962
48873,277.240040311954
48874,136.90915069215546
48875,339.5884538483738
48876,246.8117270132959
48877,693.5472631722054
48878,513.173774329857
48879,278.31771552352205
48880,249.47169047490365
48881,207.36773213928876
48882,138.66262031473673
48883,240.30082484557738
48884,315.34343083155204
48885,140.59524003401202
48886,163.72053200132612
48887,164.70038269915898
48888,220.15396235684597
48889,161.83263406666381
48890,798.3070925878787
48891,246.31064982789033
48892,203.28490962935973
48893,172.4522609777968
48894,141.3485814071883
48895,170.22314443203322
48896,201.11437432726322
48897,207.70057483614278
48898,173.84222052345353
48899,464.9663044621967
48900,204.08820470493052
48901,217.6497214757381
48902,400.7376402455311
48903,279.121962898828
48904,144.0399135251002
48905,112.26733995599173
48906,147.7466651365353
48907,164.42662734885872
48908,154.4779580799891
48909,361.1959883216163
48910,227.1768270087501
48911,177.0338838467518
48912,444.6106896655878
48913,158.64933985480704
48914,366.72810363117605
48915,160.102396511494
48916,301.09713238885934
48917,130.38008431108415
48918,470.1856560957892
48919,179.3288778191768
48920,370.93435749847276
48921,199.6446893249069
48922,139.91765354167083
48923,153.4807306696909
48924,251.8094334710974
48925,193.15559737421765
48926,150.79729471548853
48927,172.89162733000555
48928,101.45461293250347
48929,255.08670660540915
48930,296.0506519371485
48931,284.1542473761364
48932,432.00185402235854
48933,199.74980372108925
48934,295.8049728149516
48935,199.55640502009905
48936,205.84690913571654
48937,463.9690053030723
48938,305.8990573534984
48939,145.75876420868897
48940,199.62117380051177
48941,162.28028230993505
48942,251.1496630992404
48943,249.03314875352604
48944,501.5759668981284
48945,279.68350324599965
48946,578.9440495889432
48947,177.6916371608792
48948,309.55768797973997
48949,473.4748660457851
48950,217.74395904727353
48951,194.85700371859912
48952,212.7477784170624
48953,136.59477507361026
48954,129.1247831802939
48955,199.4947352165788
48956,180.46321529264603
48957,469.7749674719941
48958,331.20821726228723
48959,141.42557968790823
48960,371.2158696639504
48961,182.71607193512958
48962,172.61814484878846
48963,211.65864710426632
48964,162.81296811072406
48965,271.60511383123054
48966,112.40961750099653
48967,721.9869269815027
48968,252.03933285891222
48969,242.60691407220025
48970,202.38426098593777
48971,270.0079419593033
48972,217.60246462233653
48973,211.7595566656745
48974,208.94928599198477
48975,322.00111486139383
48976,405.84292519942977
48977,208.52030890964826
48978,261.8616211050007
48979,238.87288326296516
48980,482.1459223665877
48981,265.3902738840064
48982,467.84057478985324
48983,271.3886899275448
48984,477.1377297329415
48985,295.0907476996764
48986,231.88263297276538
48987,328.0323309086824
48988,255.28739144025184
48989,234.0917648281108
48990,336.3519149135125
48991,619.5412158929051
48992,119.65669258900246
48993,488.0222276238804
48994,147.23097518212842
48995,898.0070271027647
48996,236.88007267296948
48997,452.50958982397844
48998,147.7692922084729
48999,189.32061581869587
49000,255.72103967783667
49001,112.99164611755626
49002,159.23318376641612
49003,440.64154925047825
49004,217.2098161188051
49005,182.821238302005
49006,219.9273111328253
49007,229.29218418250034
49008,242.13152909337367
49009,128.06850453037404
49010,396.65779993563484
49011,231.7137148055142
49012,556.4312357140689
49013,204.40777008154154
49014,245.44053117085954
49015,266.15817331754863
49016,465.63766473522446
49017,159.0364446820631
49018,340.60723296408605
49019,455.8817645068027
49020,225.84738762661829
49021,404.80250278998506
49022,632.57556929796
49023,244.97438735391893
49024,632.2239044972331
49025,180.63371707915576
49026,254.64358838473012
49027,159.9698743940269
49028,319.2447653728247
49029,560.0768105673188
49030,274.21203869208006
49031,433.00850146929736
49032,375.16236507525394
49033,790.2722325852059
49034,134.58991638756416
49035,203.5890138941688
49036,210.913912655742
49037,518.3672559418211
49038,411.46300439363455
49039,391.2509400827029
49040,293.8374820241814
49041,167.8501303561204
49042,307.690074634547
49043,354.1811881861899
49044,375.66816678107284
49045,238.43100408345913
49046,260.01212875425546
49047,205.64072414230912
49048,201.22726631426136
49049,512.3425748812622
49050,182.73834436625205
49051,331.3651148155401
49052,277.7573757200817
49053,183.07547810527456
49054,159.13746545219956
49055,258.1749977974601
49056,275.3254091714683
49057,158.33176687268053
49058,293.09058464894906
49059,324.88265518921617
49060,161.0690615826049
49061,220.51988449410607
49062,174.695299849147
49063,553.4526989260681
49064,183.38499174653938
49065,329.31918872998943
49066,268.1156761601231
49067,413.11395765565675
49068,249.1216486873188
49069,224.13458590327062
49070,380.0329970781752
49071,300.14182727290677
49072,166.08531147822862
49073,508.56721199628254
49074,115.12720608653314
49075,331.87975433251177
49076,424.10808178101763
49077,218.56709668389345
49078,210.1937148501111
49079,312.8471812320746
49080,673.5164816862581
49081,254.42941324919934
49082,210.1430591673763
49083,184.4965360484291
49084,289.7098394691141
49085,147.3589650362526
49086,183.9855818483766
49087,172.53253902767088
49088,238.17655186915155
49089,259.1484376101597
49090,351.75602223912233
49091,643.0307648125533
49092,218.66729003426175
49093,467.6777246549229
49094,199.1961778707351
49095,441.06622440693644
49096,263.40196947015744
49097,365.04876180051343
49098,342.9991692417152
49099,1252.9541899973153
49100,158.04203032200002
49101,158.225758224033
49102,232.95327660759605
49103,361.46045811503546
49104,235.714445479773
49105,309.89599582920164
49106,373.05280022173656
49107,408.77687671410763
49108,137.94540094262803
49109,212.9081933808051
49110,171.29888847347453
49111,151.3114224023409
49112,209.52960401299882
49113,224.07698599318928
49114,712.1849206624128
49115,348.21260794320824
49116,283.54246946913463
49117,4948.694725665511
49118,130.84731284128978
49119,167.52292212574508
49120,155.9074907106525
49121,456.7357690317962
49122,225.67020072056096
49123,251.83217348916088
49124,312.74389029610717
49125,289.0873912718939
49126,211.87819092022522
49127,262.33552714968226
49128,571.8639339951911
49129,173.67777193611406
49130,188.83580070200256
49131,169.14441666651186
49132,162.74775733984606
49133,141.64426928706507
49134,393.08237379135744
49135,179.57266991029715
49136,151.97683698436336
49137,332.0534968051023
49138,241.71435313146446
49139,251.34500620343283
49140,420.6611687966043
49141,139.6242251775353
49142,150.89005754159228
49143,862.9827857556983
49144,264.8588151403826
49145,148.59860724751738
49146,213.86353456599224
49147,249.02941403607625
49148,371.0311691953015
49149,192.1826860635907
49150,458.84550947895895
49151,161.4475147723267
49152,209.4202944822559
49153,224.98872593473618
49154,134.65594716904778
49155,146.58622661309582
49156,206.65409552059717
49157,182.36290466241513
49158,410.40283480255675
49159,147.51006195950526
49160,890.1070920341491
49161,255.73411941258516
49162,199.13360828203972
49163,300.3298240246792
49164,372.6819635734395
49165,390.55333945973655
49166,186.03754043937607
49167,588.8657440680074
49168,252.80243820708995
49169,382.64961919188687
49170,205.43560282750553
49171,207.15084677139416
49172,231.07331665389057
49173,220.95806128374053
49174,217.48900018687107
49175,137.54850017152492
49176,139.83930305098133
49177,273.3797795552154
49178,294.14112714020956
49179,147.7983682980587
49180,197.22373599916196
49181,131.10493816988821
49182,190.20964621786607
49183,473.5473169966421
49184,307.22913958899
49185,248.39623836576777
49186,953.7933781813168
49187,159.3140780646967
49188,958.2761999993616
49189,547.2182902087421
49190,156.47761857606713
49191,350.3721290255267
49192,133.98925811251684
49193,362.1560269831781
49194,152.4365151534373
49195,202.73968421811654
49196,193.65519831520766
49197,253.70712864668877
49198,422.14757310529495
49199,141.92586719496214
49200,355.8863848343799
49201,169.19398904921138
49202,114.94546010653715
49203,549.3781077471763
49204,348.818065884605
49205,178.3832678819788
49206,133.8935318608914
49207,208.4403380232196
49208,273.73174350300354
49209,151.37279654340236
49210,409.75208858070295
49211,275.82402719933987
49212,243.90541157509622
49213,168.95356175451664
49214,152.2293094225577
49215,180.7640397524146
49216,343.2712922206315
49217,228.0968043238227
49218,152.98941932791598
49219,248.52455376892485
49220,466.4707448786113
49221,398.18315580373394
49222,233.89842812160268
49223,503.161857979607
49224,140.53326186357955
49225,129.3053671223708
49226,172.7681509551054
49227,224.34599586737983
49228,320.4385700222976
49229,454.4524648958193
49230,223.53348149888484
49231,150.2186895232158
49232,1042.3527070993052
49233,177.38404423288057
49234,438.085978567369
49235,261.8318921857032
49236,426.70468146315244
49237,154.42447313931066
49238,323.40835799390624
49239,193.81379607355007
49240,145.8830133652868
49241,218.52742409328678
49242,661.7914503407923
49243,210.89292399464483
49244,159.6966597183248
49245,190.80962048965657
49246,157.68110797025355
49247,352.5869179427481
49248,331.35934435428203
49249,282.6889783833882
49250,207.9727991746165
49251,443.0660778702438
49252,254.47703782184715
49253,535.0244832028183
49254,373.5612762583992
49255,301.9556742166078
49256,416.1543778089883
49257,222.07528278314203
49258,273.4413773815805
49259,234.00870450790688
49260,175.84086288598894
49261,363.03471865653245
49262,290.8884947052015
49263,122.00601865732476
49264,190.54700799804556
49265,191.70945579230218
49266,239.70182932451814
49267,255.6622816356395
49268,143.32680319737972
49269,254.1201688942748
49270,199.07267285490985
49271,258.0714241884711
49272,656.71739456782
49273,210.1631165679152
49274,159.39082204604688
49275,167.9166728554588
49276,184.0851803696152
49277,352.5370425306237
49278,177.65696141179575
49279,407.1443560816146
49280,273.3506200411683
49281,182.62094388133426
49282,393.63756007774003
49283,148.03150357536603
49284,263.76902249080194
49285,195.16162506478457
49286,165.47019535378215
49287,280.25872812433687
49288,492.6807809475926
49289,643.3763394527238
49290,333.8982330485358
49291,204.64229955022364
49292,146.9305231224547
49293,149.77863163547065
49294,276.1831926724461
49295,203.56714522772285
49296,427.42580632995964
49297,494.8018459448834
49298,497.1955931709073
49299,350.39206075476557
49300,199.82739223987824
49301,429.5999934207954
49302,291.10273462164275
49303,360.8096571711898
49304,193.25127730395917
49305,386.49211324292446
49306,173.75214116592113
49307,246.38685271063417
49308,202.46659584276176
49309,135.10532269821405
49310,287.12586537464693
49311,155.99008640461582
49312,247.76018826313603
49313,169.73910974145755
49314,215.30717600746055
49315,248.36400670326094
49316,199.5776762300117
49317,169.057892333071
49318,342.0483051689632
49319,203.6521842635891
49320,330.2689021438852
49321,216.4214808823484
49322,187.82305501931356
49323,271.8341046858927
49324,148.06948463351404
49325,339.9676030820651
49326,383.71969642010805
49327,155.3787177106322
49328,153.85464148257836
49329,166.92888325232875
49330,265.49030778990243
49331,159.01644052167416
49332,151.75246354034846
49333,110.92619968467896
49334,203.4557070160996
49335,155.42507271009435
49336,248.5035919378932
49337,251.2887546286626
49338,179.4315407335467
49339,138.39338671893307
49340,136.5715413721012
49341,209.41355149930158
49342,124.51928428761684
49343,210.28442587118624
49344,186.37444131790892
49345,218.0374483208219
49346,239.71429166589917
49347,197.10080512001397
49348,226.43966346603153
49349,434.8092627382412
49350,187.75214295891035
49351,216.68858895247536
49352,229.7500056171987
49353,288.0426840354999
49354,177.32978083986208
49355,141.5145266337722
49356,263.4346164868163
49357,342.2735141371065
49358,273.4205718676716
49359,461.52674345904273
49360,308.7155181525938
49361,157.0835280749479
49362,373.641107271904
49363,209.2218304959482
49364,370.06060689447344
49365,118.13136685018004
49366,246.0342207825445
49367,143.884850603321
49368,134.94726770427394
49369,196.6599698441287
49370,317.1267713159944
49371,165.1085163240415
49372,495.55367051104093
49373,338.76040089750757
49374,213.13608473975242
49375,200.77631001135873
49376,192.25540599886307
49377,290.75166532393615
49378,189.55198592455508
49379,196.83355842027277
49380,186.08002871047833
49381,182.1856594755661
49382,232.56838604728253
49383,196.6546030926343
49384,695.1835467339511
49385,175.6933238844287
49386,237.4797995472226
49387,309.26664736747273
49388,183.9328009782612
49389,204.81596705391942
49390,939.7399671079487
49391,285.47864768368555
49392,184.32686258382117
49393,123.2542898129568
49394,226.5884644828774
49395,220.11039703818125
49396,373.93188126726375
49397,439.20950287343413
49398,420.988140345126
49399,191.0704763687719
49400,318.0619046029358
49401,1338.7522894839237
49402,205.01053988261182
49403,958.2342424269398
49404,216.84315497129413
49405,181.9361095807111
49406,240.27181079978143
49407,275.5663891734159
49408,650.543251669508
49409,553.782071978334
49410,393.1290670177053
49411,139.96267842912334
49412,545.1726871833004
49413,410.83508733139706
49414,189.66863246958175
49415,384.477890462956
49416,326.4774196110393
49417,554.9768064620162
49418,160.68076869905988
49419,272.0405896833749
49420,206.68458863016107
49421,186.53232194441955
49422,212.6030676078065
49423,125.189536030688
49424,213.93191850993043
49425,143.33481771369992
49426,344.8016308516372
49427,208.81822763851164
49428,568.486179573749
49429,288.6708127989857
49430,155.10985257992024
49431,171.44126301532523
49432,366.2008069744069
49433,557.4237207678073
49434,237.38297202413048
49435,174.87593059493906
49436,830.7288175210066
49437,241.2743596189244
49438,172.45071166054842
49439,376.59500480301494
49440,162.44542771186744
49441,233.08059168581715
49442,310.8925097410327
49443,1176.1716563381647
49444,326.9299604746717
49445,137.53249546057486
49446,314.37227952723896
49447,165.31937858380235
49448,210.7538673725393
49449,246.41907470468715
49450,183.07593287069042
49451,616.4432297101893
49452,379.1573236882989
49453,259.1710326716829
49454,141.92586719496214
49455,228.14582493336255
49456,211.487204513878
49457,246.87290650277643
49458,170.22549475238654
49459,171.14600270373805
49460,183.71006101055087
49461,198.0235191492714
49462,492.136498249239
49463,270.7268984196875
49464,433.1935448220285
49465,242.61112525711562
49466,264.96817231821905
49467,345.5911095128292
49468,139.67204886696624
49469,405.11013240575477
49470,293.73771331652847
49471,215.51017870801232
49472,184.67624945403472
49473,426.1870593762164
49474,140.671100284981
49475,278.8090086671618
49476,180.365326402
49477,135.12752144177708
49478,247.78025856404966
49479,505.89022948077945
49480,189.06400790987487
49481,212.19750162556636
49482,319.81610964272255
49483,178.8894842860385
49484,224.90977929917557
49485,322.8103050897882
49486,205.44415072162178
49487,153.29449810932906
49488,278.5733624605554
49489,364.34744213784666
49490,175.15111508103817
49491,240.21298174599465
49492,187.88927062992295
49493,232.54581922684633
49494,302.13040475148586
49495,337.935634119258
49496,202.2602217320813
49497,126.83363936051354
49498,455.7421460328322
49499,225.4049790973223
49500,232.09684625315927
49501,183.25433098582837
49502,157.56574857391237
49503,164.9904508318372
49504,315.64409078719825
49505,127.17417630746576
49506,498.98582877649903
49507,233.8174054831794
49508,226.62838351044473
49509,191.89246053521413
49510,609.1324918793971
49511,328.9048490463702
49512,298.82813447956363
49513,506.09073387514127
49514,398.5503939287655
49515,188.57913699783543
49516,549.2022259027183
49517,152.14802317426725
49518,139.02775637957959
49519,427.62524980303465
49520,146.4437861865972
49521,335.42733794780173
49522,190.6126376719739
49523,166.38610478714432
49524,136.35122340287245
49525,300.6787300064223
49526,168.80485680661417
49527,128.4889261632015
49528,416.86578148608277
49529,373.6067512353911
49530,214.25111781198154
49531,155.2893677692035
49532,174.91370039733323
49533,479.46005641381373
49534,295.6475547867628
49535,331.64788385285567
49536,199.6124039817415
49537,442.6855248146562
49538,460.5155412019837
49539,454.80530320335595
49540,193.79655719326288
49541,328.448851629686
49542,192.55324717948483
49543,605.0361589736708
49544,204.6790851532073
49545,152.6877581027106
49546,217.92772956328818
49547,688.4134807335129
49548,348.36043740764353
49549,157.6051894258831
49550,2074.2166318338623
49551,1502.7394971435149
49552,341.33799946682666
49553,143.30398181144582
49554,279.0058856115861
49555,461.4817883762778
49556,247.044438627286
49557,208.98173336308085
49558,1189.477274939021
49559,162.04921991887184
49560,196.5461224019097
49561,309.98256040907535
49562,260.72414165137076
49563,152.08347569207035
49564,674.885863035873
49565,278.208958372618
49566,284.39797567109736
49567,171.7259894452498
49568,203.72650547346802
49569,209.1988512952869
49570,208.48121891853478
49571,272.22144266624247
49572,123.41246198946875
49573,198.8475253282149
49574,653.7260206197853
49575,145.74720582362676
49576,324.3005221008754
49577,273.8930712831101
49578,187.3199916792321
49579,204.04767603232938
49580,189.03969414716528
49581,161.4781821348415
49582,174.28525337309148
49583,1269.7575778807043
49584,179.43372256611954
49585,73.9252058946097
49586,189.4844634588564
49587,152.8794185798184
49588,230.6964925837614
49589,157.39488028782782
49590,1412.6221445780022
49591,336.48338846802585
49592,195.54259220982357
49593,125.18392651384173
49594,695.3772937941145
49595,217.02740586207085
49596,216.07064269102753
49597,137.8265039364124
49598,384.11458330739737
49599,247.9562598431212
49600,157.0611139394617
49601,728.6161302916191
49602,283.8168480462987
49603,166.53786941170276
49604,352.3878087598788
49605,253.7937002565354
49606,245.5889390231186
49607,145.9913094905968
49608,156.48132979332436
49609,395.51527711000216
49610,309.6885104169269
49611,166.36151265562134
49612,177.91790023478484
49613,258.5634719111945
49614,154.79368775139827
49615,228.27734260926513
49616,166.74271309588735
49617,255.92203253585993
49618,128.42863322286243
49619,1014.6714308825029
49620,370.4981794773564
49621,255.82784038966494
49622,435.9449063802729
49623,212.63592046191283
49624,466.6336906464553
49625,172.62023619397658
49626,465.04305466347324
49627,168.51421623384826
49628,226.37383784474085
49629,185.4603370012163
49630,172.86884563094077
49631,136.20375215836256
49632,127.886705993575
49633,197.84094997561232
49634,444.6663162801184
49635,438.7131557646659
49636,378.25736519755196
49637,148.70527017118326
49638,164.74228212747644
49639,251.63062943550693
49640,308.01388777465706
49641,202.2884660830502
49642,167.772000781009
49643,231.1693395940444
49644,303.75117319104123
49645,161.9794359605044
49646,420.145015628959
49647,181.72285923273543
49648,185.77531233060637
49649,431.90024946696354
49650,199.5683646682123
49651,141.21673774481036
49652,334.3770922483076
49653,278.66921619383044
49654,125.6366165639942
49655,340.3694278440244
49656,243.80429952401835
49657,372.0539839156411
49658,194.4033724797986
49659,101.1695434098843
49660,628.4944275805007
49661,264.92659996849795
49662,132.81269351528954
49663,222.01523491105635
49664,390.490363773947
49665,290.5763527714329
49666,416.1718139214477
49667,289.5972974336346
49668,211.5287524818762
49669,309.2702819713514
49670,205.0000168149234
49671,456.52449899172893
49672,138.9343533982903
49673,235.22516402527359
49674,215.45317078077963
49675,152.19933038245117
49676,174.6772464452377
49677,298.0579360186602
49678,180.13474582677745
49679,204.48856589682444
49680,206.33170323799467
49681,238.20235204447985
49682,213.89696551486688
49683,446.642976288247
49684,274.38228030171103
49685,361.6651969099873
49686,258.35988743583766
49687,199.9737931102313
49688,353.8942183528226
49689,243.04711254228442
49690,155.78769966934405
49691,164.46984381440683
49692,271.7771219555817
49693,491.85398919289776
49694,375.91155253268266
49695,235.01498843432626
49696,209.73812453798763
49697,142.9631937666805
49698,169.03185188895134
49699,844.3157704688148
49700,342.50833390125297
49701,305.0145839269925
49702,461.54615584954985
49703,215.27438666710623
49704,373.8699090227935
49705,197.20514338795783
49706,328.08830149886
49707,231.29685286726985
49708,189.3299256181623
49709,459.72613609740966
49710,465.7473370860574
49711,290.06439343174713
49712,252.20672648465816
49713,221.08856094982278
49714,264.49214549330515
49715,143.90720506461284
49716,138.05324250856364
49717,260.73447016488615
49718,172.13392465385922
49719,213.59234432554084
49720,418.388128757706
49721,306.23334949043044
49722,360.20702719965965
49723,335.6050841194964
49724,221.90135054624062
49725,280.16127317978965
49726,205.4822080557214
49727,837.3403997866457
49728,196.89236890698473
49729,437.638672215744
49730,253.91172433210588
49731,261.3735783091273
49732,734.3384734127447
49733,195.48534978908572
49734,1361.39325187051
49735,134.7730246898774
49736,144.53003014481914
49737,180.43469921784515
49738,215.63358300307888
49739,311.56865367917976
49740,307.20563926932374
49741,763.9941551699663
49742,128.75045956578802
49743,248.72843976357194
49744,785.8365138752371
49745,124.38690747213818
49746,342.05423948849744
49747,231.43473021069045
49748,150.67317606281983
49749,209.04172505110182
49750,189.75849215708686
49751,374.22018509040055
49752,194.26089978804376
49753,390.3602426191156
49754,247.60381974152386
49755,666.3370898794013
49756,226.05399308196738
49757,508.73796047020176
49758,130.90170440657647
49759,201.78015808492398
49760,354.3746316998168
49761,429.0857473688388
49762,170.79354201923172
49763,173.48353940070217
49764,231.547359471303
49765,382.0677312026078
49766,185.3568601501933
49767,265.08292839898957
49768,228.51284714092986
49769,239.44719319077862
49770,145.4084454174556
49771,243.41541453822472
49772,827.6601803273837
49773,273.8446355147232
49774,168.37127163715746
49775,128.9571569895861
49776,465.50254278711213
49777,271.33371327603265
49778,192.91449791239884
49779,189.44932184175056
49780,203.71768478031112
49781,274.01504627748307
49782,446.70749897962025
49783,277.213724119645
49784,218.02219548852332
49785,419.8448880840474
49786,503.8390244873891
49787,161.78192738817444
49788,261.03008620677474
49789,508.3815807906974
49790,173.35633801605414
49791,188.1327619259041
49792,168.43007012827118
49793,166.79467679680062
49794,237.37199393795584
49795,263.36147221357515
49796,140.33213717347334
49797,149.7987532575623
49798,139.72573925284922
49799,130.3437240613124
49800,228.9091817528865
49801,187.20708685868166
49802,205.7604438713741
49803,141.26947734379607
49804,234.41373474413982
49805,513.8783794947466
49806,803.3501590040543
49807,140.0194638112635
49808,215.74582464136978
49809,145.71108367459283
49810,294.1117953160631
49811,227.4099925295056
49812,204.02197756924366
49813,250.16273892643486
49814,241.62516720485368
49815,232.69506462283084
49816,245.0091326540182
49817,214.55254374351907
49818,240.6015967034716
49819,413.7199147642536
49820,161.87657091951814
49821,178.79054285001965
49822,145.07126809970453
49823,194.35703269082268
49824,175.14943617379325
49825,124.74011121672623
49826,178.31923438925355
49827,631.941143891153
49828,513.6096347130419
49829,206.93346100250096
49830,197.33817539783595
49831,168.75518038489238
49832,130.64933404758582
49833,487.0174091398468
49834,387.8731828017801
49835,241.4107517548499
49836,176.40151640012837
49837,206.18682153555764
49838,386.44802954234063
49839,233.67947365960586
49840,459.7118235211377
49841,190.08478247479297
49842,163.30087276989144
49843,281.9674186403357
49844,221.7096742641859
49845,304.38988204584274
49846,170.55478197551702
49847,147.60930197510922
49848,476.7988971641111
49849,222.89093066320373
49850,224.87004260042184
49851,136.60268557867127
49852,381.02414772107824
49853,217.79506595562088
49854,274.87889389258527
49855,512.2306375983657
49856,133.84447558657158
49857,778.083934931471
49858,964.3628814629476
49859,978.1073666166941
49860,239.00766815233968
49861,126.18245181160309
49862,196.20297674854507
49863,149.39423874580345
49864,167.28492452013464
49865,175.22645940485558
49866,158.28264454247494
49867,243.89443819980332
49868,1461.720258052361
49869,335.9958531528469
49870,190.7277576151453
49871,228.03103383156397
49872,199.84555887079964
49873,167.33122523351722
49874,311.0677337943346
49875,218.21615146529473
49876,278.6032144554287
49877,433.1147729305163
49878,310.54532129882966
49879,241.47201019451165
49880,156.218821734839
49881,657.9380886735166
49882,123.07303908370695
49883,270.2035922079367
49884,121.74280660259893
49885,329.7290639350043
49886,228.51726773237976
49887,538.1013024884286
49888,197.1953922298426
49889,188.14584793499503
49890,272.9770672895777
49891,465.97085576901355
49892,405.61096444899044
49893,254.14529396306705
49894,310.47558791710134
49895,171.5985384180758
49896,190.9396060223831
49897,686.0971461690358
49898,183.82996958870214
49899,297.53787013082234
49900,421.0489598150411
49901,500.24464331881336
49902,325.69864122669594
49903,151.54076551556238
49904,159.34950012143523
49905,205.82850387461767
49906,361.2272842939566
49907,126.59325205141627
49908,178.46181172397223
49909,259.24340819388425
49910,130.13398222939736
49911,381.55852182677467
49912,167.99843690008987
49913,176.7150997848594
49914,161.51138456599293
49915,607.758884524025
49916,250.67853246809986
49917,201.3133888416897
49918,232.51184775205724
49919,332.3392215583578
49920,309.48072500291
49921,334.94934238827545
49922,110.47405160226414
49923,222.64402061195074
49924,344.2452606591047
49925,123.14404606279642
49926,289.27271692735764
49927,182.67012627618064
49928,377.5554624554782
49929,193.05240962707612
49930,186.67758841389022
49931,153.18696975882085
49932,222.2956058650491
49933,368.2542449678246
49934,430.4823026187439
49935,212.2151012213617
49936,125.16943702022836
49937,489.16507192991025
49938,173.4883778459699
49939,183.79040745657244
49940,426.75132668849756
49941,364.95494174565385
49942,302.2012082687568
49943,157.09332020427144
49944,124.83983574903179
49945,299.0889705221598
49946,426.223237546928
49947,182.1792683418087
49948,278.9451740050573
49949,214.79834460159168
49950,192.1605096011766
49951,211.50536121038775
49952,541.8269988432955
49953,270.5981795674597
49954,296.5525029004381
49955,346.7326688090164
49956,267.6421107618968
49957,246.07271505981336
49958,407.09740452525006
49959,210.7630307047095
49960,583.0644560021751
49961,232.96117887791297
49962,251.12971177180933
49963,168.67462834071313
49964,114.36032348587298
49965,221.37027343789055
49966,165.7256776232791
49967,1875.9778000303186
49968,206.52839867358173
49969,157.4010989199214
49970,148.51630883910494
49971,241.8425627820001
49972,254.48804721497453
49973,341.11414492809973
49974,398.7698736844257
49975,358.67747777933886
49976,203.03186756185903
49977,137.3626227118395
49978,269.8153913985819
49979,198.51638436153036
49980,165.22814855000087
49981,258.9279865055175
49982,176.1820082279637
49983,157.60192293479733
49984,186.3958858207425
49985,520.1412595958654
49986,92.51952422471788
49987,204.16967955104604
49988,154.75812274667646
49989,260.7332743205086
49990,340.08896786054373
49991,128.5292696186833
49992,421.42799087993745
49993,127.0120657769286
49994,566.2859603561361
49995,241.39437725984277
49996,340.0108817923351
49997,292.3224795155713
49998,122.49619559181643
49999,512.6292101896847
50000,395.9720900372311
50001,131.83114363187295
50002,191.3421353643281
50003,174.6644388222705
50004,229.98746578917036
50005,123.90145277310482
50006,358.68149785461327
50007,272.40694932430887
50008,460.9950716717854
50009,281.2584654019103
50010,243.86201083377495
50011,204.6809207948377
50012,337.7088711403098
50013,174.5433185617591
50014,184.29291872551065
50015,131.33535146194103
50016,130.5499625146392
50017,380.14497362147944
50018,276.5011233295643
50019,273.7741210312174
50020,217.63743479295923
50021,282.4587728789996
50022,241.21264577828424
50023,703.471569525023
50024,200.25122978753203
50025,372.8577536063541
50026,299.9483640383222
50027,350.75248568367573
50028,271.0800514996031
50029,227.91998606743772
50030,416.8352977699406
50031,281.88254054958446
50032,190.91069596762773
50033,165.19036731021797
50034,188.01489321766692
50035,351.19089986622964
50036,189.08298212030553
50037,518.3881737198892
50038,246.02717232767867
50039,184.80768127265756
50040,354.8063837268061
50041,115.37296810181198
50042,249.99098091302886
50043,166.4337701449259
50044,232.8225269842439
50045,232.58255234303664
50046,185.51390273507096
50047,306.4572643949926
50048,345.813699844958
50049,158.132643580234
50050,215.4293522292099
50051,146.19453924719352
50052,201.9006255734408
50053,261.47345900984095
50054,718.6374644470901
50055,220.13500464304713
50056,389.51118439774393
50057,227.78883875750446
50058,371.87018468604657
50059,150.17588949736924
50060,253.61575902465674
50061,151.78714581966977
50062,129.21610077716184
50063,425.13573237508393
50064,1255.0305204723127
50065,365.2842871961787
50066,153.2225665354366
50067,483.3886965920899
50068,174.03740975264725
50069,201.24130840650542
50070,218.38232926849895
50071,226.73953175815228
50072,180.37339051040098
50073,209.09978871821286
50074,115.10789524213071
50075,142.45744004174912
50076,368.7183653521023
50077,198.86860376479675
50078,520.7637885032482
50079,190.8056251566556
50080,139.39451429434365
50081,138.1574623476204
50082,385.1316405177547
50083,203.70956163657738
50084,288.5520431341378
50085,376.7887808624292
50086,147.540311565125
50087,197.99986258727233
50088,455.92414818094875
50089,119.99601646217467
50090,386.77056379229646
50091,140.81406923061874
50092,268.67845262973566
50093,99.77269666749083
50094,243.67350954891998
50095,244.65810130387584
50096,274.49144448564215
50097,290.58326373598163
50098,198.09044716686597
50099,253.52341135227994
50100,176.52347318265166
50101,272.88530955201395
50102,600.9736731001341
50103,242.20903185030903
50104,276.70960593666797
50105,574.1266592647436
50106,268.73305554315283
50107,329.638911888229
50108,144.55453436313425
50109,478.5784634273079
50110,230.88017361223925
50111,329.15124561331805
50112,616.8682867488444
50113,1592.9752122670764
50114,456.6565986991254
50115,371.61407626030547
50116,370.5857389827358
50117,207.4099252123415
50118,258.03796910233166
50119,227.53101501628197
50120,538.2522455362756
50121,326.54969727773175
50122,674.8664054823342
50123,622.5162804305354
50124,197.59622267704677
50125,195.20055797976883
50126,441.50453427187784
50127,194.66403755280362
50128,409.7257416406296
50129,304.2399098575912
50130,168.09393653891172
50131,246.00145085740752
50132,276.6998898990262
50133,247.40535606882813
50134,349.6676425822532
50135,385.64223582748417
50136,790.2666120092297
50137,283.69323657394546
50138,98.39763144787145
50139,277.833302904451
50140,271.96615653646904
50141,325.289361020132
50142,172.74054829161062
50143,277.93638479200746
50144,132.52995701337915
50145,298.25073881006796
50146,506.72618271705346
50147,223.734894481856
50148,144.3684138743628
50149,132.85313810638806
50150,176.75167574885222
50151,281.5377699805389
50152,424.42626658227357
50153,320.03863110022087
50154,262.3151673681464
50155,290.30964268364653
50156,256.0292481027931
50157,362.7200122768306
50158,669.8540548709872
50159,292.57261550189327
50160,1255.2195147825898
50161,162.34611095272106
50162,249.88471095578376
50163,189.6643774222987
50164,173.6794218892072
50165,320.69601363144983
50166,181.57232742795637
50167,263.82156948847995
50168,230.63878602492488
50169,257.1328512413024
50170,174.743860805048
50171,359.87064514745884
50172,380.3117781528795
50173,272.245296949586
50174,132.2112544048053
50175,303.9791323919349
50176,448.4334291663648
50177,175.63892206167256
50178,209.4982416039129
50179,285.89503880518737
50180,218.32698268308417
50181,482.3250920663426
50182,214.62632232165953
50183,627.6192109564238
50184,204.29971778319825
50185,290.496877792541
50186,133.64589103830207
50187,316.6870746788225
50188,208.52574058125006
50189,163.14211156466212
50190,228.97029067547263
50191,247.10372056748085
50192,290.01572529847067
50193,278.3700836409157
50194,319.58826696210775
50195,378.44568480752605
50196,292.50568150429524
50197,225.64426270721574
50198,758.7698145413724
50199,152.7211730463782
50200,412.5462503575059
50201,334.33977619951577
50202,1163.0759818800213
50203,182.44338666577696
50204,137.97832671219035
50205,174.12685300785225
50206,890.2118946801155
50207,265.9017257806575
50208,366.02343984006706
50209,271.7986714884718
50210,166.1763778252609
50211,415.85528276213023
50212,228.3355230643993
50213,409.70146433911384
50214,276.59578675313236
50215,181.81139390706372
50216,200.77177763403043
50217,151.4644561487675
50218,178.62770522794898
50219,177.44982420931527
50220,111.79794469407804
50221,256.4827055958956
50222,256.9203426114595
50223,165.10556658787712
50224,437.2078803559419
50225,220.86459711862545
50226,304.1407936556301
50227,241.45511418069688
50228,384.0031783103089
50229,268.3157653579068
50230,438.32163915622465
50231,562.256164045386
50232,471.2533374775676
50233,248.20176827692862
50234,182.2717496709942
50235,227.01317110686432
50236,186.4968030276971
50237,144.63084360780024
50238,304.13646857511645
50239,518.4505134144479
50240,218.7167937001656
50241,134.46886308399522
50242,488.7775086784685
50243,712.1095473022722
50244,563.0061780034098
50245,224.02310273304082
50246,199.75749910330947
50247,216.4193652680107
50248,266.62851953651574
50249,281.0499381088481
50250,403.140446632778
50251,566.948899498063
50252,509.981384048685
50253,277.2486462006415
50254,398.8587862609598
50255,225.8251443903065
50256,149.07363087780723
50257,171.03982451485058
50258,283.44679747019956
50259,243.835693479323
50260,211.31184157498467
50261,265.1261733409498
50262,164.8149263340883
50263,243.06899754715437
50264,142.83602288539245
50265,158.89148701618802
50266,345.13485400189063
50267,184.11261488183462
50268,170.29292094710564
50269,223.42815247420614
50270,154.65210651217745
50271,317.5586768641518
50272,244.27810817784365
50273,246.68118359098153
50274,322.25746477999934
50275,222.5640431650968
50276,237.43105194675715
50277,324.14930581971095
50278,207.88053849571963
50279,332.2713131741892
50280,232.32031987798686
50281,164.44121138310206
50282,209.60311877413028
50283,298.4958801385324
50284,318.3459865630643
50285,311.833108828777
50286,517.681749844859
50287,135.25852980427976
50288,350.4539286061756
50289,150.7127664126251
50290,200.900783491086
50291,180.37815367750335
50292,142.84455002792456
50293,198.55074576065078
50294,377.32073742351633
50295,433.98641253799184
50296,221.48970593768718
50297,146.79647366766582
50298,219.17545301653587
50299,149.8814525653201
50300,406.0644523611585
50301,338.99077048540914
50302,464.5766185402747
50303,160.51505534423222
50304,300.4850358787036
50305,159.8270051501363
50306,448.20047887018
50307,227.07963993745105
50308,197.26740428935597
50309,123.94335184564484
50310,269.23840439092936
50311,321.42286924990793
50312,156.8390796207763
50313,143.43072632868547
50314,212.67108873726912
50315,155.32121666238436
50316,193.65821040868582
50317,131.8435667407461
50318,212.63767707147403
50319,449.3409883448519
50320,154.3437790700522
50321,157.23488381585804
50322,209.4178719280454
50323,225.57648334247665
50324,348.5160408211243
50325,794.2682926146013
50326,275.1638315401062
50327,197.5245207801619
50328,244.8763009613696
50329,250.1241547067407
50330,238.37152947187514
50331,191.5809236688545
50332,411.55797139845816
50333,178.10255831762063
50334,902.0838685631944
50335,779.1158459475099
50336,410.3402654202527
50337,270.9896562898871
50338,177.3069057911943
50339,241.92410720464107
50340,133.11077213682256
50341,821.6284040593465
50342,244.74974149370067
50343,214.43296704839432
50344,211.95573331586155
50345,207.92259545035432
50346,907.6722338159559
50347,297.6717958810899
50348,258.26822197424707
50349,168.86773427844574
50350,163.90676210957517
50351,171.8021874011354
50352,769.56315208742
50353,266.38105241724634
50354,766.8209221770946
50355,174.8815747574037
50356,597.619645437301
50357,142.7347047091128
50358,238.33559439917792
50359,281.6178857335851
50360,1215.83010222852
50361,240.9769316164771
50362,148.62128921926967
50363,322.8893405527469
50364,718.4707448520817
50365,387.35831694828147
50366,302.88241410915646
50367,164.05347868025527
50368,149.3125139425806
50369,358.10686709685746
50370,261.49087561001824
50371,246.96968722210556
50372,183.08089482095193
50373,358.15539554795447
50374,323.7116242977796
50375,300.75308603977334
50376,225.39114320314127
50377,139.71533881709155
50378,503.7434667270482
50379,134.14889830941857
50380,183.4788399554024
50381,175.2241337384899
50382,197.84701459561663
50383,626.6104238878694
50384,156.32287591246148
50385,196.5865112081914
50386,320.7923113198463
50387,247.01657410531246
50388,226.94209609713226
50389,222.44175105563806
50390,275.7883388909839
50391,289.9713108230942
50392,143.42599294883587
50393,499.95628595396306
50394,143.12702558119307
50395,408.11712533004055
50396,510.97150652174673
50397,211.12964494510175
50398,719.550857278861
50399,340.4858921787908
50400,495.90668394784717
50401,204.26769403885078
50402,202.09395114624965
50403,363.7799161094951
50404,132.36505650160862
50405,185.0178415508682
50406,143.6356556240323
50407,365.8850091117404
50408,246.08597182499284
50409,164.01419000236288
50410,255.04154138805583
50411,168.32813703523408
50412,333.1006980458214
50413,624.2832143557687
50414,841.063186738401
50415,192.2324588053849
50416,227.35093275003584
50417,228.90219846262332
50418,176.12392297939587
50419,159.03675040490535
50420,239.49703615410306
50421,176.38992982977814
50422,462.86149613692646
50423,110.67789921517625
50424,207.12961767629207
50425,152.98185368687876
50426,303.03729117798963
50427,221.44016301277645
50428,378.575835649006
50429,461.4455467474855
50430,398.3666262241925
50431,273.76333893811955
50432,412.0295503437379
50433,186.39320124710764
50434,259.6670115145892
50435,181.3404513433308
50436,238.69239843954088
50437,265.45831665842735
50438,614.7363747342623
50439,277.41496202619925
50440,239.3470601988819
50441,307.9021742435457
50442,437.1798706216145
50443,307.98671211201406
50444,337.505974162879
50445,149.04845663802354
50446,796.342674699058
50447,262.59213513575685
50448,290.55440403556054
50449,240.3953434233971
50450,505.9611923384762
50451,177.82876140622545
50452,212.6013073691239
50453,263.67397886326967
50454,208.29121213066983
50455,555.4206633931489
50456,295.9189756218952
50457,209.46573906529585
50458,292.12316430800837
50459,211.74949136561136
50460,141.6463808114138
50461,188.41304685918305
50462,402.61499370544595
50463,246.9520921832349
50464,163.78784463606237
50465,745.489974214633
50466,318.1991998825162
50467,585.4352806142684
50468,217.519148997936
50469,207.1243526431438
50470,141.95011275953814
50471,263.8410546347271
50472,231.72870333769632
50473,310.17342637141087
50474,250.93694404152683
50475,182.27131159670398
50476,282.51960215970877
50477,201.58192975733533
50478,238.4869684181303
50479,333.47348831783444
50480,236.5072784376341
50481,310.1952484485156
50482,220.9005158548622
50483,143.7167415728053
50484,304.11312331780783
50485,1015.9094098880812
50486,135.70034072337276
50487,198.93950561373507
50488,172.55463546467766
50489,543.0029128182115
50490,241.12523382637642
50491,152.71563421921158
50492,182.74093572670628
50493,153.19541550821012
50494,137.35238803175642
50495,251.19470808909895
50496,229.0987406677662
50497,216.21268681073892
50498,159.78105487572637
50499,168.43661004572283
50500,494.1179974574214
50501,192.8010983010667
50502,213.8290060297748
50503,309.5551283072141
50504,273.47380262574694
50505,211.55677763529874
50506,261.79831875745816
50507,214.70360144438197
50508,453.8186925252619
50509,196.27665408696254
50510,499.2422109660999
50511,347.22183819542647
50512,135.33388992399105
50513,299.70357591816963
50514,219.98390114787227
50515,203.03844032711098
50516,374.03844323116647
50517,276.75847667533054
50518,175.70801830973429
50519,320.68047370512784
50520,410.91588630133134
50521,365.1896279292489
50522,539.2972939847589
50523,245.07589355828262
50524,282.1276081836398
50525,450.6434547571054
50526,480.5357479874791
50527,274.8606029756561
50528,366.5561938097191
50529,356.8470622360881
50530,290.699643043505
50531,130.6392314176485
50532,216.28047246486508
50533,163.6271745852256
50534,770.1109168928311
50535,222.12355654020897
50536,334.70853578779577
50537,267.1844151255041
50538,277.0580485752931
50539,215.67783504038275
50540,198.41591786091402
50541,297.9771654148382
50542,243.4780380923096
50543,767.4090055643787
50544,373.1360160609305
50545,255.06215516476388
50546,168.6483186968965
50547,429.179465930942
50548,209.7991946108808
50549,5821.671202680487
50550,150.50415184861922
50551,243.2409007420653
50552,180.75918735795352
50553,158.2089993021952
50554,190.30526583526677
50555,395.3333709692017
50556,295.0543997949051
50557,142.36107672658548
50558,149.7290640265168
50559,192.1122281941696
50560,213.2096025952243
50561,282.31471873460833
50562,251.83475012255025
50563,381.79715062290336
50564,218.55328000087346
50565,308.6056441508732
50566,292.8198465926304
50567,1113.5096978851336
50568,116.95112119187439
50569,351.45608460646224
50570,1151.9244789336497
50571,143.0835388218233
50572,198.9196301089842
50573,693.9224968534729
50574,447.02273632983935
50575,292.9647806395509
50576,1317.9316597364475
50577,490.34887333226027
50578,472.37674422958776
50579,209.73505043949
50580,332.5534789318539
50581,231.032607236975
50582,347.04312110408523
50583,174.3354462197551
50584,287.4895496308442
50585,307.6839495759725
50586,229.66674793877988
50587,607.6888572956003
50588,547.1910952989986
50589,226.33408010083522
50590,382.77524759126663
50591,333.7938245869208
50592,264.6335722668414
50593,303.658512810618
50594,218.9391235741058
50595,173.088033162326
50596,516.0652069085799
50597,332.11906568905
50598,181.01554400775845
50599,209.46048081817423
50600,297.53119583275765
50601,231.73350923739005
50602,195.90850424435203
50603,270.6926868514037
50604,225.43217401565383
50605,215.3918343218485
50606,215.6659670294898
50607,203.31417287057732
50608,377.35780490551633
50609,332.16401260205896
50610,787.1754168472536
50611,222.09381796741138
50612,205.11242821863854
50613,351.71446555058355
50614,225.50365576542455
50615,136.0584646704173
50616,229.20516292457089
50617,368.53964827926046
50618,100.26699498176181
50619,223.24973440632306
50620,253.0657084110819
50621,124.68578949480018
50622,425.01840686014856
50623,172.39759047136948
50624,389.5161352161
50625,174.13338617985792
50626,235.4093936166442
50627,223.97192376521775
50628,207.7616846975176
50629,308.134382206658
50630,237.496346557238
50631,153.44232064672988
50632,269.80712286648526
50633,207.32291713121532
50634,118.19959840317331
50635,170.24047776598647
50636,248.7989984579649
50637,226.02328065078808
50638,187.94151544840992
50639,286.64460355690926
50640,222.4080514936331
50641,326.5618943646114
50642,635.4164793692399
50643,210.06106429728516
50644,212.26015967951176
50645,354.23665171798353
50646,141.60886652011735
50647,199.04183577686572
50648,252.41455273524397
50649,175.1484875222384
50650,259.2780858525823
50651,261.10501528944707
50652,179.26122964779586
50653,263.6059012750595
50654,755.8609228736441
50655,402.22542724422607
50656,286.9273348584415
50657,142.83602288539245
50658,182.15106910671443
50659,191.5253370243035
50660,371.67409634799344
50661,209.45656401367913
50662,144.160260086205
50663,159.53964476731696
50664,236.12176017598262
50665,251.03381765238998
50666,272.89588506718644
50667,208.10699717608688
50668,250.99306330270724
50669,357.8931190607876
50670,485.3573255272903
50671,555.4242158800766
50672,245.01474689675933
50673,202.3127379653107
50674,163.36901700152876
50675,274.86707603690996
50676,409.0873262113607
50677,132.80104339079432
50678,168.59504551042428
50679,291.6913926129981
50680,217.15338427364708
50681,352.2743509719086
50682,630.8480225778544
50683,819.484067271427
50684,202.44916024171098
50685,221.56689696032083
50686,171.30591961117506
50687,300.7390612165231
50688,220.95449124059343
50689,839.3089090998413
50690,642.5850547523702
50691,163.45525605030602
50692,424.5221250364221
50693,329.31060227941236
50694,493.25197384348667
50695,172.17403319968022
50696,164.41366965258706
50697,199.68247817669396
50698,521.6583389277555
50699,188.97782136530097
50700,217.72737447852248
50701,588.2521811713734
50702,285.3619930011458
50703,408.62975661382706
50704,256.62841188471504
50705,321.66355215256914
50706,325.199193106418
50707,110.45998440206729
50708,145.95637944404567
50709,236.66230397615428
50710,165.3282298213021
50711,218.79568113860466
50712,145.99499489994298
50713,143.82365487065823
50714,565.9343918027079
50715,237.18012847842695
50716,377.1115939043917
50717,131.95511123180404
50718,141.20871269412015
50719,1213.4320053707188
50720,195.02031147910657
50721,399.7165384085162
50722,392.2816081274662
50723,377.2787090948748
50724,197.07141520802443
50725,496.34874381777064
50726,602.896706152196
50727,388.21842755591916
50728,121.14163187906912
50729,185.85296893450476
50730,139.4499588168127
50731,489.06030978254574
50732,340.8935638732361
50733,218.84473044654473
50734,611.120936452452
50735,250.76932422039215
50736,257.69306080333695
50737,131.98041692837074
50738,156.25030041548385
50739,188.48042929398795
50740,140.23723466018114
50741,329.5426450032174
50742,244.25818500242488
50743,154.40804812612612
50744,200.40780936621235
50745,169.95391397505983
50746,195.94540284423252
50747,360.04426415239294
50748,189.7582505856546
50749,360.47344256341603
50750,238.62350054582808
50751,126.67644349186452
50752,336.24269229549554
50753,331.2726729359101
50754,359.2731834457423
50755,138.3678298778435
50756,242.47675521639576
50757,571.2934868201911
50758,149.4989349577052
50759,238.6512872165708
50760,508.9765412394189
50761,527.4578009942345
50762,177.19732172455235
50763,175.0276560999638
50764,137.5380430363327
50765,196.5049558223406
50766,216.6210551666908
50767,185.1863901219662
50768,241.04531706463945
50769,195.2164790398593
50770,371.90801231399325
50771,139.08090586876915
50772,122.67279704422893
50773,161.7520031133107
50774,202.89921897014372
50775,244.25289121826708
50776,264.48093804815306
50777,448.32321678303776
50778,225.09734531990398
50779,155.55451021402465
50780,237.7836484440334
50781,158.4276545771323
50782,162.3255890095309
50783,135.85551584241412
50784,735.7778390903603
50785,257.88590105183954
50786,243.88890209725756
50787,419.8305850245341
50788,612.446769361693
50789,121.43296361542141
50790,302.9065100462687
50791,415.2388870338088
50792,504.12740460615487
50793,143.5855705783534
50794,294.5952767710112
50795,114.95098519979126
50796,129.99612408480212
50797,169.70900049690874
50798,377.6658005934327
50799,331.211475029257
50800,849.5456929388264
50801,545.3600038675633
50802,449.31775174378623
50803,447.90742083118397
50804,322.49015726296085
50805,451.04744458611276
50806,343.0277632294486
50807,167.88734643274648
50808,898.4610546670068
50809,238.6974251547296
50810,331.2524275588115
50811,461.60139401602027
50812,304.8077454608215
50813,228.28040941009658
50814,807.346644616563
50815,473.4357600430084
50816,303.8087412645193
50817,219.8259125867807
50818,223.28504343057696
50819,214.41125487744856
50820,206.10911107719602
50821,308.3951405902277
50822,253.0113616028703
50823,194.40188096089284
50824,826.784212976915
50825,181.99441510611362
50826,179.87936872572212
50827,255.22214898363086
50828,398.3838839618605
50829,282.0791562868082
50830,299.10539868921705
50831,242.89057224942508
50832,185.08499562026657
50833,233.19175173420186
50834,189.2249795288734
50835,372.2676230668437
50836,293.74994191110886
50837,198.9894005033063
50838,276.58717960832547
50839,304.4422869721318
50840,848.903460410488
50841,189.91322092689043
50842,227.8413000170942
50843,240.64007881266951
50844,467.8192843986409
50845,843.3643577649119
50846,515.2586316783103
50847,249.48718544271657
50848,213.66998525143515
50849,224.53579058782313
50850,165.94637311787207
50851,217.48562627940234
50852,130.6663056832343
50853,140.54147026166578
50854,770.1445633829875
50855,182.86937584613656
50856,152.5614260200495
50857,233.40153179157505
50858,296.4801770048431
50859,522.7495289601613
50860,188.16908975994633
50861,247.43977589366952
50862,237.75219407770737
50863,199.00089396626035
50864,244.81703063166734
50865,504.5932381066093
50866,159.9966222933219
50867,239.34730591137827
50868,545.2671347712364
50869,243.939746316604
50870,220.25142209655772
50871,374.5920016928222
50872,326.54275040359454
50873,248.61869534696564
50874,407.0528248644559
50875,165.28941958076203
50876,193.46584201193397
50877,169.80999250918774
50878,153.21044913319972
50879,169.8412272281159
50880,440.70306696026137
50881,197.2103270830313
50882,1226.4523089402255
50883,296.05798115177896
50884,162.6592123520039
50885,212.48014624463738
50886,342.1855169888344
50887,181.8696884629283
50888,165.29050546934977
50889,602.3127821779641
50890,430.03885765656185
50891,482.55452886383347
50892,273.01611238131875
50893,430.2905724331434
50894,389.8964980236673
50895,244.536734990496
50896,172.96931583803334
50897,224.71469313837378
50898,263.00365990266704
50899,324.40793193892574
50900,132.43319943982303
50901,1049.2803761672212
50902,288.3925963511964
50903,279.16111553765717
50904,240.250279795549
50905,277.8891787419858
50906,263.0683283630041
50907,237.78944119474102
50908,286.849897514145
50909,225.88437159521078
50910,397.72253853022033
50911,853.7710810345931
50912,209.01745640693795
50913,254.64582314818813
50914,111.52354155121347
50915,282.0971010840971
50916,268.7813412547506
50917,908.4130363727029
50918,174.00962969144427
50919,137.76041180094097
50920,284.98437071482783
50921,133.02721423621048
50922,285.1279434778216
50923,191.38854422372742
50924,143.48994441037547
50925,121.8340321597228
50926,190.32697889369385
50927,84.91824303022858
50928,140.89231884008868
50929,175.05050683378408
50930,397.9262471049745
50931,332.3480009056143
50932,357.95188308588064
50933,313.7870799781372
50934,379.3600933871503
50935,251.22555093562568
50936,220.17999744775736
50937,334.8586443150377
50938,443.20959300891286
50939,269.0264467700605
50940,272.86989634521694
50941,550.2837594491184
50942,185.41083979762792
50943,548.1459307103797
50944,347.21644536882934
50945,207.6430607869214
50946,294.80299077768706
50947,231.20038154548033
50948,164.54574084165142
50949,170.8032819004256
50950,332.44239278001726
50951,185.65284087412175
50952,536.725362774292
50953,236.8112410297841
50954,293.35771819550956
50955,401.4881471527866
50956,241.29968134146307
50957,176.03864120927963
50958,189.51072736119391
50959,231.23604050098265
50960,446.8766616270927
50961,1342.0871716068743
50962,262.8531524203828
50963,313.7865246196729
50964,179.17986737377868
50965,223.8997574470485
50966,188.52115259175213
50967,463.4947802337465
50968,274.1510730163897
50969,205.549228818841
50970,299.9283200027913
50971,187.60043403741247
50972,170.1112032359673
50973,344.1462703598996
50974,253.15254549697843
50975,212.97186783682346
50976,216.05009614943876
50977,152.0665849425206
50978,408.5650294388758
50979,299.7276781231666
50980,1370.6573046712695
50981,183.35078966925678
50982,257.26630953883233
50983,153.7972118784538
50984,418.00539694963527
50985,234.96471221479334
50986,433.32769592045537
50987,177.4648468596301
50988,342.06147572410146
50989,247.6409887741058
50990,389.64430452805124
50991,280.0161333087825
50992,238.4248048074377
50993,259.41586633361567
50994,242.64448933202112
50995,264.0333020561315
50996,196.81564450616898
50997,129.5490203912394
50998,243.00040200383376
50999,198.2133370756178
51000,119.49151785789967
51001,448.82880471568734
51002,343.9213257600418
51003,295.25410213521786
51004,142.3019575871989
51005,175.3138485592136
51006,154.45879866997987
51007,237.4369074432724
51008,177.56883769305136
51009,164.99490191047414
51010,220.89729347985167
51011,1226.0083520387116
51012,174.9464334111292
51013,162.357682234562
51014,254.01964754145982
51015,306.8417636902194
51016,202.9573527526581
51017,283.90261772154435
51018,413.98981869930105
51019,161.85565270549824
51020,208.9633197314123
51021,163.90836176354728
51022,193.21320800926787
51023,176.79042455312657
51024,172.55719922939892
51025,103.36885127094692
51026,155.47628574669923
51027,161.61841682969137
51028,298.5995784260592
51029,231.8583386834178
51030,249.9491433980854
51031,426.9541124038592
51032,175.60409172307027
51033,79.0062713003008
51034,333.2766344709943
51035,183.8473576145047
51036,211.7084648943258
51037,460.0153761741793
51038,168.69236988694252
51039,222.48276872268792
51040,213.3042014933135
51041,140.00236879708916
51042,177.13977325632243
51043,120.83863794117879
51044,267.4697230204694
51045,206.51977733992658
51046,248.7791395525099
51047,119.89650007633489
51048,337.7891377322157
51049,293.5380300201404
51050,195.5855815381838
51051,167.35982904745117
51052,389.1839580838562
51053,162.19115415689873
51054,298.2624370242583
51055,341.6798957568145
51056,363.6120848807803
51057,142.5115372487052
51058,223.55680719251657
51059,958.7779319311782
51060,239.41272779420748
51061,240.23967911826193
51062,359.8605664810693
51063,166.0908814330297
51064,814.075842792456
51065,157.42549070757573
51066,825.3007021927339
51067,201.29615337352647
51068,248.66099528038927
51069,218.10214990525554
51070,186.50659238009652
51071,219.45799223843136
51072,229.9070713013078
51073,280.99246190415494
51074,365.3335110520707
51075,396.57785194289727
51076,728.7907326178716
51077,448.4793728196554
51078,159.78608403257115
51079,240.50256376635897
51080,410.91101905759336
51081,192.1998219662766
51082,435.5659162588734
51083,174.2439536918995
51084,381.4341467069101
51085,399.02292246777705
51086,198.40167930118744
51087,174.58027389587411
51088,170.97838589130885
51089,340.27392800606617
51090,145.1371933989376
51091,498.7074048821174
51092,600.7297901949788
51093,328.74804960484073
51094,108.44450861176225
51095,154.04542924179609
51096,412.3073895559775
51097,229.14227756940528
51098,194.0093079097038
51099,255.69889164928696
51100,163.20421430345013
51101,530.8087945379143
51102,137.6467209377899
51103,241.7971415635587
51104,466.47587412044044
51105,588.195278167774
51106,205.44707498223516
51107,223.4025381792635
51108,286.17312367638067
51109,300.6061240343146
51110,375.5709585908241
51111,340.77403447172526
51112,218.14679721323654
51113,320.86195085677673
51114,264.528779324369
51115,168.90214618576354
51116,205.84452061997487
51117,288.4708805355952
51118,98.49819948453542
51119,266.1940900938824
51120,383.74444427435276
51121,1048.0883661869207
51122,416.7632484797353
51123,500.996693944911
51124,355.49744384482057
51125,260.50552939944254
51126,263.41657792685265
51127,270.81355663829055
51128,289.02324801011645
51129,416.93813109327016
51130,298.2591977729216
51131,308.1844324754655
51132,628.5669289921105
51133,331.4202982666524
51134,149.5551286056109
51135,289.8221581270927
51136,223.94040853676708
51137,450.0796293318384
51138,186.04134304400242
51139,285.0913371333062
51140,120.91688837812632
51141,204.12340809084844
51142,1014.6251092238828
51143,132.27434517933028
51144,147.01503764327572
51145,165.79204597668036
51146,142.4722623464146
51147,551.9952230612953
51148,221.37107048815605
51149,524.3841022295818
51150,123.48856455344286
51151,239.2921405241229
51152,432.0770136837538
51153,384.0586873088481
51154,186.6290905472902
51155,635.167063784507
51156,147.98835465844664
51157,161.3502706606192
51158,215.66652496446622
51159,292.97513326214414
51160,364.7144848013333
51161,200.12630027679867
51162,260.60573417223816
51163,261.5827968592192
51164,315.0068261333488
51165,218.71780587766656
51166,193.1831826873305
51167,281.88671663263733
51168,242.84918696775853
51169,237.82382729098813
51170,333.74894357987426
51171,389.08291682982775
51172,285.0757097319343
51173,220.5887069930404
51174,308.66716246144506
51175,228.90008455805932
51176,157.4887986561054
51177,269.8392538481008
51178,486.1795854842156
51179,195.65478505945657
51180,262.6969299811386
51181,278.6545686331645
51182,238.71454757970267
51183,440.0193554219555
51184,357.8953479906324
51185,150.84928845325615
51186,148.75923791721883
51187,358.58906343623244
51188,480.80933272808466
51189,437.23438555235674
51190,323.2783451518955
51191,149.85215845933388
51192,288.64308653717376
51193,706.5022371348979
51194,123.22673839274245
51195,439.2801909592796
51196,172.99561899934955
51197,172.80628943660747
51198,380.7859351330587
51199,362.45520781559884
51200,335.16745706287855
51201,153.142459832679
51202,419.7372173415732
51203,195.27360512585892
51204,519.384158906752
51205,204.10138197959213
51206,306.2405213257636
51207,118.33192448224464
51208,165.8956239331938
51209,154.14329188261596
51210,440.0830687307608
51211,140.1692399202191
51212,267.0549134300149
51213,647.9644542719132
51214,139.08212149346218
51215,136.2212015838575
51216,280.4241142491233
51217,269.01166159404755
51218,174.47871032432369
51219,155.026426945738
51220,603.8435157498716
51221,249.88386397786786
51222,177.79064972693857
51223,174.3904741653259
51224,244.6689100168436
51225,130.39019512593026
51226,165.39759843677228
51227,215.2418971019116
51228,540.3206298935067
51229,233.5932210590882
51230,206.93544940411786
51231,166.00185705007252
51232,212.8926960811068
51233,228.4340910973731
51234,206.05285218792326
51235,246.50907402675733
51236,1018.4565197454268
51237,207.37290578603987
51238,131.40602319283212
51239,661.5578023569711
51240,213.27240622917958
51241,189.30885576223153
51242,354.76827064132857
51243,197.64994405459657
51244,229.47378423476965
51245,519.9864700329589
51246,422.6719060462213
51247,168.67499265076546
51248,171.46037269512695
51249,466.3946163870797
51250,194.45119137471613
51251,236.05960531963487
51252,536.9014898550842
51253,144.64270832048118
51254,148.0206761075146
51255,334.9357800630651
51256,170.38682076392772
51257,364.05053612654575
51258,165.45494049199186
51259,161.69308513657387
51260,224.167590683698
51261,237.71500128083932
51262,255.41222219803615
51263,140.13108475561762
51264,135.0069381835095
51265,335.1567249051197
51266,114.91489699945294
51267,227.2004818166149
51268,303.6854473521528
51269,213.3775189080111
51270,711.4764603868931
51271,262.93398437362316
51272,388.29632180182034
51273,154.60367370290868
51274,132.62553045519786
51275,145.49568284150993
51276,171.10882295584176
51277,422.7610057557122
51278,174.58765198666995
51279,388.39404776271584
51280,442.9172553492959
51281,749.2872675973088
51282,230.11678309814366
51283,153.38698838283682
51284,111.84191484780195
51285,257.74007177679465
51286,224.37718584961115
51287,179.83592407771744
51288,128.80706349210146
51289,233.70763903403306
51290,186.19747941653895
51291,484.08589519549406
51292,367.6479990510534
51293,192.6496430574783
51294,239.24938011030287
51295,219.1995384540728
51296,242.97047401930405
51297,160.94735559445348
51298,364.62640232589314
51299,167.48663877145898
51300,540.7835430271016
51301,292.3064898766287
51302,167.73520476524746
51303,198.03935218125943
51304,594.7755363630248
51305,428.32246554232034
51306,133.47279018976403
51307,234.6790218880424
51308,223.49590759308364
51309,199.86959617050172
51310,249.02509146990423
51311,372.99992217069035
51312,377.5170908490061
51313,164.65382913391315
51314,162.5701128187777
51315,448.8049628850635
51316,305.83390315758527
51317,178.5188600933078
51318,187.7078914931787
51319,544.0558558751261
51320,314.7742195085358
51321,143.65340332020995
51322,188.01214782779118
51323,150.26037140657985
51324,235.40964541979233
51325,157.49111842491297
51326,225.80042901526
51327,386.12925581583085
51328,607.1837435325427
51329,205.13418407039794
51330,372.14831026678445
51331,168.01860168685474
51332,443.7866032399115
51333,415.8493531434663
51334,231.83591318220903
51335,208.00589182493474
51336,497.36748133032853
51337,242.540561151177
51338,212.09322906843076
51339,315.4307331210826
51340,382.33944659433996
51341,167.33458211686528
51342,195.33289115555124
51343,168.21476867615644
51344,191.57337226778688
51345,347.98366568212873
51346,414.5317307577129
51347,204.40617791395334
51348,240.8133394608248
51349,197.66113027637817
51350,745.2845623313646
51351,305.35470931778394
51352,314.1659046068632
51353,180.78252373844646
51354,114.46525804285562
51355,584.8737582036196
51356,225.23481397516682
51357,173.70773770072654
51358,450.6528806200299
51359,131.44902305080703
51360,213.02751859359432
51361,359.4314961827464
51362,256.3878529526972
51363,438.1059973375452
51364,471.9090805179707
51365,283.323189334966
51366,137.30932001619297
51367,276.6379775396435
51368,421.6340426417654
51369,223.11734534335625
51370,267.02823757766924
51371,158.30068605292098
51372,235.72720300939542
51373,177.11816236660928
51374,130.0099009994591
51375,380.26219360609497
51376,187.21895891534908
51377,174.46610730732652
51378,418.0374733592933
51379,518.7108182983424
51380,231.7135610793275
51381,204.15915759338205
51382,246.01004679128664
51383,149.18960736699177
51384,215.5732674387966
51385,175.55921323975156
51386,152.0208210326276
51387,153.0848839239537
51388,226.83494277513444
51389,638.549794494975
51390,581.9760518839621
51391,273.90097285742144
51392,170.4108340205825
51393,185.4287140783862
51394,184.41586881246462
51395,190.50624876582086
51396,348.389555570929
51397,637.9070867908835
51398,209.99745374188134
51399,166.44709976907515
51400,210.55493166976873
51401,482.47023349877514
51402,177.2267870019383
51403,444.4311985755579
51404,201.98595265544674
51405,261.78362856181536
51406,249.65297371819202
51407,178.74524647365723
51408,301.2191786787113
51409,201.76025877078928
51410,546.5501955426097
51411,245.14371233863906
51412,235.41249426732708
51413,175.16724316224114
51414,366.6979152790936
51415,126.22936372859051
51416,153.05950653421002
51417,197.1289158339287
51418,360.8943724473633
51419,433.92684251523985
51420,389.63145055240614
51421,255.1925987241066
51422,170.5282896379218
51423,295.5442931461387
51424,634.3065855255725
51425,720.7750086487686
51426,532.1298533751268
51427,98.28647460634066
51428,505.65912459419326
51429,242.5227622907806
51430,396.4537568445189
51431,218.3498066674683
51432,254.46376622361453
51433,145.9005529086969
51434,1093.2935677979015
51435,179.66186579594628
51436,796.8520345740993
51437,183.3323195390483
51438,203.83184714613358
51439,435.44550615939903
51440,215.72839536461564
51441,363.6616897708564
51442,155.1005269580219
51443,282.70103157608327
51444,236.94513579886296
51445,206.3725257978337
51446,174.4521038767762
51447,399.5532487069257
51448,145.82287449516008
51449,236.04966107601214
51450,188.23299832718595
51451,244.85811275774498
51452,293.25226699387645
51453,194.372624612693
51454,177.47921443408515
51455,172.9036041184247
51456,148.3546836278901
51457,167.4651684090837
51458,126.50343200456406
51459,414.3266613990479
51460,139.02061901002983
51461,384.8740863648501
51462,326.5208535275956
51463,158.32776132848497
51464,138.9844187981793
51465,372.72239947447247
51466,200.39628031185882
51467,1826.381759664693
51468,289.91341008930016
51469,341.5546579910476
51470,186.90220037366745
51471,133.34904391415296
51472,463.73027822300315
51473,148.0834602432324
51474,311.1267610811014
51475,557.5286767668755
51476,139.30716500386347
51477,247.9050101349577
51478,496.035086656667
51479,306.0868528257945
51480,380.0192321440017
51481,173.90233413654036
51482,226.47465637147414
51483,372.802245364932
51484,212.0173806886989
51485,653.5325182679298
51486,245.37742488329565
51487,193.9934184476338
51488,243.20130071368624
51489,384.5510628203236
51490,269.13469622087507
51491,132.44039555888077
51492,313.93490788528754
51493,150.60680963581913
51494,231.00739184158374
51495,286.90110236568466
51496,225.61199334460238
51497,253.0049795558022
51498,152.32826374134802
51499,454.43439517662534
51500,148.2232239167384
51501,313.267450897952
51502,129.52979544203117
51503,553.5799266903808
51504,200.09531332071887
51505,126.67425780952652
51506,353.0394815739456
51507,237.46342723255057
51508,173.6655091472475
51509,171.6644246223929
51510,179.57677427697504
51511,340.14622628149857
51512,182.27275457653744
51513,133.16956251341955
51514,319.68264245552695
51515,140.70029096162853
51516,259.9333091855061
51517,275.0208197107388
51518,408.0126289357675
51519,238.88151485601614
51520,191.9129183229676
51521,210.22461859605878
51522,244.79731038640216
51523,456.43532736580613
51524,286.41774598113506
51525,279.1416677295212
51526,339.51726606586647
51527,289.7299919401256
51528,185.4200070952389
51529,206.27567076747127
51530,223.30956275504838
51531,468.23420536312574
51532,137.63882921594234
51533,297.7433881957146
51534,269.2317143771715
51535,1886.5136627696086
51536,578.9638762850188
51537,384.15844129369077
51538,187.73735045013086
51539,298.10217979059513
51540,365.8445038851422
51541,324.5793386858997
51542,266.67518169803606
51543,178.78184677993974
51544,200.5051179009293
51545,135.3240906305696
51546,368.0528727628132
51547,172.45256504553944
51548,200.51744229967048
51549,156.19836783931896
51550,269.6119869520332
51551,138.55931140743962
51552,374.7688067328197
51553,174.74717831233758
51554,201.10318709405166
51555,241.74529025041699
51556,370.2847363720109
51557,197.6381702010054
51558,219.08981727220993
51559,361.4377989721892
51560,336.00291128661377
51561,408.27477030121844
51562,130.8502334120586
51563,164.75825213392125
51564,293.72473493965805
51565,268.85375070958196
51566,403.38203021711945
51567,490.5731995104914
51568,825.3667627353572
51569,181.84232581373521
51570,215.6943582562196
51571,129.1838665599993
51572,138.9240771590906
51573,323.28597255025517
51574,249.98208077212382
51575,589.0315353854913
51576,565.4377211335965
51577,226.96556499965263
51578,1567.4007015757202
51579,358.3802238871803
51580,131.37483191134405
51581,260.25246180271444
51582,408.5769110225469
51583,441.9491652766609
51584,158.8533643019206
51585,227.23879526524263
51586,126.1482054144644
51587,176.73914132765188
51588,309.5185126235583
51589,273.8118037631035
51590,437.9069398728313
51591,231.0175237382631
51592,136.02624583346204
51593,421.0336093088996
51594,212.1867404062901
51595,266.6512870629486
51596,194.54306586198234
51597,223.72620175885098
51598,244.4691830327653
51599,1592.3979841901503
51600,469.85920923966074
51601,457.3939718053702
51602,448.19562938780166
51603,180.01897254423747
51604,223.12469147328645
51605,314.8487240450946
51606,198.33167909122832
51607,194.33619804727894
51608,363.4215263701609
51609,232.06556675541054
51610,191.53966696561656
51611,248.71266212132687
51612,907.9232043563427
51613,263.2398174418558
51614,288.44302148782464
51615,275.1421719228821
51616,148.32142413122546
51617,274.20379251535996
51618,120.98419548280462
51619,138.81056401278346
51620,1370.084247399959
51621,141.23085293337067
51622,417.474508564317
51623,480.7620703519693
51624,223.96920575886296
51625,160.6394373423706
51626,174.84374651350038
51627,197.30983986992948
51628,397.1721429826815
51629,205.9380353596285
51630,285.5704153074376
51631,158.89125089970318
51632,371.4256693746229
51633,371.4869831374797
51634,179.32193754319619
51635,264.1193790197531
51636,141.32973447999487
51637,171.72439383410654
51638,199.23907845187856
51639,207.18222429614715
51640,264.3590758490316
51641,165.18144207344474
51642,216.85871374740765
51643,335.0184079478178
51644,372.9102088167136
51645,165.45191340733325
51646,158.55574496140494
51647,162.9041026829068
51648,148.27324676131735
51649,239.24511387551004
51650,296.46008380346694
51651,413.43250344937786
51652,208.21964580322475
51653,141.76606279749976
51654,195.01225491271063
51655,341.40320565808315
51656,223.42269472029707
51657,158.882551377482
51658,233.2400255471418
51659,240.2005053028403
51660,158.92110250648076
51661,196.69963680913725
51662,703.8964570967532
51663,295.5902410053022
51664,604.184074832677
51665,415.79119724089526
51666,175.12154485114567
51667,256.92701959684285
51668,127.74250697592124
51669,286.3834696712962
51670,626.7958227361138
51671,185.44887909569582
51672,251.571585072674
51673,311.1944472427875
51674,143.13781878985841
51675,162.79237537281003
51676,1954.8634045551732
51677,147.5416312982878
51678,147.38712948741951
51679,319.2687928646524
51680,247.12374556580525
51681,171.19290108216774
51682,175.18259879232085
51683,183.90765574105004
51684,149.95241339125124
51685,128.93448121158912
51686,150.28430824532182
51687,317.5940927759314
51688,158.7098998849859
51689,158.1495412778357
51690,302.742470605939
51691,199.05027622353577
51692,317.3774706874046
51693,500.6532006985275
51694,235.6009879617201
51695,555.024034458924
51696,311.31537601496393
51697,531.9020098401759
51698,188.5937532644742
51699,188.92930796129207
51700,317.29879869599245
51701,241.9703460693029
51702,204.41376333355754
51703,221.07980352539707
51704,180.13508543647373
51705,179.4161687296731
51706,873.9136056161655
51707,198.7893244989467
51708,335.2719336544192
