id,realSum
36196,431.62660883856165
36197,815.3143801885171
36198,990.1001873412384
36199,190.1580976783649
36200,332.12197167068257
36201,521.111117766371
36202,8185.715893779747
36203,367.36189815122503
36204,714.3419793351916
36205,216.35923183693725
36206,223.12875176792625
36207,443.10228183759466
36208,294.3915528489032
36209,205.5125988324503
36210,167.0047105025003
36211,383.0838304185652
36212,240.3495696787011
36213,157.85259966843518
36214,95.18703378214158
36215,148.82592321212084
36216,358.18645498881676
36217,227.66501146972593
36218,472.377828893939
36219,107.73109536672844
36220,333.2151463481315
36221,327.94696177439704
36222,188.64018100731843
36223,373.57188966159106
36224,404.02781550530995
36225,677.7840294785242
36226,300.89024558865873
36227,546.1831896007734
36228,1089.721358695354
36229,219.84581864701065
36230,285.8043426103213
36231,275.0410046030007
36232,192.2569950542425
36233,228.71236369574197
36234,117.42920991330296
36235,469.12141872463735
36236,166.0133280401992
36237,257.96344707768066
36238,178.5667006145318
36239,175.19250549222235
36240,326.0256096762369
36241,224.47624908146918
36242,140.06872350794072
36243,280.99968498424096
36244,164.52952333538306
36245,260.09214685015513
36246,387.1410813676189
36247,225.96244330100083
36248,363.3758203998891
36249,554.1306169714115
36250,313.2872819637063
36251,321.3257952149716
36252,419.0675223320235
36253,594.6097905726529
36254,374.3330077574716
36255,308.1242734512415
36256,126.4959613431528
36257,356.5181053512084
36258,191.78943892877862
36259,328.4930260129747
36260,395.0646891125026
36261,208.86569375985502
36262,103.12711079550122
36263,148.30696173643167
36264,81.79449667590195
36265,647.7383867135212
36266,245.48273515483965
36267,292.27206319491637
36268,329.9571306053614
36269,204.14061427223183
36270,412.6456211683408
36271,266.45680023420744
36272,256.7226777178374
36273,480.7705890133767
36274,100.4385697084588
36275,259.3888968554727
36276,335.95242207580964
36277,202.1130223478044
36278,141.72413727453457
36279,277.29857916817
36280,164.0405031732735
36281,207.38323212054664
36282,95.3195472189908
36283,133.63379962230937
36284,246.32995359153838
36285,187.53965464427202
36286,149.19433863087008
36287,306.6517317920825
36288,204.47218784145858
36289,59.58716581675693
36290,470.1489140893064
36291,271.5363431473013
36292,347.380257020136
36293,488.3936229725721
36294,183.883650603297
36295,206.87991639240275
36296,863.7310122190426
36297,169.15525635873507
36298,172.1744606119158
36299,118.11043032612876
36300,178.49411650305612
36301,597.0821807633705
36302,132.89593331182476
36303,307.06625090430566
36304,240.29051298300774
36305,110.85883191149442
36306,123.6191291273892
36307,281.98346805070355
36308,369.1180108657288
36309,282.8317158823542
36310,188.79101941428073
36311,390.63321045649434
36312,156.72488493360984
36313,378.7306029848377
36314,191.16781788232942
36315,190.22834923946527
36316,583.988683542252
36317,179.68168530274392
36318,90.10586680905804
36319,173.4014312429775
36320,568.0911522958644
36321,365.3098927229554
36322,279.83910058532285
36323,228.01508104955047
36324,263.73104704336936
36325,247.64656758937804
36326,272.9986629341571
36327,309.1549452668718
36328,369.7231650332037
36329,103.04159824702928
36330,144.54308729574856
36331,126.88168370256581
36332,415.6842899223677
36333,298.6619736366756
36334,323.33323911204616
36335,174.8763254335824
36336,301.0692441756031
36337,258.119467817115
36338,243.0320034953082
36339,130.1169714905767
36340,244.2007635951864
36341,152.0408793170592
36342,173.10957740092758
36343,174.98130742574943
36344,218.93652148999107
36345,152.663600745407
36346,231.6650435362246
36347,225.215084179944
36348,324.0243402714113
36349,95.70455610776904
36350,235.20560821426744
36351,132.57483182755917
36352,223.99048915889975
36353,272.65918193781954
36354,223.90038933612237
36355,207.2629119815114
36356,258.5799554246271
36357,304.6621005741408
36358,580.9208149128909
36359,330.80529876970286
36360,264.8194315791435
36361,609.4714221539127
36362,288.4884810472881
36363,182.29919610533094
36364,361.7993365306704
36365,267.95164673903037
36366,274.48509945355573
36367,246.5371528888249
36368,304.1611234787691
36369,512.4378948779997
36370,414.8437545579443
36371,308.93890637908805
36372,246.16176597130578
36373,192.19303010213736
36374,275.5421897586085
36375,203.3120633508269
36376,218.3130805651298
36377,259.202801321339
36378,174.80000392368711
36379,196.4611949030741
36380,150.57320538221276
36381,264.1896974011609
36382,318.9991702289561
36383,168.70759270798948
36384,381.81836617239185
36385,118.91195332322685
36386,285.9760531645451
36387,85.61295570197048
36388,137.60347043430264
36389,242.58629985962
36390,162.83324538637314
36391,601.2320744250386
36392,284.303313114444
36393,98.5460259359189
36394,271.59482274590897
36395,539.3880732080356
36396,395.34210247953496
36397,189.49008577467765
36398,112.63382689216218
36399,357.23742995375676
36400,280.5931594646096
36401,143.83478288540636
36402,177.41755747182705
36403,236.76357795557178
36404,199.7703338530781
36405,187.2157326317339
36406,86.28017207912305
36407,192.1645184906907
36408,215.7496067357461
36409,328.77553633420007
36410,189.58224179724732
36411,262.2736151455356
36412,258.68453498074336
36413,258.53446836495044
36414,211.84155087937665
36415,430.8585668614385
36416,192.39261048359526
36417,449.0776963781392
36418,125.4178420616271
36419,282.02222428117454
36420,100.10133605785057
36421,378.166308998093
36422,270.1100535392702
36423,223.0906098526768
36424,218.70196004012968
36425,147.43078644709126
36426,168.73001691848566
36427,164.27330282687691
36428,229.58750477354886
36429,2582.689037109315
36430,373.775127466955
36431,754.6582646750545
36432,392.6790257236763
36433,137.20818714343676
36434,243.91592957104518
36435,389.1543727392144
36436,430.11186827900804
36437,238.49869730373737
36438,255.35645075601914
36439,204.91454184294514
36440,582.1592721707883
36441,313.6346541635313
36442,423.1141518411723
36443,185.40626919236965
36444,134.74002848844225
36445,168.8546693679321
36446,241.144410861012
36447,247.5730920494866
36448,189.5248769848129
36449,714.9718486691642
36450,300.4994518259021
36451,131.01520291366467
36452,724.9395617122121
36453,311.6043533588637
36454,2520.0638211589708
36455,98.1284724377036
36456,130.83417913482577
36457,162.44077248274948
36458,485.4791022526813
36459,331.36062205172595
36460,149.39174631291786
36461,340.70572900349043
36462,483.13254139029567
36463,144.53047694016396
36464,334.9775524636125
36465,247.79867996605762
36466,104.19968285978446
36467,300.6835580129822
36468,251.79233058450302
36469,159.67670084497266
36470,500.9766266517621
36471,568.1823098274948
36472,150.64418938703722
36473,110.0348229274149
36474,449.74792799261445
36475,342.5754679889503
36476,222.47299434779745
36477,482.46286086143635
36478,242.59711582089625
36479,164.40473330459497
36480,261.6920439457615
36481,459.11957726936373
36482,347.74469770615724
36483,199.51018252590143
36484,376.8479878879009
36485,108.99481373402475
36486,384.30832539830624
36487,417.52801366971516
36488,201.8495870460492
36489,381.29227064656106
36490,147.80104945834424
36491,164.95272331206996
36492,572.9602951677529
36493,439.5335335162956
36494,237.02629642274397
36495,215.77796149387763
36496,387.72026301617996
36497,168.1402587760055
36498,279.6022637519218
36499,832.5106890697109
36500,123.89121681260818
36501,150.06270154861824
36502,203.39363474268808
36503,246.1307870879063
36504,416.5562376523322
36505,176.56913692186643
36506,215.8511819051601
36507,737.0816844884422
36508,525.3818691177697
36509,195.43875449432662
36510,288.31380215394177
36511,400.6895143872455
36512,302.70042399795346
36513,383.4435578447349
36514,246.35336738929138
36515,251.57181394121173
36516,236.5978171085158
36517,189.40579942751043
36518,205.56938444323015
36519,266.1036242227548
36520,224.50059483497307
36521,189.77342690934807
36522,128.1226298402993
36523,321.5693059807691
36524,743.1024723065503
36525,169.79884038010596
36526,226.33615638720775
36527,246.70015929412867
36528,418.3272608227836
36529,198.7316323469597
36530,235.3624616534352
36531,102.9403466720522
36532,102.93876005081815
36533,308.67038077915254
36534,297.9611727199963
36535,154.01642016297532
36536,296.9095851408605
36537,628.8038470844208
36538,197.51122784977377
36539,339.7922751085218
36540,224.60202789249504
36541,87.42021760726655
36542,330.53642965393453
36543,225.74854134712473
36544,177.24249839935703
36545,111.92031815350303
36546,581.6804428625283
36547,92.02515664143513
36548,98.92643874821702
36549,176.6783282741808
36550,454.0658036492489
36551,252.2639848552547
36552,144.32726354713256
36553,177.74110168124338
36554,435.06685394302076
36555,160.70182456206658
36556,142.7338013577565
36557,278.34687133854607
36558,154.66761529921448
36559,316.74179674717914
36560,151.03372736493475
36561,498.9720786233793
36562,312.76900757300086
36563,211.57411565016852
36564,188.46483420629107
36565,201.099803124088
36566,320.01704251862947
36567,184.62909390104596
36568,103.08486400743166
36569,428.783602791498
36570,216.28085037834978
36571,217.42653323846304
36572,165.55290231715495
36573,184.43891015006665
36574,200.5861978659906
36575,764.1062858185112
36576,400.06234193978696
36577,243.5571834580642
36578,181.25998147661585
36579,295.8029185398109
36580,167.74326174829034
36581,258.44580861359594
36582,363.0123789340114
36583,180.92530943784288
36584,258.3932095756613
36585,460.5199931002213
36586,193.90975201604837
36587,637.2507687459739
36588,174.94658387855975
36589,161.76565625756663
36590,225.63289120149534
36591,216.89731351116424
36592,235.95654244625214
36593,443.94255856622664
36594,404.24984888151164
36595,245.846532609413
36596,141.95766439695382
36597,242.10338129637756
36598,218.2900805645924
36599,210.73023910145048
36600,308.2544907649118
36601,254.97517612382833
36602,235.86140335924176
36603,108.54140902230722
36604,821.0722250848011
36605,1210.3107142174981
36606,105.20968326989873
36607,746.8809597748493
36608,170.3108729283274
36609,145.36871931533867
36610,189.52487806855726
36611,194.78118229474504
36612,466.6213266520517
36613,259.1950828527918
36614,280.479876256611
36615,228.58773330785363
36616,219.3386295100434
36617,333.2377302137485
36618,225.37214020193937
36619,422.5329470787385
36620,222.80571679129113
36621,201.13455874449738
36622,122.94944929886859
36623,130.44041627936667
36624,130.53690989705285
36625,646.521430574622
36626,326.88489122007974
36627,107.4873417456254
36628,358.19594994794727
36629,417.6090014532864
36630,92.50986249941155
36631,342.10460939391027
36632,245.6228698693569
36633,260.8785533167552
36634,116.2494865991577
36635,339.05145545364957
36636,352.86149617559784
36637,248.26234700556338
36638,220.00558659280722
36639,379.8679840084514
36640,147.5104154249218
36641,507.78934744247334
36642,249.79244854665768
36643,65.08236207779765
36644,164.80378376060557
36645,248.37689163949543
36646,261.06761576620744
36647,272.626350592886
36648,786.3892541145638
36649,157.6450882888339
36650,1141.7080524833264
36651,359.353851221881
36652,181.612561676956
36653,381.90397841528807
36654,401.7272893031519
36655,152.88353067230943
36656,322.4258453629757
36657,307.70175003064685
36658,315.4142530073995
36659,204.5847843542005
36660,243.8935569666713
36661,186.6638782845239
36662,182.65977624573202
36663,100.22613279523027
36664,187.20639209230075
36665,199.40572404954193
36666,97.24456265876341
36667,322.29983576938366
36668,499.75179946060797
36669,173.52754232880264
36670,171.5690334304352
36671,278.50477799287745
36672,715.8762889946507
36673,302.2221099699083
36674,264.9337911894668
36675,189.3980419087044
36676,486.2131876672291
36677,456.2352349143089
36678,224.46975522273456
36679,245.81189301119372
36680,319.23647346308087
36681,331.48551377909837
36682,319.0930590449767
36683,374.5517346830176
36684,191.92960212921528
36685,480.5758979772788
36686,199.5171543076238
36687,201.3389031086356
36688,202.2483064208592
36689,254.4619575138074
36690,236.56772166692483
36691,2357.118276452811
36692,217.44969001918352
36693,458.2563126054692
36694,144.23145584057724
36695,115.83261401990136
36696,147.0047571178558
36697,259.01916747741615
36698,187.7273974278916
36699,138.02630982237696
36700,239.27904150962112
36701,414.15289555294623
36702,115.58519910436044
36703,248.0196977466981
36704,209.90896561376275
36705,180.4034454087841
36706,143.6230468056734
36707,266.6726472426116
36708,330.6452770215257
36709,566.3578589903265
36710,124.55703316756278
36711,296.06657587789164
36712,111.33354546175345
36713,131.1038675450371
36714,113.07513191413823
36715,134.43746856473857
36716,81.82098342385068
36717,196.17752375323863
36718,146.49196500697727
36719,213.5049956208503
36720,277.3086125019628
36721,329.3011751273225
36722,1246.0752394399565
36723,278.7511551263001
36724,587.0318516622359
36725,223.840180299263
36726,135.55995415740182
36727,155.57615355238448
36728,237.30605584092214
36729,622.6096339683727
36730,170.03285024161505
36731,274.0869948122253
36732,201.90332568733345
36733,183.51530557643238
36734,48.48096875092943
36735,147.35461377933905
36736,96.26146550747148
36737,352.87741952293663
36738,174.1879555670238
36739,71.62352587434833
36740,280.34966479136267
36741,149.04555662156932
36742,157.56967069370177
36743,132.30245853017763
36744,292.8028150085422
36745,167.00190169369858
36746,203.5276314497929
36747,129.5969085948521
36748,215.32758396464163
36749,537.6497451168657
36750,88.58932431134482
36751,193.41080507237956
36752,406.3849468187537
36753,560.4088619117679
36754,232.73576313749544
36755,667.8303907234107
36756,166.51700621689773
36757,355.1730703314384
36758,136.72094696674534
36759,140.40377272249745
36760,279.561379149339
36761,226.59571409159005
36762,225.4989267135147
36763,73.43616198696347
36764,343.74244915295503
36765,178.22253352845976
36766,361.44618778682394
36767,570.1458320973325
36768,322.3889519282744
36769,187.66687525759772
36770,138.07071009196093
36771,135.97228743394786
36772,90.85661847599341
36773,301.1082913521068
36774,191.77925420828024
36775,228.69659179959896
36776,193.07489247626245
36777,107.250232072957
36778,105.9874289957198
36779,300.5287795520262
36780,174.39540986222303
36781,305.64666149732943
36782,210.90019123828276
36783,239.30152496444938
36784,429.3202250746112
36785,424.7974372946875
36786,101.66144714311265
36787,344.32486807299915
36788,259.3504689627232
36789,517.2451982363136
36790,350.43886592344006
36791,522.8216330932955
36792,182.20982477054716
36793,139.04628576812178
36794,283.42227296188724
36795,272.1744565605014
36796,352.96584750455463
36797,447.8513250703418
36798,670.7899465905112
36799,415.1213385794721
36800,296.8686672264306
36801,649.4634127394884
36802,320.3397353110546
36803,275.88278239430724
36804,227.57169273529922
36805,164.09252493483157
36806,520.028858444661
36807,192.75644460581577
36808,255.09551827942875
36809,235.61469876968525
36810,355.47476352159134
36811,266.2551218687547
36812,267.844086893304
36813,172.61788389176755
36814,512.0759035458442
36815,115.44393514850083
36816,181.6242396614256
36817,255.10685025222065
36818,253.6443917394622
36819,117.91525197367645
36820,216.56444782346213
36821,318.142408039403
36822,825.5444643352347
36823,330.08481607266214
36824,368.85702352982287
36825,255.28952195195015
36826,254.28611564407825
36827,180.21184826811137
36828,284.652596826081
36829,289.2662492729378
36830,189.37746111020618
36831,413.38033564582065
36832,228.37913459206712
36833,215.44915129832833
36834,329.8752767718221
36835,512.485507752964
36836,196.82856662318457
36837,122.96951748134316
36838,230.49518658128898
36839,121.37755570122243
36840,371.2791949715451
36841,192.37724270807286
36842,177.9261712964187
36843,163.74353848027678
36844,329.78633743402327
36845,154.62542168632964
36846,539.862142090626
36847,203.09422520971026
36848,270.2555077238259
36849,239.54789910346787
36850,219.44384600851748
36851,147.55668680065875
36852,505.94829785185476
36853,206.68889550691702
36854,174.08684126751433
36855,238.84270558806165
36856,77.21240217687532
36857,286.0512593467115
36858,343.90902467173055
36859,335.5964540300888
36860,461.0337744616485
36861,428.5223820348143
36862,208.7690634349724
36863,134.7027263868344
36864,199.1671743144731
36865,278.833983837902
36866,116.1439722550106
36867,183.97935974895108
36868,249.57374759248776
36869,182.53527042158083
36870,245.34940583207583
36871,173.85318768147312
36872,163.27480058997665
36873,337.702751068584
36874,344.1870270085925
36875,267.44566552682977
36876,206.7697238665788
36877,320.96610123357897
36878,252.13205720114865
36879,128.43755293567193
36880,142.43756633144162
36881,92.6747066685416
36882,348.44807536746794
36883,493.5225231177976
36884,96.99803393739471
36885,180.54952799326526
36886,397.47684738811444
36887,233.73756372010092
36888,512.6468298109514
36889,154.37887982901233
36890,322.7278368989954
36891,151.07603719583952
36892,952.1879931539016
36893,504.98009571573346
36894,268.68853013411666
36895,318.9720759353727
36896,129.90501355733795
36897,585.5811015727152
36898,164.96755453609097
36899,139.44046054417387
36900,290.5637113878396
36901,148.71657323018005
36902,132.1767507674482
36903,244.1944854469937
36904,118.56120668007134
36905,250.34610542432918
36906,141.74590199496032
36907,645.4900433163473
36908,239.53571652954503
36909,299.8882926370783
36910,261.27573270069615
36911,318.75409695547694
36912,168.298140504245
36913,151.71341574167184
36914,75.62652763654133
36915,157.8935121962526
36916,208.20606115327504
36917,222.76941835082255
36918,220.6700918273031
36919,199.50189799349852
36920,138.02047537739244
36921,570.8906350045968
36922,142.41304637656066
36923,110.02334430084288
36924,158.85656452952264
36925,235.53731757516408
36926,161.57476624009962
36927,181.7140755861335
36928,174.49023792820722
36929,182.84239907782654
36930,323.80563984737927
36931,804.1780470350225
36932,110.70959026643428
36933,147.92366827352294
36934,122.38657745845576
36935,247.0351560557313
36936,210.03793826030446
36937,383.6577481338463
36938,298.4752807307244
36939,316.29317620978986
36940,149.2283282040162
36941,159.92467781070388
36942,132.60976739829317
36943,904.7175502296063
36944,205.0928854093346
36945,109.27769819298852
36946,198.48126122336703
36947,167.48744293015213
36948,270.893839480964
36949,178.7622760601972
36950,230.90301773831763
36951,95.81798292514998
36952,85.58019151381353
36953,254.7117836825316
36954,95.99947357871643
36955,157.19363707932808
36956,117.31637481698627
36957,258.7593032382615
36958,210.19125551820537
36959,206.42640890486894
36960,160.19718470003562
36961,115.34295539746437
36962,171.26591460283123
36963,88.15755038838769
36964,186.94075117006903
36965,122.769627509793
36966,322.6088934003763
36967,107.76791733831143
36968,123.27383440672078
36969,359.2699290499317
36970,514.5594236498491
36971,324.5158236311773
36972,522.7515801780485
36973,219.2516114051095
36974,349.24025566168916
36975,1884.317773925472
36976,431.8713420223812
36977,98.94491243639767
36978,386.89754192490585
36979,257.6732289432012
36980,139.95671571605925
36981,225.5507143168571
36982,246.1830010447921
36983,150.9001928416007
36984,95.32439904928313
36985,330.1648828217539
36986,132.3428791619816
36987,406.2812430506739
36988,235.00870422632784
36989,153.23578379128088
36990,94.86998371001603
36991,195.5429950336858
36992,389.28651080771976
36993,155.04792721091025
36994,210.07992630510861
36995,205.22800237058266
36996,250.67833202943487
36997,1102.4379384195022
36998,174.90906999417103
36999,230.08994848526788
37000,265.2939108765539
37001,906.6377787350874
37002,173.39387537095374
37003,608.0747651098641
37004,625.0111292530927
37005,87.33056349475866
37006,309.82742075669864
37007,845.3340222567133
37008,269.65634527082915
37009,655.7263878742233
37010,212.03537275244219
37011,141.65966825618122
37012,102.36292112958391
37013,150.6196159500256
37014,269.0359068825134
37015,340.7175845195461
37016,525.006282229172
37017,291.881876913823
37018,514.1835046389715
37019,96.96443514061929
37020,154.70763289826328
37021,209.5022382815127
37022,213.4037773954235
37023,640.0739174782684
37024,151.1202458862903
37025,176.43514722428202
37026,324.96402911109305
37027,289.22996420836455
37028,325.4756373279628
37029,254.3246149895302
37030,225.97575068298028
37031,177.086748649913
37032,404.74260127572904
37033,573.6793835009948
37034,292.6874401612947
37035,186.65484806451482
37036,90.39466788337265
37037,250.7877492948477
37038,174.3466726127788
37039,260.4793363126839
37040,108.6566768414882
37041,156.84530020943942
37042,259.8041839211307
37043,272.00767888249646
37044,159.5246207379349
37045,257.8748953409887
37046,253.64335237413087
37047,345.4520840494797
37048,576.6879299794646
37049,118.14430673836247
37050,115.08517912124212
37051,413.728279785719
37052,131.26879651075063
37053,443.4483439341279
37054,447.28072214238466
37055,143.53267248589117
37056,168.46703577053364
37057,100.25544483007634
37058,181.0765038235051
37059,142.079249945472
37060,135.67380942782182
37061,411.5681440787189
37062,201.6716744431828
37063,161.12957389755582
37064,252.58967289650295
37065,159.7300365570261
37066,239.1466375376154
37067,765.447347631426
37068,153.2236655091383
37069,196.51806668601412
37070,691.4179067210431
37071,353.9271139206111
37072,96.45926804793581
37073,411.36627468592906
37074,202.87913379125334
37075,275.06314460346965
37076,344.1003923435571
37077,133.5695864114105
37078,127.41562220254676
37079,248.1741005585659
37080,137.38401786154054
37081,128.39919337779187
37082,227.12010742469818
37083,195.2623453032872
37084,629.9058058605895
37085,195.5136594037744
37086,493.11769765015015
37087,256.0280947536014
37088,334.54669659945125
37089,509.874364674689
37090,188.83642225971752
37091,134.08367001187412
37092,143.01525931718317
37093,327.07515727610564
37094,245.85592861282473
37095,479.56135431812703
37096,210.03595992147163
37097,134.5823143778572
37098,255.73798023627782
37099,525.6891277030385
37100,94.89832622012867
37101,290.29450671722327
37102,304.4110773509335
37103,425.72946487226034
37104,104.93479151217356
37105,239.20288486494104
37106,192.231877951386
37107,287.27829645437794
37108,314.20651519069804
37109,154.62864654102003
37110,241.04278529605514
37111,143.27645398479123
37112,215.7762375661131
37113,451.3889565097939
37114,300.99226000141454
37115,304.7533692806818
37116,103.24302914956546
37117,268.2326340378239
37118,181.38056776703897
37119,257.73740356151507
37120,461.04721069452654
37121,174.64733092990465
37122,170.83554421898685
37123,274.37692769053274
37124,130.66274070054354
37125,229.17052040535302
37126,225.46844920908975
37127,388.6452498993158
37128,257.6480732577777
37129,155.97678650682013
37130,371.2846896078943
37131,421.91070831835106
37132,924.7682285523978
37133,266.40725412576387
37134,121.45683709484548
37135,282.3058070009333
37136,208.96721647733077
37137,144.76570488125864
37138,406.69680104503936
37139,248.57862425868964
37140,92.72431024456834
37141,150.9702158229931
37142,258.6957179445884
37143,208.13756337520303
37144,470.34804622473257
37145,184.90796356749476
37146,284.41411980749893
37147,167.97848072123725
37148,267.9482323591824
37149,180.05586558185286
37150,224.72301571401104
37151,650.9593709924553
37152,336.83402408877544
37153,257.2278787929623
37154,215.73990102030973
37155,223.1060271843235
37156,723.3281688295618
37157,198.54264687981723
37158,374.70819559213544
37159,281.81015431485656
37160,262.45680996766293
37161,285.5034115336033
37162,1130.097934089607
37163,180.46720967373125
37164,229.821038409921
37165,557.7829077965823
37166,231.94476475791927
37167,353.5924386091523
37168,101.47668602326885
37169,188.543441100765
37170,144.75411262491994
37171,233.68465924172042
37172,156.77607702257933
37173,213.3472371002265
37174,403.2695036891319
37175,182.28846532945707
37176,182.6861777434234
37177,230.4641227628101
37178,235.84053980184328
37179,263.50193033024505
37180,260.97081413487274
37181,267.1674168271994
37182,305.0678395678978
37183,1282.833742900381
37184,237.68750313340786
37185,255.82176777569177
37186,294.97615900481304
37187,357.50492704106296
37188,446.9862219854383
37189,526.9910413273218
37190,304.8249747577663
37191,640.9399843013742
37192,236.39941561521923
37193,346.09529932520456
37194,168.60520780306985
37195,284.90884045828614
37196,110.35349123760177
37197,322.1648679297824
37198,689.4033056782961
37199,314.24800616795716
37200,136.84758860759666
37201,103.82489153023566
37202,134.52638302256184
37203,347.1787441853088
37204,269.03297498968504
37205,400.4497997646897
37206,228.33919195729086
37207,460.22466784481617
37208,355.14092956688614
37209,246.57789738179977
37210,249.05415642713223
37211,728.2790705182374
37212,690.4815860503186
37213,549.5703631429651
37214,532.9589182240909
37215,162.69310055425834
37216,252.49302214452084
37217,178.16240989128306
37218,306.86637075691624
37219,193.45042444796744
37220,133.25537201373004
37221,391.0391024326158
37222,150.14327008255668
37223,186.14181107944117
37224,470.3559388833703
37225,136.61581569949308
37226,950.0379109223632
37227,747.2947011835449
37228,208.54568490096915
37229,276.53940422108644
37230,213.773380548503
37231,1137.0006093395418
37232,224.8722561217848
37233,474.4516384456821
37234,165.64104726518653
37235,347.31740410189553
37236,149.08495667906905
37237,190.80447249172477
37238,130.6603791127815
37239,342.6781726262258
37240,276.86488354688174
37241,312.78557720631005
37242,173.11676052297443
37243,262.9305432865332
37244,153.77337702309723
37245,145.2950344487638
37246,257.4954198566653
37247,327.85901061306413
37248,285.5670175990863
37249,488.01884278472465
37250,234.66625755670918
37251,121.47597937842764
37252,136.7180536115731
37253,1443.0869943817174
37254,253.02926249646114
37255,114.49592086372007
37256,139.2680504854264
37257,367.13416411746897
37258,235.6668865351215
37259,364.11584152837133
37260,376.0588286186211
37261,437.1679986648986
37262,130.39244413398183
37263,450.05848294053266
37264,283.3543312767038
37265,201.0912831108645
37266,343.61460546657327
37267,214.83623849851756
37268,163.82330031923976
37269,218.1866404349162
37270,202.93755743607065
37271,308.43819052008894
37272,568.8939410818973
37273,264.0118453687183
37274,111.64808653085511
37275,734.6051916247504
37276,286.8714721341549
37277,477.30138778037485
37278,221.9548980226698
37279,208.41903669037669
37280,101.59620575259497
37281,805.7060439770886
37282,591.3516156895155
37283,856.390010313308
37284,170.46957116865164
37285,546.4255707630568
37286,267.8694728905761
37287,271.06831354926396
37288,285.35817610092965
37289,1582.7362102654374
37290,102.44277625903997
37291,138.74733648652892
37292,163.23705169716288
37293,122.51818505954263
37294,178.24808052108543
37295,423.98479870955754
37296,133.2150669509807
37297,398.2785771108927
37298,171.951279409401
37299,328.74798114765326
37300,188.93809244959957
37301,151.0956704314681
37302,306.1246282011298
37303,121.48459047327864
37304,510.6736404383588
37305,293.8542092247647
37306,391.94327550568573
37307,318.79854539422985
37308,200.84097529538698
37309,327.227922270886
37310,136.3525081040753
37311,98.8651136323705
37312,308.0373361491547
37313,329.1670383667174
37314,476.8374723349783
37315,220.3074782109112
37316,249.02668396701804
37317,253.8488163783133
37318,278.96773449106684
37319,136.03677194557264
37320,594.7316317733965
37321,248.66956505818774
37322,177.2930205668105
37323,187.97201081072203
37324,165.42880064910577
37325,265.44743721408156
37326,228.4498049003566
37327,183.87810721933508
37328,285.78132594377814
37329,162.9323998962314
37330,253.6423413667957
37331,473.8000346355965
37332,113.99324016320831
37333,201.00250107467522
37334,745.4013517122064
37335,237.7177726949835
37336,131.05410448265036
37337,316.8683025744058
37338,214.9359287450043
37339,446.7261141503718
37340,406.38738312494564
37341,323.1153124265677
37342,278.42413668668485
37343,307.68300644080153
37344,311.58764243704024
37345,225.55398300334903
37346,265.24980118830297
37347,122.00538067965662
37348,249.08721529287288
37349,113.4020346594719
37350,211.437806415513
37351,171.78351424534827
37352,194.41549838040766
37353,489.06237131197474
37354,141.43158805360412
37355,656.7678896959685
37356,208.39452047594912
37357,144.1585153977106
37358,256.06522501485995
37359,67.53612168115345
37360,165.22373192349966
37361,335.05830783312337
37362,317.2289975511512
37363,114.07190816393607
37364,461.88807788159636
37365,141.69116752699128
37366,123.80318434600447
37367,349.9230615275649
37368,252.30534553324932
37369,724.4779990588864
37370,1063.5941226077448
37371,81.74408329009565
37372,161.0255704833879
37373,356.08376884860957
37374,270.29778313662246
37375,260.6536789694302
37376,158.35747657799303
37377,424.66949927716115
37378,286.22096410075824
37379,179.82936628108666
37380,110.1866783145813
37381,185.48547382077106
37382,289.7808873483575
37383,313.5306292992723
37384,598.9052777564858
37385,104.47861655996059
37386,291.68584731250775
37387,507.97077002512486
37388,256.5087846989084
37389,273.9945442268546
37390,368.27989940501817
37391,86.03625185470612
37392,965.2471598366742
37393,195.85903723266605
37394,1137.9370844518598
37395,186.0469811901197
37396,401.8292641519606
37397,125.41825024640235
37398,110.65751497773874
37399,209.0097844669229
37400,226.62449725122372
37401,136.41053729665924
37402,202.3830431269673
37403,392.1455383860123
37404,225.77842632667424
37405,336.95300435040764
37406,515.8669789830304
37407,488.1673718809578
37408,113.87719623505808
37409,277.96354860872725
37410,148.6017750433187
37411,566.0291048829381
37412,297.63406995516846
37413,223.21638810427788
37414,312.35440168816547
37415,468.5668013537214
37416,351.16571381116523
37417,321.0663047035691
37418,504.9165759217777
37419,110.13706579393498
37420,102.72895655071181
37421,284.2276424096384
37422,121.81591100079751
37423,118.78654823566477
37424,310.06158633384894
37425,400.09119182719144
37426,219.78750012639088
37427,248.05250703818783
37428,409.74878827525185
37429,160.02964317699218
37430,111.96175126298527
37431,156.03864174583626
37432,1325.949403478371
37433,197.2189847482616
37434,150.21653392131697
37435,245.23508471473303
37436,214.48347284146524
37437,115.8883296390662
37438,239.2517726321613
37439,221.50451351722054
37440,234.26747753500572
37441,121.72059984099147
37442,485.06622893754746
37443,258.59270408224387
37444,149.72838769579755
37445,506.9114619354142
37446,1262.5895800871958
37447,145.62743549131048
37448,141.7552386891583
37449,215.31445648400737
37450,168.31862760369106
37451,159.18924615669377
37452,249.13285171167755
37453,239.95243392787026
37454,322.56137512376233
37455,254.41561865430603
37456,115.15993455975563
37457,266.0289400452336
37458,67.42596464205437
37459,250.95935926117343
37460,194.13004062153902
37461,160.38329928701063
37462,247.69119135965582
37463,88.2328056174132
37464,130.8975661000615
37465,247.45017445859338
37466,247.3696850241952
37467,398.7589591808763
37468,262.1688723094003
37469,154.71120221437013
37470,238.57578880705228
37471,95.67000187901041
37472,127.57336748660464
37473,150.07713025975363
37474,218.98693570428998
37475,628.4190963694301
37476,460.946103503481
37477,349.1152399217504
37478,162.5590725730841
37479,201.35659959286903
37480,546.7626115625337
37481,408.8571025386873
37482,215.10168279416976
37483,223.72925009141682
37484,108.1185644388062
37485,223.69416801501367
37486,490.5741769206235
37487,645.4587795488184
37488,205.23499006436893
37489,538.4571681031272
37490,390.9325653337273
37491,146.1463882458092
37492,437.2193884515185
37493,176.96441885378266
37494,157.1365358930189
37495,237.04820053276276
37496,276.0503522480484
37497,136.29729447988808
37498,352.48650225574255
37499,122.68799851041982
37500,283.4815770240274
37501,236.9040954990748
37502,173.9584873260084
37503,212.80680884260454
37504,127.12336128085764
37505,188.6795288300245
37506,196.26609254297674
37507,724.5667447541597
37508,387.44159896608954
37509,252.85312772581085
37510,487.658409494086
37511,366.769886487052
37512,483.5460715438552
37513,206.39958898916265
37514,510.5218379976624
37515,210.67689734102692
37516,134.00074541271192
37517,226.07583054548417
37518,165.41488560358192
37519,453.239286685426
37520,289.83756524357284
37521,1617.5531142002028
37522,184.95917014150757
37523,345.77931976502157
37524,354.8194859235075
37525,182.03821283057943
37526,194.52775524561685
37527,227.80877502968275
37528,219.3127302045113
37529,139.2712841786799
37530,146.09574581398985
37531,136.1423946327619
37532,206.1636866986096
37533,172.81437907976652
37534,142.586810137965
37535,342.2897131440549
37536,217.07285035848204
37537,199.7459377535679
37538,247.03937228588532
37539,489.7688073274496
37540,130.0019363566568
37541,226.86603985217943
37542,143.5247181314175
37543,171.11892308282913
37544,129.54189316445013
37545,226.61602399344864
37546,355.68770127629824
37547,143.41167011803304
37548,249.05127498370567
37549,124.60883481751317
37550,158.70044664247666
37551,130.4734787377679
37552,368.5521371774108
37553,194.37733549367493
37554,224.70461433942373
37555,281.83233132549384
37556,193.14698241829305
37557,319.97293216638514
37558,711.3975994441213
37559,156.261060431364
37560,232.44072317968076
37561,387.78889252896914
37562,142.53000895466448
37563,247.2898091697293
37564,144.7850607641109
37565,220.21553746005443
37566,484.97216490796353
37567,911.7848665231552
37568,1000.4337828034477
37569,140.8949261817238
37570,342.8144516765126
37571,178.49534813216536
37572,191.9370699423245
37573,137.42676495258385
37574,394.78653993958926
37575,265.95238149731017
37576,291.00606528271044
37577,603.7221660480968
37578,224.6628940021512
37579,261.0438421209888
37580,352.8670020375026
37581,124.53286321609785
37582,211.83026375794827
37583,224.81368375151777
37584,322.57377167071905
37585,223.32460890612487
37586,87.0388093615874
37587,101.43258409207863
37588,187.97131598538235
37589,143.02697688808576
37590,407.16701434513436
37591,117.33342604510584
37592,319.7917524398895
37593,208.58998797082737
37594,196.1078493464006
37595,124.07879649385968
37596,230.68427399113793
37597,197.26987176382215
37598,156.50501895203462
37599,195.02288683336405
37600,232.54209943572752
37601,206.60591349484037
37602,127.96794951191946
37603,151.8784869576586
37604,632.570918795589
37605,116.0501960728384
37606,133.1423341723853
37607,167.70829487925502
37608,204.19346379476391
37609,168.53575045044994
37610,173.19307150411603
37611,130.16341956020085
37612,243.7521643680141
37613,430.23950742611913
37614,460.06200350133145
37615,300.2915804374512
37616,709.164519322819
37617,207.72604494039206
37618,189.1837763999476
37619,284.8919491243281
37620,164.5681459501419
37621,179.3889890117895
37622,216.963116512477
37623,309.7963767832145
37624,768.0950880188745
37625,617.8539539755219
37626,110.58248906473403
37627,101.23922809365939
37628,121.19651371343105
37629,294.14472855076986
37630,268.47962495542816
37631,146.78770851731994
37632,481.3848501361273
37633,561.1623944097391
37634,595.6156134958196
37635,1022.3663555691093
37636,97.68295851665562
37637,452.26404536863186
37638,131.50920020152608
37639,286.8666186098108
37640,169.23394068082806
37641,139.85305638957874
37642,127.8008069046857
37643,151.80380572472504
37644,591.1386214659376
37645,133.41293593351878
37646,405.7760674471741
37647,500.9725778177768
37648,323.6376235795103
37649,67.80704288335772
37650,177.37342589901144
37651,228.05397565831746
37652,402.6208408920486
37653,173.3685575340387
37654,212.9855855726921
37655,382.54195066743864
37656,251.50075333597684
37657,217.20406611818964
37658,117.28066740771902
37659,139.32630849027433
37660,120.43930617940686
37661,188.23949060889512
37662,285.01002078586373
37663,143.43069383453488
37664,257.13751583481337
37665,355.40837148400567
37666,286.85067186546485
37667,171.2549398125019
37668,200.29255104463402
37669,191.94286719868103
37670,154.49273638366137
37671,211.5884721560369
37672,323.95418854773675
37673,141.25344383060875
37674,181.377685014769
37675,158.02101279807826
37676,236.63463380261192
37677,236.84607887612748
37678,251.93634123643247
37679,752.6444832622063
37680,265.9567171038845
37681,216.43034635929828
37682,178.00583784881127
37683,251.06824467822744
37684,311.19337270389104
37685,476.2931741731761
37686,282.5834690864516
37687,146.34339417197884
37688,384.40261096710395
37689,161.1716105844562
37690,287.7162273469731
37691,207.32437217724572
37692,186.62417518862415
37693,153.66304150406705
37694,316.13522669874135
37695,254.614159401787
37696,237.40173009311533
37697,414.63177713042006
37698,273.6284759578691
37699,430.9195147882516
37700,108.48112437902641
37701,226.30823362855705
37702,178.59215483423915
37703,249.96794649012747
37704,615.2648558432378
37705,159.37188675935823
37706,444.22330648674307
37707,145.29162915941407
37708,255.56966239041836
37709,170.95209025509232
37710,147.4689058233753
37711,111.04524626161232
37712,148.8196381705265
37713,147.37675336406724
37714,141.70466548597977
37715,454.3860923281464
37716,377.79886496697435
37717,196.59633888028452
37718,341.68946984262203
37719,227.87694189798458
37720,199.3880277854817
37721,253.41231123017403
37722,249.39447366873392
37723,308.2844342471385
37724,366.79988173094245
37725,456.6724187840054
37726,516.9765938904686
37727,144.44263107819938
37728,193.51038073351336
37729,128.42793570299577
37730,361.75424073393043
37731,175.55444775694596
37732,167.0392116621676
37733,333.4180223992582
37734,194.41088658232687
37735,495.82475838725975
37736,146.58013857990824
37737,378.239703880414
37738,294.5470712738294
37739,204.29258468102375
37740,185.94732989485402
37741,104.94771127324621
37742,125.63413794797543
37743,479.2350443295726
37744,350.0770129856178
37745,82.63815573751467
37746,216.15894760438792
37747,93.10538935232722
37748,252.55680585779413
37749,196.07303992948604
37750,321.8134288009335
37751,185.72914627579985
37752,113.34021438196066
37753,226.7677767859939
37754,204.39958609535282
37755,109.88834457571295
37756,262.5004934247378
37757,287.69830181145835
37758,174.72160521388437
37759,423.66002608780013
37760,219.77733101463153
37761,132.1081061606838
37762,619.8526211031976
37763,614.4446557610328
37764,405.1174719503607
37765,316.5790839029113
37766,141.55980809893282
37767,169.00735490056582
37768,215.048250061567
37769,258.6943096399279
37770,128.0189605425407
37771,275.18631118179997
37772,266.95044670777804
37773,133.0041606827861
37774,744.3198085166529
37775,122.27177624051001
37776,640.8428966594262
37777,111.3131744842291
37778,184.84647441294567
37779,176.25709382378656
37780,181.9413440087019
37781,139.55803631152915
37782,331.43094286658993
37783,226.44474188038524
37784,516.5146034283264
37785,100.65991045824714
37786,265.32386147714885
37787,989.534633148089
37788,37.34967499012282
37789,122.05214160986687
37790,214.74418135528333
37791,333.47627835309066
37792,362.8591728333544
37793,394.693462788335
37794,341.7824317229621
37795,307.72294285026464
37796,1503.194819443986
37797,125.19850452660074
37798,154.372091464844
37799,278.40733986045524
37800,209.88749746850903
37801,282.28599392203785
37802,162.59970411924425
37803,103.1729683105327
37804,204.97842517074366
37805,309.7171115738323
37806,290.7757578181355
37807,142.4682609764571
37808,197.5337712867018
37809,228.67505894583624
37810,258.2327020313151
37811,247.87324346607969
37812,241.07632416133796
37813,237.9944697400294
37814,348.5445230211467
37815,103.36495091796426
37816,126.6924715223443
37817,431.1805411330975
37818,242.26384702886403
37819,601.0493906769315
37820,152.21666398358656
37821,385.4103875022102
37822,123.53842622115098
37823,165.03456721826524
37824,349.8121486056475
37825,164.73521352918746
37826,102.47563063627206
37827,174.984374401648
37828,142.23040743069117
37829,197.44474665605685
37830,181.74647681966567
37831,98.0867115098949
37832,920.9361133007488
37833,465.1557834289596
37834,690.8033396182095
37835,187.2646150202893
37836,176.27500027545693
37837,412.84432039165546
37838,350.50307878523034
37839,162.05933874430173
37840,178.9290081773232
37841,102.61295966835876
37842,109.41569527297926
37843,136.35672820783566
37844,353.36443525431446
37845,252.0359897607631
37846,244.58669034988128
37847,196.52608957590118
37848,190.90384633267254
37849,259.70470336749594
37850,196.94511182150842
37851,116.04505115995246
37852,499.836697164366
37853,142.06104924250545
37854,129.87140381789797
37855,337.4849153454786
37856,154.9029497459868
37857,114.26831293458007
37858,214.1490633857935
37859,171.50749660922355
37860,377.58273205656576
37861,317.41561999007376
37862,471.57700636247245
37863,320.1079981518933
37864,271.8545862976675
37865,461.90859878962584
37866,1256.843761675901
37867,211.60256996520965
37868,576.0385819969435
37869,181.4657260671775
37870,601.2123119168438
37871,146.16261411214634
37872,263.81257407068745
37873,145.3144116766691
37874,904.4050589265764
37875,975.9538185316032
37876,64.90233449717093
37877,331.85209528873696
37878,297.59693095958835
37879,152.0762933531451
37880,122.056881541855
37881,222.82625379817026
37882,292.2975401866572
37883,260.4665815854454
37884,110.27091636877246
37885,271.5523989293165
37886,614.8246054441361
37887,286.0923424018914
37888,300.87076183223667
37889,449.7294792027333
37890,265.71583848190977
37891,270.6134564549072
37892,194.35424142986543
37893,140.87913156736997
37894,149.20920580060812
37895,654.6262919759254
37896,415.49484692764577
37897,367.5833509061753
37898,419.27125534810676
37899,270.34549889072093
37900,364.4454669303916
37901,663.7306111384489
37902,215.6044156183188
37903,282.2230292911137
37904,530.3714816240583
37905,258.8507566090485
37906,115.482062556706
37907,275.4537211993537
37908,325.3689009030547
37909,179.29116495209848
37910,171.97545382463952
37911,339.29737030563444
37912,350.23335096798667
37913,262.2643788042067
37914,115.97287666346047
37915,315.1714786135285
37916,145.36916567915557
37917,70.50153102679518
37918,541.8566937495816
37919,205.01245908820061
37920,280.75522723393317
37921,140.2358111586479
37922,121.9754426166844
37923,132.77852504612594
37924,365.68980508458196
37925,119.14694214406121
37926,265.8389611622415
37927,207.05238853050326
37928,249.43544397638303
37929,286.72745916566294
37930,596.8385893162374
37931,241.88252080356423
37932,213.0219100416205
37933,655.7448974241527
37934,102.3950550722053
37935,257.0034151805486
37936,235.26887339231925
37937,282.1256419293244
37938,209.92231004887947
37939,153.00908713409183
37940,244.95486874974853
37941,334.5550967362574
37942,199.21240668733088
37943,1175.5333092545557
37944,125.5319057580987
37945,395.0801761522095
37946,358.1249858077482
37947,73.50219572845816
37948,300.58610162341597
37949,359.42601806299086
37950,344.5774568824759
37951,184.32461927428056
37952,516.6392344621909
37953,123.84389633659134
37954,247.3118820917094
37955,93.3937999972128
37956,506.1293483033095
37957,88.95374644600643
37958,119.2094741598026
37959,736.7000859342223
37960,201.7632027961336
37961,266.4072852701041
37962,230.8501383039537
37963,212.07578442138762
37964,296.77014490026374
37965,411.24791043795926
37966,414.8841916734382
37967,388.68232479884057
37968,163.51252392048886
37969,176.26636941011913
37970,413.0907534757181
37971,342.3548496684956
37972,146.91135461640286
37973,224.00110363767985
37974,370.875843440896
37975,227.43572040205953
37976,128.4383569426709
37977,241.42429207619202
37978,362.20752471396645
37979,217.72900353447866
37980,137.76173208968964
37981,475.39885537831435
37982,352.89740071912007
37983,338.52746260664594
37984,308.9372869079456
37985,134.37049326040295
37986,152.96176053995052
37987,296.6765778315249
37988,243.44566252027334
37989,201.80766395831947
37990,624.7739773527885
37991,225.04487767148393
37992,213.32139824501505
37993,276.57573037562327
37994,126.8568854028549
37995,206.34520003466378
37996,148.96614843466688
37997,216.38811304718445
37998,136.50801373589044
37999,137.91728966803913
38000,139.93614590803597
38001,200.19359294651218
38002,91.86384387431036
38003,148.80423068776514
38004,82.75804330640922
38005,269.8726895233322
38006,233.62985793268672
38007,515.0919459590187
38008,170.37418663410946
38009,225.7660834633805
38010,325.92540333569
38011,383.44076135271314
38012,169.30305031878206
38013,259.62317375790974
38014,375.287819806626
38015,253.2371397440786
38016,156.45239592910087
38017,132.16729959628992
38018,209.2843751374603
38019,487.75717915721975
38020,158.03221739910438
38021,246.99439211871697
38022,246.4763322623302
38023,377.15095476740265
38024,205.9613797633803
38025,124.56735327672762
38026,93.02248085060822
38027,286.82066568986164
38028,864.7950045006645
38029,177.76346965356151
38030,1037.909617260112
38031,129.11409454874152
38032,22.573142078873214
38033,336.6323863491092
38034,220.3731293352477
38035,185.4159408693621
38036,187.90542583090792
38037,292.9191851063558
38038,113.60466147191214
38039,258.1559853754094
38040,315.70307582996236
38041,303.4974523651189
38042,534.3585229031136
38043,155.68972090761613
38044,439.50865159563455
38045,198.7906633194237
38046,131.76212181217858
38047,192.04538760696872
38048,529.753639746368
38049,457.8379916843104
38050,208.1632660454696
38051,887.8033187085932
38052,205.30357435931347
38053,369.4896990077068
38054,529.0837449536646
38055,349.7756418426079
38056,249.36838880717036
38057,153.01852198344318
38058,162.15784459485755
38059,255.45928689850328
38060,353.9239169805897
38061,188.58795430981624
38062,752.3922356051642
38063,436.8167878614628
38064,106.65019553561055
38065,161.32998101865374
38066,261.22943884478866
38067,214.4111104856925
38068,321.67012444930833
38069,205.95446745352564
38070,538.2036913713758
38071,267.8964712865809
38072,396.7729051482562
38073,186.39800499531367
38074,321.4692500465493
38075,141.19563118727137
38076,227.41031668180858
38077,419.38491150076425
38078,209.51545561187277
38079,219.51628192019766
38080,307.52069012680874
38081,151.68936769495335
38082,315.2528354103273
38083,156.53449701541837
38084,304.56912797758866
38085,464.3182722535218
38086,355.27235682951454
38087,464.42354850772034
38088,181.33195008887438
38089,386.58623797973627
38090,205.27182839641503
38091,138.24981258123506
38092,99.11984680556928
38093,261.6730648756213
38094,532.6339331292401
38095,261.6016413716203
38096,260.5649129259067
38097,188.33291050586374
38098,289.5028681399245
38099,925.548786380436
38100,473.5995409784023
38101,135.5988962457211
38102,198.42753657395915
38103,126.5398394514618
38104,250.6801978177292
38105,240.01931715507922
38106,322.18470575092726
38107,91.66043573506714
38108,194.06040626837253
38109,786.5048452026596
38110,81.86280791371891
38111,699.5348780049914
38112,176.68329990573267
38113,219.22163276569773
38114,239.41709530745837
38115,630.7553985111383
38116,236.07137573979662
38117,139.94509994046086
38118,105.09820534357235
38119,310.0508243190849
38120,355.8049117649382
38121,134.15399183968168
38122,382.6868693124036
38123,332.60324671487206
38124,232.4386746448981
38125,266.05745880619986
38126,191.72628527867565
38127,514.7855869082082
38128,233.27870948928197
38129,173.81764969408235
38130,214.70189949732287
38131,325.852767080834
38132,393.13933834880027
38133,205.11708754247886
38134,231.69528998384172
38135,265.6606181563134
38136,133.11572117822183
38137,142.49845045674854
38138,354.8104151673044
38139,278.8565161729092
38140,691.8554864509651
38141,398.45501318632046
38142,334.4740902262115
38143,114.5516602933591
38144,157.4530635542081
38145,404.05695555494253
38146,194.4636029930621
38147,544.9411856242855
38148,187.27454174850882
38149,256.654469126598
38150,156.76306173060334
38151,313.3878336853464
38152,84.73058240952045
38153,226.93155739975785
38154,98.1299556625835
38155,280.9668470351936
38156,222.7036811632365
38157,138.56603960755763
38158,465.74644639856376
38159,213.7443311811598
38160,686.2895166178815
38161,245.5176474780826
38162,220.04191304595855
38163,295.9403010192699
38164,145.08736808790852
38165,118.154347984427
38166,488.77028590755367
38167,207.21057165083838
38168,197.62827494614695
38169,574.728583605624
38170,257.0409125284393
38171,424.88347632352037
38172,179.88089713497519
38173,224.83957052152024
38174,430.0703913262681
38175,284.11072337952197
38176,349.9881481936064
38177,298.97483693049276
38178,303.8061141569335
38179,625.9936674243864
38180,223.2521587642754
38181,187.30030961643808
38182,257.40442917422
38183,315.73645925016285
38184,416.1989580925599
38185,125.58312993088902
38186,266.55453922165066
38187,237.22723350828667
38188,246.94734168956518
38189,402.7365072141796
38190,220.1591836336098
38191,187.55007569749057
38192,183.5876631047829
38193,348.55791270052487
38194,342.9118020842993
38195,116.17850129397401
38196,356.93284330887377
38197,69.80702460992094
38198,178.02796788811972
38199,310.6167624461266
38200,271.1496158199495
38201,146.34872336533323
38202,185.41798012042798
38203,347.0078844347772
38204,105.65823177653374
38205,188.32662744295095
38206,606.8860423080008
38207,223.617324004208
38208,366.6535839101782
38209,149.25530560480712
38210,210.10257793235803
38211,418.9119710429005
38212,207.74052725744463
38213,561.1389729083505
38214,143.26843685120798
38215,136.01716481159488
38216,209.09898979811177
38217,235.24381582942013
38218,215.28896064024224
38219,231.31286142214466
38220,124.35091275597219
38221,339.5885168563553
38222,157.0154657548403
38223,167.23084458788546
38224,231.79761078746827
38225,118.44881863223769
38226,210.81619268489197
38227,137.54169037466752
38228,655.0661665981222
38229,149.45890579038138
38230,271.2419095033119
38231,229.05581005620178
38232,143.67845337048593
38233,112.87753279600295
38234,313.31480542414454
38235,267.02811439031643
38236,592.2494296770832
38237,118.58896848622473
38238,212.0232938671356
38239,292.1319161911963
38240,90.11374380502906
38241,167.6415169144092
38242,185.07241794857495
38243,250.61458853336177
38244,344.1896621134214
38245,189.48134648140115
38246,160.66304805757707
38247,479.0664973631015
38248,157.74252153414994
38249,795.3052816713853
38250,79.95365306424196
38251,268.62958448151903
38252,202.33280923135067
38253,354.50170992839156
38254,233.18439008330773
38255,161.40814796193328
38256,128.44088115448648
38257,271.216183344211
38258,150.00578000385536
38259,267.2149071526314
38260,180.96436490329324
38261,131.66802568039992
38262,226.15547177108152
38263,183.4796344150249
38264,275.62938322469427
38265,196.6987205840605
38266,289.9569943977802
38267,291.8199505241035
38268,186.9912833776642
38269,173.44495419848857
38270,864.5514041232553
38271,326.92483187527625
38272,203.58299006471125
38273,221.7231642060216
38274,217.93385072331435
38275,100.6105128540859
38276,139.97564492418434
38277,253.54291807541048
38278,187.37691445184038
38279,295.173611843701
38280,377.0756933565058
38281,96.4889753718644
38282,845.4581419425278
38283,232.18354059194704
38284,376.77839027038635
38285,594.3824734953513
38286,255.51697387371786
38287,203.82230546395868
38288,122.32156694430562
38289,138.04633693339122
38290,291.824167517929
38291,807.1228342527976
38292,76.8678078246478
38293,153.30778541783675
38294,182.54283746278986
38295,510.5124475585965
38296,116.89545766634983
38297,174.44869648155316
38298,391.8304263805168
38299,479.8988267510272
38300,128.49013476812993
38301,287.53785337111685
38302,282.7918764790647
38303,308.7182945937624
38304,178.90669452302583
38305,451.60151803114013
38306,326.65292687490376
38307,248.05425883898297
38308,370.696559442541
38309,129.5754564612858
38310,412.2903917352504
38311,200.39945498927673
38312,155.26292347167833
38313,159.49733276962007
38314,123.78783791153944
38315,176.93649928415613
38316,116.0132163248221
38317,156.474594716549
38318,388.39468199080164
38319,217.60495157105726
38320,507.76971294274057
38321,238.03339504385636
38322,189.84364056627584
38323,165.43122807890148
38324,666.218382245976
38325,224.78825328045343
38326,360.03977231014113
38327,156.2453250298231
38328,214.30569529935735
38329,560.7157864075996
38330,450.0468734289367
38331,166.43548255075416
38332,125.27715895321226
38333,177.81770519206376
38334,194.84564647138166
38335,168.69139584770483
38336,274.6918199879243
38337,83.38469723896446
38338,222.2425673422664
38339,392.1336665120192
38340,211.19314712124776
38341,421.2286403947665
38342,402.0814737196206
38343,205.24673527950668
38344,175.691851564509
38345,230.47897592672925
38346,222.4863413859682
38347,656.7456790872579
38348,397.3753836472636
38349,175.03935134980065
38350,69.49779308341687
38351,244.99857954661437
38352,115.79195863493065
38353,669.5976475678463
38354,83.17435099111293
38355,241.1458750438472
38356,350.84191168767177
38357,310.61688092437555
38358,267.2387495003028
38359,123.72413910506116
38360,277.44551744067815
38361,166.46527257754892
38362,461.2759194765738
38363,1526.5337332758127
38364,348.13754412616623
38365,207.38495670926204
38366,244.39845471627268
38367,43.267486877365656
38368,108.5225141621365
38369,263.62900981938355
38370,417.302173843287
38371,338.2884152482347
38372,405.2459318861291
38373,441.62722360103896
38374,140.22932876547736
38375,1709.9290006135516
38376,172.199651104483
38377,236.520455271829
38378,252.3099411379879
38379,152.5898581044304
38380,237.34247709562203
38381,221.08523799061047
38382,235.04899571236854
38383,476.774901893327
38384,283.0341922767602
38385,345.83034413389
38386,98.10291399341132
38387,229.79173279870824
38388,335.33137014297046
38389,345.02622252293156
38390,121.0129426699092
38391,212.308167735357
38392,146.75310605221907
38393,237.0337038061498
38394,264.6676346987587
38395,2326.8205119325607
38396,208.2212898411959
38397,202.22954334558364
38398,205.4046466435497
38399,172.83461328728708
38400,180.11354195719852
38401,167.98778209745902
38402,474.06377166158927
38403,151.68276258726135
38404,181.63479195677928
38405,248.13649617538803
38406,317.97654351132684
38407,243.71343794367417
38408,237.06465251133767
38409,90.37797326967436
38410,212.80623384120938
38411,162.10508675401593
38412,368.19664947782104
38413,195.21069030963935
38414,188.169680197632
38415,168.69540663999356
38416,255.320972236361
38417,1944.1525585104696
38418,217.3772396394006
38419,128.96421339293374
38420,334.57060076262474
38421,325.5924459403765
38422,138.2406092839713
38423,148.65230726969475
38424,780.3862122297708
38425,275.6342988295312
38426,111.58102240119293
38427,839.2209853368222
38428,167.21247639069642
38429,375.231875500648
38430,163.1587820579348
38431,128.77847208007307
38432,438.6158414914255
38433,146.75724529322162
38434,347.07703895496616
38435,480.7415846700981
38436,190.41225013390812
38437,233.73512358984348
38438,333.0950605299712
38439,250.90904875287117
38440,377.7062989486312
38441,426.29494296619606
38442,264.68546237716123
38443,282.1612099725679
38444,536.8358128390414
38445,238.0969055806771
38446,322.372167054423
38447,351.6145189560616
38448,226.00614486991824
38449,436.7074633088349
38450,235.7346473461996
38451,759.1732395070267
38452,183.81112555569075
38453,517.7686722220075
38454,100.5386451259818
38455,133.72836843200162
38456,137.26375421885746
38457,331.4209954677478
38458,139.63716006686778
38459,962.9670416406142
38460,269.3476432834147
38461,214.81944468621853
38462,589.6253094737634
38463,108.4729340143988
38464,164.09447052800735
38465,641.1273309365461
38466,301.77210657531174
38467,477.56052497833673
38468,462.20566104258387
38469,174.19909618302157
38470,334.78462584512715
38471,218.4692852387931
38472,232.71924865628108
38473,234.5508992747815
38474,132.47015360614049
38475,376.27532734752594
38476,299.21303918081605
38477,252.12371089001897
38478,733.7843046054678
38479,184.79283357976334
38480,181.6492282140683
38481,423.85852956649126
38482,621.5721270994954
38483,161.044553896593
38484,188.88138549167658
38485,177.55031688890952
38486,200.62064149422662
38487,384.5056342343282
38488,146.59504115366317
38489,306.7538712911753
38490,182.17230804587254
38491,412.6400737699731
38492,268.93311437397216
38493,152.42802664869555
38494,229.7237809590464
38495,523.1891385751725
38496,356.687908601441
38497,321.3373354371
38498,211.03865965105294
38499,244.4150795402274
38500,288.2510547041196
38501,312.30576166970553
38502,118.37261476612034
38503,201.90223853153145
38504,132.39447558287858
38505,355.26234930031535
38506,418.42695193318144
38507,177.00776860702985
38508,104.66953847229124
38509,244.43206472167554
38510,270.04444869374197
38511,298.2631320100358
38512,199.29760394667633
38513,117.95691364795499
38514,186.19685693917444
38515,595.5956707403279
38516,284.38348556632815
38517,166.03190723646384
38518,222.899345862456
38519,294.9577107437788
38520,152.5554624228951
38521,204.2427188245018
38522,360.1129646817768
38523,254.33076615234296
38524,205.08617392857045
38525,274.71292381851265
38526,262.5713071191504
38527,769.6407611612914
38528,397.30781337459973
38529,392.8494303685842
38530,336.8404927557319
38531,502.0476412511155
38532,114.84537968165483
38533,151.68978929749872
38534,179.0740933051851
38535,221.47199259384587
38536,216.8395687858923
38537,150.70612121961148
38538,491.7026669629464
38539,190.6213825943124
38540,352.7474877051717
38541,149.8531935741388
38542,196.75588770043797
38543,125.03490419151552
38544,164.70684243647443
38545,624.2300216311451
38546,233.7553891089346
38547,326.8098840655699
38548,442.4374345716262
38549,189.68818833771653
38550,442.42990250602907
38551,1062.2107571306701
38552,118.22137055688628
38553,164.57512328088887
38554,227.52619697198705
38555,348.916456594131
38556,507.59712570115596
38557,215.2543055974136
38558,121.78110449943497
38559,163.003097694543
38560,385.3659676604219
38561,174.46777085260644
38562,210.30125618541462
38563,176.05330944926308
38564,315.9611800512471
38565,135.75746686530397
38566,325.77867086828826
38567,149.28647943003674
38568,259.1404108610362
38569,69.95007107846507
38570,170.70458046670632
38571,199.6384450302938
38572,185.21557933853165
38573,485.3181786307608
38574,349.7403537737019
38575,162.6599898238621
38576,262.682046090232
38577,277.40738650872186
38578,178.2883043427308
38579,248.80665186541458
38580,133.39001592391588
38581,270.7143750594548
38582,126.88184517837327
38583,185.29411268046397
38584,101.3698714744408
38585,490.36065918059126
38586,214.3741859411854
38587,381.7877530975402
38588,143.90128331945
38589,1298.7546180382783
38590,190.97027973345223
38591,129.02704124119504
38592,115.33268203310809
38593,193.6221574210485
38594,380.46821552118706
38595,253.14622214416474
38596,90.29286731903478
38597,299.7540534223199
38598,233.82286978240882
38599,167.98495274082921
38600,175.0908093792282
38601,436.9922509767498
38602,421.5102360534794
38603,282.1279608374839
38604,212.36042291743422
38605,259.1668774771691
38606,223.87015397688648
38607,154.83012609804945
38608,138.53027170970162
38609,252.7233290720588
38610,337.41847869358173
38611,239.710767154985
38612,279.06410822898283
38613,126.6679170620217
38614,185.85744883251746
38615,123.35269752928417
38616,378.3957045170156
38617,173.3260780156511
38618,232.8768509610922
38619,513.5368414426082
38620,140.8108114899212
38621,231.2333018571645
38622,218.94635112212595
38623,115.9007946296808
38624,210.13995226803425
38625,905.1954912625541
38626,292.14725770343455
38627,338.51707324897814
38628,277.8567919426413
38629,275.5065003563229
38630,136.30236345027154
38631,983.500695229761
38632,138.31615570473193
38633,80.74079257761129
38634,130.4549125048216
38635,508.34841890734873
38636,141.53785560515198
38637,117.02580322193118
38638,170.22093093853704
38639,272.84138671964786
38640,597.0132614881106
38641,453.21364270162775
38642,258.50670961825585
38643,173.86165869911633
38644,232.3106109604705
38645,424.2745711377361
38646,165.4610038520865
38647,191.8262470705064
38648,242.20096697262338
38649,123.8927307915632
38650,297.70669535898844
38651,164.2660726760944
38652,243.37662615490552
38653,383.23593975010004
38654,202.59964096529188
38655,165.8693362534231
38656,264.3685578438373
38657,338.2615117818828
38658,481.6588915239946
38659,352.79759597816644
38660,139.75963829577566
38661,436.79049964127796
38662,691.4750779853974
38663,954.9128921419481
38664,135.0269035796831
38665,213.18282848136064
38666,373.6112285205081
38667,284.8242752099402
38668,244.98023654871008
38669,454.2652714603055
38670,218.01534404509488
38671,217.76266125327848
38672,285.4812261601114
38673,192.58053056686987
38674,144.54478191704163
38675,300.28256792009694
38676,269.54074839734596
38677,382.7361085776788
38678,202.38017985263934
38679,257.3340418899278
38680,161.26826483504462
38681,182.94750570385187
38682,356.20029334757464
38683,622.8154051730568
38684,216.89011322060765
38685,466.76606823163377
38686,139.69216336241965
38687,205.0748122317517
38688,160.27392844410235
38689,187.73515977994128
38690,708.4371732015909
38691,374.9543313136919
38692,288.03551413352596
38693,80.57803545150723
38694,244.08204341372098
38695,135.00411384851634
38696,267.597905042783
38697,197.37482181681162
38698,164.7457746234888
38699,170.05092569820644
38700,503.34929524130723
38701,200.0580128385828
38702,187.88597066540476
38703,113.55550841921817
38704,146.00874377441488
38705,431.1179813574206
38706,116.55623722043492
38707,181.85833240700583
38708,373.06603633208
38709,296.42439144400964
38710,245.84958803233573
38711,223.4122681680592
38712,293.7047922831786
38713,543.0321837253165
38714,166.7444944137434
38715,586.2331997285124
38716,330.88791602521684
38717,503.4355153615424
38718,261.15051779090635
38719,169.11569455373854
38720,135.42380333170934
38721,352.85484724654236
38722,113.78039932688705
38723,95.1151765603135
38724,518.1927920914761
38725,234.70283785536196
38726,354.2263455471133
38727,866.2060339624371
38728,613.1748061094015
38729,252.1909369021339
38730,277.4667733409789
38731,352.305064469357
38732,572.6278484194847
38733,1335.5705609844
38734,185.71885796973774
38735,118.27432517978033
38736,716.9567585991268
38737,244.29280863235957
38738,270.3182663606499
38739,359.07218626536826
38740,209.14002312798874
38741,161.79856928706542
38742,706.2811691715812
38743,328.61078969785325
38744,527.6147674463125
38745,244.90837103883032
38746,412.25992560366694
38747,134.52394237386386
38748,182.9951469380052
38749,288.3071193561933
38750,217.14827887448757
38751,198.16123165154804
38752,219.0646856086475
38753,623.0962678649231
38754,245.14572016902304
38755,749.0621928078606
38756,179.96533370649507
38757,160.52269688607032
38758,137.7306370992966
38759,163.5494193750713
38760,478.92100795952285
38761,400.96649063678296
38762,207.64279249673487
38763,803.0563275166697
38764,109.52651532180714
38765,223.26227031180937
38766,184.56841470208605
38767,228.27424539146375
38768,441.79985276184414
38769,891.8174653090654
38770,115.1679364432894
38771,386.9439313602621
38772,331.02196345004756
38773,225.17809978597938
38774,525.6132319620281
38775,257.9087499584258
38776,530.0722289626898
38777,257.27096995308295
38778,554.1952789071312
38779,236.01223575765343
38780,275.27575392408176
38781,104.21132077477563
38782,859.8130434252768
38783,127.75488451053351
38784,140.49736470403485
38785,250.36053012226677
38786,172.5198898997281
38787,279.2546454114182
38788,154.01804237633345
38789,384.77430263551696
38790,220.94868626620098
38791,199.95573667337823
38792,206.21234315728196
38793,212.270293659418
38794,121.73130831275628
38795,148.78433176342318
38796,195.0278282122027
38797,114.1413431020161
38798,219.99058640966635
38799,344.8996510629927
38800,251.52468337379287
38801,429.1833774776444
38802,411.8955972647328
38803,254.90029318030136
38804,292.06571713659605
38805,325.82682378810034
38806,225.17350100967073
38807,631.6204997600784
38808,390.5633308448845
38809,210.969109510731
38810,286.18141714882813
38811,231.78294597249655
38812,249.05050629482824
38813,264.7814945996174
38814,199.92581985400207
38815,289.61719587148
38816,274.2266887094305
38817,479.260263019905
38818,288.57868266618095
38819,179.08919694795122
38820,148.6271216929993
38821,611.2606566415758
38822,405.2615373930248
38823,179.84465719396036
38824,88.96798844433222
38825,206.51196841773051
38826,287.2453416922873
38827,415.8722398556695
38828,395.91371899065257
38829,348.334826716046
38830,453.9947359724558
38831,149.0562234209514
38832,193.93500710130027
38833,285.5972813926715
38834,293.05806299747684
38835,238.1410078823643
38836,173.21725515555255
38837,201.1194611880462
38838,196.8620408153079
38839,635.9209455912243
38840,154.65007053269446
38841,362.51072412182316
38842,186.36182246089194
38843,610.622461629129
38844,110.00285233919045
38845,268.8457642642089
38846,137.5175858007294
38847,383.2357515440791
38848,350.4398644803623
38849,203.49081438725236
38850,121.46464189911718
38851,118.99915727305654
38852,200.15144010756197
38853,278.6387078422601
38854,177.8541519876092
38855,229.1442805892424
38856,175.12723322944282
38857,606.9540105931416
38858,112.61888076154617
38859,258.2725733140403
38860,177.40119882204738
38861,399.30847250900615
38862,521.2237658405301
38863,236.34688415825087
38864,135.91850802663828
38865,227.23438806161099
38866,183.0445878048823
38867,275.8836083306102
38868,1089.9230130236137
38869,95.14198814890896
38870,763.6443943303465
38871,321.914401985023
38872,640.780777475992
38873,189.25245147474558
38874,322.17308935359915
38875,364.78838359240535
38876,181.48626623349676
38877,409.76975293523753
38878,136.37722324031452
38879,296.58947756553164
38880,183.9769844127506
38881,348.1263963106174
38882,111.63496923172393
38883,101.15050449557252
38884,168.0630819022548
38885,238.91258229919168
38886,235.26241450487237
38887,563.9200735022598
38888,196.58416180512847
38889,328.8958324754898
38890,183.00351841995084
38891,187.45456165537038
38892,285.900735310101
38893,626.5569873707905
38894,198.1258828945408
38895,238.722794550647
38896,178.68872851016164
38897,247.63459578123468
38898,207.06073436184622
38899,306.05150197092604
38900,98.33106668219999
38901,326.6298841883811
38902,145.28548492601345
38903,172.74342646298015
38904,198.3279766305479
38905,142.42573818086353
38906,222.65217782043848
38907,287.25889215720406
38908,263.4301029404468
38909,336.41806318901683
38910,247.0907980708006
38911,165.48924448042646
38912,229.68883775104572
38913,260.6388500548668
38914,351.22134202893585
38915,227.07239849560085
38916,179.03004023976564
38917,250.9734097140496
38918,1312.8345606580156
38919,186.0783521460968
38920,288.7509273028834
38921,177.52391631413045
38922,247.98699613611086
38923,253.80637186398135
38924,264.2871545081001
38925,484.4161784883941
38926,571.8987867656789
38927,252.12693073213228
38928,158.0868028713022
38929,134.77289773008508
38930,215.11477438892587
38931,304.0809609860842
38932,97.85126792363985
38933,147.19376147513395
38934,596.8096320796818
38935,299.7297220148125
38936,426.3928760823886
38937,230.50177399650823
38938,232.35460639448786
38939,155.00241099452202
38940,116.98748896728816
38941,97.6174580079944
38942,190.67150826174804
38943,498.5133210046954
38944,207.6494444075497
38945,421.974554339348
38946,896.9410481274743
38947,415.86410680222264
38948,116.9258234812469
38949,79.72665957542327
38950,228.474595415776
38951,254.33288969494177
38952,177.2548894359502
38953,205.20393376708068
38954,182.28083339626116
38955,159.7190622986776
38956,275.4471711284174
38957,671.4405122145935
38958,261.7977486804085
38959,200.4559563117761
38960,160.32121509138972
38961,135.79041329835334
38962,146.47715455613564
38963,473.90757771087914
38964,310.9723723828949
38965,739.954856504062
38966,264.0448189734103
38967,283.86573956669906
38968,223.9292107956862
38969,962.5382506056384
38970,279.7573334553472
38971,211.94017909224425
38972,174.65409712535518
38973,179.2154888157148
38974,610.0166791941141
38975,372.8541649073463
38976,179.36050236282492
38977,287.5910829079342
38978,129.8106986866756
38979,174.0829161298373
38980,499.5003150680315
38981,127.31028633016338
38982,109.086498761055
38983,128.13713881237462
38984,247.584504911704
38985,357.9709896476959
38986,455.2786722077695
38987,305.29340017769704
38988,617.0556797327305
38989,156.05003207500914
38990,175.37828415933717
38991,649.980262864527
38992,244.9895016866804
38993,151.6053441520234
38994,267.66853543693674
38995,229.70127220483056
38996,382.96897376735615
38997,253.111771490951
38998,135.78000777792656
38999,156.0787339500588
39000,264.6617135332601
39001,214.998535272272
39002,249.1292988450073
39003,427.3474153783677
39004,152.78437588117086
39005,182.68570197311266
39006,271.33722178356186
39007,138.34453277583873
39008,469.55876375299556
39009,201.22340215491985
39010,146.7890105318339
39011,223.2119443522251
39012,286.089228415394
39013,636.9103561174469
39014,344.3658280185692
39015,283.71107125147984
39016,267.2393118063967
39017,184.8178411618434
39018,165.4798830757807
39019,141.30910087190006
39020,242.52499674039242
39021,238.23291149458743
39022,220.88369003244472
39023,175.82772569719194
39024,237.17328662937769
39025,333.8644487644726
39026,532.6855051364437
39027,269.9771220468481
39028,125.83887655556724
39029,313.4369173653181
39030,190.0702909848138
39031,840.0850123564053
39032,137.94838008629173
39033,133.62959086315357
39034,322.177951556664
39035,166.30508407261317
39036,127.48856353971644
39037,152.36036150937525
39038,1127.634191531959
39039,377.3035808720506
39040,155.3290202416795
39041,237.39681329297886
39042,288.22341505202314
39043,389.4513438503409
39044,215.1626992413036
39045,260.7966828612449
39046,249.92984511412948
39047,217.22049685368518
39048,268.27297272002806
39049,396.3114746490779
39050,100.91958216062905
39051,673.0537215632364
39052,336.6533519831214
39053,130.33309652313932
39054,164.3938587864836
39055,746.9186719367054
39056,320.47672145437184
39057,570.8598559324332
39058,296.36038820841884
39059,355.1924762327021
39060,352.98417530618303
39061,197.72867704430433
39062,207.203543151433
39063,198.71327103855603
39064,160.59966161502538
39065,91.17502972875702
39066,117.95889036235339
39067,223.6433866719362
39068,434.39342083411907
39069,259.6361604059887
39070,355.3012657562074
39071,773.8912648568596
39072,192.35917766710256
39073,251.57920612023034
39074,291.7750129078336
39075,409.30962619426055
39076,365.4479530560465
39077,507.0888522919925
39078,349.9807769226182
39079,256.81363727999235
39080,213.14610120555298
39081,715.1284964066901
39082,204.18403107582566
39083,655.4229731079461
39084,63.29815100184674
39085,396.2223471514707
39086,125.83555680047284
39087,362.8589503838899
39088,180.67140759103256
39089,169.61574048269867
39090,190.17011983287327
39091,170.0532291318497
39092,163.32626122834668
39093,238.6025905369188
39094,239.78331362537006
39095,183.4236330150526
39096,364.62576127565035
39097,500.6699145821283
39098,289.29702936218473
39099,421.23851800599937
39100,200.7978914342572
39101,604.9812295626439
39102,121.00954817083927
39103,169.0406278297278
39104,415.05062388115334
39105,330.1478328887762
39106,201.91950509945485
39107,625.9433680128238
39108,186.8374211443131
39109,229.97168732427193
39110,509.6187915046965
39111,170.40011148469588
39112,324.08801733984615
39113,166.0951362866473
39114,167.36215404993789
39115,140.26536381309944
39116,151.9493106383554
39117,584.2206537996353
39118,363.2405637675042
39119,1106.985884992066
39120,120.00684412957008
39121,166.25458715147843
39122,420.42628370730023
39123,267.077226342419
39124,354.92211145854117
39125,211.25729990046267
39126,306.99551578344517
39127,565.336891540557
39128,165.69624811637135
39129,131.491647122495
39130,800.704459982026
39131,257.04946999281435
39132,143.0131414763696
39133,320.961189204481
39134,192.7472618297521
39135,341.191202632922
39136,182.86501361080903
39137,201.20949422310724
39138,434.48426592703765
39139,435.6541217126256
39140,137.93172453147187
39141,192.73388690040227
39142,222.36462666182874
39143,213.6629786638556
39144,153.71248331509804
39145,93.87790603106176
39146,214.2980558504055
39147,254.13466359014973
39148,223.29967437044414
39149,64.81371751288569
39150,256.10964720077857
39151,303.536623805575
39152,380.60342523159005
39153,166.13719356716442
39154,139.59518447712682
39155,923.1655868402391
39156,162.56082065473728
39157,150.29006333206837
39158,509.7283080555587
39159,210.8624507518756
39160,203.0258561576278
39161,180.43172872288577
39162,277.33533007400246
39163,130.57420875451237
39164,455.2317544520454
39165,144.09437343979002
39166,65.72582887844675
39167,196.45516327477907
39168,86.72668198328921
39169,254.5398178211844
39170,52.552047854844325
39171,167.95396879235798
39172,323.20514351718737
39173,546.542049077561
39174,183.5375792213659
39175,130.06182423224388
39176,165.6190409864354
39177,79.02750441130397
39178,124.94336817158734
39179,187.45349076844022
39180,231.70598903368736
39181,189.55007363980837
39182,149.7589219202979
39183,677.8570312422958
39184,257.0191633502383
39185,607.660376908646
39186,374.24481976279077
39187,929.9307689225982
39188,121.09529803916135
39189,93.0985118054267
39190,369.9999565245195
39191,257.9933868446903
39192,222.26415882499845
39193,326.11846332025857
39194,167.23545701857847
39195,239.0983779929167
39196,216.31613608005054
39197,670.9119654515353
39198,208.55713293121556
39199,176.89795199317638
39200,479.4057951919251
39201,263.39118114347445
39202,174.0587106296807
39203,153.26694071541317
39204,137.94590783904536
39205,303.118493404199
39206,184.60223183362086
39207,498.54690828600076
39208,434.8915711580213
39209,280.80897629125013
39210,91.93884465819136
39211,332.72083398984455
39212,198.88043054834804
39213,221.98378170668326
39214,240.34066519767495
39215,57.9783229401789
39216,328.9896707321743
39217,170.26584965841423
39218,274.1607122512316
39219,185.50439987054054
39220,326.2634243138958
39221,442.8487955705553
39222,301.75230464548224
39223,356.9072764431048
39224,227.01614271665505
39225,280.84307300775595
39226,197.1659381949533
39227,336.12376990963264
39228,264.5553604710012
39229,172.025193861432
39230,754.6425117767876
39231,271.8267895623513
39232,286.5492932420857
39233,81.81457038812329
39234,171.251172348697
39235,721.6568119793013
39236,470.93451272388336
39237,295.4414081980659
39238,157.0702499047422
39239,279.97114871116
39240,331.9698407632842
39241,157.70438672327518
39242,74.96392703765389
39243,279.1343212264806
39244,649.8944590772514
39245,70.48631440254253
39246,170.43510557257994
39247,194.29650112053244
39248,299.0994380815463
39249,282.19339062678256
39250,175.83220002743099
39251,226.47256016472193
39252,252.74804967210227
39253,187.80917449512103
39254,242.1318006335133
39255,257.57681574993535
39256,224.30078786214688
39257,109.34146360217385
39258,564.7669059639744
39259,348.66938592267627
39260,255.35004355228617
39261,297.2602538660253
39262,311.43621723927794
39263,340.3450532668006
39264,372.80151852467407
39265,178.85567017027995
39266,154.65466693601448
39267,139.82452077421576
39268,95.3995889422879
39269,177.1177741302375
39270,228.42113533764504
39271,188.78997650933658
39272,279.9473687904739
39273,342.57070223697747
39274,140.46227055163916
39275,625.6166665024134
39276,230.88815988812607
39277,83.15003315753803
39278,180.58475330108755
39279,553.1332002651325
39280,236.05612064669754
39281,288.39463378189566
39282,446.5845156275826
39283,184.89442623262067
39284,266.6885380700231
39285,175.8869305561037
39286,269.240747710019
39287,560.8482808480277
39288,170.15423875994395
39289,131.5124377430077
39290,139.81649193998615
39291,247.9544963462822
39292,298.5928904755779
39293,202.43794026675076
39294,306.35096190181577
39295,258.50937808195414
39296,264.0136099345486
39297,204.23170654056432
39298,367.3200905156117
39299,210.74473504920977
39300,482.16432108878405
39301,353.52016628956255
39302,489.42801110042734
39303,503.8695145788828
39304,215.4192771155657
39305,150.97087864856275
39306,139.97702392860901
39307,294.6839219055031
39308,220.58161961157595
39309,254.66920248894385
39310,250.01222761494097
39311,168.66217947224246
39312,666.9308468424238
39313,205.85970693882786
39314,169.68443963159507
39315,149.53026714738309
39316,1037.8356288595419
39317,120.18717100388852
39318,236.27464229085106
39319,301.915644976861
39320,142.49701137040657
39321,552.1049849533048
39322,636.2708136357635
39323,279.02587879288353
39324,197.9800453684124
39325,145.1907579395208
39326,112.17471923331848
39327,363.554889364195
39328,285.1387510533849
39329,700.5971680549754
39330,283.96161542794147
39331,305.0831596540147
39332,312.05069318802884
39333,126.45212463409787
39334,364.3461067271934
39335,104.51158575929708
39336,448.9867201219276
39337,159.36204284292427
39338,147.35651261811097
39339,89.67845367058202
39340,235.5218606621641
39341,254.81021630778804
39342,289.9648673880448
39343,332.3873651198493
39344,274.19080790776246
39345,193.26816611661332
39346,666.3156341444076
39347,159.9320712403858
39348,178.5159120234047
39349,191.89900278084608
39350,180.27344561956684
39351,493.3635194357139
39352,232.7155710755731
39353,281.2426758822236
39354,330.3183287992336
39355,313.54159177889323
39356,147.13439159231683
39357,222.55333621728184
39358,80.85144365691811
39359,181.5955650894097
39360,307.6944612471151
39361,194.7796105051245
39362,174.15941342815398
39363,225.2035708987653
39364,87.52956883151705
39365,98.8165230904589
39366,247.11005728046433
39367,168.23296419249485
39368,222.2255164313509
39369,271.2268013184556
39370,188.3202215832239
39371,85.17887576613865
39372,276.88241500706096
39373,117.91223535745702
39374,230.94038712385077
39375,341.5889481789178
39376,158.68926483791742
39377,377.3912369601184
39378,161.83525856159685
39379,196.69135062667473
39380,144.49204299875822
39381,231.72768028277034
39382,652.6442098598876
39383,102.83644345808828
39384,73.6160788370047
39385,210.36961056129238
39386,287.7991490400428
39387,136.83218865822784
39388,270.0880547708864
39389,400.8219164601884
39390,274.5891472985137
39391,160.8899583018873
39392,243.52063672449725
39393,136.7799442931745
39394,277.5213400196542
39395,195.17860707780633
39396,229.57378692942183
39397,303.74787944093396
39398,513.7941963295691
39399,386.4691583905511
39400,182.49283000620375
39401,226.635264621854
39402,123.33000981537924
39403,700.0449547313416
39404,250.6859464371342
39405,345.86213953506484
39406,166.80306615925258
39407,246.6702758452368
39408,58.08449283023972
39409,145.3685274463135
39410,338.0948127029418
39411,574.0602434117333
39412,201.61008526132716
39413,168.63671417442455
39414,588.3574114648043
39415,162.68458027072123
39416,616.7265256091564
39417,316.3855118690955
39418,194.44740471633446
39419,107.69772866610985
39420,206.65177410718206
39421,191.45835528355423
39422,177.33678882115223
39423,273.54905334031605
39424,700.3823495925546
39425,211.0878809865993
39426,276.41728009466385
39427,212.86462695189869
39428,86.9942767459534
39429,193.14714131198744
39430,108.47402594571508
39431,387.4528409059107
39432,210.7444227890542
39433,461.3141138680274
39434,327.3415561665595
39435,1296.8719627705323
39436,267.71561284437587
39437,174.94372271939483
39438,247.03075821281473
39439,139.56287368251932
39440,133.48144502701624
39441,182.5369825787454
39442,200.43401360716013
39443,339.87032821117424
39444,757.3541468797333
39445,206.23813991960617
39446,148.45188400484852
39447,187.10745774783493
39448,231.64471405772315
39449,136.9305065433775
39450,303.47545313720707
39451,140.25006796869687
39452,289.54394463465036
39453,168.08962541494336
39454,110.90568616207858
39455,462.0912335631986
39456,294.95764118400274
39457,432.0289645277288
39458,220.45796785090013
39459,213.58952611851458
39460,300.39235598742823
39461,225.55995297258406
39462,481.8366857953246
39463,125.83206842440951
39464,232.90976184798438
39465,120.27618424774714
39466,733.8043599573263
39467,133.86308177111678
39468,218.29801756388474
39469,264.4007888981494
39470,350.37803389442365
39471,517.4350318026445
39472,97.29715187969111
39473,410.11992109465757
39474,446.1754123398331
39475,161.9302123984695
39476,737.3998689144095
39477,374.62992129020927
39478,154.18933121109228
39479,168.6690456985422
39480,222.94215927538457
39481,278.50086675823405
39482,44.48999218801163
39483,330.9797800882518
39484,195.85032857333238
39485,132.73455840061612
39486,269.1469029395467
39487,450.09731240267456
39488,216.3091282769776
39489,244.63233877822495
39490,86.45249451562167
39491,288.9250753533613
39492,242.28930820359182
39493,716.1200333616453
39494,762.5328976742114
39495,458.35768726576447
39496,407.7417582901078
39497,439.63948187830323
39498,702.9516332518629
39499,205.85915559071674
39500,219.21689017576986
39501,255.2765480917659
39502,625.1742777735873
39503,209.28337072741476
39504,117.22908480943396
39505,291.71750069909945
39506,114.60826238852476
39507,92.29823520095565
39508,210.23635291254345
39509,250.4928260827217
39510,140.37928337628915
39511,126.41508792288793
39512,388.01133486462936
39513,212.27628435706987
39514,1060.6514050976702
39515,375.9292155137958
39516,393.5324291773791
39517,198.8171590391913
39518,83.27490169472055
39519,834.7043755521312
39520,67.69560535810976
39521,209.52116990771339
39522,85.22689945973454
39523,254.59387989509267
39524,177.390343549219
39525,286.4386110176155
39526,202.77566162526784
39527,278.15804416110427
39528,145.95113950340735
39529,400.02659118003555
39530,448.37164885606694
39531,1018.5468604086383
39532,529.2293020546122
39533,180.2341698762697
39534,837.7299657554009
39535,179.5353264062034
39536,13297.905370472812
39537,273.68034039570216
39538,262.94550569723265
39539,385.05118766524157
39540,295.46394528357735
39541,114.23045683742498
39542,98.44543135200591
39543,506.33136912332475
39544,370.7927502528345
39545,339.5710409273032
39546,183.23877646087698
39547,106.89288625575367
39548,170.6096074068644
39549,261.9917827465246
39550,97.47141498797544
39551,433.4583199167807
39552,220.81293920926146
39553,244.29031364034768
39554,367.413017554872
39555,554.2577180908731
39556,142.755635548242
39557,254.16544502894467
39558,102.14244620409649
39559,70.25222528580133
39560,452.35116593380883
39561,230.06125804709873
39562,303.6068630913218
39563,455.4296627169889
39564,272.29311164524415
39565,244.2710654776196
39566,232.791726267127
39567,146.19699769797538
39568,175.17668139184494
39569,310.82994822827413
39570,208.47381787590092
39571,218.76191385741123
39572,174.15290603990218
39573,109.23564995399727
39574,191.5032840596555
39575,171.2813977926612
39576,325.20996379372946
39577,150.4911987917304
39578,1238.421883026323
39579,324.83737796799176
39580,338.5830731577471
39581,273.5093728950412
39582,190.3044287781406
39583,313.61897671914244
39584,167.732318346135
39585,103.79249967377623
39586,146.0323192758314
39587,243.7846114847401
39588,60.623835379470385
39589,215.87184494713793
39590,189.26630161664383
39591,963.0193773479567
39592,93.99316135967199
39593,154.00496996162096
39594,143.71545668983902
39595,92.12845401065034
39596,361.7662786273836
39597,257.2949740882047
39598,234.00847219113555
39599,116.48555674653483
39600,237.0475275392108
39601,409.5694335981217
39602,341.72289180005737
39603,131.95747663397157
39604,256.47619201511634
39605,172.4314211886548
39606,102.36835816530541
39607,598.7210198582055
39608,257.0699129874607
39609,158.38250192137568
39610,175.80035500620832
39611,295.469731392008
39612,222.35201843932495
39613,152.23266839268808
39614,220.95399506669114
39615,745.7743443869714
39616,106.24156156727568
39617,119.7504371498691
39618,96.33781489407252
39619,757.4593301991962
39620,168.89109188150547
39621,174.97711697533066
39622,115.61963814904261
39623,250.58390770238177
39624,113.1325683991686
39625,161.67255246605401
39626,225.31360609889987
39627,165.00368464730298
39628,224.75786111846523
39629,135.68192489534647
39630,1101.8088581703828
39631,157.93564810148175
39632,213.87088814117797
39633,224.06199706031734
39634,101.28112913411344
39635,477.2467693705347
39636,283.92649577997554
39637,184.4601555801914
39638,140.6362189385531
39639,161.24101608697407
39640,345.5492353577562
39641,186.45678202364314
39642,189.14340126845124
39643,204.79381211636144
39644,214.9884878159155
39645,272.77782862007234
39646,209.83380644638913
39647,158.83866341136712
39648,264.7351788563474
39649,218.90600959585362
39650,335.2475333265792
39651,241.9176895892997
39652,294.651327888644
39653,176.84899634360085
39654,309.6327548879948
39655,349.7064326575462
39656,312.6827265905768
39657,500.10441639711405
39658,285.23152618070935
39659,423.05057651667187
39660,270.6819596497903
39661,242.76248165349548
39662,201.36589533111098
39663,385.35358275241816
39664,151.71559839813145
39665,228.49583107126415
39666,116.81748138599797
39667,188.31005492724418
39668,675.2993159757161
39669,546.3428883580242
39670,209.16605921947718
39671,371.5335863893198
39672,151.06950205891718
39673,94.77312851221299
39674,352.1061176054672
39675,199.48919163469694
39676,278.41563411121547
39677,248.46212681512924
39678,259.47383797506745
39679,275.2985027064691
39680,444.22757871825945
39681,199.9789385938066
39682,179.0773381931057
39683,140.3902749162831
39684,378.4843280690787
39685,156.54027209982536
39686,228.67782044703694
39687,459.4771640462923
39688,155.36058220588353
39689,283.7313319917173
39690,183.12352325914767
39691,308.87865334702644
39692,174.2972476585247
39693,246.1168344601107
39694,233.8201395567392
39695,250.71476825448295
39696,204.72931922272528
39697,228.8565861704596
39698,538.05345295195
39699,310.1828978653351
39700,252.45487691387464
39701,1167.9181466313144
39702,268.9039465817699
39703,526.0184473373341
39704,164.1642849700604
39705,628.667163859996
39706,160.0546921596351
39707,292.3825787701646
39708,161.8566430631501
39709,287.17458064723934
39710,105.79122826700369
39711,200.12531614646883
39712,219.5939624869941
39713,611.9516515902332
39714,278.4021669907761
39715,278.84126918803133
39716,214.916149573018
39717,523.3936946143328
39718,241.42876774681875
39719,142.31377832099068
39720,465.4468846718971
39721,479.0265634319411
39722,263.0852552635048
39723,159.9932372773945
39724,160.9042255587024
39725,152.98966821852918
39726,171.49885212790883
39727,110.3827119233213
39728,160.2840897722975
39729,384.4937400767891
39730,270.3291409237819
39731,951.1261540828449
39732,169.2217644749816
39733,357.9200749593832
39734,226.70124149648254
39735,266.06457144369915
39736,150.774616253223
39737,272.63285435132934
39738,241.0718932618837
39739,219.7613309982148
39740,282.57148839369995
39741,110.74092048931904
39742,149.40659239473172
39743,216.85975517781063
39744,78.01908745331814
39745,322.9764350379591
39746,365.8951337447298
39747,30.593246779278022
39748,165.6271717804591
39749,196.95899021931166
39750,337.85433571522094
39751,306.99545021382187
39752,162.74438381439376
39753,150.8951830733631
39754,162.04775903942055
39755,118.21541012451743
39756,267.6332923665485
39757,454.55819577521095
39758,155.28157276768275
39759,336.5767876133746
39760,787.3117341395613
39761,231.30700467607988
39762,196.8523656633015
39763,731.9003317139557
39764,263.23935709952684
39765,199.25569281625064
39766,278.9929148452363
39767,213.3584378363528
39768,137.88912904905985
39769,226.0122502782319
39770,300.41712314747775
39771,406.71677008842386
39772,296.51106946141147
39773,325.57081920702484
39774,163.61697500794506
39775,317.7454394465548
39776,186.34848446719036
39777,202.91774218122828
39778,211.93251451090654
39779,318.88734229417923
39780,283.08767634505176
39781,1155.1321029872774
39782,221.68444818314728
39783,449.17656279428087
39784,434.8758558134391
39785,218.9504421889132
39786,187.3771368001929
39787,280.7232147677516
39788,314.4276377541478
39789,197.00338231887415
39790,117.95290755453641
39791,176.2580718324486
39792,311.56291613444796
39793,192.39311009121897
39794,127.2078043801647
39795,228.48603406321897
39796,113.92199064061268
39797,1026.3141301380126
39798,327.5983855298268
39799,102.35363730494834
39800,305.3958327917365
39801,253.45031186189993
39802,207.84639741426338
39803,689.1526836939215
39804,805.2140788835604
39805,374.67401810523575
39806,452.59724073599745
39807,469.131698022986
39808,831.1951977218772
39809,137.1352415931953
39810,196.56824432887984
39811,214.1080951711377
39812,391.37131751347295
39813,326.4454389803119
39814,285.9957863158052
39815,184.88597595234307
39816,143.5623874366257
39817,233.83064150752836
39818,154.40012709308255
39819,948.8241329296138
39820,547.8032544919052
39821,131.8830722926856
39822,340.67348621684357
39823,326.91134150479814
39824,262.85306248024835
39825,223.63572325089677
39826,118.9166629876546
39827,584.1027208442781
39828,373.23860348376246
39829,290.91018921219336
39830,196.2881226342356
39831,228.03152120027912
39832,135.59251549089402
39833,377.3397666715325
39834,233.439387933755
39835,327.3863845844446
39836,92.07854707498657
39837,132.46994493110913
39838,179.23467288579184
39839,432.0335822965627
39840,391.2536190621829
39841,416.576927913356
39842,359.9880414994261
39843,267.8385230813927
39844,210.1860640320807
39845,121.28747085072389
39846,210.83109566241438
39847,70.2377986096767
39848,197.89607463752495
39849,478.06109679566254
39850,310.49666647120534
39851,308.17204654837496
39852,132.32156613351896
39853,823.3160918866055
39854,407.68689490895036
39855,277.3062791748295
39856,249.99993643131432
39857,273.8297570316407
39858,213.47106698481838
39859,252.15544184576223
39860,236.51369431209537
39861,360.2596503873731
39862,531.1216853458365
39863,258.5820727533951
39864,220.08187724131693
39865,213.70161955171068
39866,138.86592488572742
39867,384.58024688894074
39868,82.99276040352882
39869,241.00810855746724
39870,661.5105509164844
39871,212.2030930836508
39872,262.2459952777457
39873,228.93805651071884
39874,995.9251838898796
39875,116.11298734484612
39876,181.72993960169498
39877,396.2578432580289
39878,165.85469394640074
39879,169.14611005398316
39880,146.45845521850785
39881,136.10528939428394
39882,221.81200191022575
39883,443.38024209902574
39884,170.4189085365471
39885,757.2966638296344
39886,184.8240049607024
39887,158.49186792799728
39888,143.89726568106636
39889,243.34352310292343
39890,324.6124533188007
39891,393.6413976614667
39892,113.90461070198197
39893,1112.4426853982463
39894,611.2845534613116
39895,97.1759846057471
39896,170.20086083895762
39897,250.09553132159692
39898,197.30839097761393
39899,168.9537040905038
39900,436.1643787808317
39901,451.185151906398
39902,309.28329444713336
39903,174.79591274755387
39904,671.6093394841254
39905,258.11428760174186
39906,763.1906108832195
39907,363.4507661821151
39908,245.777729126823
39909,323.2775166232025
39910,247.28530551771672
39911,260.89743613291967
39912,264.7088980883518
39913,214.67514601653025
39914,227.84326748302422
39915,134.952338532999
39916,634.1244574558331
39917,137.39657055994203
39918,364.9836676807095
39919,835.9572277211156
39920,176.90223859811474
39921,338.7395327685906
39922,223.5480921646729
39923,266.9981874556339
39924,176.22209124081604
39925,665.2262155454979
39926,266.7506650122491
39927,422.57186486233206
39928,302.64193957467785
39929,345.0594473295498
39930,122.86853134853521
39931,354.17086036721815
39932,686.9160485148939
39933,333.0292538157844
39934,320.58345229843945
39935,535.3178031557828
39936,891.9960484052432
39937,82.50725987221489
39938,503.1864132312896
39939,127.5675294493379
39940,325.6923564394375
39941,188.66873942775052
39942,174.55442102709492
39943,359.72159154053423
39944,794.2277420458636
39945,1725.381062830097
39946,62.7586415644549
39947,361.7874559041368
39948,446.19282815835993
39949,308.694750760274
39950,291.2659700166307
39951,442.9818732079051
39952,191.0990635640476
39953,285.88767057969466
39954,234.31078533028676
39955,453.7781688655652
39956,123.72597697660717
39957,412.42530173645986
39958,539.6495184984848
39959,130.98220828839422
39960,257.45302297955715
39961,204.28722136900404
39962,231.4853572185827
39963,242.6559551491066
39964,214.8954130087487
39965,415.7787732241476
39966,898.9455390758845
39967,747.689693458184
39968,237.89355097528875
39969,156.13728380426826
39970,550.8148125318963
39971,340.85620039872276
39972,122.32165569041847
39973,92.11033437493994
39974,156.20261895357157
39975,108.99148990433196
39976,283.9389669639511
39977,225.99324192805457
39978,135.5098234327192
39979,151.51075237245496
39980,351.84014364192325
39981,45.704642346931145
39982,150.2423799431209
39983,225.26670730342516
39984,166.5248858530947
39985,232.29357981844484
39986,526.8714160581649
39987,528.2901051857262
39988,578.3475120752033
39989,173.49557453499153
39990,287.7314809527991
39991,385.9772917244394
39992,434.6058556295785
39993,127.78119247839884
39994,170.20321798614438
39995,232.86500211408244
39996,162.0181634189777
39997,252.739295362536
39998,254.5909974909374
39999,424.067358047507
40000,285.787537384894
40001,238.62845140014815
40002,93.11633333100922
40003,251.1473628971586
40004,221.72864426470238
40005,931.8885691060389
40006,206.71196503754302
40007,304.8626900068398
40008,220.9895022850865
40009,453.8130293840634
40010,644.7041798291004
40011,185.28352642904554
40012,465.2568702546519
40013,115.20772504666378
40014,212.5466187440097
40015,223.43138025929292
40016,139.07155491876838
40017,374.67123408981445
40018,147.20835051894653
40019,354.07699644165814
40020,483.2219290603426
40021,640.9197747813862
40022,254.55920149906282
40023,234.5997221066416
40024,164.02568476165203
40025,137.40552462484865
40026,216.8895971135907
40027,493.0863238980725
40028,269.9603413393785
40029,316.40360048935406
40030,168.25095534467667
40031,101.48178471654408
40032,357.24991493747405
40033,343.1975123959321
40034,778.2867797370346
40035,469.8639433747222
40036,989.9814437412907
40037,151.45866629077966
40038,531.6312977694439
40039,186.9463492352147
40040,478.24094430024127
40041,604.6918828072933
40042,252.20982080225244
40043,113.58940587645613
40044,563.391278318998
40045,672.903281258006
40046,255.20247733552898
40047,153.25326198778166
40048,265.81871969327796
40049,161.1178403262045
40050,136.51421129863687
40051,513.5820282149633
40052,303.4738813182122
40053,203.68004285030997
40054,521.9991849087506
40055,127.76575906613098
40056,220.498975318212
40057,149.39431735069448
40058,123.84955621414403
40059,384.32289289495793
40060,491.0400163388821
40061,719.7719564846085
40062,142.948911642805
40063,220.20893078479983
40064,203.00749396239226
40065,194.82683112301044
40066,68.14444600235646
40067,249.98102512035803
40068,270.89568008025446
40069,225.27064543015817
40070,294.2631545070589
40071,766.3986853175719
40072,664.7586444875708
40073,167.6661866906972
40074,642.8468409702712
40075,350.2809705357216
40076,187.1614573995724
40077,1032.5950661699962
40078,231.93902293822106
40079,271.0499385444027
40080,165.47246199551597
40081,306.4695478121755
40082,195.08306058695314
40083,456.0891781699338
40084,386.6096777254179
40085,231.22080262538375
40086,191.54575118078102
40087,250.59667015344007
40088,524.8686782989298
40089,341.8100262919844
40090,468.59994517798975
40091,321.8841901142104
40092,172.01118540361267
40093,328.9720978032302
40094,124.02620208050692
40095,552.1614196205034
40096,260.54350223642734
40097,1885.7276707013898
40098,132.85351806325144
40099,150.84103660985627
40100,183.00836337134518
40101,302.5999088077998
40102,262.45530579373644
40103,228.68763752722057
40104,198.11418984859066
40105,515.3907638700005
40106,1087.2728950787264
40107,162.4104077870301
40108,142.5068804143442
40109,102.68682687708834
40110,411.13998461127903
40111,612.969660233421
40112,271.1380267962152
40113,164.82998641918962
40114,105.40890881277852
40115,316.2093786174648
40116,251.54227724556097
40117,133.73788283838257
40118,140.8250110535846
40119,158.14104092855717
40120,359.2624465850154
40121,187.69377951110386
40122,263.24159211883136
40123,178.19305260104548
40124,626.2787533176222
40125,624.5176364582245
40126,260.3015659063424
40127,1730.8415647876363
40128,291.6104384541455
40129,163.70763808811992
40130,181.08817708337259
40131,147.96620402700094
40132,312.1495379293384
40133,150.17396772072019
40134,225.90883969934603
40135,271.27016213827096
40136,325.2884272280571
40137,368.18054282127486
40138,212.24489001221218
40139,229.08375835577436
40140,118.3462558661639
40141,207.94089669737647
40142,295.45407037474945
40143,294.1264338432994
40144,381.83779634609033
40145,308.2662198147035
40146,184.5361324734071
40147,335.83561968191395
40148,99.19548337140958
40149,373.510925784294
40150,112.43113114726258
40151,203.71575338847094
40152,235.35889832086488
40153,194.48778979617734
40154,105.60576015599617
40155,1866.1400565945737
40156,470.38190682798324
40157,267.0106392537377
40158,134.95026054181216
40159,418.750642005396
40160,685.3236418919263
40161,658.3233250973867
40162,270.3447938597255
40163,105.2902378455982
40164,211.84348320875878
40165,210.95984334651178
40166,320.0015861263413
40167,937.7202924343329
40168,313.4084775000684
40169,360.06080612948284
40170,317.7606128354455
40171,210.91313741960732
40172,532.8064677100074
40173,178.92650463166657
40174,137.36400719255846
40175,149.35129781798224
40176,187.74019499715436
40177,1474.7007420339005
40178,205.09134965732653
40179,247.81641075574422
40180,91.14173539227339
40181,150.75026131060457
40182,211.32881546297648
40183,169.63342295914921
40184,377.40242775102234
40185,168.18576331287252
40186,225.12657813728563
40187,345.43152715973645
40188,167.48102631473014
40189,135.08642274579063
40190,128.55933903011532
40191,262.7661433530891
40192,209.56751237417356
40193,184.49406418737553
40194,476.91409212812505
40195,129.46857216440233
40196,312.04957547278707
40197,84.21709377231262
40198,198.71382065508155
40199,450.09443466530854
40200,475.6036386679646
40201,144.3150334337099
40202,79.32556781506223
40203,248.4451211037688
40204,245.5287375581308
40205,394.932664925287
40206,283.0217213191818
40207,219.4786068111116
40208,328.5336139585688
40209,288.3719764654179
40210,482.6688998466798
40211,171.83249171883378
40212,234.97656150497008
40213,218.54148302817802
40214,119.71881172561243
40215,354.69692632125395
40216,83.28133874116756
40217,241.0886385863686
40218,401.5659435457991
40219,650.7878371160924
40220,251.037487519176
40221,233.243717984424
40222,303.120133460066
40223,138.89514147230162
40224,269.7183699950705
40225,234.98881636768624
40226,132.6857116604441
40227,262.52311972222486
40228,225.20892752008106
40229,281.07420632550173
40230,798.2126068155019
40231,210.22579115054322
40232,370.22030097864325
40233,231.0816174531029
40234,524.2747623432127
40235,109.0433468287289
40236,153.08043892357747
40237,235.61065150210322
40238,453.87298988764326
40239,226.93241175064375
40240,192.9467527958668
40241,166.8760660751586
40242,1132.0785439929577
40243,211.75582435926026
40244,248.47272927087698
40245,604.1259595303757
40246,245.24698907033073
40247,199.04794254396694
40248,347.51745087594213
40249,361.2779577612853
40250,525.5353283145731
40251,353.4338150173479
40252,539.3924999118676
40253,279.90173992893097
40254,108.06864587579568
40255,149.29266257711717
40256,292.93502966971437
40257,316.3237689312664
40258,116.75099608498917
40259,248.31924108792097
40260,435.9945306073109
40261,172.40680863668806
40262,94.93756542715741
40263,119.69853406006324
40264,173.67831409837623
40265,222.3749187767163
40266,128.9194536702827
40267,174.29409389732018
40268,301.20506410872287
40269,175.9856880609149
40270,236.41688969711342
40271,165.16440236605646
40272,98.29825983216023
40273,281.01035835690374
40274,158.8467844442788
40275,477.6402245960579
40276,114.7210159105136
40277,591.5906039041938
40278,176.83533831626133
40279,145.56630051265597
40280,118.37407953774049
40281,475.546498167344
40282,585.9478056595216
40283,381.19257570438526
40284,180.35855663629442
40285,384.93814779861077
40286,317.12084729350386
40287,549.771208455029
40288,580.8798760478301
40289,324.26853965351575
40290,428.5844686490063
40291,587.6169410944308
40292,268.4653989500687
40293,174.67814252470623
40294,116.5948868988905
40295,215.108714705009
40296,653.8461664877477
40297,80.99224407173215
40298,254.8715616835711
40299,223.59222503317585
40300,126.24301945977848
40301,166.62903990373047
40302,555.8761740196662
40303,357.41665324494386
40304,138.38348150438966
40305,496.25586373467553
40306,237.3621882735885
40307,461.3892949219287
40308,342.43091336371856
40309,209.35590417673134
40310,202.31411812111477
40311,208.27222212946148
40312,155.2857635407684
40313,334.8007401284193
40314,186.89726377955284
40315,205.5134767102556
40316,195.44604932393116
40317,197.99549485059077
40318,340.3750926327061
40319,443.5552933004036
40320,120.73441201550479
40321,141.7454665560786
40322,208.45996171650043
40323,85.80957710884412
40324,82.83504011900058
40325,452.5776193297536
40326,217.3754644682321
40327,727.4682136319033
40328,199.70388333975677
40329,371.47400892102604
40330,542.7458645852274
40331,232.73274595514883
40332,532.5273816481042
40333,242.27649544520725
40334,145.7599014864104
40335,143.99125085508274
40336,111.47586486328828
40337,298.5847562974219
40338,168.82368453836267
40339,174.91028803898323
40340,223.30023268669876
40341,117.19933891714085
40342,432.67681487992024
40343,127.47878393356984
40344,712.3644255507066
40345,570.0823422705299
40346,84.39684836501715
40347,158.49033361468088
40348,169.63751262964666
40349,218.7059886289332
40350,200.86109293582933
40351,111.58066671757159
40352,241.8048596946514
40353,230.29339421505517
40354,282.8856957123079
40355,162.64448483853934
40356,637.415499311135
40357,197.24381178472063
40358,172.4510334391348
40359,212.05393037413552
40360,142.36642468925626
40361,460.1229631286958
40362,179.84501147452968
40363,176.67888901167416
40364,175.72674745365555
40365,242.18011788670148
40366,364.9051518681523
40367,140.4197734985857
40368,240.6868932085483
40369,304.43437365186924
40370,293.9413868281679
40371,100.21680449077705
40372,300.86518721749934
40373,450.42393908258964
40374,192.66919605050586
40375,534.2677261267299
40376,271.2561301453638
40377,259.63097057095604
40378,220.13934473197165
40379,147.70327283519603
40380,358.1363536846813
40381,559.8339978114356
40382,176.47990442464075
40383,179.93200921217786
40384,210.72792016640588
40385,163.48814339940228
40386,368.9812034073894
40387,111.57626104741418
40388,578.8623991398397
40389,170.42990844866148
40390,555.7599927246904
40391,339.1535591329496
40392,286.46585088373706
40393,220.98124646481455
40394,278.108065125133
40395,126.72281844501103
40396,307.24188513599495
40397,45.7532824445096
40398,220.4855799611501
40399,201.067728010468
40400,402.7532452684139
40401,255.51959297605774
40402,401.1787266029105
40403,200.71639456694962
40404,476.68014747358995
40405,181.8805640563603
40406,352.20932141950016
40407,192.82484556431166
40408,529.182778010034
40409,274.80883995501233
40410,175.7589934023998
40411,94.17897274628082
40412,240.11936241045055
40413,121.19761612399022
40414,328.1185996237926
40415,175.9851036549952
40416,328.4336556779998
40417,125.80276109640401
40418,226.8067271922966
40419,77.60953607151743
40420,231.43531621362186
40421,172.59491747485256
40422,225.0632696608873
40423,497.03687347912273
40424,222.0591449044882
40425,407.7486477503498
40426,469.1837484965789
40427,291.975942703363
40428,161.77263156363523
40429,238.76904042783596
40430,499.5021555807626
40431,138.72385813179383
40432,257.4029879063472
40433,232.32513569751578
40434,169.55353607511543
40435,322.9240167924358
40436,177.54394494580606
40437,189.01531300337095
40438,209.21346128200435
40439,123.58929474599704
40440,792.5121026401923
40441,1005.9752858351535
40442,249.39634566233627
40443,287.10128768591426
40444,160.68893650242296
40445,187.2805028838589
40446,549.8891568187869
40447,108.33523378937889
40448,360.7463084977929
40449,190.976568466699
40450,368.3107994797675
40451,366.1178342007295
40452,296.3473517588561
40453,179.89396135094555
40454,176.78592012701705
40455,169.25479437199002
40456,207.34949408547845
40457,191.93832020198593
40458,283.2306559439633
40459,181.99704153944225
40460,179.37139602336936
40461,558.7424515578444
40462,245.6540355743284
40463,136.68603753501918
40464,240.71269956507982
40465,131.11190875156657
40466,318.454162659562
40467,261.7843722660952
40468,244.99878144087168
40469,183.19104414297558
40470,171.84278048442224
40471,389.1580380328551
40472,325.86423613040733
40473,105.12894919313217
40474,362.41232572056504
40475,394.20053471927196
40476,162.47198262531126
40477,329.632016068229
40478,175.40296459130127
40479,211.73924588575585
40480,766.2280455349509
40481,261.9396391384795
40482,69.76099497772282
40483,235.7697396919943
40484,180.3088199260958
40485,424.1407212142891
40486,194.14039634125913
40487,391.84024885160864
40488,245.3307950078878
40489,126.29766578004926
40490,279.9556369409536
40491,215.9324058778385
40492,414.0772437098559
40493,309.8120277497326
40494,281.35384447883797
40495,409.31728712996585
40496,441.3247876245774
40497,122.6573313642325
40498,294.5662328734969
40499,191.3308994116111
40500,493.406995719463
40501,398.3027059507045
40502,199.56772009516877
40503,2589.2574192646457
40504,191.01225853963905
40505,339.0560601446408
40506,202.38922852616722
40507,225.3748886970006
40508,456.95232117295393
40509,245.9254741345974
40510,110.22708168661957
40511,83.25529756198006
40512,130.02899086583582
40513,228.6953476566341
40514,331.30556869252086
40515,90.84413542818034
40516,165.64947915668222
40517,171.82865997533526
40518,106.57526994176769
40519,361.99746971702507
40520,503.17831670985595
40521,45.17262276240538
40522,128.30123304868488
40523,201.34671621734452
40524,537.7063496720006
40525,491.21386245541794
40526,128.0886785829806
40527,218.4606223745909
40528,136.2354539806739
40529,505.56267423780264
40530,509.49453460118747
40531,190.1756769229081
40532,391.84009811852445
40533,93.52345041606473
40534,237.65356008593764
40535,159.70409645683
40536,183.77590824217447
40537,271.41337589458556
40538,186.54616403961901
40539,184.21707208258363
40540,238.82317757375344
40541,194.3705182340668
40542,209.44519670158337
40543,224.80857988279013
40544,355.59411753838276
40545,218.70794962421573
40546,250.4102338286497
40547,371.30163057101475
40548,226.7583387559459
40549,163.01250023735312
40550,408.29456636355053
40551,262.5896369660916
40552,129.18789922624973
40553,230.19087846118322
40554,126.57277256377894
40555,142.20451683987002
40556,150.28739862768342
40557,313.40151232023493
40558,210.84633107224593
40559,463.66225736227045
40560,226.12952926869747
40561,115.4647616401027
40562,669.3170907477671
40563,198.08416608449153
40564,124.25768187272725
40565,170.34193769030736
40566,169.5390865602926
40567,125.40098754709497
40568,279.71876533633144
40569,603.957800565065
40570,609.999834155455
40571,262.45260104074515
40572,432.37219717631365
40573,325.3916020716646
40574,275.21532092855347
40575,169.9527011047355
40576,233.92261262459317
40577,403.8250451578123
40578,251.42113594583176
40579,623.2091952306766
40580,324.4766934916303
40581,351.3602126952375
40582,357.21064960098875
40583,299.3123160843634
40584,272.0383035035845
40585,262.68122187321774
40586,268.81550993863766
40587,429.4961181402702
40588,255.57275952441464
40589,163.56815467822395
40590,259.3213592726032
40591,290.2777977810259
40592,243.7810959224681
40593,313.5174704493785
40594,217.7757443753581
40595,150.90929385631077
40596,336.47265653217494
40597,132.37610093461035
40598,453.0325151365913
40599,291.3303113195961
40600,184.45481115304477
40601,536.4913483354067
40602,141.00098211627838
40603,124.09233797692978
40604,356.47934564973355
40605,400.0479146882723
40606,361.70977831548106
40607,203.51714809602475
40608,214.2515376635125
40609,136.53896031645726
40610,502.2827346975912
40611,192.45830724476508
40612,153.26713838649707
40613,245.60859684095107
40614,853.03791549698
40615,220.30349779570165
40616,237.7112882931362
40617,223.91694082466503
40618,153.59830650549426
40619,325.68069568620035
40620,113.24227630839417
40621,425.69966535106505
40622,132.23897669996654
40623,527.3419966244893
40624,173.72099605000153
40625,163.5408183825572
40626,307.0410571465877
40627,144.41456409304547
40628,144.9660786015719
40629,261.32383872811334
40630,486.7408355691272
40631,567.2674743495874
40632,229.40794340042513
40633,237.1009912995569
40634,186.35700799613673
40635,369.7964777900934
40636,124.4927421043746
40637,104.52079467824568
40638,139.5698584863079
40639,186.46422216411102
40640,116.13234636540797
40641,219.744770409132
40642,239.90978614080115
40643,238.22437881278492
40644,248.36207677748922
40645,860.4203830594926
40646,275.6611371041082
40647,201.26932722560167
40648,161.7766838724525
40649,34.28057660812886
40650,158.21465143689522
40651,225.31611973879888
40652,138.87970562883268
40653,502.60263011640967
40654,102.99626637950635
40655,266.0057029625174
40656,241.51262655526378
40657,287.91319018385775
40658,105.37641804010603
40659,289.8970939721238
40660,189.8843594369662
40661,167.4887292069397
40662,180.3109731970973
40663,185.24866556980027
40664,121.03333692527248
40665,128.74105826192476
40666,166.9232614761252
40667,168.16581506340364
40668,134.64566481611126
40669,224.93331164115992
40670,288.1161318925082
40671,445.64757861202884
40672,284.87803377740266
40673,299.7530949224502
40674,163.83060449234034
40675,173.13544977469516
40676,394.1312901853416
40677,524.2207720832048
40678,590.2114119383099
40679,206.76835160563468
40680,413.22116717644974
40681,121.89334336330693
40682,262.2794892647587
40683,120.75178696883832
40684,259.6005286759345
40685,153.54036081902342
40686,260.61625246202277
40687,104.53296674397255
40688,260.20594139240745
40689,524.8194251699158
40690,192.0154811398728
40691,193.5019316898346
40692,345.7436192428529
40693,201.25182674010546
40694,111.36179250579856
40695,291.3388207561226
40696,311.2591254477103
40697,347.7566536925464
40698,113.87547844212385
40699,467.49148005233235
40700,253.04547477465522
40701,261.62855436354647
40702,203.6975705481192
40703,226.52897717471217
40704,953.6955079985546
40705,339.85956271939307
40706,280.1792750775597
40707,355.1753573247772
40708,223.38070038151568
40709,158.55477023558012
40710,284.90924107927424
40711,227.87250954225883
40712,180.48010119104458
40713,406.47260112765315
40714,173.1806391149575
40715,186.14191503676693
40716,178.77814957808636
40717,145.6667175856494
40718,336.32032400475055
40719,299.75124462288875
40720,511.16638554948787
40721,724.0814577602797
40722,241.08992742846107
40723,146.10879038286444
40724,103.18616412109938
40725,176.54801896234096
40726,316.0251831116052
40727,207.8869072307246
40728,172.21953914233404
40729,337.50103374274363
40730,366.7687182737357
40731,271.0511620838987
40732,385.55581102216775
40733,459.36520594438156
40734,336.4253491719063
40735,207.48279806143236
40736,222.22688158533197
40737,234.31315158328115
40738,147.44130872265427
40739,362.39293650885384
40740,130.72945271028033
40741,251.3688430938583
40742,147.89801363062458
40743,880.278158625881
40744,293.0467639878376
40745,173.83060512751612
40746,211.64727664608637
40747,211.02027684336431
40748,260.3842481868264
40749,152.34718098812482
40750,239.95080869524912
40751,160.3970016776484
40752,186.13481324456478
40753,279.28409174660806
40754,160.70200211464757
40755,376.3888853696492
40756,255.97670419498957
40757,330.8498277825579
40758,267.7575273956515
40759,637.5944580703477
40760,670.5469032876814
40761,227.02053860375736
40762,95.64479396981112
40763,139.43576921147454
40764,386.71534010045525
40765,190.30199679509252
40766,174.0095176599616
40767,311.5264458689303
40768,250.48226646280852
40769,124.6010069348331
40770,298.0513133442003
40771,526.2644686730995
40772,265.26647553241963
40773,194.95893629485514
40774,248.199738647237
40775,84.09727111317643
40776,183.80867167155893
40777,317.64489173079687
40778,296.82162037037597
40779,65.17003862656938
40780,210.17318382364473
40781,256.5334109987773
40782,253.90202672850577
40783,252.462789156465
40784,182.4842464344677
40785,161.54269792701382
40786,300.9715835148095
40787,194.7614348565766
40788,268.47165027466633
40789,154.15742000577424
40790,207.2208627272632
40791,254.06866350101689
40792,231.65051399397123
40793,226.95440635976726
40794,564.5074430970938
40795,287.62923070934823
40796,108.60274976316093
40797,138.45629876174445
40798,312.38820226721896
40799,754.5493515868158
40800,212.78197807077763
40801,313.7766749526824
40802,270.73033584961286
40803,213.67935497855453
40804,360.0629552276879
40805,140.72625631434852
40806,227.46370549398674
40807,139.64859015793783
40808,144.11572259209052
40809,202.15661117299706
40810,165.75725042360128
40811,267.8613225874199
40812,192.39431896998173
40813,318.0521992754349
40814,298.4899152461968
40815,214.14626705893
40816,850.5086651049921
40817,150.51030989716838
40818,189.0351602197578
40819,88.45663775624243
40820,197.83078595071672
40821,303.83073973155604
40822,153.630719794554
40823,135.38628289675626
40824,362.11674023653495
40825,233.84477428296708
40826,99.76254890104468
40827,200.41049796593302
40828,205.08053904474198
40829,219.03193871024476
40830,109.04313058147126
40831,419.6063224023386
40832,294.31837361955
40833,231.25784964073304
40834,194.19614773846567
40835,269.7864661075913
40836,302.87486657102176
40837,654.0359251123818
40838,201.83262552538983
40839,470.3621409984915
40840,248.74121737275715
40841,91.43373715145673
40842,150.83835692360464
40843,293.6318846173221
40844,774.3144636579768
40845,649.1956333057312
40846,171.7291980767246
40847,329.2414082877924
40848,137.4727667609515
40849,153.3464519527788
40850,544.6557275295012
40851,365.4222351678101
40852,85.55057782335474
40853,138.85085029709018
40854,166.7611571790193
40855,396.0089208589037
40856,331.700246500381
40857,248.18059225187403
40858,228.6825274692024
40859,127.53936902620651
40860,169.71184315783552
40861,269.12302443916474
40862,278.6772633013523
40863,126.14574081604319
40864,242.50100518517647
40865,213.37727204667095
40866,290.8945568016971
40867,557.7997172517177
40868,261.25316343921236
40869,233.9530112161404
40870,147.81788375364383
40871,193.29683476767048
40872,150.58188892379883
40873,85.50584650680352
40874,160.10672484566786
40875,213.65451628788202
40876,314.39355466153967
40877,207.95378239849745
40878,136.90262675062075
40879,195.53384181022662
40880,177.01993012919849
40881,485.57383626948786
40882,248.7848279269344
40883,301.1687239188219
40884,220.98661595503512
40885,234.90409094995633
40886,1307.019910941966
40887,276.3806635710681
40888,189.20504574987038
40889,174.03309889704536
40890,130.33831485476367
40891,202.1473102587209
40892,262.83645242534885
40893,364.7681222137917
40894,234.86389865564237
40895,290.9137762171582
40896,478.2351933892098
40897,787.5883560040536
40898,180.59603360706905
40899,192.9037104931099
40900,160.2778839757118
40901,342.5074733739509
40902,209.8968990763963
40903,368.73996047662376
40904,159.43181992856466
40905,243.30891881754465
40906,191.0170840488522
40907,148.13603369224393
40908,297.27915399959795
40909,945.1736025976379
40910,344.8472710840762
40911,296.28232720989956
40912,195.80651851670518
40913,265.83654953957154
40914,197.76240651587958
40915,368.1873988123334
40916,505.65046651971636
40917,199.39073795431509
40918,145.26232710068055
40919,373.28213442946674
40920,227.98448503160103
40921,250.80330539763088
40922,171.08992738599605
40923,94.16423074604249
40924,283.17287053250936
40925,201.4878905824891
40926,220.55904756591065
40927,284.88612504926414
40928,234.990279485155
40929,94.775043566629
40930,254.71110091168205
40931,230.9527453158102
40932,178.8369734626829
40933,167.45945830107846
40934,1641.6321044395304
40935,62.20334818874384
40936,395.9045687370665
40937,358.82049629821245
40938,334.2402568686371
40939,323.2543107692644
40940,235.232964414413
40941,415.34300225958407
40942,84.8172990878295
40943,121.05069596999417
40944,338.01045772855383
40945,302.4497119826599
40946,530.5309956399614
40947,223.67932045915776
40948,72.7686263209054
40949,185.57632252008634
40950,300.3539394679378
40951,175.4214930619466
40952,137.99797277627798
40953,340.4107399377593
40954,243.3569722400392
40955,192.6273297194759
40956,252.66850279839974
40957,321.46797748482953
40958,122.9687276059582
40959,350.11960774395544
40960,529.2200061574051
40961,267.2026049060859
40962,368.817727992605
40963,143.8469109923176
40964,226.00482675130127
40965,224.44012473194047
40966,109.73210692072779
40967,291.582727975633
40968,192.45981441035622
40969,400.53300951636425
40970,183.5170427977188
40971,237.24837408624902
40972,243.49804550163145
40973,236.2870824067508
40974,729.2485064143633
40975,240.53354354709052
40976,331.2657826464042
40977,256.0460131681159
40978,172.70478240859805
40979,356.96936663454983
40980,172.80295983611373
40981,418.2894413292199
40982,179.55292412720235
40983,117.7269666765011
40984,243.68282555708743
40985,255.05606430375607
40986,191.87475554264654
40987,196.1224353226614
40988,65.12785531977559
40989,384.93540791709796
40990,151.49013183092995
40991,259.25548987518437
40992,368.3923904428881
40993,315.5966145844265
40994,156.2658439161259
40995,611.6327642151954
40996,297.84344981520155
40997,261.8345175729102
40998,248.17678527555802
40999,175.13836495146168
41000,316.0347357426698
41001,118.90299951736863
41002,618.8197131410348
41003,89.4855595517362
41004,102.2957724523968
41005,363.6003223271788
41006,216.13513805695027
41007,202.38527361213457
41008,145.12477773439738
41009,1502.7123845759866
41010,292.91203023940045
41011,168.4317957874887
41012,597.2794688854715
41013,117.8177413800922
41014,133.2906425020571
41015,159.4944531044753
41016,692.0328451038525
41017,226.69015236369955
41018,267.756143275232
41019,143.90471522326132
41020,293.8581083119388
41021,145.84461705810855
41022,150.7384561480424
41023,163.62874476086012
41024,518.8681282948653
41025,357.1139955952551
41026,279.11683120985526
41027,176.57350056209162
41028,167.19778647880537
41029,244.65466648611476
41030,169.84329710530392
41031,133.50002282236773
41032,343.85261280550753
41033,353.11975866614
41034,319.36642136052393
41035,249.29535404571018
41036,335.5041045597902
41037,168.03998552783165
41038,679.7782420271157
41039,160.84727927432698
41040,275.13522312229287
41041,302.8440121663889
41042,181.2300058072841
41043,231.28368628287248
41044,436.8031173733794
41045,854.5585115142578
41046,260.58970012344315
41047,208.46991933408853
41048,395.1640320130771
41049,189.19568928365126
41050,146.57532219733727
41051,234.36463016417292
41052,190.84659797476854
41053,291.24621875719777
41054,435.1819897853786
41055,163.01040003382315
41056,425.7140458319452
41057,391.57339275459645
41058,248.914560165202
41059,138.09173711766616
41060,169.1236752928882
41061,238.16972020612624
41062,216.75560593619923
41063,551.7854302593787
41064,143.5284958654935
41065,171.4226259560899
41066,433.54775229467145
41067,705.0927735495299
41068,168.65194854839487
41069,211.18389201724372
41070,166.42691912513973
41071,302.9790446902633
41072,280.2108917136035
41073,132.50351378205045
41074,316.71979600614986
41075,203.8360398047188
41076,145.76366988954166
41077,297.7124297069577
41078,178.76403585883236
41079,558.7079098518543
41080,363.1708051828658
41081,212.70809229037224
41082,79.9246143210513
41083,288.51982257186495
41084,310.56954387539236
41085,308.35722265714713
41086,128.49126789472592
41087,256.3241296241591
41088,137.08854507845928
41089,143.14502187177797
41090,427.7367664967443
41091,495.78720024684094
41092,262.6369990140801
41093,291.3212570057517
41094,113.70340400050954
41095,140.36291850510673
41096,266.19827057931195
41097,83.50878442784753
41098,140.65612518011588
41099,459.1215480826059
41100,227.2828192677636
41101,153.71790243424235
41102,225.88198710316527
41103,257.1471160342733
41104,381.260164724693
41105,357.13983204066665
41106,311.0549325564578
41107,126.25437144194558
41108,199.3625884291273
41109,829.626144066991
41110,676.799950090623
41111,78.65045782813455
41112,887.2663498042041
41113,169.49450960259168
41114,633.293616700377
41115,255.48483435582474
41116,146.74445172183363
41117,205.580470996498
41118,243.55524546723188
41119,263.86661271481637
41120,308.5166260248999
41121,101.13902507031331
41122,145.75461783031648
41123,140.12059217851368
41124,329.97383857866936
41125,329.57145166917803
41126,234.3984127103251
41127,71.43068619967872
41128,195.53883839424734
41129,553.6268186611588
41130,239.5147243657623
41131,424.6908557496622
41132,160.51286370746288
41133,105.4593926694012
41134,412.94464631417964
41135,130.798084448213
41136,412.2182391553314
41137,262.172189847902
41138,453.702516382498
41139,354.88372550031914
41140,84.20769837345114
41141,237.6769983269413
41142,270.22952595556507
41143,374.75964037842306
41144,140.97970204682534
41145,165.5491838982682
41146,180.41814788671005
41147,277.8113553721995
41148,169.53235412815548
41149,685.8889175194756
41150,116.59825961291425
41151,216.15109700902073
41152,177.38968053812602
41153,247.72880926506306
41154,331.4099792313707
41155,180.66630697352514
41156,518.2763437745534
41157,203.76413959433626
41158,116.21950274787262
41159,371.9403343386255
41160,272.68217235368644
41161,182.60455536354243
41162,594.7608622999048
41163,171.385768018577
41164,208.15542583475445
41165,216.86947555354146
41166,621.6582815457494
41167,341.1232691791543
41168,604.3255304888577
41169,271.7670025473995
41170,713.6976513166207
41171,147.4521281543309
41172,194.34855087865972
41173,347.43682526781123
41174,197.13146979282385
41175,193.277523567994
41176,255.56554838527427
41177,211.5981253369573
41178,131.36065081383097
41179,323.09055321229835
41180,150.4326038931252
41181,286.34090876204266
41182,133.0672100516599
41183,277.0346656049726
41184,366.55721885100934
41185,134.8390306057318
41186,228.75130477287877
41187,382.7264292953155
41188,752.7410050189545
41189,425.5455168266118
41190,120.75692539349083
41191,255.3896125208285
41192,685.4003244208525
41193,172.7776836378779
41194,355.9156423891733
41195,259.26088341075
41196,329.07011563978205
41197,340.30264951018955
41198,210.95168481079995
41199,241.80994342630316
41200,166.06000621997268
41201,255.18454516728713
41202,959.9103824802539
41203,150.35459272402503
41204,151.4822136480643
41205,222.57241930900304
41206,1054.709448687467
41207,199.88746009155636
41208,150.47999540981303
41209,132.37781558137388
41210,193.41511227630625
41211,229.08207651971853
41212,132.1736137065596
41213,229.4226130006822
41214,116.90296027437286
41215,221.9929638484942
41216,172.70602418818592
41217,334.2173952074569
41218,151.02543100077693
41219,182.56918155039259
41220,143.40614782099814
41221,245.39533631877765
41222,158.84964129138456
41223,315.30691740201337
41224,1737.6879816588848
41225,600.1680436072344
41226,326.03301546733564
41227,228.24994915778066
41228,154.5939902170374
41229,282.97381734345674
41230,201.27700791567412
41231,125.25607272942325
41232,346.0387409389616
41233,787.7121948562892
41234,224.46277243492528
41235,349.6924016724018
41236,250.15167140387027
41237,431.26145426949506
41238,211.54964588510623
41239,180.46358980586356
41240,195.47056086551967
41241,276.7539423455851
41242,230.2037592222856
41243,196.28967431026925
41244,262.9417037793522
41245,231.968207592694
41246,199.2053230696331
41247,181.86319935602754
41248,214.4450597387261
41249,449.4098070654395
41250,284.92109417020504
41251,154.35302913702048
41252,472.6850640795533
41253,599.7668179110981
41254,123.39700967355154
41255,189.31213497933763
41256,195.7689868878787
41257,296.9376984308911
41258,368.1140652774688
41259,273.772214187442
41260,396.94411564455305
41261,336.817787703572
41262,152.10365637849898
41263,850.549108595539
41264,466.4036349275335
41265,154.0575329263286
41266,153.00738391353636
41267,334.2934411589299
41268,198.3236985265668
41269,187.92145075208893
41270,144.80082389983247
41271,266.46800748489125
41272,596.3914613560568
41273,373.9232432245257
41274,83.70496413379502
41275,555.6887693372004
41276,522.856571552378
41277,161.43885648446118
41278,243.936607065746
41279,262.3525582341075
41280,120.96245614212923
41281,153.49563836844757
41282,139.4276376261025
41283,157.97998685165976
41284,157.74996590291124
41285,165.42918420703248
41286,151.42216658816295
41287,148.98361723934084
41288,388.916944352015
41289,421.64401227344115
41290,270.68818017740466
41291,429.06996938417484
41292,378.93542223022945
41293,178.33347595110587
41294,459.5307807822138
41295,238.90415134569633
41296,105.50819874544827
41297,161.54412318906168
41298,394.2552851901414
41299,448.6736228250471
41300,121.24274771838127
41301,445.542829280772
41302,215.36381015442882
41303,266.32063770129315
41304,243.77827427622003
41305,156.6102681072081
41306,163.16116145059635
41307,541.8783249751438
41308,160.6524868860325
41309,257.3152565816573
41310,443.52917568795203
41311,108.03478484030316
41312,328.35218957894006
41313,901.5037230598208
41314,416.43680995905004
41315,121.4139547613721
41316,120.61139246036895
41317,329.5521716255819
41318,222.76100310295584
41319,183.4995001602376
41320,125.6317717995728
41321,468.1775678705174
41322,178.01019329192616
41323,285.22794969063324
41324,312.2698852043734
41325,235.5042100739941
41326,253.27674284456012
41327,427.7639289024422
41328,182.8906190965856
41329,346.8291264485108
41330,516.5521665983471
41331,588.6215833429509
41332,329.07927136420506
41333,164.32705345619738
41334,1088.8043861354672
41335,204.57438761435273
41336,290.14518275127637
41337,860.8521311746773
41338,384.5858422251546
41339,1102.6516030919488
41340,273.9357467056536
41341,309.6488498107126
41342,420.78313566696
41343,265.81438824781134
41344,225.87401983096518
41345,479.6784964915837
41346,163.86044188905421
41347,91.81001713990868
41348,289.96963800738797
41349,571.6399613405242
41350,248.55644020849502
41351,259.81225462713087
41352,251.89716054571753
41353,274.9947560145057
41354,646.0277408156467
41355,228.1245495369783
41356,931.4863704865613
41357,203.23074273109484
41358,551.4586307681942
41359,230.90689718387674
41360,310.6124042301037
41361,125.1837731410662
41362,250.87048033555212
41363,346.4712429668992
41364,179.4167600542371
41365,138.94210352003023
41366,230.5843644049793
41367,468.64753842335745
41368,284.7841977081589
41369,272.1565615970252
41370,53.22013280887983
41371,109.08040350248167
41372,167.99540082961187
41373,718.9876247752734
41374,313.7531751609764
41375,370.30060236015254
41376,173.72422094712186
41377,303.04435686652863
41378,302.16928641974584
41379,203.5424320588533
41380,222.18638522378583
41381,193.4636469237339
41382,1152.1129140633802
41383,209.2168087382097
41384,201.59192191491255
41385,289.91096223316174
41386,290.18255838357356
41387,329.5878490302771
41388,214.93843564572236
41389,312.1199373268016
41390,462.06317328114477
41391,902.6066474370081
41392,320.91764126054096
41393,135.76629691788673
41394,328.63229591910886
41395,198.44675993996532
41396,211.5338326879784
41397,161.42195020128517
41398,257.11206679925635
41399,189.00972020591095
41400,323.4816384432778
41401,171.81648584906478
41402,168.89693071103574
41403,281.18040917409047
41404,489.7563931190867
41405,135.00995003467733
41406,216.8389808853209
41407,241.7931577337133
41408,189.92441672487274
41409,135.11125143311068
41410,423.78418743512043
41411,281.7462151766372
41412,256.4658090991418
41413,523.9459674850351
41414,228.52021885916395
41415,203.0391149188232
41416,324.2260215532093
41417,288.0174154120986
41418,358.1993930539329
41419,153.20954745417936
41420,211.60728981563452
41421,245.7054364891833
41422,118.89784912617269
41423,459.8783148236702
41424,262.56415557976493
41425,158.4585702329875
41426,1316.0326759575455
41427,535.7418315361601
41428,171.28245875160837
41429,188.49648181909407
41430,146.85666422644803
41431,165.54121740172522
41432,333.7266067452251
41433,104.33694897955444
41434,296.17652004044584
41435,216.7825650264478
41436,559.1253180562085
41437,100.67173709985386
41438,874.442599764454
41439,127.3228535330594
41440,136.28999247803424
41441,70.09136453712576
41442,164.52614732712016
41443,152.19579164516736
41444,219.53168557199947
41445,236.55064234023476
41446,357.0882277454364
41447,363.49143512374735
41448,438.14814086666405
41449,171.4272793239221
41450,939.3679083708325
41451,440.56189881972807
41452,295.6315329225745
41453,84.20814144974719
41454,171.35913130694485
41455,140.1910074223897
41456,389.6756213301567
41457,242.55825461566198
41458,247.91639085619644
41459,405.3840541153867
41460,166.61452984744452
41461,178.31830054402926
41462,127.01075325650612
41463,207.08070120988958
41464,160.3931962660902
41465,109.5982420163781
41466,186.03957457090766
41467,251.84308144737972
41468,234.27688538836773
41469,216.82489748865626
41470,191.54946739994963
41471,223.4477255904225
41472,187.52823614725946
41473,256.3192476019109
41474,389.1932485127247
41475,794.1841132527529
41476,127.11792733351892
41477,478.80859809591607
41478,414.8202393291102
41479,918.2128484661164
41480,614.2681492604712
41481,251.35107064872682
41482,1086.0476476641961
41483,295.5922532341191
41484,433.96365586465373
41485,495.3559301556225
41486,153.99461894152302
41487,236.89237215877571
41488,429.21381037145693
41489,599.5427299654597
41490,342.02096411956506
41491,336.4705197874326
41492,389.652842867682
41493,304.19512185824976
41494,447.87085218859545
41495,249.9867800364231
41496,183.8763743980042
41497,161.5532545463231
41498,670.5212900624873
41499,483.39366065591327
41500,329.6680725467082
41501,321.4041797028254
41502,159.35713003029116
41503,709.3788110607162
41504,227.0956270275353
41505,145.8081300624389
41506,133.22362549248993
41507,327.0921485730621
41508,215.20840600206347
41509,203.59740167340505
41510,236.41392875216525
41511,387.69003980616765
41512,128.52024990704604
41513,145.07041408159657
41514,145.69600815352433
41515,76.40075843160662
41516,197.9399525710959
41517,406.93735870634475
41518,133.8333357156182
41519,323.4130565697014
41520,477.1855554629519
41521,219.44467590752535
41522,121.73433910985527
41523,424.1281091232503
41524,245.0210640905722
41525,167.22934913734218
41526,151.51257163866003
41527,171.2298459883114
41528,242.36176772974133
41529,280.7926860823088
41530,266.5990822689274
41531,203.35247331575204
41532,165.07318476891336
41533,209.5744701449792
41534,682.7060776445676
41535,128.49510656198225
41536,112.82808038498216
41537,269.80712992772186
41538,335.1012098344346
41539,323.21641999115957
41540,273.94432605563054
41541,277.17764078260257
41542,282.62977087287766
41543,465.6426485489231
41544,161.2021216743107
41545,384.06563796415526
41546,178.97825743412707
41547,352.1406981420762
41548,151.61632623065339
41549,260.9790737574627
41550,154.9113569111586
41551,399.5550551006547
41552,377.095573194669
41553,456.9928304282571
41554,339.68947991428695
41555,858.6130452993153
41556,480.51075251067107
41557,186.1333667466928
41558,157.810594473941
41559,194.52943251075297
41560,641.8018196850962
41561,583.9971210760027
41562,113.27664170842499
41563,179.49041543152825
41564,169.63816242268462
41565,107.48152723651374
41566,385.60190103494085
41567,75.61390062467349
41568,896.1297127182295
41569,154.13679979933048
41570,267.39127612771176
41571,103.62571884757585
41572,629.6570139022089
41573,171.28853078733655
41574,250.74707479588133
41575,167.03399444576846
41576,174.00025112864827
41577,287.76015617267285
41578,208.1994882045078
41579,123.23637427843872
41580,493.78282289135245
41581,403.19225721094733
41582,314.50120301524555
41583,167.66873581286242
41584,316.8573428158354
41585,473.2040002550958
41586,130.21213153837084
41587,691.4566788919853
41588,245.5111269697628
41589,303.42756132405566
41590,249.06814864501598
41591,354.38228829218235
41592,474.681386795334
41593,310.1050045036387
41594,274.65873584188046
41595,1296.9785115639233
41596,339.0044611408899
41597,211.35738447128324
41598,145.29325101356417
41599,321.5958206475432
41600,277.27828748602803
41601,357.7439313571829
41602,514.2306629798957
41603,748.277022128177
41604,423.7225383546367
41605,660.1704536174714
41606,249.3746992503535
41607,185.78522099058637
41608,142.41159592977058
41609,165.60879508605024
41610,164.18007461109312
41611,112.45471102592278
41612,469.964113195306
41613,322.5448031789464
41614,310.3235448805917
41615,270.75210575987387
41616,206.2527614788175
41617,266.42815997342507
41618,225.69387740529834
41619,389.7539421215106
41620,279.1028654572117
41621,445.8343212765133
41622,180.1801672411339
41623,447.74114245741373
41624,215.48953228215967
41625,191.00092054050864
41626,159.44470958451492
41627,445.5606730538667
41628,294.1187800617679
41629,122.71363348722106
41630,165.57181777728815
41631,78.37812979114997
41632,395.82933725878235
41633,220.27932058987258
41634,304.6921851795887
41635,374.05981262896364
41636,214.52665856452163
41637,262.83218377424606
41638,191.7327279422434
41639,171.579579216591
41640,274.31779995565626
41641,206.33585061209922
41642,928.6374181128401
41643,1014.1159700696996
41644,323.82325874452505
41645,300.96502053160975
41646,291.4638906174305
41647,167.95069357055786
41648,271.878224079255
41649,189.58579614214793
41650,108.89409779662456
41651,472.6382687251212
41652,287.7817662062048
41653,254.83025579761042
41654,625.1268114789334
41655,157.0194413399562
41656,375.1706191694752
41657,138.5941732573862
41658,728.9241893183518
41659,170.45804328772772
41660,183.31304680113516
41661,128.75469823105936
41662,144.60794162567623
41663,326.3847878456377
41664,579.7737170516841
41665,247.34016269945354
41666,180.43577094287144
41667,65.96074212588869
41668,212.2203523057717
41669,382.1538233991765
41670,419.7945732527932
41671,1766.3610195535057
41672,215.24867729406924
41673,189.71328300722354
41674,247.80309621892195
41675,276.14714275401184
41676,129.45212379938135
41677,426.35700750040724
41678,160.38460569601614
41679,201.65929257736417
41680,124.14189481544638
41681,154.47045642703043
41682,96.17513650255573
41683,180.24463616183945
41684,607.80619665344
41685,91.23423423668908
41686,301.6731705159442
41687,439.3970418443511
41688,201.59492346392338
41689,141.79515820855264
41690,159.7063337747875
41691,1432.9284396338962
41692,437.8066188482801
41693,247.69206585630684
41694,83.65231320141145
41695,283.7084518500604
41696,1025.930325181152
41697,224.20213985998663
41698,494.4746008143062
41699,267.5467215101157
41700,243.56489036398204
41701,50.31221506797653
41702,252.5494923042064
41703,478.0104192947928
41704,433.65974037206473
41705,217.95362178175728
41706,163.717727750673
41707,374.0135841793075
41708,393.0254159224311
41709,248.69911468776164
41710,184.2931677398637
41711,322.00397250585655
41712,242.48431373613798
41713,625.3772312234908
41714,85.25963117299247
41715,103.20534257545455
41716,182.8897571028078
41717,204.12830136708325
41718,300.22546885871554
41719,185.02844463833233
41720,290.2355932390401
41721,205.33919406574918
41722,117.24658564479444
41723,214.01173054888739
41724,142.37706025825358
41725,101.11817710027653
41726,220.17720205623704
41727,157.36931995867266
41728,295.11126024371214
41729,179.8530963695153
41730,278.21205986141575
41731,130.4723013892126
41732,330.0514147435
41733,110.40903189899466
41734,542.4386192210047
41735,282.63816941123605
41736,170.74960800330248
41737,256.303964048003
41738,171.20121511604677
41739,326.7815700058938
41740,274.7613759677581
41741,227.37942217710875
41742,230.47088231363614
41743,521.7358095139509
41744,191.73168551116927
41745,749.496810269993
41746,745.8346802841999
41747,173.26955268219845
41748,221.4457412844834
41749,190.73202800583132
41750,164.67036613519932
41751,262.6619488776465
41752,274.8525734728618
41753,192.86849441305975
41754,249.7378962310721
41755,375.51500146281313
41756,71.70991251563254
41757,141.55584825541757
41758,338.41634899025695
41759,136.84618363558704
41760,538.1301673148794
41761,2859.684937921259
41762,193.06492895360415
41763,864.2962416184927
41764,215.85528608369725
41765,424.7294221707847
41766,348.50972348525204
41767,447.72720893093185
41768,907.3595772123209
41769,439.5791854094999
41770,427.4306221711844
41771,212.76534160118626
41772,339.36597655258277
41773,219.1817340294576
41774,403.32045986433866
41775,208.94664039874343
41776,418.31593214063867
41777,144.23623008667352
41778,435.5353307864018
41779,276.054854343439
41780,140.4255126503226
41781,246.72468632749403
41782,154.10585466082932
41783,437.5181273353179
41784,162.03052331762345
41785,345.78212509499815
41786,539.4852268005433
41787,270.21122413005924
41788,276.2267265441488
41789,160.3196286809173
41790,268.8732563841677
41791,470.1225724314581
41792,86.17268515797865
41793,120.23138473336626
41794,355.6252290272856
41795,329.35428105819767
41796,159.75119456944432
41797,166.12249850571322
41798,932.9631685175581
41799,159.1430920288573
41800,242.6049590018378
41801,152.20814191413726
41802,280.97312240396104
41803,253.5311713920819
41804,226.3748298873071
41805,190.7440336957517
41806,316.4314518651117
41807,243.44926586194623
41808,267.5684550449263
41809,132.46820158451544
41810,272.18406039754683
41811,144.60151789707152
41812,449.78379750622423
41813,217.33050732087162
41814,161.55358146912133
41815,103.89289294414807
41816,194.8452500821708
41817,147.70925596117107
41818,346.1509151075097
41819,119.27648240853492
41820,360.39111477419425
41821,257.20126483570755
41822,323.52222586479616
41823,224.72687717583324
41824,158.35038931539108
41825,518.5474787176115
41826,280.46000170940454
41827,110.61506185560027
41828,447.72233532939833
41829,98.47262943809244
41830,271.95390225773104
41831,286.96949260212614
41832,193.17016974708946
41833,211.97239005418564
41834,187.1294122306035
41835,198.71365394468765
41836,230.77195815710803
41837,437.2727010587121
41838,645.1090954172628
41839,1453.525755665673
41840,436.2832842981517
41841,226.49133583849297
41842,350.1219819882954
41843,176.05968211932313
41844,149.74212207057494
41845,220.76187854731214
41846,209.57871190411697
41847,236.6261402794336
41848,182.87245225046436
41849,137.23037211842995
41850,141.07497076333252
41851,840.568302904977
41852,237.40427654299359
41853,298.6683596050474
41854,248.59718289514382
41855,398.1902046474912
41856,283.42896933822624
41857,325.7996532553518
41858,182.30920259696063
41859,168.2539440160125
41860,118.11138847854372
41861,147.81993971057432
41862,346.49160383073854
41863,367.967573352479
41864,252.83274130663938
41865,90.03534609368936
41866,413.0680454520564
41867,237.82022077781357
41868,1093.450367153399
41869,158.81960192033114
41870,434.61908807432815
41871,95.40608815624446
41872,215.8186230015776
41873,338.7704370700094
41874,153.23573259098828
41875,202.16818649996483
41876,329.4388517877833
41877,330.0518778382208
41878,246.3571375882609
41879,676.9067452393996
41880,379.90425236417263
41881,179.864828904976
41882,162.47292045440233
41883,206.647067791687
41884,359.43990076311644
41885,336.34296783861146
41886,1071.601506673886
41887,371.66412129947776
41888,439.67677176188937
41889,280.80988861383594
41890,154.98602624722898
41891,284.0427144010488
41892,207.56021369494204
41893,100.98359614415874
41894,208.49508497252344
41895,352.33709713407154
41896,332.8411861012055
41897,120.85567388086059
41898,278.84101219511
41899,79.36728573516442
41900,269.6020657176834
41901,514.4745176649519
41902,387.81383825374286
41903,298.7915615727863
41904,142.632984155084
41905,167.63059638973132
41906,193.74534716417418
41907,1244.0682951174526
41908,788.2030049813064
41909,297.29164745275864
41910,121.24326160958354
41911,208.56380817933731
41912,99.91315314658986
41913,197.97534712461794
41914,102.67922120389353
41915,299.13361869661645
41916,256.35353817985583
41917,87.30923351856649
41918,181.31986204620995
41919,93.2628971483515
41920,193.59265256205006
41921,123.29684057054698
41922,116.99495806786528
41923,123.22805412170335
41924,409.9245704783409
41925,204.98566238533914
41926,295.0393096619259
41927,191.56093927315624
41928,343.0472669744439
41929,118.41419320928416
41930,125.3742450431901
41931,191.35679365530427
41932,197.33598912362814
41933,362.88729137943204
41934,189.93700370373978
41935,173.58286625383013
41936,252.07716041077126
41937,121.89935424578
41938,388.4401029034848
41939,114.03024225549865
41940,565.5707923292325
41941,131.2700198616892
41942,135.0382497439224
41943,193.48031047546795
41944,122.60203086474506
41945,143.55944593521022
41946,195.88248903249007
41947,200.52150302724772
41948,176.88162987628544
41949,229.9575409549457
41950,228.49241197538004
41951,111.87417421011673
41952,195.0593549900447
41953,347.34914866947247
41954,123.84460760445565
41955,202.35440561648437
41956,120.18538755646715
41957,183.19742153295633
41958,287.7971179091955
41959,194.66642566647144
41960,556.4102310386822
41961,562.7479369771913
41962,343.0142763540871
41963,205.1852995283586
41964,277.02784491966577
41965,174.01068595505822
41966,276.256869437423
41967,239.44009801651006
41968,433.325545872367
41969,295.6210664488667
41970,109.43540534555032
41971,611.3349861178496
41972,238.41396062378607
41973,137.70322743797877
41974,723.3888364727441
41975,280.778256914624
41976,644.4767285083378
41977,98.23207227837204
41978,165.4975511848022
41979,413.66850796302697
41980,97.06859650429537
41981,317.77835349122387
41982,107.0672424199332
41983,298.22165211513845
41984,116.41519144267693
41985,420.26482355766046
41986,223.6061070598149
41987,131.31395221073777
41988,154.9718423194537
41989,303.28955174855764
41990,111.87137409390321
41991,974.7498806027778
41992,385.2224962479755
41993,274.1166409938617
41994,293.7363542070496
41995,301.5664468424394
41996,184.19564491281102
41997,376.87733410995213
41998,328.706158274146
41999,253.73224235240036
42000,84.66893142407748
42001,146.0210210162716
42002,242.2100458140433
42003,272.1779831350178
42004,115.23259955898821
42005,297.8903317232321
42006,219.97907539354753
42007,140.5045710037959
42008,225.8399077741928
42009,232.73040949902517
42010,343.86139071897355
42011,184.0046313030083
42012,167.08342378199723
42013,276.4001980990032
42014,412.64199271938196
42015,147.8205335238764
42016,238.9407278761792
42017,194.0399521402359
42018,212.65124410294024
42019,124.35689986609921
42020,315.0979793191464
42021,288.6929681508863
42022,316.24577385020814
42023,223.63852034704226
42024,355.14650006675157
42025,135.43688669511084
42026,398.08210636670793
42027,142.56610561543235
42028,141.9913045993028
42029,228.28548499214668
42030,141.50548710195523
42031,366.68961462169153
42032,155.65094546134623
42033,155.29023040878303
42034,179.52114252908038
42035,94.52191358506916
42036,168.02617215366624
42037,223.00472650921105
42038,374.15188167596534
42039,112.38460031824853
42040,360.6593888024298
42041,509.28813787746384
42042,221.41915752118004
42043,457.5706025950804
42044,227.01782631711254
42045,169.53963691996077
42046,170.38902571982362
42047,196.97704704672094
42048,105.57236867103424
42049,205.58426088031186
42050,409.796143267793
42051,107.10822430243535
42052,230.3628316655406
42053,287.1795685148668
42054,348.2860500371066
42055,282.1465018611307
42056,337.0613533853683
42057,169.74822082234252
42058,154.22800272627455
42059,905.4345998533561
42060,250.90688136147864
42061,149.222002350088
42062,152.6472658149512
42063,199.77711016887778
42064,130.81380977282618
42065,216.2928891335039
42066,279.7655776360563
42067,129.92929211335024
42068,112.49465686093815
42069,310.54553569533704
42070,107.60731497316964
42071,180.05293622529845
42072,668.6797941884074
42073,391.63610851215793
42074,90.59885217639544
42075,115.64601658940508
42076,227.41945265853667
42077,464.86259355872664
42078,467.7935765154328
42079,145.54785223371687
42080,879.3300500758481
42081,342.19032282864384
42082,6074.216171968206
42083,122.9639651169374
42084,1060.8727115700767
42085,271.65381719539306
42086,210.74739119802285
42087,639.199099281989
42088,205.10755828931087
42089,396.47759940973276
42090,265.356478986446
42091,211.3185265123997
42092,579.256217587371
42093,200.73471333337238
42094,255.78135554014173
42095,117.25170509330303
42096,78.59810963101323
42097,130.18765547316485
42098,224.9732462043657
42099,336.4655124123865
42100,385.3985434305696
42101,234.8029753346933
42102,298.40988559484583
42103,109.02160954500556
42104,370.0861112683564
42105,71.53679717397631
42106,370.3457882996913
42107,160.42246298797977
42108,211.32484816060278
42109,320.77833122215145
42110,169.06565459033874
42111,139.45591668309092
42112,356.06905010433934
42113,129.9821768139925
42114,317.0317762587533
42115,223.22013795836156
42116,155.75019953888017
42117,266.3775725246551
42118,213.307365621561
42119,170.0448150182481
42120,326.93270882188335
42121,322.17509352207696
42122,392.37119562433406
42123,214.38410521643448
42124,447.0701584505821
42125,145.7911553028139
42126,205.85112819938607
42127,186.92621048270735
42128,150.31704351633283
42129,141.60913163680024
42130,136.7495459946933
42131,534.3382293858027
42132,382.45639958424863
42133,141.37175355348492
42134,407.8779364416479
42135,105.3171575736209
42136,221.90975110368413
42137,117.05560278518966
42138,222.83987772528275
42139,116.86933681064293
42140,218.08580040764926
42141,220.28526510813683
42142,93.40229312104238
42143,90.83266785826594
42144,94.55203816613678
42145,145.29643496308677
42146,575.0462291948359
42147,142.59039371665136
42148,118.12078184132187
42149,273.843034074796
42150,89.10047449128845
42151,193.06347019332185
42152,362.30908121540864
42153,93.74387216163619
42154,193.25780830125655
42155,2043.9748488625096
42156,385.4672134641537
42157,122.58472260016998
42158,180.55327386491786
42159,118.97854086320763
42160,289.1303442828038
42161,401.9214182518102
42162,186.33986880357486
42163,470.4360598399328
42164,726.533434480133
42165,97.5773671311675
42166,625.5121506320158
42167,516.2523285136399
42168,451.79855944415135
42169,716.6219356529336
42170,304.3696879071724
42171,212.39045302351775
42172,156.6541869800114
42173,173.3220689449092
42174,188.24643141700184
42175,525.3743763925146
42176,450.23950881000786
42177,134.78237409667057
42178,607.312056978552
42179,146.0321967653295
42180,320.910767937067
42181,228.67522087919127
42182,330.86625678080145
42183,226.2641485018423
42184,253.3672864051193
42185,432.6310527820699
42186,217.81707713476652
42187,130.65841574459012
42188,213.55843472628717
42189,216.68347627164835
42190,352.781495199777
42191,293.86386179707915
42192,213.77506502930447
42193,132.13256396283634
42194,161.33545085767508
42195,716.4393229019292
42196,188.7033271347158
42197,202.73333997772124
42198,202.02855194707553
42199,232.78226505480515
42200,204.83637987353373
42201,777.6902100131729
42202,132.76959811591598
42203,263.3698875068727
42204,112.14224480021677
42205,181.1272453519386
42206,144.75611600554697
42207,824.3419378346201
42208,253.4924424187026
42209,159.46208370850772
42210,633.6018930050592
42211,129.95472922756574
42212,259.0045843867954
42213,383.9287924645612
42214,412.34919330116634
42215,219.88520683801846
42216,176.1622665817059
42217,186.56015864245234
42218,85.66014663483772
42219,215.02133578384473
42220,248.24948848256494
42221,184.46375948335395
42222,208.21358191263752
42223,135.21628509078505
42224,168.921096157956
42225,169.31651645566365
42226,153.14389475131512
42227,178.36025116175594
42228,428.0658848514006
42229,148.93012856296593
42230,373.9058170380522
42231,281.70695343571157
42232,96.2082166322874
42233,78.46037594006393
42234,408.02425229267874
42235,338.4716244088444
42236,231.06430178309205
42237,160.28456128398062
42238,161.5801898816711
42239,257.76136618322823
42240,243.07451502804247
42241,129.98192675268493
42242,208.29911880096216
42243,90.16706690804394
42244,389.0703576146159
42245,234.27046401489508
42246,298.41922249154663
42247,1122.0727601488106
42248,198.09891127864668
42249,166.53841800180612
42250,202.6627068321111
42251,108.25366661477855
42252,136.83458567946025
42253,189.905302442443
42254,321.3998137294914
42255,195.40115778911866
42256,190.47348095787692
42257,181.3225043996211
42258,150.14956021424476
42259,229.96619374590705
42260,123.97865579177972
42261,97.28172998688352
42262,370.1529504471969
42263,175.7124098061942
42264,205.8555694101948
42265,179.9891453993431
42266,122.24313825057192
42267,108.52360353420886
42268,328.5021732589896
42269,140.52471795118316
42270,352.99867290474305
42271,203.44766405566946
42272,342.5139978424798
42273,240.86719479499888
42274,149.86836723035444
42275,218.92405098450342
42276,319.00215262909904
42277,301.32263541561827
42278,319.9565751528276
42279,187.37528981421963
42280,196.39703739770445
42281,155.47268419684323
42282,61.357694982010834
42283,166.7014251568931
42284,612.3841657048299
42285,250.7036176414863
42286,764.9358844230038
42287,386.07372712620406
42288,371.5578203228714
42289,451.1599333159696
42290,114.2223050984424
42291,295.2095485112237
42292,352.74311273112517
42293,181.0203875770188
42294,101.26400275355847
42295,168.30747124562907
42296,199.0815419124865
42297,276.61945190346887
42298,218.05891563197423
42299,61.80377176185342
42300,200.54806772989156
42301,290.76337394565223
42302,413.55641154905845
42303,279.41249516127647
42304,203.1553814484059
42305,131.92342503951176
42306,145.50469434141445
42307,257.156233661263
42308,298.42320233215423
42309,264.5275994931564
42310,161.61413210495922
42311,213.65880215625887
42312,604.5700325702794
42313,547.3273059027546
42314,342.86464564420135
42315,478.08963921259306
42316,225.22586486221223
42317,231.00047613199132
42318,161.7900331293061
42319,713.0155291617218
42320,775.7512992552597
42321,406.39711485555586
42322,811.883835090304
42323,474.4419929170667
42324,396.3641105061323
42325,238.0957007264156
42326,231.80784657887375
42327,230.83464030621556
42328,285.3469880417665
42329,284.9705362644961
42330,120.50382505681401
42331,113.33882592982636
42332,174.21896449993568
42333,330.6664844887588
42334,136.55845241621824
42335,480.15335768897546
42336,257.1262904133431
42337,103.81319013421894
42338,140.81008110542646
42339,198.16233357268055
42340,144.81066232528676
42341,1158.990095080992
42342,158.52912188032965
42343,435.873336470668
42344,118.29753585666515
42345,274.6116279672593
42346,128.70476935202797
42347,186.21078038938842
42348,351.81160283442387
42349,211.33187208276846
42350,146.52917396647405
42351,199.07005670336906
42352,342.3854174776445
42353,162.33497280844932
42354,279.3931680194162
42355,146.83711173633617
42356,244.99152983649185
42357,92.93748959745885
42358,237.0907231516285
42359,277.26410671770236
42360,86.1679534279068
42361,172.53947316856937
42362,345.6249050324492
42363,195.20591839761192
42364,229.86301073830353
42365,208.0992053452328
42366,694.3739642917071
42367,204.94828991598507
42368,309.39537181300057
42369,340.85384518827084
42370,114.06862768101779
42371,202.9232076782385
42372,340.79117554396817
42373,320.34991969913153
42374,337.50187625915555
42375,279.70693132847646
42376,187.53562655248305
42377,409.1266899185673
42378,544.3047253059797
42379,290.11537914882166
42380,282.6046860149395
42381,199.98381806280295
42382,179.30873437765027
42383,212.8962117694188
42384,146.23857998696286
42385,136.55400723267564
42386,249.74676075834296
42387,324.82538422323313
42388,200.35121339926886
42389,218.16110645876864
42390,193.32440350026428
42391,164.59446646819848
42392,192.9311869876213
42393,404.23452739058524
42394,339.1485821397624
42395,322.8732705444733
42396,82.95195575826858
42397,144.77244362137364
42398,383.5960287025374
42399,506.51298606475603
42400,651.0281203989647
42401,661.2979742636372
42402,128.84244841073502
42403,378.51728276553683
42404,339.6264137951148
42405,354.51632857120705
42406,768.7964839382175
42407,232.90046665029377
42408,193.8745523272733
42409,175.1174210206006
42410,127.7272788754409
42411,266.67511225842065
42412,599.5103253106132
42413,209.70560341640171
42414,165.96739121701899
42415,350.39296081551277
42416,484.7055357693841
42417,196.28499794930394
42418,135.14094363193612
42419,195.98679410534763
42420,253.94501685659932
42421,221.62296118840217
42422,276.18468564600266
42423,234.4029251699923
42424,251.14187616527101
42425,759.5967564550967
42426,292.4992220007401
42427,290.97510791432734
42428,185.32178597121822
42429,152.6944457316868
42430,635.34030877547
42431,226.76321361024776
42432,207.91657601356667
42433,255.2089743668685
42434,133.43746441514406
42435,265.5988564281183
42436,82.4205465960439
42437,122.12634781947268
42438,563.2887939929183
42439,289.7724382167431
42440,179.18060965896265
42441,115.23649534600696
42442,266.8833558510284
42443,572.5144118601504
42444,157.943351534655
42445,160.78838487936056
42446,321.25887485186996
42447,129.19129400514697
42448,439.6720429774868
42449,277.58437128624456
42450,351.52278205627834
42451,214.34763212441808
42452,209.15927695513068
42453,650.4079390632489
42454,414.9522819207995
42455,320.2308651054502
42456,243.13000973950346
42457,115.02120613618501
42458,282.9664768373214
42459,121.1148610240748
42460,1388.2690843452397
42461,116.81982171731993
42462,131.01623732063854
42463,122.06513989125084
42464,238.12676864881925
42465,133.4652088675398
42466,160.06903710841135
42467,183.62908707792286
42468,300.86398123511833
42469,463.7866683001198
42470,258.419512530362
42471,79.43700815501684
42472,170.8830230583212
42473,228.98152655255092
42474,134.81682400181273
42475,267.05540617263784
42476,344.71599246172167
42477,631.1304598559443
42478,165.13722429786833
42479,1331.425393039413
42480,206.96776749233393
42481,178.8768044299563
42482,182.95956598359385
42483,615.9534732540891
42484,198.82828822754138
42485,719.5142589927706
42486,227.6239326459715
42487,275.5652011063368
42488,168.64945044694065
42489,157.55288067745587
42490,198.14232802896487
42491,137.72335914548052
42492,209.79534310630265
42493,271.7715219132909
42494,255.13674756228866
42495,272.83877716976184
42496,327.0032202088107
42497,144.2621986982004
42498,1118.581122600278
42499,223.87664673807996
42500,265.46926299231836
42501,403.29590080350476
42502,375.3245387156443
42503,170.7980766915034
42504,301.06054541433787
42505,452.4998365688905
42506,182.3886374591679
42507,338.4047500794514
42508,201.31931852378614
42509,130.4909977816421
42510,196.51979563817704
42511,303.8232329181912
42512,720.3609302541645
42513,793.2533935679584
42514,324.82404551568897
42515,366.7240745218123
42516,326.9350829922806
42517,1062.214378463636
42518,253.2926875597659
42519,185.20047563504835
42520,186.9964262048505
42521,105.10999887527721
42522,239.62375773374927
42523,93.87139214939945
42524,443.0788480983533
42525,253.09980786967287
42526,556.6664569123405
42527,301.22818637340663
42528,184.5395061701043
42529,200.5215556772846
42530,306.3167724371941
42531,227.3332771044912
42532,304.71768987523023
42533,149.9777174534781
42534,412.1286894964805
42535,123.19567436086987
42536,418.98928551348286
42537,274.8171783204739
42538,132.35013456151842
42539,154.6918604653852
42540,343.09262975472336
42541,393.7236044453256
42542,296.4627317086753
42543,443.2713006537369
42544,333.00607844241375
42545,147.39343959875004
42546,319.3492978266345
42547,258.10307301610067
42548,126.19617215709019
42549,228.52528450423887
42550,175.97167591346238
42551,226.2594687965021
42552,255.26186134180492
42553,155.15308066651218
42554,255.35104435202823
42555,235.31127094384485
42556,250.1076825343865
42557,119.69673982411415
42558,241.8090870265268
42559,329.1013218145312
42560,214.04579403620275
42561,597.7403542107825
42562,252.90813853114707
42563,432.4262607771935
42564,177.1814406843991
42565,434.8393377031449
42566,170.82145799428818
42567,329.50124029931095
42568,90.15396157948096
42569,577.543341458597
42570,216.54823898434398
42571,312.1043378694435
42572,224.56573335494596
42573,83.75766508397267
42574,295.670142539056
42575,181.2668549090825
42576,145.2476810689657
42577,115.69074645954754
42578,284.4090372614996
42579,580.2176711491796
42580,106.46175226641134
42581,257.9044590180015
42582,178.58088278597455
42583,318.6125919835442
42584,1430.496645479891
42585,167.35255096141077
42586,304.79832079857556
42587,276.75996243331247
42588,69.91606207226647
42589,255.0321008863375
42590,114.25613462261988
42591,194.0710966523927
42592,164.3495059515808
42593,202.55379645939314
42594,183.8125644263229
42595,157.55424331648163
42596,688.4134732223554
42597,150.6757226549306
42598,170.03946561659092
42599,249.42011917680236
42600,124.03574270581956
42601,227.7622126183932
42602,208.18738497216205
42603,209.32507755484832
42604,218.1401234129802
42605,243.2337640399879
42606,496.4517125056655
42607,172.9767481212849
42608,105.90725995542707
42609,266.49800703464956
42610,219.17754136045497
42611,693.646534796731
42612,266.49253058919027
42613,349.1432776765888
42614,197.95721707513297
42615,180.82472793596392
42616,259.99582687540675
42617,403.0043315060126
42618,610.0908941447912
42619,296.7229560951678
42620,299.45508101562825
42621,116.51107587140744
42622,142.12330875754498
42623,252.01554603838724
42624,704.406547576488
42625,651.5264236895559
42626,316.63926174696604
42627,121.43549804285281
42628,359.57423577647717
42629,179.70587707244215
42630,199.96368215672126
42631,447.22857285830077
42632,232.63965912447665
42633,87.15027874940715
42634,211.9360451344303
42635,763.7055393562966
42636,124.19855497675663
42637,190.41669541984837
42638,168.1287863555623
42639,223.0204799837353
42640,221.42508350437532
42641,184.13461215122456
42642,134.93283126267985
42643,108.73540294006331
42644,129.62394408240323
42645,635.5659552109698
42646,310.7482486597982
42647,258.99022861512265
42648,338.58684079720865
42649,703.0184607926133
42650,121.76416725036827
42651,159.7264554108164
42652,93.77820798626908
42653,160.28393089647267
42654,109.3187309090816
42655,138.74830509346634
42656,174.1264997618869
42657,92.68972589320848
42658,450.38173196647665
42659,162.99645734370785
42660,648.7417678791033
42661,200.85801019900617
42662,315.2277263760742
42663,184.4308849291572
42664,171.52043503686443
42665,196.12462958758172
42666,709.2614389732511
42667,307.10469636168114
42668,152.38912389869532
42669,232.00088307517404
42670,160.69600452962524
42671,113.13149120215182
42672,413.26014245372795
42673,465.7018987658959
42674,182.06893816561373
42675,235.92759443508726
42676,439.8519075741595
42677,366.6843590742152
42678,171.12337208601485
42679,276.7303407389152
42680,987.1690658835183
42681,154.03274469870382
42682,137.35579799215955
42683,119.43240542757404
42684,189.11005144526183
42685,195.51478635329568
42686,168.88612772944697
42687,184.03565765551403
42688,49.30196702742384
42689,900.7141677955369
42690,84.59186223893204
42691,185.18615496217305
42692,740.0606843835357
42693,275.6944790442466
42694,1021.9834676474138
42695,384.8384321152937
42696,397.329889313979
42697,181.89234338713155
42698,147.92663448382382
42699,189.544384633683
42700,188.47969341406034
42701,246.8632056865437
42702,293.2255138004532
42703,275.2148746938535
42704,251.7557020796013
42705,76.46988681151508
42706,194.09364021434064
42707,423.9001409003922
42708,581.8487782690345
42709,87.61083699591978
42710,184.60869731537514
42711,333.5394314806071
42712,257.23383164498523
42713,127.69757003179905
42714,119.99637946385499
42715,200.46981522170822
42716,318.54841245796996
42717,201.35621730679773
42718,378.2420512405399
42719,307.2088762405299
42720,260.8380984023885
42721,243.02599472568605
42722,182.71125588424837
42723,209.8844133390829
42724,245.80217205783092
42725,437.9273859973845
42726,510.4031949873872
42727,318.50006643820666
42728,129.02954902853173
42729,251.97098640627712
42730,874.9124682211777
42731,277.9389392072404
42732,379.12201812026046
42733,122.52178478026448
42734,161.96780437748532
42735,228.4850131394431
42736,389.0381112052552
42737,136.74020437181014
42738,149.40884863764683
42739,371.0130500027172
42740,383.52625172306364
42741,301.75160531991014
42742,297.0360384853994
42743,264.1741493938064
42744,127.11448592491911
42745,612.5318685707699
42746,183.1008231438162
42747,164.84777038319407
42748,235.93863186191905
42749,234.27148896277393
42750,230.44947422774501
42751,135.2256684556209
42752,198.2663765115733
42753,448.49177601431734
42754,397.386764429021
42755,249.27462631094224
42756,306.15762880531986
42757,270.2256644905683
42758,172.26652488941068
42759,140.5482708265487
42760,864.6695327152795
42761,336.5626241489563
42762,310.0171528665538
42763,435.20521324978415
42764,378.8397667394589
42765,134.0217262230392
42766,279.68563207626624
42767,164.47372101782335
42768,800.9595219096276
42769,393.8423715006681
42770,253.28181972634917
42771,270.48518307844074
42772,109.2109544213966
42773,304.8980203451461
42774,645.8921738280537
42775,524.898270559986
42776,239.8556979415174
42777,318.9746341194632
42778,144.57214901591308
42779,533.6288928428296
42780,254.1708293967929
42781,187.60051995007316
42782,622.5501138442215
42783,190.17991651763361
42784,209.68848471998066
42785,224.18641031575214
42786,111.85815915465035
42787,195.77552238519456
42788,263.1732668855841
42789,180.42622450555933
42790,260.93471954025824
42791,218.59225351796917
42792,346.74201405485644
42793,646.1659223586738
42794,169.32350205830718
42795,491.407134038558
42796,217.43174087292195
42797,280.6824803164669
42798,241.5237740048401
42799,176.87090348050202
42800,94.53676446195561
42801,299.3040166955741
42802,220.57617990910313
42803,427.3036834958849
42804,232.52900018944484
42805,581.972404602634
42806,303.2844534887049
42807,199.2976390248248
42808,152.6302858346133
42809,155.84281641159689
42810,259.89979010567413
42811,239.19457505405492
42812,203.6642693277542
42813,126.60198547273198
42814,136.3174840642659
42815,793.3613584873098
42816,103.62273928655074
42817,191.99164694338126
42818,147.4048284356887
42819,269.23682489986436
42820,179.0929544327459
42821,138.7119617340644
42822,299.94627447352804
42823,83.84887561385857
42824,138.987204008236
42825,150.86633866748505
42826,897.3197340916482
42827,149.78957498276725
42828,467.07949757841504
42829,130.22741836670838
42830,88.95321463187904
42831,220.4667608747442
42832,453.91452122168414
42833,1561.4267216581734
42834,179.23326308025443
42835,230.7940711996029
42836,672.0287992409908
42837,109.90484705706072
42838,1180.609757845365
42839,126.50169357951206
42840,173.24715901550266
42841,272.59035256783534
42842,203.86577555635648
42843,302.1945136202845
42844,303.29878143864477
42845,332.7864032341594
42846,201.49411236367868
42847,521.4631384438886
42848,144.9014983250237
42849,360.05995179431045
42850,706.9622201119419
42851,176.99660493110437
42852,347.51749275129316
42853,243.1964349132269
42854,136.1901440741696
42855,221.66543366771256
42856,113.47131905129693
42857,310.53660910186727
42858,151.23158089956857
42859,250.3563081592807
42860,283.38770978936327
42861,192.9545169024822
42862,156.54757010538142
42863,515.2382487749937
42864,212.24891177261551
42865,416.0564600618425
42866,165.31684827464954
42867,154.50408487889618
42868,503.36145379917787
42869,185.4625993719718
42870,204.691284958595
42871,243.54231382233985
42872,416.6134011556321
42873,126.01916568208198
42874,139.37455372451785
42875,341.06355437711886
42876,186.08203735891232
42877,412.48432428444136
42878,153.5731606362031
42879,141.65599407713174
42880,194.78289901373915
42881,324.30499787315443
42882,347.55741390148216
42883,283.0358567903294
42884,254.31851517830714
42885,486.898162519769
42886,618.7984177077867
42887,147.84738498854858
42888,122.76904766459762
42889,254.83754528114437
42890,236.25376532645163
42891,114.71510949647745
42892,433.63308906810903
42893,150.2186974745244
42894,207.97276609287601
42895,126.95714802989743
42896,143.75273844221846
42897,163.3912393013411
42898,219.07273841821498
42899,198.4117815204177
42900,167.56371825074885
42901,128.78745593768133
42902,158.58757214395155
42903,579.2263219254396
42904,238.41525014932003
42905,167.9819518309667
42906,175.7826459573897
42907,756.8011254248325
42908,205.05676532349463
42909,292.7371344731057
42910,355.6032367958881
42911,84.74100901740232
42912,162.37390492862602
42913,260.3983209191225
42914,195.57826302304338
42915,1116.9648374870258
42916,380.8826452821877
42917,120.13051086037628
42918,288.339484350298
42919,194.30015745221422
42920,190.90253149797928
42921,195.7234552385178
42922,162.31561428510113
42923,199.2542880972605
42924,212.25334088264563
42925,256.73068196659426
42926,132.81652042899077
42927,185.3024962286988
42928,213.73436041084415
42929,187.77207865582935
42930,115.74181452654979
42931,432.6040628503645
42932,678.3445747714317
42933,310.75682029467566
42934,459.0679051141622
42935,524.4447466160339
42936,406.0417236873593
42937,188.30723326018133
42938,423.51375616635505
42939,86.13990546196295
42940,305.0868070297314
42941,73.9533188037105
42942,379.16765468364395
42943,232.0528399207516
42944,599.7677753032025
42945,280.6991992960537
42946,352.97832203025814
42947,121.94911626715057
42948,285.53370091490007
42949,159.1659346236088
42950,460.27653451869116
42951,181.9663813397855
42952,250.19583075518483
42953,347.44662895966053
42954,270.42826004440775
42955,268.17167644765084
42956,460.1756666516666
42957,288.274196714114
42958,319.45441531891805
42959,177.312313606414
42960,213.62019834268858
42961,200.60036217965995
42962,301.94947013564223
42963,534.0059518751716
42964,412.6712900325799
42965,280.5173718686069
42966,65.65034846132588
42967,192.61481982535557
42968,213.46543408323473
42969,127.63742936415376
42970,141.14634506444986
42971,265.5674290092584
42972,198.6932833531668
42973,232.76827078214617
42974,474.57578923106183
42975,378.2558634626489
42976,170.06370116738188
42977,320.6701865003686
42978,284.0240738686254
42979,247.76827677078614
42980,310.8053518072483
42981,267.0055099299342
42982,119.8076563368807
42983,283.4377879318271
42984,210.2710018149808
42985,268.24098218243637
42986,240.63628238489943
42987,229.65229075241598
42988,409.87131142661394
42989,303.74067050347946
42990,143.45987439328331
42991,771.9677630016965
42992,497.1825284912758
42993,170.70075079629623
42994,533.7822323331225
42995,176.33028022662913
42996,347.28640464637056
42997,118.23726370581831
42998,126.06750134744193
42999,318.41360875584905
43000,323.58739648187895
43001,392.69215865960945
43002,643.9785608688528
43003,876.0155016079909
43004,213.32359610827257
43005,129.35163248282026
43006,251.68857745503558
43007,282.35707115318485
43008,234.49934071862128
43009,99.90166786432707
43010,216.32560122098022
43011,388.69810246079345
43012,261.1375801655976
43013,118.07015932880834
43014,173.99576828948776
43015,470.9776861622291
43016,164.80661823318297
43017,383.43971143723746
43018,608.2959042004873
43019,379.7507250787122
43020,894.6588198420138
43021,176.5488824071058
43022,173.8253953333829
43023,358.38690200736914
43024,151.5753889245887
43025,259.5113222308694
43026,915.2368691219017
43027,538.5750725960636
43028,178.42467147197442
43029,423.98049194876467
43030,226.6536052002855
43031,295.6825070609374
43032,304.8599718025411
43033,138.34477855609745
43034,211.76715551753375
43035,168.00948932019463
43036,715.6474924747304
43037,248.99575619353192
43038,194.16097964061555
43039,398.4871409685725
43040,119.88487822192403
43041,234.68146459944577
43042,262.5985812904845
43043,356.7818813385327
43044,472.5985302388861
43045,174.00838209873737
43046,184.90115987918887
43047,225.41412971625186
43048,324.4057662621733
43049,128.4101607253304
43050,182.05251404354593
43051,343.48260027023315
43052,254.98935656493813
43053,164.33302006291203
43054,233.95154783296465
43055,122.35603618019398
43056,153.57772214004981
43057,131.19662840546022
43058,126.35299641495153
43059,134.83878690374695
43060,343.03001473345716
43061,323.72580104495717
43062,210.98483671251378
43063,576.676795168989
43064,246.91026473088132
43065,1210.888700746329
43066,201.3963712339354
43067,238.8205061891187
43068,290.45785586208603
43069,301.2173279147842
43070,164.1301419151265
43071,188.96737256754628
43072,199.24027019892924
43073,249.9207390101308
43074,375.01195986426217
43075,365.1252630190534
43076,1246.7055596638584
43077,179.50251403005413
43078,420.22181041866554
43079,229.40085571978395
43080,112.97647917932956
43081,228.0579193751794
43082,516.4418692283003
43083,288.9668126210314
43084,182.3120551802336
43085,246.98706637562958
43086,435.326220906906
43087,75.30265594011485
43088,207.64015730400718
43089,329.91041924765284
43090,137.94828873633062
43091,120.4702728419278
43092,202.63240563515677
43093,443.7084802293648
43094,103.94777573113143
43095,684.7626952560427
43096,242.3356448244203
43097,206.28681889236927
43098,204.63291161746662
43099,126.64452864076688
43100,169.8177006374818
43101,141.80050000297896
43102,330.8584270433755
43103,226.14075754035903
43104,166.24509897331257
43105,249.11870612869276
43106,295.08596347049723
43107,246.85164024179727
43108,112.35570707520941
43109,121.56826292587792
43110,297.53707633399654
43111,282.22590213841715
43112,456.0797891753381
43113,430.6362332323487
43114,53.2578223330838
43115,272.66980162713355
43116,163.88983779183573
43117,105.10381145685226
43118,331.1875899744559
43119,582.5408056142046
43120,110.54215217490571
43121,607.6688296885795
43122,243.192619750739
43123,171.65508998310568
43124,415.43843700065
43125,269.0122200849328
43126,475.46294119761353
43127,335.6578644699266
43128,75.9651647402367
43129,425.1984874217101
43130,181.36322458938662
43131,132.20568253849675
43132,136.39789158089638
43133,147.83412846132623
43134,85.97515295756241
43135,222.07205240923977
43136,660.7321056282545
43137,144.8003792013567
43138,164.789788082123
43139,359.7389566009036
43140,246.48036977014397
43141,223.82210244930886
43142,273.7647582718994
43143,100.52467197122223
43144,476.8421283564877
43145,299.3861434852721
43146,463.02003052023144
43147,239.0628280073873
43148,307.3327983259438
43149,179.19708948267885
43150,195.01186418882415
43151,187.9554591311384
43152,129.21178741059327
43153,272.8631873076844
43154,113.14789673825973
43155,770.073132184824
43156,173.72216257802432
43157,112.08423703372269
43158,91.17226652664456
43159,212.835026560597
43160,85.57445456296179
43161,156.16631787705822
43162,296.9607216849221
43163,529.59148940977
43164,265.82734992383234
43165,221.62137286511037
43166,291.4560779881873
43167,307.8147809443591
43168,198.2439977730259
43169,283.17467788115863
43170,217.13770268640636
43171,117.68575253079
43172,345.3983773780644
43173,163.78900326015778
43174,152.95866062529814
43175,118.24867251042392
43176,603.4057926366247
43177,96.4104551663217
43178,100.33424277018302
43179,447.45270547083396
43180,151.20593430488594
43181,168.69949537110017
43182,102.3041656653369
43183,206.60079797895398
43184,330.80782936915125
43185,187.13273990905603
43186,248.71635134476662
43187,174.69059260704006
43188,243.72038919752194
43189,319.07083205537276
43190,290.03433189429796
43191,506.4028500705906
43192,204.52228256558016
43193,211.56572590766098
43194,230.41883278945073
43195,168.8482193730772
43196,209.23062444875217
43197,273.63662412229655
43198,199.05487199082575
43199,269.7062487194311
43200,184.03062074922806
43201,1098.9882789369508
43202,146.7401862874535
43203,377.3043595767002
43204,503.4163781691701
43205,162.31965859142002
43206,202.6796570594066
43207,75.87831793919428
43208,1436.7485514607379
43209,287.5773356095558
43210,161.41893247241666
43211,116.5025421564984
43212,187.4750005469852
43213,166.51718594436983
43214,86.15427047132057
43215,203.49953882847683
43216,523.9995186880622
43217,589.9523534692901
43218,141.56816027809288
43219,324.0977450414923
43220,529.5306110242736
43221,473.8362294110418
43222,130.5767310703103
43223,89.20229002304951
43224,173.8359739247142
43225,111.97138838272686
43226,236.6455090981487
43227,263.43290222274584
43228,141.53069491347125
43229,220.89102906248874
43230,242.20225766942406
43231,148.4075456482096
43232,585.8547535170106
43233,189.937696081621
43234,774.0259076417631
43235,213.93555056507762
43236,273.13130756146916
43237,318.53073208683793
43238,202.60422492744712
43239,144.07847297544055
43240,647.8529441382458
43241,591.8877394922874
43242,263.0897537006748
43243,266.1712612360371
43244,178.41750192995323
43245,311.21657364696296
43246,484.9149600371675
43247,146.53562478811526
43248,484.45152835620945
43249,1156.1642412303017
43250,168.5620660144017
43251,434.03669438666725
43252,515.6516487116887
43253,209.89074630451628
43254,444.2685357032683
43255,268.30260649481227
43256,210.71357984751177
43257,255.244105496921
43258,355.7298611269862
43259,171.99114992570478
43260,112.86236334763906
43261,175.0903355476548
43262,176.34446555932973
43263,461.8490430606156
43264,411.00853450646264
43265,217.8032744268188
43266,49.50996743688388
43267,138.4576956437519
43268,351.67282667074124
43269,284.0053042365346
43270,282.94067392512704
43271,341.43586533042526
43272,914.6738600264371
43273,272.8293291025111
43274,112.9125234314524
43275,674.6703386310505
43276,107.03391729507749
43277,239.4364894142338
43278,133.21936598166744
43279,266.06668450950764
43280,176.7019710367695
43281,402.4199532356156
43282,214.85667202619564
43283,112.9144322586909
43284,107.58172829668896
43285,182.0456485247038
43286,133.70648394545344
43287,187.13026241067706
43288,32.35814316158131
43289,151.60166592933402
43290,201.4065799248874
43291,390.8260261860644
43292,959.9911399356719
43293,169.45008339131496
43294,222.38020692094372
43295,212.19937776857276
43296,258.04019022331
43297,575.6466241095492
43298,322.9486202852007
43299,555.4718163348151
43300,217.7083733301204
43301,310.5363753840119
43302,326.72589350626754
43303,194.29251971746444
43304,310.3671274738816
43305,283.34173798937434
43306,246.62859825669779
43307,235.14670371816504
43308,166.11930601260022
43309,143.24565345991698
43310,222.1610450608577
43311,226.1925203544273
43312,191.83568580361262
43313,530.9011167730306
43314,405.08072491188625
43315,347.69139639244787
43316,244.30571978330326
43317,192.1990788233127
43318,216.5022679278434
43319,174.5008463794264
43320,46.7782691852776
43321,192.83877753974093
43322,695.567662032474
43323,286.1283814395464
43324,212.86518755596572
43325,136.16969230021002
43326,147.2812080451301
43327,256.1136519442821
43328,295.78014745044493
43329,290.2845846642565
43330,549.5051552589349
43331,233.4411637821508
43332,202.1010574863978
43333,87.83066591021773
43334,209.76140993964015
43335,95.27010175546235
43336,193.15216504823925
43337,141.46770840343527
43338,400.35798683718326
43339,146.31327960993272
43340,289.7713226531206
43341,198.41464135786813
43342,178.30527982533022
43343,191.98104549573705
43344,1518.8810854309436
43345,241.06956755719543
43346,208.40444603112275
43347,422.8947392707811
43348,103.58335475044547
43349,196.76300955294357
43350,137.76259615436516
43351,127.91636770122452
43352,171.73689964125023
43353,136.94925814620143
43354,344.69586471273874
43355,178.91222178727895
43356,305.46026208019475
43357,199.62823311636822
43358,378.6366948533456
43359,429.3134736762856
43360,29.47468387471933
43361,225.3604999230188
43362,72.4994977410331
43363,345.7683674201313
43364,127.6880784451258
43365,211.65213729214716
43366,328.6802778181063
43367,108.99243124795497
43368,200.8295668694215
43369,94.42957338520137
43370,766.7154978473471
43371,320.81258523836755
43372,279.5739846922802
43373,327.0251750997327
43374,236.69706858145602
43375,200.49210644201997
43376,97.63332447732597
43377,198.8619911601499
43378,86.9281268367686
43379,254.26270373208487
43380,323.68540748271727
43381,692.7668074478706
43382,339.16521395828914
43383,432.9118827739245
43384,175.82606632085827
43385,294.0226972514879
43386,504.2819732788597
43387,264.6261859813362
43388,226.67053396094423
43389,263.368186843334
43390,434.883578115203
43391,262.34573032789297
43392,491.51807627823564
43393,188.68085619181275
43394,147.04133886495336
43395,277.02842537302143
43396,221.64883176999555
43397,299.533915923618
43398,170.6517785588367
43399,257.54869712665334
43400,312.7204780642942
43401,141.43580085333804
43402,207.77382371348466
43403,391.44754661567356
43404,688.6753774983212
43405,119.66629271235053
43406,222.56850791298254
43407,152.65565986197686
43408,162.63984259095827
43409,650.7345160629878
43410,292.84781875810575
43411,563.4987248546136
43412,350.64573640575736
43413,178.37686945463204
43414,112.27496733475228
43415,329.84682540958994
43416,590.4726354147887
43417,380.95677690194896
43418,678.9697345043818
43419,216.28785936631598
43420,371.7129878631807
43421,115.89227974729023
43422,223.16524363098733
43423,96.47006188868436
43424,593.2127375667407
43425,188.7689747004141
43426,789.0754657346422
43427,114.84964127276936
43428,246.0551684947655
43429,233.05592500988078
43430,407.43934814150685
43431,140.66492188022224
43432,587.3352286641085
43433,443.8286440287094
43434,119.69721840679176
43435,210.45330967457704
43436,256.10968193605686
43437,383.0761405136598
43438,271.78879315735736
43439,168.61474523648113
43440,155.64605339379872
43441,481.0891157277342
43442,349.26298744555
43443,176.41183631100535
43444,267.3015003309373
43445,373.53144750171697
43446,227.7698557089488
43447,86.09751202577213
43448,144.5825415706298
43449,205.4287161151077
43450,237.44691439467402
43451,242.4650765609792
43452,141.5259274917443
43453,160.4450344539306
43454,281.4529630923917
43455,325.4903144180854
43456,116.79705156095238
43457,239.64913983321173
43458,327.035664282894
43459,137.45086589128888
43460,730.7872684470968
43461,92.23824384168978
43462,128.20970905999604
43463,156.18440545089686
43464,263.256837196756
43465,175.16637387744444
43466,269.79979980524996
43467,539.3378097729102
43468,151.7071940117645
43469,360.9483877322522
43470,199.15527263561205
43471,171.94604621356865
43472,391.4310868308311
43473,758.7982963328469
43474,791.5212640371567
43475,131.29902202174594
43476,183.62372037564333
43477,312.1618380162663
43478,202.72437483405588
43479,200.61741836598142
43480,203.24404041430037
43481,227.09297128951764
43482,203.54340699424216
43483,131.30528004140814
43484,104.97267686575249
43485,81.02227991113232
43486,334.40047754350485
43487,117.16405215966321
43488,249.15386573346268
43489,393.48576385973104
43490,271.10491570212145
43491,197.97139124125326
43492,126.86137448673219
43493,92.40525743581703
43494,240.38037495094105
43495,197.6723294141603
43496,265.854599338115
43497,173.2325232588295
43498,350.239392146455
43499,535.3865759419244
43500,286.34865316424765
43501,226.27255313098013
43502,375.87612828215816
43503,68.53033311122927
43504,162.67272369434104
43505,547.4805540023361
43506,352.0309090142632
43507,400.1206784363111
43508,196.80958441018112
43509,147.51899317520056
43510,536.3664190455568
43511,115.81223843156356
43512,191.83261106603422
43513,173.42796202768852
43514,250.80051103783427
43515,502.4160350195105
43516,299.7458212430373
43517,172.25986681265036
43518,327.5539218893832
43519,165.3735477489773
43520,271.3883704177101
43521,755.1140936422901
43522,511.00464391451993
43523,172.96123767107227
43524,-8.792561751517553
43525,118.88473371826076
43526,302.814050349919
43527,656.5277100814936
43528,1091.1317377939995
43529,223.81552858904917
43530,519.1657974905468
43531,354.9432123900114
43532,157.0196765668907
43533,215.40210416747908
43534,308.79436587878524
43535,1140.9468857953425
43536,224.91652223356758
43537,297.8871916032538
43538,1036.350841510291
43539,132.57950440196342
43540,337.24089094983947
43541,223.3398878776024
43542,359.2543462181369
43543,186.7413244800878
43544,279.02806708820316
43545,361.4548569152896
43546,76.46206449076224
43547,295.5837682765225
43548,631.7964313258084
43549,487.8530604410838
43550,182.40679483884145
43551,396.7377615401614
43552,229.61198866846058
43553,430.9580938322993
43554,204.1600350774218
43555,217.01572709634857
43556,1425.341105161087
43557,617.9804516087498
43558,334.4058147142546
43559,223.76919719322586
43560,175.82646028849393
43561,384.07524050649926
43562,296.2699670273105
43563,148.72223359129538
43564,911.5131298861444
43565,210.96403407668458
43566,381.82714679531466
43567,308.0990485213481
43568,206.4192380388743
43569,243.1962897475804
43570,398.013157924389
43571,208.41468980253538
43572,257.1897352594441
43573,301.6512702475205
43574,420.1196127437898
43575,200.21110862076407
43576,95.25200821239144
43577,729.1138284554495
43578,250.64521919403487
43579,177.33757551957774
43580,217.8832976394671
43581,154.50809997505195
43582,139.8345824348282
43583,367.7185127586856
43584,94.14526311037453
43585,96.44193166563674
43586,163.35169503029232
43587,252.63183225738666
43588,463.0707780327499
43589,204.465450351564
43590,568.9430680278003
43591,249.0635034172895
43592,291.49248941750477
43593,124.64003861377954
43594,103.69010377071642
43595,410.07775568667626
43596,283.97319565715884
43597,221.10288418515108
43598,215.35524229900915
43599,186.1873632870158
43600,240.4423714597071
43601,143.796344259774
43602,526.5120469347211
43603,114.11117588307754
43604,161.3439011186709
43605,147.19056618629648
43606,221.07392775621292
43607,465.3446157999804
43608,123.9052229882373
43609,78.22879643749371
43610,57.144649070413955
43611,104.22070896302743
43612,306.8222985037644
43613,195.63740420036737
43614,403.1385566624544
43615,284.9872170133828
43616,802.3939079641221
43617,290.10777894586784
43618,233.11457512136093
43619,253.4021685758475
43620,151.26797921409744
43621,197.92834291365102
43622,275.12710022862075
43623,453.3784387711226
43624,451.0977492259089
43625,619.2709694904075
43626,137.94118465728263
43627,329.7782913429221
43628,149.29336414080709
43629,130.22357185441882
43630,426.3445312946807
43631,225.42357881899724
43632,138.44911806701958
43633,223.37272337757602
43634,347.2721094718077
43635,179.6128575326628
43636,151.22624573453825
43637,390.88946969556133
43638,260.11085871906823
43639,305.57069342652187
43640,214.6804522784686
43641,155.47036001465312
43642,445.5224387842304
43643,194.8594137734892
43644,273.2144080062503
43645,236.9882036429709
43646,178.82435396469484
43647,424.94000675248265
43648,399.3458336985984
43649,158.09277355473995
43650,218.0886739809018
43651,118.91564848072132
43652,543.7635821934438
43653,442.7851489042994
43654,269.7509983870314
43655,322.98539633608766
43656,206.4620235670726
43657,170.9804357194253
43658,657.9534778607888
43659,124.39122383047858
43660,184.51220170251162
43661,248.92675549767404
43662,178.35909831019748
43663,246.3582063592888
43664,145.4108459696708
43665,177.1623077389469
43666,282.7232207523006
43667,311.9740479511326
43668,280.64744361773637
43669,167.03400426946084
43670,542.3881594407055
43671,522.3837802826864
43672,231.03989185831867
43673,283.0054914892578
43674,1058.8712999638115
43675,245.46889472073002
43676,133.50711674457511
43677,848.6345957724357
43678,163.71637967048133
43679,314.1307444589586
43680,339.46189236480734
43681,106.89382462507649
43682,110.84019203462087
43683,273.2890416663436
43684,132.5646949831735
43685,190.25791874776615
43686,226.2423488642679
43687,145.6355938984351
43688,1052.39086476566
43689,387.4094142035292
43690,325.89001135568896
43691,389.0503725111154
43692,385.62003224602404
43693,143.81921481525757
43694,150.41279685041286
43695,335.7557594290458
43696,475.3905982877314
43697,258.2369483108461
43698,193.64159114550796
43699,398.1821815249986
43700,223.57355333539584
43701,95.34105706845752
43702,89.5330198600749
43703,374.89766059307726
43704,529.2183545413427
43705,322.1425547394659
43706,449.49521840576745
43707,248.78745165371004
43708,221.18447266477742
43709,298.0122076400945
43710,512.8911150928059
43711,257.0540430760801
43712,412.31473018818645
43713,146.21014159800166
43714,199.7855548232131
43715,165.6930790684048
43716,201.80609330561745
43717,233.39605281359943
43718,140.55936533843766
43719,166.42530926205558
43720,319.2930022980663
43721,191.97889932822127
43722,275.5285686204944
43723,93.01943127162943
43724,199.90106728861255
43725,511.44412009888515
43726,295.9531404810297
43727,225.1745221175498
43728,251.47706203514355
43729,254.71271992466697
43730,493.37251326854033
43731,209.29307798952968
43732,220.07695845052203
43733,520.3082188038155
43734,381.62762247051
43735,304.84873931382697
43736,220.26903578181393
43737,257.0973762007168
43738,227.5904894555449
43739,146.57936539069303
43740,286.3144326554786
43741,161.20476651883376
43742,899.6554481707337
43743,643.4802409003883
43744,292.10977478660095
43745,167.636582109145
43746,343.40440491951574
43747,177.70448484986431
43748,316.9984303973381
43749,170.27895685773794
43750,200.0537092510087
43751,218.3848829134819
43752,259.3657102361907
43753,128.80577600379164
43754,69.80601993833935
43755,253.9950184210735
43756,149.0923292492212
43757,358.5303733378251
43758,482.2327751243915
43759,165.47785081321305
43760,64.11703435702495
43761,244.10329516944253
43762,139.40390668015604
43763,648.9930143945553
43764,370.1697776239457
43765,401.3072077333477
43766,174.23572465723893
43767,184.61466353099303
43768,315.4890205297645
43769,175.33572930230548
43770,675.0118533829195
43771,487.6089992600665
43772,286.5905621322685
43773,161.3741730441398
43774,253.19921315366346
43775,339.8806966667448
43776,383.89363949402383
43777,168.2441619414253
43778,691.868319564421
43779,361.5570184860332
43780,307.13462218403913
43781,137.8584571618106
43782,182.23305575329024
43783,269.11790989609784
43784,170.266048326143
43785,213.2397918700613
43786,176.72474070874233
43787,126.99270982246246
43788,266.3869995416468
43789,287.22504625482543
43790,113.57618665815507
43791,108.2935657856688
43792,195.25699312928714
43793,152.82803320805294
43794,157.1777387621075
43795,627.8050630581554
43796,210.25858458404673
43797,260.6607349440582
43798,699.2265809278144
43799,161.75801652099184
43800,798.2585281084773
43801,423.6455337044466
43802,564.9515572452733
43803,482.7746324752332
43804,264.8751190260728
43805,364.1446149363277
43806,160.57100615612114
43807,117.237023345046
43808,168.51336327656188
43809,670.7511363458158
43810,183.27144458121552
43811,182.3088312955287
43812,377.9013733249784
43813,265.2428566449901
43814,240.31700385962566
43815,239.0297709423646
43816,407.0889553981715
43817,168.9218051728244
43818,183.0053132018014
43819,159.08692143536365
43820,207.93103804123888
43821,189.23279308523317
43822,492.1342121920088
43823,427.9451668259501
43824,317.8423239512004
43825,222.58801469265842
43826,218.23664838033528
43827,971.1208368774666
43828,29.280252030815422
43829,217.09301638233575
43830,157.69781069860414
43831,230.06150768736325
43832,304.72908226273057
43833,135.96678336766266
43834,142.43154710898486
43835,173.70358316947127
43836,604.1369615806875
43837,109.09836594991668
43838,149.15253805538615
43839,211.56826233287381
43840,752.1922889245938
43841,365.260210926945
43842,134.0585190769625
43843,1607.6449816578424
43844,206.2555248227996
43845,184.11656790305724
43846,352.06016599740127
43847,305.910828750532
43848,536.9102293048246
43849,263.2549659886048
43850,296.5275969336983
43851,156.4453349795722
43852,265.0936507149336
43853,389.0690945107143
43854,540.190864293581
43855,235.28622963835477
43856,144.74726416811268
43857,552.0272136770678
43858,158.8587454503004
43859,698.2290790658408
43860,91.78783733593347
43861,286.73139938407706
43862,400.5314181933925
43863,1245.8929562320022
43864,261.3935757087845
43865,234.50658586066618
43866,188.32648617711143
43867,253.15314166001215
43868,413.33007203067024
43869,147.7513410759984
43870,402.9709082462194
43871,203.3228576544548
43872,165.40050494581126
43873,194.67754179426728
43874,314.56324095859577
43875,131.33733253119345
43876,493.1652029090557
43877,884.1818250019342
43878,292.4255251355545
43879,151.03071349247057
43880,518.8618899901794
43881,315.10569909709136
43882,189.36039146196677
43883,327.424531679236
43884,197.29537091655976
43885,208.29564348914775
43886,342.86120889875053
43887,359.96352168147746
43888,212.5467535640492
43889,222.23325766279515
43890,197.55427016712142
43891,290.30755615504813
43892,130.33946768643068
43893,208.83676359983437
43894,368.05330282514285
43895,428.26562647403046
43896,199.10564850458226
43897,203.6079963773009
43898,312.46043924634927
43899,175.24840141137773
43900,219.934470802224
43901,203.27470895989322
43902,189.58187989519215
43903,339.34806525365093
43904,548.7589701275858
43905,233.9165127250538
43906,144.28749322690922
43907,168.43748375158873
43908,168.2495173118226
43909,150.8748900723013
43910,243.99767766302497
43911,161.8954946335011
43912,141.04015281629097
43913,91.2778814772805
43914,233.98779579023906
43915,293.76600076978815
43916,179.08876713533346
43917,283.77164268530987
43918,188.74266788931607
43919,540.0023575319249
43920,184.77147576849944
43921,87.59602469883826
43922,331.71999767997625
43923,231.01628799468264
43924,140.38959438953495
43925,151.44835176633478
43926,361.8255433050034
43927,160.0924090805485
43928,331.46908830098505
43929,103.4131677029194
43930,246.5737378330846
43931,72.85863073163087
43932,294.18647376833513
43933,348.7036013017216
43934,189.15025974602204
43935,321.3519471695696
43936,890.1997427198183
43937,353.2295554908112
43938,193.13571038462834
43939,261.6441451778398
43940,278.95098399930805
43941,383.642949370367
43942,121.79049003816411
43943,349.38432157869124
43944,216.89263314310284
43945,134.33021780292358
43946,238.05925341402636
43947,234.26536583046652
43948,107.24015144221013
43949,960.0484787820002
43950,103.92293252163628
43951,165.5899636914918
43952,356.0579619177428
43953,230.31689365332707
43954,127.85411669478162
43955,649.1162906238013
43956,288.1464258836324
43957,350.505617709068
43958,263.99929809390386
43959,241.99411159848034
43960,532.1875077062725
43961,138.91532615615176
43962,220.6847070486378
43963,112.37065050757666
43964,349.9510797229615
43965,476.76782226687726
43966,299.03418653983954
43967,308.43081944640846
43968,177.2345152851531
43969,209.65312987686178
43970,375.7514308758887
43971,173.2952226107712
43972,771.2226569020778
43973,236.22208854921865
43974,177.67009480024072
43975,175.84489451337987
43976,146.84999006052573
43977,433.74929432405827
43978,228.05098119596883
43979,295.6686137314868
43980,308.1707330329076
43981,323.2349261501694
43982,349.85875759409026
43983,217.66348430483347
43984,613.6611905522137
43985,409.3531147105647
43986,96.16457457373421
43987,317.7519982048108
43988,218.6581282335612
43989,265.74917491393626
43990,480.3708438106588
43991,213.00192290613833
43992,178.61118785173582
43993,75.66456603520399
43994,108.01361662128373
43995,330.6945202252793
43996,198.87076752074472
43997,230.44766366990183
43998,303.6807028398183
43999,140.5315485040588
44000,303.55983510785734
44001,299.51837592931895
44002,167.02210314328752
44003,341.9888604710127
44004,567.105930141425
44005,399.3664477641614
44006,252.99761940438853
44007,394.7448570350166
44008,218.193296966588
44009,377.26790452790823
44010,153.80894540087908
44011,263.57934112589317
44012,235.4804215083274
44013,805.0666796116857
44014,264.8851682892706
44015,180.07833362473272
44016,475.0071353938356
44017,320.37132053443554
44018,193.8723190956465
44019,177.11332342799426
44020,98.18688524836332
44021,108.85799152917271
44022,1195.7726437100937
44023,139.7225317315135
44024,243.8874543016701
44025,207.87152842920554
44026,137.15226980164607
44027,522.3900625488421
44028,133.63804172696257
44029,391.51469264173284
44030,255.90460433353624
44031,364.6922252644856
44032,379.10679366628216
44033,608.6694942151872
44034,102.43487273017344
44035,166.97038474065275
44036,178.5883510894871
44037,53.81662592529227
44038,277.00236545195
44039,150.62828291826708
44040,405.8860024961134
44041,488.8599390142592
44042,171.14297335041482
44043,132.27198690702141
44044,163.24593721650447
44045,271.55775328362165
44046,331.60543929757785
44047,194.2363636211857
44048,273.09211628224796
44049,147.07060194187025
44050,241.5482994695557
44051,324.506708889063
44052,210.49839267195162
44053,279.80355740537857
44054,191.58962374448873
44055,243.22355662862938
44056,342.06269772879
44057,383.4452281266821
44058,377.37127374017086
44059,99.19756728347714
44060,130.17539506010255
44061,226.7506919406312
44062,119.95467331565727
44063,306.45186226722063
44064,344.88186222036893
44065,313.8222413817433
44066,191.46152166154204
44067,167.1653137823385
44068,106.00630157998165
44069,125.81487647364315
44070,576.351921841016
44071,158.11782253808684
44072,172.53295232447275
44073,222.11461879466242
44074,580.468639115776
44075,173.2538735042777
44076,199.61527486028348
44077,221.86757817421073
44078,149.39082481824212
44079,224.10008992272904
44080,152.3688618790497
44081,270.9038208721493
44082,116.50329046453363
44083,341.79692080694355
44084,223.21242664040687
44085,736.8034196975818
44086,156.7806585395836
44087,468.04995877762167
44088,120.94095472129358
44089,173.35386695482222
44090,114.3242120096327
44091,164.82436439409233
44092,130.18265830147072
44093,326.78273550533277
44094,532.0601609158058
44095,281.99618493559956
44096,821.1322639643511
44097,223.8314065267026
44098,155.85696188798838
44099,189.2913241365848
44100,737.4756116096179
44101,104.05165954696753
44102,158.30370189601655
44103,745.1347204053668
44104,160.6273552345627
44105,289.0870384979592
44106,242.7264309828778
44107,129.9189392173165
44108,246.94604919933386
44109,191.47976814919696
44110,405.40212771188635
44111,190.42990577571675
44112,403.2213142718371
44113,277.62458707574484
44114,158.07163176613813
44115,131.685364635454
44116,554.6638522128608
44117,161.44277457476124
44118,165.11454343916782
44119,182.96802430951735
44120,642.0537858734132
44121,172.16855103451945
44122,78.63155817374133
44123,362.9614962064029
44124,142.59937422222666
44125,192.6924807105197
44126,189.7947985174656
44127,316.91121791703154
44128,301.4940909632807
44129,186.91982374849698
44130,159.8033854526959
44131,271.728186423063
44132,225.57965596537312
44133,187.0710118781488
44134,262.1155473504456
44135,329.8006825925382
44136,311.64082052726235
44137,357.5504651216407
44138,170.18200381316592
44139,221.07350994008172
44140,117.95125538566282
44141,159.72421574802587
44142,352.8738938875965
44143,224.1169668151088
44144,156.31576820394943
44145,531.2576172571173
44146,373.9972172639412
44147,217.40582294926213
44148,223.7896299492816
44149,650.7159770798588
44150,180.66122945733105
44151,590.0751675321754
44152,205.14336221575562
44153,125.2207937603554
44154,55.58754699226126
44155,377.2376788297616
44156,188.1025289833483
44157,225.79002106108462
44158,165.65949724529878
44159,169.5419700311308
44160,322.30991499840997
44161,197.59521270301636
44162,677.5254339208516
44163,1183.9109759976486
44164,195.11799154150148
44165,109.59855523935153
44166,505.53377971839006
44167,343.8220993062083
44168,132.76673579447072
44169,222.46605221157498
44170,230.21268268156842
44171,107.35952930981394
44172,398.4470913186663
44173,280.3783663161979
44174,39.883046503369606
44175,116.61651810961818
44176,215.82640353154196
44177,209.47881032927566
44178,85.87809273197874
44179,271.948069996385
44180,155.9204336656774
44181,311.5275381525188
44182,217.08877031088525
44183,450.16762364767936
44184,293.9028333212376
44185,273.10009133225003
44186,676.61082127191
44187,113.94254500975363
44188,25.95762604137671
44189,288.6249293940796
44190,192.34180786667255
44191,182.57201357164342
44192,352.1504765108975
44193,284.57980813618565
44194,263.3626988839961
44195,374.7660368455972
44196,491.2853341907844
44197,120.66214977502499
44198,221.3931120095913
44199,194.31901738853063
44200,216.01250566233398
44201,206.70132927418774
44202,1091.792756347103
44203,354.100880623857
44204,118.74391952357746
44205,608.9818156461731
44206,104.41983049128997
44207,359.58410004566133
44208,189.99844026237398
44209,65.73773552709679
44210,647.6982399826206
44211,723.2719983885979
44212,232.9405833115303
44213,120.05568339214364
44214,228.3975148355788
44215,420.07645048744075
44216,134.1815374882134
44217,354.18145198130696
44218,801.4614010903805
44219,168.40406907686523
44220,224.5913274046636
44221,230.60103200350162
44222,176.12447091176517
44223,261.85751313797516
44224,135.6876560954007
44225,212.12715066406548
44226,485.1392414808964
44227,149.2655086391825
44228,133.7601599402052
44229,184.47376433449696
44230,434.85341359058157
44231,213.76463362496662
44232,184.9097155178696
44233,205.6539983114798
44234,187.9934238667836
44235,267.9462857191944
44236,176.04337589812906
44237,151.52563716325798
44238,524.2273039515896
44239,371.015063930802
44240,192.65387048041993
44241,693.8459994226741
44242,458.53306349507665
44243,249.3934589615403
44244,134.84148254663552
44245,128.71474477671518
44246,372.9505497645041
44247,259.7122709300805
44248,156.33221940747754
44249,165.72987005561896
44250,113.03016698208317
44251,130.6758278174804
44252,194.13366202280218
44253,391.66024547516884
44254,488.7419320567629
44255,195.95067056212991
44256,174.599261242273
44257,561.1142586600731
44258,294.24457387662574
44259,263.3720214635564
44260,130.99193903987668
44261,212.27820408953284
44262,553.8429916404272
44263,378.161712707672
44264,155.68052342282078
44265,203.90330361833375
44266,126.79507962736447
44267,250.9959160164925
44268,161.80015372352764
44269,577.3726038749862
44270,298.80022509481824
44271,184.20171991757528
44272,148.27885949798713
44273,128.5036258831376
44274,729.2897114484466
44275,155.88107867921255
44276,229.4525389740622
44277,216.4144650525496
44278,477.6269497881166
44279,313.3922024064837
44280,131.1058182821434
44281,170.2441546392039
44282,200.80467493192063
44283,124.6960188512458
44284,106.68284506990004
44285,294.9228924001862
44286,556.1043644622499
44287,163.63755257151087
44288,290.18664706750315
44289,341.93136799629895
44290,341.57939017493396
44291,144.00385795834163
44292,1592.4571314080144
44293,327.5182484109027
44294,178.96296516968656
44295,113.9523202696146
44296,117.07021142586811
44297,276.65621951942717
44298,176.34249197116486
44299,354.89385535787073
44300,132.50421031711642
44301,116.5429867547076
44302,243.37201018165123
44303,142.3296810826356
44304,270.0250809820263
44305,474.1045676032513
44306,194.25510783531442
44307,882.1146758620347
44308,227.04853830838724
44309,638.9328343297694
44310,213.16230015548186
44311,168.7814516843558
44312,460.02341483836767
44313,102.1362742875247
44314,139.85619913775002
44315,184.23449464353948
44316,221.65804956515788
44317,210.40723449673624
44318,283.75914011225166
44319,122.9124016655874
44320,135.24587843755884
44321,120.83121094523842
44322,263.0371811642243
44323,340.1090197792154
44324,181.6574095977838
44325,250.31646727954885
44326,121.89894549027892
44327,151.79901026759714
44328,129.40480223273988
44329,220.67069347099505
44330,143.6347653038468
44331,367.5354803928217
44332,295.0206200861519
44333,249.89724398735066
44334,203.27321741531827
44335,183.80787595082072
44336,149.36567659571898
44337,701.5520009863043
44338,105.88468259602595
44339,82.11870219561996
44340,303.9922631717412
44341,385.38357680320235
44342,130.69364655521784
44343,794.5774425137135
44344,163.0439697153052
44345,229.64917949182336
44346,523.8524299617114
44347,191.74831853963772
44348,781.8857534002392
44349,207.22334049575326
44350,192.6385404007353
44351,1065.7616672100658
44352,399.6024703497233
44353,166.4932927071814
44354,133.30263318975727
44355,144.3989898977292
44356,268.85196738093293
44357,150.46045916876648
44358,298.67372598732095
44359,126.50968628300718
44360,240.69622199745703
44361,118.69808021279813
44362,243.46609036862802
44363,172.5435879080855
44364,103.3709609147165
44365,209.0901154747833
44366,326.7767287232391
44367,147.24092434399935
44368,291.1292017134157
44369,168.29158027945343
44370,151.82542063483615
44371,256.0667903778116
44372,191.5499603816033
44373,210.6943460413613
44374,326.5083256106823
44375,1811.8396866521957
44376,603.9702763674887
44377,118.19019581173174
44378,176.62933909078262
44379,272.51367715506524
44380,401.50291050028807
44381,292.81006337152104
44382,280.4494031076411
44383,182.18788190443493
44384,201.31564581805014
44385,154.15589170383822
44386,47.40699220790504
44387,148.3887760911852
44388,211.5391990144029
44389,369.0555071786458
44390,252.1576092283923
44391,243.09108101681733
44392,245.15180704602741
44393,165.03462191202632
44394,621.040831651941
44395,188.02599630864424
44396,237.79529871216036
44397,286.7165403087746
44398,696.628261297487
44399,335.9882354631512
44400,347.51765474032334
44401,221.73748574407594
44402,290.142628716707
44403,131.73307620878802
44404,540.2326908756131
44405,376.4336712507624
44406,97.35018478461386
44407,696.1602706901613
44408,246.49109376822665
44409,296.33554603371124
44410,329.286803055894
44411,361.9420372819644
44412,138.03901153162138
44413,239.02518110644277
44414,195.20204044851175
44415,395.18021595104005
44416,165.46442955025236
44417,415.07964254118474
44418,457.60086502342324
44419,520.5696523519665
44420,146.76653761426604
44421,288.0375422316199
44422,1343.1823983666286
44423,321.45975821928914
44424,215.6391344231343
44425,226.6735027716025
44426,310.38264961670086
44427,274.97725727064045
44428,302.5190867279852
44429,131.29975823505447
44430,544.04473178171
44431,284.8867057427723
44432,135.4055606212143
44433,232.11833570761436
44434,633.4107417412388
44435,85.65046130973842
44436,142.57367057514656
44437,56.648876995117
44438,174.0422094195043
44439,135.80278980237233
44440,170.10990860261387
44441,292.6725883343345
44442,192.1327508221665
44443,202.9195146817882
44444,203.88072073272
44445,353.6871889435878
44446,520.9041807000475
44447,231.2823963148803
44448,408.0531014303749
44449,340.57021095930315
44450,232.03287485878525
44451,243.64832736539717
44452,311.52460282689435
44453,159.13192749629326
44454,409.78952411900843
44455,385.01973593113087
44456,284.34304652121745
44457,508.8421973420885
44458,250.64908034115143
44459,270.33343863379025
44460,794.1698601985595
44461,179.9641292375372
44462,225.6183798320352
44463,1102.6111909353813
44464,85.81499021503754
44465,524.973661023965
44466,437.3831306841123
44467,96.79828893120983
44468,143.81606289766938
44469,240.10426061967294
44470,695.8858525605733
44471,639.1848384179949
44472,431.61993918401873
44473,379.55220882280094
44474,124.45252612544465
44475,137.8304327095258
44476,282.3356327072513
44477,149.2188655861004
44478,164.39186423054838
44479,182.75950432850468
44480,210.51261108360313
44481,426.82025528337783
44482,332.9010734457003
44483,204.3172545382648
44484,247.4340223473886
44485,227.61323056496414
44486,298.3554503976143
44487,225.10239049358273
44488,134.46714590392736
44489,264.38614616950105
44490,294.2996997481915
44491,173.96713618180917
44492,260.8407700069787
44493,268.41963223443446
44494,281.51648391369156
44495,469.26837978638986
44496,123.63287822396144
44497,162.9160063543389
44498,375.0540471141511
44499,202.5647448497623
44500,444.8614685393129
44501,317.6945903068688
44502,306.1263718065718
44503,265.56312870668876
44504,133.09992319909213
44505,162.95509911900933
44506,434.40726824075847
44507,173.69517326691857
44508,274.4197193104885
44509,316.1022589768547
44510,239.40919546227096
44511,186.42963798504746
44512,455.6292544950964
44513,168.9896394454111
44514,601.9496336327708
44515,366.81832029029016
44516,216.8157464353629
44517,278.7107720433403
44518,120.35804052954414
44519,184.31157103650713
44520,209.35271867365006
44521,143.2745093997052
44522,217.72435667852417
44523,248.645533879343
44524,399.93685793896134
44525,328.30522421255796
44526,304.6619162542456
44527,453.88734049830185
44528,503.20031088642634
44529,349.0125543043356
44530,143.9090891169089
44531,155.6275737173301
44532,125.37606218372548
44533,222.12174971331814
44534,117.45606399880461
44535,285.7629097019445
44536,270.939097640984
44537,247.39575584405313
44538,300.8818150999863
44539,340.66609390532943
44540,224.12141089791552
44541,114.07026121364704
44542,312.30312081862274
44543,146.1569677314879
44544,350.7614387609914
44545,282.8785080356588
44546,159.45540088435627
44547,170.5368291811848
44548,345.52144238398205
44549,108.881587275971
44550,460.0457430564744
44551,462.57841998978404
44552,186.1410397255399
44553,168.1130830007471
44554,892.3044872215717
44555,408.9387237404169
44556,210.55670365414142
44557,159.8705974883784
44558,500.35317709039487
44559,223.58921467490688
44560,252.56979228889
44561,176.98798656974964
44562,163.0253749432512
44563,378.35461386418297
44564,888.8400542329358
44565,128.15081096678875
44566,161.33617686099515
44567,281.3212935621064
44568,336.9860319835618
44569,268.9790785846394
44570,168.86901278326206
44571,135.76009664600429
44572,209.84390593135842
44573,604.2904080809549
44574,192.63889195109704
44575,369.99686576725526
44576,172.65254557515135
44577,365.3825401241228
44578,507.1560809104992
44579,281.53630199816587
44580,125.5953383836519
44581,171.965639017783
44582,383.29906403096436
44583,181.71606602762625
44584,184.4526464959883
44585,121.77206065088029
44586,594.5711074773546
44587,228.14401122554153
44588,187.4021148992452
44589,134.75716063747507
44590,585.0774169755069
44591,271.5409650704288
44592,209.95601402729108
44593,137.75223833135266
44594,168.0612817397045
44595,268.3186218654639
44596,244.68771936621488
44597,370.60283277428425
44598,412.32600043643964
44599,230.88083200177695
44600,240.26386213070168
44601,150.44318279664714
44602,273.2338126342401
44603,203.86819091397211
44604,233.3189941719046
44605,232.25189667523298
44606,341.0437923405418
44607,695.6766830509077
44608,99.3339995313446
44609,406.6297246333007
44610,1062.7181321668227
44611,372.65930730837863
44612,226.37874892831098
44613,124.49817571018482
44614,188.43921832549375
44615,130.44647581367215
44616,336.3495354207478
44617,285.90597874979187
44618,265.6511787527227
44619,135.09814444494526
44620,323.49451687449834
44621,224.0686912615142
44622,206.36100032441146
44623,296.82524230662864
44624,195.90221261164498
44625,508.6931686861043
44626,232.38857624941804
44627,309.07789462670365
44628,450.2916816776285
44629,118.27747738257284
44630,396.7026240005356
44631,325.94390018784577
44632,165.01606700229112
44633,183.36315896645763
44634,171.05136175056117
44635,31.462579737630218
44636,249.05732715324405
44637,212.74007492751895
44638,150.18859519103023
44639,323.45215027500956
44640,188.18537946625764
44641,124.21012338414376
44642,197.64702086623237
44643,492.6873609670679
44644,188.19497953132378
44645,289.82687163283185
44646,264.6538664373134
44647,75.19764861394815
44648,165.97798321969833
44649,191.17687853749797
44650,141.01460151545905
44651,210.30406700114497
44652,308.2573938488624
44653,229.89004650775536
44654,240.39327780082047
44655,344.2508426201415
44656,316.5799341524594
44657,298.4996623835407
44658,201.3086665973828
44659,179.16879058355173
44660,272.16977106502407
44661,752.0644036616193
44662,128.90235035034846
44663,252.0579422040325
44664,248.6211290324819
44665,230.17544459792396
44666,124.38678066952849
44667,344.06668604950255
44668,126.06178073972323
44669,177.53975161186332
44670,486.89405230696735
44671,128.26039530256975
44672,135.49753507674112
44673,525.6480273121695
44674,100.77280229419189
44675,383.8510854891987
44676,211.98090285256893
44677,158.00179080356898
44678,193.61771420815785
44679,160.4327049452568
44680,233.75197628756092
44681,157.48237905645365
44682,211.91904228888575
44683,181.09148699317217
44684,134.5761928776871
44685,246.09176628167972
44686,260.7076416357016
44687,127.45438940336327
44688,802.1467183258329
44689,432.8272235158754
44690,245.205567543322
44691,360.9837429664605
44692,428.62825490582776
44693,157.46087635061983
44694,233.09972316896315
44695,172.55524953203326
44696,291.3323100436959
44697,259.35660993744045
44698,207.1836893547449
44699,227.67613527937374
44700,96.63646615511337
44701,370.03521712532813
44702,315.3172175577729
44703,447.5160183671289
44704,409.26568522119595
44705,87.7399162766962
44706,134.58533106955394
44707,174.65682117547647
44708,115.76138943969498
44709,403.5533111744284
44710,201.41652740023835
44711,492.48943412741835
44712,233.94514942111877
44713,254.96582796562015
44714,224.9828020566133
44715,282.361576273692
44716,276.04486445132886
44717,110.18529368076804
44718,98.30927294827126
44719,1470.6647950891283
44720,381.76035290067
44721,309.6738024146234
44722,178.5633566007239
44723,199.44509357569268
44724,189.58590840041896
44725,162.53577330120473
44726,323.60230129490367
44727,319.4872681672281
44728,686.5437473515034
44729,208.22085351623258
44730,287.4298102639442
44731,113.01176563834241
44732,114.23675859551797
44733,279.076647886639
44734,250.64194126661508
44735,260.3835217136796
44736,175.6402850958306
44737,303.9409664438957
44738,209.1068357530232
44739,695.9997984651827
44740,220.31629784842303
44741,485.22311716958995
44742,725.3927072872887
44743,211.99375798251629
44744,103.26328388094635
44745,430.9564422331037
44746,119.74735555862509
44747,246.2534270688358
44748,253.0505315060476
44749,241.02985700559745
44750,118.39464428727071
44751,240.6911395725199
44752,149.64921712037633
44753,255.35351093209184
44754,288.183247690711
44755,223.5470359849998
44756,218.46906408131497
44757,324.1492337455324
44758,464.0552141610254
44759,175.7708729112979
44760,318.4804398952324
44761,262.15714488640924
44762,821.8710460812135
44763,229.41042099949124
44764,108.63333746992036
44765,351.04366755988747
44766,224.19750422774777
44767,956.1376719818317
44768,205.35331362553285
44769,545.2303090928118
44770,532.4927351257967
44771,165.8324501314659
44772,229.05668329174898
44773,245.18719619692604
44774,146.15590533320787
44775,215.17717561355207
44776,198.63877323783802
44777,244.9472472467507
44778,183.2378910682556
44779,279.56182253631783
44780,407.4214130753518
44781,386.8685122070621
44782,476.4347445307279
44783,176.85269508046335
44784,369.5765581483114
44785,119.41863210917954
44786,297.7218767149442
44787,343.1668220972348
44788,244.48455678278395
44789,1022.0539356085488
44790,340.3292070998538
44791,455.66045954294975
44792,307.5262781445756
44793,250.40686852264213
44794,342.3732667599852
44795,303.39046574142264
44796,1024.0327821732117
44797,297.4870774434303
44798,666.4972698829523
44799,181.537898238221
44800,243.4012148062568
44801,146.59027642984483
44802,896.6553979456066
44803,336.9798920848104
44804,766.1733928215505
44805,260.20782463896285
44806,156.00087602510874
44807,133.61279978906197
44808,255.2864448154478
44809,430.64367216239555
44810,242.9159903662498
44811,170.11395842959246
44812,434.28728442625226
44813,1912.039138094582
44814,199.16248330239313
44815,257.42510641301624
44816,782.6997384207349
44817,274.01346456515233
44818,146.02512426455004
44819,171.27386326787493
44820,1709.658762633766
44821,362.1095894262378
44822,397.5598067366688
44823,197.83865797903914
44824,255.97299668149887
44825,234.15572877157433
44826,277.61430249530804
44827,201.32950863544517
44828,412.2808496722578
44829,110.48164714050014
44830,158.08694223920926
44831,96.03425244155709
44832,145.92186220320403
44833,218.25506811703144
44834,186.0207217233761
44835,227.50724231553707
44836,136.89414236023327
44837,219.46248921400795
44838,520.7306191982874
44839,134.46262771754425
44840,212.8954920220625
44841,253.70868284233768
44842,247.5376850180542
44843,388.83304413968847
44844,118.67318697456197
44845,122.69872012431524
44846,210.89118022764936
44847,352.49962810598566
44848,104.21286788716606
44849,301.4464244275192
44850,119.18728917743172
44851,64.07864568981532
44852,150.44997789324037
44853,411.3944380522903
44854,175.75049194431008
44855,205.7777777348682
44856,507.09794354554265
44857,649.214775033405
44858,413.395160246691
44859,334.3896763999393
44860,164.11241875540756
44861,317.3968440582197
44862,154.59361781098545
44863,133.66365127140526
44864,469.04617737571124
44865,134.06593812274002
44866,151.0986186534662
44867,174.4184753773351
44868,413.5344468200903
44869,114.69312166142905
44870,252.4022256434189
44871,292.20516945704645
44872,237.38216316009488
44873,135.6928833380968
44874,403.2678678974245
44875,147.64267911221242
44876,280.73611889912155
44877,286.63929736054246
44878,359.8795907004802
44879,115.9874501395382
44880,108.90359662420174
44881,115.51414511621805
44882,258.9287855833861
44883,479.3658592439403
44884,189.5631712803431
44885,304.1217500563798
44886,409.2712146049745
44887,305.44310746594624
44888,172.36928729812118
44889,259.59448897346897
44890,127.97193559730934
44891,1281.60361543711
44892,318.46219457169485
44893,209.16572599037806
44894,246.24153738033584
44895,176.55116063976138
44896,229.26854000557285
44897,114.92477807404019
44898,222.4469029154116
44899,260.2492917286771
44900,179.03706754751758
44901,197.0795220569695
44902,197.51928851508094
44903,156.16185116851236
44904,988.469492773802
44905,215.17132571239227
44906,227.8877389058401
44907,193.0364913460258
44908,109.8849047790585
44909,367.0320160039589
44910,304.93378606448766
44911,174.9505337923135
44912,364.6648630460644
44913,203.79736412105314
44914,377.82343660338256
44915,237.35885331922282
44916,399.5552875099013
44917,228.9041759206909
44918,275.8470273363631
44919,538.2158978189083
44920,138.25539794801975
44921,313.4650490809342
44922,175.7796519200652
44923,355.6548299097533
44924,299.56713419797666
44925,379.7679333410028
44926,270.95533333130163
44927,204.42642181939297
44928,373.03423342894735
44929,178.68007402343403
44930,760.7893903805431
44931,175.3826638509832
44932,163.25969299857397
44933,136.48988362272016
44934,247.49627786934903
44935,141.7028023676516
44936,268.80109945294424
44937,389.0820755413225
44938,162.70850604457516
44939,216.59088066881412
44940,267.84250899593246
44941,197.32813926559567
44942,161.96981554931688
44943,490.27407152975843
44944,299.2645148140857
44945,112.83150787087152
44946,460.70738062144466
44947,258.85049298361224
44948,254.14344269789905
44949,186.12459584844336
44950,284.40780749489977
44951,138.1904031000768
44952,221.27807819361266
44953,132.79525478435818
44954,257.04270046215385
44955,271.63964827007374
44956,183.30171185031236
44957,269.3209670818129
44958,312.71452477028083
44959,161.17186933110452
44960,149.97745519951218
44961,302.9095516292467
44962,255.72744669840893
44963,215.83271336027715
44964,81.43227023270656
44965,119.32956516608245
44966,211.15682049022735
44967,199.6197962918658
44968,188.18728539737833
44969,166.27965188506914
44970,257.1262716932737
44971,182.06696369858764
44972,242.6473076771428
44973,288.2794537352321
44974,207.14330931364842
44975,206.34246445043107
44976,178.24638750456447
44977,331.9813206119521
44978,278.44703166688555
44979,224.5186343497911
44980,335.34111214043935
44981,861.2201755045595
44982,227.20248938714204
44983,186.28997556730252
44984,183.8479912139715
44985,617.9831378055226
44986,107.48288398366437
44987,104.2238367392926
44988,192.06205168262017
44989,288.2185488729484
44990,118.85927131687127
44991,155.18589343484888
44992,218.90812490812675
44993,194.82434612926914
44994,606.3718197095061
44995,835.1406946393499
44996,275.57115649469534
44997,223.27062842753014
44998,350.25255640817556
44999,165.20540600316875
45000,151.41327526313958
45001,284.3291501702196
45002,447.88942607983864
45003,185.4188213286155
45004,353.8115715298817
45005,400.6203896621869
45006,108.52035646850862
45007,308.7090969901508
45008,168.063540523482
45009,359.73732828267475
45010,352.3415831163941
45011,153.64428166630145
45012,185.26414592002192
45013,263.58386891169584
45014,79.03019979542104
45015,166.8507762455926
45016,1118.7145843683688
45017,277.091014159345
45018,697.9644308167796
45019,252.32348525258325
45020,398.9325298651491
45021,186.36629587636605
45022,175.45584605060603
45023,314.69313610369295
45024,100.67374979886607
45025,1010.8304776534252
45026,405.87220053711786
45027,227.40355523321105
45028,182.15120313104933
45029,135.07545908440022
45030,148.5304161546853
45031,234.4944032884395
45032,295.9333878344303
45033,154.3651381356526
45034,228.45533945225762
45035,167.4748738264689
45036,206.30483550944595
45037,147.50777761443226
45038,327.5347503408377
45039,251.86632848593715
45040,251.27197563091033
45041,184.58139901621612
45042,146.4855093530583
45043,296.55239606960237
45044,145.48611002074344
45045,276.21064974663926
45046,136.30955279475538
45047,163.06432604328802
45048,250.31506284150376
45049,117.5375041532048
45050,929.2095163998321
45051,462.3375811682304
45052,696.1062187395222
45053,113.50842517265085
45054,61.471602386789456
45055,350.7376950789211
45056,278.50840606489805
45057,123.44921245353628
45058,271.5100696177011
45059,237.90276800484816
45060,563.835600617696
45061,447.09584576887846
45062,419.6130785123537
45063,131.20967941402245
45064,184.572997064573
45065,212.76039804677072
45066,320.10015403236264
45067,305.4739986701355
45068,161.0602341541404
45069,336.4113458903181
45070,207.76858474973804
45071,158.74099336364017
45072,270.45554499807264
45073,247.9779953677625
45074,291.60996270651367
45075,273.6566726376378
45076,124.87644819261503
45077,166.04131374779035
45078,167.53479697724842
45079,562.5209537029687
45080,271.9476120365349
45081,248.28552870950222
45082,314.27195381041906
45083,212.63327601269273
45084,175.36872162085518
45085,135.95293848032304
45086,173.20514756418686
45087,165.70500658820615
45088,247.18801289112065
45089,284.36129467755774
45090,482.7522159365444
45091,229.79055137280778
45092,273.0759413569012
45093,350.2967406180096
45094,274.05753573412227
45095,292.3739965350755
45096,223.34611507735949
45097,472.6486471377947
45098,255.59899804871185
45099,312.9828405383314
45100,483.5394549440238
45101,281.54261335685715
45102,382.97940745426547
45103,266.46848501413757
45104,232.93027024969916
45105,201.6391755140122
45106,343.7448812911144
45107,764.7813805538406
45108,217.3469159190971
45109,193.69984157587044
45110,378.7213185034325
45111,144.38254923994725
45112,403.2042227199628
45113,283.5263760967945
45114,249.02596949163757
45115,212.22281410736326
45116,205.00033701694312
45117,539.5397617117576
45118,73.83944758554625
45119,244.0908991527003
45120,228.40401111853643
45121,331.6758144386902
45122,226.58660437849133
45123,169.7886548199208
45124,134.98261636278988
45125,130.15693017482556
45126,524.8402870556483
45127,420.1856327238246
45128,162.85841696892933
45129,195.72937014643003
45130,221.94079496033854
45131,214.75858297649813
45132,304.124401774837
45133,95.78236309149695
45134,213.3578549096759
45135,190.59629927586573
45136,88.44282074121303
45137,646.0550639977416
45138,149.88253339810797
45139,307.53934816093556
45140,150.6413916108683
45141,672.356278762868
45142,192.440603693375
45143,292.0610527669496
45144,382.8600940729626
45145,119.57032849554703
45146,206.708741271078
45147,80.30923977193201
45148,333.9689939891049
45149,149.92951153061352
45150,153.68913356338965
45151,284.2333326775165
45152,245.15726202170015
45153,293.55736836153494
45154,534.4663803656165
45155,428.551266599722
45156,457.30372459826293
45157,219.4040418778938
45158,813.6992105507034
45159,109.61404627125857
45160,159.13638743663807
45161,127.29987814448573
45162,322.9763649043624
45163,279.429433888136
45164,212.6921217237152
45165,352.8226697647433
45166,211.81482361892154
45167,676.8607033181896
45168,124.13836973155449
45169,667.1029945390902
45170,503.0700395857193
45171,65.3397919790814
45172,163.67626167067286
45173,1089.2436505163355
45174,212.40146516486772
45175,227.67126202614466
45176,219.11050088322963
45177,256.62518815300547
45178,446.71331607724665
45179,261.85045002871254
45180,171.75177782065285
45181,619.6816054275691
45182,209.25598430768048
45183,380.8592847985732
45184,219.06972605444147
45185,128.98028640422177
45186,179.8566796457184
45187,516.2675001526575
45188,137.4455190299153
45189,431.17849636389053
45190,227.09931210375564
45191,201.41687731306635
45192,104.38035556033162
45193,515.2980781908079
45194,241.30615807987644
45195,325.459477330123
45196,233.17200430995504
45197,155.91694449646232
45198,260.99248866052926
45199,358.5130211657354
45200,227.8632991435681
45201,357.16625464263484
45202,183.08868073954798
45203,442.27956339084767
45204,406.6251812653468
45205,268.14409819878074
45206,359.24595198267224
45207,237.0665805967046
45208,319.9233218445012
45209,201.4403034217196
45210,172.15400468788985
45211,310.53947423379987
45212,309.2765866295184
45213,393.0723721613841
45214,265.219154619591
45215,127.85004090424503
45216,94.90504095904097
45217,163.56838088041695
45218,500.27411245783685
45219,301.00773084587354
45220,320.8199423338489
45221,239.98133049101696
45222,215.27748156941638
45223,118.42424228304736
45224,119.35405268662407
45225,108.64851910445499
45226,176.44091613987914
45227,326.15074499718037
45228,174.0475242429016
45229,308.92482101383075
45230,443.65846028863666
45231,266.97923864800055
45232,531.5633960286466
45233,105.81888129250893
45234,73.65949218164965
45235,174.13614521294656
45236,223.41523011900125
45237,86.88869385734499
45238,155.9242137847962
45239,161.82590640624122
45240,538.6195722497849
45241,217.95043012439376
45242,291.79369144380524
45243,184.9430721919124
45244,185.73320885101273
45245,247.42050189446397
45246,229.99779740514654
45247,212.26012397447352
45248,121.06435891150119
45249,173.34242147051503
45250,122.16156499799963
45251,206.30843596285686
45252,289.1746575168609
45253,280.0182691034827
45254,125.10359751309716
45255,126.0646662178816
45256,96.7811115312785
45257,248.10296959463125
45258,162.55422743121144
45259,244.59165389991333
45260,358.59315961758716
45261,122.38491381427714
45262,236.58180854925328
45263,63.80841261958624
45264,338.4942831933198
45265,128.78063196982959
45266,89.4657902187825
45267,220.48741370676856
45268,548.6293708831962
45269,1001.4313690566618
45270,334.70927012236604
45271,232.9499353204086
45272,225.84219907607894
45273,318.23925599589876
45274,539.0683476419543
45275,185.28443992590206
45276,476.5822648237662
45277,305.3616084024386
45278,549.0511351102697
45279,244.94703893933033
45280,213.8932048998073
45281,144.135012086436
45282,168.95409025243328
45283,450.31738998154765
45284,390.44066041645226
45285,239.36707313991417
45286,109.77174105399591
45287,86.1786774018643
45288,275.4389555596366
45289,164.98213847877233
45290,252.1891617643788
45291,231.0158761633811
45292,209.3445131431493
45293,447.11875630330775
45294,578.0378120655276
45295,150.4027651578888
45296,157.5084995993346
45297,294.1559106715144
45298,312.59098047420525
45299,144.87946584306428
45300,259.0573491678713
45301,254.38513149960414
45302,272.2795666232657
45303,99.25796271843677
45304,257.62089649744485
45305,251.0024664796128
45306,962.424177583496
45307,198.76984791496827
45308,650.5344721325541
45309,133.2514381151318
45310,329.0383392025191
45311,235.33083807630513
45312,227.97835516914722
45313,170.01800896258908
45314,172.83441627954082
45315,178.31684367665954
45316,616.1671291507752
45317,340.758591656969
45318,649.4685502290398
45319,229.90781964403268
45320,246.8016209948156
45321,444.00557901869854
45322,250.91509411294427
45323,106.13204280433693
45324,523.5380561915829
45325,964.1490090461818
45326,178.3894208719143
45327,189.11892118457962
45328,148.85129496795835
45329,455.8713891672268
45330,115.13639305316391
45331,369.35177325094276
45332,191.86012854999746
45333,214.87658580749738
45334,438.2248271164731
45335,244.04283102106962
45336,222.74857622190888
45337,280.0151307152721
45338,208.4366618765519
45339,214.66256007608914
45340,297.22689249796537
45341,151.1748116913314
45342,211.2602658235026
45343,333.8738671358876
45344,248.304106684589
45345,260.24536778058166
45346,308.10232261638765
45347,193.02245147017237
45348,164.96122626235834
45349,105.26285365022065
45350,231.4064073894203
45351,175.00156870987274
45352,101.09209171109244
45353,253.96470496395906
45354,328.0254433180569
45355,352.71767788827003
45356,207.403274949492
45357,206.62665455511413
45358,148.28552711450908
45359,148.23599385524614
45360,151.14109370058353
45361,252.10005744507154
45362,309.06090601217215
45363,513.9607337852821
45364,421.95145620332505
45365,256.1800202279069
45366,269.0269932865342
45367,298.0081458174311
45368,426.06734851346596
45369,116.7541194179107
45370,280.39505401296447
45371,180.1975379159704
45372,184.71488798157472
45373,383.71661537543594
45374,221.45226513456026
45375,275.15667561393064
45376,226.70163932511124
45377,366.7603988912738
45378,242.9919486401836
45379,302.9151661560832
45380,248.87321112185515
45381,243.5138044852493
45382,99.12850453964607
45383,236.79789077679425
45384,263.3356832746555
45385,277.1643199498232
45386,190.3122478082407
45387,120.0247417260891
45388,237.5044666088674
45389,166.13646237352572
45390,240.70906130379515
45391,706.2086429155306
45392,192.15699291382884
45393,209.98532740078383
45394,221.6551640038476
45395,236.32637538987876
45396,330.8375444200127
45397,127.20556670573289
45398,821.4127584421809
45399,568.6168283405082
45400,396.0246419553522
45401,169.2681632033505
45402,1196.648413680845
45403,340.313316548976
45404,370.71739777320516
45405,153.26984332104578
45406,516.1200779364036
45407,154.34487941480404
45408,148.3244008135935
45409,215.2882644025577
45410,162.38588946721615
45411,348.77141775180144
45412,393.9025317364318
45413,547.2056953848379
45414,212.46139039610748
45415,109.02051335251305
45416,142.25763089967884
45417,119.24614917992102
45418,84.02283028349979
45419,201.18002056124809
45420,321.3850442644151
45421,722.7837913723952
45422,413.8018892956859
45423,426.01326756793094
45424,156.9623122638752
45425,142.1536489497676
45426,359.70740745419727
45427,300.0868914833328
45428,136.92278762150497
45429,565.3261452755796
45430,291.82855643186105
45431,222.0269866948269
45432,224.69465507258542
45433,451.4450325101272
45434,161.31553170374633
45435,354.3647558697875
45436,245.5876127387266
45437,252.38335102735422
45438,186.4440700140528
45439,212.43087453014033
45440,180.01606089427293
45441,503.84691066615324
45442,158.97512610488863
45443,1142.884282714534
45444,262.35763635077456
45445,164.40643089299112
45446,274.3986358199007
45447,198.27256909599424
45448,140.44987466851802
45449,317.1495547744646
45450,178.47539680939906
45451,244.89699394780172
45452,197.47343941736042
45453,234.1205339956228
45454,310.2038095864962
45455,141.3641054423874
45456,705.8562761030977
45457,211.85778413626676
45458,139.90476985506038
45459,125.60885067096166
45460,426.2296950655709
45461,232.4902927041778
45462,163.893014883454
45463,197.37210465003903
45464,368.76924758319
45465,90.25917818629082
45466,172.6693677145513
45467,508.7018703565197
45468,755.4183418921899
45469,216.31241874687515
45470,261.09369709339103
45471,177.20116368062475
45472,169.6170201135111
45473,787.6772885185864
45474,868.9209524917171
45475,49.89131669345097
45476,210.0271085001723
45477,154.97890688395188
45478,278.3659146324278
45479,229.59231608099034
45480,205.09610139160088
45481,200.99126563595533
45482,488.2578919409643
45483,219.63004493979665
45484,221.2089985013745
45485,196.02561907506524
45486,120.690782253027
45487,415.8349563593908
45488,111.75459308170578
45489,277.9709882300782
45490,511.58738126036155
45491,166.51091788929733
45492,316.2453331696322
45493,402.31894927740166
45494,141.37987491911602
45495,103.15689849034433
45496,555.825134481957
45497,110.01954924382476
45498,223.94201711742807
45499,235.91216795897455
45500,193.86183077782562
45501,261.4073384716853
45502,266.3653296715977
45503,273.51819922037186
45504,145.89608959338872
45505,181.40652880495944
45506,580.1023426433571
45507,103.14573542743764
45508,602.2974860865539
45509,97.88902733864052
45510,178.74491078991028
45511,332.38498147073943
45512,200.23507020613616
45513,128.75011941299744
45514,130.0643666558914
45515,203.3728782392871
45516,179.15360360675402
45517,741.6613417456531
45518,437.5711870839125
45519,139.6857630649805
45520,179.6814040352803
45521,238.2772019699435
45522,697.855775251945
45523,95.93701940088197
45524,181.9471052022665
45525,439.84651765978646
45526,243.95760196335493
45527,101.72548717370935
45528,348.63104751341905
45529,342.21550914020054
45530,207.32961524181096
45531,1549.2261028066096
45532,456.94504457798
45533,229.394565700111
45534,119.40919076361001
45535,108.93135429167882
45536,364.14564901129177
45537,256.08287393447546
45538,133.96423851731896
45539,262.0827223661071
45540,238.52886196024008
45541,287.07429036534734
45542,237.420829730534
45543,296.6232749218713
45544,212.21748366257458
45545,612.3706382607198
45546,263.84243127530294
45547,318.32687775339565
45548,212.4563342473284
45549,265.96535655511786
45550,2672.685001409615
45551,189.73780599204915
45552,106.11716070878795
45553,145.65497493162866
45554,210.8521809577271
45555,590.1177945091639
45556,259.18514593694067
45557,119.54318916601515
45558,439.4178124213099
45559,704.6222718943626
45560,225.44494047496528
45561,483.30694654511865
45562,74.63202947238712
45563,252.87008323541
45564,242.94840217039172
45565,294.0814313292383
45566,181.016921443705
45567,209.72574485775485
45568,201.1528498987179
45569,126.0219104472871
45570,357.9189388771956
45571,257.9018212499856
45572,297.1518119288801
45573,591.6234878247176
45574,538.2136837592585
45575,253.2020542387252
45576,391.53374901110294
45577,292.2719107943144
45578,505.8566640436944
45579,84.88532900197245
45580,166.33464121935688
45581,236.38260530722434
45582,210.72956394547234
45583,232.63919962510076
45584,333.93942551990494
45585,243.74349415038702
45586,282.3291443027461
45587,265.87033323715946
45588,170.45218470756512
45589,419.89654449757353
45590,410.77524395003314
45591,296.99474773784266
45592,270.5919002821462
45593,407.49015209428285
45594,214.2227224742857
45595,219.0034480938127
45596,300.4943586398649
45597,115.9580128787433
45598,818.8283577658725
45599,340.6247248363473
45600,206.7909458319342
45601,168.5467048198103
45602,260.34010617543566
45603,258.9894873188815
45604,128.28509050313147
45605,259.69885097799624
45606,207.80758941448565
45607,146.62489294180207
45608,557.7621735360531
45609,87.51861725362944
45610,149.00757285525114
45611,729.804302852731
45612,329.05448494084044
45613,271.62401460417664
45614,180.5633414873039
45615,238.50092628117778
45616,870.3797601834924
45617,157.063206085038
45618,162.08245886515678
45619,118.58326599561092
45620,489.66983797223554
45621,174.86553671271895
45622,66.50839339115353
45623,271.1728894003893
45624,624.7152894021865
45625,147.06818841158062
45626,257.2915580034447
45627,219.37496027242278
45628,297.88639888865197
45629,167.8179088504376
45630,524.4178071913659
45631,511.0300658482708
45632,444.9919140376498
45633,204.3760953439852
45634,283.01769821164567
45635,271.3543531065241
45636,354.91223955282874
45637,1330.6381551660984
45638,164.40389874406264
45639,876.4764666797707
45640,112.58458887134009
45641,269.6174622849593
45642,182.9986313451764
45643,416.64443613116606
45644,401.1962394500673
45645,430.9507729159937
45646,170.7674065301259
45647,278.5439131364225
45648,273.63457878012537
45649,381.453346526802
45650,122.4946271173817
45651,278.56431935171724
45652,430.2011703082091
45653,75.16847095454912
45654,230.82988845031818
45655,224.0513078212775
45656,121.86893001438105
45657,336.5396969176853
45658,128.4561743134378
45659,141.6323499717602
45660,467.48548545094184
45661,659.3501380921786
45662,229.49910527735528
45663,129.18836970231496
45664,166.07543273800445
45665,241.8274735261135
45666,195.44729481347525
45667,132.9569697825891
45668,168.56508308972366
45669,133.29090398838412
45670,163.73732795295098
45671,159.93405355529117
45672,226.66983751636366
45673,241.37368323593137
45674,210.63061404255467
45675,295.93060980082464
45676,240.79637904292392
45677,601.5162486438119
45678,135.101478832993
45679,251.5909195410479
45680,342.291571526098
45681,459.91516885352155
45682,413.3359894935643
45683,221.20211369359527
45684,239.57741290971654
45685,227.3217337100628
45686,278.00261527409265
45687,234.62461307148277
45688,240.814079653242
45689,451.2877150493251
45690,124.42495285553234
45691,286.59172651725294
45692,199.43848577821623
45693,362.82402075396345
45694,182.25964927654894
45695,221.531440304953
45696,172.2205375766984
45697,773.7483376456927
45698,177.35655669773078
45699,273.66581078434854
45700,575.7543208563743
45701,343.34699262951796
45702,300.63240509112563
45703,621.2663334400035
45704,120.4495253754838
45705,211.78067299428295
45706,291.9254076076303
45707,256.9415019119904
45708,255.41519322413663
45709,163.12547177710587
45710,236.86469189711207
45711,105.26668209839086
45712,514.099136780061
45713,367.84321087672924
45714,180.83209859026334
45715,489.34979065891287
45716,258.29043790008654
45717,273.4562825911907
45718,478.9675607960019
45719,1022.3043476997555
45720,162.9670091916863
45721,252.15592307466164
45722,1029.1181505534532
45723,195.23235289451165
45724,199.6454116826039
45725,208.52377352151274
45726,2081.150209530228
45727,557.3864873753263
45728,402.15638752536603
45729,216.65898322763002
45730,121.79707751406367
45731,164.30398427442887
45732,112.0876164772948
45733,191.7044750409011
45734,156.8760127366663
45735,217.377845580119
45736,476.60331015570443
45737,267.3747212604717
45738,456.0950594244915
45739,319.3596138133197
45740,210.4423093233399
45741,197.44217705773696
45742,123.91269056318642
45743,229.2674087765512
45744,277.02151072770744
45745,533.0751701948637
45746,212.92027952316778
45747,550.7833240817561
45748,193.91274704833623
45749,851.8989123163673
45750,243.7390954195415
45751,478.71126848511494
45752,293.93591480998134
45753,360.1895962466918
45754,185.0732841923836
45755,155.62015593655917
45756,270.2656253115848
45757,317.9216096100297
45758,141.9876187416576
45759,142.34349566012796
45760,356.30409886000814
45761,1078.9703125628844
45762,325.64837509787856
45763,436.2333584554798
45764,353.9097070905957
45765,323.98337316297625
45766,133.3409169989139
45767,217.63009390047378
45768,199.73931255962256
45769,458.10973315428316
45770,272.9256568697546
45771,662.3016986159006
45772,136.29797842773064
45773,380.9013978354443
45774,172.07811179540388
45775,180.17484595531448
45776,162.37626873315082
45777,108.12131138718355
45778,354.01822296401434
45779,401.92246110374924
45780,155.55602616311378
45781,377.4604755288757
45782,429.1399331829921
45783,218.39382150068164
45784,210.37666477696106
45785,295.1888026512518
45786,108.75723278740234
45787,462.0768065358989
45788,236.5027187692209
45789,126.87440183009716
45790,76.46508918367525
45791,327.9833747684496
45792,132.68316493851262
45793,332.7795930649353
45794,203.34209491773268
45795,373.4498379514216
45796,265.1829005680882
45797,402.1998547589828
45798,204.54711501066112
45799,231.72426854495367
45800,173.61406152335016
45801,115.86623994950403
45802,323.3500961925189
45803,178.34389220435048
45804,241.90077786925116
45805,227.11941481167275
45806,169.57222586248488
45807,655.1061260747947
45808,203.68926276998778
45809,218.65508809129372
45810,630.5822358802018
45811,256.8568526485592
45812,267.2414411098416
45813,147.20601240836112
45814,284.0644552978497
45815,148.08430737969968
45816,195.85597799416058
45817,228.24337619294536
45818,226.46229591523715
45819,167.50046623355203
45820,250.54802584958728
45821,157.91724286120655
45822,220.7641948056318
45823,430.9935140303026
45824,159.43449256891574
45825,492.7511996467748
45826,148.66778575024279
45827,485.59629834276825
45828,120.56429548809164
45829,200.2608768175813
45830,180.81646213813366
45831,183.71298907019806
45832,232.48006412902367
45833,222.6605720584428
45834,301.8444705236896
45835,162.3364055557216
45836,111.82303262373574
45837,108.70087154748613
45838,287.05789743140065
45839,176.6369512855146
45840,108.40439058622312
45841,186.97854125430197
45842,566.7227755508615
45843,213.53471971028623
45844,295.93830281647536
45845,823.0472517643434
45846,304.86280175331444
45847,201.95881629900705
45848,291.9915224108994
45849,378.58887579774523
45850,291.9108059719401
45851,223.46463966916576
45852,178.21926314613626
45853,461.10951524034544
45854,184.3031934797372
45855,158.13032695458608
45856,359.00393509511423
45857,131.55914041527865
45858,117.15244092243769
45859,259.25834056106874
45860,228.36496169486463
45861,280.2645450857738
45862,133.05162253373953
45863,290.4704378789813
45864,241.82309292489484
45865,149.5380381238166
45866,136.92433017919657
45867,266.3322365355118
45868,334.0641483339465
45869,218.28060128630264
45870,78.10859827682538
45871,677.2095692005834
45872,599.4038818305614
45873,118.0665636137865
45874,616.351584887734
45875,189.47401867995103
45876,137.62702302841782
45877,105.58576152256869
45878,123.6985583601531
45879,193.59888814153462
45880,242.1192086504484
45881,327.7110267731195
45882,456.0943761123421
45883,167.80503727499388
45884,538.4352259847798
45885,300.4465201612206
45886,80.85236918412895
45887,170.80713128653218
45888,777.7095935880858
45889,159.85346485733743
45890,209.52016380362156
45891,211.95255243875934
45892,364.288715003994
45893,174.00140840122233
45894,607.0128354063156
45895,230.18268813348965
45896,355.3801664287316
45897,150.43179808840037
45898,149.64571367763972
45899,288.76607356301326
45900,181.18840199356984
45901,126.83563289657268
45902,100.19152370153128
45903,143.14553382276986
45904,171.3092501988813
45905,121.01357586790611
45906,439.9474660437772
45907,288.3780481873556
45908,346.63025488129995
45909,92.7222108675169
45910,87.58050377171553
45911,243.75586898619858
45912,283.0637349209661
45913,229.72205287489967
45914,545.3849730447195
45915,501.5358004943438
45916,200.53477793416357
45917,164.44689099020903
45918,572.0706704002041
45919,276.8779763362371
45920,124.43133114983463
45921,262.2929282274514
45922,127.26933208814444
45923,106.15594610542416
45924,308.2709404201101
45925,276.002339534669
45926,198.34842022887983
45927,688.7970174465341
45928,233.42915636244126
45929,197.89850057123837
45930,488.2507065043785
45931,483.4680615787622
45932,128.5855621337481
45933,472.7223174598402
45934,241.36661657888652
45935,168.34942834762535
45936,212.5668424407128
45937,165.55704789957915
45938,297.5578927902712
45939,134.77691782293516
45940,171.41195045178495
45941,388.87392889756234
45942,166.6070962818129
45943,414.1103776602589
45944,426.6240638993122
45945,116.90782376611963
45946,346.8202789651833
45947,130.95046694320192
45948,94.01715026247776
45949,365.4656122826119
45950,141.8626687513784
45951,183.26574199675284
45952,479.2604611050482
45953,144.85936263197442
45954,447.4560174255349
45955,205.86727694617625
45956,441.50872565665316
45957,229.34412668185757
45958,210.87865540941354
45959,146.67349479383535
45960,612.5663855153038
45961,143.4855673071829
45962,525.4715541067017
45963,241.04538563050224
45964,154.98535619235003
45965,285.5862634743561
45966,439.32245534130385
45967,173.6403909862858
45968,305.220922049659
45969,402.64680771061217
45970,85.53179387306061
45971,481.8839618029951
45972,185.33590899115467
45973,334.85221940696044
45974,104.93952793292429
45975,157.55292519209357
45976,362.80910582266904
45977,581.8314634285242
45978,345.3383405950179
45979,131.20821409272048
45980,137.22803847307048
45981,442.0877597352767
45982,414.01671349901255
45983,322.59738334677667
45984,229.9179766398428
45985,191.415158874949
45986,129.5882759726203
45987,374.3689198960318
45988,150.5650459776218
45989,171.65350697194626
45990,1190.9967980320698
45991,136.48260310242966
45992,310.84459399476884
45993,160.71998391440746
45994,579.6096990273895
45995,200.6369021128943
45996,245.4198127390562
45997,108.60480013918489
45998,538.1358494216428
45999,319.0945381609995
46000,270.59308247164824
46001,260.17156138196003
46002,167.5666451925001
46003,203.52434844472512
46004,300.6547948920677
46005,434.1218871932937
46006,171.8268437914712
46007,94.66021690443861
46008,498.0622218563357
46009,234.98314266599172
46010,158.3663236442668
46011,337.1993367719894
46012,355.9789572827773
46013,591.4574969261631
46014,172.1241300192448
46015,174.99333570848796
46016,149.3157534660496
46017,134.09253560478118
46018,380.42514019894475
46019,436.7758278892409
46020,297.41991221092474
46021,185.01900784234897
46022,177.20439720118813
46023,418.3316449711843
46024,885.1098534986364
46025,202.4778230258515
46026,223.51774572243173
46027,266.27467112239765
46028,238.98444235261192
46029,232.22801823012625
46030,117.37848011377633
46031,350.23961982267224
46032,223.34042452386365
46033,579.0569762067264
46034,185.05971773266518
46035,272.66250029100297
46036,209.1708533817192
46037,142.22922824206424
46038,91.85140402830342
46039,353.79879167683686
46040,185.22706281190952
46041,249.86515124000908
46042,35.56952396765753
46043,569.3593006398924
46044,206.21539266383076
46045,177.91752101139375
46046,177.19749537844098
46047,266.1168239807913
46048,197.11718559617026
46049,137.87501777350838
46050,509.9100806189466
46051,165.41424344492972
46052,102.46547399609932
46053,641.3612307397538
46054,196.77281138934202
46055,127.00920539117755
46056,128.78065487430678
46057,128.09018831731981
46058,199.31669150930603
46059,297.1887887094755
46060,138.87417915317457
46061,460.0062829223611
46062,500.2271851816545
46063,411.87272553528305
46064,931.0890377974163
46065,264.2705655532586
46066,214.61181985767308
46067,148.15513611005215
46068,289.7705224055097
46069,416.0904598053987
46070,115.78136564773521
46071,212.70397578607307
46072,201.19767020780688
46073,113.77518610000372
46074,256.2593869949108
46075,205.28399102649678
46076,249.34750497585287
46077,531.4980616551969
46078,106.79086970633129
46079,212.62480427186944
46080,373.73153725552004
46081,261.9938598608834
46082,292.47719239127207
46083,122.50950315888433
46084,155.67997040700473
46085,509.0752930719925
46086,250.71368053545945
46087,127.69167153565087
46088,233.16014908621514
46089,222.90563724294853
46090,287.1713914960535
46091,197.1045857023218
46092,223.0802936530757
46093,351.598418156367
46094,121.02252808671123
46095,307.99270108162915
46096,210.83774789151133
46097,320.5580028360119
46098,147.02415341807023
46099,339.6083041480904
46100,871.4873011490163
46101,277.043409744733
46102,272.1070490330833
46103,179.654209354219
46104,182.27491055665442
46105,322.43904641719007
46106,244.41856580776445
46107,197.94459924160034
46108,353.0892720802516
46109,1325.227385384209
46110,302.69091079839393
46111,222.16152951638156
46112,800.8511913246883
46113,180.36626599005137
46114,325.8863182438447
46115,146.98951391491622
46116,437.4349538398367
46117,114.24053565896382
46118,72.50928848734767
46119,545.521547827502
46120,250.00657720125741
46121,84.00118440286339
46122,220.22523467659104
46123,475.33678596523373
46124,454.0227005928034
46125,137.8859628928206
46126,330.1440642195278
46127,121.12927681705457
46128,457.7564757342298
46129,309.7165589906469
46130,350.477578803396
46131,205.60915549029448
46132,251.85339866720398
46133,126.72738876091074
46134,114.83975014612169
46135,224.50506055122187
46136,226.55025537150325
46137,331.3898275341403
46138,311.5482645462462
46139,86.49546694283463
46140,170.76083086539737
46141,182.86068699481177
46142,602.0743248509337
46143,265.2344937449094
46144,308.49692099087196
46145,261.42891893417425
46146,298.5236276826082
46147,552.3590986630549
46148,188.56646401684213
46149,262.32912385150235
46150,354.68844792383504
46151,238.55209147080632
46152,239.27239564759932
46153,316.56106570454995
46154,414.24822134693636
46155,117.0454882306239
46156,331.7562018479972
46157,82.34480897631649
46158,276.9159703569776
46159,227.6679791962093
46160,180.91695995374343
46161,497.47779930113165
46162,307.41609613231867
46163,306.58927537516183
46164,208.73832579999666
46165,166.33529291896133
46166,251.30660002138958
46167,317.04409277801443
46168,270.04620820087246
46169,183.8705071213676
46170,113.10577318878954
46171,305.6080911846068
46172,722.1061088143882
46173,335.86752502353824
46174,75.6180133966163
46175,180.05604886141896
46176,189.55528881698476
46177,445.673388562201
46178,404.9025527597665
46179,317.7941069192061
46180,428.0642798994693
46181,583.036483114431
46182,96.47617350179533
46183,189.02875974201143
46184,137.58703771671077
46185,273.69245154312205
46186,568.6815860020654
46187,247.47516302065907
46188,2708.493252448121
46189,499.75671714369196
46190,176.5448910186748
46191,340.4966069182727
46192,132.15688218898126
46193,117.60300448326682
46194,116.3193001333455
46195,89.39578746292709
46196,218.0146050001537
46197,128.0445597168275
46198,370.81170780897173
46199,256.8443624940264
46200,154.98798136744932
46201,303.9595796052216
46202,273.1909070592511
46203,209.63003800470574
46204,66.6874934702189
46205,347.93976749005736
46206,308.3981463207132
46207,244.50381351247097
46208,249.0287845950095
46209,453.47572628234195
46210,280.3036028740026
46211,297.70578208774316
46212,190.33132061769064
46213,188.69459572525466
46214,529.9511119649464
46215,161.3088675656345
46216,127.91843449374649
46217,191.98718709957868
46218,157.0525427086002
46219,185.43359094919563
46220,171.88527942386813
46221,321.6149798862222
46222,628.1031904650268
46223,108.85020966013217
46224,513.02312541872
46225,252.84376021332542
46226,192.63269011788256
46227,222.36110623230888
46228,666.9946524507502
46229,215.89001748189094
46230,611.8706834383098
46231,289.7001844353269
46232,366.5439781290456
46233,203.889526447569
46234,140.2908994868234
46235,142.64327504338286
46236,213.2729377076209
46237,397.09160201919786
46238,222.67891468180636
46239,61.86807731037801
46240,266.6500685303236
46241,479.6716452999017
46242,248.93971597250732
46243,211.7848612460194
46244,180.5025315437801
46245,143.2364560777737
46246,405.8260586894729
46247,458.0933899286655
46248,220.52755185756675
46249,213.97810802265127
46250,75.9768849690189
46251,340.7539057836673
46252,526.819365713587
46253,82.43200308525579
46254,1041.9205847677026
46255,408.67046520631686
46256,146.5158628211136
46257,382.7339678299661
46258,173.84522093838484
46259,193.07058656419565
46260,162.99016634541974
46261,551.1750670056134
46262,165.53851899226603
46263,276.67877669260986
46264,132.4134854435407
46265,375.9484706718448
46266,221.9838972710641
46267,149.88938024996597
46268,645.3702780314569
46269,198.60110239160932
46270,188.9561368014667
46271,154.75928281087383
46272,254.07668011291042
46273,290.76698726292955
46274,136.2171115052062
46275,204.91393957161517
46276,138.82948747834848
46277,335.83148296195594
46278,145.74156725555963
46279,165.08252196740074
46280,89.55684194903645
46281,283.4566399006651
46282,228.15882979485286
46283,344.7795569981184
46284,116.8176019719124
46285,345.44857307303835
46286,221.25788395898118
46287,193.8517555772016
46288,1435.584074875408
46289,270.9300913465458
46290,129.420255047618
46291,158.1042820848459
46292,2828.074767920219
46293,261.27428845353234
46294,206.12235612320677
46295,376.7003041548326
46296,229.5017463265183
46297,353.03200365547195
46298,348.663966087979
46299,524.2975595565522
46300,184.43115668800016
46301,128.27028371650357
46302,145.289543008434
46303,560.0311543271744
46304,228.85120129804122
46305,189.1232303733477
46306,181.43600841126351
46307,361.33576310359626
46308,174.2974200580251
46309,518.0672958666391
46310,180.14441978311956
46311,441.6448839056135
46312,284.9619501975247
46313,121.4748449651521
46314,488.27272562086097
46315,147.11344891011794
46316,121.22307941842836
46317,241.7666172523989
46318,204.80677709261934
46319,269.568479474472
46320,174.2546825844029
46321,264.3905437333948
46322,259.672899233643
46323,232.74933897737145
46324,106.32869243757116
46325,324.6946601012628
46326,213.58798807159107
46327,119.3121398008136
46328,282.6079740937655
46329,229.93458094750832
46330,116.74442490878987
46331,138.51683074544042
46332,225.83838255731996
46333,179.11230890595712
46334,210.35747340866152
46335,199.62322516890012
46336,318.6553796107027
46337,386.5688085616961
46338,538.0225550943043
46339,239.92747900284914
46340,237.60166227754823
46341,210.55582907807525
46342,197.55218701293342
46343,585.384821301082
46344,470.38828087196794
46345,270.12021593199654
46346,212.0421331641261
46347,211.9616614916982
46348,182.8021902001818
46349,393.07676266559986
46350,154.08738438113966
46351,259.17289403495386
46352,188.03634605806462
46353,172.82823635161856
46354,108.67258104093717
46355,176.4809853691584
46356,232.96226200079977
46357,113.2312173579571
46358,436.634628959866
46359,235.47136139367905
46360,250.14608289650803
46361,252.68460732921505
46362,576.3337820477062
46363,284.54463597455833
46364,223.41434164320825
46365,246.05987793884034
46366,220.891050295855
46367,268.68962354179655
46368,184.0173796693937
46369,349.4700806457115
46370,382.5979263265565
46371,498.85503971207095
46372,354.58276536467815
46373,182.7791193223769
46374,832.9896364887837
46375,283.009656578236
46376,117.9904220456975
46377,199.11481915449383
46378,149.67402083474948
46379,178.19564343037814
46380,215.7366509793023
46381,250.49149560343622
46382,214.4290447866248
46383,96.11481355022967
46384,108.80231919513531
46385,497.41990578860697
46386,190.82884615421003
46387,255.02081735683547
46388,499.87043398054846
46389,202.62704494966704
46390,333.1710662617313
46391,458.0773456219339
46392,278.9870909499002
46393,144.09278881203608
46394,331.6624838969657
46395,230.2798611924448
46396,198.36946263675543
46397,167.86155426844093
46398,504.89610467978065
46399,376.0673117593181
46400,619.2737909940602
46401,425.8719693570854
46402,141.7230799542405
46403,191.14403745353218
46404,216.92878019294847
46405,291.4819669481248
46406,273.0187638187901
46407,365.172157031908
46408,889.2333548668659
46409,261.52149171611813
46410,182.81857412026326
46411,180.21148167506726
46412,195.59688727419854
46413,189.56298086836193
46414,177.64503815090544
46415,194.8862067099684
46416,361.9247141458644
46417,151.47792884672646
46418,1204.536181652289
46419,56.08096663006063
46420,133.5874300504433
46421,351.85031818525243
46422,214.8946253010958
46423,298.6110556394397
46424,93.31622295448437
46425,474.6885650530511
46426,362.5895597312284
46427,164.08354758161096
46428,249.38731060063606
46429,81.60827590020334
46430,244.51995484890406
46431,171.9553185607999
46432,159.37684777479768
46433,82.56657997440969
46434,205.4742967701759
46435,337.2187974972842
46436,307.98038808428714
46437,286.15976183661473
46438,197.20085639180041
46439,728.2477576148788
46440,101.92674334799086
46441,334.69837256394135
46442,170.8867566803897
46443,184.84019434676642
46444,286.8914462000767
46445,285.43508214185556
46446,250.58447219912054
46447,273.0284475211305
46448,632.696170397726
46449,264.7897218747785
46450,521.2141753212348
46451,216.69077332770112
46452,161.87066203740403
46453,302.42551982537884
46454,102.2446646622232
46455,134.7156333608374
46456,771.7662316815479
46457,335.28776795628113
46458,201.82108441033577
46459,373.95820378490714
46460,448.20318844078076
46461,117.24982324132557
46462,111.35321424274032
46463,321.88639079133463
46464,142.18586852188105
46465,125.7274881823446
46466,665.8165722138139
46467,317.5609724719727
46468,164.80299424618323
46469,569.7866731484921
46470,909.5836706517466
46471,256.4176656692128
46472,278.8837690420869
46473,233.69695262885242
46474,227.59821033806963
46475,205.6688837605982
46476,148.35702441465648
46477,128.02408523600894
46478,482.64186446081123
46479,487.8295960473772
46480,240.29799617337994
46481,118.01788668984481
46482,204.38285188270675
46483,320.1925909849491
46484,115.48856491792509
46485,169.8131930186878
46486,227.77634063335356
46487,267.9952538727662
46488,318.63760456911086
46489,99.05817448918634
46490,465.6332344479928
46491,216.42077093851478
46492,345.32482078713343
46493,330.63146546166536
46494,469.7822946206316
46495,172.16675559059
46496,285.7564705689484
46497,243.3473834060471
46498,947.8640744596163
46499,497.7786867279076
46500,244.8912542155041
46501,215.31075147030788
46502,184.37404834920295
46503,443.88930390623193
46504,123.66624145075552
46505,179.39255713225464
46506,209.97511283726453
46507,129.28494037957537
46508,504.2507404756375
46509,400.7173264337965
46510,147.6836695158703
46511,93.49717706298041
46512,121.25905619177584
46513,85.7849911699488
46514,325.0910760270274
46515,208.39154778723955
46516,232.29998880835572
46517,129.26018347507662
46518,186.56453971817177
46519,649.4064366090098
46520,84.7353180549281
46521,285.786360164548
46522,206.5922332103231
46523,172.74145368599957
46524,110.85556451177389
46525,586.6210189292842
46526,54.23024233394216
46527,1384.644811487458
46528,200.1872232309494
46529,162.45296774450978
46530,204.11039730829182
46531,380.6292975254588
46532,263.03939397229163
46533,602.2179399799608
46534,157.00316590701087
46535,249.15018118567195
46536,227.82599965751243
46537,518.916890314496
46538,533.1432190826845
46539,201.0969289603155
46540,902.6253854364597
46541,315.849761566898
46542,141.6448835690255
46543,108.5774838047193
46544,254.92813001575684
46545,345.63423579069615
46546,208.83872439691626
46547,479.9036962182913
46548,153.59926025501534
46549,259.9299487388889
46550,209.2102800049357
46551,153.22868321695694
46552,211.0214196390224
46553,149.70903906958998
46554,162.25016807225882
46555,302.78738278133727
46556,652.7357941069309
46557,159.94604064350713
46558,646.2466957482046
46559,107.23705243186095
46560,369.69236861549473
46561,364.03525161886466
46562,104.61350240622325
46563,213.6906080969715
46564,227.29471318368175
46565,136.02068807624826
46566,131.01787338647216
46567,320.10972915296304
46568,150.13838386453088
46569,494.7512782099798
46570,184.16197982841388
46571,142.59359430103981
46572,423.6883827238519
46573,259.0279712617842
46574,223.05431050559648
46575,223.44369005929158
46576,218.4660483976485
46577,261.12864645551247
46578,692.7680116517924
46579,222.09878758484209
46580,247.8457275368511
46581,170.47816389259143
46582,140.08295037910926
46583,364.5751571865201
46584,383.06466297813427
46585,1686.250858597375
46586,224.99368652643258
46587,161.1044049749517
46588,244.7510626003388
46589,277.73165297919525
46590,315.357089907997
46591,144.42113060746553
46592,323.0990997185371
46593,172.85120290615322
46594,188.21501870344522
46595,190.609923615478
46596,294.2068389632336
46597,228.2404035166947
46598,218.91943689513673
46599,496.25083445880836
46600,397.4517174245082
46601,371.4292964810806
46602,296.2843848950647
46603,208.27376999143286
46604,359.20923550961413
46605,202.63954057157676
46606,228.45482401535642
46607,35.67248748392695
46608,290.41412946861465
46609,255.89067908141797
46610,292.9005788889394
46611,385.90921159471145
46612,213.48557340566205
46613,188.0754738440715
46614,139.37980112449563
46615,290.30117513659377
46616,188.11518876007094
46617,360.6733961200839
46618,140.90218938520712
46619,130.78227956049673
46620,216.63909314480264
46621,195.01863589758077
46622,258.07928354825106
46623,106.00493198934802
46624,168.5989551476891
46625,271.226173071884
46626,267.8551099882559
46627,296.98527142679643
46628,170.03783067421955
46629,256.6616897274695
46630,263.486480498325
46631,199.95181702076127
46632,286.83361542366066
46633,344.6303531761083
46634,376.7294896735692
46635,264.9057255029205
46636,736.9038458116704
46637,311.46324579198836
46638,125.72087003290932
46639,331.2307832663695
46640,424.1885919121119
46641,304.67367039856197
46642,1121.7874046253496
46643,557.6951287010683
46644,275.5060289349957
46645,544.7961081344081
46646,169.6549891140261
46647,287.7264163492
46648,251.46591502320928
46649,413.992720978377
46650,327.1851398782889
46651,115.30669320237725
46652,194.05215750553012
46653,152.60130082098914
46654,456.62792130250057
46655,599.5587240943069
46656,198.1002994751112
46657,135.070553961805
46658,322.74621910508586
46659,495.3736446400226
46660,421.3583531678514
46661,228.99299968979963
46662,229.71995773800646
46663,241.9037219969482
46664,210.26772531041993
46665,119.11352214981463
46666,110.10648961150606
46667,279.0383671947876
46668,193.86153928392758
46669,261.49841074911944
46670,233.11452612329253
46671,468.9213700762599
46672,148.12179197229125
46673,329.14364857888677
46674,119.25574688595421
46675,420.16643482383614
46676,200.31057181786178
46677,383.95814715291647
46678,122.60938030876997
46679,145.70314835937475
46680,168.32049361989434
46681,309.0853257075404
46682,293.67343410179814
46683,169.9000397097592
46684,178.02683053359186
46685,370.3685394005736
46686,151.45799990634617
46687,390.44597226747766
46688,314.1676643567073
46689,156.54409001481568
46690,129.30581685869757
46691,231.22309129752006
46692,96.34498524675826
46693,131.6017279131817
46694,489.8485513271702
46695,334.25581648858304
46696,241.5391311437933
46697,113.73113339755754
46698,200.17697540452016
46699,691.8942626135602
46700,48.28111864106214
46701,148.49859949327424
46702,268.2132313448053
46703,150.3294978011387
46704,244.6786280964017
46705,129.66812820398644
46706,267.3529307879968
46707,824.3432482610169
46708,228.0200967291761
46709,174.35974470565318
46710,162.5425708226601
46711,276.1750284551236
46712,159.15302913503115
46713,185.09253443086197
46714,278.55373966309566
46715,346.3814007398554
46716,309.66388493636055
46717,310.2572968109291
46718,601.857841167906
46719,152.92266583007202
46720,157.2766096448451
46721,391.88282594579215
46722,306.69871271334296
46723,319.69335359288675
46724,112.39612134382884
46725,488.9385202953782
46726,182.0187084140241
46727,227.9128691236169
46728,204.85524550386995
46729,149.12339150183135
46730,151.45994946798558
46731,379.65398351679414
46732,226.71545620533394
46733,121.38914763745869
46734,603.6928851245477
46735,133.22210780024733
46736,217.89798165720677
46737,190.64680260716037
46738,197.27987756038178
46739,232.93368673219535
46740,282.71912764926924
46741,130.60844194096615
46742,157.78656555139318
46743,243.0520113266558
46744,280.3755929599583
46745,270.7830968360554
46746,117.89487664071444
46747,280.3230131633817
46748,629.9792216066892
46749,213.3055878271823
46750,136.76419871251164
46751,99.90447781863882
46752,220.30624230656278
46753,264.7362443351393
46754,332.48291200182075
46755,369.8869783887277
46756,175.56199798783618
46757,75.65133485385557
46758,149.38638415942137
46759,505.8738123025103
46760,151.12609952610467
46761,167.79391210356889
46762,770.5995840414188
46763,285.3709776324697
46764,175.24325122671175
46765,727.4233747898699
46766,295.23354604632055
46767,132.55854817782648
46768,101.17383474187749
46769,177.33966181982655
46770,413.67125907531056
46771,275.31752152615843
46772,498.18769156768934
46773,331.10732181489243
46774,246.00690415084821
46775,344.2271316171408
46776,202.96830574973905
46777,595.2843854918773
46778,183.5344281016909
46779,251.27166245276143
46780,418.28065521459723
46781,178.24164755905863
46782,541.1862562613865
46783,170.4151539710909
46784,159.94503283613807
46785,970.1874026549477
46786,190.52871700638744
46787,502.39806714783555
46788,132.2263346719156
46789,221.57577739290943
46790,505.9071634030365
46791,357.61330987572023
46792,18.827493049037834
46793,597.2020917821404
46794,167.84690901803404
46795,117.58141595202072
46796,167.90626248685345
46797,282.4682550711174
46798,147.66890289186333
46799,250.5575760516013
46800,141.9660879681685
46801,199.13267851674138
46802,294.79532197123456
46803,162.78785647487464
46804,170.13644141642328
46805,208.08272079154133
46806,511.62478536473367
46807,184.634119162605
46808,221.4470066889257
46809,251.82363330325515
46810,283.1319289185276
46811,89.89075756833951
46812,520.0813166216778
46813,125.1209474029293
46814,160.3259994999157
46815,441.3102676520262
46816,181.451050132788
46817,510.7554951533556
46818,380.6247149927158
46819,243.4659927068518
46820,752.6274839094839
46821,142.94941039818332
46822,115.729584868048
46823,104.22211409090451
46824,190.4048714279513
46825,289.34878471359593
46826,325.3275177082445
46827,193.2827224726347
46828,410.75161350644726
46829,621.8163588007809
46830,283.28824762478166
46831,198.60427707114334
46832,186.1733238111181
46833,767.0891785550705
46834,317.80942331381186
46835,128.59964911581721
46836,155.26446467860265
46837,228.9546956342812
46838,358.81369971502556
46839,210.9327721912625
46840,580.0616349999414
46841,132.2932856973231
46842,306.6402439106197
46843,732.771484679487
46844,83.1650758491405
46845,208.4112858979079
46846,178.15199881235392
46847,261.8460739010828
46848,322.86595135128846
46849,185.78880558426886
46850,385.2080671310807
46851,291.71688142837445
46852,179.140965716206
46853,277.88781732237953
46854,164.1769331691109
46855,120.86335734990432
46856,697.7486350471243
46857,289.5655035256676
46858,183.60187426085025
46859,160.1402548992693
46860,169.6975423157402
46861,542.5596993407406
46862,175.03229050325106
46863,188.53009797151338
46864,234.9086191594054
46865,185.24386364815362
46866,153.2757452455666
46867,179.97291592887206
46868,241.5939847290764
46869,221.42633775368722
46870,271.226219993834
46871,469.73204612345137
46872,462.1346418833404
46873,369.5321543757626
46874,156.0023106446621
46875,260.93870020858657
46876,260.9521529165696
46877,315.70069036921336
46878,551.5542618830948
46879,213.81367698336044
46880,473.80373273259386
46881,107.05905337845797
46882,348.1538764217042
46883,180.50131614020293
46884,86.93868499264092
46885,280.73931689958715
46886,292.446960684912
46887,101.7072487249406
46888,297.46687749119326
46889,265.0364127512952
46890,242.69543032855972
46891,382.3982709301306
46892,229.42722373467777
46893,614.1328505257156
46894,133.64840526049736
46895,332.3754618824324
46896,650.464779605893
46897,185.61116729433797
46898,168.58951525084524
46899,156.78495554781367
46900,281.82789302470536
46901,438.1001486098813
46902,184.62312575783184
46903,141.41334165760665
46904,328.811267565002
46905,224.1269810146793
46906,162.38250064932768
46907,101.36961356439899
46908,181.0740998888466
46909,145.22529986607682
46910,188.47665951952044
46911,250.53578784449164
46912,238.38409589527797
46913,341.18951814865306
46914,229.68355364301001
46915,157.25567990936597
46916,160.29105150858612
46917,175.60607905773924
46918,232.7422991990795
46919,140.97989190508326
46920,157.5055698724877
46921,306.2453721428458
46922,429.8598048695948
46923,256.2202842942295
46924,271.59985059007744
46925,265.31321282373426
46926,431.55841770767574
46927,266.9376591358006
46928,287.4927099992933
46929,99.62557290181428
46930,356.42563904753257
46931,146.99364819608925
46932,223.0479764779708
46933,340.85964461667976
46934,172.71809070159748
46935,280.0359283006459
46936,273.56526161835137
46937,160.1457659354604
46938,219.9704050858571
46939,413.31626711437667
46940,216.79905936792076
46941,338.8465752598468
46942,158.65665773677856
46943,324.84850362344605
46944,165.20490446837655
46945,149.26586545725428
46946,301.7542652168951
46947,177.76047316014788
46948,540.9256586208395
46949,213.15114421114217
46950,207.87883827675674
46951,94.13758758826155
46952,243.74176382680778
46953,247.5754611206628
46954,69.83972817376883
46955,174.8497828554771
46956,405.49182724801875
46957,250.88414585594595
46958,163.11607453100856
46959,307.0188368880042
46960,196.757600190961
46961,163.58511186831055
46962,189.32465481771828
46963,224.47050977767807
46964,450.14322980108346
46965,216.73233206404032
46966,473.618673635767
46967,478.8816986763382
46968,331.5819771616281
46969,181.43870466115666
46970,166.91830043527244
46971,191.52012883836733
46972,364.4712914406807
46973,399.33352210554534
46974,113.02747902964117
46975,167.34687050227183
46976,222.6530180268989
46977,185.04048133824165
46978,102.03108680267106
46979,374.06243013479957
46980,177.18800714913738
46981,449.0925555267808
46982,112.00155268332507
46983,242.58658297368194
46984,301.71329579162705
46985,143.83420759109086
46986,218.65728194418625
46987,241.04582525034112
46988,192.128453331284
46989,219.04527697657596
46990,285.8562744789199
46991,478.11915613877926
46992,96.45271538250253
46993,193.38830533722603
46994,754.9916060625658
46995,187.5422367485126
46996,149.14265551300184
46997,107.15817459639072
46998,150.28212157048972
46999,106.77389005488112
47000,197.96670977100624
47001,381.9844423006977
47002,160.43652171778433
47003,251.4197853978482
47004,187.02175588730495
47005,175.99924838084235
47006,316.01114386850736
47007,200.0751887319272
47008,453.3676128327844
47009,147.5448813481617
47010,337.6720512836981
47011,418.38645435797787
47012,219.25050479399118
47013,151.67979448293258
47014,188.37193357011907
47015,255.81412558313238
47016,183.37235449857656
47017,226.95493826728904
47018,201.037038629516
47019,254.67384093818035
47020,103.3125283339733
47021,214.1474227290472
47022,165.53636451255235
47023,499.0842009402984
47024,271.86485634878534
47025,196.49515618108674
47026,127.45680687223391
47027,241.6027614466798
47028,490.739386759927
47029,132.17071860142377
47030,142.86843019862417
47031,303.9205128861315
47032,267.2349058462031
47033,452.67573916781066
47034,199.09690125260832
47035,396.86918312541314
47036,241.8860580296432
47037,86.51412040591534
47038,187.28299153595245
47039,259.06995252738193
47040,388.4895338480675
47041,875.0311791945288
47042,138.13582138067125
47043,161.2480634668508
47044,280.57812657634287
47045,126.79991513105678
47046,569.1317549051894
47047,322.5469258902977
47048,108.40827320259801
47049,147.45539402036874
47050,129.27818563974824
47051,375.4223526773685
47052,292.1760026770436
47053,166.75364590304247
47054,131.72223689629982
47055,134.80439928787453
47056,142.99579925539848
47057,223.31186013578048
47058,229.31405479307813
47059,333.7690244679963
47060,279.76553201005146
47061,276.9436548896898
47062,234.0459312741761
47063,171.16124249596754
47064,216.21628824580105
47065,111.920007938144
47066,328.4194201746217
47067,100.99827275680234
47068,207.82319251423857
47069,567.49197507152
47070,217.2014236024629
47071,163.67584535297314
47072,307.3701221796819
47073,210.91501691794176
47074,204.68130659104526
47075,266.2135006970814
47076,176.4591714019412
47077,189.7218926861356
47078,212.4373817464792
47079,139.93839704283653
47080,157.8965597289942
47081,405.7682311787264
47082,231.41387860157107
47083,566.3283191494439
47084,292.50251996290797
47085,256.5314790444657
47086,112.02003500265948
47087,209.94271300664826
47088,247.73618183685906
47089,254.12821599171022
47090,233.42062537526235
47091,199.56906671495162
47092,199.2678878175685
47093,219.11319846715583
47094,274.1138855218725
47095,185.55502531961585
47096,142.61729055404157
47097,225.8961311183692
47098,346.67213471614656
47099,402.04150968896244
47100,581.8665511872897
47101,265.08079708393666
47102,144.12480734219452
47103,306.84910094373697
47104,178.15778039176178
47105,356.3779835011847
47106,159.12907349392543
47107,153.08170568806875
47108,326.9716486574153
47109,157.22552008117506
47110,1137.8056563693349
47111,184.70284974024904
47112,163.94578427419876
47113,115.87845753078531
47114,128.16695764985786
47115,653.0050371482249
47116,94.17802963630152
47117,265.45425126468604
47118,201.82775608487887
47119,120.526305087736
47120,226.89422469609477
47121,308.710796816374
47122,289.0052504704105
47123,297.66428828601966
47124,819.6155830353767
47125,287.97599488879354
47126,202.89208807797806
47127,230.22571745942608
47128,337.13537402207544
47129,218.06062562032463
47130,374.67065064945564
47131,421.8845643358485
47132,708.2974104576401
47133,134.25896634177664
47134,91.57004878306574
47135,219.3311289988939
47136,279.69360323167086
47137,247.346984224517
47138,177.24697451353956
47139,173.69271934757572
47140,272.63488684995747
47141,222.41963363840233
47142,441.18437165802675
47143,641.2575721128256
47144,193.51191250861288
47145,288.0534272778754
47146,269.73394792442855
47147,178.43192636746514
47148,146.25201423081094
47149,132.43453738013363
47150,231.76105431037905
47151,248.96092702687784
47152,509.0450022918235
47153,524.5046659956939
47154,393.14852205473574
47155,207.46381759983984
47156,160.22939144787983
47157,157.9854324747149
47158,121.01306965204844
47159,225.08548467093323
47160,187.69481992167488
47161,1121.8199953953153
47162,384.5887296789612
47163,249.8433038832051
47164,185.9649877773457
47165,207.98090691244218
47166,190.0789457468799
47167,267.16394446474163
47168,465.7000692477494
47169,207.3334904500105
47170,134.82233067536117
47171,119.5968222774065
47172,103.32207854578535
47173,136.238017354104
47174,344.14136918645454
47175,132.96478871987233
47176,213.6241926687952
47177,215.83235874494736
47178,183.3271710268065
47179,230.0600934894498
47180,208.53337986401274
47181,329.1091523710527
47182,240.64375300191858
47183,368.82868319650174
47184,92.96401663503288
47185,86.76191330012247
47186,468.71551741020346
47187,441.6932604756139
47188,127.78990179738894
47189,209.8990104195687
47190,319.8057685975115
47191,309.5826348277474
47192,198.37491853420013
47193,490.27635705698583
47194,187.35298175385478
47195,223.24601678553614
47196,205.1915145814676
47197,183.40346164119867
47198,253.97796019517898
47199,387.2808670869832
47200,189.63300881235062
47201,128.20560379008577
47202,317.10424364204005
47203,225.32592750926185
47204,210.9087426598241
47205,503.57297512739876
47206,131.16345813366718
47207,114.31586076291642
47208,186.9236467481441
47209,490.2994428695177
47210,126.18591530069901
47211,232.7299005047403
47212,138.23917329387635
47213,230.74335562518257
47214,205.1409314560595
47215,201.24924356348833
47216,269.2360413175976
47217,505.56032863288306
47218,311.4101426720283
47219,191.5998095374819
47220,139.65174314468004
47221,362.21280738093253
47222,219.48322252951513
47223,241.94934010239234
47224,304.046662007384
47225,235.58412486960256
47226,501.8960220195722
47227,400.9674004652876
47228,208.82553679126738
47229,117.1503090991978
47230,232.40560283848964
47231,421.12226622157016
47232,271.31917466692084
47233,298.77900194894414
47234,266.8104810573697
47235,269.2682730122724
47236,226.56246914885563
47237,170.63231892153908
47238,265.35769746951877
47239,193.6298806723256
47240,192.27780499882945
47241,230.53351229132588
47242,208.88487844320014
47243,156.9643393091549
47244,167.8810548656786
47245,286.9016822555934
47246,247.03783309302983
47247,787.1093541515373
47248,427.70328222891897
47249,330.65179775687466
47250,192.0212010512901
47251,202.36749515367185
47252,237.99240181968895
47253,198.2494552127007
47254,214.99936301221416
47255,188.37252400913528
47256,262.59644507164677
47257,343.0300457055581
47258,100.52133791113769
47259,253.40029082292173
47260,282.09906284646894
47261,121.24024547986427
47262,141.9613655145935
47263,322.4344255839263
47264,187.50565630917637
47265,209.50689736634075
47266,369.1293154395582
47267,261.38331594470105
47268,392.7958429623417
47269,248.89656608709927
47270,208.11280053388526
47271,191.22273263884776
47272,331.3173448185402
47273,259.3481295568579
47274,234.4984271198608
47275,214.4378567410492
47276,215.5863291403397
47277,263.0997512604034
47278,108.56375281004509
47279,171.33286982948255
47280,127.81296461598647
47281,336.192973862076
47282,363.83370398687543
47283,384.0471911189914
47284,411.82396806284504
47285,199.5137213440739
47286,364.366511966279
47287,755.3989973113138
47288,296.68096346946214
47289,128.89286369592932
47290,240.54434376421446
47291,169.14429858018346
47292,387.71993534310184
47293,421.2424967252838
47294,291.9898360705975
47295,246.16343366372047
47296,256.9581703018283
47297,114.02905344532066
47298,301.83919405879226
47299,190.48374777983
47300,223.3441122906303
47301,195.26451259474675
47302,132.9488630464905
47303,236.90773897325238
47304,120.05394452183144
47305,259.0498797318194
47306,330.18968335730506
47307,217.73214974838396
47308,309.37155709964827
47309,382.9413670422324
47310,498.0820312738735
47311,679.7066583102296
47312,243.23806819734378
47313,241.19385782767642
47314,1235.42310298021
47315,246.50956972122927
47316,524.4117735595055
47317,224.45196144344587
47318,193.10970805267817
47319,503.3318157476849
47320,254.0259158347707
47321,321.5153876757338
47322,427.2058571715387
47323,225.92000408938284
47324,280.455591421175
47325,132.02924988100278
47326,193.08922311965173
47327,130.69772182189158
47328,346.39328026386397
47329,227.78217751523414
47330,599.7710394411071
47331,274.8313817215896
47332,448.2232368121588
47333,165.59784553184227
47334,134.16698146258494
47335,320.5271959864491
47336,409.8928567786114
47337,369.07837747460377
47338,118.52310827762287
47339,310.76433549981436
47340,125.03252422604277
47341,197.43542050627894
47342,263.4329231995059
47343,139.75400508936056
47344,233.37488082326834
47345,291.3212227684138
47346,150.9305719572519
47347,205.9616053115015
47348,137.62484264771692
47349,161.49996862177176
47350,329.55617998967296
47351,117.2701738961841
47352,462.08045596719774
47353,116.46597483176382
47354,146.94458508095477
47355,378.15920254249966
47356,180.03728420847963
47357,155.86472062857302
47358,159.91514946423473
47359,186.09153402167823
47360,424.46883764160697
47361,282.99687484232413
47362,123.51647467465244
47363,145.21894039886303
47364,511.58795557416227
47365,77.27921131072027
47366,242.57253902793855
47367,207.56939170201622
47368,120.79504216431829
47369,404.62910757503334
47370,158.24878734884263
47371,309.39476281585974
47372,712.2166714546147
47373,159.9298752490615
47374,364.9777417253638
47375,195.00239250038652
47376,244.65834497417444
47377,446.0173702316492
47378,301.4375088013165
47379,264.47041054590335
47380,316.65693960276025
47381,902.6607865405284
47382,387.84035845182194
47383,90.99145647975314
47384,465.15730054406754
47385,104.5852077193712
47386,133.52713703525552
47387,195.0673318409012
47388,315.63313032226995
47389,159.58678194922632
47390,229.20557149751164
47391,880.1489455724028
47392,197.63687014882703
47393,188.29471936107558
47394,280.0700145177243
47395,191.24780196776385
47396,226.50763315276248
47397,179.41251835261278
47398,128.89132483822007
47399,120.59312155067448
47400,293.3324487815741
47401,280.6922640957107
47402,401.4687249435929
47403,104.78752370315048
47404,194.06044924700106
47405,312.4113086271342
47406,153.20816140704386
47407,258.5236220202394
47408,1078.631743552361
47409,313.303805183285
47410,694.3679076568031
47411,536.4206062918953
47412,518.9370487218405
47413,244.47879004190742
47414,88.2349686974588
47415,343.68884957610214
47416,229.10938140546617
47417,106.62469722664223
47418,254.81194805433176
47419,152.35962210731822
47420,152.94766461330556
47421,206.166085195601
47422,506.9933809359994
47423,258.62852692064047
47424,429.4183153568171
47425,332.0220807523167
47426,167.50720829243494
47427,295.34725300435866
47428,417.9548211511221
47429,550.212617809298
47430,566.4143412333866
47431,269.1615194115893
47432,345.0501447332258
47433,150.9254853168514
47434,204.96103354799652
47435,361.15909508576556
47436,260.836680257517
47437,130.81343250586806
47438,372.0799433549685
47439,389.82576967854664
47440,224.94539064793696
47441,261.654597229362
47442,146.5773930853031
47443,281.8572830841725
47444,338.3994537798993
47445,359.03147503554135
47446,109.76705674816154
47447,76.45684298709637
47448,117.79280082118878
47449,276.93874392526146
47450,265.0585589171264
47451,219.58206249422457
47452,575.8514084784141
47453,257.3953575189501
47454,132.57210268036766
47455,357.2273295492868
47456,272.8297762143719
47457,443.16420221091084
47458,558.310074078609
47459,337.33623235565693
47460,250.25918131156394
47461,316.21723653805327
47462,282.03491269253533
47463,430.26598990714535
47464,142.35635027014686
47465,479.1280295034886
47466,407.9151112652296
47467,401.27968451318856
47468,409.554302186212
47469,9449.418068089699
47470,245.01326272011644
47471,403.98959570295426
47472,280.6639066711997
47473,125.58556605020209
47474,434.1257004814354
47475,212.1988951453327
47476,601.0128358489885
47477,203.5667858214779
47478,202.0024718384088
47479,512.5639411042018
47480,175.5670011936409
47481,172.31598419356536
47482,313.33084326012164
47483,377.40574762567053
47484,832.0874909836124
47485,245.74561521370492
47486,1143.1988986444553
47487,119.24547989736008
47488,503.6035348701462
47489,218.30117160447824
47490,303.12106278281396
47491,225.20222896931708
47492,245.08835560461253
47493,103.49502508911691
47494,304.1815437827054
47495,48.610802111791436
47496,202.09159021385528
47497,261.5460272301291
47498,154.4737494098206
47499,192.71019662444914
47500,102.70107918825377
47501,298.83239355725544
47502,184.82453455123624
47503,301.9314955521731
47504,104.73752553229177
47505,172.87159704978177
47506,209.08366141133368
47507,335.15008179210236
47508,141.0748728378096
47509,242.63867300323074
47510,1210.9554854660864
47511,986.3866559403953
47512,306.8351198101054
47513,199.5618344456586
47514,353.94274125531774
47515,587.3407218647401
47516,508.47372732964845
47517,716.833584857346
47518,372.81390407319634
47519,150.1454814376998
47520,231.7144029806057
47521,131.20875166050575
47522,365.8179744365512
47523,511.85532531702484
47524,172.51710364735698
47525,381.5002213905528
47526,198.44238340621877
47527,198.0700580453469
47528,216.40462288357898
47529,465.77321908605273
47530,277.8982522635908
47531,241.8480684166791
47532,362.63776446715116
47533,216.2195750640865
47534,320.20412329824757
47535,156.15379810397758
47536,289.7077477690983
47537,331.67335084166723
47538,363.4220416991419
47539,276.3024772939816
47540,1126.2394951458118
47541,140.96959490103623
47542,261.99364343873447
47543,392.3339980879705
47544,177.34293685975086
47545,332.70960873105753
47546,607.8094116978281
47547,260.74806853938424
47548,287.02255903292917
47549,1654.656744229318
47550,429.77443199834624
47551,125.70014728489244
47552,90.04518171034958
47553,110.64503523954986
47554,241.49269063367083
47555,232.62597294536477
47556,703.0525317720085
47557,174.1712615214321
47558,236.28160666305476
47559,264.3205562645988
47560,172.0870002099634
47561,145.40991755771478
47562,146.98560655280508
47563,122.83798435578056
47564,172.09467182837895
47565,232.631408590794
47566,272.8933696523647
47567,183.95676356943662
47568,279.41588642215606
47569,124.98595240369322
47570,192.42533438503744
47571,588.3028797735523
47572,184.00746947401888
47573,69.25968433721155
47574,133.55856714209943
47575,361.4971035105963
47576,189.94709290369062
47577,121.5624185491148
47578,244.0399229655817
47579,141.98355056402067
47580,249.36519903799652
47581,181.68271406679605
47582,278.506440496561
47583,290.40294754611125
47584,711.9352634503147
47585,189.56716517520516
47586,210.4150965035839
47587,150.64255217289994
47588,230.15577180120357
47589,348.8949088028262
47590,226.66490159641714
47591,147.11293464609545
47592,96.01065249353597
47593,237.8101852797342
47594,250.4642479776445
47595,176.71429166689248
47596,271.25073799348706
47597,249.6519763197851
47598,119.73019485632557
47599,361.53452208993133
47600,270.18007021293016
47601,260.2307343010192
47602,241.55600045001887
47603,152.50695802914862
47604,527.5596607461216
47605,902.294330554857
47606,338.1774350454109
47607,166.4632257051373
47608,248.08499629680605
47609,311.8615577621956
47610,544.8035688207959
47611,248.41988260544542
47612,581.5252872149631
47613,233.95812577063307
47614,630.9949014086047
47615,305.6945530746439
47616,152.93961578825073
47617,274.5851586612466
47618,242.95945463336378
47619,234.0610387729374
47620,684.9665282614094
47621,476.2705287554055
47622,246.5677861393997
47623,374.7171506297307
47624,247.7833278817655
47625,225.2337567711935
47626,239.37545810063648
47627,121.90830990670487
47628,224.42563395321974
47629,290.89656138574037
47630,193.18427556392567
47631,223.12000265094983
47632,160.41333879233233
47633,140.30352453237026
47634,201.34222462267843
47635,182.43362650945855
47636,225.98581595268524
47637,647.4540780455471
47638,143.02960895479177
47639,95.54600631874342
47640,301.91534489231276
47641,111.5349829730677
47642,160.11815766692212
47643,460.78168555065577
47644,274.3179577420236
47645,327.56440012523234
47646,141.19335667246344
47647,190.31650933950857
47648,271.726148389394
47649,268.41071171689475
47650,350.25867493863495
47651,261.8252197348021
47652,153.45473719048573
47653,218.95172858371362
47654,470.3594135809815
47655,570.7536196113628
47656,205.27384005406182
47657,201.6127900504951
47658,272.68021744716214
47659,217.6138714404339
47660,227.85577545845368
47661,233.42888113764647
47662,219.12669801182906
47663,490.2205632522173
47664,199.89212082403185
47665,480.4155341544649
47666,303.50195562772967
47667,344.23153716647704
47668,208.57604435772535
47669,185.11988736538524
47670,207.53778499705203
47671,277.4227062948644
47672,194.0053531924151
47673,188.03447967213444
47674,218.66701814256518
47675,157.83093212655712
47676,542.1289077738913
47677,314.64323995892585
47678,266.7695768176569
47679,143.0051127545825
47680,1223.0319211214655
47681,428.71364797626734
47682,254.77820161125706
47683,96.1323224326481
47684,249.23176240742717
47685,165.65152269604556
47686,456.68412630937985
47687,517.5155344419602
47688,218.45278175106304
47689,221.9350482663799
47690,444.0411844861057
47691,143.91607866842762
47692,172.75891655958335
47693,361.2511745847511
47694,125.02943185974328
47695,645.1579575230887
47696,403.7490925602418
47697,241.45400590643797
47698,222.0621527477621
47699,174.156063130242
47700,250.65720506170481
47701,352.5551378916573
47702,272.04378812008827
47703,392.1605004807317
47704,316.89877270774787
47705,249.11037676755606
47706,467.9498617637911
47707,384.16936517350655
47708,284.14826027962744
47709,228.6685291348447
47710,207.8916193231306
47711,344.0783517460892
47712,491.99647840746934
47713,204.25291614001443
47714,118.03176418687178
47715,105.47524837615865
47716,271.019789472972
47717,208.00256553986412
47718,125.78986195342249
47719,327.3466657703992
47720,458.1086933721195
47721,194.6219628715568
47722,152.98235978153195
47723,238.05169025192413
47724,379.0481158877505
47725,221.6760081920802
47726,398.5544413127288
47727,247.42620167988272
47728,275.72466952462054
47729,167.85350643372578
47730,211.6466180103256
47731,151.33891884729442
47732,183.90178837618313
47733,405.7718715013217
47734,122.59957816683855
47735,250.92822014405954
47736,414.23275122327743
47737,160.15777345938255
47738,474.4218505466838
47739,510.79136160206036
47740,343.24451640889015
47741,180.36501234946223
47742,913.1596981193105
47743,123.65164803122943
47744,290.5795672976025
47745,495.69015676697785
47746,225.7913928438007
47747,177.49449493145943
47748,219.21918491606002
47749,240.55413312607266
47750,226.54397765076024
47751,322.81993953663834
47752,367.43714344581633
47753,227.00562524156936
47754,224.31935609703805
47755,91.03568972138406
47756,364.8476396419924
47757,344.9666790023254
47758,173.16355487726563
47759,121.59884785618871
47760,292.2474791986008
47761,147.4362280332349
47762,231.33724961335062
47763,195.08776506596692
47764,173.2619618411248
47765,228.42809471153694
47766,235.6232018150737
47767,192.15486834185236
47768,562.4771762042379
47769,200.15154429540868
47770,139.84855531130617
47771,388.76016730398635
47772,191.1772110970309
47773,141.4291396952389
47774,310.5120609363014
47775,324.55483629433934
47776,658.4920861269899
47777,255.83660371734288
47778,214.76722250707954
47779,179.47140150321775
47780,139.06496303122012
47781,173.34576896700406
47782,813.1793815460554
47783,310.04776519348616
47784,1026.458870816377
47785,223.75595107057148
47786,603.4796486862109
47787,220.2087684891333
47788,364.16765180841645
47789,337.5361780968718
47790,99.70208933330603
47791,356.38484596061846
47792,140.7354584863695
47793,115.97103820052018
47794,350.7487152775612
47795,611.8669119474013
47796,274.1740248218253
47797,186.6184073798697
47798,238.3305275031972
47799,175.04965314174754
47800,146.7529742690157
47801,333.02747677119726
47802,292.5648540428567
47803,288.13520272806215
47804,183.38142680309127
47805,253.52609011688088
47806,121.60355610232455
47807,1085.551634787128
47808,201.45249952765204
47809,177.63020950188042
47810,522.5341693200368
47811,570.5734309698926
47812,297.9010148265794
47813,412.45543900630946
47814,146.77087476495583
47815,428.6359496171246
47816,270.3323593116743
47817,213.95875071775322
47818,129.2833484614907
47819,472.28439777615716
47820,89.80031011851678
47821,288.26055938151933
47822,188.8805966922871
47823,71.31307423106858
47824,388.49827288984807
47825,282.4981573822846
47826,927.6454777276275
47827,639.2664031111487
47828,294.98778692845383
47829,310.6182141789605
47830,180.0338846418964
47831,271.8972300135837
47832,143.38163353620683
47833,286.45176533323047
47834,187.9416322667745
47835,106.3233022786509
47836,540.8015596466025
47837,121.15322623686686
47838,223.44913426556823
47839,137.66637681947788
47840,135.73592436300748
47841,331.0693936559661
47842,280.8642357817129
47843,144.02368967568287
47844,427.2929923824391
47845,290.3778357112317
47846,146.25824747130318
47847,147.98655093869516
47848,403.0809333298556
47849,206.67999535884644
47850,245.6553893964807
47851,608.7608057508813
47852,102.31857330350353
47853,917.4605878418017
47854,214.78885109591636
47855,241.5990315356796
47856,328.04482306030854
47857,621.5460801627684
47858,102.77263208159886
47859,133.4537203049734
47860,237.3907238103158
47861,81.26214360508396
47862,331.3605694074208
47863,162.97641614829936
47864,193.18380436209105
47865,341.0211297497659
47866,212.30322364002407
47867,334.542189860961
47868,213.82329801105553
47869,239.52485957240768
47870,279.8816033864483
47871,166.02893982672524
47872,233.01013839440608
47873,214.8046079787287
47874,186.42971163680386
47875,298.245237349642
47876,215.1159987239332
47877,246.35177970804534
47878,335.4842970589377
47879,2436.5181186730856
47880,207.90051962723655
47881,127.0702195261884
47882,209.18635281098827
47883,106.97892844502303
47884,96.57126266630924
47885,212.31918066912354
47886,103.14773734880119
47887,208.37379400090612
47888,491.6223295106575
47889,110.08387476706599
47890,928.7284982015902
47891,416.78329335832836
47892,180.37208090667576
47893,170.27372694418364
47894,307.77839428190254
47895,173.68523700919513
47896,235.16694306860896
47897,310.96155930609416
47898,458.4306878405964
47899,108.92458026002055
47900,308.8308091009793
47901,460.2905240967682
47902,232.00926800797518
47903,224.19369525725946
47904,333.87613939561123
47905,372.1532345887981
47906,513.1698587715708
47907,620.0023694480923
47908,233.99187948553708
47909,431.5195134712668
47910,340.04045736637806
47911,587.0251710831695
47912,264.831873278669
47913,291.52857430998426
47914,165.8667472003668
47915,156.79944336701155
47916,200.38808971149095
47917,300.27934750549343
47918,537.3077962137043
47919,221.20075921441597
47920,287.6044279349512
47921,164.98716730808457
47922,129.20166003215297
47923,157.04649890088436
47924,358.5151053398875
47925,275.15367634814413
47926,558.1682339915384
47927,408.9471697995775
47928,608.5601018690928
47929,132.23765482869243
47930,267.47122084639204
47931,181.37515726632475
47932,289.4414589970843
47933,213.3463530730497
47934,289.26269746444143
47935,148.31147199118664
47936,307.4113491158862
47937,277.3052904957956
47938,764.6509279611381
47939,293.53155211524665
47940,703.6577772744465
47941,363.6627534490415
47942,748.6900009597043
47943,144.52861248840162
47944,198.50742041436953
47945,500.6558494794154
47946,380.7461861560197
47947,136.30483653262533
47948,198.76839333528466
47949,159.05370474741622
47950,259.17338420349677
47951,285.9639722200967
47952,190.0234295049982
47953,205.9561847440547
47954,365.95699327436137
47955,334.04949029825616
47956,141.51792503555572
47957,493.54750451796866
47958,118.73089223376626
47959,195.6231794890844
47960,85.83162346744761
47961,417.84248925244526
47962,110.00177212849657
47963,239.20444010338025
47964,531.1906260549893
47965,353.9157208857803
47966,143.4295047545738
47967,445.91929191963067
47968,744.2677806587012
47969,123.2190837704574
47970,347.5667928370664
47971,154.98239891028902
47972,439.93064187978416
47973,284.0628143028733
47974,102.65520903844677
47975,551.7528749504461
47976,203.8725039579814
47977,145.76128046184544
47978,257.4674972334305
47979,226.3756941249452
47980,324.39885941699873
47981,125.51075337639531
47982,211.1288953837651
47983,264.1758358392224
47984,262.8399772169572
47985,303.2334036715385
47986,609.4289673506164
47987,284.6473839039196
47988,417.404861327428
47989,586.7298621774748
47990,193.95484478999495
47991,1036.3540295032121
47992,667.678580171173
47993,77.48876135550827
47994,361.67711807899957
47995,595.5657838732836
47996,134.7292675558378
47997,391.04442874407096
47998,399.80007258616797
47999,255.71326918369692
48000,150.18488864069974
48001,55.872253025430226
48002,415.98832841927833
48003,109.99137491611306
48004,335.8600562787288
48005,146.88581241236722
48006,246.83713875995622
48007,192.08465185828547
48008,219.96311321628087
48009,121.01633394171755
48010,539.659841021776
48011,148.22331841903255
48012,296.2360765778093
48013,335.69391536810997
48014,169.28736964285085
48015,167.77103644418193
48016,50.13374961088111
48017,175.6044710119005
48018,263.38382104510424
48019,181.67413364612872
48020,225.07218260435707
48021,353.0896652969503
48022,344.6561687732287
48023,213.8121560354242
48024,113.88767731924817
48025,145.52812499786816
48026,245.82358771736372
48027,457.8039292505027
48028,302.40766228125705
48029,128.93308686182456
48030,154.78727197991066
48031,389.3441507059016
48032,178.7162349792597
48033,491.1418494626057
48034,563.9584626761246
48035,372.5293450508099
48036,197.57378096422104
48037,510.19021761573185
48038,376.606811896243
48039,407.54060657061143
48040,359.67647286137793
48041,281.8972871077839
48042,511.3982982031176
48043,190.4973720015573
48044,130.90248294598263
48045,532.7259620070511
48046,245.77846326904032
48047,155.22085286205652
48048,338.31127241992976
48049,338.8583403248699
48050,180.2883412836391
48051,82.37427561725164
48052,167.47953438465316
48053,265.8838106091138
48054,271.1330498099668
48055,148.4160121593077
48056,125.68105832073479
48057,294.4816293497686
48058,208.87292005065757
48059,189.69977226741426
48060,373.3375184426865
48061,136.24008340134293
48062,121.968798913066
48063,343.8270810252669
48064,500.11279280439794
48065,144.37896106392733
48066,266.1257601720543
48067,129.29646231601606
48068,167.27664169707148
48069,258.1112927787059
48070,313.2054647335573
48071,362.2819699714638
48072,208.20822481911986
48073,245.2316581086979
48074,537.140993961065
48075,233.24007541480856
48076,1298.3102660450968
48077,176.74460118263443
48078,199.68299044872168
48079,484.3288469962135
48080,272.7007519516673
48081,612.1746784158233
48082,254.34235862294238
48083,423.3999902678618
48084,191.25691668762173
48085,146.90766959290625
48086,97.89920797880447
48087,212.06910106819646
48088,84.366179482521
48089,569.6866032163412
48090,289.24756873990026
48091,505.8926712148917
48092,407.24542364551513
48093,360.9883180993786
48094,172.070391267005
48095,203.02907920550106
48096,379.2219410036614
48097,2514.829039719372
48098,205.29433028007844
48099,324.79937479348314
48100,268.6987650911349
48101,383.47889423462937
48102,214.00444488822188
48103,349.5348931610516
48104,280.4437972499876
48105,99.76726970978166
48106,347.90009042376806
48107,217.5920623271499
48108,255.17546939388927
48109,223.99844817886066
48110,185.46834811438964
48111,262.75487080222285
48112,1422.8528792555876
48113,264.50897466036776
48114,272.81227319534605
48115,88.38879493156145
48116,112.78788110729776
48117,153.5008613318534
48118,110.8776772978996
48119,237.0031542691
48120,85.35053400087759
48121,134.78341426361607
48122,352.89820696306776
48123,94.47518543982567
48124,248.11044122575308
48125,194.60861256062896
48126,451.45274509801277
48127,219.49355453951623
48128,151.36541256665512
48129,186.45712852409363
48130,173.1374026466222
48131,151.22692419699058
48132,213.95967985840917
48133,178.2475991518584
48134,120.04700382143068
48135,360.08275153237287
48136,269.45148840157077
48137,178.42928102982955
48138,140.8193541464307
48139,197.68869813013987
48140,638.9100521752222
48141,233.73987265052978
48142,275.821616588278
48143,360.5627811671419
48144,531.2087607401571
48145,399.94877290605837
48146,229.41425236475447
48147,170.40347782551652
48148,251.8477301345422
48149,452.62776492637096
48150,163.29948765831827
48151,237.70971271857826
48152,117.67610552299216
48153,97.59663111186745
48154,349.37151578924556
48155,260.71467261857987
48156,286.26467299840226
48157,141.47771234109672
48158,208.4783617621827
48159,263.3466314860937
48160,183.0655330311338
48161,62.46443758520461
48162,291.3615381536771
48163,171.38597864262323
48164,424.89741114636075
48165,294.19899092155526
48166,245.0459041649218
48167,394.57828513516074
48168,113.10636396567959
48169,158.7699596506025
48170,188.69292164554457
48171,90.64094181202992
48172,384.8131243070433
48173,246.4731868795508
48174,116.09526766463375
48175,440.8530258826894
48176,131.3341534640583
48177,246.78000570875042
48178,521.4513749196676
48179,137.35056930169947
48180,231.9572743648487
48181,253.91128864382867
48182,575.0529792819761
48183,371.7884008753224
48184,376.2976265420105
48185,112.71710720650982
48186,121.884802663267
48187,175.66938262248974
48188,260.86396921922164
48189,558.417334967523
48190,236.71031320310215
48191,313.6387513675653
48192,182.31481329976083
48193,173.7696673994285
48194,247.04390964552962
48195,503.86102424617167
48196,286.29303226263335
48197,174.28484089529366
48198,220.95958183519375
48199,138.97431951764761
48200,159.56524301503373
48201,394.796631936618
48202,228.88963455648457
48203,414.21603429915194
48204,164.49555760323494
48205,194.99897821975455
48206,245.64360894380278
48207,265.52372316655305
48208,374.8387152208327
48209,51.66170837238912
48210,151.3267837883608
48211,508.12227652854824
48212,916.0951603723324
48213,114.4172136025292
48214,235.76111675757213
48215,427.9834075693548
48216,512.4784176402551
48217,213.5432632601723
48218,325.97754493199193
48219,269.0087909540946
48220,117.48642134136294
48221,208.71410346734174
48222,95.50233568257231
48223,391.52442669801775
48224,481.502075307754
48225,137.4925808682701
48226,215.8713843316932
48227,242.90439638209787
48228,202.7586859855825
48229,282.08443634727627
48230,188.21748588888133
48231,384.3658569486364
48232,234.53125465217605
48233,207.7548006529802
48234,206.1332685263471
48235,162.59159739951457
48236,161.39823268103123
48237,592.9527050257121
48238,269.8003192740816
48239,144.30370029556224
48240,636.773483061768
48241,269.98703762395803
48242,274.35354910084243
48243,211.1329096825615
48244,418.80122722696956
48245,170.55992842207453
48246,691.890638665866
48247,357.36510243304036
48248,206.37761643407234
48249,332.7652833936853
48250,173.8729269011405
48251,267.581383409258
48252,281.34266495229315
48253,206.78694711139488
48254,216.99614488000395
48255,388.16717871431206
48256,181.5200634598805
48257,120.39119717064824
48258,272.3501830487254
48259,142.67484232154277
48260,336.1152617462757
48261,200.45674391848334
48262,94.73113474987807
48263,936.5306179683143
48264,118.12746395419731
48265,185.24313063143555
48266,167.88850017997765
48267,472.4918980018856
48268,279.8750942422052
48269,166.2482133131902
48270,138.2818035914328
48271,401.37893956914144
48272,288.7003372661763
48273,261.43286849623206
48274,252.80791019871128
48275,254.02653391784958
48276,157.1559834541595
48277,291.5890749067666
48278,367.7902831915823
48279,207.66517073564657
48280,145.38414655218767
48281,256.5901868725142
48282,811.6897803805881
48283,194.57494676842617
48284,223.03809725495046
48285,575.6399941311149
48286,132.9924870931636
48287,571.836794687837
48288,95.91570219543716
48289,265.04908579803725
48290,102.00227878859941
48291,126.03484922289408
48292,190.58471432166226
48293,961.6695058494615
48294,393.50251157371355
48295,108.39683519832337
48296,329.92093793161064
48297,143.7843572126799
48298,686.9899595552705
48299,385.2882406243484
48300,246.72245819104126
48301,678.6366254134607
48302,217.89225305479238
48303,911.7662289107362
48304,749.4524798749468
48305,218.41715977686465
48306,148.4286128823772
48307,487.76989692250464
48308,317.77628464897555
48309,170.65251807396703
48310,205.04049963785909
48311,292.44852832344856
48312,327.1199585681087
48313,177.34272509504518
48314,54.31585002444583
48315,168.74159461854902
48316,723.2501070972156
48317,223.0242650638019
48318,34.843114907565266
48319,253.3170261752255
48320,225.06974758826001
48321,252.7235007711181
48322,429.88618661539374
48323,586.8013795848749
48324,353.32571367366273
48325,242.6973333101427
48326,319.3519218029758
48327,335.5455794935068
48328,27.53093568678938
48329,315.96917526304253
48330,134.62056006348837
48331,131.08511196208144
48332,228.34383435934535
48333,126.38243459006009
48334,277.2953697390524
48335,231.97267525819098
48336,247.1959209790808
48337,315.70149996239945
48338,139.16324929497767
48339,340.6052892278226
48340,132.5005608335328
48341,696.0372340321409
48342,178.1459273702953
48343,184.92919191049745
48344,240.23549351905092
48345,362.4942387097533
48346,277.3588431380506
48347,216.82897825434668
48348,289.78458889481254
48349,218.3299939804346
48350,377.54911751567806
48351,583.9935868739389
48352,187.51703251921433
48353,461.5564220829734
48354,222.13147848646142
48355,263.7298909729835
48356,425.50856006146677
48357,192.80886930414508
48358,330.208440790827
48359,246.65341543288937
48360,503.45216363830065
48361,397.58712024501176
48362,401.80242011735675
48363,189.91769264989017
48364,353.04874631144315
48365,105.89575359569037
48366,172.8052557475067
48367,188.3391552733741
48368,191.65159133704645
48369,377.17073935058386
48370,212.03957244753295
48371,397.0854347754609
48372,265.6605793242788
48373,376.6174597346612
48374,470.8678386320786
48375,284.71904172679604
48376,230.26127963770125
48377,185.45936099951894
48378,343.0994896497775
48379,263.53956428567346
48380,332.6916427669713
48381,138.84764525929808
48382,142.9403757217513
48383,261.87928615405815
48384,124.07273735711301
48385,147.89708960127052
48386,114.5643932969306
48387,170.1445561626706
48388,481.92309526054794
48389,267.2486726615079
48390,516.108476003011
48391,389.0869662944041
48392,216.19796173707198
48393,160.23720428289445
48394,287.2541640971226
48395,102.95962895389088
48396,286.5265032113459
48397,454.88984408474937
48398,254.91101674556808
48399,225.57854470269228
48400,298.28497208377604
48401,184.56602437804517
48402,165.0277268593708
48403,228.03150937301297
48404,242.73892625407495
48405,216.96253469076697
48406,194.23420278505753
48407,211.0352101772101
48408,218.18531212580288
48409,275.0497411102813
48410,258.83361257570357
48411,214.20951687277338
48412,781.0435005725451
48413,341.8905678157279
48414,584.5263388665522
48415,537.3324395286542
48416,221.1404375757147
48417,184.24631074520704
48418,255.83239098920257
48419,489.3942852044976
48420,158.54488042164667
48421,177.43133270174937
48422,325.26520239123147
48423,233.50158961497476
48424,415.73522176988456
48425,312.1880439181046
48426,899.818755810017
48427,153.6506450333801
48428,277.25344415995687
48429,190.95055674734698
48430,310.6257398877889
48431,147.99918122741528
48432,341.27929446892483
48433,251.37553535930036
48434,1188.1641098690807
48435,154.1879528715633
48436,103.29466210583762
48437,462.8109477128183
48438,598.2332226394266
48439,325.55364796810613
48440,107.24372326042881
48441,198.25888750471998
48442,378.54544037101556
48443,566.9534551224958
48444,202.4808715271531
48445,343.47677515544717
48446,336.727792159448
48447,369.1575811331653
48448,109.86147865567384
48449,220.87205502856327
48450,543.375304599173
48451,201.1991660800936
48452,138.67460661596013
48453,329.2884801882435
48454,167.28459610282883
48455,86.08493647450929
48456,139.85127752400209
48457,216.60775940893458
48458,128.8221666166736
48459,520.5248676646236
48460,227.35622750445992
48461,213.11745339442936
48462,151.08809678620528
48463,253.75638585552602
48464,201.18930577960447
48465,206.26328278128824
48466,285.8404480368115
48467,271.656546378846
48468,392.8829582827621
48469,61.08756274796531
48470,667.834392559704
48471,220.50386012514696
48472,281.93123282875433
48473,195.24405393746582
48474,141.7125284135804
48475,320.4169595133444
48476,255.1383300882356
48477,251.4396094338635
48478,750.728222211673
48479,274.1491863593139
48480,181.18853684459646
48481,484.49976991144706
48482,120.57935573802
48483,230.84587232126427
48484,555.7963615915987
48485,312.03948137838813
48486,483.361011127456
48487,170.75868553790053
48488,172.66771190098976
48489,177.13608544903732
48490,199.1866851392791
48491,257.9367115385524
48492,155.61041341884948
48493,160.0228951735979
48494,226.91505686761099
48495,456.3873052732859
48496,71.07576817705592
48497,172.9354299712433
48498,104.42788161136788
48499,173.6750246243911
48500,383.28127574976133
48501,284.28412050757436
48502,106.0443682985542
48503,138.32035878146206
48504,254.20018233805442
48505,294.73602930107927
48506,192.73529715820717
48507,517.6148123355028
48508,331.6958174050692
48509,280.4214064092764
48510,1104.6995099732558
48511,183.69705912730038
48512,215.1585664963933
48513,285.9824728886143
48514,232.4102765619648
48515,183.66917934111876
48516,233.97004791728185
48517,685.6796879988599
48518,632.9146308463957
48519,364.1543021978596
48520,199.36865112658072
48521,234.58597966978272
48522,173.24232190411345
48523,199.47483952977893
48524,285.0066021682792
48525,225.95025300445621
48526,366.1852727937235
48527,512.6169327899396
48528,770.104063262465
48529,388.1022955551231
48530,548.4369243108339
48531,279.2283073102735
48532,226.83798629112655
48533,201.72923104458482
48534,139.82832948507672
48535,125.64987582957869
48536,345.1700777564844
48537,140.44224719480934
48538,424.0196484404156
48539,253.03819021301638
48540,111.35691853807708
48541,579.4001221326639
48542,116.21057541548741
48543,421.2924484493487
48544,215.15088849329985
48545,982.264736053471
48546,237.60166467523123
48547,458.0250084633521
48548,317.8976454839618
48549,130.3366690787475
48550,115.22813156390097
48551,457.7167766897406
48552,337.6957701647584
48553,111.74410461440459
48554,189.08342802209876
48555,250.34253124407428
48556,160.51059657345832
48557,323.26932940355584
48558,232.13378706028251
48559,236.9160330567091
48560,140.2508780316007
48561,127.42721230409619
48562,151.83100746624564
48563,332.3282311020622
48564,227.09785561731414
48565,418.0806809992376
48566,227.95332350967988
48567,98.8175210366428
48568,168.00793808459272
48569,123.95075620481481
48570,148.82454251784526
48571,609.005153371099
48572,443.3066255918727
48573,509.71465913684415
48574,179.85237627990318
48575,139.99249800901345
48576,189.4223450984821
48577,201.12699494320518
48578,220.60788160338288
48579,148.25414853762322
48580,214.50544348165676
48581,163.98902089729512
48582,178.9897349471989
48583,161.99092182867219
48584,435.5006053787636
48585,1266.1261643101311
48586,332.29010711182343
48587,118.0491819450389
48588,153.8784024671078
48589,160.34417646446494
48590,135.5691470142126
48591,121.42300239479087
48592,190.2289625065153
48593,429.6227837648091
48594,107.19778921019913
48595,122.94276269814172
48596,209.44892060878632
48597,173.80252318960638
48598,149.42107143674409
48599,289.80173502796924
48600,115.24397833164936
48601,294.60113445772686
48602,750.8498509965932
48603,70.47707931470657
48604,266.4509324917866
48605,765.0612473460931
48606,292.3382768438729
48607,188.59106045853062
48608,260.60894606312513
48609,230.5742270705594
48610,487.55155658832336
48611,90.04568037042203
48612,202.55068536407444
48613,144.1470207498822
48614,153.75352480021164
48615,267.17392265692297
48616,177.99419176658145
48617,308.1657269612269
48618,577.6283922085669
48619,170.101989437364
48620,222.59110083898724
48621,124.97438727415162
48622,218.06754022283965
48623,212.9901625558679
48624,127.17163036343624
48625,184.92731872717127
48626,232.86183921811957
48627,93.11674653203427
48628,135.95243421851265
48629,687.588901538945
48630,176.79514835478366
48631,245.75791536306042
48632,185.5840142257603
48633,166.24129537864553
48634,507.4718321680577
48635,132.80363184802013
48636,104.45794520614065
48637,619.112500623018
48638,503.77987628580377
48639,373.9400210989448
48640,275.85758197676745
48641,311.49822756106795
48642,143.3889532770428
48643,583.2720529878984
48644,426.0171014855318
48645,99.95175986259848
48646,308.1987083482541
48647,127.47787207291533
48648,101.57068161961794
48649,101.34505660124275
48650,162.72158673738952
48651,911.472197770825
48652,459.4774622338855
48653,714.7214932665988
48654,129.28078681542854
48655,214.28522369674167
48656,348.82233594303756
48657,220.0254819888388
48658,220.46780791213868
48659,185.1305725815231
48660,102.67166887388055
48661,125.80426811358369
48662,660.4666479516912
48663,229.23888236659985
48664,261.84059280030453
48665,161.1881776096499
48666,282.92787223936296
48667,238.57000871051187
48668,238.02488502318627
48669,296.58576608384936
48670,177.7103095866569
48671,359.20573168767464
48672,325.6924333909348
48673,97.42350688228207
48674,473.27163761224216
48675,234.71766714361905
48676,204.53367069108936
48677,526.6890935264494
48678,402.44284549957877
48679,231.7299540622951
48680,130.84790216453425
48681,120.87974763026119
48682,489.24197973709477
48683,382.41624576639254
48684,153.84202167719013
48685,450.7565838898699
48686,201.03419380723682
48687,347.03630665444996
48688,230.7146370938161
48689,107.55829116274677
48690,244.25123604657534
48691,360.2033030464755
48692,86.38342545852824
48693,210.17414747082034
48694,269.5962295926391
48695,338.90650857713183
48696,169.57467145366334
48697,185.06029020414724
48698,455.6365569095905
48699,180.00688270365964
48700,351.759715940894
48701,139.34203937710416
48702,172.24803672745315
48703,151.49986978768692
48704,184.90474314879484
48705,403.67709224344406
48706,166.52095984928368
48707,174.51094064737975
48708,397.0576238693852
48709,403.41959253137054
48710,516.526764328266
48711,244.17086621730954
48712,415.55561794454775
48713,60.53006386696129
48714,271.2150738855262
48715,160.5253357677815
48716,185.92121083439937
48717,164.82012864423055
48718,197.109276515837
48719,68.85872677839029
48720,335.9411433530186
48721,169.4388543910637
48722,1985.5240161976221
48723,293.2738748480249
48724,161.07222161087967
48725,296.53964748797773
48726,453.9786336114142
48727,293.37007325288994
48728,307.4696503699478
48729,325.483691451784
48730,372.25068987278263
48731,44.772077137083166
48732,660.759455636234
48733,542.0813590177071
48734,83.17393967248236
48735,194.59406777335732
48736,233.2495446678291
48737,219.66945832217115
48738,219.5684753951621
48739,120.84821671310972
48740,1632.0288468477115
48741,313.50384533791924
48742,216.02189954207367
48743,308.63333093959477
48744,271.20614141316673
48745,941.5257329048181
48746,177.4545032740139
48747,139.81542197948926
48748,156.56658733606253
48749,410.6304673034808
48750,272.3689718380803
48751,38.59412996456455
48752,445.47090291380505
48753,221.175664905951
48754,489.737799331687
48755,970.5787062874734
48756,530.8580770612809
48757,344.68366035218673
48758,239.3947009595934
48759,264.88541541861554
48760,321.6343956338154
48761,216.91262689601112
48762,258.85770040358074
48763,514.452073656386
48764,325.6321316818661
48765,91.73502326320869
48766,196.25267600644585
48767,197.32605508073894
48768,265.7938460113488
48769,643.2497310966415
48770,190.18400092446436
48771,194.2974643879988
48772,702.2641549531302
48773,168.0530332077162
48774,316.4758951946819
48775,93.82355082759175
48776,730.9257865586432
48777,559.5777517332007
48778,125.52593241825761
48779,338.5963595212279
48780,399.66889712451393
48781,173.96698190136703
48782,371.83853941325594
48783,125.19311777598257
48784,158.75860477026245
48785,788.8223659154309
48786,180.88193213467886
48787,220.28961807080938
48788,416.10896758277363
48789,457.478838704375
48790,266.42503181531276
48791,522.4985856031988
48792,117.75754659551731
48793,214.40094691913714
48794,209.69727905560467
48795,299.5330364334933
48796,199.80199447715296
48797,503.97127306271693
48798,130.0803938230934
48799,344.2144869350775
48800,218.65529719911356
48801,164.00583818208344
48802,347.0337782175511
48803,455.74474101285335
48804,191.86191409638488
48805,93.50440425570835
48806,339.1012022470047
48807,229.75959618036885
48808,288.5961651483842
48809,303.2135923430344
48810,407.8264075208532
48811,336.38894419371275
48812,109.07742676559313
48813,349.69477472623703
48814,160.50578660655776
48815,125.701898076066
48816,248.83579813502973
48817,180.02535095619913
48818,234.8831051828046
48819,297.33446838689304
48820,468.2996960090404
48821,317.83924593740926
48822,44.414131208617775
48823,211.79042921595712
48824,163.9188313325488
48825,706.7456639978253
48826,318.1036100701049
48827,729.7451069158383
48828,266.34246301789284
48829,50.38943397391672
48830,157.60336509697055
48831,175.2061569868014
48832,293.52924246180663
48833,162.17896140193204
48834,192.2800442854587
48835,129.85848904058537
48836,209.5058724521635
48837,193.2967075399925
48838,261.83534361573777
48839,215.52007219988974
48840,241.79890364261482
48841,324.4839526696482
48842,254.65029916186649
48843,627.4991370786992
48844,577.1405928310918
48845,259.1279801030031
48846,192.04471486112385
48847,78.73263637767297
48848,123.55062024394657
48849,136.7630397065655
48850,219.97749536737211
48851,289.1604929249312
48852,582.6409305594428
48853,199.70226173920676
48854,276.7993841559844
48855,202.86616163102607
48856,147.07863275206904
48857,437.03676652723243
48858,99.40987069089319
48859,288.7434396507773
48860,849.6422566521436
48861,191.14860268790233
48862,179.1550970797462
48863,179.2811567375321
48864,636.172301581514
48865,312.1797314504543
48866,250.57842620852801
48867,227.0088562988694
48868,328.82015648490983
48869,460.1526272940235
48870,166.15734223117255
48871,357.65760259699505
48872,135.92973485984152
48873,196.02748880386758
48874,78.74819168160828
48875,334.8019537753718
48876,315.0551379439132
48877,894.1310264509235
48878,568.3724081546117
48879,320.27748480801205
48880,253.92935493588988
48881,173.81298587853743
48882,128.2412453039414
48883,271.76861792174503
48884,331.0762153549613
48885,119.3159333842842
48886,172.2492843466278
48887,173.8436959030652
48888,202.29034260142083
48889,146.06097279815353
48890,500.81640920944903
48891,287.8266287254175
48892,180.72221376024712
48893,117.78488475124755
48894,89.52775301791559
48895,250.1817007546964
48896,154.08113476158908
48897,193.4035894990403
48898,183.1642907656904
48899,425.0593890852083
48900,161.03955071280214
48901,175.5761072860664
48902,398.3375983870984
48903,281.23695711039693
48904,131.13836013406922
48905,147.56172117212327
48906,116.86363586158404
48907,96.91418147789045
48908,152.77958072427708
48909,315.08024860017974
48910,217.1287744026877
48911,173.47069757804232
48912,534.8070603547485
48913,139.2066702645852
48914,369.05550255335913
48915,185.07240129870917
48916,265.1260876650125
48917,104.37812172105916
48918,329.5634852241689
48919,160.49226501403973
48920,400.92101496667294
48921,216.5403152195067
48922,127.16996160710343
48923,165.13385159279989
48924,282.7082290324068
48925,140.73768883118052
48926,167.730852606105
48927,178.1819633326238
48928,85.48863106343782
48929,266.86489496163307
48930,287.88089711882344
48931,251.11030190184192
48932,262.8745508840089
48933,131.69490514558998
48934,284.98419794116427
48935,232.7124421015289
48936,204.58809073820584
48937,359.81089335475247
48938,346.59789235015177
48939,118.85407744805701
48940,161.78371307285082
48941,141.23982393316203
48942,214.7487757513734
48943,195.98733982273524
48944,438.79630259690157
48945,300.634332128952
48946,723.8030442589882
48947,168.15399828216198
48948,270.59535071952496
48949,576.743813739649
48950,192.57156891493673
48951,203.2451414084986
48952,111.35641479958899
48953,103.25741308331482
48954,99.11594047442172
48955,156.75251319758203
48956,161.56320566421627
48957,421.2003913308339
48958,303.99240769730693
48959,82.02937677568138
48960,429.4760169449683
48961,190.54764864781356
48962,143.00007413118345
48963,198.93670629331962
48964,147.94009985307335
48965,293.30629610327213
48966,78.63129188622679
48967,655.7654714774945
48968,206.04439367059538
48969,197.09834570353118
48970,202.51462235675905
48971,212.48831717328838
48972,263.2789572816374
48973,168.16429248450456
48974,169.3133055705789
48975,346.23101744253563
48976,389.4486879753971
48977,226.848907980362
48978,282.19692815091435
48979,202.35658698400735
48980,505.58733317173767
48981,291.7564753463787
48982,362.738039299229
48983,294.9816638410027
48984,518.4197405894987
48985,254.30777049325846
48986,196.46627684842557
48987,377.46748313781507
48988,265.45861138864547
48989,267.5830577462174
48990,372.20245706976993
48991,581.2963435764449
48992,96.03736986158516
48993,445.7757324149709
48994,115.69123920271706
48995,770.0359406925479
48996,237.93853968964999
48997,574.3789296903382
48998,115.36307171968998
48999,195.37872527293416
49000,249.86467558779705
49001,138.99319388308504
49002,115.97340831766911
49003,365.6449732335509
49004,134.1846792429126
49005,166.50166999669054
49006,250.26960336002458
49007,254.49135240424647
49008,201.05032515898222
49009,85.3907296015805
49010,324.73562820118497
49011,243.49182995788613
49012,516.1730214499848
49013,134.48492973790104
49014,282.39330661014327
49015,264.2002757438125
49016,543.4542780606549
49017,134.9488161197159
49018,327.5171750003705
49019,455.083396088533
49020,203.3015235168823
49021,388.7269412856346
49022,730.4500549269142
49023,192.8017108708635
49024,731.4407640141616
49025,155.23060716073374
49026,228.44684101916164
49027,167.11002143540296
49028,282.246626067326
49029,749.880971423867
49030,283.50697050250045
49031,356.0288689024668
49032,332.5969954662494
49033,513.143629027832
49034,113.17323274489884
49035,231.6811133399322
49036,258.7566343283604
49037,397.1193467027714
49038,336.4515548544896
49039,411.11569619561527
49040,278.3201729288105
49041,172.33758469229622
49042,227.63297578014942
49043,352.01166570101526
49044,335.66702311905385
49045,252.24166761186464
49046,239.38556717736375
49047,226.96117578371408
49048,263.83039891877524
49049,497.96666800060626
49050,192.68308389636584
49051,212.69345520917744
49052,218.4482335680896
49053,202.7498876469515
49054,133.37946390746998
49055,264.493759666892
49056,248.02558544586307
49057,126.73877821698288
49058,342.3285365786944
49059,211.27819430658568
49060,191.94769346977796
49061,249.40699836319683
49062,165.7298293497661
49063,562.1517719603655
49064,87.37399746425935
49065,267.54337562278994
49066,287.865110633561
49067,312.59140124816247
49068,259.65689858927885
49069,222.8833485386137
49070,456.7546227818176
49071,203.19189636261834
49072,147.90910153418093
49073,511.6109059351035
49074,84.21766667808103
49075,213.679831069337
49076,515.067209259834
49077,219.11687851304393
49078,177.56884644238121
49079,348.5893301429488
49080,626.6433537197846
49081,178.98918124892958
49082,185.60164281031186
49083,158.38320558221852
49084,158.58217008670536
49085,92.16954314273407
49086,124.70626057866262
49087,168.21915360121156
49088,267.02293104549386
49089,163.78697717903492
49090,313.896952411596
49091,528.8121460233962
49092,242.48344808071627
49093,420.62865424258416
49094,182.65506030085692
49095,418.1557350466176
49096,303.54173798584975
49097,404.26448396120367
49098,469.50861886800095
49099,1012.3292048369507
49100,142.15640780487072
49101,144.73313847826645
49102,218.8996208889539
49103,344.65692467395195
49104,184.691117911668
49105,338.58834040753175
49106,278.05209672945307
49107,433.75491203426964
49108,213.63784753063607
49109,197.81265322321002
49110,127.61201743957282
49111,138.32564449045756
49112,193.8115278529355
49113,223.04504424850538
49114,633.9511695838582
49115,262.52502410379964
49116,290.76636067418707
49117,9556.694467745654
49118,125.5258606410825
49119,153.18755873970505
49120,193.16798162183792
49121,535.6193219909219
49122,228.47298326874136
49123,274.3857784868037
49124,306.73288659983774
49125,468.53307920700547
49126,230.4607936465775
49127,303.5214504481893
49128,530.8126935455306
49129,136.31685632869457
49130,165.36296681420535
49131,153.7246658253006
49132,131.20529280215158
49133,126.16899745121592
49134,242.71436791010552
49135,162.99957415523664
49136,127.51957452884169
49137,252.50667420281303
49138,226.99799480173314
49139,211.50956432305813
49140,479.20977824696047
49141,95.0609653956295
49142,189.25378399432742
49143,753.9198276794301
49144,275.93715853771744
49145,92.56608896155855
49146,177.74939524324085
49147,215.08745071724005
49148,331.1626555392434
49149,110.48740264887836
49150,453.6243806333126
49151,163.5030755276668
49152,191.7790504505977
49153,194.66601581847857
49154,200.1721627294231
49155,122.73920011226494
49156,188.0019977585681
49157,204.51341974260035
49158,414.0279292822762
49159,139.0039215476977
49160,620.9843755431835
49161,241.89399784953764
49162,238.30978612811055
49163,297.5766372638696
49164,551.6636080777641
49165,260.5369722278622
49166,318.03947382001166
49167,466.45987236248055
49168,229.51194874612932
49169,282.5921283185478
49170,187.67473223561825
49171,209.93463209266935
49172,213.5537822085166
49173,215.02981720350618
49174,172.29479428352488
49175,79.60533868401227
49176,138.78088386303043
49177,302.3774213618384
49178,201.68558286369225
49179,134.3456211748587
49180,201.8533259555799
49181,44.33082717261067
49182,205.50156237457853
49183,383.0889842931609
49184,216.90563869263525
49185,300.5143487595744
49186,899.2596309530396
49187,108.19155520433138
49188,1105.266016487676
49189,571.7111902953036
49190,150.46442215920942
49191,330.64523252848363
49192,159.5057131966492
49193,422.2725016922572
49194,141.0152127748899
49195,215.45371016130503
49196,168.062989908671
49197,210.85547664272295
49198,382.08989882207686
49199,119.12974164552679
49200,376.4977613732309
49201,134.31380924842233
49202,150.66307668144796
49203,1015.517901048299
49204,310.50132658394745
49205,137.39953319449108
49206,114.41149245487313
49207,176.21139349915816
49208,281.73559025000145
49209,140.3073572206064
49210,415.5301004101718
49211,239.60949891648812
49212,265.2160042046393
49213,114.50042371173205
49214,116.5826986304784
49215,130.2836987269913
49216,342.1939221154763
49217,206.03469231269506
49218,133.65004866423533
49219,360.6521775587746
49220,490.12841318004075
49221,353.2551995722141
49222,252.19387550707208
49223,494.9905328625895
49224,109.01735679344453
49225,112.29464610565857
49226,134.75032431340213
49227,256.3187351202898
49228,409.5178665105399
49229,419.76016401900154
49230,202.33675091256706
49231,145.79023907505416
49232,699.5507431180978
49233,196.31936898497005
49234,397.7239186306194
49235,269.20940829135134
49236,472.60558162584493
49237,89.25745262413635
49238,296.0488556835728
49239,213.3121347407242
49240,109.00461468301114
49241,291.74809206725604
49242,615.2302950204572
49243,190.69653349624164
49244,111.32850943453049
49245,190.12541212082567
49246,113.7134735190855
49247,307.31720957855987
49248,311.8125595615128
49249,224.90749766607237
49250,195.49834220446164
49251,421.18961130705407
49252,281.22079402114787
49253,161.99260088163945
49254,447.10459763498056
49255,152.75349089372367
49256,432.37321117456463
49257,215.26115859972418
49258,290.39928427465514
49259,218.90361448258446
49260,171.89408864306785
49261,389.19631270430364
49262,275.51151396798815
49263,110.52104777443571
49264,211.54828556456454
49265,180.0280399686171
49266,270.2577455595852
49267,278.30880869740986
49268,90.88237428744279
49269,203.35036167367159
49270,218.39000863476323
49271,280.6835313024533
49272,692.6897581813456
49273,188.11232327120675
49274,142.59873902624705
49275,142.29160234779627
49276,167.67079196380084
49277,359.4702762273956
49278,127.5884006669098
49279,478.33296800329634
49280,198.28298469088796
49281,193.78684270398253
49282,441.4291728050287
49283,109.97958743850285
49284,282.4160797330104
49285,206.0325911884712
49286,130.3550698987379
49287,343.12342975154087
49288,640.3813800123856
49289,691.0131573247924
49290,436.0744829536611
49291,173.22367359057884
49292,149.97508430568212
49293,109.59716493554566
49294,155.88180928015058
49295,135.834168980002
49296,479.6162862446555
49297,587.0840843016836
49298,507.7646016408772
49299,371.6021710399941
49300,194.47862127641577
49301,446.1084123386524
49302,288.7670513475313
49303,446.0163981181827
49304,128.7473921033416
49305,381.9678420082097
49306,161.60478639538692
49307,268.59015666394134
49308,162.71940215271363
49309,143.28922623962865
49310,290.6888211334268
49311,125.86317810902737
49312,280.44201526403145
49313,190.70619606280368
49314,181.5699974473513
49315,261.71269187388947
49316,210.2139555761348
49317,137.99594272282332
49318,454.4086406928761
49319,191.5726507386572
49320,318.6019519581987
49321,188.07854411310498
49322,237.68993595947154
49323,259.97456044818273
49324,116.85232283025609
49325,358.2910314519348
49326,515.9794505596524
49327,151.50475922417124
49328,165.58110892134167
49329,180.72369811644361
49330,209.06060706124114
49331,143.1366326598712
49332,147.69965251015486
49333,108.8066362796321
49334,179.63420280710906
49335,132.1469890539779
49336,229.98213204176832
49337,297.3226832079139
49338,38.818312951086256
49339,128.98559488156423
49340,155.41521096143103
49341,219.92389879190745
49342,86.56843782169648
49343,235.94684339967026
49344,191.51300882484344
49345,197.09686995074816
49346,196.08378009199762
49347,180.20372237121978
49348,248.23804164437945
49349,126.90358272847732
49350,139.550294402884
49351,254.46533986841862
49352,223.03322700894756
49353,222.2727777725897
49354,193.9297364777723
49355,124.88733073354283
49356,206.71000644357227
49357,394.7215047198124
49358,295.2248917071365
49359,557.2514944665282
49360,296.5107318077981
49361,110.10615136249304
49362,309.5758053696843
49363,203.82642241535305
49364,374.88976895656526
49365,79.64858077609894
49366,285.040290791091
49367,100.45330515932616
49368,105.16424022291551
49369,192.7067773163535
49370,456.15684088573266
49371,167.74662047243385
49372,393.68818392498065
49373,307.79795486233616
49374,200.43819294460326
49375,160.63856453227257
49376,161.81256293118398
49377,239.32623488907504
49378,232.33043163015216
49379,183.17510621791303
49380,158.0472385887785
49381,205.64145074104835
49382,205.5787151185816
49383,189.19346895497432
49384,719.3477021969644
49385,112.99685198973467
49386,277.89549074000865
49387,259.9203676524085
49388,197.99996285451144
49389,222.60313453421307
49390,880.180514801713
49391,290.16559394621345
49392,204.90968768982344
49393,114.63691063761
49394,182.8397887815447
49395,205.9788524057738
49396,380.3122967972749
49397,330.1450881698215
49398,386.85883415351543
49399,217.86456667225283
49400,360.905989740933
49401,1060.274263732475
49402,237.03926631501344
49403,723.0571118386348
49404,188.78390218868512
49405,161.3326966318477
49406,259.0602370196751
49407,200.28606941357197
49408,864.7552112769671
49409,553.6629451009975
49410,277.4644738165375
49411,113.3426496325984
49412,604.6880504380616
49413,397.0282652621177
49414,122.97563521536178
49415,219.99480695070508
49416,275.63741935650387
49417,679.4376309287297
49418,154.1250007524182
49419,293.20760630591917
49420,284.82474399528155
49421,136.8609263965097
49422,199.46183796560456
49423,111.38794057045973
49424,187.19244374734689
49425,122.40253634358879
49426,289.7274417098513
49427,175.47961315235585
49428,505.89354696315775
49429,339.9307668911142
49430,149.45403358251627
49431,151.3442082813109
49432,307.3576287789998
49433,509.3467635187545
49434,209.05623960106723
49435,165.84549585611896
49436,866.005720878231
49437,224.34053707829378
49438,169.52570916383692
49439,457.83441359820796
49440,86.74506016761983
49441,238.8835479488554
49442,328.62785105118064
49443,699.9169993100597
49444,461.03887074672696
49445,86.43576576288996
49446,323.6469124432738
49447,117.3697071612353
49448,217.08143285605954
49449,266.48740095752316
49450,163.69576215082435
49451,559.5870456967721
49452,376.1959821593431
49453,339.726659387225
49454,108.74870463210021
49455,222.9278143594734
49456,224.41205593147865
49457,232.45587728577337
49458,199.94181958593384
49459,201.19703144990157
49460,204.44195012853876
49461,144.7012113760101
49462,290.2260618484029
49463,296.32037164411406
49464,387.40349292406523
49465,214.1178698578447
49466,318.9357946908703
49467,410.57514236552004
49468,102.14956519132767
49469,345.1982472240752
49470,152.2909312006557
49471,189.94438282337345
49472,125.06550804919004
49473,360.17694736135235
49474,125.1870998457377
49475,311.0993711208426
49476,214.3037471188667
49477,150.44475631264078
49478,186.4762117408399
49479,460.37183518866993
49480,115.54831109638947
49481,246.53787300696783
49482,333.0440247802402
49483,109.8157054324253
49484,225.62957842924845
49485,279.6420325638595
49486,185.743399788942
49487,152.5621042918466
49488,354.8760985745072
49489,432.9222913465902
49490,179.14978868236608
49491,289.30975533022263
49492,212.1785365476102
49493,209.01119700604886
49494,260.3079332016948
49495,411.50706182295477
49496,206.26337107324215
49497,133.19581406732055
49498,288.0548065790205
49499,148.49159318584557
49500,247.33584255362047
49501,238.4300061344605
49502,137.5952019767688
49503,200.27391114520515
49504,230.0342547919581
49505,86.2451250297712
49506,540.88470449718
49507,208.6493434529484
49508,241.151662560451
49509,182.29231482269554
49510,716.5602770102902
49511,271.35853571389
49512,389.36731545410214
49513,346.1947576640164
49514,419.06752305578965
49515,170.15792276299626
49516,437.0797275535426
49517,142.4620265762454
49518,114.20451909149477
49519,434.64642917386425
49520,110.52350240806115
49521,219.40461172927868
49522,213.68645340956766
49523,154.11025966040867
49524,111.59480666798737
49525,304.6464206585521
49526,176.13735922375247
49527,92.59429792508864
49528,383.98965987676536
49529,356.88507338943384
49530,223.86661053579962
49531,112.26877412932252
49532,192.27124942297596
49533,384.3869039428613
49534,252.71725874543623
49535,390.4973662191357
49536,171.21279502859383
49537,301.86475057735316
49538,476.9205921465518
49539,384.5190050756106
49540,140.82035054094885
49541,328.7369934730168
49542,176.53070903312997
49543,579.2291832094699
49544,222.41262289794798
49545,179.20639004808714
49546,223.87231663223898
49547,574.1068103967217
49548,389.5612399055664
49549,157.8071037784813
49550,1018.1487207400045
49551,898.1337483724798
49552,375.09826401299097
49553,145.092730308982
49554,243.78041905353467
49555,420.4804089509738
49556,211.44238282986512
49557,170.0784821564924
49558,1076.899692063353
49559,179.2668485460921
49560,233.77276942962484
49561,329.17017044440405
49562,181.31413156193884
49563,166.83359022919947
49564,1043.1276183288505
49565,289.9595353950808
49566,276.4661699473314
49567,101.69461488747578
49568,120.6767785972962
49569,189.16475786086264
49570,203.27925506460738
49571,214.25916062299243
49572,100.04175922543449
49573,187.52646647622947
49574,748.590742797638
49575,158.1952553258625
49576,378.0916870236539
49577,320.35444444208645
49578,123.686000720042
49579,201.94213737200127
49580,145.03179222433693
49581,152.84064013267195
49582,157.05147749513696
49583,874.4858584828149
49584,125.8567102890977
49585,32.091393161318415
49586,179.59629781850057
49587,132.95054726913958
49588,244.30120765392974
49589,110.80026255646446
49590,873.7123431127151
49591,402.4850326135048
49592,155.60655951349526
49593,133.86682496518694
49594,826.6137172893211
49595,234.8436052899813
49596,211.7835930278101
49597,122.40486317623834
49598,267.8175652771111
49599,222.6443995398349
49600,111.66744718908282
49601,895.1853225711249
49602,257.09291303414585
49603,155.3809392179776
49604,357.51443222026444
49605,310.89438919211096
49606,247.54834860022436
49607,142.94121551556168
49608,143.90250593176066
49609,237.25870363157298
49610,360.14008778857556
49611,117.93762144436961
49612,131.3731841354487
49613,224.96251571919646
49614,111.38860829114377
49615,214.80670631017634
49616,130.7613127977823
49617,282.57253315737944
49618,98.46191905172907
49619,1370.3761167472453
49620,441.25071302604107
49621,293.0156234165871
49622,462.64126563775966
49623,221.6363785815781
49624,487.8091664005839
49625,220.69684514831437
49626,338.83739512604507
49627,95.82139780262604
49628,237.01481825300382
49629,421.01209074248595
49630,178.12556024870744
49631,109.36366579204523
49632,77.1908755329509
49633,224.5231155929135
49634,403.5667092788325
49635,525.4224802790524
49636,341.1004959464093
49637,159.43522921497762
49638,138.2757736261403
49639,219.92633935771258
49640,341.93371422563496
49641,202.71199392899774
49642,199.21812800359828
49643,166.29522025837886
49644,255.17693828911604
49645,179.33403869387163
49646,399.16035703281585
49647,138.71504835791933
49648,263.84379195160807
49649,449.39453139251225
49650,177.15220526154792
49651,134.64120530925487
49652,281.27088055734373
49653,276.6751172795597
49654,121.92235928411985
49655,288.86382293174904
49656,218.44750083871034
49657,490.5226475583042
49658,187.11986551582928
49659,75.3295928700611
49660,758.1194273087033
49661,297.7795423172708
49662,115.72469319220787
49663,180.14190599266973
49664,374.6330124353924
49665,269.52869959783345
49666,315.3532373329538
49667,191.24410332553026
49668,182.44877582457426
49669,320.67702861450266
49670,225.41766899164125
49671,465.67120850547843
49672,101.76603816006993
49673,190.4262445938964
49674,230.04942514670228
49675,119.95562469703614
49676,131.80683242631187
49677,272.2132387371072
49678,171.83800838879557
49679,162.39356823659168
49680,185.98774790149184
49681,278.8579875685448
49682,163.7524772266207
49683,427.8174858673083
49684,267.7952874973639
49685,327.2863832752385
49686,297.26106355256604
49687,209.54112829653835
49688,425.84995990625214
49689,272.8141540685142
49690,105.0064000028974
49691,217.52558547292315
49692,259.9639763719438
49693,475.7723887356426
49694,363.2489051093727
49695,161.37540699252222
49696,178.65454097964817
49697,103.3408356458596
49698,135.07462830267798
49699,766.2068485376427
49700,385.12991760637357
49701,284.3435425184411
49702,341.96337789817954
49703,220.40306843948042
49704,435.75941468488895
49705,181.7109110907924
49706,351.7964006872586
49707,266.2906412621235
49708,176.86528767831106
49709,598.2801765081929
49710,354.88355419283533
49711,264.6676587414621
49712,201.98861284867183
49713,193.43490853241846
49714,239.46484018070143
49715,91.4289028212438
49716,84.90744906817962
49717,236.28928977649042
49718,165.57073316403057
49719,233.16871107899001
49720,317.83838161782614
49721,313.26769862928086
49722,241.6517224677852
49723,370.2786651355731
49724,215.03526822861537
49725,205.8412942849457
49726,207.52828412528976
49727,493.03260411815387
49728,412.0887299249234
49729,449.7058188149197
49730,291.49957277819794
49731,298.17683416387524
49732,627.9696513846727
49733,170.4752621731913
49734,663.5284753282693
49735,115.44874847510766
49736,142.71720170602953
49737,113.28907979723762
49738,166.004893016883
49739,210.00863582355262
49740,464.59967245019044
49741,534.6297535528407
49742,133.38957870165984
49743,165.63891597038935
49744,524.0614966513067
49745,97.12035873361013
49746,403.1784654063332
49747,207.91704696129221
49748,157.15058070094048
49749,154.01550074192158
49750,210.06554785859896
49751,416.2370832182115
49752,144.39108688327116
49753,379.4152105997173
49754,174.19106682085976
49755,697.1410356073932
49756,123.95599565232858
49757,481.0095910414903
49758,68.97123909065331
49759,176.3333834221983
49760,268.5248695951183
49761,472.3294009251607
49762,119.98839353249105
49763,156.56713849853546
49764,228.1543264843851
49765,362.7987231765616
49766,196.07155649254457
49767,286.8641684380519
49768,187.821019892122
49769,199.9405744385588
49770,139.45253484071867
49771,214.07634627482142
49772,175.45051833128454
49773,298.12813378627743
49774,111.6751826538145
49775,117.53322460913303
49776,417.97489779521266
49777,224.00758299954236
49778,151.0645120762799
49779,198.38166122247097
49780,237.87076576420154
49781,266.0064214602884
49782,495.8111883671384
49783,299.69165052910546
49784,192.01026596745024
49785,426.04803085130106
49786,613.5579818326233
49787,144.7538391327728
49788,275.7577700137482
49789,433.8600448922142
49790,149.67841158530757
49791,192.48716313115105
49792,148.60702639650438
49793,165.65656132887744
49794,155.53956259394474
49795,179.33460131500883
49796,130.48218853263825
49797,94.18711790392747
49798,144.96230600064678
49799,102.08330704265138
49800,181.01367331611075
49801,256.1690095325074
49802,184.68556988935663
49803,100.5725353497918
49804,289.89524950578135
49805,637.6340744348396
49806,619.5534462447273
49807,162.227410346922
49808,173.88798258156453
49809,146.31526902125185
49810,264.1949870016519
49811,268.0259375012043
49812,164.84408392865402
49813,258.41025219169376
49814,232.62999462895803
49815,258.3215077782487
49816,265.0922042778131
49817,207.95914433154607
49818,213.3047761349732
49819,341.5731127723335
49820,167.53805340056158
49821,199.6039326592633
49822,96.76754394365662
49823,147.57617639885657
49824,157.1838137654329
49825,34.77190122672301
49826,155.34409045737428
49827,596.0608238021201
49828,383.87272700692506
49829,202.59820727010532
49830,159.52922964258246
49831,140.42640271326906
49832,69.5908603836051
49833,442.6619731037023
49834,467.7691550415106
49835,214.0248799364352
49836,167.75514776889287
49837,136.7186426570888
49838,368.6458166337717
49839,200.98493771722502
49840,535.6897108703646
49841,164.25348988863675
49842,212.64543284973988
49843,209.86471835330457
49844,175.873831817854
49845,307.947429280719
49846,118.72661002026365
49847,135.2506754216575
49848,489.59708069198024
49849,227.34716178232432
49850,222.72696077232166
49851,119.2042983390273
49852,380.7875326866571
49853,161.11046368204163
49854,259.14013198580517
49855,863.5932759949552
49856,80.43278140209382
49857,496.28684211881
49858,1942.7838461437536
49859,807.2487538806897
49860,236.32261084328584
49861,87.82204835721704
49862,207.75670666555186
49863,128.85528820270252
49864,234.9214713447008
49865,155.0050485247098
49866,116.38635480068692
49867,244.49378085770687
49868,1002.5560632865682
49869,317.7070385155022
49870,221.2414484417249
49871,236.63870431127899
49872,205.1799261846076
49873,174.71775992934136
49874,396.5623915583159
49875,201.30442368582098
49876,290.8784970424347
49877,456.41594569723264
49878,239.0774256576272
49879,280.5661067177008
49880,139.3561701377899
49881,567.9765005053486
49882,108.34926907138622
49883,291.6215476465627
49884,93.0033040120196
49885,224.6984994471837
49886,163.03013427458475
49887,570.318033503639
49888,70.92328960418241
49889,276.6157948608094
49890,199.66764612764229
49891,463.67034125967297
49892,446.86399650403024
49893,189.33040358420246
49894,261.22960119656204
49895,176.42211451456163
49896,178.05806403980668
49897,581.9766870872286
49898,149.4046720197535
49899,301.355185302483
49900,467.0882186547219
49901,439.47871750201705
49902,410.98043770764707
49903,113.08070614880032
49904,108.53523576152632
49905,235.66248869334473
49906,380.3779948513999
49907,130.9306595081288
49908,203.10489297453034
49909,180.294559571564
49910,97.54075336974708
49911,364.45492089522554
49912,157.37104626278932
49913,178.07628992905285
49914,128.6623472706396
49915,586.0252091065952
49916,201.98262031046278
49917,145.1295248439753
49918,207.17723713016977
49919,316.99455125377347
49920,350.03683198391343
49921,306.75124772337415
49922,102.46409076753042
49923,195.06684128971511
49924,217.16210247512868
49925,162.39736767904577
49926,260.8730449112785
49927,165.1165988598151
49928,256.1592715696752
49929,191.02115708488714
49930,187.41488920145335
49931,189.73432299394725
49932,197.93597595699018
49933,378.7568957498876
49934,388.24087643339385
49935,174.3487212295287
49936,102.62956208706233
49937,511.1229624177366
49938,129.63040478851582
49939,166.3090400954556
49940,342.89596255599076
49941,315.79887667279854
49942,285.7071275479234
49943,152.95676270692073
49944,173.51261680213548
49945,321.9044271540183
49946,310.2174880932835
49947,169.05745415299566
49948,255.1705079880926
49949,211.78358558545528
49950,183.85674298577237
49951,167.53279988094883
49952,628.7595108903914
49953,259.7549154586351
49954,334.34413522024505
49955,301.0434742299353
49956,212.81306685838376
49957,261.7603745791437
49958,378.7938164128037
49959,206.48166236394974
49960,597.9948753090301
49961,200.65933835878687
49962,175.61325454689657
49963,132.6892509935777
49964,74.61450940184393
49965,224.10134422349321
49966,116.93683593709684
49967,2132.9168833966464
49968,188.99066777805396
49969,108.86893582391035
49970,131.94513940108175
49971,234.25579840104228
49972,290.0304415082643
49973,263.5318747008748
49974,384.99215208344003
49975,388.21968704536164
49976,140.68344766260995
49977,113.27884997333514
49978,286.02549949414157
49979,125.49574743381652
49980,121.43870486777361
49981,254.6560848018754
49982,173.05928744277801
49983,108.65866600611032
49984,158.44230876374607
49985,451.9993706917192
49986,70.97104446713297
49987,101.63614527083354
49988,99.48005740358688
49989,263.1069322647804
49990,332.7093574893088
49991,104.48580526987107
49992,342.09115571806626
49993,137.10878864524634
49994,478.75532324157604
49995,196.08231280282752
49996,439.8834545579675
49997,284.747198815447
49998,94.99577616279905
49999,427.5177433449443
50000,396.8006269228007
50001,120.36833031198277
50002,220.47118513914637
50003,198.2650579034858
50004,195.069675770568
50005,93.21582534545803
50006,342.05402311244063
50007,275.60569466206414
50008,497.3572312495893
50009,298.6182228294516
50010,278.16832361267393
50011,195.30711955785006
50012,314.41203018099947
50013,193.50794726062145
50014,138.31748122488045
50015,112.22305752800361
50016,100.01091058428797
50017,432.5206787430993
50018,319.841272638231
50019,283.5802082301189
50020,206.45754571399368
50021,299.41446000789506
50022,250.01656826838055
50023,495.3649670816514
50024,230.33182688554362
50025,316.02783310526723
50026,624.2446353231104
50027,472.65342973472724
50028,269.4776034757898
50029,248.1789235583816
50030,578.3001772879059
50031,238.35428462983703
50032,206.60669842535412
50033,103.89660023195043
50034,168.21238791376777
50035,294.72796060322224
50036,179.45394890196582
50037,501.30769120268553
50038,230.1286617051625
50039,187.13452210208266
50040,262.8431313627407
50041,70.63700228445396
50042,174.60378106097897
50043,148.20637065040307
50044,215.03237758044995
50045,192.94367563308603
50046,177.3608803810946
50047,319.9495065926526
50048,319.2683755171048
50049,208.83501237156915
50050,198.94323868985956
50051,118.05456167498852
50052,175.6523249207375
50053,284.4973066825409
50054,667.6380048204508
50055,173.60292963443612
50056,391.9040168632841
50057,236.4165116494474
50058,298.81659686094315
50059,132.09338240899672
50060,195.91921554569686
50061,143.49543376310146
50062,82.43907789375116
50063,426.5591527899021
50064,1427.3000645623088
50065,371.2227329094246
50066,113.30974244938831
50067,499.0937136856826
50068,169.84877592259625
50069,227.10220822748178
50070,225.1260261364341
50071,166.93965579661744
50072,166.48545338855016
50073,218.80453079818795
50074,85.39294280359877
50075,170.6881561820461
50076,353.43353499267096
50077,191.6511670099065
50078,514.0068228572261
50079,177.42616702881148
50080,90.4891050908192
50081,217.2232795076097
50082,381.5040425933629
50083,184.3294783433277
50084,294.9386609906936
50085,283.05379671812807
50086,99.43331249872898
50087,187.54670445983314
50088,431.2918990972804
50089,92.89382068237799
50090,416.3689527754832
50091,138.19437526144068
50092,285.5571429692801
50093,53.66382495999512
50094,242.04148830795495
50095,264.28512600848615
50096,296.5315894179414
50097,260.17383186709185
50098,207.42504830610196
50099,73.59854373906974
50100,147.00852106358917
50101,175.04240008262425
50102,417.44947481692924
50103,237.9129948834136
50104,316.52513511460495
50105,573.1736776984508
50106,288.8887378644949
50107,401.20129460861665
50108,115.34651363095458
50109,384.79579756233335
50110,270.9417745996029
50111,373.60138052340557
50112,562.4585798647214
50113,155.31539747782728
50114,385.10962107708406
50115,344.42835090283756
50116,579.4308706866135
50117,234.93221939964886
50118,135.7880412432716
50119,285.3958867462229
50120,478.9063610695616
50121,520.0429656027706
50122,688.7070719625239
50123,647.5314102323606
50124,174.46080092789097
50125,205.70223903889746
50126,472.64683574225467
50127,170.70798228191813
50128,431.0532296857272
50129,336.738990315209
50130,153.13071063548927
50131,226.62784293352277
50132,194.2037959743457
50133,211.3017884353112
50134,321.5325909370534
50135,517.3445810982894
50136,862.0278281565744
50137,216.33051244814732
50138,44.62834745150511
50139,422.53442423715325
50140,321.25780110432237
50141,397.93831063351934
50142,146.25697345294466
50143,301.375104811637
50144,164.71443183725975
50145,317.9359908072512
50146,515.9703070724962
50147,155.80087662349058
50148,144.59039511684338
50149,163.42988082743543
50150,148.7366334091342
50151,340.0887722829236
50152,389.86556124450817
50153,384.0065832998482
50154,200.15964297802145
50155,226.81019122390433
50156,278.25734550369964
50157,372.71061982508155
50158,644.7581880900884
50159,274.87070944302087
50160,710.4403580058367
50161,165.51904501133222
50162,310.36298929177735
50163,162.83550239339533
50164,138.46820599951093
50165,330.5511167011041
50166,166.87489938094132
50167,281.5444588323559
50168,162.58139978623882
50169,346.29257540109256
50170,88.92836962482755
50171,349.5047039253857
50172,289.00484614455945
50173,364.60579478694933
50174,128.6796851669949
50175,373.16076815060933
50176,403.8842281758825
50177,132.82837705171838
50178,156.60055545791997
50179,333.71281290422155
50180,206.7935912673983
50181,485.42195308356565
50182,215.83502152625803
50183,542.4826878776735
50184,185.08394435884347
50185,229.87794815924096
50186,102.36924352114666
50187,342.8317949221971
50188,236.40267333693032
50189,130.5806612560664
50190,223.39391996123766
50191,248.1316274160789
50192,256.48983095924893
50193,264.33766094087895
50194,325.7308746180404
50195,326.29426520333624
50196,298.0276246531585
50197,213.79618557890373
50198,675.9716571912104
50199,142.01553074385652
50200,292.9760161673289
50201,313.04470609899556
50202,884.5520973044913
50203,158.10112790067845
50204,126.53913961787337
50205,160.3936198500779
50206,864.2166966627876
50207,237.71583288716943
50208,388.1012351990157
50209,292.8107491444584
50210,127.20926070009094
50211,370.56265722483835
50212,146.53451326752904
50213,401.6893453563207
50214,229.27769958526875
50215,234.1306689987533
50216,222.451776766036
50217,158.52520842102726
50218,176.52572095385315
50219,150.41780281499308
50220,92.16703324226323
50221,270.20013834413515
50222,193.23926081522745
50223,130.90123156862626
50224,411.1330465262173
50225,237.4976948757755
50226,209.57082908499325
50227,263.6384707706179
50228,456.22237640814114
50229,269.5370078248661
50230,357.8557060460107
50231,793.11209414564
50232,575.6517480392964
50233,247.13079462291668
50234,159.90717151549413
50235,211.5670724152247
50236,142.90236028420398
50237,97.93755249260704
50238,262.01404106033914
50239,315.36749445920185
50240,251.69199768930528
50241,93.03957901934437
50242,504.43359290212044
50243,634.2681833699693
50244,565.5028802064618
50245,219.42167013491172
50246,204.54298693584636
50247,251.65739345356405
50248,279.3472489953343
50249,292.0710950724623
50250,524.5168360539025
50251,555.4206678167702
50252,446.87861834944226
50253,227.5009421039007
50254,364.6463759930844
50255,217.23112749200544
50256,130.22439527861667
50257,150.6997373879133
50258,278.49415885659573
50259,236.8467363493644
50260,187.6134174322395
50261,246.3285974858497
50262,109.08100660244757
50263,195.85506988276944
50264,163.87519643775605
50265,132.8581702469649
50266,258.98214858496783
50267,170.02316318919418
50268,145.9082524171362
50269,181.36262750828885
50270,178.24132936004528
50271,382.32334730395655
50272,253.83475332984202
50273,212.96156475132418
50274,335.53661442859476
50275,171.89725111028244
50276,257.19983124360317
50277,375.29829265666285
50278,182.34099652383642
50279,274.93170498525626
50280,259.0943135066527
50281,148.59498799788273
50282,192.18704859982802
50283,242.22893213727625
50284,343.7194024530696
50285,345.34859550064516
50286,498.86414957022953
50287,105.35921438883042
50288,374.30954686270996
50289,152.22645494414527
50290,184.26150957499783
50291,203.57201859520828
50292,158.06395941631249
50293,219.350715767196
50294,394.2834872797192
50295,433.3622287530174
50296,229.06253906093912
50297,142.86906744809173
50298,233.1549987694956
50299,130.63152786625045
50300,301.8998131121913
50301,293.4198295929091
50302,467.7739425438735
50303,138.3775731076397
50304,257.7433764823989
50305,178.62947517049867
50306,469.4633037793971
50307,204.13502666176154
50308,110.39344253536758
50309,86.33045252604302
50310,201.78693924653896
50311,352.6803092567676
50312,96.3606224226939
50313,86.08891086433017
50314,174.2943320389287
50315,170.3378754076453
50316,153.1150100671281
50317,111.4927593363
50318,204.00378531465788
50319,537.9844826236966
50320,116.72003995990235
50321,105.38160537399246
50322,181.91792535376274
50323,242.13071327773073
50324,331.4058977695813
50325,866.0254467144188
50326,255.6372855189851
50327,222.643253882571
50328,238.88388768727705
50329,204.01294731724676
50330,301.46130919510904
50331,209.84683901992102
50332,410.4783222010959
50333,183.00288156887027
50334,827.143811457525
50335,571.0440095252064
50336,372.5962501598266
50337,281.51616465383285
50338,148.0632292611699
50339,233.38739284902186
50340,81.70118370700567
50341,814.0649662742903
50342,312.8960742602864
50343,213.25121600762327
50344,245.6782225804468
50345,208.48731391332632
50346,608.3694150341373
50347,268.1780419343082
50348,212.26535798586158
50349,190.66378527487535
50350,111.92313183096452
50351,104.83023599297681
50352,740.3885516063052
50353,252.29842042151574
50354,652.0045637000103
50355,197.42238490051133
50356,520.1368480076566
50357,127.73898173732267
50358,131.43970920071703
50359,188.55213423399272
50360,991.3742171945654
50361,203.56947750217316
50362,113.67415915256083
50363,270.83405373193494
50364,864.035021454372
50365,244.84942227294687
50366,271.9627218699905
50367,96.3126554904949
50368,139.48790736933643
50369,323.7141024647426
50370,197.26929944413442
50371,251.2588918882155
50372,120.92855490745656
50373,317.9575641702861
50374,235.66525752234367
50375,289.0060205168021
50376,163.2550568455948
50377,121.69858804217584
50378,361.7758985286322
50379,119.76250001739251
50380,173.13576208085794
50381,172.88349259870472
50382,142.13159817071622
50383,759.7135562199517
50384,159.953552244186
50385,153.57411747240062
50386,214.74160687533964
50387,216.0646101736561
50388,298.6558588235321
50389,161.56120194966803
50390,272.22593014217955
50391,312.918840113294
50392,107.24345474926086
50393,476.6498495553894
50394,114.4928335386054
50395,373.5944226262035
50396,448.0989856355884
50397,181.22074053813623
50398,777.1280864371905
50399,463.9718444402529
50400,548.6719000595332
50401,161.78073491909137
50402,201.14956323433663
50403,420.0125328445407
50404,130.55864554249388
50405,185.4540130860059
50406,122.20133346061301
50407,328.3793129865804
50408,257.2759655799876
50409,118.82955955244432
50410,261.92376782411554
50411,187.20592129706927
50412,326.47768164174386
50413,799.0832034532139
50414,1130.473005006167
50415,146.12125512006727
50416,166.6847230213648
50417,210.60824067965524
50418,151.1242594321417
50419,193.41839971671786
50420,205.10038619060919
50421,148.34514779342578
50422,442.2880118691527
50423,120.32088987694853
50424,179.88590055020146
50425,116.33434933732546
50426,273.8267516615646
50427,263.8051079143323
50428,352.178831348815
50429,429.3719065895093
50430,455.24550693792787
50431,293.7060804636536
50432,462.8570254069823
50433,164.22966500075057
50434,222.35871597986466
50435,97.72974469673817
50436,247.56834388074623
50437,312.55091148014196
50438,560.688065902843
50439,228.84571821322845
50440,230.176813765051
50441,386.705076701178
50442,477.0692470089491
50443,288.2203350191304
50444,459.31091839566284
50445,123.3422106928562
50446,533.3319514681824
50447,226.0952217171799
50448,321.4199464094004
50449,167.2788174770289
50450,408.72452815383144
50451,114.09479138696246
50452,210.66923753709037
50453,262.01615408648723
50454,135.2263334053632
50455,542.8895814847489
50456,294.38341456632514
50457,205.89860181364958
50458,324.28778137933057
50459,216.22769723109096
50460,130.19680160944762
50461,138.7848979997779
50462,352.26001779172384
50463,238.4655636074262
50464,160.41164098783395
50465,1133.9861713114678
50466,282.1218581411225
50467,693.2421211877738
50468,247.13290800932222
50469,234.695921424249
50470,91.2176219621543
50471,235.62882844625847
50472,203.12624425511063
50473,462.75618009181204
50474,245.95328057388977
50475,216.55950158497527
50476,183.71097238537112
50477,172.91862546034412
50478,256.9522967481626
50479,404.85142256645315
50480,196.6724023049167
50481,286.6274911436818
50482,214.47517397358934
50483,155.23795096954544
50484,239.24496443559482
50485,629.7202539494899
50486,119.92120231215556
50487,202.69233886027357
50488,172.36979868337593
50489,525.1350604781317
50490,240.31517868469655
50491,174.86884658086
50492,83.42952825265122
50493,107.96413919164281
50494,128.7280440121445
50495,187.43684021523742
50496,163.65836877824717
50497,204.6434937491896
50498,135.76923546697128
50499,128.14401099775097
50500,514.0104300221492
50501,167.72858014849464
50502,161.0958020282288
50503,308.7579840329949
50504,270.36165640722885
50505,265.5191247294075
50506,191.11584258612962
50507,110.45552757885069
50508,368.18217821551923
50509,168.94306776000238
50510,428.0727538404029
50511,300.58104121149466
50512,112.54727702324193
50513,318.2471630535251
50514,221.6078691576865
50515,223.8467754871501
50516,491.03676719955945
50517,256.81123094608057
50518,155.19994554128291
50519,311.2753672072854
50520,364.07809515500117
50521,261.1095473413233
50522,313.3492734572677
50523,253.28544345244126
50524,312.92724670917283
50525,337.97071897312355
50526,553.6994858621529
50527,213.27706619930342
50528,410.6648787648905
50529,480.99759285507326
50530,309.4150605982093
50531,128.60543741092448
50532,252.8127620109874
50533,168.85610323134705
50534,722.636927343743
50535,210.52514060428987
50536,434.64268405050876
50537,226.05012707523005
50538,303.110330374715
50539,240.84452925183257
50540,226.0833748382625
50541,273.12669595111345
50542,283.73375661306363
50543,714.3095022167993
50544,349.90315211574193
50545,223.81604467194393
50546,155.0143305149576
50547,401.96432111613956
50548,220.20574305662905
50549,99.56274720169772
50550,143.9773741977164
50551,267.1582447104564
50552,141.36875457966838
50553,130.44749837144633
50554,186.12697853849454
50555,321.04151747973185
50556,271.187375986596
50557,152.23503647463207
50558,121.41040111082091
50559,175.5652048874533
50560,197.17574984864928
50561,259.3692646131659
50562,259.2718987289832
50563,379.5366981208051
50564,198.02556890281807
50565,323.37443202880763
50566,239.57774540456776
50567,1218.5001073411381
50568,81.21431262807761
50569,387.93463858207554
50570,880.7407640162297
50571,126.45955584771367
50572,261.04092912237894
50573,509.29184471154474
50574,429.9962292292079
50575,351.2496029407586
50576,753.0764368963141
50577,445.3606510242603
50578,535.4182553543109
50579,196.2769545132017
50580,384.74379731319107
50581,215.87303279410608
50582,386.9514765237422
50583,123.73125025711347
50584,296.1552068895244
50585,351.5040972033816
50586,231.06608153417525
50587,780.526657226088
50588,375.66676901501717
50589,223.19452499953078
50590,404.2756534286018
50591,288.2912185853592
50592,152.41085711215564
50593,309.98904081031253
50594,199.12423888300606
50595,209.01094466158278
50596,501.73219616646804
50597,241.07304718764894
50598,181.2042280392161
50599,255.10673650701494
50600,328.75495597391694
50601,241.36262477590793
50602,212.91156858228922
50603,264.4948229893713
50604,189.80423354269524
50605,236.93424010909686
50606,244.30947130211945
50607,221.82381100785275
50608,319.8257467161511
50609,208.37175932427544
50610,705.3971869089565
50611,190.13720328363843
50612,234.04475894944903
50613,333.1288056556881
50614,172.9682760517554
50615,151.6726297481028
50616,254.97342132487972
50617,245.96254532126738
50618,83.17784115217674
50619,210.61676636625936
50620,254.96042349783636
50621,80.4394119037795
50622,370.95895619948755
50623,175.744825689904
50624,407.59767575436524
50625,195.60097161839474
50626,240.453079479883
50627,201.44777566622085
50628,265.7417826588175
50629,253.545915210703
50630,175.5097495379441
50631,139.6949510232089
50632,291.4360477224733
50633,164.8050535616775
50634,123.88765397021002
50635,172.27901996723412
50636,193.1452775828904
50637,219.4772385538495
50638,214.39619868214922
50639,252.23305849560757
50640,245.28931241512197
50641,378.38336770772673
50642,624.5567124311319
50643,197.44507192519063
50644,204.41996855883906
50645,334.2076240350723
50646,134.99952622469596
50647,221.42637740434088
50648,266.294012956776
50649,224.14037579632705
50650,269.2646993027658
50651,219.39576824325067
50652,187.8951280002364
50653,286.9244832032731
50654,697.8443700311705
50655,294.35692169036713
50656,270.4222659448385
50657,163.87517916779544
50658,119.16621294759246
50659,192.70664152729802
50660,338.12854982800604
50661,266.00062879984023
50662,96.355066111808
50663,125.16674700723668
50664,279.5819753152542
50665,255.55433493570885
50666,323.41593221698884
50667,242.9879985644682
50668,287.00953797844574
50669,309.6582336410331
50670,513.8802319974785
50671,524.2652599131842
50672,201.89374739661798
50673,114.2964216644724
50674,118.83737655595664
50675,298.2023621098417
50676,367.89164617695
50677,139.9559022495239
50678,175.10938473384556
50679,243.62705915751582
50680,188.02568911556705
50681,403.7568430831923
50682,632.1163532054727
50683,581.6969864785401
50684,195.8593359749665
50685,179.70318705759368
50686,162.09691542179047
50687,269.22491193480676
50688,132.96480167957725
50689,583.6074926331698
50690,749.211193916809
50691,181.0155006115076
50692,521.8786955484987
50693,361.9139492910752
50694,472.06790498672507
50695,136.06052927730497
50696,168.94745523852583
50697,172.60230404412025
50698,671.37178079508
50699,220.9823041776054
50700,231.65502127712864
50701,498.73917790811186
50702,288.0890163268831
50703,497.00642040644175
50704,257.6625376179712
50705,334.61402274617484
50706,304.61372438703455
50707,22.58985831443272
50708,146.96573598334206
50709,236.36671149844182
50710,130.53712047854842
50711,214.83779619168862
50712,75.13777543595181
50713,87.76147409653889
50714,642.5390821868991
50715,169.68957281803398
50716,190.9888385560496
50717,125.708694150147
50718,97.4807272863759
50719,807.2850298546291
50720,293.5220661458275
50721,349.0643114886924
50722,593.16418202828
50723,256.99784914269856
50724,170.9902468404972
50725,686.1494642709584
50726,688.033860177764
50727,355.62126871974596
50728,106.82529744199654
50729,194.27461338385413
50730,103.2660708788453
50731,415.2155786946839
50732,513.0065999154452
50733,200.9621732445144
50734,610.1452956243112
50735,291.17249015921277
50736,172.0691530955585
50737,89.17530312535938
50738,121.00833005289242
50739,170.53017190203607
50740,153.55283773154906
50741,351.631248087378
50742,250.0338074067619
50743,114.71201840099182
50744,160.92998315101127
50745,156.05969308050436
50746,193.4901761612366
50747,298.4782043727455
50748,170.7777060699085
50749,338.13241326524985
50750,222.97477352953763
50751,144.17443615945658
50752,381.8797169769249
50753,346.25474416476607
50754,316.2362726800694
50755,102.79162594703011
50756,220.5563542555422
50757,614.2825507731582
50758,114.92546081423356
50759,262.7999131306743
50760,384.625900110144
50761,524.6417997099684
50762,183.54046334921455
50763,144.690816576533
50764,150.05386457039205
50765,185.38462588916576
50766,211.1620327105973
50767,183.84644956494589
50768,181.91304716596767
50769,132.6779076805932
50770,400.04277124833754
50771,105.91970838335182
50772,158.75611596605623
50773,192.45579835071044
50774,171.2182821119938
50775,212.94733418124537
50776,272.6085544901968
50777,492.4291339833504
50778,161.9307350460596
50779,136.36563505155303
50780,219.47242231878863
50781,189.03942557201736
50782,101.93975303260221
50783,97.09531656702005
50784,917.0490839451919
50785,216.26409859578914
50786,260.0542319944693
50787,343.71154397096484
50788,600.1928605789732
50789,64.06904809472266
50790,290.4841583514233
50791,398.2644504814062
50792,415.5608682319548
50793,117.8197921267433
50794,313.783702737926
50795,122.12388173176315
50796,125.84193188003091
50797,143.85001268587996
50798,400.060130554416
50799,282.74326443331057
50800,569.4509054514916
50801,781.4819273876072
50802,386.87204221508733
50803,367.09001681742484
50804,316.22133210538163
50805,429.77061935116046
50806,275.133626025595
50807,167.01727366945087
50808,400.1520948104543
50809,225.84695491120615
50810,288.3207331867229
50811,423.24570688535516
50812,358.39752812162794
50813,255.70434681596123
50814,957.3796893161393
50815,482.75118387146506
50816,305.7405849665205
50817,216.0130851581255
50818,208.6369091188404
50819,206.78361322356375
50820,176.1308323854691
50821,328.1007624533621
50822,241.43268641755864
50823,182.94198386396303
50824,850.7944180895972
50825,166.02991967615185
50826,164.11617778098363
50827,305.8601761381012
50828,329.8319082279722
50829,213.77438253871878
50830,292.63497049433374
50831,260.60288275651834
50832,142.93839245871789
50833,177.39263656846452
50834,200.83885518999307
50835,355.61189403919286
50836,363.1330674802638
50837,157.73014143280244
50838,322.3513594478724
50839,344.29246537988524
50840,923.9528720602144
50841,138.25859359969598
50842,203.16078731833545
50843,272.22017708080887
50844,411.15978491997254
50845,912.4957508574633
50846,517.625832222125
50847,249.86029550011781
50848,205.22920198461026
50849,237.3558248494761
50850,127.83091214547726
50851,218.97219219070604
50852,104.10332819908524
50853,139.60247958239952
50854,704.9965359227441
50855,170.39356987868598
50856,102.79668408435866
50857,275.21178455240295
50858,268.37090206042126
50859,622.4954394368463
50860,149.5126789342623
50861,273.00956935947664
50862,174.29133209951362
50863,237.03004498467544
50864,248.3683096824062
50865,501.0936813271398
50866,126.42604780239422
50867,244.6179681527361
50868,742.1083039920594
50869,250.86882341056773
50870,227.5262393481889
50871,414.1803354993008
50872,351.4069018134362
50873,280.81402547442406
50874,389.73583624007233
50875,169.78374994462322
50876,207.3077404466621
50877,102.50341348670655
50878,103.34243486332369
50879,119.62974431013207
50880,410.7719993119212
50881,152.68200195485971
50882,1176.2140525090754
50883,243.07814348450245
50884,128.52066879244467
50885,219.85881090259363
50886,280.2552328329839
50887,195.6226834772643
50888,164.41870513849454
50889,1089.991376943994
50890,387.2285221285456
50891,500.89023807406954
50892,252.88265728596056
50893,422.59270382559316
50894,292.21755580212516
50895,286.97848520674904
50896,222.67138852583517
50897,209.01757905998352
50898,227.32986340465033
50899,402.493809317339
50900,122.57952465289023
50901,1274.736617260924
50902,229.52257833165459
50903,227.84040413509192
50904,266.2642434188087
50905,301.4218559398497
50906,296.2096313449682
50907,268.39839068416313
50908,306.70611875702673
50909,247.99501685448425
50910,410.9510468166044
50911,1004.6549365623758
50912,223.1519392628858
50913,280.39758229311605
50914,84.78447208239379
50915,220.9991999606719
50916,196.72906605498727
50917,697.8663327042851
50918,182.01619603092934
50919,116.40351678593484
50920,317.25950097624013
50921,123.51012086084545
50922,277.2648303209656
50923,192.13547155743868
50924,108.58680568828767
50925,95.81844389748102
50926,181.69085845061457
50927,26.777898198746612
50928,75.23915349176754
50929,190.37782349736662
50930,375.4033343884699
50931,258.4056213827955
50932,234.25913022364915
50933,344.7171944823855
50934,360.47719941450043
50935,277.99652777683485
50936,183.71839597458802
50937,217.72862939422387
50938,520.8722924962833
50939,312.7493392229195
50940,196.5512874262186
50941,609.1645654002074
50942,178.2319758938063
50943,472.0886208340396
50944,348.50147249431603
50945,150.57961991944998
50946,275.8920602599131
50947,250.25338807987583
50948,218.84210539798417
50949,169.00481368220986
50950,298.4125958261917
50951,180.11014752787932
50952,409.2811887119045
50953,245.64905319107285
50954,296.60032382606903
50955,408.05213856917703
50956,206.9545120321233
50957,214.79346197981496
50958,237.45616939018788
50959,177.49428543726532
50960,494.6666749628033
50961,732.6301775289047
50962,281.82107419019906
50963,246.29708635996724
50964,175.01145443097934
50965,209.49983002868902
50966,141.92900660752957
50967,606.1653465983054
50968,218.1777647964376
50969,164.54120540463208
50970,311.53877229886507
50971,176.49665794629888
50972,154.1271637750812
50973,288.6131431344911
50974,254.72279408546166
50975,208.13758332045848
50976,242.61087036194354
50977,114.56268756687871
50978,489.51742789872884
50979,282.20521360560224
50980,600.2528034647036
50981,202.5309460540326
50982,281.9798136902584
50983,156.3073399421444
50984,183.99475592041978
50985,242.1229093868118
50986,570.8687919683565
50987,204.97685670902874
50988,406.14782004719444
50989,267.7648858155531
50990,404.7923785357101
50991,393.75051704985304
50992,253.2907881353386
50993,317.94511181770287
50994,220.70416490678753
50995,273.2591599207969
50996,204.51009449052984
50997,76.92603785543984
50998,257.36422408660553
50999,220.3815120576265
51000,121.79968459125679
51001,367.5264741951938
51002,355.70833388653125
51003,289.09801825644047
51004,112.38510082195728
51005,130.67213285263358
51006,104.81535846562399
51007,194.6136152809531
51008,147.90446538208624
51009,133.47237747170107
51010,182.29173738582082
51011,1584.6927425064646
51012,180.44426617246646
51013,168.01623479055723
51014,313.60233808076566
51015,331.4410564732059
51016,220.5955202429284
51017,315.0616529216662
51018,277.4646148939993
51019,124.28454280703399
51020,178.37047213030783
51021,186.91627233235369
51022,226.1039757539252
51023,128.78755255233148
51024,156.2004986467429
51025,108.99152332002593
51026,110.87329301397544
51027,145.57023440841326
51028,318.57161830526275
51029,254.12515335180717
51030,283.01239109123065
51031,396.74985987173125
51032,154.29382357084137
51033,32.81674820954153
51034,262.9058720924058
51035,162.12784337216655
51036,184.77643377212777
51037,413.7309212313131
51038,190.55334356689278
51039,266.1877448222509
51040,230.637085911025
51041,123.49065742145967
51042,196.23529725188257
51043,122.77732896316171
51044,232.1575222746666
51045,219.4226567031639
51046,183.3952813907529
51047,134.72645890767257
51048,285.98997895944893
51049,264.4034071639762
51050,225.00657310697466
51051,172.037784952909
51052,289.0772639431785
51053,102.861975453788
51054,265.24113730970976
51055,333.96538933269755
51056,258.7818723974666
51057,75.47447068852603
51058,262.08404402482455
51059,1334.6260847448057
51060,241.21547247151148
51061,225.1936624953647
51062,483.26920757998687
51063,170.59625293054484
51064,839.3737284990243
51065,131.37176162964576
51066,697.8514450269255
51067,134.13683604848976
51068,279.1520131948599
51069,202.10673936359768
51070,208.97665231603594
51071,231.10020353298907
51072,256.65595042418147
51073,267.87706816865443
51074,497.25591268855834
51075,298.7695890307237
51076,747.7623708832498
51077,500.59241849131774
51078,156.94890468960364
51079,261.820366939325
51080,313.29097901754324
51081,247.68906754292198
51082,491.4149096577992
51083,156.00836568385301
51084,324.20174430596126
51085,429.28647124867587
51086,238.52061251731135
51087,190.622151921469
51088,168.2612088996234
51089,224.1192209185003
51090,113.15835378681913
51091,479.8215731449105
51092,488.7720647606758
51093,242.95244833419403
51094,102.64359976186239
51095,125.7240019292634
51096,341.93466867981715
51097,200.6398367352685
51098,211.94752991419236
51099,281.51972378049226
51100,145.89349550109736
51101,486.99468732448867
51102,85.76327462149605
51103,190.24783348985835
51104,391.5155595023879
51105,491.35945248740046
51106,206.94413032155603
51107,202.72220756984444
51108,291.278970394438
51109,334.8408901660596
51110,336.8681085138086
51111,335.69607445465573
51112,213.85223439657238
51113,231.7480983862074
51114,192.38389543212247
51115,165.96518969447027
51116,128.6800316812124
51117,305.7354680708929
51118,49.55391011511569
51119,281.757060012263
51120,289.473409697855
51121,1060.1924821033813
51122,354.0727550842073
51123,513.4376754808634
51124,349.7980370713743
51125,266.3094632429384
51126,307.1461215700066
51127,296.8245333447493
51128,269.07404808708475
51129,380.370307995582
51130,308.6715825655699
51131,275.2450874502183
51132,611.9800632059774
51133,286.24834107628016
51134,97.8629434223119
51135,293.01915586791165
51136,261.1486572339286
51137,368.9761125446994
51138,137.3439673714289
51139,259.63662684776284
51140,96.8058288277593
51141,202.12785958652714
51142,1137.9719288573115
51143,130.98334874445106
51144,131.28113044165886
51145,182.00578392010306
51146,125.64738299722204
51147,593.6717500357961
51148,183.667794809857
51149,636.7349700996631
51150,88.89036489061012
51151,225.17365014037918
51152,121.149774358753
51153,383.60200138803634
51154,195.34975250727075
51155,893.0417027621668
51156,95.26544861596885
51157,151.0401538664585
51158,157.20278929644223
51159,390.5979129670108
51160,388.8120329512769
51161,166.92043183328298
51162,248.16829526741856
51163,261.153712040908
51164,339.6822852640334
51165,174.79480201210916
51166,208.47646272640083
51167,293.32909638321956
51168,191.70375494011247
51169,217.23889332660409
51170,356.24191294290114
51171,455.792407983314
51172,284.52303974306386
51173,205.36581435962583
51174,242.92466080911134
51175,155.4008548896219
51176,127.55833903351177
51177,261.81805255486995
51178,463.8171717297034
51179,211.35772581864654
51180,321.7475552944399
51181,321.83885986116746
51182,251.30530568477383
51183,387.70758838066206
51184,422.9027039982317
51185,208.24390929565715
51186,114.69637705261259
51187,317.9769089507654
51188,527.6377494521208
51189,296.78086753064133
51190,275.0239493659876
51191,123.72027651186251
51192,193.28383041750203
51193,535.9117524754168
51194,145.4918386565985
51195,446.86426455073047
51196,228.95022564691365
51197,82.39424160675782
51198,398.80164933882224
51199,388.9327514319879
51200,323.6471647464082
51201,104.57316557001514
51202,393.84111251480726
51203,133.7236815336614
51204,562.9624631133787
51205,205.7290281577278
51206,323.19755517400677
51207,82.65876220311021
51208,176.6397777036514
51209,173.42935093397278
51210,387.3600826974866
51211,113.87893525336534
51212,259.1973255758617
51213,516.0502092623447
51214,205.9351706504584
51215,167.70672438970877
51216,353.97542460577563
51217,203.7400716799533
51218,170.44850823175992
51219,110.35202370975107
51220,563.4594256043972
51221,191.22328927553133
51222,120.66492937698183
51223,126.79870814541496
51224,279.75539906291476
51225,97.55707085439126
51226,176.0566564111453
51227,209.09945024648806
51228,398.0204857609359
51229,221.6339902819719
51230,254.23560728121439
51231,194.29234664498279
51232,241.698471657556
51233,199.55398998692564
51234,174.0988609174702
51235,224.47548403121547
51236,776.8590688379711
51237,179.28931174234933
51238,98.90848544269964
51239,697.0750637581195
51240,189.8513112088121
51241,192.90786588625477
51242,300.2814868869577
51243,194.6577429452588
51244,256.41248429557885
51245,363.23309141263087
51246,378.7909824655658
51247,143.43225980649302
51248,156.6821138229146
51249,435.07728989714184
51250,146.2875774708498
51251,250.53547134755092
51252,577.7173133938716
51253,100.56342746064864
51254,163.11196127751765
51255,266.52180727413145
51256,174.95175432062305
51257,372.2097362320974
51258,176.81868846409745
51259,179.75164802897814
51260,184.174560642704
51261,197.06651062835925
51262,301.4905625827115
51263,124.76116706407146
51264,143.52855934189452
51265,332.6243930841247
51266,96.19111764603782
51267,201.22724346521935
51268,274.6440802761004
51269,201.2441814882786
51270,558.4053428911083
51271,263.47602389765404
51272,330.01499578396454
51273,161.3285554785212
51274,110.3556570770448
51275,144.17320775021216
51276,378.6067665515294
51277,371.5708146504853
51278,144.12135936052158
51279,379.808049517417
51280,567.2735227556929
51281,752.2450020353682
51282,226.89886308840883
51283,163.9687910923062
51284,57.926517590648636
51285,343.6325683108614
51286,234.71907694482098
51287,136.44999695652407
51288,157.35489454086743
51289,189.7690044907475
51290,175.2253067043282
51291,413.0337878470292
51292,305.68172049886664
51293,229.99142110464499
51294,248.47817062868447
51295,283.3331066595306
51296,254.17624835191666
51297,163.30668755340355
51298,337.5498608802623
51299,124.30374979039456
51300,512.9652192104072
51301,334.190295021484
51302,117.54780788899619
51303,128.25090830737471
51304,411.79188171383356
51305,437.691267035922
51306,175.7812487102473
51307,195.08433512892287
51308,215.40963067572667
51309,358.15695023834064
51310,215.54117224826882
51311,367.85484111244784
51312,384.99762955234917
51313,103.08529153067772
51314,152.8935444929213
51315,322.3063969267465
51316,306.4083573746449
51317,127.65233765826399
51318,195.23472727451022
51319,492.59217261668834
51320,211.2305051981704
51321,129.45497336565006
51322,189.42086655803809
51323,112.06403421323579
51324,221.4306317145723
51325,147.4492252620124
51326,215.42364139760065
51327,383.8960667871918
51328,734.0482189915133
51329,179.02781622219484
51330,283.6321886199356
51331,180.99089294670955
51332,356.82243905457204
51333,355.4800358352628
51334,251.04756425781378
51335,181.50617441718862
51336,501.3479081760895
51337,320.304259956888
51338,162.70444936985737
51339,260.1762252392432
51340,303.92025204730635
51341,140.83795359136334
51342,155.09553988849723
51343,167.34646526383528
51344,260.0441725123271
51345,323.5981632158404
51346,601.3269486763365
51347,206.63868150837155
51348,199.18844117201323
51349,203.1995182286855
51350,570.7969773032895
51351,303.5787689058169
51352,256.33107031034035
51353,158.72981513749434
51354,114.05251228546028
51355,521.4201451436087
51356,208.14595940692948
51357,100.24426346548678
51358,429.902474042274
51359,68.20526230755817
51360,190.338323654418
51361,361.7341069398396
51362,283.08767077366736
51363,360.1873742525347
51364,539.2985421536207
51365,340.8041243008798
51366,135.75810839085818
51367,200.20299166148757
51368,473.88033433860704
51369,233.77992254029144
51370,257.687425970673
51371,168.3257398221346
51372,160.98272636963898
51373,132.66424027253234
51374,104.18435823683217
51375,323.84461747685384
51376,176.93792242055576
51377,190.33911960997187
51378,392.0508647388293
51379,585.1484535277547
51380,217.88257317513407
51381,199.8357345322254
51382,239.42066536396507
51383,120.6729172326663
51384,202.77464016218178
51385,180.71928342607686
51386,115.50159765934657
51387,128.19600649189223
51388,221.1427669605282
51389,660.8028865948314
51390,491.1728654828996
51391,314.3503118454196
51392,163.2622356236886
51393,200.95241596569434
51394,196.7419502504771
51395,203.70515951053724
51396,359.01991365401165
51397,673.123583923765
51398,234.43702712478964
51399,128.3183294178059
51400,205.51916342149747
51401,465.3371473829545
51402,129.99065848146384
51403,507.54865869439845
51404,202.1521352706648
51405,211.6558281217921
51406,297.5422569844452
51407,152.75222067158015
51408,293.81107091942994
51409,261.6705549831378
51410,498.33719471370705
51411,242.8228466241113
51412,239.24196895926744
51413,168.37890520797572
51414,436.91941016090095
51415,82.04940759206384
51416,160.25805909779467
51417,158.40812259260304
51418,339.3687081293274
51419,122.78321447084888
51420,439.8190928390254
51421,293.7379920292171
51422,170.12921361681472
51423,212.99919688674802
51424,596.9259176683436
51425,849.7410653203053
51426,640.1912948752089
51427,49.12886236079711
51428,477.4570377952267
51429,183.66458395865288
51430,446.38603191179084
51431,229.63579624983956
51432,215.6966984540323
51433,106.67353233453977
51434,859.3647032663382
51435,122.14104849264888
51436,751.3746212666318
51437,217.60058292690894
51438,219.58668601620295
51439,411.93091412941305
51440,211.38180854322303
51441,330.05981506518276
51442,173.38359521181962
51443,273.1206389147691
51444,254.6027903665692
51445,212.36289746300685
51446,132.3842599163438
51447,479.50187205679276
51448,127.67637592611709
51449,223.5924214695629
51450,193.20231533690998
51451,259.1446973931412
51452,288.7020708092649
51453,196.57769122281172
51454,167.29483374101827
51455,138.79491586868963
51456,132.6923568616441
51457,123.93131735889982
51458,88.33026828584387
51459,509.80978971902834
51460,136.327302635296
51461,344.14781224182246
51462,344.5832409772048
51463,159.99321337151687
51464,134.50871237815863
51465,294.6761063500958
51466,202.50181053102986
51467,1200.2351571894674
51468,325.6859431628989
51469,263.0257150100264
51470,142.23513494100115
51471,109.9170866319005
51472,325.0214070342223
51473,101.3593923761316
51474,272.28631559832354
51475,563.7349835139536
51476,81.91126731583981
51477,212.12292758111593
51478,587.2235940424985
51479,354.3997791658056
51480,331.151825809393
51481,122.16404797806105
51482,234.07293724661452
51483,325.47185087522837
51484,211.17034979480536
51485,527.0080527437917
51486,281.1494689587553
51487,193.49787680571652
51488,261.09806422361373
51489,286.62664536126505
51490,308.65652601151373
51491,114.63336293673734
51492,337.34447191755953
51493,121.92538501014053
51494,198.27306690569623
51495,225.09059984234554
51496,137.20243036724736
51497,283.8055202978156
51498,136.57859315396794
51499,511.4656378377841
51500,130.31622580381912
51501,601.0574699523286
51502,76.5707701911076
51503,396.705137379064
51504,184.39546896890946
51505,115.81284296489643
51506,403.4840155229339
51507,155.95053688350825
51508,137.33264827572734
51509,155.88998902430296
51510,164.50031951918115
51511,379.42300804604287
51512,123.205393877049
51513,64.90993563573471
51514,334.2499898883506
51515,115.10942998400441
51516,218.2773986537282
51517,293.08177782881864
51518,391.7359002091007
51519,234.7563519756965
51520,198.80992305069338
51521,209.56158250703118
51522,247.46590932672012
51523,189.79937337370123
51524,306.2062611130667
51525,242.02644501045643
51526,424.0111175946529
51527,266.9837590702432
51528,128.87271627547523
51529,253.02474691357492
51530,165.72717863668564
51531,445.0075080533686
51532,112.52534577114963
51533,261.49663110675715
51534,256.9406414200514
51535,2009.7622789915044
51536,744.2808392871731
51537,423.05706296140556
51538,182.84139532319432
51539,361.0333206660555
51540,435.18331002559705
51541,289.7840062962065
51542,211.2727938682244
51543,124.27361926462818
51544,121.03642739811649
51545,102.15410288886318
51546,362.4345049068171
51547,215.18792334639545
51548,165.93894559719155
51549,111.60946384187599
51550,272.4047536855339
51551,140.61397317770994
51552,266.04492524390497
51553,178.34259974964948
51554,161.45935942948623
51555,179.93748095542082
51556,346.5702091967229
51557,191.75246289879715
51558,214.76738206193588
51559,274.6366650582713
51560,413.4459445583032
51561,374.02937550091764
51562,83.21990697389263
51563,114.19310688986567
51564,263.3884091191702
51565,243.08738149343836
51566,371.8333619749785
51567,606.7197598113346
51568,699.3235680304468
51569,171.26030009971325
51570,210.81776062048075
51571,100.53228490201542
51572,125.19922234287928
51573,272.2361059946984
51574,213.20399938542863
51575,613.9427777088955
51576,509.6082015653611
51577,173.9136371764849
51578,990.7282518389815
51579,344.3368304871332
51580,128.03921442102472
51581,333.6163746078289
51582,375.26352911275336
51583,463.3085048364909
51584,163.37771028304138
51585,204.40875544340167
51586,141.94625228348386
51587,139.66057245809415
51588,359.35366841452446
51589,238.24641380865063
51590,441.52336379613763
51591,268.7142972470266
51592,123.01414006363349
51593,451.5445197290414
51594,201.90369786704514
51595,295.1832312474421
51596,198.75214644947815
51597,188.96284601862186
51598,242.15494409999798
51599,956.0333651300621
51600,393.5951905422236
51601,434.5637485927854
51602,319.959565118232
51603,184.77262220428256
51604,235.27418709152198
51605,306.36229872814226
51606,189.9339110731264
51607,126.33197442402562
51608,323.8212273775016
51609,257.3953811146274
51610,201.67595674892408
51611,286.6089446626796
51612,785.0334752776773
51613,304.48737499931457
51614,246.30573922177672
51615,304.3953703872028
51616,116.71131808990614
51617,195.5479790551431
51618,100.22295620540385
51619,123.31894939996216
51620,1624.1377664292504
51621,200.0520212248511
51622,553.1604796241376
51623,326.83925879717765
51624,259.5483490214143
51625,117.98397581956304
51626,171.39490590586644
51627,146.04140931174035
51628,438.888347407909
51629,121.6239891454413
51630,188.14836681442264
51631,131.61465337840465
51632,169.98516188183746
51633,414.5618510892582
51634,184.65733584534615
51635,291.36314244544667
51636,125.0979282053773
51637,128.39078808329202
51638,141.4076737328851
51639,225.3246283955037
51640,244.97174896151284
51641,188.8545590951106
51642,165.95175869377653
51643,296.0540929874577
51644,337.3354574623014
51645,197.27699599643722
51646,136.0708966819413
51647,141.2354451623852
51648,114.65489545572544
51649,238.93285407743048
51650,263.85198494481136
51651,445.5328579628434
51652,191.32271605524087
51653,123.74882564304133
51654,180.7977402468043
51655,289.92568493398255
51656,182.45659914047692
51657,124.61561156901614
51658,253.26141276706127
51659,287.32630187648067
51660,150.1049179414902
51661,144.36098808424552
51662,821.1389166689501
51663,304.9404672945595
51664,546.6972410115239
51665,503.44946222602607
51666,190.14959980813413
51667,305.5178012769043
51668,96.2223547235475
51669,317.05712432246605
51670,684.1897189725519
51671,210.19008694635008
51672,220.63258648477236
51673,219.27477039027946
51674,118.3481579238482
51675,159.39826491980375
51676,1066.6181976441203
51677,91.00812056130424
51678,170.01694740281053
51679,344.6170079783304
51680,225.9661222895853
51681,129.05328343270043
51682,175.0001447744515
51683,340.757681828772
51684,149.91864146652193
51685,75.18071991796856
51686,144.52250400557836
51687,228.40873756941141
51688,153.76375724366898
51689,154.25905722812038
51690,269.1276812514824
51691,167.49665127140804
51692,273.6371446973368
51693,564.8864720241868
51694,245.2987453544396
51695,444.88447399903794
51696,261.0498903660871
51697,643.2756920492993
51698,185.12368928163804
51699,208.23907261277503
51700,342.7460510204524
51701,198.5508708678962
51702,236.87170016058127
51703,216.81325815311624
51704,194.33308099301402
51705,172.36022035622065
51706,1086.215713744638
51707,203.55623284283507
51708,329.6245952127722
