id,realSum
36196,295.37637
36197,963.845
36198,998.57684
36199,191.08958
36200,288.54718
36201,568.6772
36202,9649.434
36203,336.07584
36204,653.3351
36205,232.41496
36206,199.93796
36207,443.90717
36208,211.67809
36209,187.009
36210,164.88304
36211,394.30746
36212,238.69781
36213,190.93153
36214,96.78357
36215,136.8844
36216,351.40247
36217,214.05432
36218,393.2887
36219,134.15126
36220,324.33676
36221,343.08563
36222,184.8049
36223,384.86166
36224,332.20547
36225,663.88696
36226,293.0004
36227,510.21213
36228,1281.8854
36229,237.68153
36230,217.11537
36231,248.46466
36232,180.68825
36233,184.30785
36234,118.34128
36235,516.1101
36236,154.24072
36237,239.95163
36238,150.32785
36239,182.8636
36240,273.89725
36241,197.35431
36242,123.039085
36243,250.51994
36244,174.47314
36245,219.03615
36246,433.8165
36247,216.14905
36248,648.89734
36249,498.56128
36250,260.00046
36251,368.49826
36252,351.59967
36253,418.60406
36254,333.1723
36255,289.15747
36256,89.81007
36257,398.16272
36258,209.76755
36259,386.77536
36260,386.46216
36261,153.11693
36262,117.51509
36263,113.782845
36264,113.799706
36265,660.3276
36266,252.7238
36267,347.59738
36268,272.55978
36269,165.9563
36270,440.12823
36271,248.124
36272,237.61722
36273,520.45074
36274,133.66824
36275,233.04684
36276,291.11484
36277,192.09068
36278,150.50954
36279,257.0492
36280,129.9776
36281,144.76259
36282,143.7718
36283,147.111
36284,225.98157
36285,211.77623
36286,168.70757
36287,218.23877
36288,176.5174
36289,62.3946
36290,520.75665
36291,255.77144
36292,313.60468
36293,513.46893
36294,148.76515
36295,222.33557
36296,735.3905
36297,175.41742
36298,148.1982
36299,142.7095
36300,136.4328
36301,503.75928
36302,154.04236
36303,297.91486
36304,231.61609
36305,290.80545
36306,103.06728
36307,298.81155
36308,377.57108
36309,282.36502
36310,228.25949
36311,417.6935
36312,286.8309
36313,402.95963
36314,195.72058
36315,171.96848
36316,623.48535
36317,150.57614
36318,135.61687
36319,174.77756
36320,600.0577
36321,377.61246
36322,252.46533
36323,196.8458
36324,243.04442
36325,280.60077
36326,248.43575
36327,355.58374
36328,366.5283
36329,117.561844
36330,140.76302
36331,134.69742
36332,387.7253
36333,284.25598
36334,326.7428
36335,131.71451
36336,281.72894
36337,252.99054
36338,231.3494
36339,251.83333
36340,214.31444
36341,141.3057
36342,196.95285
36343,128.50623
36344,220.37646
36345,155.10997
36346,192.80115
36347,212.99443
36348,299.39822
36349,77.00329
36350,242.95432
36351,113.90684
36352,186.76018
36353,314.60718
36354,329.20197
36355,201.47443
36356,279.23447
36357,239.58212
36358,538.2515
36359,287.8241
36360,256.45834
36361,439.56247
36362,186.5961
36363,165.52951
36364,336.8887
36365,258.60233
36366,302.45255
36367,277.38104
36368,284.02823
36369,551.78326
36370,443.6543
36371,268.70502
36372,261.60806
36373,203.62968
36374,339.29092
36375,148.21849
36376,211.53558
36377,211.77272
36378,149.27588
36379,198.06467
36380,116.29683
36381,292.10022
36382,251.94481
36383,134.46593
36384,379.7068
36385,132.22005
36386,239.21233
36387,121.5638
36388,125.24842
36389,235.2448
36390,199.79907
36391,599.25494
36392,289.04993
36393,118.96957
36394,270.15213
36395,520.407
36396,360.71353
36397,173.69205
36398,120.453285
36399,350.78525
36400,244.38313
36401,130.32217
36402,165.4613
36403,219.90634
36404,197.50584
36405,160.91376
36406,128.03618
36407,176.19003
36408,164.04222
36409,263.72488
36410,192.25531
36411,238.45146
36412,218.55228
36413,298.4898
36414,193.29715
36415,432.44687
36416,186.28899
36417,472.53088
36418,141.65396
36419,311.01114
36420,114.38104
36421,429.7826
36422,247.67967
36423,232.23071
36424,180.59256
36425,178.36145
36426,134.59808
36427,130.28497
36428,249.7172
36429,1193.2214
36430,391.49646
36431,707.42145
36432,366.5743
36433,139.59097
36434,244.63661
36435,324.605
36436,538.82086
36437,268.0937
36438,315.79053
36439,187.58162
36440,517.6826
36441,257.74002
36442,394.00125
36443,223.67438
36444,176.12273
36445,141.42548
36446,213.72238
36447,187.4694
36448,192.30324
36449,682.06213
36450,294.96988
36451,137.84027
36452,761.41907
36453,287.41562
36454,2953.1401
36455,95.62371
36456,126.88807
36457,153.11905
36458,467.78522
36459,299.72702
36460,214.73068
36461,297.44254
36462,414.20416
36463,152.9983
36464,326.05917
36465,248.32819
36466,182.15193
36467,231.24335
36468,210.77342
36469,161.28604
36470,405.7035
36471,510.2544
36472,155.4807
36473,119.53053
36474,433.89087
36475,331.43097
36476,189.56313
36477,483.4987
36478,202.54176
36479,159.35472
36480,218.6738
36481,443.6918
36482,284.89072
36483,205.4779
36484,447.70874
36485,133.0881
36486,364.85617
36487,399.94095
36488,184.11546
36489,433.13974
36490,148.19397
36491,150.03601
36492,603.42816
36493,339.24374
36494,247.8855
36495,209.21472
36496,409.09836
36497,199.52357
36498,267.66974
36499,636.37445
36500,110.96923
36501,156.09877
36502,187.37213
36503,314.40942
36504,363.11142
36505,190.83798
36506,186.9646
36507,730.0258
36508,667.73553
36509,210.9259
36510,227.68935
36511,358.6813
36512,287.61594
36513,415.3258
36514,215.50146
36515,246.76457
36516,223.82994
36517,195.65654
36518,261.01575
36519,240.33925
36520,186.56227
36521,193.36235
36522,134.20134
36523,233.28535
36524,711.09717
36525,181.70049
36526,207.21893
36527,247.62312
36528,427.98828
36529,202.2143
36530,270.48038
36531,169.27971
36532,92.887474
36533,244.32959
36534,235.06361
36535,146.30656
36536,278.61407
36537,564.4682
36538,171.76108
36539,351.4164
36540,203.54651
36541,123.72171
36542,230.64342
36543,216.85817
36544,151.27657
36545,135.19167
36546,596.268
36547,108.04845
36548,118.19216
36549,156.43958
36550,375.5151
36551,223.03354
36552,163.489
36553,160.91235
36554,393.23297
36555,191.19142
36556,140.74533
36557,246.5808
36558,177.75488
36559,247.8277
36560,157.11954
36561,589.0484
36562,275.6861
36563,177.11691
36564,129.16788
36565,180.31325
36566,312.8238
36567,201.17749
36568,92.44716
36569,288.6272
36570,145.90744
36571,193.07689
36572,192.19812
36573,271.01538
36574,185.44629
36575,736.3657
36576,412.2385
36577,232.93001
36578,154.76042
36579,246.59741
36580,135.28375
36581,269.64392
36582,290.98367
36583,171.71529
36584,208.54646
36585,469.11868
36586,166.3602
36587,632.2945
36588,251.45906
36589,185.5618
36590,217.02945
36591,195.3175
36592,264.47995
36593,403.73828
36594,420.92984
36595,242.20784
36596,114.63561
36597,207.09035
36598,207.10147
36599,200.61276
36600,261.89163
36601,253.23291
36602,268.11624
36603,160.07071
36604,733.7561
36605,1467.9434
36606,120.956566
36607,699.95746
36608,172.24294
36609,179.50484
36610,210.42548
36611,199.19952
36612,498.64218
36613,255.76584
36614,230.17833
36615,206.60422
36616,238.51112
36617,284.52783
36618,219.20023
36619,444.78156
36620,249.4453
36621,121.009
36622,162.29031
36623,107.60401
36624,127.59985
36625,759.5199
36626,255.92763
36627,117.628204
36628,359.34332
36629,398.71497
36630,105.47931
36631,321.74374
36632,215.27235
36633,230.56165
36634,97.80138
36635,244.30232
36636,402.946
36637,242.79086
36638,212.73851
36639,358.46445
36640,178.62271
36641,473.50992
36642,201.68773
36643,93.651634
36644,120.23345
36645,210.9151
36646,277.64023
36647,298.53894
36648,803.9112
36649,142.36336
36650,1199.9733
36651,312.76508
36652,157.7122
36653,353.9824
36654,282.62497
36655,190.63739
36656,350.5377
36657,261.52505
36658,226.68434
36659,175.89685
36660,263.87747
36661,224.6839
36662,256.11578
36663,122.59315
36664,202.29666
36665,163.4713
36666,93.187096
36667,290.5827
36668,512.12866
36669,135.76045
36670,237.1836
36671,215.15018
36672,716.90454
36673,234.21657
36674,229.36774
36675,199.93013
36676,492.97217
36677,349.09738
36678,331.17853
36679,186.00739
36680,284.8015
36681,319.29138
36682,235.44814
36683,360.1914
36684,156.14943
36685,508.69382
36686,168.61748
36687,228.41103
36688,184.51865
36689,238.54764
36690,170.64226
36691,2581.9058
36692,161.3562
36693,398.2253
36694,168.31404
36695,105.02566
36696,136.62169
36697,227.19383
36698,227.19286
36699,170.09445
36700,217.93436
36701,373.79123
36702,112.61671
36703,241.47354
36704,165.06873
36705,155.69316
36706,155.27962
36707,262.2222
36708,292.2983
36709,476.79022
36710,148.49811
36711,251.75128
36712,89.94837
36713,115.24382
36714,128.9208
36715,116.169426
36716,134.20134
36717,137.51093
36718,183.19594
36719,175.95874
36720,264.79663
36721,334.08694
36722,889.9479
36723,186.11444
36724,455.74292
36725,225.88165
36726,117.127396
36727,197.73352
36728,198.5675
36729,587.88196
36730,153.918
36731,241.46704
36732,186.56213
36733,150.6723
36734,73.14148
36735,140.5993
36736,89.65412
36737,359.589
36738,158.53085
36739,103.14767
36740,253.1073
36741,127.62013
36742,126.871925
36743,128.58456
36744,242.69437
36745,173.18475
36746,187.95775
36747,183.59134
36748,168.60727
36749,483.6814
36750,124.38714
36751,215.92508
36752,464.09344
36753,493.9174
36754,231.87451
36755,654.1789
36756,201.48419
36757,374.09323
36758,143.3305
36759,165.13997
36760,256.60477
36761,217.12253
36762,206.76938
36763,81.21099
36764,283.2678
36765,177.16058
36766,304.68085
36767,330.17255
36768,297.8665
36769,149.53633
36770,138.3581
36771,157.85802
36772,121.12504
36773,262.64157
36774,200.67853
36775,218.0782
36776,179.7609
36777,79.1294
36778,93.28178
36779,259.81168
36780,182.54512
36781,227.97208
36782,174.44626
36783,241.2711
36784,354.76358
36785,452.44806
36786,138.49904
36787,320.8997
36788,332.60507
36789,490.1569
36790,356.29123
36791,518.6431
36792,181.00775
36793,129.48
36794,256.78595
36795,231.14143
36796,242.74326
36797,456.65112
36798,625.70575
36799,442.28958
36800,265.6839
36801,518.8499
36802,401.26227
36803,278.86996
36804,209.81165
36805,140.2708
36806,469.56708
36807,201.35562
36808,238.78522
36809,208.50162
36810,518.1783
36811,275.10385
36812,254.15799
36813,155.07286
36814,483.24835
36815,132.76546
36816,178.37694
36817,214.80565
36818,194.72974
36819,167.19214
36820,212.29839
36821,315.5876
36822,789.65375
36823,453.22232
36824,320.8972
36825,277.65775
36826,265.3008
36827,175.84593
36828,332.23233
36829,280.42612
36830,199.17062
36831,393.39804
36832,179.11061
36833,229.53833
36834,252.01424
36835,451.9719
36836,179.884
36837,117.468864
36838,225.06639
36839,150.6475
36840,337.96414
36841,223.78712
36842,170.1351
36843,206.93327
36844,276.8842
36845,142.43248
36846,715.2486
36847,213.96573
36848,224.57951
36849,241.96225
36850,195.10316
36851,138.4143
36852,527.30304
36853,201.51839
36854,204.90831
36855,234.96338
36856,135.49164
36857,354.79343
36858,343.36865
36859,250.67938
36860,350.97122
36861,333.22665
36862,184.71754
36863,136.7234
36864,211.09052
36865,226.12122
36866,151.43233
36867,143.24512
36868,176.32045
36869,246.69128
36870,217.48546
36871,165.95645
36872,125.9932
36873,289.6896
36874,302.76
36875,252.98123
36876,204.51361
36877,334.84836
36878,222.20993
36879,120.98437
36880,164.26186
36881,61.057335
36882,349.81995
36883,520.2118
36884,146.86148
36885,147.71361
36886,393.5393
36887,194.3597
36888,523.5069
36889,168.23694
36890,270.75858
36891,153.86516
36892,951.3649
36893,456.6154
36894,235.42342
36895,349.26917
36896,137.13702
36897,426.53384
36898,142.67198
36899,167.81677
36900,368.1687
36901,96.33935
36902,140.3834
36903,263.7081
36904,119.73216
36905,163.28543
36906,99.536606
36907,549.0308
36908,148.96909
36909,289.562
36910,286.00046
36911,331.6957
36912,133.8211
36913,150.1126
36914,104.65528
36915,141.75151
36916,208.00188
36917,268.0518
36918,251.49722
36919,198.63187
36920,139.70894
36921,509.55887
36922,154.85156
36923,132.36122
36924,153.44955
36925,179.72845
36926,125.17719
36927,254.21033
36928,204.30107
36929,192.0119
36930,271.37912
36931,771.11206
36932,129.76543
36933,114.19118
36934,148.11269
36935,346.936
36936,200.63387
36937,343.6743
36938,258.08954
36939,324.8262
36940,173.65111
36941,138.7248
36942,140.80615
36943,983.6165
36944,165.86859
36945,190.17043
36946,184.69798
36947,125.528656
36948,197.87561
36949,177.327
36950,187.16745
36951,206.76541
36952,77.07904
36953,239.17747
36954,153.42937
36955,137.89296
36956,143.6021
36957,236.19064
36958,168.09433
36959,170.07419
36960,131.63965
36961,107.34517
36962,82.40146
36963,133.50378
36964,255.92154
36965,119.975716
36966,311.72253
36967,152.40619
36968,146.85535
36969,351.7987
36970,461.48956
36971,310.6999
36972,476.1688
36973,199.64677
36974,359.04282
36975,1742.0088
36976,330.76636
36977,161.10449
36978,454.1105
36979,284.5355
36980,196.98952
36981,245.63358
36982,192.34433
36983,200.4632
36984,166.32625
36985,297.18622
36986,132.09009
36987,431.95547
36988,247.24976
36989,145.18196
36990,100.64227
36991,230.21
36992,294.72586
36993,162.31152
36994,188.30612
36995,175.8101
36996,246.19609
36997,853.79913
36998,207.60898
36999,218.38841
37000,261.3443
37001,902.16437
37002,166.36688
37003,548.17004
37004,607.5599
37005,106.98254
37006,262.49817
37007,865.33563
37008,268.07083
37009,552.86224
37010,213.47069
37011,93.3459
37012,145.44098
37013,171.48526
37014,294.8777
37015,335.7817
37016,515.39484
37017,235.91708
37018,491.25217
37019,137.34482
37020,153.7954
37021,186.2897
37022,192.525
37023,632.22705
37024,186.86348
37025,146.3924
37026,406.2241
37027,282.58228
37028,280.9221
37029,218.44238
37030,180.46783
37031,186.76482
37032,449.71823
37033,604.21204
37034,292.27634
37035,184.84265
37036,110.89558
37037,961.24664
37038,196.61601
37039,285.169
37040,79.61879
37041,163.19203
37042,248.83992
37043,263.10336
37044,139.84122
37045,232.76134
37046,242.8094
37047,335.5507
37048,537.61346
37049,134.26244
37050,134.74986
37051,374.12823
37052,111.15718
37053,421.4416
37054,545.53864
37055,163.46112
37056,163.71893
37057,133.18546
37058,183.4534
37059,179.82599
37060,134.3591
37061,311.30542
37062,174.58775
37063,185.32182
37064,231.1477
37065,168.27946
37066,200.34192
37067,804.3464
37068,159.72621
37069,187.8903
37070,647.5919
37071,337.10025
37072,84.54686
37073,394.2922
37074,160.8887
37075,245.80501
37076,316.30078
37077,141.52171
37078,125.336266
37079,238.11963
37080,165.74716
37081,120.03827
37082,198.83716
37083,205.57181
37084,645.5927
37085,163.61171
37086,516.70056
37087,215.23288
37088,322.75253
37089,504.38068
37090,125.34009
37091,139.9485
37092,153.00148
37093,359.37885
37094,248.20482
37095,440.74542
37096,175.76729
37097,143.36876
37098,194.78093
37099,503.1579
37100,110.67402
37101,282.65875
37102,237.86346
37103,203.07048
37104,85.4997
37105,223.86429
37106,161.60837
37107,283.62433
37108,248.85657
37109,193.67044
37110,193.74554
37111,123.41482
37112,71.025444
37113,534.4451
37114,315.708
37115,316.6157
37116,96.26431
37117,110.18983
37118,179.06975
37119,227.30084
37120,434.50867
37121,155.79558
37122,241.78047
37123,273.03998
37124,120.211105
37125,162.66985
37126,199.59286
37127,349.7515
37128,252.25816
37129,128.49107
37130,336.808
37131,496.75604
37132,1129.733
37133,245.63525
37134,138.49904
37135,247.24347
37136,193.2259
37137,161.89793
37138,392.11496
37139,241.64743
37140,81.65888
37141,165.62263
37142,234.98755
37143,168.93137
37144,442.23724
37145,135.79625
37146,320.16104
37147,158.05804
37148,211.17802
37149,170.74298
37150,192.78186
37151,670.1182
37152,335.48245
37153,244.54659
37154,207.29141
37155,184.45592
37156,658.8412
37157,145.91307
37158,418.1186
37159,262.75238
37160,256.89478
37161,225.06769
37162,1127.6981
37163,170.98398
37164,209.08209
37165,615.0279
37166,162.54182
37167,346.65283
37168,87.34623
37169,235.50739
37170,273.36493
37171,230.8313
37172,154.59059
37173,221.56421
37174,384.56314
37175,199.49915
37176,185.51276
37177,201.04791
37178,174.30923
37179,310.97305
37180,213.4622
37181,223.52837
37182,339.8968
37183,1374.4312
37184,254.07814
37185,230.26091
37186,280.50803
37187,326.7831
37188,387.5137
37189,505.01462
37190,241.3938
37191,625.7727
37192,233.807
37193,372.58264
37194,207.8548
37195,164.94301
37196,134.44437
37197,307.51132
37198,910.6734
37199,322.9345
37200,137.07298
37201,135.72893
37202,98.23337
37203,303.324
37204,294.6451
37205,316.00784
37206,256.14575
37207,370.79813
37208,321.3947
37209,255.6312
37210,245.26196
37211,626.705
37212,836.83875
37213,489.35782
37214,519.4634
37215,166.80049
37216,243.21205
37217,189.54138
37218,261.5241
37219,200.55327
37220,157.17615
37221,374.89954
37222,147.56093
37223,179.52663
37224,443.06384
37225,149.17368
37226,977.2511
37227,720.23724
37228,216.32455
37229,280.92398
37230,206.7518
37231,695.5039
37232,258.79782
37233,322.3649
37234,124.96416
37235,331.44098
37236,173.06279
37237,179.03299
37238,366.5294
37239,394.3322
37240,222.29716
37241,314.92413
37242,158.24925
37243,182.81725
37244,166.1202
37245,182.41472
37246,207.16057
37247,321.72
37248,243.06898
37249,539.6119
37250,184.03288
37251,111.87597
37252,162.52155
37253,1710.688
37254,408.5611
37255,114.70812
37256,151.63235
37257,281.81348
37258,201.27794
37259,358.81418
37260,369.12167
37261,424.0023
37262,149.12938
37263,550.04297
37264,266.94247
37265,216.6853
37266,382.73196
37267,239.22482
37268,169.43373
37269,195.60796
37270,179.67116
37271,297.75568
37272,842.0462
37273,233.22003
37274,132.91992
37275,819.50635
37276,281.93033
37277,524.67865
37278,229.54187
37279,178.87558
37280,91.611496
37281,666.03015
37282,837.1423
37283,949.9183
37284,148.94516
37285,435.82263
37286,264.48843
37287,276.33554
37288,275.97452
37289,1986.5387
37290,196.64522
37291,154.43266
37292,188.33202
37293,330.65192
37294,309.50644
37295,410.97125
37296,137.04736
37297,437.23343
37298,122.84817
37299,300.76816
37300,158.72856
37301,157.74297
37302,245.57132
37303,127.48778
37304,589.0944
37305,331.73154
37306,410.17453
37307,295.69348
37308,177.59027
37309,322.826
37310,164.39381
37311,107.94534
37312,283.54028
37313,317.3735
37314,540.30566
37315,212.59662
37316,195.48924
37317,248.84521
37318,211.68489
37319,127.95275
37320,521.4666
37321,224.37772
37322,181.25215
37323,195.62679
37324,143.67935
37325,221.36264
37326,334.31976
37327,202.83266
37328,361.47797
37329,195.17581
37330,232.75948
37331,407.6753
37332,110.91213
37333,160.31445
37334,796.81946
37335,236.1035
37336,125.47014
37337,281.45178
37338,164.58493
37339,411.69696
37340,416.35907
37341,262.99023
37342,198.91508
37343,312.37363
37344,336.7987
37345,169.715
37346,228.76929
37347,138.29405
37348,198.96059
37349,109.84579
37350,213.46855
37351,135.45868
37352,172.85039
37353,456.0917
37354,153.98451
37355,562.68756
37356,152.52751
37357,131.58237
37358,287.28094
37359,79.373184
37360,143.91791
37361,303.5268
37362,440.98004
37363,148.93048
37364,473.665
37365,124.67937
37366,140.4384
37367,298.36038
37368,237.32944
37369,745.80884
37370,1127.2416
37371,87.71099
37372,182.75043
37373,345.77393
37374,241.29898
37375,315.42072
37376,164.7513
37377,524.4068
37378,269.36508
37379,172.017
37380,98.35446
37381,112.05467
37382,243.40942
37383,251.0077
37384,413.62527
37385,105.99265
37386,255.47054
37387,458.5008
37388,216.19382
37389,242.97028
37390,212.92645
37391,95.11717
37392,1084.6283
37393,193.71196
37394,575.4784
37395,141.90118
37396,365.5544
37397,159.68073
37398,111.34087
37399,201.89685
37400,182.24437
37401,120.77227
37402,192.48482
37403,505.10535
37404,173.08115
37405,301.40848
37406,549.8332
37407,481.48566
37408,156.97943
37409,251.31104
37410,141.44585
37411,549.6052
37412,292.24704
37413,158.92052
37414,284.6804
37415,307.34943
37416,354.06033
37417,260.54965
37418,477.38806
37419,72.77926
37420,58.93951
37421,289.8383
37422,126.06972
37423,109.04344
37424,337.6836
37425,481.40912
37426,213.70058
37427,236.88596
37428,369.4922
37429,149.4919
37430,121.517525
37431,133.42818
37432,1427.6001
37433,153.5886
37434,167.60367
37435,313.92462
37436,-8.313318
37437,111.09263
37438,232.32452
37439,217.20383
37440,169.28465
37441,112.64882
37442,519.2843
37443,144.2632
37444,146.0984
37445,474.89395
37446,1342.322
37447,141.7416
37448,215.21793
37449,232.07352
37450,149.56178
37451,172.00755
37452,272.96628
37453,239.4576
37454,279.95633
37455,261.14642
37456,98.1243
37457,317.37463
37458,101.83412
37459,245.97829
37460,231.41867
37461,130.37488
37462,194.0021
37463,117.14459
37464,116.04349
37465,190.67755
37466,264.21692
37467,480.65744
37468,229.4503
37469,150.22083
37470,203.59027
37471,122.5565
37472,126.8193
37473,137.72449
37474,258.4997
37475,672.3986
37476,484.7074
37477,281.37878
37478,168.45512
37479,198.78282
37480,527.0597
37481,397.65076
37482,237.34798
37483,214.73116
37484,102.908104
37485,214.60161
37486,550.36646
37487,639.192
37488,216.69577
37489,567.4991
37490,358.75592
37491,154.65329
37492,384.18393
37493,164.85382
37494,159.11969
37495,185.58478
37496,298.83627
37497,180.43858
37498,321.90826
37499,131.61586
37500,324.90594
37501,262.05478
37502,205.82672
37503,231.23795
37504,117.27196
37505,254.31326
37506,210.47777
37507,758.531
37508,347.22232
37509,230.5775
37510,440.37842
37511,359.4178
37512,474.79028
37513,189.48213
37514,453.79803
37515,200.7289
37516,132.16835
37517,227.99728
37518,141.3537
37519,377.50464
37520,158.76445
37521,866.2214
37522,177.06612
37523,335.93085
37524,444.401
37525,144.76274
37526,176.79315
37527,242.99922
37528,253.8609
37529,130.63557
37530,141.74812
37531,173.7264
37532,184.19391
37533,122.50071
37534,171.52274
37535,303.95892
37536,262.15085
37537,164.81412
37538,242.44427
37539,385.59705
37540,133.24648
37541,218.07455
37542,152.23122
37543,159.61589
37544,183.15096
37545,254.79895
37546,411.14847
37547,168.72758
37548,298.7281
37549,132.95828
37550,154.11516
37551,188.54697
37552,369.87067
37553,184.05235
37554,229.9159
37555,268.08466
37556,150.25197
37557,361.64224
37558,1104.614
37559,88.886795
37560,184.08499
37561,400.59662
37562,167.34079
37563,259.0628
37564,119.1626
37565,216.36494
37566,567.15643
37567,1042.685
37568,881.3669
37569,153.27847
37570,415.0938
37571,144.61647
37572,218.30202
37573,143.65112
37574,344.48276
37575,196.01741
37576,313.15054
37577,639.32526
37578,315.15616
37579,259.13394
37580,350.93286
37581,125.23764
37582,192.08878
37583,208.54027
37584,334.96133
37585,205.55669
37586,137.19592
37587,106.91195
37588,154.17448
37589,187.27274
37590,403.38492
37591,117.67205
37592,237.83134
37593,186.748
37594,266.11868
37595,157.3198
37596,222.17424
37597,153.72278
37598,182.49615
37599,157.62137
37600,280.02856
37601,159.43361
37602,146.64807
37603,165.39029
37604,545.36426
37605,126.62169
37606,162.37779
37607,135.8625
37608,196.12776
37609,170.72952
37610,195.53046
37611,158.16803
37612,223.09227
37613,413.3125
37614,505.48737
37615,294.38876
37616,726.2831
37617,216.97784
37618,190.96294
37619,293.0411
37620,160.34236
37621,166.09691
37622,239.09038
37623,245.64941
37624,760.0871
37625,601.9719
37626,165.15393
37627,109.194084
37628,119.93649
37629,271.00674
37630,275.49158
37631,148.41595
37632,487.42972
37633,558.5934
37634,475.5406
37635,950.5374
37636,119.697136
37637,404.1279
37638,137.34396
37639,262.53265
37640,171.87149
37641,120.19264
37642,98.57841
37643,131.33382
37644,602.9945
37645,139.18794
37646,387.97443
37647,467.41373
37648,346.75476
37649,92.73584
37650,174.41049
37651,229.26732
37652,369.41977
37653,138.2754
37654,210.147
37655,335.33575
37656,219.17105
37657,190.70546
37658,111.07007
37659,115.03653
37660,135.22011
37661,153.58388
37662,265.37872
37663,177.32472
37664,236.7712
37665,394.89096
37666,256.9621
37667,131.37509
37668,182.21167
37669,162.4711
37670,112.781044
37671,178.16118
37672,288.62103
37673,153.00635
37674,167.91745
37675,157.57117
37676,221.9091
37677,233.98816
37678,293.28937
37679,621.05743
37680,218.79562
37681,220.3561
37682,114.36189
37683,227.41447
37684,251.66196
37685,505.6077
37686,279.3363
37687,137.66438
37688,324.93427
37689,116.54313
37690,251.55449
37691,203.43913
37692,131.0799
37693,158.3502
37694,288.00858
37695,272.04965
37696,225.81242
37697,372.69296
37698,213.36975
37699,466.9604
37700,115.52947
37701,203.96205
37702,182.30626
37703,229.31102
37704,567.1111
37705,170.29263
37706,417.0152
37707,141.18982
37708,197.97885
37709,170.17104
37710,188.27798
37711,141.72531
37712,133.34619
37713,158.95465
37714,154.31061
37715,428.01355
37716,398.4881
37717,148.52933
37718,329.97577
37719,216.42413
37720,152.90364
37721,194.79498
37722,203.90465
37723,325.80862
37724,329.2679
37725,410.7296
37726,483.54816
37727,125.545334
37728,159.04306
37729,119.32113
37730,338.39417
37731,155.89294
37732,161.77148
37733,315.17267
37734,181.7996
37735,399.2154
37736,116.58285
37737,415.9997
37738,274.63693
37739,212.6341
37740,211.17575
37741,128.10347
37742,147.27985
37743,393.92392
37744,393.86124
37745,90.07748
37746,222.6547
37747,109.96485
37748,244.47998
37749,198.34166
37750,319.17615
37751,148.47574
37752,145.59148
37753,207.007
37754,227.30502
37755,133.60252
37756,244.5105
37757,281.6715
37758,190.5732
37759,346.8696
37760,244.73286
37761,155.30826
37762,470.8494
37763,579.25696
37764,388.6924
37765,311.56747
37766,114.254745
37767,140.56062
37768,203.28064
37769,262.8045
37770,131.72835
37771,228.81458
37772,324.78482
37773,139.01892
37774,887.0524
37775,124.99518
37776,185.5411
37777,128.26604
37778,162.8353
37779,172.94601
37780,201.52853
37781,126.03719
37782,1130.0037
37783,228.38252
37784,504.30814
37785,143.50833
37786,260.48932
37787,739.50323
37788,59.71745
37789,162.90671
37790,237.75603
37791,353.6831
37792,280.63358
37793,365.6038
37794,302.5341
37795,305.73193
37796,1368.6455
37797,153.54
37798,153.21309
37799,289.59348
37800,197.78716
37801,224.15216
37802,136.84361
37803,118.87174
37804,210.04579
37805,288.28116
37806,350.9971
37807,142.5383
37808,217.15681
37809,186.14774
37810,208.8051
37811,229.7318
37812,236.54376
37813,237.46524
37814,362.0147
37815,140.09084
37816,157.42789
37817,1026.4775
37818,220.78
37819,489.93884
37820,446.19238
37821,363.54984
37822,96.77762
37823,183.48466
37824,330.70187
37825,162.06325
37826,83.68306
37827,171.59068
37828,195.25923
37829,203.49022
37830,134.20134
37831,126.12164
37832,926.6184
37833,416.95685
37834,591.7538
37835,157.95924
37836,150.52759
37837,395.87277
37838,390.3872
37839,100.41933
37840,224.16576
37841,112.84189
37842,104.515114
37843,174.96687
37844,379.30945
37845,288.8929
37846,196.9881
37847,266.66266
37848,159.05933
37849,225.77168
37850,148.8214
37851,107.265686
37852,447.99475
37853,166.29527
37854,147.19678
37855,313.38736
37856,112.046005
37857,117.24068
37858,198.14348
37859,164.21722
37860,354.10193
37861,279.44833
37862,476.77002
37863,358.4814
37864,245.65675
37865,394.38934
37866,1484.157
37867,234.90115
37868,404.51685
37869,120.224266
37870,359.2869
37871,179.38057
37872,321.33276
37873,149.76285
37874,710.80096
37875,743.2377
37876,133.54317
37877,251.18637
37878,226.21574
37879,123.13334
37880,113.12699
37881,201.3097
37882,265.88333
37883,218.87537
37884,104.01187
37885,197.99344
37886,602.26794
37887,346.47714
37888,245.50047
37889,393.28894
37890,273.85635
37891,212.12733
37892,214.22713
37893,172.35292
37894,134.714
37895,631.21356
37896,442.47876
37897,348.10672
37898,424.18106
37899,197.45277
37900,331.53873
37901,609.98065
37902,209.37402
37903,322.59
37904,508.94617
37905,199.35765
37906,136.21304
37907,278.62305
37908,302.03824
37909,170.84683
37910,149.53093
37911,394.96143
37912,316.4423
37913,235.24136
37914,172.85551
37915,329.4746
37916,226.56476
37917,110.02892
37918,553.99243
37919,143.86263
37920,258.1944
37921,137.10464
37922,178.15746
37923,122.459274
37924,384.79626
37925,142.19795
37926,208.39987
37927,189.18985
37928,275.81033
37929,273.5823
37930,499.63657
37931,194.16446
37932,207.23116
37933,621.24207
37934,118.84384
37935,237.52373
37936,191.1743
37937,337.3663
37938,197.87718
37939,136.43164
37940,117.639656
37941,400.52487
37942,188.20514
37943,1403.8723
37944,120.85289
37945,384.32172
37946,411.87198
37947,86.92554
37948,287.9996
37949,339.23795
37950,311.90228
37951,190.09644
37952,475.6747
37953,130.62495
37954,277.77792
37955,120.712425
37956,444.5759
37957,129.976
37958,123.70757
37959,886.5226
37960,160.99763
37961,217.69418
37962,187.78043
37963,182.97607
37964,240.7879
37965,354.0898
37966,431.2335
37967,364.32068
37968,156.00377
37969,151.07458
37970,295.5854
37971,348.67258
37972,117.914215
37973,233.39062
37974,335.64844
37975,217.67688
37976,112.892586
37977,199.58434
37978,272.9437
37979,175.2733
37980,158.2004
37981,509.09738
37982,346.51105
37983,341.78912
37984,269.0475
37985,147.15067
37986,129.46524
37987,267.24945
37988,230.94601
37989,222.45453
37990,633.56744
37991,225.50647
37992,229.7134
37993,197.96414
37994,153.92734
37995,186.58685
37996,188.50812
37997,205.92975
37998,142.57753
37999,159.0549
38000,147.52235
38001,213.40088
38002,89.91047
38003,189.681
38004,77.69411
38005,288.42902
38006,183.49423
38007,497.47192
38008,146.62355
38009,190.13676
38010,312.59912
38011,347.64124
38012,157.81293
38013,218.48154
38014,390.6236
38015,228.80638
38016,102.74899
38017,147.70576
38018,191.98175
38019,390.8701
38020,182.06432
38021,286.29044
38022,210.03857
38023,407.25974
38024,233.30576
38025,148.92348
38026,110.38758
38027,243.14938
38028,976.38574
38029,189.75563
38030,1854.0969
38031,156.0711
38032,75.767845
38033,346.66443
38034,194.89108
38035,188.93575
38036,153.94975
38037,274.21384
38038,125.8621
38039,315.13785
38040,264.5764
38041,286.10168
38042,539.39465
38043,181.92857
38044,344.13425
38045,173.16223
38046,116.74674
38047,192.95705
38048,562.76276
38049,423.12155
38050,202.64761
38051,935.48517
38052,168.26967
38053,289.4255
38054,514.2782
38055,323.41022
38056,226.71965
38057,154.84653
38058,126.69468
38059,195.48491
38060,501.4825
38061,156.19
38062,776.7014
38063,440.2625
38064,117.02919
38065,149.61174
38066,257.1775
38067,209.62798
38068,293.96008
38069,180.06949
38070,386.69635
38071,301.46677
38072,422.9695
38073,158.62276
38074,271.75287
38075,132.47105
38076,231.81201
38077,369.33704
38078,175.50233
38079,177.40138
38080,291.93027
38081,188.01218
38082,335.15945
38083,170.48239
38084,431.97754
38085,378.92346
38086,424.6104
38087,389.53946
38088,202.11015
38089,414.82233
38090,228.59221
38091,131.00311
38092,99.75149
38093,217.74405
38094,532.96497
38095,248.12679
38096,236.6137
38097,198.4394
38098,289.023
38099,892.51056
38100,497.0226
38101,131.92621
38102,156.96942
38103,91.51878
38104,232.55627
38105,221.31873
38106,335.02643
38107,93.17766
38108,196.21672
38109,793.34357
38110,107.0477
38111,531.1517
38112,188.32542
38113,216.43509
38114,183.5543
38115,649.89923
38116,207.4593
38117,137.56784
38118,126.77219
38119,248.47433
38120,410.9248
38121,151.18826
38122,357.22256
38123,308.0237
38124,231.33925
38125,250.09677
38126,182.59875
38127,472.5272
38128,207.21408
38129,187.46933
38130,204.44179
38131,357.41788
38132,372.23572
38133,159.28557
38134,225.74234
38135,228.15466
38136,110.12584
38137,161.91148
38138,329.44537
38139,226.59242
38140,744.2103
38141,418.20255
38142,378.70474
38143,134.74686
38144,148.40367
38145,362.9731
38146,87.83553
38147,463.80148
38148,179.30014
38149,222.93076
38150,172.84637
38151,293.0732
38152,103.60503
38153,194.41454
38154,122.04821
38155,218.30711
38156,187.29964
38157,131.5119
38158,292.52173
38159,207.83376
38160,767.14374
38161,245.93227
38162,262.49985
38163,410.93857
38164,150.98071
38165,166.31854
38166,519.88385
38167,202.68207
38168,181.2053
38169,524.5705
38170,216.00072
38171,350.18588
38172,187.49014
38173,207.06049
38174,435.5056
38175,237.07143
38176,335.86462
38177,264.42548
38178,342.7043
38179,308.94232
38180,190.28798
38181,174.4528
38182,246.76941
38183,346.26523
38184,385.18912
38185,144.74565
38186,266.20654
38187,245.24112
38188,247.29852
38189,352.77826
38190,264.5058
38191,199.99077
38192,177.91713
38193,286.96222
38194,360.4644
38195,113.98102
38196,430.38507
38197,110.67858
38198,163.84825
38199,274.62888
38200,283.4471
38201,141.08815
38202,183.79614
38203,395.0549
38204,124.81518
38205,175.52701
38206,543.03467
38207,185.55598
38208,301.55743
38209,128.72324
38210,186.79062
38211,418.46896
38212,197.99216
38213,579.08813
38214,145.47026
38215,131.35329
38216,172.3455
38217,184.36523
38218,197.52635
38219,200.97456
38220,123.64389
38221,328.18112
38222,161.44656
38223,152.79068
38224,213.86559
38225,139.96184
38226,219.82266
38227,132.03429
38228,736.90454
38229,144.16454
38230,245.077
38231,179.252
38232,140.91396
38233,172.17686
38234,231.44476
38235,123.582214
38236,577.70593
38237,142.74097
38238,136.22282
38239,308.15732
38240,114.93673
38241,109.56913
38242,166.58992
38243,218.60631
38244,371.4236
38245,202.4506
38246,140.97778
38247,482.74283
38248,118.85892
38249,298.0977
38250,107.36198
38251,243.70462
38252,168.49498
38253,93.08099
38254,286.09747
38255,248.52373
38256,153.89894
38257,251.18303
38258,162.13725
38259,243.75171
38260,172.91739
38261,99.2575
38262,212.03738
38263,146.04489
38264,294.37473
38265,156.53995
38266,285.46024
38267,279.2347
38268,201.03242
38269,251.31032
38270,864.9143
38271,368.9486
38272,180.88438
38273,167.8106
38274,325.06827
38275,90.8981
38276,162.81631
38277,955.61035
38278,187.89882
38279,256.85107
38280,314.92422
38281,133.9571
38282,782.0921
38283,192.52722
38284,410.1598
38285,567.5045
38286,309.86823
38287,150.23259
38288,133.07506
38289,144.68079
38290,237.8434
38291,850.13666
38292,127.31792
38293,140.67473
38294,179.79453
38295,396.67157
38296,166.21098
38297,150.84097
38298,412.95035
38299,454.3803
38300,136.11255
38301,215.99435
38302,266.21796
38303,308.1251
38304,157.82967
38305,430.0103
38306,274.02316
38307,226.70384
38308,329.31366
38309,134.15846
38310,381.56674
38311,173.2509
38312,194.96983
38313,172.77182
38314,130.77805
38315,167.78212
38316,124.38709
38317,141.9474
38318,330.51776
38319,185.38437
38320,437.15738
38321,231.23149
38322,161.49036
38323,142.71344
38324,608.1595
38325,217.02458
38326,335.0728
38327,99.42198
38328,193.15971
38329,331.15668
38330,403.4373
38331,163.13641
38332,124.82096
38333,186.62419
38334,164.93776
38335,149.99808
38336,230.43498
38337,69.99068
38338,143.17656
38339,370.3585
38340,231.22269
38341,468.10443
38342,361.40262
38343,205.84534
38344,172.04276
38345,224.16615
38346,200.14554
38347,780.18866
38348,358.26328
38349,156.71089
38350,95.65896
38351,265.71964
38352,128.80486
38353,552.71674
38354,104.070045
38355,269.02374
38356,217.93633
38357,275.0402
38358,240.61162
38359,140.75668
38360,243.16187
38361,135.04651
38362,405.6989
38363,3920.135
38364,304.7036
38365,214.48463
38366,235.50604
38367,69.30989
38368,106.51906
38369,251.29764
38370,478.29184
38371,380.565
38372,349.55737
38373,451.5318
38374,153.65898
38375,1676.1799
38376,177.49307
38377,199.21631
38378,226.16621
38379,151.08551
38380,247.137
38381,219.86781
38382,218.33339
38383,414.42526
38384,226.45958
38385,306.6772
38386,120.61788
38387,181.18335
38388,341.02982
38389,363.41882
38390,111.969315
38391,212.21712
38392,179.13292
38393,210.01413
38394,295.11288
38395,1046.5583
38396,192.7557
38397,173.5476
38398,224.18982
38399,222.03575
38400,190.24173
38401,169.74661
38402,436.11954
38403,172.69048
38404,157.76872
38405,182.52881
38406,268.93744
38407,253.60718
38408,196.22641
38409,128.42929
38410,153.47992
38411,228.49306
38412,313.7709
38413,189.48805
38414,211.57103
38415,121.34762
38416,231.59492
38417,526.8657
38418,230.31778
38419,147.8646
38420,323.01297
38421,295.65732
38422,140.31674
38423,139.7479
38424,680.7738
38425,224.87599
38426,133.91408
38427,911.30975
38428,146.12413
38429,329.86182
38430,171.05995
38431,158.0667
38432,416.83893
38433,160.86446
38434,220.6808
38435,373.61383
38436,159.98878
38437,213.48825
38438,215.66191
38439,188.6901
38440,288.3746
38441,422.49637
38442,254.93483
38443,263.78403
38444,634.11633
38445,241.4741
38446,244.2241
38447,312.07016
38448,215.42885
38449,377.9945
38450,202.30618
38451,727.60254
38452,177.43472
38453,541.7246
38454,124.433205
38455,143.80003
38456,177.89093
38457,295.09943
38458,129.24576
38459,1048.7635
38460,277.27158
38461,233.24602
38462,596.88184
38463,155.27353
38464,171.03746
38465,688.12103
38466,282.06708
38467,524.0909
38468,470.23798
38469,165.8378
38470,280.97864
38471,204.54495
38472,197.3207
38473,212.54659
38474,151.25648
38475,292.98303
38476,398.7411
38477,256.29846
38478,717.00836
38479,191.71262
38480,194.33475
38481,447.16992
38482,251.83574
38483,175.05373
38484,149.4145
38485,124.63556
38486,143.47942
38487,357.47083
38488,169.8391
38489,287.00958
38490,200.61084
38491,467.09296
38492,233.96039
38493,117.362946
38494,169.91434
38495,503.5934
38496,301.2983
38497,296.50714
38498,206.24771
38499,275.32977
38500,301.8491
38501,332.09015
38502,112.884346
38503,181.42563
38504,133.9044
38505,352.67264
38506,-184.3995
38507,142.17201
38508,109.51446
38509,210.65251
38510,320.10025
38511,284.08658
38512,163.09906
38513,94.513664
38514,215.42374
38515,581.66156
38516,264.89758
38517,155.0895
38518,215.75262
38519,288.53613
38520,159.01485
38521,244.20636
38522,340.1475
38523,249.78609
38524,199.93208
38525,231.19032
38526,221.3967
38527,804.10065
38528,347.41342
38529,364.35358
38530,367.11322
38531,530.16205
38532,141.26202
38533,144.58292
38534,140.54251
38535,207.01393
38536,314.94443
38537,128.61711
38538,351.87048
38539,167.01617
38540,241.30064
38541,113.06812
38542,202.09152
38543,133.37215
38544,149.25513
38545,505.55984
38546,213.11569
38547,335.55954
38548,395.96054
38549,202.61797
38550,443.00888
38551,1075.8599
38552,131.60513
38553,165.31361
38554,209.04568
38555,339.97104
38556,429.29843
38557,288.17386
38558,115.53292
38559,166.17918
38560,241.25357
38561,207.43509
38562,200.95602
38563,176.8129
38564,352.85394
38565,121.5802
38566,288.44534
38567,155.68947
38568,244.51878
38569,92.18205
38570,206.29224
38571,149.43755
38572,180.16273
38573,472.42255
38574,352.1532
38575,186.75331
38576,238.21754
38577,254.70299
38578,189.24936
38579,235.81683
38580,164.45401
38581,210.06119
38582,179.8963
38583,191.23578
38584,137.4277
38585,738.1744
38586,162.41135
38587,369.74078
38588,165.32228
38589,762.3604
38590,216.35768
38591,158.16788
38592,124.69946
38593,183.40546
38594,410.38965
38595,214.06288
38596,87.40348
38597,384.44144
38598,192.54959
38599,220.9571
38600,197.70703
38601,366.96198
38602,309.45428
38603,246.64883
38604,203.87004
38605,257.22403
38606,214.99042
38607,149.50978
38608,108.10315
38609,248.33928
38610,338.26636
38611,127.71746
38612,294.13837
38613,106.14593
38614,216.7619
38615,95.964264
38616,499.54947
38617,138.19057
38618,240.47687
38619,593.4393
38620,153.15714
38621,191.50865
38622,253.66733
38623,141.47496
38624,193.28871
38625,959.3238
38626,243.75955
38627,308.3126
38628,240.87947
38629,259.60028
38630,182.464
38631,1013.13165
38632,135.5862
38633,70.5261
38634,139.17375
38635,508.59653
38636,130.47075
38637,124.6007
38638,157.9084
38639,207.5681
38640,523.19696
38641,387.2425
38642,231.68309
38643,180.05243
38644,221.78549
38645,315.01517
38646,147.33873
38647,177.20139
38648,209.81021
38649,110.83106
38650,267.38675
38651,164.25542
38652,234.95784
38653,405.73154
38654,252.84505
38655,214.2996
38656,298.67126
38657,291.1726
38658,418.8712
38659,344.89398
38660,131.99706
38661,451.47638
38662,736.46936
38663,1088.1156
38664,179.09525
38665,180.68684
38666,345.53384
38667,257.3561
38668,255.69838
38669,442.46057
38670,180.44777
38671,190.42328
38672,291.48843
38673,167.28975
38674,162.5922
38675,293.8909
38676,268.49304
38677,353.26917
38678,187.15625
38679,201.23279
38680,145.46056
38681,204.88254
38682,299.51636
38683,639.44684
38684,168.87465
38685,376.07297
38686,125.96912
38687,211.57692
38688,137.94388
38689,177.2521
38690,668.4303
38691,837.5264
38692,223.66072
38693,65.58736
38694,224.14197
38695,142.49217
38696,239.69098
38697,153.97955
38698,160.55344
38699,165.43791
38700,324.42624
38701,204.50421
38702,199.2483
38703,140.31389
38704,127.39777
38705,515.82825
38706,101.330536
38707,230.43568
38708,320.29068
38709,289.86804
38710,333.83453
38711,236.74524
38712,297.60468
38713,507.56268
38714,172.17247
38715,668.4509
38716,325.2807
38717,474.2981
38718,245.58253
38719,158.03745
38720,103.35487
38721,197.37276
38722,110.500244
38723,165.46602
38724,481.53104
38725,189.05948
38726,292.06213
38727,979.7472
38728,750.5268
38729,288.11313
38730,294.41592
38731,318.62512
38732,666.9962
38733,1244.8885
38734,206.2575
38735,134.2815
38736,683.8349
38737,215.8762
38738,210.54994
38739,278.03357
38740,198.98709
38741,171.71083
38742,824.948
38743,295.1803
38744,548.7086
38745,213.35289
38746,422.46063
38747,156.9718
38748,214.30547
38749,320.12158
38750,223.52144
38751,167.57173
38752,154.97942
38753,639.20667
38754,241.01628
38755,853.856
38756,170.55174
38757,171.95755
38758,142.47786
38759,217.73744
38760,406.5299
38761,491.2163
38762,189.6144
38763,716.13806
38764,139.32965
38765,217.65437
38766,153.96791
38767,188.16325
38768,432.47864
38769,926.20917
38770,125.61852
38771,363.3489
38772,336.24957
38773,220.28883
38774,519.07855
38775,275.13608
38776,458.60785
38777,262.12036
38778,339.90054
38779,205.43576
38780,259.31155
38781,128.8432
38782,828.0457
38783,139.07985
38784,125.11431
38785,265.31915
38786,185.83871
38787,255.70584
38788,140.5585
38789,312.75983
38790,203.73601
38791,229.67427
38792,201.17776
38793,223.84312
38794,92.91105
38795,144.77267
38796,147.79657
38797,129.8353
38798,191.80441
38799,357.19055
38800,228.02115
38801,456.68585
38802,371.4851
38803,230.27808
38804,325.2538
38805,295.55124
38806,220.56322
38807,1226.5286
38808,372.29303
38809,203.04726
38810,308.81882
38811,169.62993
38812,264.1478
38813,267.6065
38814,237.86897
38815,280.49
38816,258.14896
38817,358.86084
38818,278.74786
38819,158.42294
38820,177.38852
38821,664.1599
38822,468.61942
38823,207.66547
38824,97.24373
38825,163.1038
38826,359.58072
38827,365.51736
38828,343.13293
38829,218.40955
38830,489.79654
38831,174.04942
38832,183.7369
38833,245.3367
38834,311.6851
38835,207.04886
38836,157.61769
38837,223.63455
38838,167.21463
38839,749.0109
38840,198.82413
38841,359.73712
38842,172.50537
38843,582.2892
38844,110.24494
38845,255.97755
38846,145.9044
38847,349.23633
38848,306.2602
38849,182.09402
38850,250.41728
38851,157.94705
38852,196.4155
38853,233.79684
38854,152.5185
38855,218.80638
38856,198.0209
38857,512.0296
38858,115.12032
38859,232.7822
38860,135.74428
38861,343.24496
38862,220.61899
38863,245.0516
38864,176.00497
38865,320.05396
38866,162.08524
38867,256.4052
38868,446.06113
38869,120.0667
38870,648.1945
38871,313.72525
38872,550.7393
38873,216.75871
38874,320.0347
38875,388.29187
38876,162.6263
38877,422.52103
38878,161.15993
38879,291.63727
38880,180.05717
38881,335.5934
38882,112.634674
38883,119.974625
38884,136.81291
38885,242.43713
38886,191.09479
38887,612.74457
38888,265.3177
38889,319.60956
38890,184.33757
38891,155.02238
38892,18.69883
38893,615.4027
38894,191.60182
38895,224.23106
38896,178.78636
38897,214.59103
38898,146.69514
38899,234.83832
38900,119.57553
38901,270.484
38902,152.64998
38903,164.90556
38904,161.83398
38905,135.82227
38906,206.41629
38907,324.1519
38908,261.9214
38909,318.19107
38910,215.87387
38911,150.58203
38912,190.81323
38913,190.45963
38914,365.73593
38915,208.73909
38916,188.98093
38917,214.8539
38918,1339.917
38919,208.27557
38920,252.3193
38921,170.86684
38922,229.68767
38923,271.3161
38924,257.2866
38925,394.1702
38926,613.86084
38927,197.32994
38928,153.6108
38929,164.6985
38930,215.65768
38931,303.2497
38932,121.119156
38933,133.90866
38934,616.76636
38935,329.11713
38936,374.96286
38937,225.37492
38938,227.99446
38939,145.53116
38940,117.732155
38941,154.5616
38942,155.59981
38943,571.0583
38944,185.67511
38945,302.3886
38946,865.2775
38947,373.51422
38948,160.91
38949,94.26994
38950,186.91473
38951,197.32596
38952,167.11398
38953,156.1422
38954,201.17978
38955,164.2421
38956,257.29422
38957,669.44434
38958,234.60191
38959,374.01904
38960,174.74686
38961,137.55902
38962,167.89905
38963,505.11194
38964,301.7932
38965,745.6771
38966,269.3748
38967,309.42462
38968,216.32805
38969,950.81116
38970,234.74008
38971,199.82816
38972,173.38542
38973,192.76361
38974,762.6172
38975,355.5939
38976,208.35175
38977,306.17172
38978,145.42432
38979,129.63388
38980,602.50653
38981,112.76189
38982,132.64252
38983,158.7709
38984,226.25114
38985,360.5722
38986,512.80634
38987,305.25455
38988,293.2391
38989,168.18814
38990,168.53424
38991,618.9451
38992,210.89667
38993,209.36737
38994,253.02927
38995,197.45796
38996,400.4268
38997,214.09337
38998,172.22202
38999,135.57596
39000,237.75047
39001,203.20505
39002,223.80415
39003,351.04276
39004,121.3645
39005,207.58636
39006,251.74484
39007,104.40416
39008,457.09705
39009,197.25267
39010,127.06362
39011,240.64027
39012,293.80713
39013,735.0919
39014,316.544
39015,273.7632
39016,267.27615
39017,193.46556
39018,256.74713
39019,151.88535
39020,212.83328
39021,268.9697
39022,201.06157
39023,234.23381
39024,220.3996
39025,259.76788
39026,519.6373
39027,251.5723
39028,113.16576
39029,403.1635
39030,183.5303
39031,628.3673
39032,151.19736
39033,138.804
39034,293.2993
39035,191.7792
39036,134.59511
39037,114.24148
39038,576.15656
39039,366.05392
39040,138.90237
39041,257.2094
39042,314.42084
39043,308.23172
39044,158.52617
39045,88.74377
39046,259.44684
39047,211.2887
39048,293.9235
39049,384.07343
39050,76.92984
39051,736.62897
39052,375.4629
39053,147.7481
39054,174.81735
39055,812.3268
39056,236.15294
39057,490.52972
39058,290.85803
39059,321.10886
39060,368.52567
39061,240.54497
39062,210.56584
39063,177.87791
39064,153.36969
39065,242.85643
39066,125.60397
39067,220.66148
39068,408.5434
39069,233.43745
39070,233.04492
39071,777.5549
39072,191.28062
39073,210.17183
39074,232.25946
39075,390.70853
39076,297.56244
39077,443.9297
39078,215.06749
39079,264.3658
39080,281.69287
39081,669.81635
39082,184.35373
39083,686.4583
39084,83.22966
39085,732.6982
39086,125.98606
39087,367.2726
39088,247.47241
39089,159.10834
39090,193.50485
39091,141.59607
39092,156.02092
39093,185.31953
39094,207.99936
39095,142.7067
39096,366.8706
39097,478.7223
39098,252.12285
39099,507.09354
39100,152.21193
39101,679.5254
39102,124.151726
39103,113.47723
39104,411.07852
39105,283.9172
39106,160.05443
39107,513.94147
39108,204.50145
39109,162.50027
39110,505.64487
39111,190.01302
39112,382.55878
39113,179.54593
39114,162.63155
39115,180.12517
39116,149.9887
39117,494.08353
39118,287.6336
39119,1236.7869
39120,146.25424
39121,150.20763
39122,433.39966
39123,296.58862
39124,318.31668
39125,283.0689
39126,286.3415
39127,432.81595
39128,183.90231
39129,152.65077
39130,688.7122
39131,223.53246
39132,125.96318
39133,272.81
39134,163.45248
39135,328.88824
39136,155.29503
39137,222.68474
39138,453.0575
39139,395.56845
39140,134.37415
39141,152.18729
39142,248.16734
39143,72.06195
39144,158.46066
39145,94.77381
39146,166.35764
39147,244.04468
39148,184.65761
39149,121.47177
39150,253.64964
39151,266.12665
39152,413.4233
39153,265.62332
39154,133.68555
39155,1040.201
39156,189.34006
39157,149.09201
39158,790.86346
39159,189.37196
39160,170.77213
39161,157.8943
39162,298.25583
39163,153.32886
39164,440.46185
39165,158.64194
39166,109.22645
39167,154.85129
39168,84.21915
39169,194.67128
39170,71.29607
39171,162.99211
39172,292.25015
39173,565.0416
39174,156.9459
39175,160.86343
39176,169.88086
39177,102.49913
39178,148.28313
39179,243.98212
39180,194.82652
39181,247.22812
39182,150.55663
39183,652.24963
39184,216.20045
39185,618.317
39186,398.27277
39187,945.35077
39188,126.68066
39189,101.77783
39190,384.81723
39191,320.15643
39192,223.23865
39193,255.49176
39194,144.21129
39195,211.05122
39196,245.22534
39197,536.3273
39198,229.63335
39199,172.09966
39200,348.3373
39201,292.30078
39202,127.83258
39203,151.66136
39204,134.51254
39205,282.8164
39206,201.30054
39207,456.71185
39208,429.62323
39209,289.56982
39210,126.26423
39211,299.89902
39212,202.71002
39213,273.90292
39214,236.52803
39215,79.66107
39216,291.66644
39217,204.49826
39218,208.00035
39219,195.10963
39220,275.3323
39221,455.00858
39222,281.78586
39223,332.43124
39224,233.3689
39225,235.11249
39226,179.78557
39227,335.9827
39228,261.4822
39229,153.97705
39230,781.969
39231,237.12656
39232,184.96172
39233,68.64321
39234,162.68236
39235,759.92645
39236,550.20514
39237,237.60739
39238,163.92073
39239,335.27582
39240,392.15875
39241,168.26016
39242,107.19861
39243,307.08383
39244,555.86505
39245,87.387634
39246,145.54015
39247,209.50677
39248,190.42485
39249,237.78835
39250,207.32837
39251,213.85641
39252,250.71758
39253,190.20041
39254,263.4679
39255,282.56064
39256,175.48822
39257,147.20251
39258,582.2161
39259,269.89127
39260,205.91411
39261,215.14021
39262,347.54022
39263,277.97568
39264,407.58606
39265,164.8546
39266,153.67508
39267,182.25978
39268,157.5391
39269,186.93394
39270,215.47072
39271,184.4332
39272,264.29605
39273,301.78305
39274,155.40477
39275,649.7626
39276,259.77786
39277,133.74455
39278,164.02695
39279,487.3769
39280,220.43489
39281,227.50626
39282,405.12433
39283,194.52748
39284,270.98917
39285,186.97322
39286,251.59709
39287,415.52997
39288,234.7217
39289,145.38664
39290,166.41522
39291,286.92078
39292,280.516
39293,186.79599
39294,337.40283
39295,275.2548
39296,266.32913
39297,229.23761
39298,423.13773
39299,203.99115
39300,499.7764
39301,275.74374
39302,560.979
39303,528.9268
39304,195.43867
39305,150.37204
39306,186.96489
39307,286.6586
39308,195.08856
39309,224.0962
39310,240.0893
39311,138.6853
39312,615.5577
39313,249.84096
39314,170.83893
39315,187.56812
39316,1212.3113
39317,128.3128
39318,244.27716
39319,279.01273
39320,106.68169
39321,478.41406
39322,631.08997
39323,315.01096
39324,171.02957
39325,144.62608
39326,108.79271
39327,348.56616
39328,246.33739
39329,572.7776
39330,245.04012
39331,330.10083
39332,346.97595
39333,152.63329
39334,348.0963
39335,171.15527
39336,395.9288
39337,176.88774
39338,160.81822
39339,130.12224
39340,213.40257
39341,323.85236
39342,277.13446
39343,325.25394
39344,238.77345
39345,169.27426
39346,758.6146
39347,118.37908
39348,183.98772
39349,165.20515
39350,182.44473
39351,363.6134
39352,191.13951
39353,284.22748
39354,405.4797
39355,392.14124
39356,132.65619
39357,209.49786
39358,141.54951
39359,157.13547
39360,270.09967
39361,187.18475
39362,165.42389
39363,198.00818
39364,76.927055
39365,117.35702
39366,238.03542
39367,304.75064
39368,455.93903
39369,234.36403
39370,145.13742
39371,74.38352
39372,219.75674
39373,107.56902
39374,240.51778
39375,300.26074
39376,188.28244
39377,365.42
39378,134.91399
39379,188.94955
39380,138.29225
39381,201.2249
39382,678.9345
39383,118.74801
39384,125.728806
39385,138.72597
39386,309.4212
39387,183.30948
39388,250.2713
39389,342.24957
39390,331.8447
39391,199.55307
39392,209.97656
39393,174.03793
39394,284.25638
39395,187.4287
39396,199.72034
39397,285.47482
39398,485.9912
39399,358.95633
39400,153.94768
39401,268.505
39402,119.394035
39403,268.79053
39404,283.50824
39405,290.92563
39406,207.39272
39407,246.05464
39408,83.98834
39409,124.273224
39410,292.04086
39411,537.53314
39412,206.1123
39413,169.63377
39414,579.464
39415,152.08563
39416,564.9557
39417,263.1005
39418,189.67363
39419,111.32144
39420,199.76363
39421,158.18556
39422,156.99916
39423,231.38342
39424,659.92914
39425,185.92303
39426,267.6567
39427,191.952
39428,66.03721
39429,178.43329
39430,97.20696
39431,363.58032
39432,172.03094
39433,386.01382
39434,311.25287
39435,1407.5117
39436,235.87685
39437,141.39566
39438,208.27158
39439,113.79011
39440,148.4428
39441,167.14859
39442,202.42934
39443,287.19577
39444,234.68315
39445,229.27492
39446,161.1846
39447,170.25691
39448,184.12697
39449,154.89635
39450,283.95273
39451,131.84743
39452,314.37936
39453,142.93333
39454,73.150505
39455,518.9586
39456,223.2687
39457,401.0101
39458,183.62764
39459,239.4175
39460,273.36826
39461,204.91339
39462,433.7932
39463,136.95078
39464,235.504
39465,137.84918
39466,683.20605
39467,113.03151
39468,217.3823
39469,258.22836
39470,288.1582
39471,507.39056
39472,126.99172
39473,334.5777
39474,414.23334
39475,175.13748
39476,847.82574
39477,384.5315
39478,149.53708
39479,171.05592
39480,188.81372
39481,227.98187
39482,112.43067
39483,314.49243
39484,226.53206
39485,154.36542
39486,201.49161
39487,368.05817
39488,206.78725
39489,255.46936
39490,96.40483
39491,245.99445
39492,231.07431
39493,685.21466
39494,621.5254
39495,385.73636
39496,362.27054
39497,340.50092
39498,421.5733
39499,216.61891
39500,171.68777
39501,239.41641
39502,795.83185
39503,202.53123
39504,97.760574
39505,223.16246
39506,131.48264
39507,146.85129
39508,197.11986
39509,245.6217
39510,160.51024
39511,138.49904
39512,426.91663
39513,181.06055
39514,1492.4059
39515,349.94437
39516,336.1651
39517,140.92722
39518,92.029686
39519,851.7718
39520,91.13267
39521,240.82266
39522,165.60507
39523,227.60274
39524,167.34573
39525,267.25644
39526,181.61874
39527,267.41562
39528,134.88498
39529,331.6682
39530,350.49298
39531,1024.0128
39532,475.59995
39533,159.50891
39534,833.86273
39535,165.63364
39536,13526.216
39537,194.08812
39538,224.03047
39539,349.3664
39540,269.07693
39541,149.85657
39542,113.90073
39543,527.94824
39544,306.07663
39545,291.67523
39546,145.18701
39547,110.09679
39548,158.01143
39549,222.6712
39550,133.10306
39551,447.39926
39552,199.9774
39553,212.94534
39554,484.1775
39555,573.84235
39556,138.70972
39557,224.2266
39558,118.59528
39559,128.67635
39560,426.6669
39561,183.5217
39562,308.19675
39563,605.6464
39564,271.12192
39565,223.32597
39566,251.67154
39567,173.95256
39568,160.92632
39569,388.43216
39570,241.28735
39571,179.0116
39572,165.67548
39573,94.92333
39574,172.4004
39575,170.12431
39576,365.5241
39577,164.0726
39578,1407.1631
39579,383.5615
39580,311.3294
39581,252.69127
39582,162.70927
39583,281.7098
39584,87.20313
39585,142.08975
39586,162.51103
39587,184.10889
39588,77.66962
39589,192.6589
39590,170.18642
39591,926.0049
39592,113.56743
39593,118.23315
39594,144.85684
39595,96.21565
39596,361.5013
39597,237.74236
39598,228.98148
39599,120.22099
39600,235.0532
39601,328.6826
39602,392.71216
39603,142.29271
39604,221.33118
39605,185.0649
39606,130.00858
39607,687.9684
39608,226.48854
39609,124.594765
39610,172.90666
39611,345.57437
39612,223.69138
39613,136.81631
39614,227.18172
39615,723.41583
39616,34.657066
39617,122.30952
39618,112.34042
39619,844.2605
39620,195.09734
39621,110.47678
39622,146.84935
39623,220.80191
39624,104.08845
39625,172.48758
39626,220.35089
39627,183.37956
39628,269.17404
39629,166.67468
39630,1150.6217
39631,141.5852
39632,175.78711
39633,157.74763
39634,142.04736
39635,485.57993
39636,277.2718
39637,192.37318
39638,140.13353
39639,305.3983
39640,274.81393
39641,177.79158
39642,157.49539
39643,157.78786
39644,216.31702
39645,236.2592
39646,215.43427
39647,180.99583
39648,326.17712
39649,199.51392
39650,382.83325
39651,357.2947
39652,243.73029
39653,140.5507
39654,286.7273
39655,296.3097
39656,326.25873
39657,516.5682
39658,280.78958
39659,376.94257
39660,210.81085
39661,213.41466
39662,200.81706
39663,452.59125
39664,152.79929
39665,213.33417
39666,99.475624
39667,152.49588
39668,554.72235
39669,450.2755
39670,200.15608
39671,360.98407
39672,112.18513
39673,94.45773
39674,329.353
39675,161.63599
39676,238.66835
39677,283.69522
39678,233.1887
39679,245.30118
39680,406.11
39681,218.94794
39682,185.6854
39683,149.43658
39684,346.55734
39685,170.46552
39686,209.69116
39687,418.94897
39688,149.62814
39689,221.14735
39690,157.72223
39691,293.01538
39692,170.11035
39693,221.86649
39694,160.05042
39695,166.57352
39696,165.06883
39697,221.82228
39698,551.8268
39699,312.3892
39700,256.40536
39701,1383.7664
39702,257.2139
39703,492.41565
39704,176.02415
39705,665.06036
39706,142.15416
39707,307.83972
39708,169.40727
39709,250.34807
39710,123.53828
39711,193.3061
39712,189.96483
39713,866.9164
39714,275.1175
39715,277.9197
39716,219.1647
39717,562.9378
39718,208.75996
39719,179.34456
39720,400.6778
39721,396.6686
39722,289.39127
39723,151.03278
39724,155.88528
39725,166.51764
39726,192.21349
39727,141.38043
39728,188.84694
39729,522.41406
39730,192.9805
39731,950.1786
39732,132.09514
39733,302.3047
39734,220.3748
39735,249.31421
39736,153.73401
39737,263.3152
39738,273.89813
39739,264.7449
39740,243.28204
39741,166.86356
39742,122.66783
39743,220.32782
39744,79.18822
39745,234.4293
39746,306.30588
39747,61.221542
39748,161.51694
39749,167.02919
39750,322.91702
39751,303.7559
39752,171.45792
39753,149.84677
39754,164.81392
39755,154.8188
39756,242.83592
39757,464.31833
39758,112.529686
39759,286.39728
39760,807.48755
39761,244.76477
39762,178.94627
39763,923.94586
39764,229.62222
39765,210.02783
39766,256.7958
39767,212.23816
39768,89.45484
39769,254.12393
39770,316.5939
39771,417.897
39772,322.36774
39773,343.41174
39774,162.16101
39775,285.25424
39776,175.1822
39777,192.70956
39778,171.65652
39779,320.78558
39780,275.76645
39781,952.51404
39782,787.8018
39783,366.0058
39784,320.3758
39785,227.56662
39786,182.61278
39787,233.45988
39788,277.3568
39789,198.39217
39790,113.547874
39791,195.86058
39792,336.26376
39793,251.24245
39794,153.91972
39795,196.15936
39796,130.69597
39797,1205.4088
39798,182.39969
39799,129.27242
39800,301.3421
39801,251.89285
39802,232.2636
39803,674.50714
39804,780.68945
39805,354.3264
39806,441.676
39807,575.88495
39808,764.28143
39809,100.58041
39810,203.39761
39811,148.27151
39812,368.1687
39813,255.59575
39814,263.2934
39815,163.02269
39816,174.43079
39817,267.8922
39818,174.28825
39819,966.1327
39820,492.70886
39821,128.16293
39822,363.6205
39823,297.8621
39824,313.87152
39825,231.10033
39826,126.67963
39827,581.2439
39828,289.09485
39829,298.4335
39830,167.38261
39831,241.00044
39832,131.87682
39833,346.45532
39834,261.14572
39835,338.5483
39836,108.91092
39837,154.65717
39838,172.76686
39839,443.9528
39840,240.33098
39841,442.79816
39842,560.63055
39843,251.18872
39844,199.4162
39845,90.3982
39846,403.0941
39847,94.03473
39848,159.78896
39849,399.09845
39850,221.45233
39851,313.56546
39852,155.8008
39853,444.18076
39854,442.27634
39855,284.26202
39856,245.32468
39857,241.30202
39858,233.39375
39859,226.0022
39860,242.21898
39861,387.51083
39862,718.563
39863,241.92038
39864,262.81107
39865,189.38055
39866,131.23924
39867,293.97998
39868,97.620094
39869,230.46727
39870,625.9083
39871,202.69809
39872,249.28087
39873,198.09566
39874,1018.35895
39875,138.91821
39876,186.51208
39877,370.48074
39878,159.2757
39879,185.2965
39880,156.08899
39881,148.34505
39882,206.31787
39883,489.09164
39884,183.93085
39885,787.8574
39886,193.54912
39887,218.54459
39888,126.469734
39889,166.8611
39890,478.10004
39891,406.42712
39892,128.61859
39893,1071.4049
39894,210.81523
39895,103.182945
39896,197.02396
39897,237.31221
39898,192.64047
39899,176.11398
39900,446.93604
39901,441.38266
39902,318.4499
39903,146.61433
39904,686.471
39905,206.06076
39906,796.4553
39907,318.30438
39908,200.5783
39909,310.53445
39910,248.4667
39911,222.61227
39912,246.65428
39913,138.00298
39914,261.7049
39915,140.8683
39916,727.43005
39917,111.94762
39918,294.21732
39919,897.86664
39920,167.68835
39921,326.17203
39922,183.3899
39923,548.9239
39924,173.29182
39925,690.379
39926,250.65497
39927,328.5796
39928,341.94577
39929,344.45212
39930,130.54712
39931,351.08118
39932,736.4331
39933,388.61624
39934,294.95944
39935,649.49207
39936,590.21783
39937,85.12083
39938,498.71887
39939,119.50603
39940,279.50754
39941,210.21823
39942,189.01935
39943,409.1016
39944,704.8677
39945,563.3745
39946,62.08592
39947,385.37607
39948,368.7294
39949,384.59802
39950,316.27795
39951,508.76608
39952,220.76495
39953,225.09521
39954,174.37277
39955,446.9082
39956,133.41954
39957,361.14905
39958,449.03168
39959,92.05754
39960,220.54666
39961,172.09154
39962,217.94655
39963,241.39413
39964,155.34914
39965,476.73914
39966,908.74615
39967,792.9349
39968,228.26091
39969,110.04637
39970,524.34717
39971,265.1408
39972,117.06855
39973,123.8993
39974,144.77182
39975,114.241936
39976,269.87076
39977,213.87169
39978,142.39624
39979,164.01474
39980,539.8784
39981,171.24263
39982,121.65143
39983,176.16106
39984,190.08722
39985,228.98006
39986,583.86676
39987,557.0075
39988,335.01395
39989,189.67896
39990,265.36526
39991,370.478
39992,383.07617
39993,93.368835
39994,172.9825
39995,208.30815
39996,198.6141
39997,219.77985
39998,261.3489
39999,377.4079
40000,287.02747
40001,168.50859
40002,117.3654
40003,232.57463
40004,197.8689
40005,939.2432
40006,192.91167
40007,326.54428
40008,213.41582
40009,332.69366
40010,680.4149
40011,182.01503
40012,458.09915
40013,124.57697
40014,179.4397
40015,222.0386
40016,131.61064
40017,389.68445
40018,153.74289
40019,318.34198
40020,436.06686
40021,655.17664
40022,259.57928
40023,214.84903
40024,157.83582
40025,133.83371
40026,221.42215
40027,596.6658
40028,286.84503
40029,221.66833
40030,181.00552
40031,158.14055
40032,344.4259
40033,295.8375
40034,868.5851
40035,446.96704
40036,962.66656
40037,139.24701
40038,803.6392
40039,166.22462
40040,388.69922
40041,742.5106
40042,224.69276
40043,125.1535
40044,603.88586
40045,611.05566
40046,256.68765
40047,158.76869
40048,249.51349
40049,185.90501
40050,126.00616
40051,536.38104
40052,295.52432
40053,141.10367
40054,525.2747
40055,132.80101
40056,157.80522
40057,159.00958
40058,132.26666
40059,332.77097
40060,374.76453
40061,557.96063
40062,148.10582
40063,250.59438
40064,156.57837
40065,204.1403
40066,76.39096
40067,224.77443
40068,296.32727
40069,231.3573
40070,264.27063
40071,717.03705
40072,619.3522
40073,147.54529
40074,575.6726
40075,323.16736
40076,172.837
40077,1079.0276
40078,198.48894
40079,246.8519
40080,154.09885
40081,283.72412
40082,243.67557
40083,411.9659
40084,363.2025
40085,269.2441
40086,159.8296
40087,288.49805
40088,532.98254
40089,198.5766
40090,421.39093
40091,378.41708
40092,84.77887
40093,290.95248
40094,206.25406
40095,590.7012
40096,241.95477
40097,1699.1302
40098,154.20569
40099,144.15901
40100,132.08205
40101,252.47641
40102,209.37846
40103,251.04037
40104,258.09793
40105,478.96802
40106,929.76294
40107,141.7054
40108,167.48886
40109,108.52707
40110,396.44162
40111,598.23413
40112,239.42378
40113,149.328
40114,154.86787
40115,510.1357
40116,246.70016
40117,128.59114
40118,148.23863
40119,141.0864
40120,348.91635
40121,191.90245
40122,256.74564
40123,188.2975
40124,573.1503
40125,580.40717
40126,263.78284
40127,1599.3226
40128,248.71262
40129,154.29468
40130,168.27527
40131,122.197815
40132,275.5703
40133,147.84868
40134,209.32727
40135,287.6005
40136,301.47394
40137,345.7573
40138,219.40947
40139,190.45665
40140,138.46832
40141,212.82831
40142,323.10196
40143,261.48886
40144,355.62808
40145,229.65025
40146,169.10806
40147,281.37894
40148,92.64933
40149,376.7849
40150,96.00692
40151,185.79356
40152,184.49388
40153,202.94922
40154,144.62242
40155,410.49557
40156,272.19846
40157,130.37456
40158,172.29276
40159,333.21573
40160,722.09845
40161,673.76263
40162,257.4071
40163,195.1029
40164,214.02516
40165,184.57938
40166,360.45227
40167,886.1202
40168,349.44812
40169,347.62735
40170,209.32053
40171,232.80557
40172,429.54263
40173,166.67662
40174,166.45123
40175,123.795296
40176,162.9612
40177,1776.6958
40178,253.97704
40179,193.69502
40180,160.16553
40181,138.75902
40182,224.19313
40183,178.95074
40184,365.4959
40185,161.49571
40186,254.22832
40187,305.60904
40188,153.73575
40189,144.152
40190,141.08524
40191,224.61848
40192,216.04765
40193,188.44489
40194,489.65723
40195,131.3212
40196,237.52602
40197,114.498245
40198,120.37956
40199,421.78842
40200,584.04895
40201,132.91281
40202,91.80345
40203,197.36867
40204,344.41193
40205,383.37338
40206,312.2295
40207,207.55792
40208,284.5119
40209,302.32788
40210,424.0554
40211,217.99535
40212,254.16814
40213,203.92404
40214,127.353516
40215,307.15503
40216,142.79224
40217,288.11642
40218,377.56622
40219,592.75305
40220,267.4637
40221,218.83568
40222,225.65373
40223,153.24237
40224,221.12685
40225,249.26097
40226,135.58386
40227,235.86737
40228,289.5346
40229,277.45374
40230,747.36456
40231,224.22287
40232,399.93954
40233,237.68956
40234,612.8822
40235,112.51793
40236,158.69347
40237,229.8715
40238,446.944
40239,202.64189
40240,117.93887
40241,171.05005
40242,1008.4085
40243,169.788
40244,269.47974
40245,590.1859
40246,231.92763
40247,117.70807
40248,286.41934
40249,350.76736
40250,436.14493
40251,349.31934
40252,474.15933
40253,259.56158
40254,123.79668
40255,235.28839
40256,292.43048
40257,269.01965
40258,162.19666
40259,369.2365
40260,450.74997
40261,185.62282
40262,114.42149
40263,131.38736
40264,170.2118
40265,255.16885
40266,149.7039
40267,197.84265
40268,284.01117
40269,169.29036
40270,202.55618
40271,181.15143
40272,91.294655
40273,302.398
40274,172.23137
40275,556.179
40276,147.6077
40277,702.5765
40278,191.62253
40279,146.83754
40280,134.47723
40281,421.47516
40282,725.6334
40283,345.6973
40284,125.53693
40285,402.73706
40286,247.9301
40287,494.53094
40288,609.07104
40289,307.55872
40290,538.3717
40291,529.2194
40292,211.81294
40293,237.63069
40294,144.6225
40295,182.8089
40296,753.03754
40297,79.53906
40298,239.14001
40299,196.5028
40300,131.9342
40301,135.4973
40302,591.7744
40303,307.4107
40304,151.25699
40305,468.98434
40306,229.66554
40307,425.18478
40308,391.18777
40309,188.07295
40310,131.00746
40311,196.42287
40312,156.78235
40313,371.17078
40314,138.70908
40315,165.82214
40316,183.71848
40317,195.08086
40318,359.19907
40319,447.11542
40320,165.61438
40321,149.80148
40322,185.02484
40323,110.37139
40324,122.6451
40325,405.1277
40326,198.08469
40327,646.01825
40328,168.80571
40329,325.58246
40330,560.1953
40331,265.62094
40332,543.0745
40333,223.3356
40334,146.37831
40335,111.57898
40336,154.46423
40337,273.0494
40338,130.4918
40339,188.65941
40340,187.13448
40341,96.24676
40342,326.74396
40343,149.75781
40344,752.9437
40345,598.94135
40346,121.17662
40347,188.16696
40348,195.36604
40349,237.13585
40350,213.48521
40351,101.392395
40352,250.18784
40353,218.12027
40354,251.77266
40355,131.58508
40356,720.41235
40357,176.08487
40358,202.17969
40359,187.60394
40360,148.18585
40361,553.2699
40362,174.05714
40363,189.22755
40364,142.42818
40365,199.9642
40366,352.1601
40367,135.14868
40368,229.56075
40369,256.45856
40370,278.4276
40371,95.847664
40372,278.38107
40373,351.57498
40374,208.40399
40375,576.35675
40376,253.65495
40377,244.5594
40378,178.78644
40379,192.60107
40380,343.10474
40381,546.24744
40382,130.86177
40383,221.68828
40384,162.072
40385,151.45216
40386,322.10468
40387,143.76448
40388,555.86847
40389,173.99504
40390,635.17694
40391,967.84467
40392,280.08923
40393,204.59943
40394,223.92451
40395,114.916145
40396,300.9296
40397,97.32707
40398,235.44414
40399,165.90811
40400,346.80798
40401,240.55405
40402,406.80832
40403,187.47664
40404,487.196
40405,206.15486
40406,342.54288
40407,209.15321
40408,431.64017
40409,210.35712
40410,157.36723
40411,128.07716
40412,250.3819
40413,107.791595
40414,289.70697
40415,188.86066
40416,353.34238
40417,106.08126
40418,227.93364
40419,106.24563
40420,225.77069
40421,173.22444
40422,215.48705
40423,513.16833
40424,216.52267
40425,349.68515
40426,451.258
40427,258.60385
40428,189.11037
40429,286.1016
40430,527.1691
40431,148.13733
40432,242.95149
40433,206.93779
40434,175.00069
40435,342.943
40436,180.52057
40437,212.72995
40438,210.67152
40439,111.65911
40440,751.13367
40441,1002.62775
40442,229.59128
40443,292.1606
40444,184.4668
40445,174.95418
40446,577.7247
40447,109.11941
40448,294.35678
40449,197.90825
40450,401.82507
40451,457.07617
40452,286.35876
40453,161.30797
40454,181.3883
40455,148.33418
40456,158.40009
40457,179.15303
40458,262.95877
40459,170.86916
40460,194.02649
40461,502.94852
40462,262.50018
40463,154.78323
40464,143.25586
40465,143.11409
40466,270.59045
40467,212.15515
40468,265.34494
40469,68.79818
40470,170.44064
40471,474.7286
40472,287.76282
40473,104.01439
40474,334.75925
40475,360.0948
40476,155.80766
40477,214.23706
40478,182.38014
40479,238.20967
40480,899.22437
40481,222.08614
40482,100.4192
40483,195.12245
40484,178.61554
40485,399.10834
40486,164.99736
40487,333.25412
40488,241.81218
40489,135.73174
40490,301.52267
40491,280.73816
40492,401.02435
40493,321.4699
40494,271.27036
40495,423.89453
40496,416.67654
40497,139.23204
40498,300.4407
40499,164.714
40500,420.04153
40501,381.93747
40502,219.44365
40503,2254.2021
40504,167.98718
40505,306.26413
40506,168.38872
40507,219.6438
40508,418.91776
40509,238.6554
40510,141.92361
40511,83.96214
40512,101.01498
40513,222.42299
40514,269.19705
40515,114.76494
40516,160.31331
40517,145.58786
40518,112.91454
40519,360.55746
40520,383.861
40521,62.910885
40522,146.40436
40523,159.34515
40524,420.47787
40525,595.8856
40526,153.84248
40527,222.6551
40528,168.37355
40529,513.75836
40530,511.58698
40531,167.51347
40532,390.3999
40533,142.37753
40534,196.48573
40535,140.73349
40536,247.00471
40537,247.81328
40538,150.27827
40539,131.13313
40540,169.15329
40541,219.2883
40542,196.73332
40543,185.72937
40544,347.31354
40545,219.20602
40546,250.65141
40547,328.84958
40548,202.13307
40549,186.87842
40550,308.854
40551,225.51288
40552,83.71192
40553,228.81778
40554,151.82108
40555,160.52414
40556,156.27332
40557,245.68896
40558,220.10556
40559,545.99054
40560,211.46085
40561,130.33313
40562,686.8034
40563,223.52452
40564,145.65193
40565,156.09827
40566,183.51653
40567,153.48685
40568,274.3721
40569,539.5918
40570,587.7427
40571,261.12286
40572,406.72073
40573,265.80142
40574,224.22797
40575,164.6839
40576,269.78156
40577,414.90656
40578,238.25632
40579,555.2526
40580,308.2232
40581,301.42627
40582,334.60223
40583,278.09808
40584,225.09769
40585,323.735
40586,260.54102
40587,463.34793
40588,222.40556
40589,222.43715
40590,247.05493
40591,280.88196
40592,336.92697
40593,272.58484
40594,218.78043
40595,138.50056
40596,376.30707
40597,164.79962
40598,401.77695
40599,269.53268
40600,192.74567
40601,550.03705
40602,149.91953
40603,133.14339
40604,334.40497
40605,420.60373
40606,395.4813
40607,874.62
40608,220.0706
40609,138.90582
40610,591.5065
40611,164.30698
40612,112.977585
40613,161.79605
40614,856.2854
40615,206.31529
40616,229.26677
40617,179.71165
40618,120.29476
40619,246.76956
40620,141.18839
40621,434.0135
40622,130.72083
40623,498.2765
40624,140.32729
40625,185.28963
40626,412.23685
40627,163.64526
40628,138.76901
40629,211.32793
40630,465.56055
40631,614.9266
40632,226.05717
40633,237.07745
40634,206.99959
40635,268.79163
40636,159.65105
40637,118.89717
40638,179.60684
40639,165.73169
40640,124.01268
40641,202.29332
40642,267.01132
40643,196.10767
40644,286.5327
40645,772.3166
40646,267.75723
40647,203.64073
40648,158.06049
40649,44.00926
40650,143.96225
40651,221.92563
40652,238.89062
40653,518.76056
40654,52.031376
40655,246.26913
40656,221.62296
40657,267.4032
40658,115.46386
40659,271.1546
40660,149.22624
40661,187.00284
40662,178.75533
40663,198.25858
40664,142.60936
40665,128.00482
40666,169.03261
40667,160.08096
40668,134.17928
40669,218.72963
40670,253.36284
40671,441.8009
40672,224.77379
40673,299.04623
40674,119.426155
40675,156.0279
40676,391.15384
40677,538.859
40678,334.76263
40679,244.19463
40680,424.91104
40681,135.02744
40682,243.35614
40683,117.65168
40684,219.5002
40685,140.85579
40686,294.0173
40687,107.53842
40688,234.7638
40689,505.8918
40690,166.79619
40691,185.2775
40692,316.6419
40693,206.79803
40694,77.624916
40695,270.98447
40696,241.69778
40697,344.6378
40698,118.41014
40699,518.6234
40700,205.35544
40701,243.86073
40702,181.96422
40703,206.47554
40704,973.3739
40705,341.41895
40706,233.15143
40707,357.67737
40708,194.76413
40709,205.61136
40710,245.55273
40711,198.29892
40712,162.5763
40713,410.38617
40714,135.23654
40715,175.20084
40716,251.05875
40717,147.40176
40718,322.91037
40719,240.87215
40720,603.30566
40721,711.30115
40722,232.30717
40723,149.44893
40724,141.4228
40725,168.09904
40726,288.87198
40727,233.27972
40728,137.58453
40729,307.1721
40730,391.7542
40731,256.3845
40732,370.31976
40733,414.49854
40734,324.72836
40735,174.22339
40736,188.13078
40737,228.90187
40738,133.55496
40739,366.39474
40740,111.86016
40741,334.0972
40742,692.2039
40743,805.4537
40744,283.838
40745,139.40352
40746,192.78024
40747,192.68666
40748,236.07172
40749,112.91354
40750,236.84476
40751,195.87093
40752,174.55579
40753,263.80548
40754,157.29614
40755,458.94342
40756,220.44855
40757,279.9935
40758,257.63245
40759,703.3469
40760,650.0923
40761,171.14046
40762,87.95447
40763,173.11989
40764,405.9562
40765,244.39111
40766,185.39896
40767,322.28864
40768,215.66306
40769,101.554855
40770,203.77829
40771,454.58594
40772,248.48946
40773,156.34837
40774,280.60257
40775,96.78229
40776,185.75877
40777,327.51474
40778,286.43634
40779,87.93394
40780,227.19073
40781,251.60858
40782,217.32848
40783,206.47136
40784,237.89609
40785,128.98172
40786,360.48544
40787,170.51329
40788,296.74838
40789,128.74174
40790,216.42336
40791,289.95142
40792,153.06335
40793,204.78601
40794,577.1391
40795,326.47827
40796,122.02707
40797,148.28432
40798,328.3656
40799,743.96924
40800,176.71599
40801,313.50595
40802,241.93651
40803,214.67366
40804,326.89532
40805,131.10902
40806,773.22986
40807,155.15642
40808,126.8125
40809,234.44604
40810,140.44441
40811,235.80711
40812,172.5752
40813,262.4278
40814,280.81207
40815,210.66304
40816,857.42957
40817,161.63242
40818,204.6474
40819,84.55605
40820,194.42278
40821,255.10223
40822,176.25179
40823,139.36531
40824,318.05853
40825,214.63138
40826,83.62906
40827,157.54037
40828,180.50883
40829,212.50313
40830,87.92248
40831,330.14172
40832,231.74583
40833,271.32257
40834,167.12743
40835,250.29063
40836,239.41934
40837,652.244
40838,182.38913
40839,530.35394
40840,235.87012
40841,70.48317
40842,146.69395
40843,297.00925
40844,720.5584
40845,657.77563
40846,113.087265
40847,302.46793
40848,187.63158
40849,180.23782
40850,528.4478
40851,363.0395
40852,105.31709
40853,147.4268
40854,146.99768
40855,351.11624
40856,339.87857
40857,224.58653
40858,222.49403
40859,128.08691
40860,148.18202
40861,275.0352
40862,231.49132
40863,129.91246
40864,343.41476
40865,170.38155
40866,248.41483
40867,543.2776
40868,217.51414
40869,218.53416
40870,133.44032
40871,201.87054
40872,184.23044
40873,167.36047
40874,136.90805
40875,213.80917
40876,287.2991
40877,202.22627
40878,109.359055
40879,187.6513
40880,139.77686
40881,480.99905
40882,224.23557
40883,275.05148
40884,160.7937
40885,180.48564
40886,1363.9463
40887,295.9742
40888,176.3304
40889,223.66708
40890,138.49904
40891,152.51108
40892,255.37654
40893,340.342
40894,231.51147
40895,92.99203
40896,437.3624
40897,484.62872
40898,173.93507
40899,242.84291
40900,139.0103
40901,407.72345
40902,230.79277
40903,368.13803
40904,148.38918
40905,193.8202
40906,334.17767
40907,151.87985
40908,251.87602
40909,1139.594
40910,362.21368
40911,281.03473
40912,167.32733
40913,136.02263
40914,237.19012
40915,191.53763
40916,345.43634
40917,250.57687
40918,148.34505
40919,304.02295
40920,259.82892
40921,190.26994
40922,185.67256
40923,151.58223
40924,234.20062
40925,161.5173
40926,178.3103
40927,269.16043
40928,246.80896
40929,104.07432
40930,271.12396
40931,217.83995
40932,176.87326
40933,166.9549
40934,927.9872
40935,58.0026
40936,363.7371
40937,445.33636
40938,288.11978
40939,586.5011
40940,210.66583
40941,341.99323
40942,141.7009
40943,88.268036
40944,390.26767
40945,318.09833
40946,748.985
40947,208.16176
40948,109.19707
40949,168.78938
40950,254.67824
40951,146.20853
40952,115.398155
40953,367.4987
40954,210.87955
40955,174.79979
40956,271.57663
40957,267.4797
40958,97.103546
40959,323.99158
40960,485.26697
40961,235.72577
40962,258.93436
40963,137.32295
40964,193.03438
40965,178.65303
40966,132.31978
40967,243.74036
40968,165.47
40969,373.83945
40970,132.74638
40971,282.10846
40972,202.56435
40973,199.81665
40974,759.57544
40975,219.71243
40976,272.369
40977,267.4486
40978,157.283
40979,368.8638
40980,216.45941
40981,411.36304
40982,181.27538
40983,148.32744
40984,240.20723
40985,240.64313
40986,176.59789
40987,199.85323
40988,82.75165
40989,353.80038
40990,127.72537
40991,237.92752
40992,337.4893
40993,294.62445
40994,140.37221
40995,367.0644
40996,183.4716
40997,217.06134
40998,210.70654
40999,182.71133
41000,333.45142
41001,95.6595
41002,346.1326
41003,87.759476
41004,141.33562
41005,307.51917
41006,210.58333
41007,150.83488
41008,191.263
41009,813.07117
41010,286.10312
41011,129.16522
41012,948.3531
41013,116.648926
41014,132.84741
41015,124.13599
41016,685.44684
41017,209.46939
41018,263.1492
41019,188.60493
41020,266.44818
41021,95.083244
41022,131.14743
41023,172.46509
41024,487.7359
41025,359.06656
41026,258.98672
41027,145.03745
41028,188.37695
41029,208.02579
41030,135.41135
41031,102.81286
41032,338.21243
41033,327.44672
41034,367.0096
41035,245.0368
41036,402.86258
41037,169.23273
41038,725.1324
41039,141.02628
41040,249.51248
41041,255.5778
41042,192.1481
41043,210.69075
41044,408.5004
41045,840.5538
41046,322.97763
41047,171.71185
41048,386.2741
41049,79.57623
41050,112.6594
41051,211.20406
41052,166.12431
41053,250.16766
41054,889.175
41055,136.5014
41056,375.98752
41057,387.56854
41058,204.9916
41059,117.89028
41060,202.13629
41061,202.04271
41062,325.8228
41063,530.15875
41064,160.84639
41065,164.90294
41066,401.96188
41067,642.6382
41068,169.18105
41069,187.8906
41070,190.43907
41071,276.33984
41072,272.0044
41073,146.11005
41074,301.0654
41075,213.15912
41076,111.11459
41077,252.09407
41078,137.42905
41079,550.1368
41080,430.20877
41081,180.80067
41082,115.68143
41083,267.70932
41084,298.47824
41085,330.56378
41086,147.29155
41087,285.2525
41088,166.20729
41089,134.14882
41090,327.99777
41091,510.46158
41092,215.27098
41093,260.3044
41094,119.83085
41095,183.83444
41096,277.05392
41097,82.16419
41098,175.57802
41099,394.30212
41100,184.60251
41101,174.96307
41102,201.32982
41103,251.27652
41104,405.19177
41105,395.98914
41106,311.88
41107,155.48383
41108,152.98451
41109,661.10297
41110,494.30487
41111,109.60571
41112,819.5727
41113,149.24603
41114,426.26385
41115,232.39133
41116,142.7436
41117,207.89891
41118,221.54758
41119,192.1176
41120,297.93073
41121,162.63503
41122,189.48314
41123,139.85585
41124,309.69455
41125,265.45496
41126,220.6491
41127,99.38957
41128,161.90277
41129,481.12344
41130,219.55144
41131,412.80524
41132,182.94537
41133,134.70386
41134,427.76938
41135,122.359604
41136,382.351
41137,292.22437
41138,606.319
41139,374.7293
41140,94.161575
41141,173.69832
41142,207.40807
41143,287.10147
41144,119.256805
41145,142.56798
41146,162.4
41147,281.98038
41148,164.73947
41149,625.35046
41150,145.00021
41151,161.57245
41152,170.18272
41153,305.68747
41154,283.78265
41155,171.8571
41156,377.61273
41157,186.88382
41158,143.60025
41159,376.17682
41160,298.58893
41161,173.20999
41162,640.2357
41163,178.60896
41164,148.20409
41165,201.60664
41166,591.18665
41167,337.54065
41168,579.47076
41169,212.00713
41170,774.3625
41171,139.8785
41172,150.94771
41173,345.3704
41174,177.8803
41175,161.21815
41176,234.85066
41177,197.1323
41178,172.37659
41179,316.35263
41180,133.46666
41181,283.2216
41182,155.18997
41183,255.28018
41184,358.06668
41185,138.13815
41186,217.37544
41187,483.92004
41188,748.11725
41189,397.10956
41190,147.36809
41191,210.74031
41192,601.3352
41193,135.27298
41194,286.66742
41195,250.46732
41196,294.06665
41197,330.78488
41198,182.20857
41199,209.4324
41200,181.43231
41201,226.11581
41202,731.4333
41203,163.02971
41204,161.05925
41205,208.04286
41206,1075.1154
41207,184.78203
41208,183.06306
41209,134.73465
41210,152.82036
41211,215.59457
41212,164.47536
41213,170.05469
41214,126.725975
41215,173.2281
41216,164.2403
41217,309.321
41218,179.7656
41219,266.7948
41220,132.1062
41221,256.44046
41222,226.02864
41223,279.4962
41224,520.3609
41225,847.86127
41226,336.66302
41227,184.66342
41228,163.21109
41229,227.61089
41230,264.43286
41231,119.48401
41232,346.92746
41233,714.5127
41234,192.91728
41235,362.72797
41236,199.72316
41237,485.2707
41238,179.82706
41239,200.37514
41240,140.78389
41241,278.63782
41242,231.70923
41243,134.69403
41244,226.16667
41245,216.70699
41246,167.35052
41247,151.85843
41248,155.04158
41249,394.9062
41250,338.0691
41251,167.94568
41252,435.84818
41253,614.67303
41254,131.0356
41255,157.8882
41256,201.1808
41257,320.66107
41258,322.2301
41259,265.79758
41260,437.4581
41261,320.54352
41262,113.70567
41263,925.28577
41264,524.69824
41265,171.49695
41266,108.905334
41267,268.0089
41268,219.43901
41269,189.29697
41270,129.47192
41271,216.58302
41272,560.64813
41273,305.87875
41274,111.00928
41275,507.02213
41276,590.1977
41277,139.45293
41278,382.97424
41279,170.05022
41280,185.79167
41281,153.22337
41282,129.75739
41283,161.62288
41284,147.49884
41285,127.44117
41286,211.94199
41287,101.86994
41288,335.16522
41289,460.12796
41290,222.96828
41291,400.8926
41292,313.01578
41293,170.32056
41294,462.02158
41295,202.72047
41296,102.91419
41297,149.8846
41298,384.70206
41299,395.80826
41300,145.16452
41301,449.91397
41302,237.68965
41303,266.36328
41304,252.72592
41305,176.63326
41306,170.8427
41307,550.29144
41308,125.33346
41309,276.17316
41310,470.718
41311,113.32208
41312,367.864
41313,828.0516
41314,351.21902
41315,117.459915
41316,109.6917
41317,341.12125
41318,175.19052
41319,165.13951
41320,141.71617
41321,429.74377
41322,152.59511
41323,259.4959
41324,253.46791
41325,309.70023
41326,298.86508
41327,204.82384
41328,178.60161
41329,286.74106
41330,507.23334
41331,513.619
41332,304.53558
41333,144.7595
41334,898.8804
41335,206.47868
41336,271.86545
41337,751.01746
41338,377.8976
41339,747.3244
41340,277.12527
41341,285.67615
41342,354.73285
41343,335.8192
41344,208.63336
41345,407.36188
41346,175.62053
41347,116.439705
41348,203.1719
41349,653.6816
41350,259.49164
41351,246.51666
41352,236.79724
41353,247.32257
41354,583.603
41355,207.62389
41356,912.80273
41357,177.77156
41358,630.74286
41359,207.78258
41360,296.8214
41361,140.86732
41362,234.69324
41363,290.05865
41364,176.66212
41365,95.21773
41366,268.0653
41367,471.79993
41368,280.43713
41369,231.37625
41370,107.25174
41371,95.4021
41372,232.22311
41373,766.20874
41374,283.10306
41375,353.0824
41376,189.93152
41377,305.06528
41378,331.0871
41379,212.011
41380,203.46349
41381,191.81146
41382,1235.4133
41383,135.91266
41384,333.83603
41385,269.87274
41386,256.84012
41387,334.48492
41388,195.10655
41389,238.32451
41390,489.57587
41391,1076.5933
41392,318.9318
41393,144.61087
41394,207.89479
41395,177.5471
41396,200.04593
41397,162.86139
41398,298.2756
41399,187.05713
41400,306.57733
41401,184.04651
41402,318.72824
41403,253.7526
41404,472.92114
41405,118.97872
41406,156.25107
41407,256.03784
41408,205.11005
41409,167.7086
41410,448.81638
41411,223.89531
41412,268.0822
41413,579.90436
41414,204.83952
41415,156.51245
41416,278.32623
41417,344.18155
41418,678.7669
41419,132.08139
41420,214.47096
41421,200.5474
41422,116.730545
41423,485.03757
41424,272.4109
41425,109.839676
41426,1213.9014
41427,490.01538
41428,167.86815
41429,225.75917
41430,174.06332
41431,145.79652
41432,389.6659
41433,130.64503
41434,249.34753
41435,223.22891
41436,319.0038
41437,139.38942
41438,834.38635
41439,119.02118
41440,83.48026
41441,83.98234
41442,202.30177
41443,151.52377
41444,225.51976
41445,238.26947
41446,349.9168
41447,389.75763
41448,427.5733
41449,124.59216
41450,769.9772
41451,427.85056
41452,335.4686
41453,124.480156
41454,342.8811
41455,173.95496
41456,364.85846
41457,214.28316
41458,197.55434
41459,410.51147
41460,152.9738
41461,107.5941
41462,149.25726
41463,221.24573
41464,123.18879
41465,110.10666
41466,253.31894
41467,231.50133
41468,212.15665
41469,221.91512
41470,196.88261
41471,220.39236
41472,224.3856
41473,281.2767
41474,370.14807
41475,923.73676
41476,125.45085
41477,447.36664
41478,401.72223
41479,1136.1989
41480,556.076
41481,665.55524
41482,1283.4928
41483,322.87683
41484,453.40204
41485,536.33453
41486,147.74828
41487,169.2331
41488,432.6922
41489,572.70105
41490,284.43787
41491,436.23602
41492,378.28955
41493,207.23894
41494,419.86148
41495,187.379
41496,139.78886
41497,107.16669
41498,625.2282
41499,388.4104
41500,320.8421
41501,264.84653
41502,140.00304
41503,673.42474
41504,177.2108
41505,131.05064
41506,121.75148
41507,287.27267
41508,211.69316
41509,166.03725
41510,192.24005
41511,352.87704
41512,139.79036
41513,155.78642
41514,137.21373
41515,97.62215
41516,185.15057
41517,346.04395
41518,116.89255
41519,283.00925
41520,448.4382
41521,215.66168
41522,121.76635
41523,334.3816
41524,229.45815
41525,137.73802
41526,130.58347
41527,112.8719
41528,270.48776
41529,223.3368
41530,236.77081
41531,180.27083
41532,167.6443
41533,219.55229
41534,635.0159
41535,149.63814
41536,106.715454
41537,249.59424
41538,285.76645
41539,322.85034
41540,241.39653
41541,271.25558
41542,217.46356
41543,504.59363
41544,164.20517
41545,312.97977
41546,159.95918
41547,354.5177
41548,132.86517
41549,240.96365
41550,156.02783
41551,374.99704
41552,388.7932
41553,420.4963
41554,310.859
41555,859.503
41556,503.54095
41557,229.55894
41558,143.8629
41559,189.64047
41560,617.1185
41561,537.35187
41562,135.2294
41563,152.40941
41564,175.4339
41565,147.02007
41566,415.4744
41567,47.571575
41568,257.75574
41569,196.73483
41570,244.04697
41571,133.18532
41572,468.26617
41573,156.46559
41574,210.54692
41575,172.8995
41576,144.05559
41577,299.00418
41578,210.91331
41579,197.45334
41580,495.08774
41581,454.17032
41582,274.7672
41583,156.77032
41584,556.3939
41585,666.97144
41586,144.37874
41587,626.144
41588,225.87741
41589,268.5968
41590,250.95428
41591,355.65652
41592,464.42294
41593,241.70966
41594,232.2936
41595,1026.9033
41596,247.3268
41597,122.14556
41598,201.833
41599,99.554565
41600,280.1554
41601,339.684
41602,439.76538
41603,769.94434
41604,343.86002
41605,290.1439
41606,230.10971
41607,172.83174
41608,164.66856
41609,163.1142
41610,155.50247
41611,144.45384
41612,444.8313
41613,278.73947
41614,277.795
41615,204.72449
41616,176.13104
41617,279.1427
41618,196.81044
41619,344.6439
41620,252.76099
41621,406.69965
41622,165.39052
41623,469.83905
41624,169.39522
41625,196.79817
41626,153.9782
41627,465.8985
41628,239.19287
41629,109.29139
41630,172.75462
41631,101.43434
41632,342.07187
41633,187.58607
41634,311.77167
41635,340.66495
41636,193.24577
41637,494.0694
41638,169.08992
41639,157.86238
41640,255.12352
41641,218.63136
41642,926.53375
41643,995.31964
41644,273.07272
41645,273.11838
41646,278.69632
41647,346.7279
41648,283.70718
41649,134.51895
41650,123.919304
41651,409.2089
41652,271.3046
41653,251.99928
41654,634.0693
41655,184.30255
41656,388.42838
41657,166.4416
41658,557.36053
41659,173.99916
41660,212.1249
41661,137.50662
41662,184.93456
41663,354.80652
41664,552.01544
41665,222.08679
41666,151.55025
41667,66.74969
41668,186.64609
41669,310.14597
41670,403.06427
41671,2032.7303
41672,182.84602
41673,222.73122
41674,244.19038
41675,257.32983
41676,135.56857
41677,417.00723
41678,148.63068
41679,215.49092
41680,117.92189
41681,167.36116
41682,106.44259
41683,186.25073
41684,577.842
41685,121.08804
41686,289.94272
41687,449.78253
41688,265.87433
41689,159.58647
41690,140.83804
41691,1409.6699
41692,489.87445
41693,239.22514
41694,111.87126
41695,272.02844
41696,1122.8674
41697,212.46849
41698,491.68964
41699,231.88039
41700,306.75406
41701,89.30605
41702,191.08495
41703,507.5828
41704,43.003098
41705,190.77353
41706,114.00842
41707,372.32663
41708,341.23093
41709,233.18182
41710,168.04028
41711,302.7742
41712,286.7831
41713,602.8393
41714,84.48569
41715,84.93151
41716,189.95285
41717,244.93184
41718,303.6326
41719,162.84895
41720,383.33585
41721,207.9282
41722,110.95611
41723,246.5855
41724,146.38081
41725,134.20134
41726,209.8857
41727,137.01222
41728,272.6502
41729,156.28688
41730,203.61743
41731,114.09137
41732,318.71988
41733,133.42734
41734,480.4856
41735,298.99518
41736,173.55939
41737,221.63748
41738,187.14171
41739,296.05185
41740,274.9817
41741,388.4055
41742,186.88977
41743,480.61926
41744,169.03703
41745,505.72876
41746,784.22296
41747,170.34633
41748,201.54845
41749,165.8671
41750,121.47862
41751,222.56725
41752,290.8694
41753,169.7445
41754,212.66649
41755,338.7539
41756,80.856094
41757,124.96481
41758,312.0354
41759,123.279785
41760,488.14734
41761,1261.1642
41762,208.76381
41763,790.2967
41764,223.78642
41765,387.7482
41766,218.85031
41767,438.1828
41768,799.74994
41769,428.9594
41770,356.32718
41771,223.94267
41772,358.16446
41773,222.91086
41774,368.2614
41775,242.49686
41776,428.41885
41777,125.27635
41778,387.48398
41779,257.86603
41780,161.7166
41781,235.32056
41782,143.52142
41783,400.97028
41784,139.82237
41785,348.4116
41786,568.2052
41787,240.44217
41788,262.80286
41789,164.1883
41790,258.73605
41791,460.45184
41792,105.58077
41793,117.13471
41794,339.44043
41795,332.21356
41796,178.2517
41797,169.46611
41798,474.04932
41799,142.64268
41800,223.3698
41801,131.286
41802,225.36151
41803,236.18027
41804,181.79799
41805,192.3661
41806,328.1065
41807,241.03139
41808,247.24962
41809,138.7695
41810,286.68652
41811,144.5755
41812,414.1878
41813,182.87244
41814,148.49313
41815,103.220894
41816,219.2032
41817,123.006836
41818,317.04218
41819,118.284515
41820,346.18588
41821,250.73279
41822,258.48187
41823,200.23328
41824,201.41151
41825,490.32852
41826,269.20227
41827,113.579796
41828,383.2412
41829,113.10868
41830,223.34619
41831,170.22469
41832,229.79305
41833,251.41272
41834,143.7595
41835,157.6058
41836,239.09961
41837,451.33994
41838,792.7407
41839,1661.1718
41840,435.53354
41841,212.2923
41842,306.63968
41843,176.5407
41844,140.225
41845,171.17216
41846,191.44351
41847,206.62263
41848,153.78384
41849,133.45224
41850,132.72688
41851,728.089
41852,237.27286
41853,222.75018
41854,190.5116
41855,423.58075
41856,260.24246
41857,206.26643
41858,187.40329
41859,115.087074
41860,122.607025
41861,161.72269
41862,321.0217
41863,237.7487
41864,239.52551
41865,90.60109
41866,272.0787
41867,260.77615
41868,647.1446
41869,208.70096
41870,503.44272
41871,67.23042
41872,200.47772
41873,386.952
41874,148.30887
41875,165.5719
41876,339.1692
41877,271.6204
41878,287.226
41879,570.18225
41880,326.5178
41881,155.93967
41882,149.46277
41883,168.55652
41884,305.52847
41885,265.85498
41886,970.8844
41887,301.83374
41888,385.87277
41889,233.14172
41890,202.0602
41891,290.86926
41892,198.14207
41893,104.84458
41894,241.02266
41895,403.90588
41896,325.95236
41897,89.69557
41898,256.8432
41899,95.93919
41900,258.6989
41901,502.83072
41902,372.62704
41903,276.80197
41904,140.18811
41905,192.97165
41906,234.96423
41907,906.7494
41908,870.3864
41909,248.76195
41910,132.0278
41911,159.82414
41912,100.5664
41913,187.94382
41914,125.12971
41915,261.6132
41916,235.83052
41917,142.51578
41918,194.60316
41919,104.73539
41920,213.31415
41921,136.6719
41922,119.69354
41923,110.12485
41924,386.9203
41925,181.61508
41926,324.305
41927,188.7837
41928,275.0181
41929,123.67603
41930,126.30276
41931,215.58926
41932,157.01889
41933,349.56274
41934,235.72752
41935,197.16078
41936,218.17574
41937,103.06813
41938,435.5181
41939,169.79672
41940,550.8118
41941,127.459206
41942,102.17853
41943,186.98225
41944,138.49904
41945,174.56413
41946,157.84193
41947,153.43213
41948,193.7289
41949,220.31587
41950,235.54817
41951,111.79565
41952,172.78719
41953,288.77176
41954,102.20679
41955,189.53346
41956,92.327126
41957,197.8133
41958,224.09853
41959,154.00046
41960,601.84076
41961,465.39227
41962,434.2653
41963,159.80489
41964,271.38092
41965,156.75945
41966,242.96416
41967,236.8634
41968,327.16547
41969,361.3327
41970,79.30676
41971,635.2223
41972,224.47522
41973,119.11714
41974,669.222
41975,277.51486
41976,595.44574
41977,110.29355
41978,141.11317
41979,376.3761
41980,113.7013
41981,328.67252
41982,119.28215
41983,233.64627
41984,109.89415
41985,478.0478
41986,196.0117
41987,147.93199
41988,186.70244
41989,239.02766
41990,95.0668
41991,949.5003
41992,352.88406
41993,284.16687
41994,312.5507
41995,366.6326
41996,197.97299
41997,294.50375
41998,281.94543
41999,257.27246
42000,119.17642
42001,235.77815
42002,199.45421
42003,299.0154
42004,93.01001
42005,331.81323
42006,186.69817
42007,155.1231
42008,191.74783
42009,197.14279
42010,216.88799
42011,140.95822
42012,170.96558
42013,271.57047
42014,404.93314
42015,178.95152
42016,225.07608
42017,138.6546
42018,202.38268
42019,108.783134
42020,349.29074
42021,253.22603
42022,307.5912
42023,241.98758
42024,328.68204
42025,120.38304
42026,327.7599
42027,167.87953
42028,158.0892
42029,194.08354
42030,156.12538
42031,371.7807
42032,139.0993
42033,135.9538
42034,184.87361
42035,107.125305
42036,179.52263
42037,185.37634
42038,423.04205
42039,101.56147
42040,415.90076
42041,487.14667
42042,242.32246
42043,456.136
42044,214.8921
42045,153.85501
42046,181.59592
42047,196.28235
42048,125.24645
42049,195.8744
42050,295.22546
42051,122.28654
42052,268.39645
42053,225.27519
42054,350.25198
42055,310.10724
42056,330.37643
42057,297.5742
42058,166.10103
42059,948.5117
42060,248.08638
42061,140.9989
42062,148.97565
42063,216.60144
42064,150.09451
42065,199.9471
42066,225.1362
42067,131.42334
42068,123.998276
42069,310.2974
42070,135.3802
42071,137.60178
42072,594.29596
42073,482.02692
42074,86.48681
42075,134.07318
42076,239.8775
42077,391.0052
42078,191.46019
42079,118.06765
42080,949.83673
42081,356.3361
42082,6485.008
42083,110.02942
42084,1063.4583
42085,247.2406
42086,214.64163
42087,538.038
42088,187.59525
42089,343.85864
42090,238.15979
42091,196.07149
42092,431.5152
42093,224.12944
42094,264.93466
42095,138.86845
42096,122.4994
42097,145.55264
42098,229.06395
42099,280.14072
42100,360.06012
42101,207.23404
42102,276.7563
42103,137.75305
42104,346.5954
42105,117.262215
42106,372.41345
42107,176.5876
42108,198.90706
42109,302.21014
42110,190.0518
42111,160.09424
42112,335.19543
42113,140.66907
42114,330.33167
42115,158.52614
42116,156.24738
42117,291.43472
42118,160.63663
42119,181.9257
42120,266.8852
42121,311.21252
42122,318.2599
42123,232.78271
42124,375.23404
42125,135.32474
42126,201.52332
42127,140.85825
42128,118.82665
42129,150.67854
42130,151.78671
42131,390.1979
42132,346.08417
42133,150.96321
42134,424.0072
42135,132.74063
42136,201.40634
42137,106.59733
42138,266.70218
42139,130.01958
42140,213.2833
42141,201.68658
42142,152.20566
42143,146.4724
42144,92.67962
42145,125.65441
42146,515.94025
42147,116.9867
42148,86.510506
42149,267.18924
42150,88.40611
42151,191.7783
42152,376.20587
42153,104.513275
42154,143.18665
42155,676.7969
42156,396.7126
42157,95.03324
42158,180.5307
42159,125.95721
42160,226.71396
42161,391.05188
42162,204.40558
42163,356.51575
42164,706.6115
42165,117.32141
42166,585.26
42167,463.72418
42168,675.76495
42169,705.88824
42170,272.60077
42171,220.26184
42172,131.21571
42173,155.43309
42174,188.32361
42175,531.78485
42176,353.16577
42177,162.79152
42178,681.0884
42179,177.642
42180,365.24265
42181,250.92308
42182,261.39346
42183,211.86949
42184,211.69661
42185,459.15347
42186,220.65417
42187,152.02327
42188,240.49721
42189,183.0686
42190,305.92896
42191,239.35542
42192,201.27144
42193,148.30579
42194,149.91742
42195,640.22186
42196,133.54791
42197,201.6592
42198,199.38263
42199,176.95042
42200,233.48343
42201,715.1637
42202,151.2124
42203,223.00114
42204,117.106155
42205,129.04918
42206,201.01254
42207,836.2406
42208,238.99983
42209,113.407265
42210,521.9675
42211,174.8316
42212,239.16238
42213,320.66306
42214,408.26755
42215,197.52225
42216,221.71474
42217,163.39293
42218,65.66846
42219,153.88817
42220,265.91486
42221,178.9782
42222,168.58536
42223,145.75772
42224,134.83162
42225,156.42058
42226,155.5404
42227,187.59088
42228,292.43784
42229,157.04367
42230,337.4226
42231,246.59953
42232,103.84105
42233,98.86134
42234,331.58212
42235,379.468
42236,214.41815
42237,141.73232
42238,123.7554
42239,219.31044
42240,209.67482
42241,151.40364
42242,217.6756
42243,88.10237
42244,299.67926
42245,216.98303
42246,320.11285
42247,1898.8824
42248,182.4093
42249,151.16678
42250,151.3226
42251,147.08952
42252,207.9167
42253,188.26901
42254,276.03506
42255,176.21384
42256,149.2478
42257,202.03325
42258,179.4024
42259,201.32986
42260,112.66267
42261,125.438866
42262,360.81583
42263,133.62753
42264,250.55264
42265,140.2757
42266,131.9046
42267,121.18859
42268,280.08615
42269,151.73018
42270,386.32162
42271,201.30931
42272,347.36816
42273,311.95724
42274,155.63196
42275,249.48427
42276,317.52808
42277,212.69463
42278,559.10315
42279,124.14032
42280,157.98549
42281,134.91292
42282,110.41788
42283,202.64114
42284,642.47406
42285,199.96196
42286,671.10864
42287,377.70847
42288,324.84146
42289,463.7075
42290,111.79628
42291,236.13452
42292,384.514
42293,214.83784
42294,118.01042
42295,152.3974
42296,221.46072
42297,256.73276
42298,201.1522
42299,63.725636
42300,265.9726
42301,267.841
42302,463.03235
42303,248.40517
42304,178.07814
42305,100.71486
42306,181.90405
42307,268.24335
42308,185.02538
42309,275.38306
42310,119.17305
42311,206.73701
42312,667.5798
42313,517.34406
42314,241.169
42315,465.41895
42316,229.71428
42317,253.03842
42318,178.31711
42319,691.0641
42320,734.0646
42321,459.24335
42322,774.379
42323,406.32535
42324,306.86304
42325,206.76187
42326,201.77522
42327,260.6048
42328,378.63815
42329,285.30698
42330,98.79122
42331,143.61221
42332,144.26295
42333,288.1443
42334,151.34772
42335,335.47763
42336,233.2712
42337,140.83115
42338,164.06941
42339,185.8721
42340,388.18967
42341,1715.7076
42342,176.09833
42343,434.1478
42344,94.002174
42345,239.18692
42346,151.54437
42347,208.3307
42348,346.7761
42349,193.41977
42350,140.46185
42351,141.22195
42352,369.2372
42353,186.20866
42354,324.64764
42355,140.9556
42356,215.97581
42357,145.67743
42358,307.21423
42359,237.10706
42360,108.885185
42361,159.117
42362,288.4245
42363,165.00821
42364,268.2112
42365,219.3499
42366,584.0998
42367,131.40208
42368,351.04276
42369,376.42038
42370,122.75274
42371,193.25006
42372,357.3014
42373,293.8101
42374,326.45267
42375,242.87418
42376,164.65147
42377,409.74295
42378,438.47037
42379,306.58838
42380,234.81093
42381,247.37645
42382,133.84616
42383,210.49182
42384,133.59668
42385,115.12129
42386,228.79706
42387,309.29794
42388,201.592
42389,164.501
42390,136.99858
42391,119.08917
42392,150.14992
42393,395.69464
42394,323.07455
42395,381.37732
42396,165.29433
42397,128.4015
42398,247.50853
42399,532.6789
42400,678.7212
42401,607.9727
42402,148.37137
42403,309.21445
42404,327.35892
42405,355.3076
42406,912.21246
42407,205.26315
42408,212.03697
42409,183.22992
42410,144.84082
42411,288.1632
42412,666.40576
42413,194.09505
42414,252.29163
42415,303.55008
42416,338.9697
42417,191.53114
42418,131.0847
42419,202.76044
42420,230.28764
42421,197.22379
42422,259.33026
42423,282.417
42424,258.879
42425,779.6701
42426,305.6815
42427,303.11618
42428,196.59383
42429,174.70395
42430,562.30786
42431,229.52966
42432,194.4606
42433,187.8338
42434,157.28642
42435,198.13611
42436,105.67103
42437,141.51117
42438,639.263
42439,250.60147
42440,180.7216
42441,123.53592
42442,259.54083
42443,550.2875
42444,156.19472
42445,158.91463
42446,273.11563
42447,135.1432
42448,478.9655
42449,270.59943
42450,325.4448
42451,163.96115
42452,181.26205
42453,629.98047
42454,349.5697
42455,271.8579
42456,169.55943
42457,135.00017
42458,219.08138
42459,123.26779
42460,1487.0579
42461,120.7202
42462,127.82538
42463,144.1895
42464,227.07484
42465,119.83523
42466,155.3486
42467,219.86526
42468,308.35867
42469,379.05545
42470,227.5913
42471,104.24585
42472,154.06918
42473,272.7693
42474,133.70195
42475,289.5406
42476,406.56287
42477,531.1955
42478,170.67506
42479,1514.0112
42480,207.08478
42481,165.92024
42482,214.05478
42483,569.7106
42484,187.66824
42485,493.87506
42486,242.83432
42487,259.3523
42488,147.26567
42489,245.16194
42490,248.3001
42491,200.55074
42492,174.93059
42493,272.7489
42494,298.8984
42495,249.06296
42496,291.03165
42497,163.7233
42498,1566.3655
42499,266.86234
42500,212.99939
42501,372.96848
42502,346.95132
42503,161.54701
42504,267.19525
42505,676.0335
42506,166.02998
42507,292.193
42508,178.91698
42509,93.35831
42510,234.3866
42511,327.01096
42512,831.57886
42513,818.5742
42514,292.43167
42515,367.0189
42516,469.32297
42517,1132.3513
42518,175.6325
42519,197.18422
42520,187.91061
42521,96.92198
42522,223.86081
42523,73.45374
42524,377.7055
42525,235.53882
42526,483.39276
42527,296.70947
42528,154.0956
42529,175.4052
42530,301.78204
42531,233.47705
42532,287.56516
42533,152.70796
42534,455.4342
42535,124.09711
42536,456.8813
42537,271.42413
42538,167.50952
42539,123.784805
42540,331.8197
42541,370.5999
42542,228.2149
42543,443.0694
42544,232.59402
42545,47.233036
42546,271.81845
42547,269.60062
42548,138.92458
42549,209.21184
42550,206.37743
42551,219.32501
42552,229.9787
42553,141.52776
42554,270.12085
42555,202.41444
42556,194.43155
42557,168.074
42558,210.54874
42559,308.93134
42560,154.01315
42561,485.52155
42562,218.33826
42563,336.24475
42564,194.58774
42565,529.1554
42566,121.972404
42567,356.52692
42568,139.55824
42569,523.2848
42570,204.79741
42571,317.59543
42572,202.19408
42573,116.27653
42574,354.4821
42575,134.14214
42576,157.71065
42577,121.04987
42578,289.46323
42579,392.84995
42580,152.40833
42581,225.74901
42582,190.25507
42583,237.07457
42584,1399.3257
42585,182.38976
42586,295.70786
42587,289.51202
42588,84.23396
42589,277.1393
42590,143.98955
42591,166.9432
42592,128.81752
42593,181.31316
42594,184.68146
42595,123.80228
42596,680.7553
42597,171.67404
42598,206.372
42599,197.03839
42600,127.50602
42601,204.83801
42602,191.23389
42603,216.01831
42604,183.22684
42605,231.60956
42606,608.8288
42607,178.56729
42608,110.40226
42609,259.05792
42610,228.39764
42611,796.568
42612,214.70073
42613,337.95187
42614,239.36667
42615,162.09503
42616,190.45389
42617,373.57358
42618,491.0011
42619,352.51053
42620,274.70636
42621,139.02959
42622,138.66626
42623,218.92928
42624,581.04974
42625,612.3401
42626,314.84308
42627,109.82511
42628,322.60382
42629,166.95544
42630,258.66214
42631,432.35077
42632,209.86394
42633,105.412636
42634,205.03024
42635,698.2505
42636,124.46228
42637,149.37755
42638,183.9408
42639,286.62213
42640,216.54156
42641,155.06577
42642,136.45816
42643,134.8192
42644,148.12148
42645,622.25397
42646,304.4104
42647,254.35594
42648,274.83252
42649,695.3342
42650,113.16732
42651,356.00735
42652,95.98686
42653,176.0147
42654,107.866615
42655,138.07562
42656,145.32803
42657,141.82672
42658,349.3528
42659,145.07812
42660,598.80457
42661,198.44328
42662,307.9227
42663,199.49023
42664,158.25061
42665,175.46136
42666,669.20605
42667,256.0443
42668,167.75983
42669,223.76157
42670,175.77005
42671,125.176155
42672,448.98364
42673,486.2262
42674,142.49402
42675,167.18254
42676,470.49493
42677,295.12042
42678,131.54526
42679,256.4661
42680,1008.4715
42681,125.32273
42682,131.8839
42683,125.582565
42684,243.19044
42685,198.12997
42686,205.04361
42687,190.55298
42688,107.09065
42689,896.4728
42690,111.9394
42691,182.33936
42692,665.87244
42693,253.35812
42694,651.1197
42695,370.3866
42696,424.74164
42697,216.96777
42698,159.41188
42699,178.43263
42700,178.30089
42701,263.26672
42702,334.37494
42703,248.39491
42704,166.38464
42705,102.425
42706,204.39368
42707,397.29062
42708,562.9341
42709,83.584625
42710,160.99892
42711,315.42017
42712,206.44238
42713,115.26374
42714,114.471375
42715,227.10301
42716,273.70428
42717,178.76093
42718,328.87155
42719,290.71747
42720,255.66605
42721,208.29434
42722,204.14752
42723,210.02914
42724,194.63142
42725,462.05527
42726,461.47165
42727,328.48474
42728,102.18777
42729,248.99841
42730,944.7684
42731,309.2171
42732,331.774
42733,123.53955
42734,176.02742
42735,200.57088
42736,365.23157
42737,141.74321
42738,129.87587
42739,372.32394
42740,355.56116
42741,364.2221
42742,294.6732
42743,250.41516
42744,214.58519
42745,635.5228
42746,232.06337
42747,138.06964
42748,266.9994
42749,180.72691
42750,159.07216
42751,91.02129
42752,188.8963
42753,383.27466
42754,407.8413
42755,259.45667
42756,307.59097
42757,242.75905
42758,178.70724
42759,156.96779
42760,927.62256
42761,325.7209
42762,292.2135
42763,376.8371
42764,389.2775
42765,170.082
42766,306.63217
42767,151.52983
42768,786.0413
42769,318.73694
42770,228.63399
42771,261.3691
42772,107.56146
42773,347.91336
42774,718.4435
42775,567.7703
42776,235.31317
42777,278.54227
42778,140.17676
42779,538.4523
42780,280.40775
42781,204.90468
42782,583.5759
42783,183.85573
42784,189.12476
42785,171.08969
42786,128.85072
42787,173.19278
42788,253.15433
42789,191.4708
42790,213.55492
42791,196.52031
42792,313.62738
42793,639.11096
42794,126.56656
42795,442.41592
42796,171.9804
42797,265.45773
42798,200.91228
42799,218.05728
42800,97.45893
42801,336.89948
42802,207.29774
42803,449.20734
42804,264.12668
42805,515.1684
42806,280.01477
42807,186.93681
42808,192.75905
42809,138.00153
42810,228.03314
42811,220.23338
42812,281.25198
42813,140.08997
42814,174.34027
42815,775.219
42816,116.579216
42817,213.68904
42818,196.23029
42819,216.9042
42820,140.898
42821,135.8854
42822,286.13736
42823,132.20184
42824,202.71783
42825,158.66803
42826,937.68695
42827,188.61371
42828,282.33566
42829,111.973
42830,129.976
42831,209.2879
42832,360.02567
42833,1727.5625
42834,139.14465
42835,213.92183
42836,504.4156
42837,92.8041
42838,1380.0842
42839,135.9172
42840,195.42339
42841,279.50363
42842,191.39064
42843,268.48077
42844,278.88882
42845,309.2118
42846,187.14381
42847,522.48425
42848,185.13687
42849,276.43637
42850,417.45828
42851,177.43442
42852,330.6215
42853,232.72768
42854,146.75616
42855,241.33072
42856,136.22871
42857,272.23306
42858,179.89107
42859,220.22389
42860,224.0822
42861,187.36891
42862,210.55586
42863,479.30295
42864,160.06027
42865,381.93048
42866,131.00523
42867,156.07591
42868,500.56073
42869,204.05244
42870,190.46231
42871,459.27927
42872,426.48505
42873,130.38771
42874,214.6842
42875,347.7159
42876,149.11842
42877,253.70299
42878,124.0365
42879,148.34544
42880,193.22876
42881,288.61423
42882,257.0672
42883,283.21326
42884,256.8914
42885,449.56705
42886,584.4188
42887,144.81088
42888,119.2336
42889,226.62337
42890,313.35153
42891,125.921486
42892,464.16498
42893,170.72713
42894,178.2547
42895,106.38135
42896,146.7725
42897,157.65585
42898,222.75177
42899,182.94138
42900,163.67603
42901,106.496635
42902,140.3438
42903,568.49133
42904,259.07755
42905,164.5614
42906,272.44504
42907,734.50616
42908,184.64925
42909,283.0511
42910,377.12073
42911,95.4741
42912,172.37119
42913,219.0393
42914,258.17612
42915,1246.1123
42916,328.1675
42917,142.9864
42918,313.71918
42919,187.30072
42920,178.12373
42921,181.93222
42922,204.99026
42923,181.42426
42924,249.66917
42925,202.46666
42926,129.89368
42927,159.64903
42928,276.42505
42929,223.85097
42930,133.23882
42931,371.8682
42932,624.06995
42933,302.5207
42934,380.52432
42935,440.73825
42936,348.44745
42937,214.90874
42938,381.1273
42939,89.78611
42940,279.2232
42941,120.605415
42942,252.65128
42943,253.7338
42944,655.35114
42945,286.80814
42946,315.60922
42947,121.36329
42948,257.78906
42949,167.96259
42950,459.67072
42951,142.76045
42952,253.5228
42953,335.65332
42954,217.82222
42955,231.84018
42956,464.0623
42957,275.60703
42958,284.21848
42959,154.3025
42960,180.13712
42961,157.49773
42962,307.09027
42963,545.9202
42964,334.14926
42965,300.59518
42966,74.23829
42967,125.66178
42968,212.65105
42969,126.045074
42970,145.56282
42971,240.04945
42972,172.37015
42973,275.68774
42974,383.7321
42975,338.09207
42976,205.48059
42977,306.13818
42978,261.82822
42979,277.56302
42980,336.51746
42981,216.79843
42982,113.66586
42983,241.87659
42984,188.51323
42985,299.19376
42986,294.9569
42987,208.00226
42988,380.84604
42989,255.31282
42990,137.72392
42991,885.68427
42992,421.9859
42993,163.67389
42994,543.2048
42995,103.90656
42996,309.85632
42997,111.777725
42998,152.01917
42999,344.19852
43000,306.86978
43001,332.35413
43002,496.21204
43003,880.967
43004,201.38287
43005,142.9735
43006,230.50084
43007,238.68745
43008,187.51282
43009,117.34803
43010,196.67583
43011,418.89362
43012,242.26141
43013,131.29535
43014,170.7164
43015,382.604
43016,191.92923
43017,421.56433
43018,584.25507
43019,354.87415
43020,898.5419
43021,169.34789
43022,160.66245
43023,239.6815
43024,151.97466
43025,225.08748
43026,819.352
43027,502.6765
43028,160.09483
43029,344.6003
43030,200.43767
43031,264.90097
43032,287.1371
43033,113.69361
43034,254.04013
43035,193.58179
43036,709.078
43037,145.22612
43038,191.4954
43039,371.38452
43040,140.10269
43041,218.31117
43042,236.86092
43043,403.54214
43044,499.70294
43045,160.18535
43046,175.0396
43047,217.73337
43048,293.8882
43049,139.85872
43050,93.61387
43051,335.4019
43052,248.62279
43053,162.15997
43054,217.04922
43055,142.72397
43056,143.70764
43057,119.18869
43058,112.95437
43059,125.56604
43060,298.22122
43061,318.0814
43062,195.36006
43063,556.4616
43064,220.86444
43065,1412.4583
43066,181.42752
43067,161.14285
43068,248.91655
43069,271.1635
43070,142.09218
43071,357.13068
43072,181.59584
43073,208.388
43074,303.30267
43075,288.5024
43076,1157.8534
43077,164.6186
43078,418.53452
43079,242.15852
43080,131.70718
43081,196.68582
43082,496.98044
43083,254.94965
43084,162.79764
43085,238.94234
43086,389.69476
43087,92.75971
43088,191.2377
43089,180.55063
43090,152.79103
43091,134.54256
43092,164.36664
43093,429.855
43094,165.531
43095,645.3416
43096,174.87822
43097,177.59866
43098,226.7983
43099,146.43431
43100,165.89993
43101,151.00731
43102,251.97552
43103,226.57895
43104,144.85693
43105,244.1977
43106,222.45398
43107,224.45341
43108,91.51574
43109,160.32501
43110,277.77762
43111,268.11505
43112,384.0758
43113,175.01538
43114,102.22251
43115,263.52896
43116,151.97069
43117,96.45072
43118,289.22916
43119,621.78705
43120,213.95988
43121,609.2709
43122,249.65645
43123,194.25954
43124,399.7555
43125,222.34723
43126,477.3682
43127,400.15704
43128,97.906654
43129,378.25717
43130,177.7136
43131,115.463005
43132,123.03999
43133,134.73463
43134,107.56551
43135,194.555
43136,648.8492
43137,139.01825
43138,186.4585
43139,400.4742
43140,167.36224
43141,160.47525
43142,230.7484
43143,126.30995
43144,446.94467
43145,344.76358
43146,347.79733
43147,211.42024
43148,250.1762
43149,154.32341
43150,218.53773
43151,170.05513
43152,129.64157
43153,253.9849
43154,145.25075
43155,877.77386
43156,184.74309
43157,98.19114
43158,126.72321
43159,183.88087
43160,126.58992
43161,122.35467
43162,310.78162
43163,437.61685
43164,251.87155
43165,192.74872
43166,240.68153
43167,293.67316
43168,154.35693
43169,270.17206
43170,165.0488
43171,153.52002
43172,325.4761
43173,129.38794
43174,181.48523
43175,123.653824
43176,603.6399
43177,118.94742
43178,101.65401
43179,396.50186
43180,133.99643
43181,161.88728
43182,21.883806
43183,228.97562
43184,325.31653
43185,239.88033
43186,259.92093
43187,279.15274
43188,256.62735
43189,369.78827
43190,271.63712
43191,485.2216
43192,187.40648
43193,212.2437
43194,190.86183
43195,168.92935
43196,215.17134
43197,236.06752
43198,196.45552
43199,229.7849
43200,173.78484
43201,1073.9816
43202,170.89041
43203,392.4998
43204,570.22375
43205,144.86107
43206,200.72827
43207,106.08253
43208,1410.1912
43209,280.84653
43210,177.5647
43211,138.13992
43212,179.57181
43213,153.88474
43214,94.70208
43215,205.91637
43216,504.35037
43217,627.90186
43218,171.07324
43219,282.4486
43220,407.8842
43221,352.90747
43222,134.20134
43223,133.98352
43224,123.70035
43225,107.760895
43226,250.12024
43227,243.0927
43228,111.78548
43229,192.61311
43230,229.0894
43231,146.699
43232,613.00977
43233,320.19586
43234,747.10736
43235,177.11557
43236,315.1884
43237,299.2166
43238,167.38986
43239,154.1401
43240,594.5478
43241,577.4533
43242,317.95447
43243,244.53152
43244,164.11021
43245,289.75488
43246,505.53592
43247,141.803
43248,479.42282
43249,723.17267
43250,201.26392
43251,356.02475
43252,498.86102
43253,235.83551
43254,466.52875
43255,301.3351
43256,164.10146
43257,177.9923
43258,324.89548
43259,211.72183
43260,115.0576
43261,152.97345
43262,171.93817
43263,414.44843
43264,448.0321
43265,381.2257
43266,123.58021
43267,122.42503
43268,335.76498
43269,231.04158
43270,259.87494
43271,381.35535
43272,606.36
43273,198.52386
43274,131.93135
43275,642.3841
43276,125.537
43277,212.22456
43278,134.96443
43279,205.3985
43280,200.42589
43281,388.15985
43282,193.37073
43283,135.96725
43284,92.293526
43285,185.55504
43286,133.19499
43287,183.34976
43288,77.63721
43289,167.35103
43290,194.94762
43291,363.75452
43292,1006.64307
43293,172.88799
43294,218.4044
43295,228.16164
43296,266.19034
43297,495.3891
43298,315.16254
43299,539.7671
43300,259.73132
43301,317.22443
43302,273.32648
43303,193.7051
43304,275.1576
43305,278.66925
43306,220.3324
43307,200.92033
43308,163.88673
43309,185.70483
43310,236.36118
43311,207.13618
43312,182.06808
43313,509.3035
43314,447.5283
43315,382.6082
43316,255.74287
43317,189.6516
43318,184.17825
43319,172.6284
43320,77.15096
43321,137.22466
43322,689.25
43323,230.76779
43324,223.48291
43325,108.33441
43326,120.30151
43327,253.86766
43328,286.1298
43329,598.1729
43330,591.2542
43331,217.04987
43332,194.7139
43333,80.178535
43334,166.91316
43335,89.50225
43336,166.37384
43337,138.6246
43338,378.73215
43339,152.60439
43340,310.231
43341,218.95132
43342,176.95073
43343,137.1733
43344,1770.5436
43345,277.70337
43346,221.76704
43347,417.1829
43348,103.799286
43349,158.63297
43350,149.49866
43351,186.7885
43352,171.90842
43353,58.902878
43354,315.35843
43355,199.48422
43356,267.80377
43357,203.20068
43358,335.30994
43359,461.82925
43360,47.400566
43361,170.73366
43362,74.14548
43363,294.00015
43364,142.99565
43365,197.9075
43366,298.587
43367,122.548615
43368,168.99501
43369,107.814766
43370,789.32916
43371,265.72952
43372,248.60889
43373,280.49176
43374,213.92093
43375,235.34541
43376,101.31339
43377,146.62695
43378,145.8334
43379,247.76581
43380,345.2874
43381,625.62775
43382,444.97003
43383,399.73996
43384,146.43056
43385,267.93567
43386,482.1001
43387,232.01466
43388,235.85413
43389,230.66512
43390,289.76608
43391,215.33061
43392,513.33527
43393,171.27359
43394,221.24632
43395,231.94406
43396,174.85518
43397,253.45895
43398,197.72832
43399,313.11703
43400,361.18872
43401,137.64702
43402,192.4451
43403,381.6713
43404,637.57623
43405,149.5655
43406,184.37843
43407,140.55484
43408,168.40453
43409,651.1906
43410,266.7745
43411,588.2752
43412,368.39697
43413,152.97789
43414,156.17093
43415,304.64847
43416,508.91193
43417,293.98477
43418,1599.0679
43419,181.38683
43420,183.39778
43421,105.9375
43422,248.9527
43423,160.88057
43424,641.23517
43425,142.8962
43426,955.57446
43427,152.34691
43428,239.0269
43429,233.41112
43430,388.12234
43431,135.50737
43432,506.32516
43433,469.01544
43434,127.53743
43435,212.85426
43436,241.34665
43437,355.67056
43438,260.6131
43439,137.26958
43440,160.93787
43441,400.6028
43442,315.72287
43443,167.51295
43444,219.65558
43445,368.30063
43446,246.3305
43447,148.31328
43448,154.25221
43449,192.9845
43450,241.56158
43451,163.64731
43452,94.1134
43453,152.07271
43454,280.185
43455,346.77655
43456,115.04137
43457,229.85123
43458,295.76917
43459,180.13274
43460,699.16693
43461,150.23929
43462,146.3731
43463,172.58714
43464,269.9243
43465,140.62367
43466,222.37572
43467,518.9616
43468,143.04297
43469,338.0738
43470,131.1109
43471,179.471
43472,402.74957
43473,603.48303
43474,884.3567
43475,99.01195
43476,164.82376
43477,330.33868
43478,182.20872
43479,136.58904
43480,167.39754
43481,241.08542
43482,190.97842
43483,119.47182
43484,139.0481
43485,94.2999
43486,370.4808
43487,140.57639
43488,257.27286
43489,425.5523
43490,235.2832
43491,166.9111
43492,118.283714
43493,141.77928
43494,189.11491
43495,151.89041
43496,229.8736
43497,149.62538
43498,337.92606
43499,554.6438
43500,277.74652
43501,247.29028
43502,346.9082
43503,102.5573
43504,158.721
43505,529.3895
43506,287.0806
43507,486.6061
43508,136.94032
43509,156.94801
43510,554.66345
43511,112.99589
43512,166.4564
43513,193.55666
43514,245.57584
43515,517.9945
43516,354.01837
43517,158.92235
43518,480.18945
43519,156.03322
43520,256.739
43521,781.63763
43522,539.9641
43523,152.98965
43524,61.52056
43525,91.9564
43526,323.96747
43527,515.27216
43528,994.1781
43529,189.22156
43530,438.44684
43531,316.09677
43532,169.5288
43533,180.70918
43534,343.65765
43535,2280.3342
43536,186.1932
43537,239.10378
43538,672.9989
43539,142.9485
43540,348.64413
43541,200.46512
43542,328.5569
43543,184.55449
43544,275.86215
43545,319.89996
43546,93.501945
43547,268.91553
43548,577.4544
43549,496.6943
43550,143.70413
43551,359.6191
43552,228.35954
43553,388.156
43554,177.30037
43555,207.71318
43556,2212.3247
43557,682.66034
43558,360.27542
43559,207.79843
43560,262.9679
43561,348.29633
43562,297.41318
43563,161.99815
43564,888.47974
43565,182.95055
43566,436.89
43567,348.31296
43568,188.405
43569,228.80576
43570,330.69128
43571,173.77959
43572,266.56534
43573,316.6906
43574,314.23547
43575,195.43126
43576,117.07109
43577,872.6077
43578,241.17711
43579,176.4496
43580,296.37192
43581,138.95961
43582,166.40599
43583,341.26743
43584,123.511246
43585,96.34901
43586,133.52301
43587,244.29971
43588,225.8142
43589,214.55652
43590,603.57654
43591,234.36864
43592,164.2301
43593,140.11136
43594,104.71251
43595,642.2316
43596,278.0509
43597,212.62439
43598,213.37589
43599,193.73784
43600,265.2008
43601,126.19319
43602,298.21353
43603,130.28044
43604,160.47632
43605,137.0346
43606,181.60272
43607,417.3368
43608,132.18257
43609,104.49718
43610,101.42149
43611,85.60087
43612,241.707
43613,203.5216
43614,475.32132
43615,244.84686
43616,829.7008
43617,300.22144
43618,212.00844
43619,241.9236
43620,143.61905
43621,217.88643
43622,266.99985
43623,345.00922
43624,453.10294
43625,650.38477
43626,131.52197
43627,338.58942
43628,142.60596
43629,139.98427
43630,428.4158
43631,250.04262
43632,149.60657
43633,265.51517
43634,242.36803
43635,172.48897
43636,121.37412
43637,358.16748
43638,361.68335
43639,271.36014
43640,192.94609
43641,139.47
43642,404.6294
43643,137.19707
43644,257.19232
43645,218.71776
43646,146.06958
43647,369.09042
43648,345.6546
43649,151.36993
43650,205.53271
43651,128.4681
43652,556.98285
43653,463.68704
43654,273.21063
43655,284.2406
43656,224.31445
43657,177.06448
43658,532.43036
43659,117.16983
43660,189.11607
43661,251.09612
43662,155.11613
43663,220.63544
43664,158.22742
43665,198.46739
43666,220.46075
43667,284.8212
43668,267.60992
43669,182.73773
43670,492.4138
43671,607.31805
43672,241.37982
43673,248.41289
43674,1008.33344
43675,232.11876
43676,171.70345
43677,833.2234
43678,158.74509
43679,262.32654
43680,187.11295
43681,147.08952
43682,166.23332
43683,249.31993
43684,129.59581
43685,199.49966
43686,197.21945
43687,168.35487
43688,1197.868
43689,323.85208
43690,330.92484
43691,407.40372
43692,306.35156
43693,136.14496
43694,115.83569
43695,284.28418
43696,429.25394
43697,217.21617
43698,173.78304
43699,486.8874
43700,232.40323
43701,81.50991
43702,116.02187
43703,371.99362
43704,462.3922
43705,262.60428
43706,435.6648
43707,223.09016
43708,210.75856
43709,256.68094
43710,491.1917
43711,264.31525
43712,391.1684
43713,136.12709
43714,172.05402
43715,117.329155
43716,268.2222
43717,210.0331
43718,152.18542
43719,175.38873
43720,263.85843
43721,147.54337
43722,272.5328
43723,112.064125
43724,184.92422
43725,545.6551
43726,335.65976
43727,222.76694
43728,304.2052
43729,249.8495
43730,451.58182
43731,249.19121
43732,195.1539
43733,556.5189
43734,267.4813
43735,304.0861
43736,171.11612
43737,262.94482
43738,221.25815
43739,153.32677
43740,315.7732
43741,173.14433
43742,759.2519
43743,562.0228
43744,281.45468
43745,160.73979
43746,356.31543
43747,141.73312
43748,276.97882
43749,171.756
43750,215.34401
43751,214.43225
43752,268.6546
43753,136.37473
43754,105.180725
43755,250.72618
43756,139.5183
43757,315.74255
43758,184.37358
43759,191.9798
43760,87.323204
43761,169.96324
43762,141.23824
43763,741.8983
43764,324.23938
43765,314.3642
43766,161.13687
43767,174.19955
43768,238.28168
43769,178.12582
43770,529.57294
43771,553.8678
43772,227.79703
43773,135.15219
43774,248.8721
43775,307.43036
43776,321.21426
43777,112.89118
43778,706.47125
43779,321.81876
43780,308.26434
43781,169.19841
43782,164.16544
43783,163.66194
43784,147.09674
43785,218.02727
43786,174.33072
43787,168.01585
43788,269.41037
43789,256.11572
43790,141.4461
43791,80.0044
43792,147.65047
43793,169.93489
43794,102.30046
43795,573.67236
43796,159.7506
43797,247.64241
43798,563.13605
43799,164.32376
43800,789.062
43801,291.76514
43802,553.2198
43803,465.38474
43804,245.5452
43805,298.2955
43806,205.85077
43807,174.96547
43808,160.19743
43809,577.8184
43810,211.34631
43811,175.58942
43812,359.76797
43813,306.8275
43814,213.80386
43815,176.91534
43816,284.0177
43817,145.44496
43818,194.8906
43819,186.0752
43820,210.67822
43821,167.2211
43822,434.199
43823,373.6289
43824,348.46008
43825,182.53658
43826,199.63214
43827,1126.6866
43828,49.508476
43829,187.83386
43830,203.33206
43831,155.73071
43832,325.265
43833,160.96573
43834,151.28893
43835,159.94347
43836,563.2149
43837,97.67215
43838,157.52509
43839,183.565
43840,743.23456
43841,310.09406
43842,110.080635
43843,1605.1995
43844,195.30185
43845,194.69649
43846,295.09946
43847,311.7842
43848,385.587
43849,237.46988
43850,305.54977
43851,190.04962
43852,237.88853
43853,371.372
43854,507.41095
43855,215.905
43856,147.98721
43857,493.10678
43858,165.48529
43859,610.6346
43860,134.77307
43861,238.06253
43862,327.99097
43863,1319.0475
43864,249.25697
43865,239.09836
43866,136.4048
43867,178.65485
43868,350.98383
43869,149.94191
43870,361.28223
43871,220.99886
43872,178.61662
43873,167.62978
43874,263.48642
43875,134.9615
43876,373.91943
43877,875.46704
43878,271.2335
43879,115.17529
43880,462.62878
43881,261.69052
43882,140.54486
43883,352.7211
43884,215.70921
43885,182.93239
43886,344.62933
43887,274.37683
43888,207.59126
43889,208.30588
43890,204.44324
43891,298.0526
43892,144.59656
43893,198.06758
43894,429.0468
43895,38.898445
43896,156.81947
43897,188.9474
43898,285.44348
43899,161.09528
43900,178.09328
43901,207.06404
43902,221.02129
43903,299.491
43904,514.6194
43905,177.55096
43906,206.40616
43907,185.7243
43908,132.11755
43909,158.06282
43910,205.45343
43911,114.49865
43912,139.52315
43913,135.94351
43914,215.73027
43915,303.5754
43916,194.10443
43917,319.54666
43918,166.59935
43919,424.41208
43920,212.71536
43921,84.887024
43922,258.18686
43923,207.36145
43924,181.9132
43925,151.21434
43926,389.68478
43927,164.00023
43928,343.3159
43929,134.52443
43930,233.08025
43931,72.19804
43932,338.45227
43933,711.6356
43934,189.53679
43935,315.24973
43936,974.29425
43937,303.91623
43938,148.863
43939,263.20303
43940,239.9934
43941,348.2256
43942,124.09263
43943,321.0325
43944,186.79123
43945,153.6329
43946,247.91762
43947,211.46109
43948,161.18535
43949,1092.3495
43950,131.78856
43951,191.0196
43952,376.61462
43953,214.00366
43954,156.56624
43955,849.78796
43956,288.48575
43957,432.98392
43958,199.10524
43959,222.79889
43960,592.04944
43961,230.93768
43962,247.43561
43963,136.68437
43964,349.82574
43965,484.65918
43966,260.51303
43967,244.2631
43968,180.41821
43969,194.05086
43970,360.8595
43971,152.1122
43972,765.79224
43973,222.17416
43974,168.97292
43975,295.51578
43976,85.266846
43977,366.38223
43978,374.66568
43979,366.74625
43980,283.8066
43981,331.48993
43982,368.0198
43983,160.30515
43984,534.4698
43985,369.78387
43986,110.12891
43987,272.21677
43988,220.53484
43989,255.88004
43990,478.19547
43991,212.98381
43992,133.08292
43993,199.49199
43994,128.26712
43995,298.51425
43996,173.14458
43997,206.48193
43998,224.09961
43999,131.21182
44000,260.66113
44001,641.9037
44002,157.58292
44003,306.10703
44004,469.5665
44005,358.8808
44006,222.05157
44007,466.1695
44008,175.41739
44009,376.59637
44010,168.76366
44011,250.59673
44012,191.9011
44013,796.17993
44014,204.93854
44015,171.8453
44016,424.01553
44017,332.0079
44018,146.22449
44019,141.94081
44020,95.53144
44021,104.18066
44022,952.8264
44023,125.16593
44024,219.02089
44025,206.87444
44026,150.72755
44027,495.75705
44028,132.0049
44029,362.26508
44030,236.59314
44031,268.8101
44032,325.3187
44033,671.7017
44034,86.59012
44035,150.61044
44036,210.81142
44037,98.741776
44038,255.46968
44039,131.06
44040,395.45425
44041,419.30063
44042,143.8423
44043,138.57631
44044,156.99008
44045,212.71068
44046,288.48035
44047,214.3737
44048,224.62785
44049,132.50018
44050,239.03387
44051,328.67206
44052,246.24614
44053,231.49725
44054,201.69542
44055,221.15587
44056,356.8767
44057,297.24847
44058,368.65182
44059,120.50194
44060,126.6022
44061,192.89905
44062,122.80179
44063,270.42282
44064,324.53064
44065,313.70972
44066,187.71045
44067,194.00076
44068,133.36919
44069,148.69746
44070,482.02353
44071,143.24963
44072,128.35202
44073,175.02278
44074,542.3891
44075,196.43953
44076,215.20969
44077,175.80893
44078,164.62643
44079,217.75415
44080,150.79568
44081,258.10486
44082,135.96251
44083,300.56247
44084,221.42677
44085,805.53864
44086,153.67259
44087,477.2251
44088,133.81856
44089,161.15846
44090,122.13624
44091,136.29283
44092,144.35904
44093,333.51
44094,565.66223
44095,280.4118
44096,540.2825
44097,201.50356
44098,154.57779
44099,161.20123
44100,813.69293
44101,125.65297
44102,92.48655
44103,716.28406
44104,120.78201
44105,264.2296
44106,238.2941
44107,119.78089
44108,288.93497
44109,222.88483
44110,349.40366
44111,224.44888
44112,389.32764
44113,282.90802
44114,134.66063
44115,144.01692
44116,558.7075
44117,131.64539
44118,158.58833
44119,211.37071
44120,710.2346
44121,159.17392
44122,103.15629
44123,413.71387
44124,152.89473
44125,146.06746
44126,246.91501
44127,256.9049
44128,286.99323
44129,242.25291
44130,133.6546
44131,369.33554
44132,256.83362
44133,179.7501
44134,248.21935
44135,302.6634
44136,314.39365
44137,376.42108
44138,194.12708
44139,239.71384
44140,115.10782
44141,148.34671
44142,271.22336
44143,219.2982
44144,143.4492
44145,546.4875
44146,353.0024
44147,217.6366
44148,170.63252
44149,511.82376
44150,174.49477
44151,645.25323
44152,213.38454
44153,149.23528
44154,98.0281
44155,354.53403
44156,173.87025
44157,191.9309
44158,167.74619
44159,183.10796
44160,357.82397
44161,196.04752
44162,706.6268
44163,1125.1992
44164,210.1559
44165,108.18873
44166,531.3838
44167,304.56335
44168,172.6073
44169,248.35457
44170,199.26965
44171,136.45999
44172,332.8535
44173,260.29153
44174,89.33478
44175,112.33345
44176,285.44138
44177,150.36966
44178,100.74605
44179,255.67805
44180,141.42369
44181,302.00385
44182,199.49423
44183,334.9721
44184,230.7903
44185,170.07187
44186,681.34204
44187,160.71414
44188,70.21429
44189,306.57626
44190,192.77301
44191,223.19765
44192,374.39072
44193,259.67276
44194,238.535
44195,366.57092
44196,485.85373
44197,109.17755
44198,195.87524
44199,179.89252
44200,189.83551
44201,184.54749
44202,1169.3259
44203,366.55713
44204,102.654724
44205,663.4583
44206,119.72848
44207,346.01562
44208,145.10661
44209,81.58508
44210,662.21045
44211,646.68353
44212,188.23688
44213,143.12395
44214,231.87619
44215,438.36118
44216,123.61659
44217,350.7383
44218,905.33954
44219,183.58917
44220,214.53133
44221,207.57233
44222,190.63118
44223,240.3937
44224,153.61725
44225,241.26665
44226,494.00183
44227,147.32893
44228,130.81541
44229,182.61124
44230,475.27466
44231,199.18546
44232,148.99095
44233,286.38626
44234,188.85529
44235,235.14957
44236,172.06767
44237,191.6307
44238,487.01447
44239,420.9672
44240,193.92639
44241,736.3216
44242,525.5213
44243,220.43233
44244,128.30028
44245,130.05109
44246,280.16257
44247,254.95541
44248,166.72105
44249,186.73006
44250,82.164856
44251,116.284775
44252,219.78862
44253,380.2211
44254,458.09158
44255,211.81432
44256,156.4563
44257,538.1228
44258,305.801
44259,190.9096
44260,153.12248
44261,199.94533
44262,515.5158
44263,319.72552
44264,166.1777
44265,168.60251
44266,143.33586
44267,258.08746
44268,164.08093
44269,573.746
44270,320.20944
44271,231.97025
44272,118.88841
44273,132.73503
44274,938.525
44275,199.42503
44276,208.70753
44277,249.92317
44278,497.34747
44279,267.85837
44280,119.09236
44281,184.48257
44282,188.11484
44283,121.79491
44284,102.73358
44285,201.30746
44286,559.40094
44287,194.62636
44288,288.86276
44289,307.23532
44290,340.6077
44291,163.79572
44292,1801.3549
44293,327.54517
44294,178.9762
44295,116.75826
44296,140.56949
44297,223.33447
44298,169.15123
44299,304.08905
44300,147.63821
44301,150.87436
44302,253.4858
44303,163.08498
44304,295.3187
44305,534.4451
44306,156.86423
44307,698.15814
44308,187.946
44309,506.87155
44310,176.61661
44311,156.37578
44312,466.42145
44313,115.897514
44314,129.68755
44315,194.22527
44316,508.81805
44317,208.47038
44318,293.83194
44319,151.35622
44320,250.46149
44321,139.86012
44322,243.28983
44323,171.77374
44324,220.10553
44325,213.74875
44326,104.76999
44327,165.57283
44328,162.0736
44329,217.70964
44330,127.355415
44331,315.10306
44332,325.73083
44333,210.72455
44334,168.54784
44335,166.62274
44336,151.41063
44337,876.35925
44338,93.02987
44339,99.419624
44340,280.384
44341,365.44308
44342,123.683586
44343,409.7931
44344,149.36966
44345,202.27725
44346,495.99887
44347,191.05887
44348,829.85706
44349,162.31435
44350,183.45949
44351,703.33777
44352,362.10248
44353,142.09373
44354,99.75213
44355,134.74815
44356,279.95447
44357,136.7459
44358,271.20093
44359,155.29971
44360,237.20132
44361,85.11755
44362,217.12856
44363,153.96619
44364,94.12845
44365,145.00873
44366,317.97397
44367,100.31494
44368,268.96298
44369,179.283
44370,178.1863
44371,243.98543
44372,171.53139
44373,174.3111
44374,313.81192
44375,1617.444
44376,673.7431
44377,77.6303
44378,149.7529
44379,185.52072
44380,412.15128
44381,189.59172
44382,324.23032
44383,128.57564
44384,212.69408
44385,185.55841
44386,67.41953
44387,109.43868
44388,220.18471
44389,393.69196
44390,256.4471
44391,224.7525
44392,198.46585
44393,160.58824
44394,607.77325
44395,190.53064
44396,208.4408
44397,268.18777
44398,644.07697
44399,326.82214
44400,369.8611
44401,220.6976
44402,250.1325
44403,151.91275
44404,537.761
44405,342.70984
44406,108.11363
44407,653.88824
44408,234.02014
44409,273.61868
44410,301.55835
44411,318.6826
44412,147.304
44413,228.26428
44414,182.86957
44415,383.46567
44416,164.09698
44417,420.68317
44418,433.61972
44419,588.181
44420,134.67671
44421,295.13998
44422,1227.8418
44423,385.97565
44424,182.53589
44425,181.93112
44426,351.46396
44427,251.56961
44428,304.1189
44429,137.54156
44430,622.86487
44431,255.16016
44432,172.52419
44433,223.00024
44434,647.9929
44435,105.12897
44436,141.35223
44437,70.45956
44438,138.70337
44439,136.39143
44440,488.9396
44441,240.32677
44442,146.69115
44443,162.06154
44444,205.39815
44445,344.2481
44446,535.15814
44447,177.32632
44448,410.45462
44449,335.87222
44450,226.60382
44451,267.4011
44452,398.85986
44453,121.628075
44454,371.55804
44455,321.94098
44456,221.27304
44457,493.1557
44458,245.8127
44459,261.852
44460,879.9409
44461,185.49492
44462,216.48424
44463,992.34906
44464,95.37169
44465,458.27704
44466,430.42957
44467,115.32368
44468,114.18146
44469,243.1845
44470,601.3909
44471,581.3557
44472,484.09634
44473,345.46332
44474,135.03041
44475,116.77263
44476,211.3475
44477,146.83728
44478,148.56409
44479,174.93553
44480,195.72678
44481,347.6482
44482,311.63617
44483,243.43434
44484,196.59474
44485,205.68864
44486,260.76852
44487,228.55853
44488,341.4567
44489,257.6772
44490,357.8117
44491,221.45401
44492,190.42918
44493,219.16412
44494,254.17938
44495,356.42352
44496,242.17033
44497,108.69761
44498,369.1296
44499,187.3083
44500,548.2964
44501,332.6372
44502,294.9201
44503,201.32748
44504,104.11302
44505,102.55434
44506,486.89035
44507,186.26477
44508,306.2309
44509,314.78296
44510,216.19221
44511,150.14803
44512,436.15082
44513,200.85976
44514,579.4172
44515,322.39795
44516,197.5629
44517,256.91827
44518,123.27697
44519,186.82823
44520,195.75725
44521,147.83829
44522,163.24612
44523,237.82997
44524,330.52603
44525,290.77948
44526,247.17621
44527,465.0304
44528,333.04764
44529,348.741
44530,113.39731
44531,176.04216
44532,139.7948
44533,170.63406
44534,111.77458
44535,271.72046
44536,276.98407
44537,173.40468
44538,302.875
44539,330.85272
44540,245.07768
44541,112.95449
44542,279.6237
44543,172.40637
44544,306.26096
44545,206.50716
44546,212.77087
44547,124.81626
44548,350.79678
44549,112.77114
44550,407.31665
44551,374.80896
44552,224.19003
44553,168.23393
44554,794.92993
44555,436.732
44556,172.06198
44557,159.63966
44558,537.85156
44559,220.0613
44560,258.53125
44561,178.92412
44562,161.94777
44563,444.44754
44564,858.3957
44565,158.22679
44566,147.34003
44567,267.15997
44568,272.64093
44569,263.12775
44570,170.3016
44571,181.2632
44572,118.88391
44573,493.725
44574,159.87122
44575,345.89633
44576,157.3377
44577,276.70316
44578,369.80768
44579,252.15915
44580,158.65704
44581,166.38281
44582,401.17444
44583,158.85843
44584,168.63423
44585,140.6083
44586,661.66266
44587,184.01343
44588,190.0904
44589,129.75769
44590,512.33105
44591,268.33362
44592,228.79639
44593,142.7715
44594,175.4245
44595,229.97424
44596,230.33997
44597,342.7317
44598,522.00836
44599,237.78822
44600,258.63522
44601,151.80002
44602,232.07759
44603,172.34985
44604,193.27489
44605,215.04951
44606,307.468
44607,637.9617
44608,66.11276
44609,385.05594
44610,1080.1306
44611,342.11594
44612,259.33835
44613,158.42387
44614,219.21507
44615,136.98119
44616,323.61795
44617,234.17473
44618,276.3185
44619,170.30176
44620,314.20428
44621,226.81508
44622,220.89296
44623,263.0109
44624,160.08047
44625,411.16998
44626,312.6218
44627,268.97723
44628,360.48538
44629,136.98538
44630,513.8996
44631,244.83347
44632,162.59802
44633,156.11105
44634,238.33421
44635,52.111736
44636,261.65515
44637,219.55075
44638,151.0241
44639,279.35962
44640,172.22545
44641,140.94688
44642,195.13945
44643,439.4552
44644,155.86221
44645,296.77246
44646,255.5764
44647,75.71167
44648,199.99727
44649,146.67703
44650,150.178
44651,224.1259
44652,293.03104
44653,201.91432
44654,285.52603
44655,354.38586
44656,313.14963
44657,287.28748
44658,220.9564
44659,122.23398
44660,253.04036
44661,821.6885
44662,135.17206
44663,201.23271
44664,251.14021
44665,193.8138
44666,116.54926
44667,290.92566
44668,114.58817
44669,183.49155
44670,369.98224
44671,144.51674
44672,124.52571
44673,522.9368
44674,136.09845
44675,403.32123
44676,185.26538
44677,172.94633
44678,201.08615
44679,108.48068
44680,237.12079
44681,140.46855
44682,211.52454
44683,143.07536
44684,131.13184
44685,251.6537
44686,228.31067
44687,130.29999
44688,834.05597
44689,523.8784
44690,209.8867
44691,668.55554
44692,429.07776
44693,134.68254
44694,179.68929
44695,145.46655
44696,363.87537
44697,247.99245
44698,200.51886
44699,162.3018
44700,154.50221
44701,337.0949
44702,340.48264
44703,336.735
44704,444.27066
44705,127.21176
44706,158.2869
44707,205.94405
44708,115.5213
44709,444.1751
44710,214.73602
44711,366.29654
44712,172.1511
44713,209.05655
44714,193.31662
44715,232.20929
44716,227.68993
44717,114.419044
44718,103.36373
44719,1285.9966
44720,324.76373
44721,280.38626
44722,183.57959
44723,176.34402
44724,197.66188
44725,68.87308
44726,298.1898
44727,304.85956
44728,606.2149
44729,198.87363
44730,281.5896
44731,95.20981
44732,118.51167
44733,265.45593
44734,219.88145
44735,230.5861
44736,190.75038
44737,307.1955
44738,238.95555
44739,730.47394
44740,190.2963
44741,542.9753
44742,780.2275
44743,188.66034
44744,126.596634
44745,452.78525
44746,110.04592
44747,253.6192
44748,244.49303
44749,269.5278
44750,100.92338
44751,189.69373
44752,129.9006
44753,215.57513
44754,301.7789
44755,223.6665
44756,147.92686
44757,340.643
44758,352.67154
44759,161.19257
44760,289.63483
44761,268.56537
44762,908.8793
44763,224.07397
44764,115.515175
44765,305.13016
44766,202.57675
44767,949.21655
44768,218.74788
44769,581.2873
44770,557.0861
44771,181.52313
44772,233.02058
44773,233.10158
44774,132.13806
44775,223.12643
44776,310.84863
44777,260.96295
44778,151.78955
44779,239.0236
44780,871.8264
44781,323.58414
44782,471.99683
44783,143.20241
44784,401.18216
44785,121.70329
44786,241.73111
44787,309.12756
44788,147.75034
44789,1187.8157
44790,346.8989
44791,431.94717
44792,235.6738
44793,246.00153
44794,332.49802
44795,320.2102
44796,933.6628
44797,288.35007
44798,688.2006
44799,152.93898
44800,241.86218
44801,148.70547
44802,893.23364
44803,275.30548
44804,760.9253
44805,255.6864
44806,161.74022
44807,129.58905
44808,252.69223
44809,151.22527
44810,187.82364
44811,235.03044
44812,529.97205
44813,2204.9397
44814,192.20021
44815,266.20184
44816,731.8842
44817,212.30165
44818,141.15308
44819,166.32426
44820,1686.8727
44821,313.3069
44822,353.28232
44823,200.72736
44824,190.1313
44825,210.23744
44826,233.3119
44827,184.49472
44828,367.58337
44829,116.331924
44830,168.94298
44831,114.98806
44832,25.35924
44833,188.70192
44834,171.01552
44835,216.47266
44836,141.1706
44837,192.21994
44838,392.30414
44839,145.2502
44840,211.75002
44841,249.6339
44842,238.76546
44843,336.26895
44844,134.25323
44845,150.63263
44846,160.2786
44847,364.343
44848,169.79672
44849,298.40103
44850,147.55618
44851,74.129326
44852,152.59969
44853,324.21332
44854,131.19087
44855,214.38763
44856,457.40747
44857,735.72235
44858,465.97754
44859,302.9841
44860,155.65215
44861,306.86862
44862,165.09474
44863,104.34651
44864,-95.390144
44865,134.20134
44866,167.29019
44867,200.24509
44868,343.41937
44869,88.42017
44870,237.79695
44871,324.464
44872,224.1632
44873,130.76237
44874,351.0367
44875,163.1253
44876,381.39227
44877,305.59616
44878,312.96735
44879,164.27733
44880,121.197784
44881,107.08832
44882,217.19916
44883,532.2413
44884,185.73094
44885,287.7221
44886,370.90457
44887,276.2056
44888,177.3846
44889,213.82162
44890,150.86124
44891,901.0413
44892,351.39145
44893,196.86389
44894,247.52644
44895,144.70865
44896,205.65158
44897,97.10263
44898,187.08904
44899,260.33878
44900,177.83707
44901,281.24976
44902,124.8824
44903,128.7402
44904,477.25977
44905,250.40518
44906,249.73854
44907,212.66353
44908,151.5494
44909,403.63098
44910,264.8687
44911,143.59727
44912,365.4876
44913,140.55011
44914,412.09494
44915,268.31693
44916,289.80215
44917,253.73836
44918,291.13507
44919,610.3751
44920,110.475105
44921,318.61368
44922,179.13448
44923,274.54733
44924,304.06085
44925,406.54117
44926,259.00894
44927,181.91212
44928,375.06558
44929,140.55675
44930,883.79407
44931,238.8384
44932,155.20334
44933,126.002014
44934,248.74724
44935,127.24442
44936,272.7816
44937,376.44055
44938,175.86586
44939,339.1478
44940,210.71773
44941,215.52884
44942,158.56532
44943,379.31934
44944,262.1763
44945,128.90402
44946,358.2775
44947,346.30905
44948,251.47223
44949,335.86172
44950,283.29117
44951,114.04617
44952,217.78578
44953,152.26382
44954,220.8874
44955,331.17865
44956,225.00813
44957,216.4893
44958,199.72203
44959,165.58934
44960,141.44409
44961,293.43344
44962,237.4503
44963,216.21805
44964,112.77491
44965,148.03477
44966,177.87366
44967,202.28902
44968,204.43387
44969,143.58434
44970,265.50858
44971,160.08794
44972,200.4185
44973,236.01266
44974,291.08783
44975,158.48802
44976,162.04323
44977,312.38254
44978,259.94315
44979,235.15959
44980,321.8721
44981,832.2167
44982,236.06477
44983,195.06577
44984,137.02127
44985,554.5804
44986,148.66368
44987,116.24644
44988,145.31578
44989,197.83319
44990,132.97545
44991,137.08751
44992,156.14058
44993,225.24692
44994,603.98395
44995,950.48236
44996,225.85725
44997,229.32407
44998,355.025
44999,153.43935
45000,159.89519
45001,412.14844
45002,478.14987
45003,168.48517
45004,384.62262
45005,263.00287
45006,102.2276
45007,334.4035
45008,108.707825
45009,338.2393
45010,567.8894
45011,181.04271
45012,154.24905
45013,240.55782
45014,107.301865
45015,164.48213
45016,1030.9246
45017,269.72998
45018,707.24115
45019,259.55417
45020,324.0028
45021,152.14745
45022,190.92357
45023,330.97455
45024,97.99797
45025,662.8049
45026,407.97742
45027,173.51147
45028,154.12982
45029,153.35324
45030,116.94309
45031,224.73909
45032,275.20734
45033,132.96971
45034,212.09581
45035,172.4857
45036,214.91234
45037,229.21545
45038,377.96027
45039,242.36461
45040,219.40157
45041,182.59338
45042,141.3645
45043,253.22812
45044,168.29803
45045,295.62308
45046,118.47897
45047,160.2113
45048,240.60468
45049,130.38606
45050,866.25085
45051,348.59943
45052,705.3628
45053,137.43968
45054,128.68219
45055,355.21213
45056,265.6178
45057,158.27531
45058,188.0639
45059,184.00609
45060,488.1078
45061,421.63513
45062,364.44647
45063,151.50075
45064,144.93536
45065,156.13501
45066,303.35855
45067,311.16052
45068,148.35265
45069,283.12668
45070,230.475
45071,175.58969
45072,232.74701
45073,277.8137
45074,280.94257
45075,269.48157
45076,157.66512
45077,174.71005
45078,174.2344
45079,479.17538
45080,242.12291
45081,250.92058
45082,293.33606
45083,176.55539
45084,197.19855
45085,151.36928
45086,179.3891
45087,147.36684
45088,244.35886
45089,268.63754
45090,436.44376
45091,225.5045
45092,295.92267
45093,298.44583
45094,252.49768
45095,236.5766
45096,189.45337
45097,373.16006
45098,253.16719
45099,281.6084
45100,461.4938
45101,224.84949
45102,313.65515
45103,262.7041
45104,187.63365
45105,196.76604
45106,363.46417
45107,657.3866
45108,172.99556
45109,218.87712
45110,358.1814
45111,108.44397
45112,420.3664
45113,248.32239
45114,252.98949
45115,207.30585
45116,203.62093
45117,429.97656
45118,113.43106
45119,216.25146
45120,199.9432
45121,306.46622
45122,221.3267
45123,125.29914
45124,127.587006
45125,123.86227
45126,488.32355
45127,378.91025
45128,185.08307
45129,224.85234
45130,183.79092
45131,237.4982
45132,282.9364
45133,100.673134
45134,199.23102
45135,171.04556
45136,104.77427
45137,591.0216
45138,167.31267
45139,250.22624
45140,202.81223
45141,677.7569
45142,198.96042
45143,233.97339
45144,353.20673
45145,162.28548
45146,224.04471
45147,81.233864
45148,319.73273
45149,154.22914
45150,169.12328
45151,223.23158
45152,235.6279
45153,348.95203
45154,532.3693
45155,353.4272
45156,432.31958
45157,181.53368
45158,553.6415
45159,119.510284
45160,143.26761
45161,139.64005
45162,357.92856
45163,287.3258
45164,207.82141
45165,277.91028
45166,171.59721
45167,780.6366
45168,169.52448
45169,753.9131
45170,508.90753
45171,137.50792
45172,148.08713
45173,1335.914
45174,214.41408
45175,196.40668
45176,231.19159
45177,216.4502
45178,447.00305
45179,261.33038
45180,148.1768
45181,566.1407
45182,191.39523
45183,365.33926
45184,179.64267
45185,134.3512
45186,190.47406
45187,441.6723
45188,175.19324
45189,356.09763
45190,216.56583
45191,151.17018
45192,179.56258
45193,519.35
45194,186.48311
45195,292.45352
45196,184.26443
45197,152.72673
45198,407.92752
45199,287.9994
45200,229.64807
45201,321.98553
45202,232.74197
45203,436.3282
45204,378.07748
45205,289.30527
45206,349.5319
45207,200.51405
45208,279.80774
45209,200.44371
45210,160.61232
45211,247.82808
45212,225.32768
45213,408.81912
45214,276.47513
45215,143.56279
45216,122.35858
45217,111.78029
45218,542.13885
45219,299.39474
45220,290.30255
45221,227.1908
45222,241.27066
45223,146.6451
45224,142.96141
45225,131.61287
45226,147.46309
45227,326.18524
45228,154.28851
45229,245.97906
45230,390.18707
45231,328.8173
45232,458.8873
45233,142.2147
45234,92.207664
45235,168.8499
45236,200.09479
45237,136.36768
45238,129.66823
45239,164.8684
45240,523.043
45241,166.5634
45242,243.382
45243,161.30394
45244,132.90135
45245,211.71497
45246,181.54013
45247,191.45567
45248,94.0897
45249,182.40146
45250,143.18112
45251,170.98053
45252,276.09277
45253,254.88731
45254,151.21599
45255,120.85115
45256,152.52867
45257,219.00479
45258,142.5428
45259,232.66798
45260,285.30185
45261,154.12706
45262,174.9022
45263,57.07527
45264,293.01578
45265,120.338905
45266,99.934654
45267,171.84889
45268,389.91318
45269,741.08997
45270,369.38278
45271,185.944
45272,227.2543
45273,291.5909
45274,549.7564
45275,183.87148
45276,411.96384
45277,279.93274
45278,543.77716
45279,210.3778
45280,203.36392
45281,236.70183
45282,209.16411
45283,347.67752
45284,360.61575
45285,235.94403
45286,140.72997
45287,112.59551
45288,281.81903
45289,161.17033
45290,214.14278
45291,218.65315
45292,201.26857
45293,52.599342
45294,670.1645
45295,168.2586
45296,173.32428
45297,233.85202
45298,290.64746
45299,140.3911
45300,251.2931
45301,241.32611
45302,273.51984
45303,113.75643
45304,341.7203
45305,194.19388
45306,1087.884
45307,178.08336
45308,751.3285
45309,144.59024
45310,305.4961
45311,235.73029
45312,251.59026
45313,159.27797
45314,143.52281
45315,137.23341
45316,702.13916
45317,313.12097
45318,668.8501
45319,185.5958
45320,230.45216
45321,501.93396
45322,226.49352
45323,117.696785
45324,477.97656
45325,1232.16
45326,156.91193
45327,201.60124
45328,136.47548
45329,493.3775
45330,102.22545
45331,310.6822
45332,158.2492
45333,193.96318
45334,376.71866
45335,196.15202
45336,236.27364
45337,279.079
45338,178.10947
45339,183.4426
45340,307.8169
45341,160.87025
45342,186.12135
45343,273.65604
45344,254.51897
45345,276.41077
45346,295.17654
45347,180.49236
45348,183.09718
45349,121.538795
45350,245.15231
45351,165.97925
45352,106.382416
45353,212.98727
45354,384.3768
45355,358.98196
45356,217.77509
45357,155.38
45358,128.96696
45359,131.0614
45360,158.69017
45361,233.12206
45362,273.58383
45363,530.86304
45364,357.17914
45365,276.09586
45366,219.6827
45367,241.03271
45368,397.28207
45369,131.61797
45370,286.04965
45371,170.93436
45372,189.53766
45373,423.01138
45374,269.03586
45375,307.05515
45376,230.7257
45377,298.5975
45378,221.36284
45379,395.18384
45380,207.14047
45381,210.07579
45382,98.314186
45383,211.20062
45384,260.14377
45385,225.34229
45386,168.28647
45387,145.46634
45388,191.15092
45389,199.37082
45390,215.23546
45391,532.54614
45392,202.98059
45393,193.59433
45394,131.96245
45395,195.89423
45396,538.0001
45397,109.30158
45398,932.5613
45399,525.8051
45400,348.29984
45401,143.70995
45402,1346.6438
45403,355.40707
45404,345.36304
45405,172.55429
45406,396.9519
45407,162.71791
45408,174.24094
45409,213.63174
45410,179.79016
45411,389.99307
45412,372.49313
45413,373.1642
45414,195.1344
45415,111.36633
45416,161.62311
45417,124.39513
45418,123.24375
45419,210.4012
45420,281.05563
45421,632.42926
45422,411.7324
45423,481.2379
45424,166.83176
45425,126.20369
45426,352.4258
45427,222.00742
45428,121.441826
45429,550.88153
45430,272.52707
45431,194.78896
45432,211.16835
45433,358.4576
45434,168.48213
45435,422.76855
45436,187.49362
45437,246.98897
45438,186.53308
45439,191.28076
45440,140.57935
45441,547.6087
45442,136.62996
45443,1258.4794
45444,212.05006
45445,139.02505
45446,242.88359
45447,171.07503
45448,121.13734
45449,278.70697
45450,223.66118
45451,255.14568
45452,248.17822
45453,231.36427
45454,283.08273
45455,131.92935
45456,550.2407
45457,205.27586
45458,148.8552
45459,156.87976
45460,485.35593
45461,198.2436
45462,115.56241
45463,157.08449
45464,338.7602
45465,103.88211
45466,186.19644
45467,552.00305
45468,739.69073
45469,171.16426
45470,267.51837
45471,156.61938
45472,189.34846
45473,645.5537
45474,823.95905
45475,107.96869
45476,243.58115
45477,127.59487
45478,266.15
45479,252.32227
45480,163.0615
45481,161.75813
45482,501.51813
45483,223.75728
45484,192.9187
45485,161.76619
45486,149.95097
45487,425.25934
45488,142.60315
45489,276.97174
45490,435.93466
45491,179.21368
45492,285.18036
45493,455.76706
45494,167.27945
45495,128.14696
45496,586.7003
45497,173.38435
45498,216.21274
45499,232.3834
45500,181.18538
45501,222.74036
45502,247.85518
45503,251.56706
45504,154.53273
45505,173.03069
45506,576.7114
45507,128.44366
45508,528.9544
45509,100.60709
45510,203.78448
45511,309.52292
45512,275.21274
45513,149.64856
45514,111.41236
45515,226.05203
45516,157.41878
45517,753.8272
45518,423.3547
45519,134.49608
45520,180.97826
45521,232.57687
45522,652.65326
45523,124.8512
45524,215.54205
45525,421.78558
45526,223.84209
45527,50.01183
45528,376.2465
45529,310.66122
45530,158.3449
45531,950.027
45532,717.50397
45533,207.053
45534,134.58522
45535,110.2871
45536,335.39874
45537,241.30528
45538,135.81822
45539,240.48656
45540,192.51465
45541,283.7067
45542,262.15753
45543,333.78723
45544,209.51828
45545,379.82156
45546,288.9504
45547,259.7397
45548,200.31746
45549,242.14604
45550,1051.6085
45551,162.22676
45552,117.98216
45553,133.04158
45554,196.87682
45555,619.0305
45556,293.79675
45557,109.889244
45558,426.75955
45559,689.3973
45560,202.81357
45561,410.28674
45562,87.818535
45563,328.9509
45564,229.6024
45565,222.70546
45566,157.8768
45567,159.19743
45568,198.42166
45569,153.79521
45570,327.79382
45571,269.09222
45572,258.0049
45573,569.65985
45574,545.02625
45575,242.85175
45576,453.12622
45577,265.7765
45578,481.8651
45579,113.51111
45580,183.04262
45581,238.43436
45582,192.56387
45583,221.07428
45584,337.5046
45585,252.12279
45586,373.47647
45587,310.53162
45588,168.96475
45589,439.30725
45590,406.0396
45591,324.23688
45592,288.9737
45593,345.9916
45594,204.02942
45595,224.29825
45596,299.00787
45597,99.647934
45598,774.8439
45599,343.72086
45600,167.27776
45601,162.26964
45602,247.63145
45603,254.66924
45604,134.71733
45605,393.7891
45606,151.0671
45607,169.35075
45608,428.57086
45609,88.38861
45610,117.14035
45611,805.32733
45612,326.3646
45613,191.76447
45614,210.51424
45615,241.68456
45616,826.6127
45617,131.58372
45618,182.80754
45619,126.98256
45620,433.02408
45621,157.52635
45622,108.73893
45623,230.17703
45624,627.7104
45625,130.20296
45626,239.07042
45627,240.39316
45628,251.01236
45629,156.60704
45630,479.66058
45631,476.95288
45632,440.69193
45633,207.24156
45634,229.30544
45635,217.58492
45636,352.2696
45637,721.5511
45638,143.0967
45639,842.4959
45640,134.72823
45641,269.83063
45642,187.16817
45643,329.38742
45644,436.2008
45645,434.25327
45646,149.76949
45647,292.69867
45648,242.9244
45649,392.06226
45650,119.15855
45651,264.8361
45652,507.3777
45653,96.84488
45654,221.5189
45655,166.90807
45656,112.219124
45657,279.90463
45658,141.86453
45659,115.37593
45660,460.7147
45661,669.08246
45662,176.71898
45663,149.41371
45664,143.44366
45665,214.49268
45666,223.25844
45667,114.444824
45668,168.2191
45669,146.55759
45670,131.55066
45671,129.85397
45672,201.23222
45673,180.20586
45674,230.7568
45675,329.69888
45676,210.05322
45677,556.765
45678,140.64294
45679,284.20905
45680,275.4658
45681,343.1244
45682,353.9884
45683,221.08919
45684,232.04762
45685,203.65366
45686,262.7252
45687,194.0608
45688,154.48004
45689,383.35617
45690,116.11275
45691,208.59897
45692,143.35089
45693,318.76465
45694,195.24887
45695,214.45573
45696,160.41417
45697,809.8871
45698,162.63425
45699,211.14043
45700,546.6065
45701,281.97827
45702,332.42126
45703,690.6246
45704,98.47654
45705,186.99182
45706,280.75186
45707,275.73236
45708,276.1778
45709,133.56952
45710,202.92087
45711,119.49252
45712,413.0572
45713,335.28043
45714,194.47653
45715,525.55585
45716,255.72673
45717,257.41217
45718,582.17755
45719,1673.7888
45720,168.19638
45721,250.43271
45722,1435.5475
45723,169.36702
45724,332.5946
45725,267.87762
45726,2323.5525
45727,579.2638
45728,362.27408
45729,237.11942
45730,116.02178
45731,129.17456
45732,144.54396
45733,130.20052
45734,178.48105
45735,216.83543
45736,429.60938
45737,280.59042
45738,401.62366
45739,190.38513
45740,164.25084
45741,204.18819
45742,156.66728
45743,205.35204
45744,257.00626
45745,452.31647
45746,180.07869
45747,530.15875
45748,167.32895
45749,838.72144
45750,233.36008
45751,517.7781
45752,249.46701
45753,264.40576
45754,212.50659
45755,164.43481
45756,237.80573
45757,227.06181
45758,108.766174
45759,113.69418
45760,294.14725
45761,1144.7496
45762,308.13257
45763,398.82224
45764,255.9711
45765,304.27853
45766,141.60268
45767,226.2993
45768,180.29822
45769,464.37173
45770,265.4048
45771,621.30554
45772,122.92449
45773,473.61703
45774,167.45248
45775,245.7697
45776,247.98976
45777,143.30022
45778,376.66522
45779,347.8368
45780,136.97148
45781,311.77225
45782,390.3097
45783,240.44356
45784,223.4296
45785,230.24716
45786,111.78604
45787,411.51053
45788,242.13274
45789,157.81627
45790,101.349846
45791,305.53967
45792,116.9761
45793,226.30902
45794,192.71468
45795,283.05685
45796,195.63966
45797,359.7682
45798,169.05847
45799,220.97476
45800,134.4402
45801,155.55702
45802,225.19691
45803,124.68905
45804,196.31108
45805,195.82715
45806,229.78549
45807,596.7526
45808,172.18471
45809,240.87483
45810,544.1474
45811,247.5075
45812,269.45908
45813,122.479774
45814,245.58061
45815,135.50525
45816,230.80084
45817,164.1861
45818,228.83723
45819,176.79396
45820,249.87906
45821,184.51964
45822,218.32031
45823,289.6176
45824,142.54433
45825,462.20746
45826,122.85853
45827,441.16568
45828,109.44433
45829,170.30342
45830,162.78314
45831,164.99261
45832,225.98624
45833,191.56253
45834,263.76407
45835,146.1853
45836,130.815
45837,135.71252
45838,241.81042
45839,123.11882
45840,112.04638
45841,170.82408
45842,452.68646
45843,188.44551
45844,278.62802
45845,926.05975
45846,259.06824
45847,746.0732
45848,253.84216
45849,307.48285
45850,262.0363
45851,242.25424
45852,202.7884
45853,334.52783
45854,175.11832
45855,123.67866
45856,373.34424
45857,186.26414
45858,125.32761
45859,234.14647
45860,185.40071
45861,258.95978
45862,125.31988
45863,279.2472
45864,170.38599
45865,156.27013
45866,149.72519
45867,268.65027
45868,304.68533
45869,225.51094
45870,75.584526
45871,703.14026
45872,768.0795
45873,149.24228
45874,541.2562
45875,131.47649
45876,128.45528
45877,81.239334
45878,135.39983
45879,275.76376
45880,220.31706
45881,249.90755
45882,447.31558
45883,194.01746
45884,503.42786
45885,246.96382
45886,130.93343
45887,96.01104
45888,773.2065
45889,177.82706
45890,123.53832
45891,184.26266
45892,346.49008
45893,150.26694
45894,653.73865
45895,202.41461
45896,324.00064
45897,183.34454
45898,132.03995
45899,291.70142
45900,161.71292
45901,88.240776
45902,137.0275
45903,126.376854
45904,141.40286
45905,147.88058
45906,514.04297
45907,271.81003
45908,340.51074
45909,111.75667
45910,56.946953
45911,208.39627
45912,266.15918
45913,241.10081
45914,404.22186
45915,419.38962
45916,185.14893
45917,149.06583
45918,601.8503
45919,249.15681
45920,137.53165
45921,232.18143
45922,129.82042
45923,120.43412
45924,302.8775
45925,280.27893
45926,128.91623
45927,663.6508
45928,133.79683
45929,232.36386
45930,438.75296
45931,377.0418
45932,101.46175
45933,446.26718
45934,169.184
45935,171.16092
45936,198.10284
45937,71.61144
45938,247.97423
45939,136.4159
45940,142.19127
45941,332.42453
45942,138.62857
45943,397.6896
45944,376.82968
45945,118.05495
45946,307.58765
45947,137.10062
45948,87.34222
45949,299.3112
45950,174.33324
45951,233.89246
45952,483.188
45953,123.73311
45954,408.85907
45955,206.39536
45956,411.86133
45957,303.35352
45958,247.7702
45959,146.21371
45960,652.27765
45961,158.73265
45962,340.6098
45963,242.64934
45964,155.02948
45965,259.87448
45966,421.40875
45967,249.41081
45968,335.818
45969,272.59073
45970,142.59973
45971,424.04047
45972,174.43295
45973,356.83026
45974,108.57188
45975,245.16194
45976,383.4271
45977,505.7217
45978,309.5627
45979,129.85695
45980,162.11269
45981,403.01807
45982,451.54553
45983,224.67766
45984,235.05167
45985,195.6692
45986,177.30952
45987,409.47653
45988,155.98386
45989,101.85028
45990,1127.3323
45991,143.53748
45992,308.10104
45993,130.6252
45994,533.8709
45995,229.88573
45996,222.14465
45997,115.57562
45998,515.5982
45999,289.2067
46000,279.2759
46001,255.8646
46002,207.01399
46003,194.64679
46004,241.16028
46005,407.94046
46006,179.97281
46007,126.705574
46008,485.56927
46009,227.53233
46010,145.62228
46011,294.9115
46012,418.4826
46013,594.0979
46014,175.93248
46015,130.64087
46016,163.78397
46017,146.69124
46018,289.72757
46019,449.0099
46020,256.07864
46021,149.32127
46022,186.64131
46023,382.88712
46024,868.6041
46025,220.23425
46026,186.95609
46027,296.1608
46028,202.68657
46029,148.4971
46030,132.77512
46031,322.5617
46032,193.18954
46033,484.4916
46034,165.21828
46035,227.93965
46036,210.76628
46037,149.81499
46038,107.66017
46039,364.27515
46040,157.8329
46041,193.48581
46042,67.602905
46043,542.9157
46044,208.121
46045,194.68784
46046,161.71098
46047,214.25348
46048,163.07373
46049,135.85043
46050,396.7473
46051,179.2358
46052,262.5619
46053,611.1878
46054,197.58748
46055,144.68665
46056,132.41908
46057,160.37761
46058,177.3909
46059,290.88754
46060,143.12276
46061,536.22107
46062,325.667
46063,416.35205
46064,966.99634
46065,293.175
46066,220.81091
46067,197.55356
46068,223.66882
46069,406.35562
46070,213.46306
46071,180.1934
46072,216.87047
46073,109.59708
46074,255.63481
46075,189.3609
46076,274.23874
46077,559.9815
46078,119.91506
46079,179.3985
46080,334.1593
46081,207.02585
46082,192.55588
46083,92.49899
46084,152.63506
46085,540.26764
46086,249.05933
46087,123.228714
46088,253.6722
46089,219.29771
46090,309.294
46091,174.79236
46092,202.12358
46093,280.50528
46094,131.756
46095,275.93747
46096,294.44476
46097,252.96176
46098,130.96416
46099,337.1642
46100,564.06964
46101,323.25232
46102,283.00275
46103,167.30426
46104,136.19267
46105,318.69763
46106,209.01746
46107,243.58708
46108,342.85532
46109,1377.0585
46110,289.24115
46111,173.28421
46112,919.0411
46113,173.21953
46114,341.61975
46115,165.0254
46116,370.25662
46117,134.80127
46118,150.56323
46119,539.0251
46120,236.48929
46121,138.5113
46122,217.40787
46123,493.87946
46124,479.44366
46125,171.48784
46126,277.9184
46127,142.12286
46128,474.21225
46129,340.70892
46130,418.0792
46131,186.827
46132,176.2018
46133,165.26422
46134,147.62717
46135,194.62306
46136,201.76038
46137,281.00974
46138,282.09647
46139,85.84687
46140,172.44743
46141,149.87648
46142,720.6549
46143,283.0465
46144,260.38132
46145,334.55713
46146,250.54875
46147,575.50714
46148,179.46732
46149,267.94104
46150,235.70322
46151,187.23798
46152,231.62402
46153,286.1796
46154,378.1189
46155,142.43689
46156,328.535
46157,106.453964
46158,282.37006
46159,220.09529
46160,153.91742
46161,488.21164
46162,268.35336
46163,325.24097
46164,232.264
46165,178.71877
46166,232.71619
46167,283.76974
46168,254.35579
46169,214.98625
46170,124.13932
46171,218.58556
46172,719.7643
46173,411.45212
46174,85.291756
46175,180.77916
46176,181.33987
46177,429.42465
46178,364.32288
46179,278.78802
46180,345.29297
46181,589.26074
46182,109.28417
46183,199.37735
46184,148.88281
46185,274.02173
46186,594.35724
46187,196.97534
46188,4371.471
46189,422.4194
46190,183.39038
46191,264.60797
46192,94.80821
46193,136.78688
46194,137.68138
46195,120.861755
46196,203.12683
46197,143.03802
46198,357.24228
46199,238.87904
46200,154.45824
46201,295.26584
46202,225.2573
46203,202.51762
46204,127.72306
46205,460.31894
46206,308.6797
46207,224.56995
46208,229.37978
46209,440.88583
46210,248.35422
46211,290.23166
46212,176.84915
46213,205.07474
46214,525.6626
46215,177.76074
46216,102.14771
46217,165.76608
46218,145.42766
46219,189.40808
46220,191.90993
46221,588.82764
46222,984.47577
46223,114.717316
46224,510.88104
46225,253.14267
46226,211.02957
46227,617.79895
46228,367.20648
46229,188.75215
46230,430.84027
46231,256.72012
46232,446.8127
46233,158.70473
46234,120.99036
46235,271.58737
46236,180.29149
46237,396.9381
46238,267.21426
46239,66.98793
46240,292.3335
46241,502.22958
46242,182.6923
46243,184.74837
46244,171.63211
46245,153.35834
46246,400.55365
46247,477.2512
46248,234.03603
46249,199.12685
46250,92.32589
46251,681.07416
46252,411.38794
46253,91.57685
46254,1203.555
46255,385.9638
46256,152.35835
46257,381.79877
46258,159.62239
46259,228.82747
46260,181.56042
46261,570.57043
46262,168.27167
46263,258.8488
46264,115.41445
46265,334.44086
46266,193.28214
46267,145.94669
46268,602.499
46269,189.36157
46270,225.24408
46271,151.12646
46272,194.94296
46273,282.03406
46274,162.27171
46275,172.84424
46276,160.9424
46277,326.25513
46278,149.20436
46279,125.31958
46280,112.5143
46281,328.1622
46282,218.68283
46283,352.3431
46284,136.91365
46285,255.64293
46286,189.07039
46287,217.9324
46288,1412.0133
46289,295.4015
46290,126.87778
46291,138.96942
46292,1257.9039
46293,244.99898
46294,171.42212
46295,353.28485
46296,184.37785
46297,335.28903
46298,364.4018
46299,485.77405
46300,188.39224
46301,119.815025
46302,136.25417
46303,516.9006
46304,167.90884
46305,206.7443
46306,194.17953
46307,349.09964
46308,215.29082
46309,483.19073
46310,196.86662
46311,426.02975
46312,238.78775
46313,83.914406
46314,409.847
46315,111.98022
46316,142.259
46317,230.25508
46318,199.85278
46319,261.6992
46320,164.39734
46321,252.69133
46322,211.18347
46323,185.73053
46324,124.52182
46325,291.09628
46326,198.19109
46327,105.598465
46328,272.2364
46329,221.7002
46330,130.56107
46331,136.3215
46332,210.14273
46333,154.25922
46334,285.5084
46335,279.64722
46336,266.56436
46337,292.54077
46338,572.55347
46339,242.90633
46340,297.58832
46341,215.54462
46342,199.10962
46343,543.3329
46344,471.1596
46345,247.24297
46346,204.72063
46347,261.06332
46348,177.53104
46349,1078.0521
46350,152.2013
46351,291.8417
46352,215.50446
46353,166.13698
46354,151.18712
46355,166.72429
46356,184.71304
46357,169.5559
46358,351.65482
46359,215.81908
46360,194.07982
46361,217.88571
46362,553.70184
46363,311.98288
46364,142.98485
46365,311.0967
46366,218.68616
46367,263.9832
46368,132.10147
46369,287.9264
46370,297.047
46371,526.48816
46372,340.374
46373,232.8569
46374,590.3202
46375,213.41394
46376,79.2753
46377,181.12451
46378,167.0571
46379,166.42252
46380,200.32077
46381,244.115
46382,246.69322
46383,82.880005
46384,154.16678
46385,544.70306
46386,192.22469
46387,218.75076
46388,530.36224
46389,231.92409
46390,65.60209
46391,486.22995
46392,259.31085
46393,149.35585
46394,251.52135
46395,248.12733
46396,211.9604
46397,151.87485
46398,386.42963
46399,439.4889
46400,729.4934
46401,407.33264
46402,154.79433
46403,190.97305
46404,234.06285
46405,263.9957
46406,279.2001
46407,330.65753
46408,681.14496
46409,319.26892
46410,149.56909
46411,202.95335
46412,165.90588
46413,212.00125
46414,212.45493
46415,150.14354
46416,338.0427
46417,102.5432
46418,1538.8961
46419,76.79276
46420,141.20433
46421,264.6958
46422,224.54659
46423,259.33438
46424,104.73268
46425,349.6723
46426,368.70895
46427,185.68724
46428,225.60872
46429,102.71219
46430,258.5563
46431,190.81694
46432,181.68547
46433,131.93463
46434,210.6504
46435,290.48233
46436,253.62895
46437,258.9498
46438,186.12335
46439,627.07043
46440,96.98268
46441,325.00433
46442,117.58449
46443,153.52449
46444,215.59418
46445,277.7312
46446,231.8673
46447,229.46165
46448,761.88727
46449,205.34454
46450,547.33575
46451,258.46072
46452,156.18102
46453,285.95444
46454,142.67108
46455,119.779076
46456,972.9545
46457,335.8793
46458,160.92552
46459,289.94598
46460,450.70438
46461,126.60094
46462,126.80997
46463,358.7896
46464,151.31516
46465,122.01493
46466,419.80087
46467,353.99225
46468,156.57442
46469,511.3586
46470,888.6796
46471,240.41377
46472,270.2809
46473,184.76587
46474,219.70026
46475,210.53758
46476,187.27872
46477,127.08338
46478,398.4321
46479,473.00903
46480,215.88242
46481,143.33258
46482,256.16486
46483,313.05692
46484,175.13646
46485,143.28722
46486,187.09468
46487,245.60439
46488,263.46628
46489,159.34633
46490,441.5484
46491,229.50638
46492,279.76065
46493,222.8922
46494,397.55762
46495,201.31915
46496,222.17754
46497,266.49194
46498,974.3814
46499,414.09106
46500,320.28864
46501,206.07892
46502,151.01389
46503,404.79047
46504,131.48943
46505,182.37039
46506,217.33032
46507,126.30507
46508,450.77872
46509,379.06323
46510,141.49982
46511,115.98057
46512,120.92502
46513,75.65476
46514,301.72998
46515,212.41267
46516,211.20029
46517,128.89116
46518,126.82382
46519,596.56915
46520,142.80478
46521,246.1083
46522,188.51653
46523,152.01733
46524,115.19098
46525,491.55933
46526,96.14619
46527,1518.9459
46528,165.27498
46529,169.87474
46530,223.15967
46531,348.79214
46532,221.45155
46533,557.4321
46534,148.05391
46535,215.9209
46536,177.01208
46537,549.48895
46538,602.11334
46539,165.71762
46540,918.7222
46541,413.48022
46542,106.60082
46543,145.31543
46544,218.66794
46545,272.26343
46546,174.75229
46547,392.84253
46548,162.17062
46549,282.7647
46550,226.03716
46551,166.17088
46552,236.81236
46553,134.64418
46554,240.82974
46555,160.44116
46556,480.99487
46557,160.30763
46558,645.53876
46559,83.2323
46560,396.2277
46561,345.51727
46562,92.2215
46563,211.07901
46564,239.63844
46565,124.41742
46566,127.887245
46567,227.06705
46568,143.78027
46569,482.30377
46570,197.58907
46571,104.16563
46572,348.94586
46573,273.00378
46574,218.26031
46575,222.88486
46576,241.17517
46577,227.4477
46578,574.3261
46579,215.10776
46580,232.18704
46581,145.42587
46582,124.752045
46583,367.11447
46584,470.44263
46585,1594.599
46586,247.03474
46587,160.49976
46588,255.99625
46589,292.45715
46590,276.60928
46591,195.60283
46592,357.53998
46593,129.70918
46594,253.47757
46595,140.6701
46596,318.04388
46597,212.99362
46598,283.2523
46599,451.6271
46600,392.58646
46601,285.89572
46602,265.82455
46603,178.01704
46604,366.74942
46605,190.26685
46606,202.29318
46607,63.40418
46608,260.27634
46609,248.4489
46610,305.60617
46611,377.97083
46612,151.54431
46613,250.7609
46614,121.24615
46615,284.82822
46616,180.48373
46617,353.32584
46618,157.25655
46619,164.07635
46620,268.9984
46621,198.43272
46622,204.33441
46623,118.72877
46624,186.81541
46625,220.82802
46626,313.7463
46627,333.66458
46628,187.8992
46629,260.2512
46630,257.41342
46631,180.2079
46632,244.35857
46633,339.66266
46634,344.08124
46635,284.02652
46636,693.22894
46637,279.50293
46638,114.13105
46639,349.38977
46640,479.31345
46641,263.60873
46642,1228.8469
46643,522.7308
46644,256.62418
46645,398.0185
46646,167.15501
46647,300.19193
46648,188.85597
46649,423.13885
46650,235.80396
46651,205.6559
46652,176.08485
46653,160.88422
46654,425.08136
46655,568.3769
46656,174.76195
46657,162.73271
46658,289.07504
46659,505.181
46660,386.21362
46661,251.66522
46662,190.88223
46663,223.80305
46664,225.27289
46665,116.45772
46666,129.26357
46667,269.26688
46668,227.12405
46669,272.71155
46670,212.00844
46671,489.59302
46672,106.80468
46673,368.18906
46674,138.61252
46675,303.5571
46676,179.4112
46677,307.7369
46678,124.7793
46679,164.16922
46680,202.3811
46681,285.91168
46682,184.33247
46683,157.86176
46684,163.1183
46685,337.08994
46686,167.25316
46687,313.35114
46688,367.96942
46689,142.9155
46690,146.77689
46691,220.17734
46692,103.123924
46693,145.3022
46694,520.23596
46695,276.3926
46696,249.50394
46697,119.536095
46698,168.72182
46699,668.78253
46700,92.59867
46701,147.9611
46702,281.8565
46703,149.46785
46704,229.61913
46705,153.99266
46706,219.75417
46707,811.99524
46708,213.7997
46709,166.45186
46710,142.31915
46711,213.65265
46712,195.13374
46713,206.06793
46714,242.10045
46715,526.27783
46716,255.62512
46717,295.40894
46718,513.92053
46719,184.70795
46720,144.58511
46721,434.37958
46722,293.24106
46723,322.79196
46724,90.68043
46725,439.15552
46726,198.06238
46727,195.99715
46728,206.47781
46729,176.07912
46730,163.36789
46731,441.61472
46732,238.97018
46733,141.04074
46734,643.9511
46735,144.85136
46736,156.08777
46737,178.30707
46738,164.09189
46739,190.58125
46740,406.47632
46741,128.45506
46742,146.02187
46743,219.79979
46744,247.5179
46745,235.68633
46746,136.87912
46747,219.24089
46748,610.5411
46749,237.23705
46750,117.653435
46751,127.544014
46752,202.60742
46753,221.40344
46754,280.44196
46755,369.95554
46756,196.38603
46757,109.939835
46758,171.84259
46759,462.81314
46760,153.79236
46761,159.81325
46762,831.36053
46763,373.11523
46764,245.63062
46765,644.1629
46766,321.49118
46767,92.73604
46768,124.24466
46769,207.83832
46770,414.0262
46771,157.89426
46772,442.34583
46773,304.37015
46774,242.2418
46775,337.9429
46776,146.05069
46777,531.8605
46778,153.89412
46779,227.20663
46780,332.99332
46781,225.25038
46782,573.32916
46783,174.41675
46784,159.70401
46785,970.3751
46786,225.17857
46787,532.11
46788,124.11722
46789,223.93933
46790,367.84146
46791,371.5368
46792,81.426865
46793,665.1194
46794,184.12723
46795,136.51596
46796,184.5345
46797,293.13678
46798,179.91673
46799,141.65611
46800,120.37186
46801,200.15018
46802,225.59694
46803,178.92621
46804,149.60042
46805,172.50267
46806,507.69473
46807,163.69795
46808,230.36499
46809,204.00851
46810,303.79712
46811,107.71945
46812,428.84103
46813,174.39467
46814,176.83253
46815,438.2345
46816,173.054
46817,470.7621
46818,365.66638
46819,258.04596
46820,754.9503
46821,140.88693
46822,114.29966
46823,137.57861
46824,212.59953
46825,292.6433
46826,335.89124
46827,195.98515
46828,343.41684
46829,672.6161
46830,246.90215
46831,160.60567
46832,172.71237
46833,879.4492
46834,266.9366
46835,165.37355
46836,168.8581
46837,207.73361
46838,369.4036
46839,210.88716
46840,462.79672
46841,161.03528
46842,267.96945
46843,712.54767
46844,100.1225
46845,189.51562
46846,135.38701
46847,227.78941
46848,360.72556
46849,197.1164
46850,366.74615
46851,315.06897
46852,157.97365
46853,268.927
46854,164.31076
46855,102.154686
46856,766.02954
46857,346.4104
46858,186.3307
46859,138.17148
46860,149.65506
46861,587.77356
46862,135.81473
46863,172.00566
46864,211.38872
46865,186.75548
46866,128.7873
46867,164.52351
46868,187.07791
46869,230.36714
46870,213.49956
46871,408.0674
46872,398.91238
46873,386.4289
46874,140.36165
46875,195.75389
46876,277.87122
46877,289.3449
46878,537.7348
46879,205.61572
46880,407.79767
46881,108.19408
46882,320.02155
46883,186.01753
46884,73.64575
46885,274.61453
46886,264.9187
46887,152.23947
46888,289.11746
46889,265.24237
46890,225.60695
46891,585.0527
46892,197.39293
46893,582.4142
46894,409.23044
46895,331.12277
46896,508.23676
46897,126.98319
46898,183.38858
46899,171.01912
46900,259.00946
46901,280.25153
46902,198.68701
46903,148.34424
46904,297.73547
46905,200.40454
46906,190.88583
46907,113.36942
46908,155.0598
46909,122.739075
46910,157.33318
46911,225.4767
46912,245.8571
46913,315.0475
46914,264.5558
46915,179.42944
46916,175.33736
46917,157.10063
46918,290.70935
46919,153.61127
46920,144.03844
46921,275.87396
46922,404.37082
46923,274.25412
46924,261.1556
46925,217.7862
46926,464.64206
46927,239.71872
46928,285.22803
46929,160.0613
46930,372.05313
46931,152.27364
46932,188.94943
46933,313.71417
46934,130.3402
46935,248.00606
46936,290.17963
46937,159.74799
46938,223.73785
46939,367.80597
46940,172.0167
46941,290.03415
46942,183.02103
46943,302.01996
46944,165.36263
46945,126.65948
46946,307.31076
46947,188.71011
46948,545.1139
46949,224.11519
46950,225.29486
46951,88.38873
46952,235.50905
46953,252.48196
46954,122.134026
46955,256.37598
46956,323.77313
46957,292.1803
46958,169.6396
46959,316.33258
46960,191.5226
46961,181.83025
46962,190.65622
46963,229.96115
46964,362.21323
46965,202.59583
46966,437.6061
46967,493.6135
46968,360.7383
46969,171.6982
46970,156.15143
46971,180.83894
46972,298.94748
46973,311.18253
46974,150.846
46975,191.49065
46976,214.8565
46977,208.04257
46978,126.58216
46979,390.6572
46980,155.62059
46981,370.92538
46982,138.49904
46983,260.59283
46984,315.27194
46985,155.71135
46986,194.54901
46987,187.0036
46988,226.20155
46989,205.98886
46990,262.5527
46991,434.9937
46992,96.05013
46993,151.22282
46994,915.7635
46995,142.91254
46996,157.5617
46997,133.27061
46998,158.44133
46999,147.111
47000,175.12213
47001,471.43668
47002,152.2905
47003,252.33241
47004,188.21507
47005,174.76476
47006,288.07953
47007,149.27574
47008,411.7662
47009,142.29904
47010,316.46042
47011,395.4434
47012,184.08492
47013,139.96892
47014,179.80225
47015,237.54112
47016,235.09863
47017,214.40955
47018,170.99641
47019,258.39255
47020,148.76614
47021,184.92213
47022,165.28497
47023,460.13834
47024,274.4215
47025,189.50204
47026,161.3487
47027,252.18683
47028,421.72037
47029,135.99236
47030,118.96031
47031,238.24715
47032,233.28787
47033,413.11862
47034,187.71375
47035,369.033
47036,235.91046
47037,107.523834
47038,189.15318
47039,260.04596
47040,428.23422
47041,894.2939
47042,163.1089
47043,166.27531
47044,198.92494
47045,129.09209
47046,415.5388
47047,313.17517
47048,110.61759
47049,151.59872
47050,157.21124
47051,325.55588
47052,232.24028
47053,159.51637
47054,164.73323
47055,127.55561
47056,235.74696
47057,204.83844
47058,282.93942
47059,322.40338
47060,248.93904
47061,249.98912
47062,323.33795
47063,158.6158
47064,154.08202
47065,118.7109
47066,314.23923
47067,137.12979
47068,210.82286
47069,519.5041
47070,181.95804
47071,180.21185
47072,267.58557
47073,176.80225
47074,205.14438
47075,233.84702
47076,180.21849
47077,174.34515
47078,188.65138
47079,183.1629
47080,104.02326
47081,399.32507
47082,177.0072
47083,505.34818
47084,303.81723
47085,251.594
47086,113.35349
47087,226.66026
47088,242.6528
47089,263.64908
47090,180.80244
47091,178.90585
47092,152.71661
47093,258.35654
47094,277.39066
47095,142.35077
47096,173.1153
47097,216.10411
47098,326.51718
47099,398.3584
47100,463.17853
47101,255.71698
47102,164.66954
47103,279.8806
47104,99.96511
47105,327.36612
47106,135.52522
47107,161.29675
47108,278.81235
47109,164.64728
47110,870.69855
47111,197.51729
47112,127.317276
47113,145.671
47114,103.65654
47115,642.33154
47116,104.91885
47117,203.23839
47118,207.7809
47119,133.9487
47120,162.96056
47121,311.32727
47122,301.996
47123,286.76465
47124,2251.942
47125,220.76508
47126,192.89815
47127,187.42906
47128,307.94315
47129,195.10654
47130,222.51666
47131,436.01715
47132,668.77344
47133,94.0958
47134,90.78532
47135,203.75604
47136,297.39026
47137,477.50635
47138,194.66153
47139,140.22311
47140,245.36362
47141,248.29648
47142,470.3728
47143,664.66705
47144,189.78786
47145,297.92627
47146,277.9583
47147,131.051
47148,159.87868
47149,145.19724
47150,276.0609
47151,213.64322
47152,498.64664
47153,386.45728
47154,364.24182
47155,159.4681
47156,153.9179
47157,171.80997
47158,137.29688
47159,245.77275
47160,185.20776
47161,1212.3735
47162,349.15076
47163,217.57675
47164,175.54091
47165,182.60066
47166,152.91946
47167,277.57254
47168,523.08997
47169,218.0127
47170,131.97632
47171,117.26129
47172,130.84012
47173,132.71814
47174,352.1882
47175,136.88072
47176,204.63583
47177,217.51752
47178,196.12563
47179,250.33846
47180,226.96722
47181,309.9415
47182,221.18352
47183,302.32397
47184,115.8027
47185,110.72829
47186,420.98828
47187,573.8367
47188,167.01472
47189,210.463
47190,375.86896
47191,272.3249
47192,189.71362
47193,433.40128
47194,199.18155
47195,222.37572
47196,210.05316
47197,179.84612
47198,263.3003
47199,371.39227
47200,163.90782
47201,131.2838
47202,304.3135
47203,194.05466
47204,232.07062
47205,478.66806
47206,97.81649
47207,67.77014
47208,177.97171
47209,471.21213
47210,128.85153
47211,208.57642
47212,144.85588
47213,218.97452
47214,199.49008
47215,149.67159
47216,225.62924
47217,449.06433
47218,279.50293
47219,169.97766
47220,137.01112
47221,381.59583
47222,207.85728
47223,221.88152
47224,243.09225
47225,187.72568
47226,416.00317
47227,376.6523
47228,153.76488
47229,140.57658
47230,183.33012
47231,362.66162
47232,284.08795
47233,257.2303
47234,229.56422
47235,266.24567
47236,254.19302
47237,225.96292
47238,193.67612
47239,197.39035
47240,192.41357
47241,215.79462
47242,195.52136
47243,139.62154
47244,149.49884
47245,274.9691
47246,258.8537
47247,847.30786
47248,381.4899
47249,327.6304
47250,166.77873
47251,144.23297
47252,211.51872
47253,116.33874
47254,206.98422
47255,136.01398
47256,250.44534
47257,327.9298
47258,132.6529
47259,233.32101
47260,259.87674
47261,180.2085
47262,140.26202
47263,274.0713
47264,144.86887
47265,307.49237
47266,375.5256
47267,255.20671
47268,377.3037
47269,298.62958
47270,169.30093
47271,117.18487
47272,297.2661
47273,279.05862
47274,234.74379
47275,170.59494
47276,188.0345
47277,251.36266
47278,102.06321
47279,198.24283
47280,161.01964
47281,316.22717
47282,400.24634
47283,419.66364
47284,398.48462
47285,146.72516
47286,300.33832
47287,726.62134
47288,231.76382
47289,149.6757
47290,236.82642
47291,249.04755
47292,383.38437
47293,349.3118
47294,293.61005
47295,230.01335
47296,256.6609
47297,109.01522
47298,315.36774
47299,177.3677
47300,153.64496
47301,172.70042
47302,109.68063
47303,186.8992
47304,129.57985
47305,248.9768
47306,388.13702
47307,231.6748
47308,313.82748
47309,292.4352
47310,395.3571
47311,600.7499
47312,274.7315
47313,227.16449
47314,1013.3831
47315,183.10155
47316,647.54565
47317,202.8851
47318,177.5017
47319,481.77673
47320,220.8063
47321,256.78198
47322,376.97806
47323,223.44185
47324,205.5524
47325,110.14785
47326,184.70937
47327,130.46408
47328,285.68713
47329,170.39372
47330,630.4364
47331,257.94647
47332,642.622
47333,160.48506
47334,128.26732
47335,301.22928
47336,389.14297
47337,424.00903
47338,139.69716
47339,340.6464
47340,148.5257
47341,210.70622
47342,243.0927
47343,149.3534
47344,250.59874
47345,283.13922
47346,235.27708
47347,148.51247
47348,144.19447
47349,193.53442
47350,303.8659
47351,137.63368
47352,393.9061
47353,143.73752
47354,122.39171
47355,393.53342
47356,272.48526
47357,160.33087
47358,140.07774
47359,134.97017
47360,461.95395
47361,237.69504
47362,87.12424
47363,163.41899
47364,513.8717
47365,100.36158
47366,178.86621
47367,150.70592
47368,113.85927
47369,394.9436
47370,162.88881
47371,269.20142
47372,702.9175
47373,171.0711
47374,329.90686
47375,192.93495
47376,217.34035
47377,455.63373
47378,287.72934
47379,248.6208
47380,270.03134
47381,830.6391
47382,365.59512
47383,92.05992
47384,429.48593
47385,175.12683
47386,170.32909
47387,146.03632
47388,338.5345
47389,174.86092
47390,217.03741
47391,846.7475
47392,215.6779
47393,141.1163
47394,241.20508
47395,198.9262
47396,195.64767
47397,189.47417
47398,117.31215
47399,124.87621
47400,294.08145
47401,249.81459
47402,370.0621
47403,136.25864
47404,229.42253
47405,340.31427
47406,154.7938
47407,188.15086
47408,1101.9332
47409,288.2083
47410,654.08325
47411,556.90704
47412,465.1027
47413,232.35783
47414,133.03291
47415,405.5081
47416,233.2416
47417,133.38339
47418,212.87627
47419,153.11195
47420,148.6206
47421,135.29086
47422,566.4704
47423,265.1648
47424,309.33405
47425,274.54214
47426,152.2629
47427,243.4301
47428,416.7429
47429,553.74207
47430,498.57587
47431,242.11737
47432,304.46896
47433,127.784
47434,212.44939
47435,377.10535
47436,263.28568
47437,118.823425
47438,418.9412
47439,474.04272
47440,196.5212
47441,269.64694
47442,159.067
47443,223.98918
47444,271.93948
47445,328.75354
47446,101.66964
47447,136.53578
47448,125.421814
47449,246.52396
47450,270.4242
47451,206.39183
47452,603.9726
47453,210.32495
47454,128.22678
47455,405.26868
47456,276.93552
47457,489.90045
47458,534.5018
47459,389.0068
47460,254.17152
47461,206.5591
47462,275.19226
47463,498.0452
47464,145.9723
47465,390.84872
47466,380.88177
47467,344.4894
47468,316.29175
47469,11394.911
47470,214.46944
47471,362.3535
47472,260.09302
47473,119.20677
47474,452.41522
47475,188.58691
47476,577.07855
47477,192.35518
47478,187.91734
47479,520.1422
47480,150.28764
47481,131.07933
47482,186.05692
47483,251.45921
47484,799.3181
47485,242.31192
47486,989.5186
47487,138.08699
47488,616.8854
47489,250.85458
47490,346.68106
47491,208.1032
47492,243.40013
47493,154.63478
47494,268.93597
47495,93.86206
47496,194.88837
47497,197.95473
47498,162.98247
47499,190.37148
47500,134.28978
47501,284.218
47502,166.32468
47503,281.98508
47504,187.73372
47505,123.542274
47506,183.77328
47507,312.7089
47508,176.03758
47509,220.02411
47510,1376.3597
47511,692.71344
47512,208.51071
47513,189.96024
47514,343.283
47515,558.2179
47516,435.66217
47517,721.3058
47518,332.9802
47519,191.31895
47520,202.72528
47521,144.18687
47522,285.8912
47523,486.90543
47524,182.3277
47525,357.4494
47526,162.0455
47527,869.748
47528,264.97116
47529,412.04214
47530,222.0562
47531,219.59648
47532,352.8775
47533,207.29984
47534,290.84174
47535,281.6097
47536,156.33247
47537,327.2861
47538,323.20245
47539,252.24857
47540,1206.7103
47541,160.63037
47542,296.82898
47543,359.5563
47544,182.63156
47545,276.77423
47546,622.1277
47547,263.3047
47548,313.47913
47549,837.418
47550,423.2614
47551,118.65424
47552,72.03523
47553,146.78317
47554,217.49512
47555,260.18005
47556,702.8013
47557,143.0184
47558,191.98003
47559,228.44897
47560,126.70062
47561,160.88834
47562,114.06191
47563,108.4764
47564,181.7628
47565,235.12166
47566,288.02206
47567,156.932
47568,328.88074
47569,117.505875
47570,160.48743
47571,386.2404
47572,162.23816
47573,221.38803
47574,135.8365
47575,257.47543
47576,180.83054
47577,139.12881
47578,215.31139
47579,114.66368
47580,227.64775
47581,131.51828
47582,224.553
47583,338.06772
47584,758.8502
47585,161.79208
47586,216.85117
47587,139.82056
47588,198.4462
47589,301.5515
47590,231.35089
47591,130.54028
47592,98.74539
47593,208.33278
47594,256.68118
47595,167.8345
47596,238.04837
47597,253.25978
47598,118.104866
47599,364.20975
47600,278.22263
47601,271.0777
47602,200.66005
47603,173.91248
47604,530.66406
47605,297.13828
47606,371.644
47607,155.63985
47608,238.51695
47609,290.05615
47610,491.2386
47611,240.43027
47612,489.89798
47613,221.86484
47614,693.4724
47615,289.88486
47616,155.76418
47617,231.84888
47618,265.80823
47619,232.04134
47620,696.2052
47621,470.2949
47622,233.71568
47623,385.34906
47624,209.30717
47625,233.27573
47626,227.4205
47627,142.15457
47628,201.936
47629,218.73251
47630,160.82849
47631,157.3472
47632,165.12247
47633,143.51848
47634,184.13962
47635,180.9586
47636,235.96704
47637,591.95984
47638,123.88425
47639,111.38114
47640,329.62128
47641,135.43663
47642,220.84004
47643,500.75333
47644,262.7799
47645,279.2093
47646,158.00899
47647,164.27493
47648,296.90512
47649,184.62114
47650,397.96225
47651,256.85797
47652,164.95168
47653,185.76031
47654,550.9738
47655,573.15326
47656,217.89227
47657,178.34576
47658,280.14224
47659,254.14452
47660,215.81915
47661,255.94037
47662,174.46497
47663,418.97464
47664,170.33688
47665,388.68054
47666,294.4694
47667,330.37134
47668,175.63388
47669,194.93617
47670,169.11548
47671,252.13702
47672,177.38206
47673,162.88234
47674,204.5896
47675,182.31557
47676,515.0281
47677,304.21854
47678,217.58115
47679,146.75273
47680,1390.8391
47681,394.6477
47682,260.3282
47683,118.01401
47684,240.9172
47685,150.25746
47686,486.28055
47687,514.6089
47688,255.15622
47689,251.00395
47690,396.46786
47691,175.7128
47692,170.33453
47693,324.17868
47694,118.56838
47695,645.59424
47696,297.95044
47697,259.86127
47698,227.76312
47699,194.31087
47700,299.48175
47701,366.62637
47702,253.46194
47703,391.04828
47704,221.0319
47705,247.07272
47706,551.4727
47707,402.03488
47708,208.78172
47709,228.74257
47710,161.39128
47711,303.38138
47712,434.08322
47713,199.63458
47714,116.60059
47715,140.01149
47716,235.90794
47717,198.9775
47718,88.60858
47719,252.1228
47720,380.51746
47721,172.03407
47722,179.55023
47723,230.839
47724,385.31894
47725,240.81287
47726,355.34564
47727,212.6871
47728,254.00801
47729,130.82715
47730,217.22273
47731,113.28137
47732,168.55168
47733,396.38156
47734,151.56471
47735,247.95946
47736,346.1455
47737,141.78534
47738,493.79843
47739,817.411
47740,393.20523
47741,167.87547
47742,844.2797
47743,204.219
47744,261.15942
47745,483.39673
47746,270.71954
47747,165.30162
47748,225.94865
47749,209.35765
47750,257.19424
47751,328.75333
47752,320.79578
47753,174.17213
47754,208.90659
47755,81.375275
47756,269.41785
47757,342.08508
47758,179.20952
47759,142.56216
47760,260.99216
47761,194.37624
47762,214.0066
47763,170.96655
47764,197.65614
47765,237.31273
47766,315.14035
47767,190.07936
47768,680.69116
47769,141.45528
47770,159.50923
47771,315.33435
47772,190.10501
47773,121.03236
47774,349.22205
47775,322.56442
47776,401.0907
47777,264.96835
47778,171.10252
47779,195.17928
47780,134.24278
47781,177.21443
47782,851.6012
47783,319.24585
47784,1217.4081
47785,230.36136
47786,678.10876
47787,218.76384
47788,444.7488
47789,374.93735
47790,93.67639
47791,421.6506
47792,183.49968
47793,165.09663
47794,329.03735
47795,422.32074
47796,263.10736
47797,212.8401
47798,121.94926
47799,147.52837
47800,152.26094
47801,311.95517
47802,296.03552
47803,235.18094
47804,200.86548
47805,232.13315
47806,136.55171
47807,1357.51
47808,177.743
47809,178.3694
47810,475.14398
47811,507.45502
47812,293.41516
47813,369.22354
47814,131.857
47815,509.31723
47816,226.66411
47817,252.96852
47818,132.52528
47819,461.851
47820,111.45257
47821,249.22255
47822,186.33766
47823,98.865814
47824,242.28409
47825,251.0382
47826,225.76712
47827,525.6649
47828,166.86546
47829,271.70697
47830,165.78162
47831,218.87949
47832,107.322464
47833,310.78854
47834,212.92216
47835,140.95915
47836,500.2384
47837,138.93617
47838,242.92162
47839,103.36573
47840,128.07782
47841,286.714
47842,244.60648
47843,136.63744
47844,626.35974
47845,222.35315
47846,151.73505
47847,139.97847
47848,402.82315
47849,169.50897
47850,211.6067
47851,637.7778
47852,107.48154
47853,707.2789
47854,221.42674
47855,200.68405
47856,355.48694
47857,522.5497
47858,146.89742
47859,126.94796
47860,238.38348
47861,106.83351
47862,288.5391
47863,152.11758
47864,188.25208
47865,271.8037
47866,215.86871
47867,364.00543
47868,187.40216
47869,238.6365
47870,278.4353
47871,167.59138
47872,208.23468
47873,239.42108
47874,169.45543
47875,293.81894
47876,249.5949
47877,207.30106
47878,332.5313
47879,2636.262
47880,183.3252
47881,108.97018
47882,206.36768
47883,98.426956
47884,77.95862
47885,221.11652
47886,115.93924
47887,224.10484
47888,469.64783
47889,157.67645
47890,923.6564
47891,400.96042
47892,230.05511
47893,187.2767
47894,317.57285
47895,169.70157
47896,170.73471
47897,1284.0159
47898,534.4451
47899,121.6061
47900,259.84344
47901,408.04083
47902,260.6201
47903,226.89717
47904,323.6054
47905,301.34174
47906,484.71967
47907,528.3001
47908,224.73737
47909,393.35913
47910,321.61777
47911,550.9378
47912,273.31125
47913,322.63348
47914,173.88617
47915,189.81651
47916,223.9703
47917,262.19705
47918,551.123
47919,156.2808
47920,229.56755
47921,150.9941
47922,86.27879
47923,173.62422
47924,378.43484
47925,260.97223
47926,523.58545
47927,270.58694
47928,674.2438
47929,140.20439
47930,278.65927
47931,133.40016
47932,244.45497
47933,212.8279
47934,307.1943
47935,146.22511
47936,267.3513
47937,263.32675
47938,748.426
47939,240.52841
47940,760.58936
47941,323.64435
47942,802.7531
47943,138.11052
47944,198.41235
47945,524.3687
47946,330.3076
47947,134.22296
47948,159.13585
47949,137.74854
47950,244.61552
47951,316.85025
47952,182.31236
47953,164.76099
47954,338.85028
47955,323.7387
47956,165.62604
47957,568.51886
47958,145.99515
47959,94.29125
47960,130.63455
47961,439.7515
47962,114.56614
47963,159.71861
47964,532.06836
47965,352.90646
47966,140.68092
47967,419.7129
47968,712.2902
47969,142.76602
47970,341.8016
47971,107.03143
47972,519.28314
47973,242.46715
47974,99.63046
47975,546.0689
47976,156.20193
47977,137.76651
47978,309.18802
47979,235.2865
47980,379.281
47981,101.661385
47982,242.7875
47983,302.26468
47984,254.07735
47985,245.3414
47986,635.2722
47987,295.7061
47988,410.5559
47989,768.3731
47990,188.71309
47991,1049.929
47992,533.244
47993,110.02973
47994,348.6443
47995,629.7222
47996,161.15106
47997,386.98077
47998,406.29083
47999,200.32559
48000,176.89398
48001,75.031746
48002,366.4617
48003,124.83156
48004,326.89706
48005,156.30283
48006,285.10504
48007,208.62634
48008,285.82806
48009,206.73283
48010,556.28046
48011,119.49153
48012,263.89166
48013,314.56287
48014,171.70184
48015,188.90257
48016,102.274284
48017,200.52322
48018,195.00165
48019,178.91196
48020,267.30997
48021,303.33707
48022,368.4434
48023,207.0335
48024,158.09906
48025,109.65068
48026,235.87012
48027,347.8515
48028,297.94098
48029,142.33015
48030,125.23264
48031,358.66617
48032,169.2971
48033,441.2875
48034,475.71985
48035,384.8341
48036,172.9105
48037,447.73727
48038,385.30768
48039,328.88504
48040,338.04034
48041,251.78221
48042,476.83963
48043,158.84729
48044,135.99872
48045,478.17917
48046,147.86292
48047,145.61409
48048,343.48172
48049,290.971
48050,106.08481
48051,86.11856
48052,104.93366
48053,203.52008
48054,234.8055
48055,128.46582
48056,97.022934
48057,218.01096
48058,163.44487
48059,160.54362
48060,398.96423
48061,162.91794
48062,118.398674
48063,331.3977
48064,486.07242
48065,151.63692
48066,1170.9713
48067,157.15186
48068,175.35214
48069,213.29893
48070,282.93024
48071,278.39438
48072,165.61862
48073,236.78093
48074,542.66205
48075,250.29892
48076,1364.5037
48077,184.57635
48078,162.97983
48079,479.12195
48080,197.93881
48081,570.52484
48082,273.63705
48083,382.24622
48084,175.67404
48085,111.61361
48086,121.60581
48087,207.81468
48088,84.9684
48089,580.469
48090,307.89597
48091,423.13727
48092,473.9839
48093,357.54456
48094,163.55002
48095,202.8681
48096,341.65738
48097,865.4128
48098,222.66034
48099,385.9901
48100,262.52353
48101,309.69443
48102,187.15799
48103,409.29517
48104,416.8608
48105,101.55216
48106,357.0632
48107,195.78409
48108,243.12292
48109,183.33055
48110,164.68652
48111,183.99063
48112,1400.8643
48113,287.86697
48114,249.35144
48115,105.76362
48116,121.59857
48117,171.50078
48118,103.41484
48119,189.39778
48120,78.73919
48121,111.26487
48122,333.19577
48123,84.95437
48124,103.40533
48125,123.36588
48126,401.29636
48127,206.2299
48128,103.0838
48129,170.15843
48130,131.84883
48131,162.47832
48132,190.65967
48133,177.47514
48134,121.755905
48135,357.2054
48136,310.96033
48137,145.81262
48138,206.6407
48139,179.25826
48140,552.0103
48141,204.82753
48142,213.20905
48143,297.10034
48144,529.5885
48145,340.43088
48146,197.07533
48147,199.00845
48148,258.48856
48149,423.25473
48150,129.95773
48151,223.7377
48152,157.0613
48153,71.05153
48154,260.4759
48155,229.84416
48156,297.58575
48157,174.11086
48158,145.33165
48159,239.14528
48160,303.7339
48161,98.68078
48162,289.14914
48163,169.18393
48164,475.9494
48165,469.60345
48166,190.10567
48167,333.48795
48168,129.77913
48169,134.69777
48170,169.33792
48171,134.20134
48172,374.7355
48173,213.03255
48174,123.15402
48175,472.37027
48176,129.27782
48177,186.12158
48178,368.59317
48179,128.74542
48180,258.1828
48181,230.15427
48182,542.3262
48183,331.5716
48184,376.9376
48185,138.40353
48186,102.24181
48187,154.63101
48188,215.3962
48189,482.96692
48190,259.4496
48191,389.58163
48192,120.43557
48193,161.54659
48194,262.23608
48195,851.42236
48196,283.86884
48197,169.31833
48198,177.4712
48199,115.87581
48200,149.60481
48201,375.43323
48202,192.6893
48203,431.38266
48204,171.28227
48205,171.52184
48206,198.62653
48207,258.0373
48208,326.05045
48209,153.07994
48210,128.1514
48211,514.48346
48212,999.98413
48213,91.626434
48214,209.77423
48215,519.6517
48216,458.45148
48217,262.60883
48218,223.89157
48219,246.56151
48220,156.75856
48221,205.95227
48222,115.178505
48223,385.34586
48224,474.7388
48225,157.91792
48226,235.85826
48227,267.62283
48228,194.57805
48229,226.5333
48230,198.44748
48231,384.75888
48232,166.493
48233,214.70525
48234,144.31357
48235,150.01355
48236,150.67448
48237,711.8918
48238,278.44705
48239,133.14955
48240,627.635
48241,237.30391
48242,242.10704
48243,207.61371
48244,476.82993
48245,139.01588
48246,662.4921
48247,294.9563
48248,224.71204
48249,254.10759
48250,174.82707
48251,220.71971
48252,288.6101
48253,187.56905
48254,218.64503
48255,378.42407
48256,185.13014
48257,117.491745
48258,242.69237
48259,154.66304
48260,305.44937
48261,169.59492
48262,166.86334
48263,642.3766
48264,161.26137
48265,197.57921
48266,162.31346
48267,394.18378
48268,267.4463
48269,163.59761
48270,144.76057
48271,399.12485
48272,310.1961
48273,267.31366
48274,210.78986
48275,242.00623
48276,204.86572
48277,161.10927
48278,341.6578
48279,211.67894
48280,191.32893
48281,277.45764
48282,789.6228
48283,149.95432
48284,223.16302
48285,495.00772
48286,152.36223
48287,484.6361
48288,215.31503
48289,244.61232
48290,130.25537
48291,121.43566
48292,148.21208
48293,1000.3189
48294,369.88718
48295,165.44289
48296,297.7215
48297,1468.9559
48298,741.24384
48299,370.31976
48300,194.95645
48301,651.1157
48302,220.09868
48303,1013.818
48304,851.1212
48305,236.48091
48306,127.351776
48307,491.40558
48308,318.86673
48309,134.21916
48310,212.65314
48311,359.3469
48312,346.03848
48313,186.4133
48314,102.1431
48315,199.02347
48316,713.947
48317,169.49806
48318,63.692696
48319,279.3013
48320,159.55078
48321,257.46915
48322,383.8268
48323,542.4987
48324,303.7491
48325,223.5403
48326,318.47632
48327,318.51288
48328,120.932556
48329,293.49258
48330,126.31073
48331,143.64424
48332,172.84975
48333,103.487564
48334,216.52614
48335,242.37753
48336,213.03426
48337,286.1022
48338,194.46011
48339,321.1223
48340,116.49125
48341,666.77924
48342,249.67264
48343,171.06609
48344,212.96077
48345,345.01562
48346,243.13165
48347,212.08487
48348,250.31992
48349,207.73265
48350,371.3603
48351,564.1483
48352,224.52563
48353,568.95544
48354,274.3715
48355,236.00575
48356,443.04672
48357,194.61946
48358,301.15253
48359,245.32938
48360,496.28577
48361,325.8049
48362,323.00586
48363,181.171
48364,291.93295
48365,81.2222
48366,159.07251
48367,211.77458
48368,159.32913
48369,340.4558
48370,197.40544
48371,312.76614
48372,198.50926
48373,339.2446
48374,437.8541
48375,217.36774
48376,377.49405
48377,216.97737
48378,303.86606
48379,280.9526
48380,274.99792
48381,158.9806
48382,112.75988
48383,204.90161
48384,124.652306
48385,181.16753
48386,123.402275
48387,137.6542
48388,464.04596
48389,275.66718
48390,492.20566
48391,340.24826
48392,209.96095
48393,241.20834
48394,273.90558
48395,129.86778
48396,256.03992
48397,418.38882
48398,241.74254
48399,204.3682
48400,312.30823
48401,196.10403
48402,165.81335
48403,259.0535
48404,225.36536
48405,165.88109
48406,183.5508
48407,223.26225
48408,239.28091
48409,226.27972
48410,284.59393
48411,197.72418
48412,1131.618
48413,349.9337
48414,640.47595
48415,482.12805
48416,251.7444
48417,158.18945
48418,243.69756
48419,433.55466
48420,158.06885
48421,143.25195
48422,357.99582
48423,254.46422
48424,295.45996
48425,356.10626
48426,911.48047
48427,182.95346
48428,233.70616
48429,178.44173
48430,301.7764
48431,132.2671
48432,320.20486
48433,266.7729
48434,1386.8184
48435,162.49765
48436,126.067345
48437,534.4451
48438,588.5479
48439,356.24084
48440,167.39435
48441,233.50941
48442,428.88025
48443,684.6744
48444,191.18881
48445,359.44635
48446,327.31772
48447,333.00876
48448,105.15599
48449,214.1672
48450,658.79535
48451,192.81364
48452,148.67586
48453,282.40942
48454,191.69728
48455,97.97187
48456,141.68463
48457,163.30605
48458,136.52486
48459,475.75958
48460,212.51974
48461,185.84218
48462,179.7447
48463,260.68915
48464,191.71542
48465,256.93762
48466,298.77094
48467,172.97136
48468,340.64313
48469,87.22086
48470,683.81714
48471,191.19847
48472,294.73438
48473,334.3464
48474,206.73244
48475,339.18237
48476,255.07915
48477,245.3435
48478,836.80853
48479,266.28116
48480,174.8492
48481,502.64038
48482,130.19864
48483,225.78783
48484,594.9774
48485,304.7819
48486,434.28143
48487,140.27403
48488,226.75513
48489,200.45508
48490,216.5868
48491,239.99963
48492,185.66353
48493,172.2289
48494,183.0473
48495,479.35474
48496,91.84378
48497,161.45502
48498,197.37105
48499,172.81549
48500,439.89627
48501,275.67313
48502,148.01166
48503,89.3189
48504,335.7521
48505,255.19815
48506,207.19106
48507,571.7728
48508,278.07916
48509,308.9064
48510,783.9001
48511,165.45985
48512,185.76634
48513,273.6431
48514,174.8859
48515,176.52472
48516,175.99435
48517,555.009
48518,714.9193
48519,358.8301
48520,239.96913
48521,237.21509
48522,130.64447
48523,397.83908
48524,305.25046
48525,219.82541
48526,362.3792
48527,442.02957
48528,871.72076
48529,400.27777
48530,478.73862
48531,243.40096
48532,216.0806
48533,214.80461
48534,111.3136
48535,123.989845
48536,349.00586
48537,146.7724
48538,351.41968
48539,176.29605
48540,114.93884
48541,644.00214
48542,140.6578
48543,408.87045
48544,196.8412
48545,1215.6641
48546,211.11351
48547,463.1894
48548,318.6532
48549,144.29799
48550,100.29321
48551,373.31116
48552,281.01685
48553,135.57878
48554,157.76779
48555,241.75201
48556,157.85468
48557,338.15704
48558,198.65205
48559,230.43307
48560,142.61119
48561,154.1569
48562,141.63097
48563,333.18497
48564,223.52995
48565,456.8033
48566,234.86371
48567,190.72443
48568,187.39934
48569,106.57596
48570,164.17345
48571,575.2116
48572,2061.7026
48573,565.4454
48574,186.93709
48575,168.12196
48576,142.26648
48577,195.95409
48578,202.03673
48579,174.80643
48580,231.25237
48581,114.26225
48582,191.45996
48583,-3313.8684
48584,430.38614
48585,580.05634
48586,307.812
48587,124.853065
48588,136.90942
48589,170.49223
48590,203.41164
48591,98.870995
48592,208.70233
48593,409.4835
48594,139.23178
48595,141.41513
48596,188.05124
48597,153.05963
48598,133.30411
48599,226.29143
48600,135.03789
48601,227.76854
48602,744.3702
48603,56.70736
48604,259.7873
48605,766.76794
48606,218.5199
48607,185.54803
48608,262.57098
48609,214.63876
48610,450.7479
48611,92.82444
48612,198.21408
48613,150.87129
48614,157.27867
48615,262.8925
48616,140.70303
48617,259.5018
48618,664.3929
48619,162.96817
48620,241.10733
48621,144.64091
48622,193.5703
48623,282.5887
48624,168.25716
48625,193.40146
48626,181.60204
48627,104.50615
48628,131.83844
48629,686.4611
48630,232.58244
48631,258.92548
48632,190.4174
48633,213.36359
48634,560.6713
48635,146.0428
48636,106.70116
48637,544.2416
48638,341.45453
48639,352.51083
48640,232.03345
48641,316.0171
48642,136.62169
48643,553.37695
48644,410.49966
48645,120.675415
48646,298.81396
48647,136.79594
48648,116.18489
48649,97.06716
48650,182.39618
48651,890.5173
48652,549.934
48653,663.9879
48654,158.64514
48655,297.53043
48656,326.7951
48657,196.78079
48658,180.83025
48659,166.49442
48660,119.40832
48661,100.22157
48662,614.72614
48663,189.88133
48664,250.21663
48665,149.19548
48666,180.4012
48667,236.32622
48668,204.5209
48669,310.2538
48670,164.08585
48671,350.13974
48672,286.41608
48673,134.01878
48674,455.4454
48675,211.14964
48676,173.65291
48677,580.83673
48678,412.08032
48679,213.85841
48680,186.62784
48681,136.44662
48682,529.32104
48683,361.90872
48684,195.00267
48685,472.87183
48686,204.00462
48687,308.8508
48688,241.70236
48689,125.13797
48690,211.0313
48691,382.07224
48692,85.45964
48693,198.7485
48694,282.7477
48695,468.1639
48696,173.312
48697,176.37619
48698,496.83286
48699,191.35721
48700,281.7904
48701,141.26733
48702,183.41353
48703,143.43594
48704,164.92427
48705,334.8081
48706,182.42438
48707,121.72715
48708,240.20024
48709,351.42715
48710,541.7299
48711,178.2209
48712,331.25238
48713,90.75876
48714,234.16841
48715,134.15315
48716,171.01552
48717,174.5134
48718,196.02834
48719,68.05655
48720,453.30533
48721,206.14743
48722,762.5985
48723,220.41241
48724,200.13742
48725,212.08122
48726,392.02823
48727,311.42896
48728,283.83066
48729,315.02695
48730,312.46088
48731,101.801476
48732,711.36426
48733,592.91956
48734,94.93695
48735,216.8947
48736,225.94043
48737,216.58377
48738,173.45775
48739,129.62839
48740,548.3112
48741,358.45435
48742,184.3361
48743,293.82755
48744,247.61984
48745,937.3961
48746,135.30363
48747,108.154305
48748,143.5869
48749,393.48233
48750,280.50662
48751,62.022243
48752,427.03342
48753,300.1509
48754,486.61273
48755,997.0435
48756,450.26215
48757,328.60822
48758,228.46962
48759,230.25928
48760,271.0446
48761,193.62392
48762,234.53705
48763,446.92773
48764,248.30725
48765,104.726875
48766,197.53691
48767,157.98317
48768,243.82793
48769,577.94086
48770,150.55804
48771,210.8179
48772,727.2924
48773,137.36218
48774,281.40485
48775,109.24772
48776,650.3517
48777,564.37695
48778,138.26208
48779,389.96237
48780,366.70193
48781,162.48247
48782,395.4654
48783,86.65785
48784,211.00496
48785,752.10876
48786,181.66492
48787,170.67847
48788,495.70627
48789,414.16656
48790,214.04362
48791,447.02255
48792,146.6896
48793,218.50893
48794,226.0982
48795,321.68927
48796,121.83333
48797,568.3095
48798,111.816574
48799,327.3246
48800,263.09995
48801,170.44516
48802,270.3121
48803,382.7963
48804,169.0513
48805,119.46431
48806,315.5119
48807,213.11763
48808,284.70844
48809,300.22153
48810,419.0783
48811,326.3507
48812,128.05113
48813,355.8476
48814,146.92972
48815,157.65692
48816,244.64903
48817,191.53413
48818,213.29817
48819,241.05252
48820,434.2324
48821,374.32007
48822,83.064896
48823,192.49484
48824,150.0514
48825,715.6681
48826,271.91736
48827,651.281
48828,260.48193
48829,96.16827
48830,169.08475
48831,104.67786
48832,234.64514
48833,136.49052
48834,209.15736
48835,101.548615
48836,230.48854
48837,198.7943
48838,297.08987
48839,216.22563
48840,205.77203
48841,367.29767
48842,256.7316
48843,520.3009
48844,1203.1521
48845,267.70694
48846,118.030914
48847,141.13171
48848,144.60999
48849,127.28591
48850,204.05963
48851,255.61177
48852,553.76544
48853,222.58136
48854,257.94647
48855,170.00204
48856,167.88489
48857,459.4713
48858,134.28734
48859,273.99692
48860,846.5576
48861,168.80449
48862,197.7992
48863,155.77983
48864,602.00146
48865,242.15747
48866,194.75507
48867,215.31873
48868,396.78098
48869,381.98602
48870,152.33667
48871,289.95914
48872,186.82442
48873,239.0302
48874,117.6076
48875,325.53534
48876,299.78693
48877,1330.473
48878,569.034
48879,319.05746
48880,262.6426
48881,147.99742
48882,141.07477
48883,243.15115
48884,375.6627
48885,115.00576
48886,158.32986
48887,144.73955
48888,201.41931
48889,113.44741
48890,496.5207
48891,248.60356
48892,162.27768
48893,140.90411
48894,110.10604
48895,180.21797
48896,140.52298
48897,223.7079
48898,185.63731
48899,447.92535
48900,150.48831
48901,174.06061
48902,348.3366
48903,275.6713
48904,124.11416
48905,117.55977
48906,90.25604
48907,151.80093
48908,137.69208
48909,336.29843
48910,163.318
48911,132.88559
48912,544.8287
48913,127.220474
48914,393.69196
48915,143.2523
48916,235.32915
48917,87.59443
48918,344.74902
48919,202.76355
48920,521.09906
48921,191.22495
48922,135.87599
48923,167.1916
48924,267.7478
48925,100.20803
48926,141.19864
48927,155.8242
48928,107.964294
48929,234.96935
48930,264.8714
48931,225.34142
48932,247.90334
48933,165.41919
48934,212.68394
48935,194.92876
48936,207.90703
48937,314.41162
48938,305.38916
48939,119.8911
48940,161.85336
48941,172.4918
48942,216.82533
48943,210.25932
48944,423.9852
48945,260.44827
48946,651.52264
48947,179.03314
48948,276.93503
48949,457.78464
48950,214.96722
48951,162.96013
48952,127.58705
48953,172.44366
48954,110.91121
48955,158.1567
48956,164.16194
48957,392.07016
48958,298.62543
48959,77.38414
48960,407.47806
48961,143.2676
48962,146.43495
48963,184.4177
48964,163.85576
48965,287.10342
48966,67.87624
48967,522.6569
48968,233.22746
48969,208.20364
48970,196.59813
48971,217.22746
48972,221.45155
48973,138.10313
48974,181.32755
48975,296.24924
48976,363.0274
48977,217.88434
48978,251.56721
48979,215.07983
48980,623.77356
48981,241.07742
48982,396.65985
48983,273.4974
48984,476.92465
48985,297.31888
48986,255.52603
48987,353.6366
48988,247.22179
48989,251.45427
48990,253.55405
48991,627.9137
48992,98.68524
48993,482.73364
48994,131.63625
48995,763.82434
48996,254.72653
48997,512.7682
48998,149.632
48999,139.6335
49000,265.76486
49001,93.281715
49002,135.4793
49003,391.7936
49004,141.77573
49005,148.232
49006,252.24007
49007,239.70918
49008,217.85826
49009,69.95709
49010,305.31332
49011,270.37546
49012,478.71332
49013,133.03131
49014,241.78975
49015,302.19907
49016,468.46088
49017,129.43492
49018,313.86633
49019,463.87378
49020,172.30235
49021,378.82217
49022,748.1803
49023,110.105286
49024,774.94006
49025,142.40953
49026,240.1424
49027,159.64313
49028,273.84442
49029,713.4619
49030,272.38528
49031,473.58154
49032,280.89612
49033,486.5368
49034,134.50862
49035,202.67006
49036,236.81882
49037,452.08057
49038,403.62057
49039,441.4638
49040,276.34952
49041,145.5064
49042,257.8065
49043,275.36206
49044,370.99915
49045,268.3813
49046,220.63097
49047,210.47302
49048,194.03874
49049,540.1958
49050,173.75818
49051,189.69258
49052,200.86366
49053,184.25862
49054,106.59445
49055,248.35573
49056,245.10587
49057,154.21399
49058,282.24078
49059,198.3927
49060,167.56328
49061,217.77765
49062,133.50952
49063,541.98285
49064,123.56548
49065,298.96732
49066,229.63597
49067,377.66965
49068,209.0935
49069,223.13791
49070,449.40088
49071,283.09796
49072,153.5321
49073,478.61197
49074,82.537575
49075,225.56438
49076,411.942
49077,338.0987
49078,181.97299
49079,338.25778
49080,528.072
49081,195.78366
49082,183.16899
49083,152.7309
49084,129.6428
49085,62.01615
49086,-179.37029
49087,153.67743
49088,259.40768
49089,197.13768
49090,293.20642
49091,563.70294
49092,227.41338
49093,385.13583
49094,190.83878
49095,401.8264
49096,220.63133
49097,376.37592
49098,346.8804
49099,839.7047
49100,143.27097
49101,148.46147
49102,200.94888
49103,356.6809
49104,37.544395
49105,273.65582
49106,297.39978
49107,411.67654
49108,140.5972
49109,160.447
49110,143.89835
49111,137.79512
49112,195.97624
49113,232.00014
49114,628.9687
49115,289.2743
49116,320.01443
49117,10279.909
49118,139.14374
49119,164.80493
49120,150.79988
49121,468.2815
49122,232.80995
49123,252.54892
49124,279.9363
49125,416.70657
49126,219.87856
49127,241.24176
49128,549.12555
49129,166.42267
49130,159.47324
49131,122.060295
49132,150.78352
49133,125.328896
49134,282.5919
49135,165.03696
49136,126.84136
49137,257.53418
49138,234.46707
49139,226.67856
49140,516.893
49141,128.24141
49142,137.16458
49143,655.3418
49144,256.6764
49145,149.1576
49146,183.739
49147,210.46384
49148,443.1941
49149,136.35477
49150,410.61737
49151,154.9363
49152,204.85654
49153,203.32245
49154,133.37506
49155,119.32539
49156,159.06686
49157,198.0204
49158,415.62573
49159,158.42029
49160,551.53906
49161,264.68466
49162,207.204
49163,271.79825
49164,565.2223
49165,277.5482
49166,421.6057
49167,488.36002
49168,238.25365
49169,281.583
49170,168.46172
49171,165.77522
49172,206.19682
49173,219.99384
49174,187.97565
49175,111.01405
49176,124.257805
49177,292.0658
49178,179.0605
49179,130.12209
49180,199.225
49181,157.86362
49182,158.03625
49183,365.14636
49184,214.03194
49185,256.23206
49186,1047.7451
49187,123.71894
49188,1238.2509
49189,621.0511
49190,137.40546
49191,264.56195
49192,115.3621
49193,402.16888
49194,146.81279
49195,228.41693
49196,157.68523
49197,231.32414
49198,338.44962
49199,138.49904
49200,342.0136
49201,128.29323
49202,103.390076
49203,663.4589
49204,298.42697
49205,140.30031
49206,111.38093
49207,181.82993
49208,272.48276
49209,123.170105
49210,383.0193
49211,210.63324
49212,251.5975
49213,122.74659
49214,136.01418
49215,143.39003
49216,268.7812
49217,226.234
49218,146.88684
49219,359.26083
49220,480.59247
49221,588.7532
49222,213.3269
49223,447.20218
49224,124.272064
49225,91.207535
49226,120.53532
49227,209.96703
49228,388.63736
49229,385.19672
49230,189.8144
49231,124.8722
49232,1126.5625
49233,189.98526
49234,384.23672
49235,232.61168
49236,512.981
49237,134.84349
49238,298.8548
49239,185.26675
49240,140.52805
49241,271.403
49242,526.945
49243,170.24188
49244,83.445015
49245,166.73172
49246,121.92345
49247,296.8512
49248,288.1225
49249,165.97339
49250,209.99767
49251,373.3622
49252,243.58484
49253,145.43813
49254,442.57855
49255,163.02446
49256,362.73615
49257,199.68465
49258,287.2105
49259,162.93948
49260,165.23671
49261,306.16086
49262,292.4816
49263,118.13087
49264,179.29451
49265,168.91501
49266,256.3504
49267,231.4923
49268,81.188156
49269,212.64491
49270,195.68542
49271,256.9695
49272,652.5862
49273,173.03482
49274,176.40897
49275,120.64277
49276,137.8792
49277,591.6908
49278,155.92595
49279,452.22195
49280,217.07263
49281,177.49265
49282,430.362
49283,134.8192
49284,266.0001
49285,162.87799
49286,155.12885
49287,391.31607
49288,585.8112
49289,710.5288
49290,343.74802
49291,138.47513
49292,134.46399
49293,128.60599
49294,167.99487
49295,131.54247
49296,519.6797
49297,607.8025
49298,473.63705
49299,297.4959
49300,169.99876
49301,412.27292
49302,318.7891
49303,325.02295
49304,157.7675
49305,398.60645
49306,183.58873
49307,229.13728
49308,119.027145
49309,131.42422
49310,280.6759
49311,136.56395
49312,271.31445
49313,168.3883
49314,158.94417
49315,226.2262
49316,207.39424
49317,140.35918
49318,394.87146
49319,177.69963
49320,308.05252
49321,196.8122
49322,168.88225
49323,247.57745
49324,90.89274
49325,316.5014
49326,424.29745
49327,141.9732
49328,172.93153
49329,124.886345
49330,207.70148
49331,161.63261
49332,153.74892
49333,109.90208
49334,182.4791
49335,144.50108
49336,246.8386
49337,268.4262
49338,-121.76357
49339,118.06975
49340,137.89508
49341,359.1125
49342,118.105774
49343,213.07114
49344,177.72899
49345,164.60506
49346,180.46066
49347,183.68542
49348,234.78383
49349,125.21921
49350,148.58374
49351,218.45844
49352,187.1512
49353,228.10103
49354,157.1679
49355,143.65833
49356,203.48293
49357,384.49512
49358,277.94492
49359,525.152
49360,276.9158
49361,128.94777
49362,361.56577
49363,171.83636
49364,360.68454
49365,113.43561
49366,283.95123
49367,124.57903
49368,161.29468
49369,193.58775
49370,370.48077
49371,145.02663
49372,510.48633
49373,285.82642
49374,230.68391
49375,136.85706
49376,174.41719
49377,289.52484
49378,204.9295
49379,209.94728
49380,155.9534
49381,195.50877
49382,213.94057
49383,172.11795
49384,723.8415
49385,169.02875
49386,242.31424
49387,284.57217
49388,175.36064
49389,207.56068
49390,874.29877
49391,303.9616
49392,188.02426
49393,92.159004
49394,141.17996
49395,234.70232
49396,488.2176
49397,338.2955
49398,331.33817
49399,192.49005
49400,365.76978
49401,918.815
49402,269.0777
49403,514.39105
49404,200.92076
49405,147.58507
49406,202.25555
49407,237.75624
49408,773.48065
49409,529.5661
49410,239.54811
49411,149.9802
49412,645.85657
49413,349.82413
49414,147.24239
49415,194.74274
49416,287.51633
49417,608.11237
49418,155.83046
49419,301.3397
49420,221.70393
49421,107.78412
49422,167.27899
49423,112.2824
49424,188.03958
49425,140.67438
49426,273.98575
49427,163.29318
49428,498.1627
49429,323.01526
49430,190.16222
49431,143.77133
49432,342.38818
49433,511.68753
49434,225.99913
49435,173.68942
49436,889.9376
49437,224.17305
49438,162.36996
49439,435.06314
49440,163.60149
49441,238.17184
49442,318.0773
49443,748.17944
49444,268.0731
49445,133.90187
49446,284.77106
49447,118.88217
49448,192.05684
49449,260.43463
49450,169.93439
49451,681.21014
49452,348.94073
49453,358.6152
49454,138.49904
49455,189.00278
49456,209.89813
49457,237.05997
49458,157.22122
49459,126.54159
49460,169.50565
49461,155.52838
49462,362.5069
49463,267.50067
49464,422.23987
49465,217.99217
49466,273.6285
49467,284.72537
49468,108.9496
49469,343.74597
49470,197.37692
49471,178.72871
49472,147.93071
49473,298.08383
49474,123.73412
49475,286.8352
49476,177.59071
49477,112.54278
49478,195.97154
49479,512.27893
49480,163.52545
49481,272.50906
49482,309.53088
49483,109.952156
49484,191.78954
49485,289.43573
49486,134.54468
49487,137.18817
49488,276.08475
49489,403.21854
49490,179.11392
49491,246.1083
49492,190.98158
49493,171.99937
49494,251.81453
49495,474.00662
49496,177.16962
49497,126.65634
49498,197.98445
49499,187.38242
49500,252.19421
49501,209.5079
49502,144.09529
49503,146.00644
49504,245.3677
49505,102.12004
49506,502.6831
49507,235.50417
49508,253.79286
49509,159.39404
49510,756.5913
49511,328.73288
49512,370.04398
49513,351.64816
49514,384.63052
49515,198.7312
49516,398.4825
49517,136.4956
49518,116.87019
49519,389.50635
49520,100.00213
49521,266.67096
49522,207.954
49523,139.6265
49524,106.10439
49525,335.76865
49526,164.45409
49527,78.1825
49528,423.60617
49529,311.39563
49530,166.2999
49531,152.99872
49532,147.82175
49533,480.0377
49534,307.19656
49535,326.42157
49536,188.8914
49537,316.7972
49538,485.97617
49539,364.81992
49540,128.67894
49541,318.99628
49542,192.22728
49543,433.9572
49544,180.11206
49545,123.50681
49546,209.16426
49547,541.2109
49548,368.51108
49549,146.87337
49550,783.9428
49551,726.8412
49552,322.60733
49553,120.28114
49554,248.56361
49555,467.6468
49556,199.673
49557,186.34344
49558,1259.9602
49559,166.87141
49560,174.8507
49561,274.26108
49562,169.83276
49563,141.44409
49564,668.1546
49565,269.65854
49566,236.86304
49567,157.83476
49568,142.3738
49569,188.86787
49570,184.98065
49571,194.47461
49572,99.80895
49573,228.62169
49574,757.89886
49575,142.89606
49576,339.3703
49577,266.3479
49578,118.495155
49579,204.3135
49580,152.46562
49581,191.33905
49582,154.75609
49583,1086.5259
49584,126.42035
49585,67.71206
49586,152.59627
49587,137.08961
49588,189.9592
49589,146.04068
49590,909.2976
49591,376.33664
49592,203.48456
49593,124.5838
49594,795.8158
49595,208.73863
49596,210.73267
49597,115.59544
49598,255.31375
49599,213.87631
49600,149.16148
49601,854.3656
49602,255.3978
49603,163.17287
49604,395.8075
49605,280.06854
49606,241.8584
49607,112.88455
49608,140.19844
49609,200.61847
49610,293.5135
49611,128.40323
49612,151.29485
49613,183.53755
49614,133.2901
49615,204.84271
49616,140.27487
49617,274.5585
49618,119.97559
49619,1371.8704
49620,369.61444
49621,337.31082
49622,406.22546
49623,202.6386
49624,551.55835
49625,162.24841
49626,335.50494
49627,131.05566
49628,224.63019
49629,552.7633
49630,176.76341
49631,128.22919
49632,101.235306
49633,185.88353
49634,422.9874
49635,488.9933
49636,245.07877
49637,194.88998
49638,144.02434
49639,192.65746
49640,300.1082
49641,189.69711
49642,159.58246
49643,181.06316
49644,186.91959
49645,157.77245
49646,403.72458
49647,156.00902
49648,174.20288
49649,416.159
49650,175.78947
49651,141.7496
49652,264.5559
49653,252.39552
49654,103.29221
49655,256.8898
49656,225.85454
49657,443.4893
49658,167.68387
49659,61.230446
49660,662.6121
49661,267.923
49662,136.58429
49663,207.33546
49664,369.54144
49665,250.07211
49666,364.6703
49667,170.0191
49668,138.23056
49669,355.27347
49670,183.46693
49671,481.5339
49672,90.92992
49673,155.49629
49674,145.9474
49675,150.37662
49676,163.27678
49677,308.2507
49678,154.16267
49679,203.63766
49680,196.65067
49681,299.225
49682,202.33827
49683,382.26068
49684,241.24818
49685,316.9167
49686,347.9219
49687,207.67227
49688,420.7589
49689,268.09735
49690,124.810745
49691,117.72065
49692,265.22418
49693,473.5037
49694,425.63782
49695,173.30795
49696,194.26396
49697,132.37181
49698,160.23657
49699,777.6901
49700,293.70605
49701,218.2671
49702,357.54272
49703,175.2519
49704,417.29453
49705,181.25572
49706,363.7849
49707,205.97755
49708,164.62239
49709,551.53015
49710,419.24286
49711,281.06
49712,181.67209
49713,157.8313
49714,247.91544
49715,123.87909
49716,109.97865
49717,200.44936
49718,157.61676
49719,236.89442
49720,273.61502
49721,331.369
49722,257.13144
49723,301.46756
49724,201.68901
49725,191.32585
49726,205.68175
49727,463.8875
49728,335.94833
49729,463.98108
49730,287.46118
49731,278.59293
49732,616.0918
49733,195.11327
49734,562.80756
49735,113.39611
49736,140.91939
49737,155.81554
49738,178.67221
49739,194.64503
49740,438.29123
49741,545.6267
49742,101.42474
49743,154.30042
49744,473.83026
49745,94.294914
49746,302.80457
49747,204.30455
49748,122.76104
49749,165.81627
49750,167.12427
49751,389.61612
49752,152.30202
49753,379.7236
49754,175.19427
49755,648.6483
49756,147.18777
49757,435.55386
49758,85.19043
49759,167.27034
49760,320.725
49761,469.483
49762,141.87006
49763,184.22466
49764,231.5296
49765,351.0343
49766,183.09541
49767,239.10585
49768,100.83847
49769,216.55501
49770,142.49217
49771,200.33058
49772,207.54033
49773,280.26315
49774,118.657555
49775,118.820526
49776,464.31818
49777,194.401
49778,123.41457
49779,183.3461
49780,171.48883
49781,262.33847
49782,552.4093
49783,268.31454
49784,185.3251
49785,424.71222
49786,556.8365
49787,141.7113
49788,243.84494
49789,463.0502
49790,198.5757
49791,159.99916
49792,157.10951
49793,164.88826
49794,125.117645
49795,184.77708
49796,109.52381
49797,96.30479
49798,92.11215
49799,133.4593
49800,198.82304
49801,117.09941
49802,224.29486
49803,124.89088
49804,322.04993
49805,558.78906
49806,524.17255
49807,129.78467
49808,253.59923
49809,146.63025
49810,252.37779
49811,249.51988
49812,180.57918
49813,212.01173
49814,242.2444
49815,202.41988
49816,256.19873
49817,222.09555
49818,159.7099
49819,375.34396
49820,152.15712
49821,165.16745
49822,116.459755
49823,120.1634
49824,145.53651
49825,93.817566
49826,237.72678
49827,551.201
49828,316.4384
49829,201.40808
49830,170.76204
49831,132.11153
49832,114.44729
49833,476.57443
49834,445.1881
49835,230.3035
49836,147.36888
49837,181.40205
49838,341.15015
49839,168.24617
49840,295.7232
49841,172.38872
49842,171.33504
49843,196.46365
49844,154.83684
49845,304.8342
49846,130.1436
49847,126.335594
49848,478.085
49849,188.40996
49850,287.60013
49851,111.97503
49852,455.70587
49853,161.26514
49854,214.99448
49855,852.40704
49856,121.319244
49857,484.2131
49858,732.2916
49859,833.12665
49860,236.05327
49861,88.17686
49862,118.3087
49863,130.62968
49864,175.81631
49865,152.2167
49866,156.1425
49867,230.15204
49868,1150.4027
49869,305.85464
49870,185.21805
49871,215.39122
49872,149.02644
49873,186.9336
49874,386.6569
49875,130.99127
49876,320.2109
49877,561.746
49878,263.8958
49879,238.49168
49880,131.84058
49881,619.2035
49882,111.63101
49883,305.17676
49884,86.751305
49885,202.85286
49886,209.05359
49887,1063.0208
49888,132.7597
49889,188.21446
49890,214.41217
49891,469.2771
49892,506.93774
49893,204.39261
49894,238.33157
49895,148.04323
49896,185.52573
49897,585.55365
49898,142.69298
49899,276.69263
49900,500.2913
49901,461.43268
49902,323.43912
49903,134.24727
49904,126.42722
49905,202.25409
49906,422.795
49907,128.022
49908,213.94283
49909,178.86809
49910,96.692345
49911,365.1071
49912,159.20224
49913,171.4435
49914,151.9069
49915,619.5976
49916,210.94475
49917,193.85524
49918,175.49255
49919,302.38443
49920,307.38474
49921,325.90405
49922,60.672146
49923,219.79124
49924,216.53838
49925,116.55541
49926,335.22464
49927,175.09326
49928,282.02982
49929,201.07939
49930,205.63464
49931,123.36914
49932,195.75325
49933,331.49258
49934,387.1868
49935,204.90744
49936,100.23577
49937,500.6709
49938,162.3878
49939,172.00757
49940,369.99863
49941,245.63708
49942,276.58707
49943,152.1548
49944,105.98303
49945,335.56168
49946,329.3034
49947,139.86893
49948,-87.43709
49949,318.22287
49950,176.37218
49951,187.48254
49952,483.81442
49953,295.73538
49954,475.17856
49955,301.74307
49956,232.8752
49957,275.84308
49958,427.07257
49959,232.88153
49960,570.2863
49961,133.14542
49962,143.58864
49963,131.47997
49964,100.79747
49965,204.39491
49966,133.95459
49967,2429.0483
49968,183.5381
49969,166.32625
49970,215.79541
49971,261.19635
49972,242.8427
49973,262.22272
49974,381.46518
49975,358.44376
49976,124.47657
49977,107.29604
49978,255.31535
49979,163.67465
49980,151.58684
49981,280.04974
49982,144.08508
49983,121.03603
49984,170.36957
49985,509.7682
49986,70.771194
49987,172.49123
49988,107.981636
49989,314.4641
49990,329.65048
49991,106.40381
49992,322.60876
49993,128.42339
49994,441.06436
49995,198.5656
49996,442.95346
49997,294.7161
49998,93.81791
49999,465.79654
50000,357.4998
50001,74.84027
50002,192.81711
50003,172.60788
50004,159.55083
50005,114.493454
50006,328.1037
50007,233.01772
50008,466.04828
50009,303.34686
50010,228.82407
50011,179.68115
50012,280.3292
50013,189.3755
50014,150.8672
50015,118.125656
50016,102.094215
50017,369.89877
50018,245.34889
50019,249.48897
50020,204.87886
50021,307.46457
50022,214.30098
50023,499.8155
50024,169.03397
50025,333.77948
50026,380.28046
50027,456.9672
50028,257.48877
50029,207.99146
50030,564.66486
50031,262.79758
50032,114.03498
50033,139.53964
50034,166.10368
50035,292.27637
50036,183.43109
50037,576.30273
50038,210.82683
50039,176.66342
50040,280.28714
50041,80.46256
50042,169.04344
50043,136.94995
50044,150.73131
50045,194.40782
50046,186.81357
50047,280.15103
50048,299.50204
50049,140.93176
50050,226.45007
50051,147.1876
50052,172.93904
50053,300.0962
50054,651.9243
50055,207.25407
50056,343.03943
50057,194.0122
50058,289.46716
50059,172.25883
50060,134.4968
50061,214.0229
50062,116.91383
50063,383.32162
50064,1507.658
50065,382.93555
50066,158.53973
50067,506.65637
50068,159.59383
50069,176.1475
50070,225.64969
50071,175.7761
50072,179.02283
50073,185.61813
50074,100.81568
50075,132.99483
50076,366.81384
50077,196.94147
50078,448.00763
50079,118.69753
50080,120.38346
50081,132.83041
50082,358.82074
50083,173.68097
50084,302.83435
50085,253.63203
50086,74.07522
50087,174.24902
50088,403.73398
50089,100.46701
50090,340.28186
50091,134.20134
50092,280.86798
50093,257.9925
50094,208.14037
50095,254.81656
50096,247.92027
50097,216.94489
50098,199.35338
50099,82.28942
50100,136.49704
50101,260.37238
50102,419.87146
50103,252.55603
50104,257.9702
50105,587.87103
50106,301.27423
50107,312.23096
50108,137.75534
50109,349.0454
50110,212.49423
50111,355.34848
50112,559.1577
50113,149.06944
50114,386.6019
50115,344.73468
50116,1136.1764
50117,189.50809
50118,154.2588
50119,159.68457
50120,547.8247
50121,434.55908
50122,656.1244
50123,598.62933
50124,175.30919
50125,214.31519
50126,407.41766
50127,183.00522
50128,430.68332
50129,355.20026
50130,137.39832
50131,199.88478
50132,148.1608
50133,244.72475
50134,372.76694
50135,495.09988
50136,809.4854
50137,258.19714
50138,66.91214
50139,400.41348
50140,228.96063
50141,358.94177
50142,160.6722
50143,264.9446
50144,130.78496
50145,302.98007
50146,658.20374
50147,184.74117
50148,108.059845
50149,164.84872
50150,152.32072
50151,315.34067
50152,233.65631
50153,319.08484
50154,258.43463
50155,229.73012
50156,196.21356
50157,303.79572
50158,655.9332
50159,282.18155
50160,764.71844
50161,145.45801
50162,209.10101
50163,174.38196
50164,122.585655
50165,279.5473
50166,186.84145
50167,246.43285
50168,178.57845
50169,236.75221
50170,167.08116
50171,331.74197
50172,280.78256
50173,330.18973
50174,115.844406
50175,435.3198
50176,456.5022
50177,180.86342
50178,168.49426
50179,321.6812
50180,195.54956
50181,499.15204
50182,165.98866
50183,554.17896
50184,158.91055
50185,255.89091
50186,114.78812
50187,302.85422
50188,239.35747
50189,145.8074
50190,203.4973
50191,208.54092
50192,287.93683
50193,217.20624
50194,247.81093
50195,367.55698
50196,224.95268
50197,211.91592
50198,696.12
50199,119.81902
50200,339.36838
50201,278.95856
50202,980.1188
50203,147.19907
50204,137.07971
50205,147.8917
50206,877.0759
50207,210.64673
50208,381.38846
50209,257.612
50210,119.4291
50211,413.76654
50212,173.3676
50213,457.5873
50214,231.43774
50215,210.98375
50216,181.644
50217,96.45071
50218,135.21037
50219,155.817
50220,76.65226
50221,314.88885
50222,180.22076
50223,145.83742
50224,403.50247
50225,197.4986
50226,256.86487
50227,289.60184
50228,441.14066
50229,294.51242
50230,373.08624
50231,744.4575
50232,526.7364
50233,196.48457
50234,141.63481
50235,218.30026
50236,167.99315
50237,118.4197
50238,245.07573
50239,308.02557
50240,238.0888
50241,111.667694
50242,491.83093
50243,671.8206
50244,573.34863
50245,181.49353
50246,197.0139
50247,235.07985
50248,235.75919
50249,265.44193
50250,435.41516
50251,576.41296
50252,532.1862
50253,230.09781
50254,284.71564
50255,223.5651
50256,98.76203
50257,133.75963
50258,312.73383
50259,233.99094
50260,191.64764
50261,248.36388
50262,124.51156
50263,209.5713
50264,160.94069
50265,157.38246
50266,312.25928
50267,173.50986
50268,149.61592
50269,183.45265
50270,149.0548
50271,354.05188
50272,258.41934
50273,228.55087
50274,295.88773
50275,140.98842
50276,225.7759
50277,350.97568
50278,164.48354
50279,348.11255
50280,220.13774
50281,166.33014
50282,210.721
50283,225.72359
50284,326.2091
50285,290.51263
50286,528.0716
50287,102.64948
50288,358.73175
50289,111.43818
50290,177.43613
50291,175.04965
50292,136.6457
50293,226.19827
50294,351.09366
50295,346.29062
50296,211.97144
50297,124.051155
50298,247.32384
50299,140.98952
50300,324.94785
50301,278.40842
50302,416.51312
50303,138.49904
50304,311.1645
50305,151.47305
50306,499.34854
50307,196.91348
50308,144.40254
50309,141.76187
50310,174.3288
50311,301.0589
50312,77.55093
50313,117.50752
50314,213.49237
50315,172.98433
50316,149.62093
50317,119.0514
50318,172.45851
50319,444.27982
50320,146.1977
50321,102.84563
50322,214.11255
50323,198.69063
50324,354.5778
50325,1469.3942
50326,267.6599
50327,280.14005
50328,232.9568
50329,212.1771
50330,270.84744
50331,185.91656
50332,419.82056
50333,184.29626
50334,988.85364
50335,579.2988
50336,391.5539
50337,267.0778
50338,159.18762
50339,876.63446
50340,74.3526
50341,859.51685
50342,225.47758
50343,210.80551
50344,207.47903
50345,199.68855
50346,543.23047
50347,264.02063
50348,181.20885
50349,143.31482
50350,133.8433
50351,100.97399
50352,782.44165
50353,193.93504
50354,621.9229
50355,189.70012
50356,590.1491
50357,117.842415
50358,130.20868
50359,168.0907
50360,930.8055
50361,185.84448
50362,116.51937
50363,271.83124
50364,835.88385
50365,355.35516
50366,241.80504
50367,153.35445
50368,133.85783
50369,301.55344
50370,219.79399
50371,208.48961
50372,163.7683
50373,321.84866
50374,197.89505
50375,296.1032
50376,173.03781
50377,109.2813
50378,359.17587
50379,91.79337
50380,147.92537
50381,120.97492
50382,108.19391
50383,754.07355
50384,154.5071
50385,172.49826
50386,288.41388
50387,279.3729
50388,226.10954
50389,167.25621
50390,240.74358
50391,393.43512
50392,175.83992
50393,372.492
50394,101.78186
50395,400.1111
50396,479.41254
50397,184.11613
50398,940.73047
50399,422.61935
50400,482.7896
50401,176.09894
50402,226.3613
50403,353.03677
50404,125.71256
50405,170.81812
50406,134.20134
50407,296.00085
50408,224.69641
50409,153.1692
50410,147.93884
50411,121.11437
50412,276.09085
50413,787.09717
50414,802.9007
50415,152.35852
50416,204.80687
50417,184.49791
50418,177.63461
50419,171.2878
50420,216.21176
50421,334.25543
50422,410.11044
50423,156.39929
50424,143.60413
50425,127.149086
50426,304.45425
50427,260.0382
50428,427.03647
50429,506.94315
50430,400.80917
50431,294.44336
50432,376.42023
50433,141.08698
50434,258.65402
50435,197.9664
50436,226.13368
50437,216.01828
50438,565.9868
50439,275.33746
50440,243.02109
50441,304.25253
50442,443.2012
50443,273.06723
50444,376.5678
50445,129.38873
50446,526.68726
50447,240.57008
50448,325.6184
50449,226.31139
50450,435.2569
50451,139.79416
50452,191.9319
50453,254.84003
50454,156.64236
50455,616.02716
50456,277.60532
50457,201.96889
50458,286.0696
50459,188.14967
50460,122.60398
50461,162.67224
50462,481.81998
50463,193.72997
50464,151.943
50465,1246.4612
50466,295.93542
50467,582.7655
50468,197.75493
50469,219.92009
50470,110.32373
50471,247.61263
50472,244.53728
50473,353.48172
50474,245.47493
50475,179.75095
50476,282.15048
50477,201.7082
50478,245.36853
50479,361.62457
50480,170.2056
50481,253.9045
50482,173.18689
50483,118.27426
50484,300.3522
50485,576.8798
50486,91.42664
50487,165.31363
50488,238.62582
50489,472.93787
50490,241.63284
50491,123.219055
50492,206.7771
50493,103.45802
50494,121.06916
50495,160.6999
50496,180.11816
50497,187.7453
50498,142.66942
50499,170.68773
50500,448.01077
50501,151.66397
50502,190.43207
50503,293.52737
50504,246.55751
50505,197.62805
50506,229.07057
50507,89.86575
50508,384.18372
50509,161.38579
50510,513.05743
50511,279.13724
50512,123.58033
50513,274.34143
50514,197.93755
50515,204.31635
50516,546.87134
50517,285.94507
50518,172.98549
50519,275.688
50520,365.65546
50521,265.30103
50522,234.84508
50523,203.62083
50524,256.51404
50525,403.04654
50526,542.9159
50527,207.5748
50528,400.67538
50529,496.69852
50530,269.06186
50531,125.24777
50532,205.12808
50533,151.64647
50534,690.013
50535,208.14752
50536,335.27997
50537,228.32364
50538,288.83936
50539,248.08237
50540,213.10712
50541,226.02711
50542,258.34143
50543,695.6688
50544,359.99796
50545,223.94714
50546,144.31345
50547,300.70224
50548,201.30315
50549,93.18831
50550,136.14496
50551,233.21442
50552,127.61576
50553,141.24434
50554,181.89308
50555,336.3761
50556,275.4654
50557,109.27861
50558,103.32636
50559,169.40623
50560,201.26935
50561,275.98462
50562,261.00552
50563,407.8122
50564,238.5491
50565,304.20172
50566,225.5299
50567,1303.853
50568,92.05803
50569,315.64145
50570,908.95465
50571,133.99321
50572,191.30788
50573,570.3076
50574,407.61594
50575,287.03214
50576,676.5763
50577,394.91098
50578,520.7386
50579,208.19751
50580,376.43622
50581,193.90552
50582,410.26196
50583,123.20146
50584,308.2014
50585,354.2644
50586,216.7547
50587,856.3431
50588,459.42047
50589,207.04091
50590,341.4347
50591,309.52307
50592,166.29153
50593,275.41122
50594,229.90366
50595,176.3311
50596,471.75903
50597,239.59764
50598,173.41798
50599,215.60356
50600,243.26382
50601,221.73819
50602,175.26726
50603,202.02588
50604,196.72702
50605,212.5902
50606,215.13092
50607,223.06128
50608,301.06256
50609,149.01306
50610,752.878
50611,200.77982
50612,174.95242
50613,289.05206
50614,156.13857
50615,140.92346
50616,230.3033
50617,294.6016
50618,81.73128
50619,199.86029
50620,231.68271
50621,118.0922
50622,370.73343
50623,128.61804
50624,446.0572
50625,151.9847
50626,154.44339
50627,180.72328
50628,206.93857
50629,306.0143
50630,198.21025
50631,173.71088
50632,277.22415
50633,185.77513
50634,123.25375
50635,128.48563
50636,192.43352
50637,226.40556
50638,169.63792
50639,230.27214
50640,211.65955
50641,349.7522
50642,588.2505
50643,202.1192
50644,211.49127
50645,307.56042
50646,112.77712
50647,247.2958
50648,250.03748
50649,165.66435
50650,255.83382
50651,216.04665
50652,165.82698
50653,267.66248
50654,677.7867
50655,330.03586
50656,217.42642
50657,160.94069
50658,99.22091
50659,147.36748
50660,377.14258
50661,220.47244
50662,116.37892
50663,156.89578
50664,310.19742
50665,251.06033
50666,336.2182
50667,172.35048
50668,244.44405
50669,319.67358
50670,471.2978
50671,552.38666
50672,200.75214
50673,118.68652
50674,125.19081
50675,326.74783
50676,352.54077
50677,129.51312
50678,153.69234
50679,228.42409
50680,185.46317
50681,355.79593
50682,615.19104
50683,789.35986
50684,181.82323
50685,165.1407
50686,160.11871
50687,342.42545
50688,134.83904
50689,498.61053
50690,654.67474
50691,169.67282
50692,528.9028
50693,354.9048
50694,501.4596
50695,154.93886
50696,171.74434
50697,203.19707
50698,600.6257
50699,184.72551
50700,157.6174
50701,459.64297
50702,277.5367
50703,515.39594
50704,276.82153
50705,315.02563
50706,283.74622
50707,89.354065
50708,136.46533
50709,207.86931
50710,113.93064
50711,180.73723
50712,128.64519
50713,88.78179
50714,643.5331
50715,199.49751
50716,345.44693
50717,102.420395
50718,121.8688
50719,768.37616
50720,215.09273
50721,347.71884
50722,441.1013
50723,250.6069
50724,182.61154
50725,545.61957
50726,593.1061
50727,305.23813
50728,125.39929
50729,168.1717
50730,118.25152
50731,409.88528
50732,286.22867
50733,191.51338
50734,677.8485
50735,258.83185
50736,220.3561
50737,119.91098
50738,132.88182
50739,167.59106
50740,114.76706
50741,347.53653
50742,294.57687
50743,143.69127
50744,128.1823
50745,157.87637
50746,206.25386
50747,272.01685
50748,164.1558
50749,336.8572
50750,202.17883
50751,127.20451
50752,387.63144
50753,314.70193
50754,301.76294
50755,113.95403
50756,202.32286
50757,616.3901
50758,89.50878
50759,249.00392
50760,402.82156
50761,461.636
50762,162.90944
50763,153.41495
50764,114.54082
50765,204.12112
50766,182.77866
50767,174.3178
50768,199.8875
50769,176.91031
50770,347.64862
50771,128.77528
50772,114.919624
50773,151.21605
50774,177.32468
50775,161.7247
50776,220.73117
50777,616.8316
50778,185.9689
50779,139.12917
50780,235.31145
50781,138.43521
50782,127.55683
50783,128.93533
50784,768.4442
50785,196.73862
50786,285.50735
50787,296.5662
50788,634.17053
50789,69.56709
50790,257.3349
50791,423.27808
50792,446.3345
50793,130.78241
50794,284.66702
50795,106.48796
50796,129.34283
50797,146.07466
50798,432.52795
50799,235.98553
50800,647.03595
50801,851.34656
50802,433.78958
50803,368.2365
50804,361.24194
50805,267.3751
50806,283.7122
50807,164.1336
50808,399.86844
50809,277.6272
50810,300.8461
50811,496.29868
50812,284.08896
50813,225.12836
50814,884.45953
50815,496.17694
50816,287.35767
50817,193.25186
50818,158.62651
50819,204.82632
50820,176.68285
50821,289.10507
50822,212.92232
50823,149.45764
50824,881.514
50825,183.78719
50826,177.36911
50827,272.19394
50828,299.90225
50829,187.77531
50830,390.0686
50831,228.05978
50832,133.1522
50833,184.65968
50834,188.51767
50835,290.6219
50836,360.25476
50837,168.58698
50838,286.32806
50839,333.3343
50840,937.1088
50841,107.63189
50842,182.84302
50843,280.5074
50844,414.2532
50845,941.08276
50846,574.95325
50847,275.1455
50848,184.6269
50849,178.20863
50850,146.05203
50851,225.17235
50852,111.10275
50853,119.587074
50854,747.0311
50855,143.51363
50856,137.45447
50857,240.8397
50858,270.41797
50859,535.586
50860,167.89882
50861,261.31778
50862,165.49522
50863,220.31732
50864,234.0935
50865,470.22623
50866,96.51237
50867,230.68849
50868,667.3209
50869,254.1762
50870,198.39099
50871,374.4336
50872,308.37247
50873,317.95483
50874,400.19354
50875,147.39603
50876,192.23573
50877,138.27222
50878,131.26266
50879,137.613
50880,440.4454
50881,154.91469
50882,399.2125
50883,259.81757
50884,133.53622
50885,191.62572
50886,277.5937
50887,157.64656
50888,153.83234
50889,594.13477
50890,412.9635
50891,462.18738
50892,231.99277
50893,520.0661
50894,318.43622
50895,283.33908
50896,186.68163
50897,405.35852
50898,274.10556
50899,345.67172
50900,171.9966
50901,890.6753
50902,211.70981
50903,218.16876
50904,245.14145
50905,272.3444
50906,266.13983
50907,230.69875
50908,261.39328
50909,244.54839
50910,399.05716
50911,929.939
50912,172.20651
50913,263.91412
50914,84.51324
50915,244.48515
50916,200.82173
50917,665.78674
50918,151.03995
50919,158.95033
50920,324.9142
50921,104.57665
50922,272.78848
50923,133.24303
50924,141.65982
50925,89.84084
50926,185.51855
50927,71.49167
50928,114.75501
50929,177.83058
50930,263.09695
50931,284.34537
50932,259.61948
50933,300.65536
50934,417.02148
50935,315.40515
50936,213.38132
50937,198.60518
50938,533.93414
50939,270.31195
50940,164.47813
50941,615.70514
50942,172.48521
50943,572.5287
50944,291.72223
50945,149.32332
50946,280.58142
50947,232.97928
50948,176.08772
50949,162.79736
50950,309.20566
50951,185.69666
50952,417.67368
50953,237.91653
50954,274.99066
50955,352.84323
50956,214.08185
50957,208.00536
50958,187.82887
50959,199.60652
50960,465.95535
50961,673.7363
50962,284.81003
50963,240.2678
50964,148.87694
50965,160.23323
50966,133.82625
50967,1243.1641
50968,188.97032
50969,191.72426
50970,282.33377
50971,170.61285
50972,164.34015
50973,308.8019
50974,265.38464
50975,198.02014
50976,170.54912
50977,134.97159
50978,485.86542
50979,301.09103
50980,838.2165
50981,205.64972
50982,226.43396
50983,135.43718
50984,131.76947
50985,215.9295
50986,583.2799
50987,162.43741
50988,363.14658
50989,245.178
50990,434.1808
50991,340.50372
50992,233.63239
50993,275.47635
50994,233.42694
50995,258.0954
50996,201.45499
50997,127.99228
50998,246.99583
50999,194.22992
51000,102.37918
51001,318.91238
51002,318.19427
51003,266.4243
51004,132.78955
51005,175.2255
51006,132.93146
51007,199.68286
51008,139.18506
51009,120.13295
51010,190.54764
51011,1842.7924
51012,179.82019
51013,151.6047
51014,257.5951
51015,275.066
51016,221.80891
51017,314.2574
51018,265.8407
51019,130.61517
51020,202.94594
51021,141.14215
51022,174.86879
51023,132.33086
51024,124.68156
51025,86.195076
51026,118.6954
51027,156.39038
51028,213.78027
51029,234.05342
51030,270.13547
51031,378.75003
51032,143.60782
51033,55.642925
51034,268.06198
51035,184.90843
51036,217.8969
51037,425.31897
51038,168.16306
51039,244.14166
51040,180.00533
51041,136.3313
51042,144.76877
51043,92.39055
51044,208.93062
51045,196.13664
51046,173.30275
51047,91.239
51048,308.72894
51049,246.83926
51050,213.93623
51051,127.241104
51052,317.31583
51053,113.54843
51054,271.43036
51055,324.88474
51056,214.88808
51057,69.775444
51058,247.1293
51059,1334.8762
51060,333.02786
51061,174.61317
51062,728.94604
51063,183.96297
51064,812.023
51065,155.23344
51066,759.9822
51067,99.5939
51068,325.58307
51069,225.85637
51070,176.28049
51071,417.74756
51072,229.19373
51073,288.7093
51074,464.1262
51075,293.97632
51076,828.3658
51077,417.1939
51078,132.16606
51079,219.35684
51080,396.27887
51081,195.66835
51082,490.46146
51083,153.31664
51084,309.72565
51085,374.91483
51086,193.06364
51087,149.35182
51088,160.90103
51089,237.89244
51090,152.76147
51091,449.81195
51092,499.32956
51093,232.77641
51094,89.55123
51095,134.1894
51096,379.95636
51097,183.20177
51098,225.94133
51099,268.8964
51100,138.08423
51101,480.29907
51102,133.43149
51103,209.4737
51104,398.04752
51105,400.57623
51106,198.6199
51107,210.83682
51108,245.44385
51109,272.3635
51110,301.92578
51111,263.18185
51112,180.56657
51113,235.18349
51114,202.78284
51115,180.40744
51116,173.14542
51117,284.74228
51118,45.954662
51119,270.84137
51120,319.88202
51121,994.3332
51122,355.06058
51123,534.7649
51124,320.1739
51125,233.37234
51126,233.49802
51127,253.22931
51128,271.68826
51129,430.04608
51130,233.9972
51131,298.9575
51132,694.74426
51133,258.68747
51134,122.29177
51135,248.8958
51136,247.4342
51137,332.76828
51138,157.81384
51139,276.20972
51140,68.02376
51141,210.59921
51142,908.37317
51143,110.57137
51144,174.96399
51145,174.92656
51146,117.82933
51147,617.35223
51148,184.05675
51149,824.80457
51150,113.91528
51151,267.44232
51152,166.99252
51153,405.46484
51154,194.77582
51155,785.43317
51156,71.40175
51157,150.21638
51158,159.2607
51159,362.1439
51160,337.25168
51161,171.22334
51162,213.11511
51163,219.83717
51164,336.50714
51165,185.40799
51166,194.22383
51167,265.03918
51168,167.28677
51169,234.64389
51170,257.0759
51171,433.72733
51172,205.58757
51173,195.23563
51174,246.11041
51175,198.49512
51176,139.37619
51177,227.85045
51178,465.71402
51179,200.65697
51180,271.4039
51181,291.04028
51182,281.3619
51183,446.9941
51184,399.56482
51185,151.7147
51186,125.09553
51187,281.47842
51188,558.2979
51189,316.61838
51190,260.08386
51191,142.36613
51192,161.36414
51193,504.79443
51194,107.769005
51195,428.29315
51196,234.53404
51197,117.367584
51198,364.91324
51199,451.11765
51200,314.00494
51201,107.573746
51202,377.9071
51203,138.75977
51204,566.7052
51205,188.65027
51206,315.7353
51207,81.89935
51208,173.14537
51209,134.70213
51210,328.8153
51211,133.0824
51212,288.48605
51213,536.2472
51214,92.85569
51215,138.7531
51216,294.22076
51217,229.77254
51218,149.25513
51219,121.6971
51220,596.4326
51221,222.20439
51222,118.586685
51223,123.21884
51224,264.57388
51225,108.872375
51226,152.56168
51227,197.90611
51228,402.63272
51229,230.61632
51230,213.91632
51231,176.78511
51232,225.50833
51233,183.21848
51234,149.49779
51235,203.602
51236,766.1529
51237,151.14307
51238,107.2426
51239,617.6351
51240,195.9842
51241,179.43825
51242,347.5687
51243,187.49083
51244,236.56046
51245,401.1678
51246,344.00937
51247,160.56918
51248,124.07549
51249,497.78857
51250,126.793274
51251,196.09485
51252,560.1089
51253,89.575874
51254,158.83759
51255,279.47772
51256,169.01411
51257,355.3302
51258,160.41458
51259,179.57423
51260,206.31836
51261,199.49849
51262,303.3611
51263,122.87467
51264,120.32009
51265,306.42496
51266,92.540596
51267,193.80086
51268,234.62973
51269,187.31125
51270,534.2343
51271,262.63553
51272,331.51923
51273,170.55998
51274,83.8614
51275,137.39204
51276,375.55106
51277,370.5528
51278,134.69843
51279,408.7403
51280,508.89786
51281,688.64935
51282,213.7166
51283,157.72487
51284,93.302216
51285,275.62277
51286,239.17162
51287,113.21861
51288,141.4038
51289,208.79779
51290,177.63185
51291,406.0463
51292,279.21164
51293,214.43164
51294,233.67754
51295,195.54695
51296,263.60452
51297,140.38637
51298,377.33292
51299,109.43271
51300,582.31824
51301,306.5043
51302,124.131805
51303,142.163
51304,371.80194
51305,383.60046
51306,138.49904
51307,244.79333
51308,196.9801
51309,495.38452
51310,208.61122
51311,334.32928
51312,356.12277
51313,157.73866
51314,137.20045
51315,280.1721
51316,245.06078
51317,171.0242
51318,200.72937
51319,587.99164
51320,224.72539
51321,120.75082
51322,206.87447
51323,117.79046
51324,199.75774
51325,128.7382
51326,203.57845
51327,389.15134
51328,706.2472
51329,147.91165
51330,296.62207
51331,150.71619
51332,328.05347
51333,350.38773
51334,197.04352
51335,186.06636
51336,592.7405
51337,261.9961
51338,196.23253
51339,269.6994
51340,462.09262
51341,146.20218
51342,178.85358
51343,159.20541
51344,180.12541
51345,334.8714
51346,527.9338
51347,135.40683
51348,179.41731
51349,192.16124
51350,636.2885
51351,249.98665
51352,244.234
51353,186.2822
51354,111.97507
51355,562.0204
51356,211.63731
51357,114.943245
51358,383.41382
51359,101.52853
51360,180.8463
51361,359.46024
51362,262.374
51363,353.5724
51364,575.91144
51365,291.99042
51366,99.21667
51367,206.22855
51368,451.0377
51369,250.56815
51370,256.74173
51371,152.77975
51372,158.82703
51373,143.14511
51374,104.34944
51375,366.0135
51376,169.26291
51377,196.67154
51378,395.38263
51379,562.2512
51380,184.78879
51381,193.98279
51382,249.23709
51383,124.31025
51384,218.85414
51385,142.4159
51386,101.32119
51387,121.588455
51388,186.11452
51389,625.53845
51390,450.36615
51391,335.19293
51392,166.11588
51393,177.42746
51394,157.41876
51395,173.23566
51396,285.12817
51397,652.10785
51398,202.39429
51399,128.96278
51400,212.12204
51401,450.71848
51402,163.91351
51403,530.37634
51404,178.96715
51405,197.97316
51406,233.84462
51407,143.92865
51408,277.58707
51409,212.26625
51410,527.5009
51411,252.60757
51412,237.95428
51413,137.4341
51414,344.5537
51415,143.1037
51416,178.5654
51417,169.83852
51418,344.49112
51419,118.210625
51420,396.4118
51421,222.26427
51422,151.81865
51423,193.47604
51424,503.5344
51425,754.94446
51426,733.8395
51427,108.79963
51428,534.7515
51429,165.59381
51430,407.7433
51431,214.70079
51432,234.32912
51433,118.60315
51434,867.6133
51435,163.92818
51436,799.33936
51437,181.6679
51438,167.93958
51439,461.47928
51440,223.46817
51441,320.4756
51442,159.21738
51443,1253.861
51444,250.10703
51445,225.64322
51446,154.30434
51447,361.89963
51448,128.687
51449,225.1929
51450,144.83784
51451,249.27295
51452,303.14514
51453,194.13896
51454,143.71507
51455,128.45145
51456,145.98811
51457,116.36233
51458,128.94777
51459,391.54312
51460,121.60399
51461,348.79108
51462,313.25833
51463,151.03278
51464,120.26515
51465,277.82782
51466,217.83699
51467,2268.281
51468,253.67194
51469,289.49084
51470,146.70485
51471,89.18024
51472,308.353
51473,108.86123
51474,241.93948
51475,421.11365
51476,133.37663
51477,186.87386
51478,515.17206
51479,333.78253
51480,324.1861
51481,152.268
51482,204.9628
51483,338.6899
51484,197.71104
51485,509.4364
51486,258.713
51487,180.16414
51488,216.42366
51489,299.28867
51490,308.30682
51491,113.207085
51492,281.49783
51493,139.98882
51494,163.06512
51495,221.97772
51496,176.67943
51497,240.7278
51498,139.18109
51499,484.54904
51500,118.78061
51501,2481.7466
51502,96.80028
51503,408.2225
51504,197.40262
51505,105.587524
51506,379.3393
51507,169.54593
51508,130.35034
51509,146.30505
51510,157.82304
51511,333.17538
51512,172.59973
51513,98.76147
51514,313.52988
51515,118.841736
51516,207.15004
51517,319.70868
51518,351.95032
51519,216.27257
51520,187.0467
51521,186.81227
51522,241.31131
51523,158.3288
51524,292.43677
51525,227.85231
51526,358.648
51527,237.33162
51528,170.5624
51529,188.37083
51530,144.18994
51531,447.03793
51532,72.127235
51533,312.11853
51534,225.6604
51535,1524.3722
51536,676.14557
51537,436.0687
51538,168.0422
51539,328.54248
51540,434.00366
51541,292.2144
51542,302.23383
51543,72.633224
51544,139.07726
51545,114.66029
51546,352.19818
51547,165.64102
51548,151.31763
51549,144.91808
51550,246.02213
51551,145.57979
51552,367.94922
51553,153.23897
51554,222.49168
51555,249.80617
51556,339.05664
51557,181.53418
51558,172.66959
51559,268.20053
51560,410.0777
51561,335.99164
51562,76.02788
51563,147.6377
51564,251.68202
51565,260.32132
51566,379.43164
51567,586.1938
51568,693.4804
51569,142.78873
51570,193.72481
51571,111.51713
51572,154.04814
51573,275.1282
51574,190.6808
51575,620.4741
51576,510.01654
51577,210.07446
51578,1627.1945
51579,346.79745
51580,124.5053
51581,270.95996
51582,383.01657
51583,473.837
51584,141.35547
51585,172.81276
51586,111.39108
51587,179.80605
51588,301.0889
51589,277.59592
51590,435.87003
51591,247.02922
51592,124.61901
51593,405.79312
51594,188.43962
51595,295.03235
51596,113.868706
51597,190.39996
51598,236.31767
51599,726.27057
51600,387.8497
51601,451.5555
51602,473.1286
51603,132.56961
51604,237.74525
51605,382.62106
51606,188.69716
51607,155.65698
51608,307.27686
51609,210.32495
51610,164.01431
51611,258.92172
51612,362.4889
51613,233.45749
51614,238.31578
51615,247.69527
51616,158.03075
51617,208.59001
51618,94.1539
51619,108.06276
51620,1388.8193
51621,155.67563
51622,379.73337
51623,297.98425
51624,238.51349
51625,148.35011
51626,182.17355
51627,162.25414
51628,390.29147
51629,130.214
51630,148.52528
51631,141.05186
51632,142.41145
51633,367.61642
51634,191.75883
51635,245.90793
51636,128.60701
51637,153.16612
51638,110.687355
51639,194.9667
51640,246.95099
51641,153.87257
51642,188.47241
51643,313.2935
51644,294.6486
51645,164.48233
51646,145.94196
51647,149.11278
51648,116.808174
51649,230.6682
51650,246.90579
51651,499.98825
51652,172.64438
51653,152.5608
51654,166.5799
51655,300.3548
51656,195.792
51657,126.94255
51658,240.15338
51659,233.37022
51660,176.09462
51661,137.15875
51662,768.20984
51663,318.40283
51664,560.30334
51665,481.24124
51666,170.70296
51667,241.40694
51668,126.7828
51669,273.93066
51670,730.2155
51671,185.26654
51672,202.10988
51673,440.25412
51674,137.65796
51675,138.63652
51676,1264.9808
51677,105.81608
51678,161.8716
51679,263.7983
51680,208.14902
51681,150.14444
51682,168.14943
51683,167.94135
51684,148.22818
51685,126.87875
51686,134.73685
51687,239.19218
51688,143.70537
51689,134.94403
51690,277.2243
51691,148.23135
51692,273.70398
51693,622.1247
51694,232.46733
51695,473.01263
51696,223.72766
51697,603.68854
51698,134.3072
51699,186.97508
51700,492.591
51701,145.77243
51702,189.87424
51703,202.1839
51704,128.81798
51705,167.85829
51706,1089.361
51707,173.93388
51708,335.88272
