id,realSum
36196,409.2624140675841
36197,899.561232628684
36198,1008.9106481038059
36199,151.0923334053357
36200,272.8060108732732
36201,583.4945339501176
36202,10228.16517095014
36203,352.76028651928095
36204,662.937782944206
36205,159.74387412604784
36206,194.94413811332112
36207,457.61838348735495
36208,242.91630518323376
36209,204.1341106432746
36210,153.2500776180679
36211,313.1110866037588
36212,206.153457872896
36213,175.94101215632585
36214,93.96273725493953
36215,122.52692167282
36216,327.640510350613
36217,218.65868038477635
36218,430.2186969590045
36219,154.86444611187375
36220,389.883673399054
36221,324.297722284905
36222,160.7360604459497
36223,438.12248800432246
36224,404.9922258458296
36225,572.8882720925938
36226,276.0993102861783
36227,614.6192413096888
36228,1361.3746753585474
36229,229.33357441373462
36230,204.2156169982227
36231,212.1228192190146
36232,308.57690230102344
36233,164.36993522340606
36234,117.16302618685937
36235,665.4813456761731
36236,155.94923047622714
36237,255.46595260441737
36238,162.19119967907287
36239,199.9955269051708
36240,293.9538847404462
36241,197.28296877212424
36242,130.97041463387376
36243,251.49692699438728
36244,197.39830715215265
36245,256.00181510595775
36246,401.0622470994784
36247,226.24006637955682
36248,304.84218511073414
36249,576.0178828466104
36250,243.35402601291636
36251,312.98606241068194
36252,372.74554251651296
36253,290.438488365816
36254,233.72816052501983
36255,262.8276416923172
36256,90.040227960187
36257,317.7306385161534
36258,177.51919967149072
36259,379.7868246591168
36260,487.4435088306309
36261,150.56199831180365
36262,196.29464243308394
36263,111.81940132167752
36264,94.00012940821742
36265,776.0000432237562
36266,259.16600582422683
36267,266.17504850071174
36268,302.6796745673763
36269,82.11898546690958
36270,432.6825205096624
36271,228.12444052272764
36272,153.98623988358327
36273,596.8473078539066
36274,137.15774534558753
36275,214.6065553966662
36276,298.61486175058354
36277,178.0169816482214
36278,158.47226985806736
36279,297.97833544117606
36280,140.0094194123615
36281,138.89570767436444
36282,119.41936975065693
36283,122.54170311649753
36284,252.56651689643846
36285,139.98347505650793
36286,157.08381647615983
36287,214.92563022947076
36288,220.87145152589073
36289,58.79487474296216
36290,445.8892924242832
36291,207.4295529166077
36292,291.1517466243245
36293,481.2559708880387
36294,155.9287268621911
36295,239.82138612002228
36296,836.6262737503589
36297,153.48661469559903
36298,101.05930144714983
36299,134.80207784888216
36300,165.4213442062757
36301,443.81143086561246
36302,106.58053851836796
36303,306.1250451605149
36304,204.2566799017283
36305,112.68420183441012
36306,114.13670956669134
36307,307.68194203535114
36308,376.0710232174334
36309,276.34419233046253
36310,221.68396060555423
36311,350.26464303962763
36312,192.1214093689846
36313,387.544437396829
36314,170.02929025680402
36315,160.27673259007202
36316,583.3664743158781
36317,140.45633028971977
36318,131.95039247247368
36319,178.67151446627304
36320,701.2158128045486
36321,359.1590650118007
36322,217.25406536102557
36323,220.76731732396175
36324,240.0876781203831
36325,241.49773105542062
36326,322.52209287234
36327,358.05086663284203
36328,348.90392310797296
36329,130.67735958000154
36330,151.40588637674625
36331,144.0608903785428
36332,386.4845671977715
36333,205.36620707909168
36334,323.90541790159523
36335,171.81786310967902
36336,239.87557672443887
36337,262.3462419588776
36338,240.70337978537822
36339,161.10462026048518
36340,156.40803633855808
36341,154.00421234593753
36342,160.82289627462308
36343,131.92126814414692
36344,249.2926045923551
36345,141.0019918389403
36346,181.81681187588762
36347,233.5513451023288
36348,290.5793171477209
36349,88.76959743789322
36350,210.44085526824784
36351,87.8026335991799
36352,205.61445070373307
36353,302.7939916646692
36354,505.95667242554396
36355,174.94376897934467
36356,270.81713824896786
36357,222.7578886858982
36358,490.7953844459692
36359,334.7106927657255
36360,251.71569647619202
36361,647.8118394452644
36362,125.51304746806072
36363,187.84681486660813
36364,429.18527075198733
36365,270.1273874259834
36366,311.6629770983128
36367,214.21771827829562
36368,293.19849931809546
36369,570.2665421130254
36370,513.3400304852281
36371,286.1942495748349
36372,294.97634627567004
36373,196.18927298738035
36374,445.0463493505777
36375,133.0531604714301
36376,160.93746404888063
36377,174.5645905850306
36378,129.58795534885874
36379,158.14839078553587
36380,110.2407825194476
36381,285.5319326533313
36382,239.51788812823295
36383,128.69412078915724
36384,367.60163241030347
36385,120.21290317787066
36386,258.587268767156
36387,93.09343204989082
36388,159.30929251292315
36389,250.57837418266934
36390,175.04774693778373
36391,550.5908242823612
36392,287.5367560452956
36393,123.75300140836524
36394,312.87690386037144
36395,548.1650280991188
36396,328.9870138553388
36397,189.0098670784623
36398,143.45905829099303
36399,359.4256851652356
36400,228.50576034287445
36401,117.77266350105873
36402,117.272897384742
36403,150.50662496624304
36404,188.95913407589657
36405,185.5725526878931
36406,101.47208061365593
36407,195.17293306684758
36408,280.2020987906218
36409,268.29263238852104
36410,190.99149650133378
36411,229.0197157133699
36412,196.85933229306576
36413,303.7978993922663
36414,204.1787465830845
36415,459.60160537479874
36416,164.21145986500576
36417,445.2502985095226
36418,57.56783766667725
36419,214.7218394131013
36420,94.95294216643312
36421,542.9323504796099
36422,223.06343450706697
36423,238.16749760816955
36424,170.61864861251254
36425,171.1638383114454
36426,151.03964391870858
36427,-134.526873390844
36428,222.74634815787496
36429,743.5573024574823
36430,406.6036813027816
36431,592.4496058897352
36432,391.1366530733518
36433,166.64432578656672
36434,316.8166209206195
36435,295.38529553080946
36436,391.51606919752777
36437,240.64313410957013
36438,297.0488702544838
36439,211.7649915413704
36440,447.64200345578456
36441,228.00523364732655
36442,328.69603250942663
36443,181.7616410283826
36444,149.3273246373334
36445,166.33078984734425
36446,243.34523544334039
36447,193.30026048441917
36448,192.396674772603
36449,583.3753182587703
36450,323.87245892433066
36451,134.56429588071325
36452,731.27032433273
36453,284.08467656341827
36454,3020.974286892716
36455,93.32951203575381
36456,130.96362697028212
36457,134.46924626123646
36458,458.6810325939757
36459,314.0143987832269
36460,147.4288329271392
36461,340.3964988359203
36462,405.1827812225742
36463,146.99242576362832
36464,288.42463210704045
36465,257.78121664793355
36466,137.18517704284776
36467,259.25897621184
36468,221.28287288508574
36469,147.41613754142583
36470,431.06977796988934
36471,610.5234236905392
36472,273.01934891374833
36473,127.6157712253013
36474,362.62364113352976
36475,262.1959994787539
36476,190.60877134801967
36477,547.3150630454909
36478,187.56022298446828
36479,148.94412143902937
36480,187.62921989360973
36481,368.92819564737647
36482,274.0089749917355
36483,234.3761825843965
36484,372.7865051870235
36485,118.50094878898142
36486,433.0709147652097
36487,388.3083765560394
36488,174.45103727718615
36489,628.9778534368075
36490,142.23678721287837
36491,154.76179001245873
36492,579.0674074956403
36493,470.8819752887318
36494,300.071159219415
36495,214.53222317355497
36496,359.8464410657543
36497,253.0261447751166
36498,325.28762733291416
36499,661.8946871892456
36500,101.15332198726438
36501,155.0246664069763
36502,214.6646282927949
36503,353.3815306022965
36504,428.92064994940125
36505,244.51914372623565
36506,164.29493183272754
36507,892.413303634038
36508,443.04576237836363
36509,209.4153047117744
36510,251.24263787475505
36511,320.98502776371527
36512,349.8621647156594
36513,364.6764282537647
36514,246.0689679217584
36515,313.0232349192879
36516,212.11702556625383
36517,241.7126872000442
36518,227.56916833087988
36519,196.55701477460815
36520,189.32372224116438
36521,172.66088851735879
36522,119.20828735691022
36523,239.8085910342566
36524,630.0424499838145
36525,176.1841324410631
36526,207.5628377292828
36527,212.67984163939144
36528,406.9392324161004
36529,187.65350169475147
36530,287.4705290202447
36531,98.79820733256783
36532,154.7710019460155
36533,273.5066916652754
36534,248.0416881549054
36535,170.02472470407605
36536,271.13285806856754
36537,658.6483763290047
36538,184.40499236248914
36539,311.1649988073417
36540,239.6291606426628
36541,169.00113102136334
36542,229.56688172888317
36543,195.04622287757658
36544,167.69104415319035
36545,129.96487819231308
36546,544.318817987967
36547,94.58070315115133
36548,109.45753179199723
36549,141.73292126160985
36550,374.09329732538185
36551,210.95889547734913
36552,219.17162624795247
36553,128.26305457223833
36554,262.2729073264921
36555,319.5426147813031
36556,155.46184794910135
36557,277.55701262542493
36558,188.54546034320035
36559,274.8869308944001
36560,155.98776173473865
36561,668.6200801049827
36562,281.32848590789143
36563,169.66710101777616
36564,169.50605816141157
36565,179.19406643541186
36566,265.71726682360594
36567,246.6386583029245
36568,63.51604428933918
36569,556.7791148939215
36570,162.5206734969356
36571,201.09967150528004
36572,162.41887288988846
36573,188.76732217108335
36574,214.51756309132836
36575,798.8711725644629
36576,391.17377185364035
36577,279.1661311976504
36578,131.06924656262174
36579,269.68806388252506
36580,146.46459191862613
36581,302.16463560343027
36582,331.71291631302586
36583,226.69093247400758
36584,246.56491230074994
36585,466.4135414435802
36586,163.02689865632675
36587,712.2662635018013
36588,194.26998244432386
36589,168.2572639189364
36590,213.31765464870398
36591,216.94364968639618
36592,290.98418607896747
36593,389.03366813413277
36594,343.25436711553016
36595,407.3513208699279
36596,111.35629361761633
36597,176.14339813911795
36598,85.9603955765184
36599,192.97968068862392
36600,223.47772502755012
36601,349.19650160817224
36602,261.23126172764756
36603,158.40698510701196
36604,777.1008086740338
36605,1385.583431761927
36606,126.71736137416393
36607,692.789311699012
36608,195.10769103609894
36609,136.34769965182107
36610,178.3896826419067
36611,190.51763430595076
36612,473.36347185976643
36613,226.32180765044956
36614,223.65900970878906
36615,200.32531430272977
36616,221.56244928652436
36617,276.7719077378322
36618,194.837507657518
36619,365.2587772103151
36620,201.34949435330165
36621,80.93108149559852
36622,171.7494986126111
36623,92.86888106571831
36624,142.89833198834324
36625,808.3702587572152
36626,216.48580330808247
36627,113.85335865914263
36628,392.4903820118033
36629,410.88322214485044
36630,120.66153457444395
36631,353.39088818061174
36632,185.88247945115123
36633,208.0545467107039
36634,63.265070878758216
36635,199.48650652582802
36636,310.0046158375845
36637,271.84448016636753
36638,159.6072955226505
36639,318.7297701240692
36640,168.30924132430155
36641,491.1324314418318
36642,230.2944372104288
36643,96.1786365637008
36644,96.00071373979631
36645,177.2458170553361
36646,262.90284243976765
36647,270.78827045002595
36648,1069.1047566960092
36649,173.5624091983443
36650,1066.3125509285137
36651,317.85168257997515
36652,169.33398636261083
36653,375.5667279998571
36654,272.994153734651
36655,154.55781320854354
36656,262.21359782731383
36657,250.97730092478267
36658,237.10422253348676
36659,156.47164906572752
36660,333.44340154299346
36661,199.5006764980849
36662,130.6939600487358
36663,122.67072263615705
36664,225.3414523246426
36665,169.03951054638432
36666,92.6959196317192
36667,413.8011437673665
36668,526.531954386386
36669,124.1769061904856
36670,216.92666152066803
36671,249.5448026455157
36672,767.7571736375158
36673,234.736012654558
36674,231.33777969390397
36675,210.4544518787714
36676,558.4619254971628
36677,357.91098459171286
36678,232.33274784345656
36679,166.12255755210157
36680,307.8017115839453
36681,355.9732216875023
36682,249.77035145164763
36683,321.72178804777064
36684,177.3709014968823
36685,494.4404638150213
36686,243.03211392408858
36687,237.4291719966832
36688,188.19658818615346
36689,219.52098584303133
36690,156.14541511588686
36691,1978.3526222115092
36692,175.69082812542229
36693,376.8190097644467
36694,245.99998919491438
36695,98.55719932976221
36696,132.6533213786504
36697,199.66996366874434
36698,220.50776121883538
36699,156.94291145267505
36700,209.74455397094252
36701,289.7253135997618
36702,128.54126046969122
36703,271.1906490645339
36704,123.87773749676599
36705,165.33533857236696
36706,199.6625643987868
36707,278.7156996054686
36708,284.30258600101416
36709,487.15101361403737
36710,173.16170617367317
36711,256.8430741828646
36712,65.055459551918
36713,116.27572896604889
36714,114.59247371802078
36715,406.83839755786653
36716,119.20828735691022
36717,137.1194634263796
36718,135.41295281418041
36719,203.1646044763773
36720,290.6108351836795
36721,265.7780508528692
36722,722.1550056240103
36723,359.6125535737778
36724,559.1701620377654
36725,244.74878602138037
36726,107.465365631971
36727,184.94481281374425
36728,327.2779453139794
36729,651.2620626622936
36730,174.9555121427207
36731,257.1179100718383
36732,149.7991320153462
36733,141.9876928731503
36734,192.12411065169835
36735,171.99730306607134
36736,126.04929561408493
36737,340.5113891279724
36738,211.69653734167002
36739,100.45194508644764
36740,261.7309346339925
36741,172.74590415205859
36742,148.08437689234137
36743,135.39326348133156
36744,280.30035806730444
36745,167.53901986861402
36746,193.03543318492768
36747,79.99810957740365
36748,186.73325904037614
36749,490.1588636781229
36750,100.83072931194219
36751,193.97879990033087
36752,384.15149662471777
36753,415.48962342008105
36754,226.2502281621066
36755,737.3436366538041
36756,217.93060985844997
36757,340.77431811347225
36758,135.41784890587968
36759,172.994436407289
36760,265.13679391864747
36761,194.23284561867516
36762,193.418131179515
36763,83.01750784488667
36764,292.5025101293405
36765,213.5905573182969
36766,256.2074103697323
36767,440.2585885200093
36768,270.8076571777168
36769,143.42250168528122
36770,123.26286882456927
36771,165.96669129867922
36772,117.81294305373173
36773,198.76742161569618
36774,221.10383595668804
36775,226.11145556856846
36776,156.34942752274827
36777,74.9017187531554
36778,54.84076613636597
36779,233.92351105827288
36780,192.33305393830219
36781,133.87491149953658
36782,173.9713695183916
36783,221.5718321110738
36784,402.3226502559066
36785,547.7662511112104
36786,114.77929011139037
36787,354.79478693469304
36788,292.7838117790759
36789,499.70670496080686
36790,381.42932666047295
36791,539.8964383226055
36792,204.85779744430118
36793,129.1115846885872
36794,362.0678705962314
36795,261.0890520378239
36796,298.636166970911
36797,416.38256454780674
36798,613.8174203747267
36799,384.2520107666355
36800,293.0560952528336
36801,665.3321889571364
36802,386.8273319722294
36803,249.3785575055737
36804,195.62703242495863
36805,220.56855393618574
36806,490.5495973231329
36807,195.54127712280692
36808,255.72948707746204
36809,192.56695385395452
36810,421.0056320242797
36811,262.43350775892895
36812,270.68914751974984
36813,154.54446557741852
36814,597.5842007290094
36815,166.5899910224692
36816,180.39112027007164
36817,256.1446707387181
36818,186.12300133591273
36819,147.6038130389619
36820,236.24649761424794
36821,324.2279310064549
36822,670.7193730950853
36823,448.4234664137296
36824,286.48183213790395
36825,224.19323411102948
36826,273.3485328166171
36827,178.13433500977737
36828,358.7641330236174
36829,257.32154373513197
36830,440.15017720099996
36831,370.02244872010317
36832,164.88072602443498
36833,225.32641207767008
36834,364.1456476112667
36835,492.75486507875985
36836,193.64151917499723
36837,-8.647002674558394
36838,216.06739384277316
36839,112.56373472201675
36840,396.54972986005873
36841,181.65025157077923
36842,177.68946504678254
36843,154.96151597315335
36844,293.5494323347132
36845,146.48395468903976
36846,491.4732678969844
36847,181.13122400452374
36848,227.4676872774812
36849,275.0098311124646
36850,168.5236380742798
36851,152.9027147134887
36852,539.6402758783722
36853,190.25621916267858
36854,206.94461279222912
36855,226.195712719475
36856,102.7496240022178
36857,342.2341436044844
36858,306.5102783060733
36859,237.35362604160954
36860,365.2348486851798
36861,324.39488050514785
36862,240.01015122267492
36863,130.79113646191718
36864,210.21028416515622
36865,278.3192701837493
36866,116.5650931809205
36867,112.13936404933659
36868,130.42666996483388
36869,272.8592643874309
36870,224.32999598134703
36871,148.09518153068495
36872,97.81156829046475
36873,311.5173549414235
36874,343.1077634933339
36875,273.074027531911
36876,170.33215081285985
36877,420.520261096809
36878,326.192675389907
36879,74.10739561859964
36880,152.32156597413996
36881,93.33149798052791
36882,424.77836822578286
36883,624.045210518431
36884,122.20448218820283
36885,134.51842266931982
36886,411.9881622049138
36887,155.5269080740191
36888,490.34968443572103
36889,168.90380328939585
36890,216.47649699885855
36891,192.76606401343366
36892,820.9619740983961
36893,454.2568116154477
36894,284.2853822209756
36895,421.0872717760665
36896,153.0541901780089
36897,446.730545697195
36898,111.74232412179357
36899,156.58897839394606
36900,359.35027627074254
36901,103.65358202125088
36902,141.87963434391165
36903,254.6359569489006
36904,116.2108596583099
36905,151.4677994722989
36906,123.2356695251407
36907,497.66732707821444
36908,190.9053086687318
36909,275.17756111045634
36910,313.55779059698125
36911,333.8381973437744
36912,118.4133359967591
36913,154.46286991388115
36914,74.41248957265128
36915,163.3755524320198
36916,169.9128138237481
36917,212.12321549364302
36918,209.78832265982516
36919,243.69136057222474
36920,173.99629032227125
36921,553.3354470512265
36922,156.94362175746664
36923,116.56261637502801
36924,112.22789523280468
36925,199.23882056559145
36926,109.37612930587467
36927,217.00958264623634
36928,219.14294724477128
36929,157.91072686288138
36930,267.9297445895202
36931,843.8929728607278
36932,117.05083742377445
36933,132.11522547612114
36934,230.28074328863553
36935,427.6775515680748
36936,228.3347488232843
36937,372.5440967966201
36938,247.79223804153358
36939,328.2215408556332
36940,143.80340022507755
36941,119.74387660078737
36942,130.4226257346515
36943,872.8628002372471
36944,173.64928491552013
36945,76.48475999421441
36946,227.9836951418133
36947,133.61350041421332
36948,207.084438463643
36949,223.04221452639305
36950,190.80233566791426
36951,187.07626063673825
36952,102.56902150945352
36953,293.91536606966514
36954,93.44782314552539
36955,138.41510456261526
36956,160.86487627838997
36957,262.8326498435783
36958,185.06631688008727
36959,145.18241196550818
36960,96.08587606428232
36961,97.57280173798779
36962,47.50268418957403
36963,141.8757806785746
36964,187.13439057811127
36965,128.43032086606638
36966,317.13622042056306
36967,134.68258274393557
36968,119.06821073772045
36969,341.12927065356587
36970,420.20100074345066
36971,335.5947296019057
36972,570.719945073514
36973,190.83223533092215
36974,321.5419143752134
36975,2136.814784227585
36976,377.94343523235233
36977,161.81662936739016
36978,491.00597877377305
36979,257.81253369320433
36980,53.61510825525891
36981,291.83985580901503
36982,172.63129374064502
36983,171.70332979352892
36984,166.7280860852359
36985,296.54911993750227
36986,147.36637841326734
36987,439.7862855755882
36988,233.29296863860478
36989,142.78801706325268
36990,96.03753722753866
36991,226.52332108250508
36992,294.5177729190507
36993,148.65528341266796
36994,96.47685149985577
36995,127.93471268102319
36996,236.6973362173498
36997,863.7842667532461
36998,205.34909425778142
36999,226.75431029169903
37000,258.66400272291276
37001,994.3122479078086
37002,172.94066138932334
37003,446.2215172585901
37004,543.5997687080135
37005,128.22514327793837
37006,290.8649442280583
37007,962.1556226225257
37008,256.2551198007174
37009,425.53690053467625
37010,246.93106887877755
37011,145.27704499849895
37012,113.61935225298585
37013,226.90029858341506
37014,284.58040030286384
37015,311.37085236760015
37016,483.98100439894097
37017,213.20643670715322
37018,436.6160203728733
37019,135.09623968000957
37020,126.15091405575727
37021,219.5436528720068
37022,203.72084324753624
37023,534.0574735015925
37024,160.3828891920842
37025,161.9659810144272
37026,348.5777720450514
37027,299.05043357001864
37028,286.37632411314013
37029,233.1746263888119
37030,219.48742953260617
37031,211.7078421508845
37032,466.64588837231514
37033,603.3032135612281
37034,337.67780771892416
37035,176.22989993734444
37036,117.47130598068108
37037,551.4776740268067
37038,162.01546317069398
37039,277.10379070169125
37040,79.38727929494324
37041,155.55860685156375
37042,215.63678053646936
37043,252.09761443529848
37044,101.7630502571442
37045,205.79087394960425
37046,219.6247060306571
37047,285.303758563233
37048,618.6910094011399
37049,127.39285016411858
37050,98.44061153867212
37051,361.7706254190939
37052,137.0442968327162
37053,421.3088071492362
37054,436.1055882345408
37055,170.24321467283002
37056,185.83219881199955
37057,100.49882287494158
37058,204.94174495575135
37059,132.33913535068936
37060,182.2383803248283
37061,258.6477318475443
37062,148.24388882108016
37063,182.21130267851208
37064,214.58447795909467
37065,157.95462008780794
37066,282.37651100974045
37067,965.6359755523881
37068,184.37529027893635
37069,156.59700754619038
37070,648.7958054574251
37071,327.98552323332535
37072,94.47196144991806
37073,396.44955978157475
37074,136.4104632965855
37075,272.64567100014375
37076,350.2523080992768
37077,188.59715939191815
37078,103.7488768528946
37079,240.2072472656246
37080,147.74543381224092
37081,140.9029391439304
37082,185.56766261700994
37083,160.07651232409341
37084,653.5294802965667
37085,168.71985261379336
37086,508.57609465453515
37087,222.36222173160294
37088,350.3139846593859
37089,515.91379839162
37090,180.5968630970184
37091,185.87731873395026
37092,151.36638973714616
37093,333.66981399426555
37094,217.48777282735708
37095,411.2806454557732
37096,161.65407252143441
37097,124.35133494552701
37098,217.63134193056985
37099,533.697156372025
37100,81.93791759510903
37101,314.25823462441264
37102,302.6579040982301
37103,345.39155330275105
37104,11.661919600238948
37105,167.1751038643388
37106,186.1392151255214
37107,274.5340004225758
37108,273.5417132592087
37109,178.41116499754924
37110,190.64373680362314
37111,113.45016085925218
37112,79.30385320291062
37113,550.4441921332283
37114,331.0159767015512
37115,376.1048365781816
37116,132.79894296000847
37117,189.3477566822692
37118,160.90594853527642
37119,171.94083111028354
37120,412.5675319720127
37121,193.18669299388048
37122,180.76094659098752
37123,336.8510010034769
37124,116.80443189415058
37125,187.46417447473576
37126,177.47802001878364
37127,363.40936911624726
37128,257.4717669759367
37129,114.83563988354673
37130,351.3988716498632
37131,204.62795030533866
37132,1031.3912885999432
37133,283.92773253522716
37134,114.77929011139037
37135,331.12307896910755
37136,185.82442803899795
37137,126.59682605251294
37138,374.63066881127486
37139,229.04294031436197
37140,57.69544960728052
37141,150.8145128578849
37142,211.70246841130458
37143,140.07425728701912
37144,408.299685928749
37145,84.50340535581893
37146,275.8097784808597
37147,156.49875955420416
37148,198.70524074342245
37149,159.41975745870445
37150,205.45012836668099
37151,597.1978511636823
37152,352.89596808848637
37153,265.2531450094337
37154,196.79794099083648
37155,208.68568645952715
37156,632.5693889096351
37157,164.90443056181445
37158,537.4033786218564
37159,334.8816705848907
37160,236.6324441273525
37161,236.7580870246375
37162,1020.9402172396921
37163,183.65840030900745
37164,215.91703436460276
37165,708.327576602482
37166,156.29462487322505
37167,373.7728560630266
37168,86.04206898930887
37169,189.04209738139113
37170,311.68818855412877
37171,279.83666214665845
37172,165.1879304491077
37173,202.6509100032094
37174,439.5542059196956
37175,229.39037436665362
37176,163.73191281013825
37177,219.7379191656897
37178,181.77808159125794
37179,316.8509048049759
37180,213.47385943950167
37181,210.89703127430144
37182,337.68302937607706
37183,1636.1192698722982
37184,251.35741908709988
37185,223.70136508659917
37186,303.1491435912702
37187,328.49672411715153
37188,434.75923578688077
37189,471.9084590707273
37190,229.980615319764
37191,440.4785277091786
37192,223.43202888893595
37193,355.9939537307818
37194,239.18591335563593
37195,202.49981124896422
37196,275.467132907938
37197,261.8123059743716
37198,789.5997148057915
37199,290.04593983311446
37200,108.41788244570105
37201,121.29755595111706
37202,124.3929625393319
37203,256.3552385732694
37204,291.52893040547724
37205,308.37511076100327
37206,190.27155007827187
37207,409.5167114972108
37208,345.65661410559215
37209,229.27203861750118
37210,226.33304072230928
37211,765.8909834899789
37212,668.7733263612811
37213,452.61801284833905
37214,426.36534699860084
37215,162.45036747116035
37216,185.1903249241849
37217,194.90682197946091
37218,247.27785007838423
37219,218.2455169272129
37220,135.87691001192178
37221,308.2235416664609
37222,160.49908031015798
37223,180.29039170405696
37224,465.26305638090804
37225,156.78354288582383
37226,1021.237259667521
37227,669.031754439612
37228,259.7212120050922
37229,273.8285746498443
37230,190.35130513121203
37231,755.5946590423846
37232,315.3807016665093
37233,328.0074538962827
37234,123.12092639974118
37235,342.91146364629805
37236,157.4886121281988
37237,153.52098103352344
37238,244.94930728779147
37239,314.5005667191752
37240,248.93104144094224
37241,291.7230328232752
37242,128.72207516845376
37243,72.18606676765506
37244,128.64455462255262
37245,263.15943216686117
37246,220.1041875213031
37247,253.65636932051308
37248,240.0258836030919
37249,539.8393898717119
37250,165.20232411204614
37251,103.65565619775117
37252,147.03681752107582
37253,1713.4853172874382
37254,248.805722211384
37255,105.8440591713275
37256,150.14722662108446
37257,305.6900585407337
37258,98.67595463687088
37259,287.17422721826466
37260,363.1868266064378
37261,777.8983955285937
37262,124.92121717620694
37263,395.1262041655496
37264,271.49500325289716
37265,210.9335253260784
37266,476.41142225898005
37267,220.92555547681064
37268,122.32333139737969
37269,226.22936594743416
37270,192.38253109658217
37271,264.7173766787765
37272,752.9174078554163
37273,243.2476593741868
37274,104.6917436717241
37275,769.7574063555959
37276,297.8870544058201
37277,581.3677122840226
37278,203.412674338008
37279,157.45412698635863
37280,91.62291100003034
37281,763.5434810362734
37282,647.1667837819153
37283,1021.0162071796094
37284,204.76936428580018
37285,421.7778762603279
37286,235.10643135417087
37287,303.9173814948629
37288,267.4109040232034
37289,2138.117066740424
37290,101.75112667087086
37291,127.9149003530063
37292,167.5269389330836
37293,115.18014464307649
37294,78.94782780287204
37295,358.8394393294488
37296,151.65493456651808
37297,407.86274952870275
37298,130.61966108708862
37299,309.7224924760898
37300,189.12729131278783
37301,170.00518059357412
37302,269.72605201455497
37303,98.1223277479881
37304,569.2900544224309
37305,344.5349344235561
37306,393.1514950190601
37307,294.87291193816515
37308,196.96627523975135
37309,317.6746935268058
37310,144.3385785607018
37311,136.45908845709698
37312,224.18577174051183
37313,206.13749940067422
37314,527.6441402548656
37315,155.44714512666772
37316,212.01488153481665
37317,272.3155946394626
37318,363.69009069805514
37319,121.96704263842508
37320,595.1185280945225
37321,260.36621524774563
37322,162.2756584423568
37323,198.90401897471688
37324,137.80672516555606
37325,248.92078708058398
37326,159.51601930113532
37327,206.83197694146241
37328,276.27263486708296
37329,179.90308691031922
37330,261.011442064011
37331,479.2874125626325
37332,109.34625340391008
37333,326.73258007729856
37334,733.2626025205813
37335,225.72744690624563
37336,135.6749553624089
37337,297.6671677692528
37338,177.416866871033
37339,441.3541609066169
37340,348.86370530266
37341,218.44843165621054
37342,162.9359053145874
37343,-74.56490756854528
37344,317.5057159350005
37345,152.1367803371034
37346,265.8159597412724
37347,125.28911433257672
37348,196.02855899277142
37349,112.36639353387619
37350,198.71178083798148
37351,121.70386329177832
37352,172.98083298317522
37353,349.2356701951336
37354,168.54681140752476
37355,529.9786702784093
37356,158.0747230250179
37357,130.28224344331375
37358,271.98910804695305
37359,90.5741012478203
37360,157.11393721797484
37361,342.22507020399087
37362,351.7446956121977
37363,112.04251403939597
37364,512.8907948450678
37365,152.414184336563
37366,130.14256265208343
37367,207.45410730409495
37368,256.1895230419408
37369,638.2688230794631
37370,1262.3086011989524
37371,111.62867880579769
37372,123.07324260923228
37373,343.24675701124204
37374,227.1033375098066
37375,308.75822625650795
37376,173.1166931157027
37377,578.578943404225
37378,277.00756221177426
37379,175.5624600009863
37380,13.683589721222877
37381,120.48959637116026
37382,240.22566893622812
37383,258.4858956682655
37384,415.50295851933197
37385,111.09951422372409
37386,248.07045770093166
37387,473.8866194783933
37388,273.3115620123722
37389,257.3605017043385
37390,189.88414661035887
37391,114.96546108184296
37392,1129.1770427057672
37393,165.98523402852172
37394,523.5078605569962
37395,152.60332307318208
37396,339.5286938654393
37397,146.79485547883027
37398,146.4391192373412
37399,214.551960635105
37400,186.79260637609528
37401,137.46437926546088
37402,174.060484953093
37403,425.9007868706347
37404,181.17195984520632
37405,322.7269439426027
37406,614.6269730428307
37407,623.088228676994
37408,154.61062796528557
37409,279.33313448535256
37410,112.77094142029293
37411,517.9234530437174
37412,283.48467170469746
37413,151.09410615740268
37414,262.34678363550785
37415,464.41121886086086
37416,351.3096920520749
37417,279.7446674757842
37418,476.7840678571068
37419,91.62411478174707
37420,65.87516076814562
37421,301.0756034757329
37422,131.41983726306503
37423,102.87821988673997
37424,309.52693348019574
37425,776.1239663737094
37426,216.895162165664
37427,242.8045263127288
37428,360.7321398009304
37429,156.77443775127844
37430,117.0010655988315
37431,157.44168526656233
37432,1502.7014733372405
37433,197.42306939020017
37434,140.50017273436492
37435,306.4166256457886
37436,223.73931056692345
37437,115.29996440893612
37438,214.86818461893805
37439,248.27641168093106
37440,190.12643684766317
37441,121.9107228687933
37442,510.2180672980126
37443,79.21217283006834
37444,169.02492095795398
37445,551.4154287851231
37446,1370.7322347112888
37447,178.70253044023386
37448,158.04310622875477
37449,278.5491636609474
37450,136.79242359343235
37451,118.64459499142274
37452,267.84496328039825
37453,249.61354258349817
37454,286.2330965047975
37455,256.69894466345494
37456,85.71617212957447
37457,255.33929859004687
37458,117.16654192162235
37459,224.66493192366747
37460,230.80975286432383
37461,124.00593799569384
37462,217.39911441749712
37463,105.34293106876143
37464,102.29107247064042
37465,148.48955878722958
37466,231.7224852752418
37467,468.6879010105998
37468,208.90388898184193
37469,118.84490470807938
37470,227.28065663330284
37471,122.71259700156564
37472,138.33609829714504
37473,155.59190791944795
37474,254.02306852987985
37475,576.951081926875
37476,509.5264146379447
37477,351.5784366998418
37478,169.4166191720089
37479,120.28374651421085
37480,525.2335112168715
37481,422.2340862190945
37482,328.2384925720302
37483,243.52144714756787
37484,88.20921864419131
37485,218.16030822405517
37486,508.1377416012651
37487,668.2390646155709
37488,206.83223190875793
37489,422.91797961077003
37490,22.695642262614008
37491,156.45191571752602
37492,435.5575810992643
37493,151.07468139544972
37494,144.8820057947684
37495,158.42096803273608
37496,295.76124902906963
37497,141.44962304897587
37498,324.23652593847703
37499,127.5033735665673
37500,64.07625026133505
37501,208.27977474784845
37502,185.32332371834227
37503,293.33538957894433
37504,102.658736535506
37505,282.42174303526315
37506,230.35971923796592
37507,915.4907111715365
37508,316.51507853063924
37509,182.44432544797738
37510,474.80514898019686
37511,333.85900784010533
37512,430.50445363842044
37513,241.3557659877186
37514,433.12368631255526
37515,188.38623654984735
37516,150.34382457391635
37517,217.35401249475163
37518,159.98928249568883
37519,397.34668976390935
37520,147.92090912919866
37521,864.553725366962
37522,172.06634075763162
37523,347.2455931075525
37524,530.8563554775766
37525,190.06150649168282
37526,170.8796681994435
37527,239.92203272175266
37528,200.98741521580476
37529,142.34514767232153
37530,110.61060687392079
37531,97.98796581849665
37532,198.1228019337894
37533,66.58129761167996
37534,235.0095086610574
37535,303.7236350866181
37536,235.7323467390017
37537,162.50936981553585
37538,225.43638610975768
37539,500.4836835224268
37540,158.34588039189998
37541,205.66939570778993
37542,173.2792643089203
37543,175.02756858183002
37544,153.92888948719715
37545,248.88361058111892
37546,404.5256552598305
37547,131.6039898723758
37548,338.0350998530045
37549,133.1130085179802
37550,173.32344224980108
37551,49.698012190407255
37552,367.15471122994643
37553,147.1497726385708
37554,189.8973564935784
37555,237.17701427557284
37556,155.51622650376518
37557,426.65157860018866
37558,679.7430383690956
37559,87.23628935134896
37560,171.3996703065955
37561,358.9069119988028
37562,155.15663098859565
37563,254.0060995289721
37564,-26.147067405301733
37565,226.94158260626776
37566,481.3813484972638
37567,1058.706857860363
37568,923.4591792705805
37569,127.27576783838514
37570,451.5902414558307
37571,192.1996150562669
37572,238.5607496867038
37573,150.16572229062274
37574,459.9720465763076
37575,247.2020274295527
37576,276.9761344347497
37577,648.9456385811112
37578,340.6370518358508
37579,277.6535430444428
37580,348.3653310213288
37581,113.45125982995637
37582,201.55447876683522
37583,209.8954519770197
37584,306.6746342751029
37585,210.63054874745814
37586,118.0528254225075
37587,109.13313548400727
37588,162.708032076745
37589,189.0311748631497
37590,432.10169649060936
37591,135.8064428409084
37592,202.04672223401158
37593,109.76309566524841
37594,290.39609848166043
37595,102.17536535360618
37596,272.22335585957694
37597,161.5548231772011
37598,187.44947007894154
37599,136.69019473873053
37600,252.7394162829626
37601,154.14793335878022
37602,143.02111796633432
37603,135.14695429087558
37604,570.0209327299896
37605,113.18999150201107
37606,158.71888420675606
37607,140.1183764404745
37608,177.88416483169237
37609,178.37331610375782
37610,168.1278587760981
37611,194.60377849144987
37612,192.4422413367468
37613,435.2119000290483
37614,445.1320356356467
37615,304.88571682217236
37616,731.9765216115441
37617,183.59983804134606
37618,197.72047838022743
37619,382.14215828864826
37620,181.71690053494538
37621,111.79617834435903
37622,185.53034397418196
37623,233.6638716080364
37624,858.2152194540229
37625,709.8838748064013
37626,157.55557517504508
37627,125.2917592031562
37628,124.47958558075031
37629,218.67403413528902
37630,274.1922057760831
37631,141.39401624694318
37632,528.6097183799892
37633,533.6662090088253
37634,412.0445985008979
37635,993.1807199240744
37636,118.5561224940418
37637,464.7051819556993
37638,125.63705047911246
37639,284.6122976099137
37640,161.30350683941103
37641,174.8746106975728
37642,86.62010265289592
37643,156.1390795909851
37644,579.3303254359961
37645,120.57822768816531
37646,440.85084402499615
37647,478.35796619498655
37648,358.22522025340396
37649,95.35279503747546
37650,135.4280880397455
37651,206.7324440887921
37652,391.6605627216837
37653,141.27213424063214
37654,169.24789840370593
37655,339.2553033203774
37656,203.12795663543864
37657,210.38570878246608
37658,109.1701541016201
37659,128.80101806656683
37660,160.41645452316064
37661,142.60334960278985
37662,278.63792611159204
37663,200.76675061189204
37664,292.82678509194227
37665,290.9055930830799
37666,253.70249135018483
37667,40.947294670956076
37668,219.56996576726743
37669,181.64677690058693
37670,98.33058335052438
37671,162.28903935688314
37672,310.27341386267636
37673,122.47179906033897
37674,164.98681183691374
37675,199.07332557246923
37676,244.8880847627502
37677,219.4929228691633
37678,269.36895326198527
37679,673.0577556553958
37680,248.23080102462532
37681,235.6390561330978
37682,98.14147377504177
37683,247.63101898324237
37684,233.43667486386363
37685,480.2600494999792
37686,286.24115229470505
37687,154.49523432771545
37688,388.23073876467237
37689,93.29727155988554
37690,284.9691001587753
37691,176.2348703848192
37692,156.99777844555618
37693,389.33287073128685
37694,310.21401092470256
37695,264.1777748664605
37696,174.7185220175121
37697,393.8998989636228
37698,278.3594956970647
37699,581.730459664768
37700,119.00748657177942
37701,230.86889721765314
37702,154.90016905571926
37703,218.82608075813022
37704,585.7486946217197
37705,177.4242231070735
37706,428.21167613036556
37707,180.71858490484595
37708,174.15810649120687
37709,145.5481850041272
37710,173.49076128694574
37711,173.11985071153646
37712,147.89292938865648
37713,140.2571772902316
37714,143.82055300128712
37715,486.0435150794672
37716,388.4373898733564
37717,175.00119275729557
37718,360.8483213489095
37719,223.12261032651992
37720,177.91696987564748
37721,156.3034055417256
37722,193.53127166268433
37723,291.1705772706008
37724,317.54991720521303
37725,360.27213709104467
37726,476.7239843418987
37727,156.44619943841028
37728,147.86375309830453
37729,137.47700687834933
37730,337.69341160456116
37731,147.2673608946938
37732,142.74185212485284
37733,289.6903382929507
37734,167.72705627399776
37735,386.39403176633994
37736,110.79400440662143
37737,502.4822342451956
37738,283.9794773882406
37739,175.8468100336305
37740,236.20389224188315
37741,113.39136502751329
37742,128.4056987782333
37743,345.7934880757329
37744,379.56804990116115
37745,92.4747453666943
37746,156.22395582149278
37747,128.04145999707484
37748,220.57485078356478
37749,207.8304253654779
37750,314.74650951908444
37751,152.50001804944608
37752,128.9837888519161
37753,193.7316746562057
37754,224.2775925225892
37755,140.07950554802426
37756,226.82389083099747
37757,299.93031917958103
37758,180.32711119547034
37759,341.8283588717888
37760,247.56409021479897
37761,144.7731341293785
37762,576.546882183709
37763,742.3471000717886
37764,367.64732538082364
37765,321.4931057615419
37766,114.32740183726656
37767,137.41145461474014
37768,176.74636695901145
37769,254.79247779913752
37770,140.48080738589695
37771,262.04191467083905
37772,251.40993055617508
37773,126.38166683564698
37774,811.2171515387379
37775,140.36392118748984
37776,339.37235381670286
37777,104.62325910247242
37778,161.26995216115805
37779,185.70911565574858
37780,251.2898027779485
37781,131.93691894763938
37782,1519.4907442110132
37783,207.00206818736962
37784,510.39746954418325
37785,125.8946047038192
37786,282.3585955665452
37787,829.9848357796566
37788,58.76943394519644
37789,163.4856143598274
37790,139.59921500660616
37791,389.98152441476475
37792,317.26647180080556
37793,456.062355824762
37794,289.17732544169786
37795,300.9696285099135
37796,1285.8609583561708
37797,155.69781940383385
37798,148.3575977082947
37799,309.1457248816192
37800,192.218175966751
37801,220.622118024087
37802,160.76525962151334
37803,69.38827609614478
37804,225.19360462329902
37805,229.6767807175507
37806,300.00815428120785
37807,132.315838863804
37808,207.01121701448204
37809,181.01850040217187
37810,204.05820723890176
37811,197.95186974235406
37812,294.2141705945478
37813,214.43516185674423
37814,473.354298043841
37815,97.14823977336344
37816,149.04391270239202
37817,290.9323425746002
37818,222.0010544347064
37819,413.13509425470863
37820,196.67824528922196
37821,397.76961421023765
37822,88.65160250006045
37823,179.0842707215413
37824,352.77797172275933
37825,150.790905712538
37826,65.05988999087103
37827,150.9485955488211
37828,185.64208066259386
37829,193.15562167289002
37830,169.15758548071304
37831,116.23005620886663
37832,1012.0908354751244
37833,446.31137323344797
37834,596.5303885901997
37835,183.40612520057306
37836,154.1066359391388
37837,394.46882350768385
37838,208.11318506367124
37839,117.48631714246962
37840,268.4718001523357
37841,95.69108785461941
37842,81.22265481389634
37843,170.9231578314358
37844,121.83212807698528
37845,310.23867282585866
37846,226.20209843539286
37847,171.72339955290744
37848,212.0469988290369
37849,193.8424712687687
37850,155.57674894091463
37851,87.60418672876663
37852,497.77953265706
37853,158.066299966201
37854,134.48499746173948
37855,312.19044105138755
37856,164.91589488176655
37857,81.32430057368143
37858,204.31680773198005
37859,320.91522579446917
37860,287.02231584162917
37861,333.15498353333396
37862,359.1030825436546
37863,334.16274984603615
37864,255.63182275870548
37865,368.9652514739965
37866,1402.9691280646541
37867,210.7062503680676
37868,362.80378057882274
37869,132.48594249150432
37870,516.1253183906005
37871,166.3183357408721
37872,335.01065514865655
37873,183.0833554856922
37874,824.5955057542474
37875,712.9896136146665
37876,90.78514386035437
37877,240.16945801433812
37878,264.15062664605006
37879,145.27593040233995
37880,115.06902469251622
37881,201.7224704018989
37882,258.82269761992717
37883,177.18970167131823
37884,109.38621845574096
37885,202.4159259670048
37886,635.0279727491879
37887,311.0510613434963
37888,224.07667419950167
37889,349.5413249745462
37890,257.72220178324244
37891,203.07317791407078
37892,169.50696178792813
37893,170.26360697484373
37894,121.03606542593684
37895,683.8407584274602
37896,427.69973844924147
37897,235.63591388858117
37898,436.84352856531655
37899,218.6799857840387
37900,405.6017007970275
37901,760.2176863232437
37902,206.70281312805926
37903,340.2957173227536
37904,472.67237992400345
37905,260.2452748495199
37906,82.56607414287423
37907,254.1458807456555
37908,255.6729339207341
37909,166.91073607388014
37910,152.78687801220724
37911,314.09944918634903
37912,553.5135020088696
37913,206.20763930272662
37914,138.76514030153928
37915,325.66974719764113
37916,153.4375738969892
37917,83.68551089380257
37918,536.2768053115205
37919,190.90084432149197
37920,262.31203970966516
37921,166.92263805124824
37922,200.13095318487404
37923,107.10940796225545
37924,364.26255030343515
37925,129.9270815365847
37926,167.1339119758798
37927,221.81527626770892
37928,324.1101156560442
37929,241.0617491985506
37930,491.5752920960963
37931,176.61487818705515
37932,209.22847775402954
37933,638.2672350191566
37934,85.42285651970573
37935,239.9102192860446
37936,188.5375713872312
37937,364.9698766629251
37938,183.15782306376767
37939,151.28420533298532
37940,243.94130481531064
37941,264.62976150262483
37942,190.54046621441287
37943,1279.686880473019
37944,155.84964321783644
37945,356.51430492940636
37946,387.7654114425736
37947,96.94163056948013
37948,268.9627597029593
37949,281.6647830820699
37950,329.0325949611197
37951,177.47392643080295
37952,467.8245854667434
37953,144.0925506017363
37954,301.9768004602434
37955,80.35816122300412
37956,426.43447012629224
37957,103.25846617886957
37958,119.09624674189043
37959,979.7155039411728
37960,138.35597137812726
37961,243.57299700820462
37962,197.83300270092874
37963,191.9853939584002
37964,281.18706975408116
37965,386.188115514647
37966,453.4980972344367
37967,450.0008275721758
37968,141.56932476666103
37969,152.89569817568506
37970,322.9298818958314
37971,335.02107166622
37972,132.85607711594093
37973,200.92588141360167
37974,293.42656641694094
37975,260.8769122246569
37976,130.1108201680955
37977,183.06795848590912
37978,277.76340636061104
37979,193.04133928476202
37980,153.83943029186528
37981,546.3309074929624
37982,204.3935355240143
37983,429.47803071776866
37984,309.3672611916968
37985,173.2593083600508
37986,116.12394964150796
37987,310.9262966032516
37988,240.5716824065832
37989,156.85633267173498
37990,655.0795198194226
37991,230.97840859086708
37992,214.27590648768398
37993,202.92519172484373
37994,161.064885274438
37995,250.34189592124108
37996,163.6740057580724
37997,221.24312826253052
37998,109.74038805737904
37999,146.73259335370767
38000,172.8014336423222
38001,147.7799263275106
38002,87.71639931918857
38003,139.60000195432974
38004,85.85372091495073
38005,256.8436143901552
38006,220.201960481953
38007,528.6374269486461
38008,154.9205924989644
38009,72.13320196194441
38010,320.313773504422
38011,397.09069501811854
38012,140.23894299789012
38013,251.76725922344565
38014,501.42356884960896
38015,228.83230738175362
38016,111.31596087986627
38017,59.53652853793484
38018,241.21483014163636
38019,275.85039551826833
38020,207.1417281729549
38021,257.6256327168469
38022,139.77166391337096
38023,338.9549002274892
38024,134.43264927817586
38025,185.0723265863963
38026,115.06701902156365
38027,247.88406608101522
38028,1042.9255198886726
38029,186.97625364850853
38030,1950.8766099563206
38031,134.16842017019042
38032,78.73935123346929
38033,312.8230172876258
38034,151.02495125937583
38035,196.61636809551362
38036,106.88066295968791
38037,258.2249635328997
38038,100.54427889510428
38039,310.89807319031655
38040,281.96757523758646
38041,303.5610891971928
38042,525.7163611107741
38043,177.84829806519735
38044,405.0270014942471
38045,134.46643884236792
38046,144.74019851394343
38047,199.0676402332848
38048,563.497289620409
38049,429.1427813124507
38050,164.64521575736532
38051,817.1055993894823
38052,137.10161006999348
38053,265.8402457878671
38054,581.2692416603426
38055,336.04520102063265
38056,217.98024313836726
38057,191.27747866687415
38058,126.58480327937635
38059,198.53067928923815
38060,402.7583261700376
38061,142.44838829495603
38062,752.9887280006626
38063,503.1761373848522
38064,86.51998291026794
38065,146.55115034214208
38066,308.50119234737633
38067,217.15375800406562
38068,370.2546916828754
38069,204.77896968632925
38070,390.2704173107221
38071,276.88081664264206
38072,398.0087489989098
38073,172.59662663359325
38074,255.4776932467894
38075,107.99300936082145
38076,226.5991767991976
38077,319.00452105223115
38078,200.19927934610206
38079,202.59330132361458
38080,267.7651021205315
38081,201.54017871140013
38082,314.2833934760957
38083,239.63851422317086
38084,363.86179076987963
38085,377.30707314927065
38086,382.18431280612333
38087,495.90927573477296
38088,235.8959791225923
38089,377.2022189984017
38090,324.40429887109855
38091,104.67120252861217
38092,100.1364775252435
38093,200.54671231263734
38094,505.93868870200885
38095,232.03759511908842
38096,210.95806577684243
38097,341.6362049295701
38098,260.8580583997866
38099,834.9077013787017
38100,466.4342878525959
38101,113.51148486047704
38102,186.5707356211065
38103,88.43086264906644
38104,190.75932305575427
38105,210.61693397761883
38106,375.3440116893573
38107,94.74990420385608
38108,169.7987727920183
38109,907.701394441457
38110,76.50618966903365
38111,714.5966907098913
38112,183.59621488182526
38113,252.6765343060674
38114,185.37527233182982
38115,748.9292832764519
38116,209.27105050583017
38117,130.89766790432606
38118,118.92568079680564
38119,278.3842237977101
38120,338.7164801489487
38121,150.01877525224486
38122,407.1235622714343
38123,365.63259612298344
38124,243.40744320845033
38125,249.60304092228026
38126,217.80282745993
38127,362.3975677798548
38128,231.0255332000945
38129,157.17290446632455
38130,219.39955400474227
38131,409.7731148049577
38132,327.292249250945
38133,170.36244046885423
38134,214.40977282997173
38135,267.08156494276597
38136,129.50693040737815
38137,162.31322784444944
38138,333.0943035283746
38139,200.86836797536947
38140,727.8718465293558
38141,390.01741477123267
38142,358.7058724518713
38143,132.01605109554566
38144,159.0758738337064
38145,430.1485425325535
38146,129.24167691110824
38147,613.1884809767139
38148,175.53244364014594
38149,198.95658897542535
38150,147.1776331292872
38151,286.7531030787509
38152,82.68036673626223
38153,196.75380300496735
38154,123.0038241140014
38155,191.1907209430539
38156,163.31555437948742
38157,129.12155226564877
38158,272.86952531332474
38159,221.4162154949735
38160,805.439826189513
38161,247.2252791634746
38162,288.99617173322497
38163,265.7811411860974
38164,137.69280665528575
38165,150.54100442778017
38166,563.9630954409538
38167,120.83015597971279
38168,189.9050835253058
38169,561.1289513207973
38170,237.4439723766889
38171,298.58989063226426
38172,160.65375998327295
38173,190.89429668729082
38174,471.9995381974191
38175,333.76269253916996
38176,417.74354683309053
38177,261.851295094631
38178,338.28920460668223
38179,285.45845171177297
38180,205.9402790581666
38181,167.44684879932655
38182,196.56349577899329
38183,303.64664554260065
38184,429.1524842836675
38185,66.26198416552737
38186,268.60187772150624
38187,216.89688352800653
38188,256.50400305936927
38189,344.18153679196047
38190,226.7262494002048
38191,196.85466872213385
38192,163.08512596870952
38193,280.0788423870327
38194,334.10653273176075
38195,134.91821098128165
38196,425.62722586421614
38197,87.63264528751758
38198,135.2623301171877
38199,260.8824321651899
38200,215.33955058939932
38201,130.77193851586665
38202,199.32863234318341
38203,461.0643677888964
38204,136.42276933230434
38205,173.06168031097232
38206,626.4706397979286
38207,166.1521402244435
38208,279.8801093694299
38209,139.45861905152688
38210,234.4169751676274
38211,458.3886221637874
38212,219.45652063403168
38213,551.1612317794331
38214,134.96899554103067
38215,141.3103179486974
38216,183.59450703099245
38217,246.8400140486714
38218,181.03701511912647
38219,169.18088369310672
38220,86.712218897867
38221,315.9635060655391
38222,165.47110516198657
38223,102.22836161406057
38224,203.82409816965813
38225,147.22741991345163
38226,191.95630789726323
38227,115.50839694523206
38228,723.4011600957574
38229,139.25367973827468
38230,272.88466473041495
38231,169.34351422302757
38232,129.0798776197532
38233,110.59886632557178
38234,252.61810560011224
38235,315.7057298485429
38236,588.9059263910793
38237,139.7663137751328
38238,134.1174796413468
38239,335.9714632787682
38240,101.72863870927739
38241,122.2035022502158
38242,167.09831142982316
38243,231.30002827928365
38244,343.45341256837156
38245,190.8742291495675
38246,137.77210682903691
38247,501.33091899526784
38248,144.86288313690807
38249,406.1052155198183
38250,78.89500909876203
38251,255.57626276128394
38252,230.69028275526802
38253,279.1404923417543
38254,144.6929863643481
38255,305.70341409305524
38256,86.8594455050331
38257,262.19738165704536
38258,159.21752515433863
38259,262.519013443667
38260,166.81474765234444
38261,102.07776875429605
38262,197.19599303211407
38263,215.11425148839396
38264,341.5000136073562
38265,141.4500452850279
38266,260.0431264662706
38267,271.9109772896284
38268,101.72311969677347
38269,238.18921017518505
38270,681.4722376608651
38271,279.61510496156365
38272,167.63201331802625
38273,202.97780201503727
38274,395.4255412688468
38275,82.04492979456555
38276,135.9654896918634
38277,227.9183325525985
38278,173.07023270141914
38279,262.72900235133045
38280,300.8322669004599
38281,127.1388847879308
38282,872.928150280676
38283,172.31127281993452
38284,350.8994203281567
38285,471.523593635149
38286,290.16584224017026
38287,190.83455069467922
38288,150.41227696377703
38289,120.66947090340845
38290,261.9893072213849
38291,842.1942888398016
38292,111.73756761399146
38293,148.09858729973075
38294,154.00417057297096
38295,343.7078819029795
38296,181.18253510104344
38297,168.1141376385993
38298,559.0804102781639
38299,414.0482795480651
38300,132.4808382561089
38301,214.84098627427798
38302,267.2343055166605
38303,301.9669915394822
38304,323.7393055381723
38305,391.69248038222355
38306,129.8532700895162
38307,232.60770645257358
38308,363.87184933727616
38309,129.66419601762365
38310,342.29727304558924
38311,196.36891545966287
38312,189.17791217716209
38313,210.9400105046829
38314,137.21393822665286
38315,180.22965407549893
38316,108.96070233320091
38317,151.10375876053408
38318,357.1693984294693
38319,155.4141578409104
38320,485.50994909088246
38321,240.07721819390298
38322,115.8898587074949
38323,172.53985221066887
38324,661.5389124459135
38325,172.23679143523492
38326,367.7703053610266
38327,106.22963111669132
38328,167.52590154104178
38329,312.23669563462533
38330,358.2199901051664
38331,155.17725097751585
38332,146.12960033419915
38333,231.4339687892332
38334,167.93952418557058
38335,126.22557022651444
38336,270.41691360420623
38337,91.81839611205467
38338,215.98790317247395
38339,350.6388765485084
38340,218.9550299499173
38341,460.6859474222018
38342,428.428156850313
38343,186.49961956151427
38344,164.60375678432743
38345,236.2855229548341
38346,194.2106988729924
38347,860.86041166753
38348,421.227268629194
38349,121.41649069165322
38350,66.84977700665296
38351,275.07224583161855
38352,135.44065530512623
38353,553.2007847296082
38354,121.2847960594298
38355,273.54287975475097
38356,191.00357300833363
38357,270.31906999680166
38358,252.18235949276723
38359,143.94798569716477
38360,260.64428476024335
38361,133.90718446859546
38362,378.8568111284115
38363,761.6540824374434
38364,281.65386514850314
38365,178.31888557010262
38366,288.06681229751644
38367,55.9352540072112
38368,105.8076897700953
38369,223.65264579485154
38370,374.91754171121585
38371,570.8072584437874
38372,307.17547432021416
38373,468.8684851468517
38374,147.29459329782256
38375,1997.1020682966746
38376,201.8332445765479
38377,189.2747092155018
38378,225.20370184207124
38379,185.40344880653853
38380,257.7823813473475
38381,219.21798036288843
38382,206.55748402567778
38383,430.3358423621162
38384,269.9578646406913
38385,310.27020667736576
38386,106.58414990347362
38387,222.0607359612926
38388,355.7539505125472
38389,373.72064563580113
38390,108.96300432454747
38391,183.8862200524794
38392,183.02737719179638
38393,207.22328198526483
38394,308.5609940356286
38395,1139.327710770199
38396,258.52879831299384
38397,194.87496730727065
38398,268.33230842024926
38399,191.43624746831432
38400,195.77879158735985
38401,159.9920422750746
38402,615.8166926209022
38403,197.12634597324706
38404,153.37880657695362
38405,162.69892243118682
38406,294.80509362926176
38407,263.28236419672857
38408,194.7728101531136
38409,198.31789252990322
38410,151.98116137133962
38411,174.8280273435171
38412,354.10320225523293
38413,205.050545620652
38414,138.32620233746007
38415,-131.94923674265124
38416,243.09647476494806
38417,516.0663236333406
38418,242.67021415325965
38419,120.66298422827698
38420,311.6408027940268
38421,245.34193104590693
38422,107.4243887638628
38423,98.84571273187944
38424,615.1178320568472
38425,342.8514140526382
38426,92.82974800657122
38427,947.9251985388538
38428,210.15718032315388
38429,340.5687436713799
38430,147.42546660194978
38431,156.94033413937314
38432,422.7770326054124
38433,162.81739427215703
38434,295.6532796520588
38435,349.5157665432864
38436,158.58241820030088
38437,227.00067600769685
38438,217.29065754509367
38439,228.8817280348965
38440,277.32932627640866
38441,388.64612191841815
38442,231.49698139929905
38443,347.0936714895732
38444,659.0365462754008
38445,258.62978160245774
38446,261.53390654567227
38447,365.0372749647455
38448,202.32857380025285
38449,412.26750434269803
38450,257.86280690851885
38451,641.2257360155207
38452,157.3587804538399
38453,490.9822916947281
38454,126.71177637478199
38455,168.12384269169812
38456,134.52469655622696
38457,299.77978392491815
38458,144.75595995396478
38459,1041.0429342734185
38460,293.32331440559005
38461,200.0191210437657
38462,518.1018426775545
38463,134.5281132762888
38464,185.17007865956458
38465,702.2091813507907
38466,289.30060491749754
38467,554.998247581875
38468,470.40124141016616
38469,144.64070081118422
38470,270.8407976276074
38471,207.69613458926273
38472,181.65245985876615
38473,220.07462118179595
38474,149.0514160904384
38475,328.2562907807309
38476,374.81025426467005
38477,223.6962476600009
38478,878.2005695295765
38479,222.7195295029064
38480,177.93294297672236
38481,342.1638006314847
38482,148.848100203195
38483,183.20435300717935
38484,124.36053172968273
38485,141.73524112930528
38486,171.7667411829889
38487,355.8378169175675
38488,137.6602060166648
38489,247.6549349275947
38490,157.3588142503042
38491,437.63687609588027
38492,249.95306977886025
38493,116.44253597273041
38494,276.3148257414844
38495,477.4663481913554
38496,310.82496421841256
38497,331.36550792934975
38498,187.61345804291645
38499,315.63642681507446
38500,215.51954762168936
38501,282.1301103433778
38502,140.3408303273182
38503,185.23098488886225
38504,58.41224234345404
38505,341.87731059960686
38506,-24.36827392159797
38507,145.24611986285257
38508,142.63408044125632
38509,256.9716049065399
38510,359.5230733160322
38511,321.2146675310472
38512,163.0380585525926
38513,103.26256685421461
38514,264.2939644771706
38515,761.9613531704821
38516,373.77482522683437
38517,149.72322907657545
38518,245.4911481430471
38519,278.0437429063031
38520,223.90192296555776
38521,234.96255693712277
38522,250.06589257012988
38523,294.0727122282898
38524,172.7220678091145
38525,209.8433184718071
38526,202.74223501514876
38527,762.6625065694236
38528,366.49442094236787
38529,424.52077988440993
38530,365.8334102253978
38531,522.445563785138
38532,103.91669355818193
38533,122.25685553937832
38534,189.31908683532333
38535,187.05513003825732
38536,375.7494294786938
38537,98.0697364515019
38538,388.27927425555254
38539,151.4294075002533
38540,464.0779545180159
38541,121.68822138410039
38542,226.77237687196273
38543,102.94574189372325
38544,140.80559236253575
38545,390.4588939762783
38546,190.1267313058116
38547,338.92217688337945
38548,398.77973567254435
38549,216.69778773433566
38550,467.2173893870289
38551,1010.5693307631925
38552,91.1439537520549
38553,156.0316293566246
38554,186.4165128111912
38555,312.2518343956772
38556,397.30057029171616
38557,286.254617006414
38558,229.84985057804218
38559,142.69783438770182
38560,544.2821872928738
38561,229.3024550282001
38562,189.98822668100624
38563,163.71861429597797
38564,265.66484300379096
38565,90.78757211888791
38566,293.38952194432665
38567,187.99835303945162
38568,268.9953560355885
38569,91.15219178232577
38570,224.6796872229015
38571,130.84640616503557
38572,149.95295424402235
38573,512.1109912998702
38574,315.87718663953495
38575,200.2106269379291
38576,180.41924183304855
38577,233.730255457476
38578,164.78209853225331
38579,243.784823238683
38580,190.00431889375815
38581,209.63633603435454
38582,231.04846404202792
38583,133.78700532171297
38584,138.5700451543542
38585,529.1356280143563
38586,163.94622115456164
38587,382.29166041532005
38588,98.04173015048187
38589,709.9004598642118
38590,276.2440961292748
38591,113.23491666868216
38592,116.45604078727268
38593,182.3771905479272
38594,379.40130679073974
38595,206.47983032135454
38596,76.01381236966787
38597,303.15104523072176
38598,161.2372386415821
38599,130.09674858263705
38600,151.7577215669663
38601,418.9838197621882
38602,294.30930293817636
38603,223.218261163886
38604,165.0264044837136
38605,268.7708647568043
38606,237.93476261311525
38607,104.51542075905293
38608,95.40763477516714
38609,258.4881060380635
38610,281.8366461878952
38611,98.60380205278554
38612,253.29246970565478
38613,134.42099736036394
38614,193.32661379427444
38615,130.34088423135339
38616,360.18663655765675
38617,119.45644894089224
38618,257.6034452364781
38619,467.70881348779454
38620,149.29515984116728
38621,185.36539257089333
38622,199.50981937462475
38623,111.47033003666276
38624,203.86306010237394
38625,975.4076608035296
38626,244.86014900533112
38627,306.9305134460256
38628,265.396203085418
38629,214.9227331007659
38630,139.8579968073262
38631,1060.8654466745518
38632,143.05909412157436
38633,86.54233436701399
38634,143.8211807894463
38635,418.74007631278465
38636,111.81886548968866
38637,117.96353928598313
38638,203.3890967323352
38639,188.92028909722788
38640,410.0892349676124
38641,409.0136738528168
38642,211.303418766611
38643,167.88683988326642
38644,232.00144365027387
38645,360.37738893539745
38646,153.2465930438073
38647,176.8529429814801
38648,209.9428939530666
38649,102.85152738069361
38650,265.9343478414507
38651,132.47179550412605
38652,212.8324257379639
38653,542.3095381367332
38654,233.1544181071668
38655,213.97238589288085
38656,271.1612648945523
38657,257.71711890681865
38658,499.4378591621135
38659,364.55368496602546
38660,148.61795429964832
38661,465.22439147181274
38662,1140.1679918349946
38663,1228.44719988546
38664,161.944360877783
38665,169.81123314175574
38666,398.13546537880484
38667,198.60266685110145
38668,247.27033620369698
38669,425.4947465954386
38670,194.4909781637175
38671,184.5079075401935
38672,273.2000909198179
38673,181.92380573757026
38674,193.699868677154
38675,285.4120769720138
38676,264.03576845559024
38677,382.65900871928886
38678,273.9834245019575
38679,268.3381596140774
38680,194.39146839238566
38681,195.39940413114022
38682,307.5453010996644
38683,588.0260475953675
38684,174.41224818381022
38685,426.52121638588255
38686,133.33335058647918
38687,287.63491888784523
38688,155.02497629971947
38689,174.4429157403283
38690,637.6674345136258
38691,329.93459841020046
38692,224.27829446150594
38693,83.03540005818128
38694,209.8873307403942
38695,118.1766240236378
38696,218.2419865225714
38697,137.75161056546656
38698,153.26933538958227
38699,164.9457076247113
38700,257.2516027142541
38701,150.3564385865768
38702,204.846661472566
38703,113.985598197146
38704,114.39474291397502
38705,481.0798215661373
38706,107.12269151464376
38707,245.00284128564923
38708,342.00647578728234
38709,273.2968771358831
38710,292.9151926278627
38711,224.52073668155631
38712,298.76534538451045
38713,523.3257743548182
38714,159.7717733387145
38715,573.5553246764447
38716,338.769917518013
38717,454.50529982494425
38718,228.5257767858603
38719,131.16537984445696
38720,86.26470448850735
38721,232.17158655209397
38722,113.52198732115231
38723,77.0121385376012
38724,457.7305496436721
38725,216.01593264783926
38726,337.114979543918
38727,1044.778562637251
38728,818.8719662656475
38729,361.2105948720243
38730,289.2911718786657
38731,334.9599672360388
38732,603.0307037883395
38733,1211.0135230596625
38734,202.06286179735918
38735,124.904175301988
38736,697.7041701170923
38737,179.35138856610922
38738,229.77658850560138
38739,293.39976510314244
38740,191.5392254823389
38741,186.83116354416237
38742,849.2189200981421
38743,306.30438490316874
38744,609.5040476188899
38745,186.2776957870009
38746,542.7067162526615
38747,139.0693371465508
38748,211.15288964457454
38749,339.31368179128685
38750,246.59414076335028
38751,137.5456618364877
38752,166.43800315253432
38753,618.0494530740033
38754,238.4824968443237
38755,557.261944503429
38756,163.88546470447093
38757,-36.28161292350963
38758,149.62170973929858
38759,185.2926521284503
38760,413.54986324053465
38761,547.0858821523241
38762,183.8315423447655
38763,556.1102993582596
38764,130.75286881632465
38765,234.18020394454217
38766,145.83293693937347
38767,221.59572753910288
38768,411.25012212614024
38769,1011.7548513725988
38770,99.95690998694253
38771,381.9432031161037
38772,355.6919337261492
38773,197.63300804366514
38774,556.1670637532534
38775,309.3751905055408
38776,519.5129783013258
38777,248.28719950888
38778,331.6808636721626
38779,204.73383705239232
38780,347.76361165320395
38781,143.72608158711537
38782,803.5577235715642
38783,135.55521123115537
38784,137.55444216451258
38785,248.37331175237225
38786,121.88801963849983
38787,253.1109900565519
38788,153.1726152057838
38789,269.5784167771258
38790,180.2629530424873
38791,210.0027285312862
38792,207.55780452510155
38793,204.94014567218076
38794,97.13175805858687
38795,118.59649888275793
38796,148.0748758950917
38797,132.88103542888376
38798,216.66211726348513
38799,341.882220397075
38800,252.64832759575438
38801,412.39177313014955
38802,365.58616020591666
38803,240.40830158229525
38804,401.3657491021523
38805,287.8697596917972
38806,161.39286938356494
38807,650.8260527235233
38808,368.2085518034121
38809,201.24959261222753
38810,227.97520552523426
38811,206.24979546494785
38812,258.4881903696321
38813,259.7260164549619
38814,327.8110196196168
38815,315.55691082175696
38816,259.96007567772045
38817,399.55255783704513
38818,266.0870976131354
38819,178.60683188257522
38820,166.76580039137258
38821,580.4353568889823
38822,336.1444829958375
38823,182.0415102666051
38824,94.46678646695788
38825,248.74270444224786
38826,321.5163549629656
38827,471.4597313891436
38828,378.40166459238264
38829,170.71853210733187
38830,433.7936042713263
38831,162.4874672684212
38832,193.3646626419968
38833,255.7936655822938
38834,381.25594264012534
38835,231.32344652935546
38836,183.82035299868915
38837,218.31060717582452
38838,157.87453519052866
38839,714.278059913398
38840,150.30364740365263
38841,319.21772103229927
38842,178.9107305131455
38843,578.2800167020023
38844,111.65695145560419
38845,270.5313175635145
38846,152.19003402569882
38847,351.31467171258726
38848,300.99409656573977
38849,187.04245311251768
38850,130.2124314662907
38851,125.5332139463436
38852,158.6164003525072
38853,253.2799669328157
38854,153.17792006140735
38855,185.83512373266524
38856,174.87090181763236
38857,552.8204726106445
38858,116.82487557257501
38859,233.34967464162096
38860,130.1276830784202
38861,391.91468683296483
38862,186.24748501653545
38863,246.91306866862905
38864,134.9095692808225
38865,211.91756159267172
38866,160.427184839465
38867,181.9428689077929
38868,324.04135883412704
38869,79.62619388465663
38870,681.5379301501367
38871,283.24099012638516
38872,559.3420800939482
38873,224.1161664276189
38874,271.397864116581
38875,388.2734604026328
38876,143.2017842008865
38877,390.49956430129913
38878,168.69147111008192
38879,274.9965733909978
38880,160.95103304737174
38881,319.34697595706376
38882,80.80563111804399
38883,130.79916287216452
38884,137.80646795572866
38885,252.26561059995518
38886,294.9677878323495
38887,649.8759300642029
38888,194.27831680900027
38889,317.6690432179827
38890,156.38082378149667
38891,172.90784601845738
38892,17.191402358246116
38893,792.1222210375414
38894,200.3190866083709
38895,239.081443803472
38896,193.8443528821732
38897,224.0509844407587
38898,157.2241126233256
38899,242.77184847355386
38900,112.29843723169934
38901,284.9250268021902
38902,180.1952109802973
38903,174.1395101357297
38904,148.8991055160908
38905,-36.84615145384054
38906,229.28839828338567
38907,370.762574235694
38908,281.21041314432483
38909,326.9058232533632
38910,218.38553881374648
38911,151.60095484931466
38912,189.18818648119358
38913,173.58073771005263
38914,357.36335924820435
38915,241.20329953219562
38916,169.473837044682
38917,220.59498299936038
38918,1395.710240682984
38919,231.31940488573673
38920,337.3413610870094
38921,201.15448242934593
38922,230.86815035757556
38923,233.03240498800147
38924,281.0879553847647
38925,473.33901194700786
38926,603.0676094008628
38927,90.61586030154422
38928,180.837682139267
38929,146.0794927133159
38930,152.61222926506142
38931,277.03467762338033
38932,99.76739888204348
38933,123.55971666920512
38934,580.8822670317599
38935,479.90770223586185
38936,392.7381448487424
38937,256.3551148660107
38938,240.85747269946495
38939,164.5543842202511
38940,144.68779273078079
38941,149.23204025075682
38942,178.82551167937285
38943,552.2570511466638
38944,189.9280459815795
38945,341.1962136025589
38946,729.5958784698884
38947,361.91110053124135
38948,149.84258104718438
38949,85.31740436713018
38950,215.61538717230522
38951,215.05792428865766
38952,141.035351282781
38953,188.9924710707284
38954,200.00063583055558
38955,176.2748407218383
38956,251.16497040576732
38957,704.362804580927
38958,304.6915205560363
38959,115.81428246162011
38960,158.34905457987364
38961,147.76570777840837
38962,155.34883136769363
38963,493.9449582496537
38964,289.6906977605799
38965,910.202305257726
38966,285.0009756309426
38967,268.0655183359827
38968,181.35776636736327
38969,880.2381029544937
38970,245.59220597063089
38971,165.5979024156066
38972,143.60552317673478
38973,207.54136785279795
38974,879.3619844140148
38975,415.5576675549107
38976,205.0699208813353
38977,398.1899332178488
38978,137.51564158376254
38979,138.87796908594444
38980,473.8823347320078
38981,112.68642954941902
38982,120.9148197958971
38983,163.65420904398323
38984,217.70873900781564
38985,400.08553614933277
38986,552.5032527922123
38987,269.47220757260635
38988,255.1546993234992
38989,144.3271448007658
38990,176.69118001620473
38991,257.30480281239056
38992,246.68435130217756
38993,196.09338055410294
38994,269.08825467096716
38995,203.21285811444704
38996,382.8120103745672
38997,226.82506359415444
38998,153.20330132825217
38999,110.66420296389525
39000,228.83501365851134
39001,178.45486790812004
39002,202.1661296053559
39003,366.74438529932337
39004,120.19095000106263
39005,202.31190401059135
39006,206.83981942479753
39007,115.58745631909343
39008,410.7234883392949
39009,213.5433780586609
39010,123.53378916436755
39011,180.33975077959622
39012,257.98720051744834
39013,844.5769614780589
39014,286.0532596917814
39015,289.7369963961816
39016,235.71272765697572
39017,197.3081740269245
39018,225.5988042058537
39019,129.78952291387148
39020,217.0622655056157
39021,293.6571808190749
39022,212.73740012846457
39023,213.6396315655131
39024,205.10585998595673
39025,618.1008293117351
39026,528.7277466963252
39027,303.96701026898154
39028,179.00198987028546
39029,405.07772244742273
39030,190.2030681390874
39031,605.9469639596149
39032,246.45782154056116
39033,141.10850504311486
39034,301.1855593558747
39035,185.87322102168545
39036,134.51290061731999
39037,132.9915314668505
39038,1370.9352346464711
39039,389.74742367642557
39040,151.51486902632584
39041,227.05311259821812
39042,288.5912543628678
39043,383.28666545624475
39044,133.48553776709895
39045,142.00944501210202
39046,279.9712288259528
39047,234.9709598257669
39048,234.34642665978416
39049,330.72076286870924
39050,65.60718473716302
39051,757.0402312729267
39052,322.84214545029073
39053,145.5549835077667
39054,157.16632868999505
39055,620.2153733509786
39056,251.3096479220961
39057,494.9297152052651
39058,362.633467812657
39059,318.51184545656116
39060,376.73067491502877
39061,243.99694034828238
39062,236.2776703515274
39063,167.97587763076478
39064,165.92979210953666
39065,167.97089920026846
39066,151.16732036914897
39067,240.18437614209344
39068,421.542456081494
39069,234.11560347230554
39070,246.59787298715537
39071,935.2663644056258
39072,171.00871487703424
39073,226.52276153163353
39074,214.54975259953636
39075,423.807311495946
39076,334.30980552243307
39077,447.31592593252685
39078,219.04809462601148
39079,256.055285741745
39080,289.2023419392331
39081,754.5611666998694
39082,238.24946311052753
39083,668.2239082092892
39084,100.71534995661494
39085,418.16511331066204
39086,84.65712040895858
39087,423.16022257249136
39088,152.09992693447631
39089,204.26858392912564
39090,158.0198873282148
39091,146.3248136352649
39092,208.16350921866044
39093,187.69283256100192
39094,229.82722006883395
39095,137.31392327967419
39096,346.2549729845521
39097,497.6141699132727
39098,274.6764527914918
39099,593.8028284992971
39100,140.89373732017017
39101,509.73340001932013
39102,122.99259811972001
39103,120.31611582112818
39104,383.4084461600225
39105,326.0966590320174
39106,186.4842559362514
39107,650.7152650014514
39108,274.0779355541345
39109,171.7043116438592
39110,486.10771613008194
39111,177.95789686868815
39112,333.4646545004002
39113,148.65190606484185
39114,168.56130727550385
39115,170.6939550999725
39116,97.44839986815194
39117,498.7610784004328
39118,385.95682900520603
39119,1020.7905902852135
39120,129.63106659036242
39121,139.74319497739933
39122,435.404251636687
39123,297.2757534439357
39124,298.37136496484726
39125,331.56261858456566
39126,329.76291877101954
39127,425.3794383292
39128,134.44794679573334
39129,189.2438402137307
39130,912.2887636308507
39131,215.44689444229456
39132,150.5171980302969
39133,290.62627914015803
39134,132.59071675491867
39135,293.7039269355817
39136,143.14447866407565
39137,257.5823267741279
39138,469.8421761500782
39139,368.45981986102197
39140,144.2010754064846
39141,194.217881676089
39142,167.14312524998397
39143,129.57108340938052
39144,149.66754561077778
39145,114.22714774773057
39146,153.92060992035067
39147,228.7168055080656
39148,217.21473671759327
39149,103.89992844684822
39150,275.40841599084115
39151,253.71977313327815
39152,423.66452264484894
39153,243.29295789526466
39154,123.94961308968162
39155,915.7493819208627
39156,154.13569442519864
39157,135.7433225096236
39158,622.3363172731842
39159,177.0271355374253
39160,228.76978107411185
39161,142.67429907162892
39162,314.72281507674336
39163,122.84615779323542
39164,363.7644385462591
39165,140.3303787267111
39166,108.70510996604406
39167,177.63066561853023
39168,85.09430565504239
39169,173.8367249900559
39170,64.46093605603494
39171,210.44198697038726
39172,315.2540804317378
39173,653.467070770804
39174,170.53802736980992
39175,180.90540885670018
39176,178.60148460656325
39177,94.77549054136072
39178,144.0040309787081
39179,188.78411921258015
39180,248.70990792308444
39181,236.66313824419015
39182,112.95060823652673
39183,680.047665315961
39184,202.15725865518368
39185,772.5318841908834
39186,485.8934000174836
39187,940.21235467437
39188,114.1282851782506
39189,83.14611977263017
39190,425.02660844021875
39191,273.17687644057503
39192,213.21877326828508
39193,227.9795565091512
39194,155.83192843305577
39195,209.47874127128603
39196,214.90848858204563
39197,548.3471561161975
39198,211.66288566530577
39199,198.86615064831446
39200,514.8918594454508
39201,297.77110224606906
39202,137.0053718202518
39203,129.727739533239
39204,117.43501336684793
39205,283.5612131562191
39206,252.2005258073245
39207,417.42367541112856
39208,425.8143299893559
39209,255.0298578282306
39210,120.32671545100602
39211,334.896149311083
39212,158.5668785868755
39213,275.98173724266314
39214,224.71174411108063
39215,134.048179885445
39216,268.7448971134272
39217,268.9274530364441
39218,232.1517376799373
39219,185.28603056852612
39220,299.0273076878812
39221,402.6956532554074
39222,376.8658194680794
39223,365.5196882070171
39224,235.8373139477804
39225,328.2401874497922
39226,148.3388908282686
39227,346.1765985853908
39228,245.71189518720033
39229,189.93340956027652
39230,793.2585673991063
39231,214.16428249186214
39232,241.17648410408194
39233,64.56082088800257
39234,143.77732118393035
39235,705.3819153569169
39236,550.7473385358461
39237,236.80640483958808
39238,195.86828461006348
39239,342.974985422162
39240,322.0297356590611
39241,167.53346028933797
39242,91.17787409108419
39243,258.87551835697843
39244,403.60175801671517
39245,10.84748649533152
39246,139.03532762926733
39247,155.83742836437153
39248,711.105654238582
39249,211.38268978608806
39250,236.6366329514035
39251,360.9566718936255
39252,215.3979573478759
39253,146.5983146515133
39254,216.14554679976663
39255,272.6265200224421
39256,180.34078474270586
39257,140.19624029160786
39258,590.8616579439001
39259,252.75578120182792
39260,198.39041217365238
39261,209.50456788341546
39262,330.1316020710118
39263,296.2975744749066
39264,336.55208183958246
39265,144.30950122355176
39266,176.2203081198447
39267,172.98884191674478
39268,154.0802525152211
39269,197.39411491024254
39270,204.5691997742598
39271,246.95980632163875
39272,283.93933812313014
39273,351.65676643693274
39274,148.03404165598585
39275,668.4772568221038
39276,274.3833731916141
39277,128.61214446880598
39278,142.01682297032139
39279,513.8888166655483
39280,231.53921812585284
39281,236.21612377154827
39282,378.12456797102453
39283,214.75960002464407
39284,261.9976721140406
39285,187.8937019610518
39286,244.6123934850637
39287,567.5588807456627
39288,224.72644279192576
39289,109.79827084318917
39290,140.5478428872858
39291,250.85240003240025
39292,341.57037470403895
39293,165.22167244914726
39294,392.0223011279844
39295,267.4189233452311
39296,276.83149059264633
39297,237.21763511507731
39298,413.1456230865758
39299,189.1796465573274
39300,376.1225541567038
39301,374.35879075473343
39302,538.0705657544289
39303,550.8144506334481
39304,136.5928343192585
39305,132.89129943193137
39306,184.3225532919087
39307,253.86340709549194
39308,174.41752419025164
39309,246.8542939069245
39310,258.0836151172943
39311,187.24279680950798
39312,745.1248465717424
39313,233.6283538340698
39314,153.01741091035487
39315,158.26529818136044
39316,1253.6888708826102
39317,108.41950699917223
39318,244.1914319676844
39319,283.6709814011118
39320,120.56484776422236
39321,422.1748335546698
39322,583.0655746622958
39323,409.98389593405244
39324,175.29453916222485
39325,88.42052863764638
39326,105.8661023704883
39327,294.20469024431316
39328,268.3508771045486
39329,485.3937567134234
39330,277.3503563308258
39331,423.549352389128
39332,308.32777430130034
39333,123.80129478401685
39334,429.3592842460727
39335,162.49383882512012
39336,384.67853735759695
39337,158.58636737160035
39338,145.50178967814173
39339,90.0876270202017
39340,220.78960075343258
39341,360.59050534349615
39342,231.87475940539906
39343,346.9591497048963
39344,265.31402130262194
39345,196.62043218656922
39346,725.0812970162095
39347,122.3885792835021
39348,220.78261627394284
39349,154.84756450940944
39350,180.61672441455153
39351,471.48876721248723
39352,172.56543887409384
39353,417.1140232343056
39354,425.3920344471557
39355,376.18250190647353
39356,136.7630687859923
39357,178.81886858315042
39358,159.95659218725632
39359,181.2442317056231
39360,345.63454256489706
39361,186.39700427840936
39362,177.23255265325412
39363,207.0222434084995
39364,74.65068451615873
39365,90.73737937371946
39366,259.9823702725776
39367,31.55528923480283
39368,200.12235360744927
39369,284.0846821108352
39370,101.50641542798603
39371,85.72417161917046
39372,171.74922243710884
39373,14.092660649576548
39374,223.9042864622318
39375,312.30517253165965
39376,179.9681670795223
39377,335.4953451559904
39378,137.52147869969437
39379,164.73580698485145
39380,125.39672371981868
39381,194.12657305343606
39382,762.8276601842537
39383,78.16209016864178
39384,92.26644537604865
39385,165.31289215583203
39386,333.85809681276606
39387,140.90004523325226
39388,329.9785951202628
39389,318.4513572135375
39390,259.6046263668486
39391,133.0335021099819
39392,212.8297607398239
39393,142.1118803883651
39394,227.54664883391825
39395,106.38889288809106
39396,206.3934947894484
39397,392.32435963694354
39398,420.48377460576586
39399,362.9503261454897
39400,167.15815743995987
39401,207.17052012489467
39402,141.8198119910333
39403,280.8994540284558
39404,272.1151378153706
39405,319.9392111107404
39406,208.54805607852595
39407,203.89723992343096
39408,80.91448926579582
39409,158.42783626918157
39410,509.7658213747388
39411,589.0071621422588
39412,226.1488279853517
39413,183.97375440167502
39414,525.1915221425862
39415,163.58024779579185
39416,545.3579302729652
39417,299.8482425396134
39418,174.03713251240612
39419,126.69758432784299
39420,193.28668976935012
39421,176.08643613429737
39422,181.79274077128764
39423,230.68061375174466
39424,618.8365314614055
39425,160.5579270045461
39426,262.1874910770275
39427,196.10474882997403
39428,80.89508810486522
39429,178.09010632571437
39430,115.82114554836927
39431,373.8025899673036
39432,160.54278689018776
39433,605.9250617950288
39434,349.750909913537
39435,1245.860219687497
39436,256.59378948475705
39437,213.6268904047221
39438,228.99227336103687
39439,131.19351113105003
39440,172.76443202701594
39441,202.14492154034326
39442,199.2501933970872
39443,313.3707042739328
39444,448.74271099171597
39445,220.15457596668122
39446,177.80770280512567
39447,217.57339524119425
39448,294.0850048297699
39449,169.77244555950787
39450,267.8443124665464
39451,139.07002098553073
39452,304.67995561891155
39453,142.11209502403116
39454,114.57667036898951
39455,486.524793876801
39456,186.84723007561172
39457,368.3780516575454
39458,188.03818190630892
39459,251.37552661302257
39460,225.47183575846827
39461,194.56325864181701
39462,412.243576548077
39463,130.20114286525217
39464,270.2697887646405
39465,127.42409312820465
39466,771.4262859425453
39467,102.6552985896306
39468,181.8480264819952
39469,319.48345683516766
39470,319.834587785264
39471,486.6708434019375
39472,121.30624956148232
39473,425.568209796405
39474,397.13680118625103
39475,219.76951376355385
39476,845.5445169043538
39477,369.026976307981
39478,163.32188432346675
39479,144.9298294291261
39480,66.28613377183362
39481,196.27637936003308
39482,107.6658396783008
39483,295.50177655679613
39484,917.2514856640462
39485,162.4745716844294
39486,209.6426925850098
39487,380.17117065454886
39488,226.5263737169841
39489,186.31927192319156
39490,101.73685508321773
39491,233.90467140122763
39492,252.8674932003013
39493,750.6007247798642
39494,562.1327153072823
39495,415.0824299200916
39496,455.8701422471441
39497,305.8079552055197
39498,448.2009875112177
39499,201.12710104136013
39500,161.63819560319115
39501,259.16421766405654
39502,736.9019904796284
39503,163.93506703035737
39504,105.59944568115156
39505,221.9508704315645
39506,125.43187860688303
39507,134.16488569892257
39508,202.1574420231466
39509,245.8120377741677
39510,153.26808037317454
39511,166.28463095628425
39512,281.37417899332445
39513,191.6718412208934
39514,1424.0983942983346
39515,333.3298237597821
39516,354.3861758083288
39517,145.58211297560175
39518,101.29826673187232
39519,778.229045972141
39520,75.33549213121536
39521,218.26407655561513
39522,162.57957391597373
39523,236.1696318427664
39524,190.39195353559109
39525,262.16459388716146
39526,187.5102872815029
39527,287.58093299864464
39528,120.07649128807334
39529,373.22358884865935
39530,317.6843996473352
39531,944.8179326351476
39532,436.455922477904
39533,179.63545576324202
39534,712.9965668563348
39535,144.44723144292936
39536,15156.857704907745
39537,306.99673113604183
39538,190.03767406071702
39539,321.4828968009747
39540,247.0537488257142
39541,138.65247385574938
39542,65.5567961137853
39543,515.473856396618
39544,332.2391683623709
39545,265.2954786528884
39546,178.56058435948415
39547,145.10871344174032
39548,186.74218476836222
39549,182.10657780672483
39550,131.61862972956132
39551,434.46481623775935
39552,205.96909504603826
39553,194.64025940010674
39554,604.7479675910317
39555,847.7251782841895
39556,137.00384562338243
39557,208.9633630280061
39558,86.46015306428016
39559,144.156143812697
39560,405.9819400098582
39561,168.6186277085298
39562,325.9147855975129
39563,604.9955109707005
39564,282.91121242453653
39565,189.52008694364937
39566,204.73048108296032
39567,105.30556985658686
39568,161.8632611982694
39569,376.3294810352617
39570,192.00342577681104
39571,200.50385027765049
39572,101.67227483788626
39573,63.316238566435786
39574,133.76396752774224
39575,169.49524962592776
39576,360.992695358348
39577,127.2716814886134
39578,1448.2363132801713
39579,257.24116828101705
39580,299.6663552617871
39581,247.12353522685325
39582,167.15492495946089
39583,283.2784244827789
39584,61.54302278084019
39585,132.6154069779851
39586,143.7329190688892
39587,179.4317431523687
39588,106.44526057849272
39589,239.8167152902405
39590,174.47409121943568
39591,1023.8573410260824
39592,116.53416919656496
39593,127.49633018631704
39594,112.93131243990717
39595,93.97944903772348
39596,372.11444303458535
39597,254.7836334530523
39598,226.1624941697443
39599,448.5627810915613
39600,242.03211076875624
39601,414.0289940481027
39602,380.29033863275123
39603,149.94390600818463
39604,209.53143827463094
39605,168.77090080448718
39606,150.76277248834518
39607,637.6124240733918
39608,208.76587713928174
39609,114.25466796152425
39610,148.66749343927185
39611,327.87718389948515
39612,213.8754888978612
39613,176.8590090724234
39614,263.23679786445473
39615,763.6673766299937
39616,58.95407186990242
39617,101.80478678337427
39618,111.50457401388921
39619,799.1544272673872
39620,229.18867565050382
39621,191.09982916246005
39622,185.1507387456737
39623,245.00405417426515
39624,90.32669187079327
39625,194.7866363264858
39626,204.571898665247
39627,146.37654581120995
39628,193.37661913881254
39629,165.49905897756236
39630,1041.7412280666956
39631,145.80298919096202
39632,172.8587433728399
39633,201.10167305266754
39634,178.4087284072578
39635,437.67694547807747
39636,279.01714301050407
39637,170.94858670972366
39638,102.42739032296626
39639,122.03935334311873
39640,344.70514775469593
39641,202.9172810050521
39642,164.08817214520033
39643,159.73859218356142
39644,129.19048413427234
39645,258.5634163135819
39646,204.17580761425506
39647,189.2131809982176
39648,296.7943442215852
39649,239.6759673923143
39650,350.9211772980393
39651,195.37206851043234
39652,262.4628062189145
39653,114.25794972795865
39654,312.8613097288039
39655,332.43901603691637
39656,264.8475107306631
39657,535.9917147812786
39658,260.9635442597258
39659,389.6707809520748
39660,180.65170683127593
39661,225.52393952761565
39662,179.75985568895103
39663,481.26190736754717
39664,150.9859521922432
39665,215.6020913584479
39666,124.06823070067972
39667,159.07577917571146
39668,478.86125701568994
39669,538.1902787050612
39670,162.3293086381648
39671,393.1808476030423
39672,128.38721616607458
39673,93.75384090620732
39674,282.8320045601035
39675,166.30571677444775
39676,275.88568396596713
39677,287.94379293224443
39678,225.80680048334926
39679,231.50704611487902
39680,319.3119748852526
39681,203.364265867276
39682,163.41921611623317
39683,133.03857026906195
39684,352.94182413986283
39685,136.2448665000891
39686,173.63365381747644
39687,317.8591246125215
39688,260.0013460091204
39689,221.0271824850318
39690,141.38832738725623
39691,297.7687548114804
39692,122.34260696540431
39693,202.09919869648448
39694,185.2779111309643
39695,106.50193858145411
39696,140.81628540012485
39697,173.09059070070248
39698,549.8110062286814
39699,322.1226455114376
39700,288.49332296977104
39701,1679.5698125947356
39702,249.04052224399425
39703,506.1100927039721
39704,180.86499946520343
39705,615.4638317434503
39706,137.195715167783
39707,297.6940584488351
39708,183.78268132308767
39709,256.5839563426182
39710,130.67294499114863
39711,216.96284062394363
39712,217.15397265802423
39713,682.1003530490748
39714,249.82299102482636
39715,286.5239355418537
39716,239.88501556357699
39717,630.199862189198
39718,214.61747471203262
39719,175.91103225888386
39720,270.2540072793772
39721,436.08823470329753
39722,276.878990735989
39723,143.78244653149707
39724,124.33434579487513
39725,130.22550299531062
39726,178.3013090810372
39727,152.40039892630338
39728,204.59469807722263
39729,443.48994707219185
39730,194.48742779753113
39731,1000.225486072163
39732,133.60337882471532
39733,280.7555576071523
39734,193.13378836883246
39735,272.85854711093504
39736,182.2624581899741
39737,303.9437947689652
39738,227.91976042063558
39739,272.40083888184904
39740,308.0123122769414
39741,138.22469409449087
39742,122.64030841249108
39743,210.96232014800717
39744,89.24146870479368
39745,182.26378524317153
39746,419.5714047545545
39747,80.56465129044206
39748,166.06559804663164
39749,166.20310641603228
39750,334.8094294238098
39751,345.4370690578988
39752,144.16414886596095
39753,145.6461673256348
39754,131.22306862743255
39755,107.19067739046109
39756,242.54692504898918
39757,543.380057813459
39758,91.92391573611228
39759,358.6885533393899
39760,916.125204888554
39761,224.86046877253057
39762,165.0494325093995
39763,867.3857200403376
39764,217.3754069539396
39765,189.52595031546318
39766,203.66322618001564
39767,188.71154189934688
39768,107.21883652255403
39769,290.3774230589999
39770,307.3841449808154
39771,365.70594755675484
39772,295.2911497982766
39773,355.80011009234033
39774,157.00389373753936
39775,238.88656206343646
39776,212.4677476709407
39777,202.48097921500772
39778,195.41160144270154
39779,301.71607872642994
39780,256.70169846186565
39781,1039.4646125549893
39782,88.29198925312718
39783,338.44692993222833
39784,412.81562758332416
39785,192.35362470134652
39786,167.16296521826348
39787,300.8369759481898
39788,326.18835070941316
39789,183.3552315075519
39790,130.51516202697687
39791,191.3302479671537
39792,320.74469862382364
39793,158.60852976530762
39794,134.77332377038653
39795,175.38866966143962
39796,112.62442868206514
39797,1064.5835825992713
39798,127.38483866168558
39799,140.77511177827108
39800,276.20798868448776
39801,306.83599508599934
39802,167.9546951576942
39803,730.4874436157534
39804,679.445458504346
39805,340.39500280392326
39806,445.79081745067094
39807,479.7084279191665
39808,757.1762639821218
39809,90.45792640524807
39810,165.427655860315
39811,140.88444790899456
39812,364.46014543322997
39813,239.06549527703658
39814,221.73416444551665
39815,194.90909031897272
39816,207.2562092758122
39817,246.00486855571995
39818,188.89315594636213
39819,1032.6057317582595
39820,569.783392887504
39821,121.62328412252042
39822,388.95335761044834
39823,331.99604561498495
39824,318.28392983626384
39825,241.66884494073102
39826,115.25509860161844
39827,604.4856354475478
39828,340.65940607643137
39829,278.7857288672701
39830,193.3425611618955
39831,244.69251509363866
39832,135.6664774535014
39833,325.15343313716494
39834,205.3330644989198
39835,329.8472980466588
39836,108.9022603216884
39837,188.44639307370844
39838,175.35288032426686
39839,433.6058660890525
39840,210.93879232324042
39841,513.7309649040716
39842,326.79396630464225
39843,214.44912624952502
39844,177.78668746598944
39845,81.38162174744467
39846,300.391401198652
39847,77.77626572375391
39848,143.52723438292222
39849,372.2351230746768
39850,257.49724819233506
39851,338.7494966282912
39852,188.83627529255546
39853,483.79523895884194
39854,434.76677804913754
39855,275.8768227809118
39856,243.58774335104732
39857,256.76634712171943
39858,220.74366642683069
39859,223.35312013080693
39860,188.88001117524715
39861,403.69332236136137
39862,536.2413489109931
39863,231.2933613308248
39864,243.86510682931458
39865,187.53809969797072
39866,115.80932333116836
39867,324.1820004035565
39868,86.44763183911111
39869,230.0830077905799
39870,656.2253207832313
39871,201.11360393658452
39872,266.167904003963
39873,232.3213166662548
39874,1225.0471899292045
39875,146.7518051884032
39876,202.26477474369764
39877,386.4410929622875
39878,168.57071827005996
39879,186.11137798324046
39880,177.9012474290764
39881,133.04063996645527
39882,214.65061485258255
39883,519.9283175759869
39884,120.35353479069492
39885,765.5899995436569
39886,213.77124509377268
39887,201.78032102534996
39888,102.7001015287267
39889,175.47255636241334
39890,345.02899225003654
39891,392.8468499521764
39892,88.73789825650859
39893,1085.547776100281
39894,359.5192535772813
39895,134.2877764750865
39896,194.1417031734553
39897,254.20809790937622
39898,217.62337688474457
39899,171.73111223784613
39900,392.1727169257837
39901,446.70595840614504
39902,304.83472564805385
39903,150.93525635187282
39904,636.4121880652906
39905,232.41727102750698
39906,512.830423964536
39907,330.21468720346303
39908,206.15854807878895
39909,334.4875984571902
39910,236.67666845152323
39911,205.73090718060263
39912,235.28988292249883
39913,130.84567617205926
39914,246.70303084297186
39915,125.77364782888586
39916,777.505257791667
39917,639.1943892517944
39918,257.9119923363508
39919,840.7277500900257
39920,347.3990213272213
39921,376.4355307558101
39922,175.89448889751677
39923,222.31227772347137
39924,182.1730323581252
39925,722.5595630997161
39926,288.27699286961814
39927,376.07635280967384
39928,301.5777545512244
39929,311.9147372434503
39930,133.56689715454664
39931,326.90758697649386
39932,760.2534525255143
39933,365.8369010691242
39934,312.11745551088165
39935,637.5448532339761
39936,586.2895697791656
39937,140.90728294447987
39938,493.34798195392153
39939,139.96955802161003
39940,301.7995236340723
39941,190.12505374390946
39942,209.23370595507475
39943,365.67644131946446
39944,624.9137566934161
39945,597.4595570138614
39946,57.96878020827881
39947,357.87468450634987
39948,311.06221277392797
39949,347.08350409318047
39950,259.0212065789203
39951,474.5986352456229
39952,194.61209680558113
39953,256.3289874627553
39954,184.90076687310133
39955,422.02368596527
39956,144.37715498446994
39957,356.3351459527483
39958,428.6281076386009
39959,65.83985634249227
39960,224.73003037852587
39961,107.59171375449272
39962,228.22083550043786
39963,193.59613900711136
39964,208.10632433075892
39965,506.39416479134036
39966,1030.964010042539
39967,839.4684248844655
39968,275.8609627413489
39969,134.69979967256793
39970,656.4429054251549
39971,266.16743991809136
39972,117.1040291588246
39973,124.26248715378739
39974,104.01112660880355
39975,87.44198091099982
39976,327.1936317818088
39977,208.15190554766284
39978,106.1867737917954
39979,184.22265297640254
39980,399.60941038544473
39981,212.11765919021155
39982,122.54528527056416
39983,187.94557129975746
39984,157.2612122714058
39985,198.32903869295964
39986,595.2169216674979
39987,561.4311921865549
39988,368.5728984254572
39989,133.3560476012801
39990,277.54919407069696
39991,257.69477155019996
39992,405.73740496941116
39993,83.95321677105008
39994,225.70276001559907
39995,198.73378315008753
39996,236.3958299817997
39997,187.33461016805518
39998,281.02247980603863
39999,377.92280507207124
40000,261.6069293084319
40001,194.6485532455538
40002,150.41066736909067
40003,236.89143281711162
40004,195.69782266731966
40005,1073.7812374247421
40006,131.411325804729
40007,436.34502831997713
40008,172.95359993998932
40009,557.3327392167065
40010,735.8127305522258
40011,210.83736299132823
40012,519.9781125983286
40013,119.72495152578422
40014,155.4564902648936
40015,183.3251917763133
40016,138.66475049486823
40017,393.6273160691727
40018,113.07683959144468
40019,302.7720420089639
40020,396.7111552176081
40021,818.7725777808837
40022,266.7709736032771
40023,186.38147411631905
40024,209.97828627697763
40025,162.1974666939857
40026,229.0025446743217
40027,560.89078191065
40028,281.9304162871723
40029,227.09545442116107
40030,182.00842310297494
40031,179.70131937682456
40032,280.92205659545374
40033,281.76985935460294
40034,1235.4267377583596
40035,403.3481373041805
40036,1058.6070467840643
40037,137.6919933142978
40038,546.0387059872147
40039,184.17039870878108
40040,378.24368556846514
40041,852.9172564352074
40042,274.42262643494604
40043,135.51724247080756
40044,531.3079405199047
40045,702.6362617228674
40046,245.03261076215387
40047,158.49012969591152
40048,255.1309865260216
40049,176.52159533484863
40050,123.97424755961084
40051,495.46537286400877
40052,283.3473360387939
40053,421.71274311963225
40054,482.4228780601723
40055,126.9076408588112
40056,160.133642371401
40057,142.29983311315428
40058,132.7354561909159
40059,352.2212641233955
40060,376.41733537472305
40061,706.991653842637
40062,121.2418336238059
40063,242.14656620468776
40064,135.62941173460825
40065,179.93828797059047
40066,66.06103056002226
40067,160.4859536766977
40068,312.15184646557935
40069,226.47603256451478
40070,276.48311592081444
40071,691.3160183821033
40072,616.07079234873
40073,144.76421520937708
40074,433.5940207207308
40075,365.7367090568847
40076,144.00453661119238
40077,1168.8924985862989
40078,185.14022423473784
40079,208.57795776549395
40080,111.32060838340614
40081,294.6230645379902
40082,258.1453333159981
40083,464.2292521964545
40084,402.1984541628874
40085,225.35237191623878
40086,142.18999613317916
40087,277.64168166364186
40088,511.7788835592001
40089,107.85924457480296
40090,583.5990599673974
40091,526.1333756660439
40092,58.2601594276933
40093,307.99636351832515
40094,142.83400569790422
40095,625.233254107509
40096,222.08614417299304
40097,2026.3778760294153
40098,131.72772839281978
40099,81.59994589787593
40100,110.65118338725549
40101,240.1995092156739
40102,220.93786926186309
40103,226.10247030794744
40104,265.78976061504903
40105,423.659179077368
40106,1262.8766077934938
40107,161.39351523942045
40108,164.81782321838915
40109,91.34943751134271
40110,406.3258682196956
40111,598.6456067212067
40112,239.31969427642247
40113,150.05641765612194
40114,109.12591491676267
40115,619.7622057740433
40116,253.30096038845986
40117,120.02918513940398
40118,153.24938840394225
40119,152.47401589428898
40120,435.2893695016252
40121,186.86291158733016
40122,269.05367918460234
40123,164.94158483571192
40124,626.1761173492945
40125,505.1699871917823
40126,249.11508528432557
40127,1265.56593670571
40128,246.45753153723172
40129,111.74888437409845
40130,145.74733235819815
40131,122.08342803110425
40132,249.4675690048994
40133,148.22775973736967
40134,187.65524385419693
40135,325.47683830423557
40136,336.9621347313262
40137,526.6070454199919
40138,190.85809356269021
40139,210.69180685692749
40140,122.6002952686927
40141,219.52232836556263
40142,266.04382142002856
40143,272.0831421400511
40144,310.1661243203847
40145,236.1921276748579
40146,164.2380657005761
40147,352.4364989990742
40148,94.1341863500008
40149,411.10863788238737
40150,114.24118166237761
40151,204.33323049372885
40152,178.43963268748828
40153,177.69355018158998
40154,115.81274917537098
40155,432.2164020662666
40156,290.6625553784757
40157,118.59774660632138
40158,144.81526738325766
40159,399.25458416948794
40160,868.7981390061807
40161,833.4290963880132
40162,228.2995640696487
40163,135.98366134025324
40164,225.2370888685714
40165,175.599731266316
40166,320.6544355819962
40167,902.873459595631
40168,350.21329735064336
40169,386.1202915641635
40170,340.6918957218422
40171,187.50913165809538
40172,423.69977138535484
40173,179.63024466890894
40174,167.38420702459644
40175,113.2674588326392
40176,163.9330333766215
40177,1776.4508161097538
40178,199.61682418031336
40179,170.0728556781225
40180,125.12062317221151
40181,149.37771291491484
40182,170.87639071255245
40183,106.81614419442464
40184,313.0156430894425
40185,172.67588718304768
40186,273.5294464015423
40187,265.34939760469325
40188,160.12692026332275
40189,125.30959371590924
40190,155.72199358440423
40191,209.2393848247951
40192,144.87365369106138
40193,220.53567380745557
40194,538.0773418227827
40195,136.0320339405298
40196,226.887112812679
40197,72.4333618220901
40198,136.1551765164666
40199,531.3555074115127
40200,390.49729701263703
40201,127.72905952264722
40202,96.18731905417302
40203,198.64443468413685
40204,323.74638598890255
40205,390.7792879486084
40206,294.7560128751244
40207,220.33542716781622
40208,196.19932970430796
40209,470.71661794548504
40210,533.8566985048301
40211,222.91957978107746
40212,300.5589502195122
40213,199.22806214509677
40214,144.86468808355946
40215,329.750836359405
40216,135.5425264563291
40217,331.8482999266963
40218,412.8541847521889
40219,529.7610724895319
40220,183.59551930586363
40221,211.40524909800553
40222,192.4985559454837
40223,87.85630655044078
40224,232.66161652543792
40225,247.85733451947047
40226,83.14172368037583
40227,341.30334772965074
40228,229.13778291775202
40229,277.25013521661026
40230,807.2636429603772
40231,234.0816579360887
40232,303.0576211623873
40233,244.79678714844485
40234,548.511699839329
40235,107.10450338830267
40236,157.25052014694793
40237,120.28363966778896
40238,428.5846237111059
40239,214.84539983807744
40240,118.13162186489909
40241,248.08115697318632
40242,1431.8966836737122
40243,173.29863923921738
40244,297.8160914741837
40245,679.6312104887704
40246,263.7161098632971
40247,127.57286731926767
40248,286.7509342870694
40249,360.0984312731148
40250,459.9470804773626
40251,322.4089997604567
40252,506.3784739029367
40253,199.02529973553516
40254,200.43495534805632
40255,147.83397618324074
40256,307.6845261207547
40257,289.4130824086364
40258,131.56227287688012
40259,343.94335916647367
40260,591.9221317235614
40261,178.43187839872655
40262,99.96574580851124
40263,130.2103158807708
40264,155.4187157041726
40265,252.74552070591858
40266,139.81185445310734
40267,208.78708634566843
40268,255.52102272056942
40269,175.14860610567726
40270,204.11265922920086
40271,173.1057500133277
40272,108.47074840454376
40273,276.13705032432745
40274,139.37059582357293
40275,533.8439710773772
40276,181.31106143648657
40277,794.2743218109496
40278,177.2070138766655
40279,153.89381255487436
40280,122.60775326393278
40281,251.23061969194885
40282,566.8839722586579
40283,348.345719679369
40284,112.16641198717032
40285,349.919445199882
40286,299.8421093397707
40287,494.4654257675183
40288,585.64673432082
40289,597.5081677332648
40290,488.62443228247514
40291,602.264445164772
40292,204.55618753575985
40293,205.0618119425621
40294,121.73685821805446
40295,185.8081815963575
40296,911.379681758732
40297,89.88906930877243
40298,250.8116744248417
40299,170.76141856959487
40300,128.96111529320265
40301,164.9288340533927
40302,570.1949479113944
40303,309.4645973892651
40304,137.10640564283437
40305,419.3423234290481
40306,222.1599066597503
40307,482.35120533341586
40308,286.6813371670715
40309,194.28984286170657
40310,113.56064608054241
40311,258.08166080374735
40312,150.68650152728296
40313,347.9122916999547
40314,100.1866805440821
40315,173.93416580624555
40316,181.186327603351
40317,216.10067612885229
40318,364.0901778922698
40319,403.1741942756675
40320,174.31462629061699
40321,101.3921670193645
40322,155.73910402451045
40323,125.19272866469127
40324,112.92780003555963
40325,441.44692190968544
40326,248.4577388834826
40327,604.770965095627
40328,166.61409168928975
40329,379.83645480800584
40330,648.6409988109066
40331,279.7622960404287
40332,619.3126368114496
40333,37.22032896284878
40334,156.28863767907367
40335,165.6222544772185
40336,165.21846971079603
40337,282.30708077044653
40338,131.12209241558332
40339,169.26761839750978
40340,194.69992464624502
40341,129.3149100368966
40342,192.8685924646192
40343,142.1709300309754
40344,723.1663673242468
40345,549.6408117126305
40346,93.9695357179685
40347,163.97726938655012
40348,128.22828855067493
40349,186.2777836543457
40350,285.27133690466525
40351,169.84286212404737
40352,261.7902261246414
40353,205.22178828579086
40354,202.99163330019203
40355,145.68538448058692
40356,776.2586835824594
40357,139.33270329665893
40358,139.33201807600602
40359,231.78965274737664
40360,127.55219956242962
40361,413.62948697664496
40362,184.1015683399304
40363,167.8351896301719
40364,165.0319120466639
40365,168.3021799687094
40366,360.6271686598922
40367,137.85773376898047
40368,249.90595882464012
40369,287.1678479713939
40370,280.94417425251277
40371,112.51216225508627
40372,334.45288851408145
40373,361.1786415093395
40374,240.8149907280869
40375,623.7194095531125
40376,266.89737687771606
40377,263.45979940865834
40378,256.4698617396635
40379,199.6132035577299
40380,350.0644728663281
40381,511.8026976484234
40382,171.66834438451093
40383,233.01450362175595
40384,147.76529334962214
40385,124.71698669307393
40386,369.98952340010635
40387,158.77038405748817
40388,543.4831750329374
40389,197.25408024042576
40390,618.5556364548822
40391,364.1099051101403
40392,299.99759360270696
40393,126.88034308947061
40394,236.11878234270728
40395,129.2047870096817
40396,283.73151381389175
40397,86.45522120886172
40398,230.4361134199791
40399,179.21448358285193
40400,358.9694803144418
40401,293.57683465771055
40402,329.180987026753
40403,176.04178702218078
40404,476.0469248718669
40405,191.159120714414
40406,335.77075488771754
40407,187.03135643047568
40408,390.8179306514723
40409,203.07126501392253
40410,254.84666520631754
40411,99.48473847395522
40412,264.1790650443297
40413,117.68684093932802
40414,333.22543039247876
40415,180.82464344466058
40416,345.2923715058678
40417,151.3666934003769
40418,253.8493226181593
40419,100.7876349469362
40420,211.96047495369092
40421,152.0237011279949
40422,153.69818961836927
40423,475.8075972117408
40424,222.75753218376175
40425,379.8543595130668
40426,445.9277029974841
40427,332.7695710334224
40428,182.55790091147554
40429,227.1851134338663
40430,575.5579042809677
40431,168.71670560832862
40432,211.18336247638032
40433,200.9723762225501
40434,134.25489618481657
40435,447.6785616021324
40436,190.36864291420983
40437,209.96964004847428
40438,192.75326430082714
40439,116.40613401717843
40440,783.3757261898119
40441,569.3794753975212
40442,263.5743279740428
40443,297.5731819802645
40444,181.56070386638666
40445,192.27049516035132
40446,669.8603191009641
40447,108.96640268001256
40448,290.2694392004775
40449,165.7064317442491
40450,435.51340351985885
40451,436.64841457556133
40452,260.93261602588404
40453,141.7092600402166
40454,169.09772141971945
40455,156.21294541926997
40456,194.04350114305817
40457,238.6625368155922
40458,280.2058834706573
40459,131.15270143315675
40460,227.5445808639506
40461,515.1387302787631
40462,236.41929170475197
40463,161.0370301485447
40464,184.3557588720944
40465,145.25870872307357
40466,204.59823017620988
40467,234.96899422880196
40468,254.22648879849228
40469,207.61914504540263
40470,202.096790064407
40471,323.50759595561897
40472,254.52359176587464
40473,128.5897178934026
40474,262.47044188294313
40475,371.6098246305924
40476,138.1210541573329
40477,133.7242442803777
40478,195.06551589132118
40479,242.49310396451344
40480,853.5880577517893
40481,260.5244212774654
40482,89.12827192430647
40483,195.1026838380923
40484,197.79712933294704
40485,362.5265920202174
40486,151.6492358439132
40487,252.959188314773
40488,224.9614501891641
40489,124.74953579974317
40490,318.1221412736109
40491,247.0255099273924
40492,556.3320779154991
40493,319.67478660798645
40494,269.89342424966924
40495,391.22194232355736
40496,400.9657226397373
40497,60.830590366905376
40498,348.96187502509093
40499,132.33747627904106
40500,432.13842857533433
40501,426.67121770714294
40502,199.55739216880286
40503,2299.161883541172
40504,114.13271656815074
40505,343.31395167060884
40506,131.20850911048785
40507,206.92004645722756
40508,438.01844692923606
40509,213.78771244948473
40510,196.7511891313581
40511,76.98942960100841
40512,91.05721143291882
40513,190.402400881318
40514,250.25064718032297
40515,107.77409604010955
40516,177.50039461792866
40517,151.97139688244678
40518,92.97796602642201
40519,332.8534043193197
40520,355.3379328762437
40521,105.88928761326181
40522,135.96349035689903
40523,630.3963961506864
40524,511.62720190598867
40525,426.0784658673806
40526,127.66130884799547
40527,204.9488923099983
40528,121.5344202410631
40529,687.3016474245675
40530,505.64121848180804
40531,164.64427714588118
40532,414.6473603859915
40533,135.1393226724779
40534,214.15092173603344
40535,127.06027625407854
40536,199.32607884757442
40537,167.83830490259376
40538,144.65929264391497
40539,141.647066583019
40540,168.10180074790904
40541,196.3066158315348
40542,168.99019897465803
40543,210.77235931178203
40544,360.3337744666776
40545,196.6328464565784
40546,269.7534063856918
40547,355.8159509618786
40548,197.83069687235636
40549,101.93557282641224
40550,429.3509056776757
40551,223.64694005251295
40552,94.13704687218059
40553,253.9419772608556
40554,122.1136982848135
40555,92.99496160187513
40556,148.19769457108808
40557,274.5026694846479
40558,220.3323845740816
40559,421.9006905469853
40560,171.16865224964843
40561,133.52905396495802
40562,750.0266868623671
40563,190.59190147498992
40564,118.78894607878206
40565,150.19913612354793
40566,218.75075356490015
40567,125.45222649998067
40568,216.32359185344893
40569,545.6455421304354
40570,710.6310110614513
40571,279.63035785139033
40572,389.79245468821557
40573,333.4029835911467
40574,234.6028886347453
40575,134.23888267365842
40576,251.72170128234941
40577,443.1128278169167
40578,261.7144477052564
40579,658.7264255409937
40580,307.4251118262851
40581,319.27011930191645
40582,333.1022153868789
40583,226.00198365311488
40584,222.61858218097206
40585,307.92509567188404
40586,269.6257050393812
40587,443.92597838690386
40588,216.61074508149474
40589,185.42543105847793
40590,305.30588614378064
40591,238.79280244920534
40592,381.65613588427914
40593,290.17860383921357
40594,277.9227588515624
40595,148.2821438594432
40596,316.53346273383596
40597,130.87597004961953
40598,431.0626226381756
40599,309.3669745500612
40600,162.45775063137842
40601,571.01650307489
40602,163.54000013060184
40603,123.290852816581
40604,365.8787575169421
40605,370.0149883447543
40606,340.0117385955786
40607,507.8940742674181
40608,206.77736625766448
40609,149.25715383569408
40610,550.8725408086358
40611,194.39330453990462
40612,112.76627582896543
40613,178.3921673261559
40614,911.8357487561836
40615,242.983772101787
40616,234.98444057136626
40617,176.3410870805674
40618,130.91973379096999
40619,338.18146346451357
40620,142.13969390756844
40621,418.61274944546193
40622,156.3725936135122
40623,562.4364641908063
40624,119.03640317113272
40625,187.38574544590685
40626,606.216432192613
40627,121.05738111176174
40628,128.18590549603047
40629,249.32712978236424
40630,458.84117618327286
40631,491.21876180997344
40632,228.20539463043906
40633,222.20494489110476
40634,168.45078346492454
40635,284.66125412816507
40636,144.03885509046813
40637,152.25746110940818
40638,182.27968097875794
40639,146.4642424746908
40640,135.246380162901
40641,215.07510091603677
40642,186.01681090168123
40643,194.2685822229135
40644,265.62041614399055
40645,720.9072997905154
40646,293.24879709519956
40647,193.2048854449538
40648,169.60471944645275
40649,47.719481600377456
40650,138.41743084894202
40651,272.2325809633642
40652,178.47262480522664
40653,491.9765800502517
40654,111.41137000332921
40655,238.45095702127784
40656,214.75567100059965
40657,259.5340370709223
40658,122.4485331878521
40659,264.39321510538497
40660,152.07082354563045
40661,182.39585907888693
40662,186.26037523884287
40663,186.07198779114717
40664,139.96355525521744
40665,129.21131677326238
40666,186.10398809621228
40667,158.48628784104957
40668,109.4189059753069
40669,222.30994073870093
40670,258.333609670218
40671,426.6295775781387
40672,171.23262529803588
40673,364.96123463117095
40674,130.833360404884
40675,145.9319404502151
40676,394.64434274083567
40677,675.2829792786872
40678,383.26269579179433
40679,230.9846141447361
40680,407.3220267903688
40681,130.32300797661574
40682,262.34683349541456
40683,115.37391218326206
40684,220.63296068368555
40685,137.17371336770677
40686,308.73263893784036
40687,144.13549203375845
40688,224.53161029660703
40689,532.9449674775277
40690,146.00960313370223
40691,157.56708825103712
40692,363.84814462811795
40693,246.70592496964971
40694,84.13020792207482
40695,241.054548054433
40696,253.1278350304994
40697,382.63691072874843
40698,96.40565292110334
40699,479.17267556834116
40700,187.05127818236187
40701,239.9966493456951
40702,168.73900796543546
40703,210.9738824233195
40704,1012.787994908763
40705,398.97871711619257
40706,180.27129899667958
40707,331.80012127234033
40708,198.24732793787848
40709,226.12430508632622
40710,230.3948462782429
40711,204.79281643057473
40712,161.7683352784082
40713,396.00742162673384
40714,182.0312936182457
40715,188.01916254028842
40716,73.80677246474696
40717,159.0586164094526
40718,352.0455282444939
40719,276.31195964262605
40720,510.8399182547823
40721,799.4065279788664
40722,216.87965935905524
40723,155.50437390076738
40724,137.05777673164377
40725,159.74635241640092
40726,286.43075129233523
40727,241.34561145502371
40728,208.22191531459484
40729,340.63456380994734
40730,384.1845353830388
40731,256.4347080752795
40732,368.5542793729898
40733,414.8914801653582
40734,320.63582246453086
40735,147.78168705058286
40736,183.81460808687848
40737,209.13894413173827
40738,150.76766836677916
40739,372.2521088641942
40740,115.40799365634048
40741,405.5355897528376
40742,358.64201857135333
40743,761.9705967786974
40744,310.3847770965344
40745,148.7163756520435
40746,206.99065491451265
40747,220.55056740901685
40748,393.6352961809073
40749,110.79636325219482
40750,258.28837986431654
40751,213.66446060590087
40752,136.79724943111816
40753,209.4521301835317
40754,154.828829399548
40755,573.0208555705179
40756,269.0808554475036
40757,276.7457531887951
40758,258.8282217042673
40759,654.7625598380845
40760,799.0179216687104
40761,160.89949275152034
40762,125.77246857763639
40763,174.4941212347059
40764,281.86189622098004
40765,205.29857365725186
40766,200.91579761438342
40767,392.4761547381348
40768,169.82642630792202
40769,108.20703585922125
40770,156.64734967422612
40771,628.3333763467436
40772,237.0434257255143
40773,144.37346401184652
40774,262.3743920710966
40775,112.8759755115947
40776,150.02380956953198
40777,329.8224610041826
40778,327.77926950480764
40779,88.86611100060202
40780,208.10129026784526
40781,254.09402677076704
40782,238.15323847889002
40783,203.01748163415022
40784,161.50913579671598
40785,68.33414494849647
40786,384.1990204563963
40787,178.94506755139497
40788,305.4297915015829
40789,131.44766920933722
40790,157.64938477373295
40791,290.73638346312924
40792,136.39951037225737
40793,151.2941337744738
40794,574.3613864088209
40795,221.76901191314255
40796,125.06884769561576
40797,179.42546614620028
40798,294.57870227492174
40799,930.8002654576568
40800,167.23311698885223
40801,340.02679274016714
40802,232.9969482391285
40803,183.7977161774234
40804,435.4690091882483
40805,106.62676426040828
40806,572.1108726059722
40807,139.76579932642244
40808,117.64741739697352
40809,284.87881998581696
40810,132.47329186830035
40811,252.9056433819769
40812,142.80728849797657
40813,264.6022455252882
40814,304.78752932090555
40815,202.93745157963184
40816,909.6445077537527
40817,144.62047182172716
40818,157.17598766915066
40819,98.84200741243522
40820,231.78624518703458
40821,330.0306432092576
40822,193.110423242952
40823,103.83229994737032
40824,328.7962436022157
40825,240.75426469583206
40826,80.0953216732161
40827,170.2133086365335
40828,168.83231444572462
40829,225.2685320991046
40830,94.90604181907648
40831,358.93731958682855
40832,237.34328415454706
40833,351.07480485467886
40834,135.31534060603474
40835,266.8530159048564
40836,302.7171511739279
40837,661.2837110534109
40838,182.0270531611538
40839,457.76649395199354
40840,222.0973564700785
40841,96.71737066981649
40842,137.78639483497687
40843,251.68566360967836
40844,893.4730110768634
40845,645.117538262469
40846,113.40561050128912
40847,359.51114978492404
40848,184.88242450978973
40849,181.88925485563547
40850,602.0425371821317
40851,307.84237805698217
40852,114.79341943186692
40853,112.98180647569347
40854,143.41095818249175
40855,340.6121134253372
40856,391.98967244795745
40857,246.1688311395938
40858,228.9813614682554
40859,103.23948032673053
40860,159.290715565582
40861,249.80423454783894
40862,262.042425187801
40863,101.44757343461976
40864,383.2779782919828
40865,164.80973030985422
40866,313.49536065396273
40867,550.6989030473306
40868,225.06360505536853
40869,323.86135451782724
40870,143.93369057605875
40871,179.15567145926119
40872,160.43314608289856
40873,118.9172528340352
40874,133.62406271874303
40875,159.17891168365963
40876,289.5147946699257
40877,209.46567138750487
40878,90.63197452473202
40879,179.19906252947678
40880,123.68611711450994
40881,456.5050603301139
40882,259.4454504277191
40883,384.9823224634322
40884,269.8675902312282
40885,150.13702765100194
40886,1419.9067084934056
40887,340.41079143236254
40888,208.23837539755937
40889,212.9435860811855
40890,170.85587815645988
40891,165.03063462394223
40892,223.22250270341496
40893,322.84802600267125
40894,270.86199179439296
40895,142.0045075313962
40896,516.4291257413563
40897,468.6204884271356
40898,204.65092131504525
40899,286.1198936732258
40900,140.2306361535995
40901,337.2295234631983
40902,174.56628579240095
40903,362.19798391902015
40904,147.81173253234562
40905,215.0733096351737
40906,189.2432026151692
40907,136.2166890500682
40908,264.75421985066214
40909,1046.8460209803477
40910,331.1282424264108
40911,323.4112107149137
40912,149.88570435734073
40913,143.44009592494487
40914,183.02577951120503
40915,143.50760755763133
40916,335.3296766579868
40917,214.82614773644232
40918,160.57034049856338
40919,322.75568772699575
40920,260.38365622813797
40921,199.28991150593643
40922,230.4195191722251
40923,97.29401037032729
40924,283.05237966365985
40925,354.21696338554847
40926,124.91197377874843
40927,288.26168122893006
40928,258.3167177951651
40929,35.10199631106859
40930,224.18217651096833
40931,217.75790997351683
40932,190.72526928703508
40933,161.81415509938424
40934,840.4135868606429
40935,80.22417152222638
40936,363.35933478793754
40937,345.1224838803022
40938,262.78562384147494
40939,341.42467629646376
40940,189.28710065900884
40941,293.25884214835344
40942,82.00901720358009
40943,115.78998922444772
40944,347.30338619520126
40945,347.92115340324864
40946,387.75686904759255
40947,192.8547078242138
40948,102.32164470811489
40949,217.1332819250841
40950,244.7716431158268
40951,152.62488417524756
40952,117.90152353438766
40953,336.4459349590825
40954,237.279475252969
40955,190.06821933709324
40956,196.78214137759173
40957,259.8824225631628
40958,70.4497694476719
40959,314.4039219966613
40960,510.33239885279545
40961,222.77436430860848
40962,323.1671170698153
40963,149.39534533191033
40964,149.11276176707335
40965,216.0463572761319
40966,124.61800756027566
40967,238.0762770662135
40968,166.20907110249377
40969,373.9701379217607
40970,117.07998485585597
40971,291.88056660325054
40972,224.70744731404758
40973,183.2112245326545
40974,648.7101697798118
40975,224.41483082148906
40976,298.15302109257345
40977,237.65413662030497
40978,124.35589667626382
40979,390.75883140300135
40980,183.20525754193457
40981,476.5896625335328
40982,210.93917680613353
40983,119.45432631885114
40984,264.20391087248237
40985,230.0848863884688
40986,211.1901476913984
40987,232.73375027281833
40988,108.12929481162206
40989,331.59949611394796
40990,124.92930265896808
40991,278.7923158871787
40992,284.3837310746486
40993,261.3665817967645
40994,147.87074357476993
40995,384.9723868689765
40996,167.48324253543316
40997,239.50237761688814
40998,223.29779620703493
40999,80.59349964172421
41000,322.6126316358661
41001,126.91545973951533
41002,318.0437953467204
41003,89.80139704342842
41004,99.8017280195295
41005,326.0787907633823
41006,234.9052533184975
41007,204.59722475320729
41008,210.83293077025178
41009,1282.6972002678253
41010,405.19950894430883
41011,126.06867588657218
41012,635.4651924679282
41013,166.7823812163419
41014,160.21611792833878
41015,149.25789771635485
41016,695.2288897535443
41017,184.1162476418423
41018,239.8451415772354
41019,128.48017782411154
41020,254.37544421152043
41021,137.18756539162212
41022,125.35516607932536
41023,197.22534387263389
41024,337.9908188287747
41025,332.8014344807017
41026,274.4327578932201
41027,159.47791968497538
41028,110.83136437551723
41029,207.41775467338528
41030,239.6854756659559
41031,97.02258829525479
41032,274.81766094061624
41033,434.81587936370806
41034,307.6744829007117
41035,223.1135353789364
41036,394.44395627558544
41037,163.80611279751696
41038,707.711572526166
41039,159.80255286222246
41040,202.78996565276202
41041,258.2394613890749
41042,246.4650369360104
41043,182.03706331994218
41044,393.8023505935144
41045,876.4237054103604
41046,238.01438937980606
41047,170.42394716053343
41048,413.2237737874274
41049,115.47803608985214
41050,119.08181397942411
41051,177.09498031719804
41052,103.36450877830505
41053,187.03433126254976
41054,326.69744701317643
41055,115.96185132544174
41056,449.80458230476114
41057,439.3486572327891
41058,226.7802499293219
41059,146.79771378383742
41060,191.08684842669604
41061,212.9711681515892
41062,174.80532634762164
41063,526.9275624268934
41064,146.69371233231433
41065,184.14572360595776
41066,398.5670610946998
41067,631.7416804323129
41068,140.77853306561482
41069,187.55706670716157
41070,180.68717983152607
41071,326.8829523916681
41072,252.06822882445547
41073,179.53221122283907
41074,304.5394861355633
41075,210.43162619857375
41076,116.92612408566872
41077,285.20898057287985
41078,165.4308787142426
41079,567.6285135075705
41080,413.68336706351135
41081,208.0895092810108
41082,111.92693243559545
41083,277.98451563565476
41084,288.23667613579624
41085,373.68032594493695
41086,101.86490002856384
41087,275.6537677786273
41088,225.6990074455219
41089,129.34792139144253
41090,358.5310067546789
41091,505.3764967061135
41092,221.25382356592914
41093,270.51241548351953
41094,117.44898970303352
41095,180.78422613663267
41096,266.8192062798286
41097,50.52558686172003
41098,124.25290151605235
41099,461.00994482239946
41100,168.59370794634344
41101,215.03757901478352
41102,187.4673984264051
41103,269.2106512152508
41104,403.4031424001135
41105,426.18901423143393
41106,176.8147551292535
41107,145.44766270093407
41108,178.69572584619826
41109,744.1894130906084
41110,799.5933431930916
41111,95.88341983392247
41112,1026.4323427369486
41113,165.07999942889026
41114,452.2383932125376
41115,159.9442277896115
41116,169.7433116118646
41117,161.70356403833023
41118,161.95675346645234
41119,160.01434215251996
41120,309.72854106163044
41121,114.52537851211358
41122,186.8164589546045
41123,184.49257863887027
41124,244.3385541543576
41125,331.57630398599963
41126,216.62274854211384
41127,82.32273869427321
41128,136.32906742299323
41129,489.7329814212656
41130,188.7752618389998
41131,504.2072620475498
41132,261.48450852611023
41133,129.69663241723777
41134,379.53618364668023
41135,126.45047640880767
41136,333.2941845625244
41137,235.23903698769575
41138,244.8306470045093
41139,356.19230835056493
41140,91.33277505370096
41141,175.28230346485103
41142,186.76061573593228
41143,342.0400244474398
41144,121.47186327608863
41145,147.2395662768782
41146,171.41686622476072
41147,283.6154319768286
41148,172.18168199369302
41149,672.5930814123916
41150,124.94319448741194
41151,158.95483428604308
41152,160.67481049768114
41153,279.80579850991
41154,253.40588312583384
41155,180.10121575794722
41156,483.1298636535711
41157,209.8145792431676
41158,142.1778846296014
41159,367.84543650661465
41160,334.56704633596155
41161,179.3280330347319
41162,594.245590922961
41163,244.35111364375572
41164,139.54543592447192
41165,211.11656053658703
41166,625.8388183982328
41167,313.11797544099
41168,605.4799919844487
41169,224.15204632452352
41170,761.1522363831544
41171,145.53081402962172
41172,129.85644933798105
41173,332.8986825321966
41174,163.63409640940696
41175,124.05676858681201
41176,193.6946157482001
41177,184.7560589811888
41178,177.35710087912796
41179,289.9842284329902
41180,136.31993127571585
41181,280.3796788789461
41182,157.29282417929764
41183,273.7642497414022
41184,339.19010253519514
41185,156.53273485073194
41186,242.30439170975455
41187,469.6088012121618
41188,642.5547787496735
41189,420.89569160359207
41190,130.67555767453297
41191,267.9960921798224
41192,660.9246836256386
41193,122.74249528476346
41194,256.2270506159652
41195,222.99678604460513
41196,300.9797668021115
41197,220.5192745684202
41198,166.809808131816
41199,190.56251525490077
41200,226.51323300327337
41201,299.13517050883183
41202,731.3606628008814
41203,138.49186446137648
41204,146.02528739154988
41205,202.5050576407507
41206,1138.7330861152661
41207,218.06595239396583
41208,159.058204577435
41209,122.85997416404469
41210,174.7450326852228
41211,247.71573655031534
41212,179.4756773934311
41213,148.50965061240498
41214,140.79306059704803
41215,200.3140749430134
41216,138.2930055049563
41217,325.1388414692022
41218,236.04866673272636
41219,77.70876073833016
41220,163.54174724156246
41221,300.5274667208175
41222,298.2158419774717
41223,355.01197842573254
41224,514.4368510416284
41225,150.86306210691006
41226,301.4531504901598
41227,174.77371001780358
41228,157.41892327469282
41229,197.99429272901313
41230,235.96675335833254
41231,136.9383154122959
41232,351.7700157702903
41233,683.4043380301204
41234,160.4756655712274
41235,351.07645109008865
41236,228.99715227903798
41237,459.0138444151951
41238,196.3420607190278
41239,196.16784060302024
41240,151.80101282126955
41241,280.3946547610297
41242,225.40761166669625
41243,119.88235643045385
41244,228.43942493703267
41245,221.39072584528606
41246,203.1101661976984
41247,188.8495198582333
41248,201.86169347896367
41249,380.3934210071166
41250,342.2021027524359
41251,120.32578003371815
41252,449.5233635364562
41253,562.9450131044798
41254,107.28044209526799
41255,125.25631630092599
41256,199.47556682466848
41257,341.96499772608604
41258,379.7039549245397
41259,286.23289694452177
41260,353.71537906595404
41261,281.1051043978835
41262,106.55217624220974
41263,933.2290120552077
41264,504.9973874550122
41265,170.41358249422643
41266,145.71459631846773
41267,392.2464914286322
41268,199.45405072043505
41269,199.0139374945552
41270,143.13280111355598
41271,212.45768669191804
41272,515.0196340607044
41273,314.29976551010003
41274,99.83562160872641
41275,525.4680174394033
41276,707.700449074501
41277,166.81973407478202
41278,158.80937176405126
41279,205.5999942118676
41280,178.49601580428688
41281,135.8291504733488
41282,117.86272577148802
41283,380.95197325322084
41284,162.22365339410166
41285,65.94300954810345
41286,215.30759569039833
41287,102.65741726361878
41288,361.50632184084145
41289,388.84502860400863
41290,223.16007035041753
41291,410.53356749310194
41292,345.7394650058481
41293,152.55221342852795
41294,444.5471644138283
41295,203.66002827533026
41296,126.65427639021534
41297,164.65915413916522
41298,402.3657061891185
41299,387.5054420662885
41300,135.12766577590577
41301,515.2873379369258
41302,209.21198759753656
41303,268.3825810729082
41304,342.8109633169929
41305,131.00734468693645
41306,120.51400306409025
41307,538.1712667686955
41308,153.02105592601058
41309,274.1086048395285
41310,495.6337438742859
41311,111.81651659793654
41312,298.1620721425791
41313,1054.3294787488594
41314,402.2746331586256
41315,138.586764894974
41316,107.50160255212988
41317,324.01014333111885
41318,147.9471668344581
41319,150.4863235558576
41320,152.27482721617457
41321,695.0475088976881
41322,144.73705767355676
41323,219.02943360561756
41324,386.08647571452906
41325,266.2297704562645
41326,300.6552996982923
41327,3395.139315876849
41328,149.3394991808927
41329,320.0616187852456
41330,511.8315021317784
41331,548.8888157242931
41332,312.2299199481761
41333,130.4368254758694
41334,825.4280706175398
41335,229.15432150096402
41336,272.40848569614207
41337,862.8546163184178
41338,453.3035106792461
41339,805.4083459096056
41340,377.2477223534372
41341,280.3919313153128
41342,364.6505018857522
41343,276.1565865860085
41344,216.75425048664837
41345,490.9855699730945
41346,138.09629597063042
41347,128.01929979073685
41348,269.2336673132337
41349,583.5935009645439
41350,274.300190971745
41351,217.5925284766486
41352,266.4431360332258
41353,264.3422718223618
41354,643.6168787684078
41355,183.54497460765623
41356,1014.3900918862269
41357,8.55303800849242
41358,640.3298887921943
41359,202.0646361104414
41360,302.1107756487301
41361,120.30229888079585
41362,233.5719060224719
41363,269.9915691523646
41364,177.95461169856995
41365,104.28784146605999
41366,229.67061629924294
41367,460.37481265423276
41368,294.04240604579013
41369,229.4690049761379
41370,81.31428641339471
41371,121.11433364147037
41372,201.5623583608063
41373,841.3675931911373
41374,307.0928966190568
41375,393.5142031583776
41376,130.09998357585354
41377,336.36253533278716
41378,343.93776707968755
41379,188.50408431651533
41380,139.85955639398924
41381,246.34695970597036
41382,1549.2861302100102
41383,150.010339878314
41384,242.1528109886141
41385,282.6292869199408
41386,246.47830579291386
41387,307.3668051081128
41388,225.47877256668482
41389,174.27124871201258
41390,383.75544322369973
41391,942.1591610354342
41392,258.5011290314629
41393,139.12766908328845
41394,226.19996672926146
41395,190.2033463320951
41396,177.98991689506832
41397,187.86218820908928
41398,206.6080670127605
41399,180.1044614528509
41400,296.58255216328985
41401,142.22765711776321
41402,334.3087049011783
41403,255.3616759498671
41404,525.3647950953717
41405,149.27300998836347
41406,127.67671434777058
41407,231.45940256119974
41408,154.0939240310762
41409,167.808551074286
41410,412.2333742092558
41411,199.23442917176618
41412,246.10536164440595
41413,634.6669325057876
41414,196.51855379703179
41415,134.50473229067615
41416,273.83183373405154
41417,300.96563444246016
41418,1307.626201793435
41419,109.53616922575877
41420,224.24281713263824
41421,186.61531237038355
41422,149.62351225332665
41423,457.96318638882667
41424,243.46380899061364
41425,132.43845322428453
41426,1487.7634359037072
41427,481.28980565095054
41428,155.35077596844343
41429,217.5319587869348
41430,174.93689996886079
41431,138.83758270204757
41432,287.2175113068706
41433,136.50283568132053
41434,218.60385397950327
41435,194.29636314518206
41436,584.8519512307995
41437,136.57740722321842
41438,783.5999194337707
41439,111.42079717853915
41440,90.2729775668941
41441,79.17485749186022
41442,233.64356251390535
41443,102.56013691894427
41444,227.47513162828284
41445,269.2137761089926
41446,330.3355576333232
41447,407.11679780403944
41448,404.4805078799938
41449,-233.25456581984454
41450,958.1974761577222
41451,401.76452281840784
41452,322.46407125458387
41453,111.69953371677511
41454,35.8555394390513
41455,147.74115214516885
41456,435.84030735495367
41457,150.9357581532424
41458,182.5331850938005
41459,390.0242973161955
41460,139.01847636457785
41461,89.6626211251511
41462,150.70988699121654
41463,247.3071733866134
41464,113.61801982376171
41465,121.9446982264023
41466,261.9239918303463
41467,199.0798168520552
41468,248.87148277250117
41469,207.022522588497
41470,189.0867571204296
41471,230.54645337696198
41472,208.08856845772218
41473,261.62556037078343
41474,359.65396883900814
41475,934.3808833706605
41476,133.9608803271751
41477,483.59028327165885
41478,451.72530259476264
41479,1405.2190846060528
41480,469.49781065211266
41481,403.9248621303107
41482,1182.3561071719596
41483,323.2405559605854
41484,441.5121757219776
41485,470.56318529011804
41486,142.05898954394553
41487,156.23166518396968
41488,507.11095770657613
41489,567.9186756762602
41490,306.9587461679832
41491,507.5681749836847
41492,377.72100945636714
41493,187.6091920104745
41494,474.34124645735216
41495,187.80283546631154
41496,119.02759422585126
41497,97.49245065955476
41498,774.3147269358991
41499,463.904413796152
41500,348.8826820766714
41501,323.73420819107577
41502,185.21391665210675
41503,712.03370250462
41504,199.61280996574254
41505,131.383960979483
41506,141.11765570393104
41507,324.9945178400239
41508,206.44503546857928
41509,143.1830858671297
41510,220.3193168979088
41511,379.2833641251015
41512,129.4719471410939
41513,143.36520704185585
41514,132.04841442543398
41515,111.32658259108028
41516,189.00126572671525
41517,435.82479411299016
41518,126.6994184979407
41519,302.93848693758383
41520,455.4100625263577
41521,32.972423379748115
41522,118.43239370164149
41523,357.73022911976307
41524,227.05986380072795
41525,154.50721327320986
41526,136.33506608222987
41527,146.63194853929826
41528,221.09527280710813
41529,204.39059772294658
41530,197.94154890022037
41531,192.4884509110749
41532,154.9783939079008
41533,204.34393195308274
41534,734.2842906445119
41535,135.03894346987582
41536,97.16643510489175
41537,327.3280020207032
41538,270.06196687798433
41539,341.75061684131776
41540,269.6490536327589
41541,264.1387842346148
41542,199.201956288037
41543,381.8563611297046
41544,171.72052903610845
41545,265.0539353391995
41546,170.2991324468212
41547,391.0960842095289
41548,128.97873109078452
41549,258.55318284659336
41550,161.1320836171411
41551,349.3237322857134
41552,367.0762554606986
41553,472.6465598494854
41554,335.78135884159656
41555,826.415487315756
41556,501.43075682090847
41557,221.86958439166744
41558,179.96849269849386
41559,197.11230092537497
41560,723.2586260709784
41561,501.53292056244203
41562,45.327801358947546
41563,135.97431411775912
41564,178.64502530571997
41565,122.50513156809683
41566,433.4021061497516
41567,-90.58153569110765
41568,449.6266899949662
41569,168.81318783834513
41570,264.4100923337581
41571,106.51481268707593
41572,624.2548065595738
41573,168.2431548262763
41574,279.4526308147394
41575,143.73554120065717
41576,137.18930127037294
41577,255.7255384524648
41578,222.15430041419137
41579,164.25128775867793
41580,516.1493623238657
41581,473.974626541231
41582,290.0770662933026
41583,139.13247587877285
41584,-82.74625029053838
41585,409.3181991463518
41586,160.7991593783185
41587,712.5396300719963
41588,100.5911942506602
41589,348.89496701322497
41590,246.8020043875679
41591,353.0781345234542
41592,477.8215236739092
41593,247.54625783705447
41594,247.34433921062256
41595,3377.462752059017
41596,246.51689585426118
41597,164.6166751474139
41598,150.44743048346515
41599,94.69777655899361
41600,299.9340895885004
41601,293.2228120681134
41602,509.7958798766574
41603,762.6049548127887
41604,349.50934061825893
41605,393.86373908132396
41606,242.37440174671633
41607,170.28778671554005
41608,165.5894566624527
41609,151.07725089464645
41610,161.71382523811138
41611,126.06635194215549
41612,453.5547651891346
41613,306.9266722850036
41614,254.52980954047433
41615,209.90203210735004
41616,159.81592035904043
41617,325.3190140186771
41618,198.10160633399514
41619,336.14350523635466
41620,241.68991120726727
41621,439.3653496951917
41622,184.3609732270374
41623,437.79728835115225
41624,158.23156165822115
41625,189.23584951317835
41626,163.66878442675252
41627,396.4180825431349
41628,233.6462967256725
41629,130.37715538578354
41630,208.56494974134458
41631,69.22482676809433
41632,411.3798118248557
41633,197.00329680166305
41634,260.15920872194306
41635,385.37352948893994
41636,201.9056003918396
41637,452.071469323319
41638,184.31657008858028
41639,168.860797531539
41640,241.48951460242455
41641,162.5136788516998
41642,963.2266761186422
41643,1049.316306083143
41644,222.27328125815606
41645,264.80795976999997
41646,296.48074081784944
41647,216.41552410063514
41648,290.3051337227601
41649,199.0231806232901
41650,114.27983394921021
41651,475.6774997423345
41652,306.1733047645465
41653,272.42259977590567
41654,744.911055113005
41655,129.20952458335347
41656,396.51963559472637
41657,179.68452263958915
41658,579.3589580479328
41659,155.74969051801537
41660,227.182133178416
41661,201.18268718988946
41662,154.57475259162476
41663,350.370820365235
41664,525.1913306260338
41665,208.23067148069822
41666,117.73237176166073
41667,84.105168325284
41668,142.57046715987255
41669,337.03375486118983
41670,482.08304916857514
41671,2043.196278533361
41672,188.21036816056684
41673,205.829705693884
41674,286.4806260833872
41675,250.39622516858282
41676,147.10406653368767
41677,459.5990576904247
41678,174.49421261649013
41679,223.90164022189757
41680,121.67841291060593
41681,174.33168283108276
41682,95.6376956094013
41683,187.60566478818095
41684,368.0789854430573
41685,91.13058083004549
41686,293.0688400328967
41687,444.51129017687055
41688,166.35552908589096
41689,93.82609561407835
41690,166.21602602490577
41691,1512.7561201062508
41692,430.65296388162875
41693,218.79564845093742
41694,128.65680104587236
41695,270.67449207813536
41696,1285.8772339644074
41697,197.47044655094473
41698,479.1131079323384
41699,209.65793846999
41700,332.21720588821273
41701,96.95454553387192
41702,273.7720349224084
41703,460.0218653329609
41704,528.9284651476357
41705,197.0565493549959
41706,137.7396024315586
41707,318.2296937607667
41708,357.8766505177571
41709,236.0530368392989
41710,180.9116129378238
41711,278.844139641338
41712,224.8951832355846
41713,636.557752464571
41714,108.17091318275328
41715,88.12576061132056
41716,186.39949419238283
41717,323.7965663812296
41718,262.85092995913755
41719,135.04960190029956
41720,536.7225466397439
41721,180.84827691450047
41722,103.28864533785962
41723,253.55865297790888
41724,128.0653520986883
41725,119.20828735691022
41726,218.68850668537982
41727,188.5809852028253
41728,267.6108273370482
41729,186.0082731654908
41730,272.25597120751763
41731,100.97571922152125
41732,274.2643571796438
41733,124.91811892710732
41734,544.2921459744899
41735,288.9312708180992
41736,185.31688468443767
41737,189.31761385295428
41738,176.596510842565
41739,336.05525413470474
41740,248.5462561966739
41741,358.2501371753172
41742,224.56435327012142
41743,487.5588278513124
41744,203.65207416560128
41745,907.3521153656454
41746,779.1992305763977
41747,174.08083702341594
41748,259.09760643187093
41749,134.26584658068373
41750,151.32509910689097
41751,236.6230419171752
41752,272.78278110253154
41753,164.40985874498577
41754,226.73260568866482
41755,325.36898835206046
41756,17.067395121405827
41757,129.56920329433999
41758,309.8519231139495
41759,126.17818563938525
41760,471.1659030743223
41761,1264.1015754777009
41762,191.32092968557217
41763,736.132836122163
41764,187.6610622514418
41765,425.6717647634941
41766,193.9367526171226
41767,475.6838620986694
41768,762.9819219860799
41769,399.2991576263008
41770,451.31980411466174
41771,225.0934046923583
41772,401.09985853904215
41773,219.6533763634099
41774,354.2763088260224
41775,248.87037800996865
41776,326.3247564100199
41777,170.39663325760839
41778,361.68583377967866
41779,421.6350444475104
41780,179.45407516451516
41781,236.7879075907292
41782,131.250988260262
41783,511.16774141550536
41784,149.6334755729906
41785,305.0330216366249
41786,496.8253388772616
41787,216.26094886962093
41788,270.45335858122553
41789,164.57252751409487
41790,234.18090954439137
41791,454.8985735047079
41792,121.25197575542613
41793,118.12966201034622
41794,302.7274000871615
41795,221.16638985762373
41796,168.00918718097324
41797,152.05722950014095
41798,521.7684822379896
41799,132.93185142098537
41800,206.59291131912497
41801,119.95002634659154
41802,263.95621347630606
41803,227.3058680792306
41804,165.02930462285445
41805,185.24825060601566
41806,318.19135622756846
41807,212.02530301031402
41808,257.5455831786694
41809,171.0808965105512
41810,343.3487690377897
41811,138.74477430992536
41812,335.8768510425421
41813,184.08188484719918
41814,150.34299486027805
41815,115.38550677522883
41816,193.44010888203994
41817,90.82767012108208
41818,294.493798764613
41819,100.74041055150946
41820,357.598481588777
41821,256.9327282210441
41822,286.53253520706056
41823,222.9892368777769
41824,207.41586721110295
41825,472.24783030307367
41826,274.58649174174235
41827,91.2221231890616
41828,239.66320776372714
41829,116.81976522994337
41830,287.3024167522994
41831,167.09527502945468
41832,183.49421923378034
41833,201.19293553326327
41834,165.20095536472533
41835,181.2151377111924
41836,295.9966930754744
41837,430.66392208093504
41838,720.1359673379607
41839,1934.2218534665244
41840,453.67483810365883
41841,185.54024711942768
41842,333.49143336642175
41843,167.61925202082836
41844,170.68566130583795
41845,165.99764045305946
41846,201.51798788649543
41847,202.75173956130465
41848,144.67780185202247
41849,135.49200898112542
41850,124.46414694637464
41851,922.2605653704983
41852,207.5037988322065
41853,232.03467774283595
41854,186.43484870869688
41855,376.85935579708746
41856,272.56156224603814
41857,156.1561575279833
41858,187.0790020985961
41859,125.49388797166215
41860,143.49220777133024
41861,147.60711102753578
41862,325.7836899899738
41863,204.40407946742218
41864,266.4226692219178
41865,113.38568701071685
41866,300.6397980051186
41867,219.38184056495166
41868,625.778228857531
41869,138.9894086990289
41870,485.4015479920045
41871,99.24031734997322
41872,177.68667591174878
41873,335.0630585782145
41874,142.48577738021706
41875,203.98468314025297
41876,342.96534973339874
41877,272.5476787037836
41878,322.3914731453682
41879,651.6966176727875
41880,603.8956177638264
41881,144.6541824902332
41882,125.26699578312488
41883,145.831635000143
41884,314.96721542735634
41885,270.6416816858475
41886,1271.517138587741
41887,342.4618818852677
41888,399.42721979321004
41889,205.95661718235706
41890,206.1300434101831
41891,266.38334551773454
41892,182.42455142746834
41893,139.74320142777844
41894,239.61676905921613
41895,466.9371979026267
41896,367.28618455406655
41897,81.0772021118913
41898,242.0037141804803
41899,84.3294003362007
41900,256.49561333086075
41901,574.7494234850551
41902,373.4593613650742
41903,390.4900348427528
41904,151.48999748232765
41905,171.27783915780964
41906,170.99124054914543
41907,910.8877786742669
41908,782.0743789241365
41909,290.80197332847627
41910,142.82010226729523
41911,165.11285393186867
41912,137.69444266208154
41913,205.93151198341712
41914,145.12011669036275
41915,283.7111620470066
41916,222.3714825451832
41917,124.83455273110818
41918,185.1088166805554
41919,110.85278043840157
41920,184.02777618936906
41921,101.40191586621518
41922,91.8486074745226
41923,142.69684692658052
41924,387.5505296136193
41925,193.64352633857916
41926,362.5037503999431
41927,126.07346094470306
41928,308.5385867324602
41929,101.77192918935066
41930,127.1327110720195
41931,123.75518495411679
41932,146.55032334177562
41933,302.8249421430431
41934,176.48283286947782
41935,144.76196151777873
41936,215.0380492584277
41937,81.7596331535589
41938,669.7651108687523
41939,156.05945425671993
41940,548.5897882675831
41941,136.7245554293905
41942,96.25046656688187
41943,225.07116362804064
41944,114.77929011139037
41945,182.69943311501336
41946,157.2915159750962
41947,165.66619415997633
41948,225.81357986433196
41949,162.8301113677112
41950,346.5335101155273
41951,149.0667720742794
41952,169.16092170371144
41953,348.2012501962341
41954,94.6172864308804
41955,166.70730493011877
41956,82.1378633989434
41957,206.69731521019693
41958,243.41499198663422
41959,153.58975385754692
41960,524.4931893833152
41961,509.59525780463406
41962,356.28151170516696
41963,168.93238588614727
41964,292.5988482493003
41965,169.3450183460989
41966,329.4833547965171
41967,273.59551364142044
41968,231.9924724576753
41969,369.5205389320337
41970,115.37062804249953
41971,641.4969271435774
41972,280.080642511111
41973,178.37051165485482
41974,647.6184965756642
41975,273.6637298581
41976,598.9741937316784
41977,85.1807490721874
41978,142.77468746447607
41979,356.0924623688452
41980,84.50851348653528
41981,362.71877698712734
41982,125.76829176595632
41983,218.83628736813233
41984,91.13987279885127
41985,399.96664057588464
41986,172.15591825675776
41987,158.30290306343392
41988,173.33118447160467
41989,249.9424510538485
41990,63.64029617808318
41991,981.6636428414473
41992,359.938538429731
41993,268.38090074241046
41994,269.04963883256823
41995,332.405485944074
41996,179.77268371998807
41997,430.9122602286511
41998,294.658707447517
41999,256.4932092647154
42000,113.1606471838269
42001,153.73628223888906
42002,196.77187265546473
42003,271.3868792290606
42004,157.3577134326216
42005,351.9641623949768
42006,186.33548109142347
42007,154.0011441923474
42008,178.2608743540215
42009,188.45471791085598
42010,330.6071437278846
42011,145.4242342688692
42012,184.47747171092763
42013,253.44485608824357
42014,438.7574474548346
42015,185.81088465498007
42016,280.75666167103867
42017,166.74032859055615
42018,190.08385052716193
42019,85.57865744150027
42020,241.80597093212108
42021,252.27407473598595
42022,269.1610652491061
42023,224.7192113934144
42024,297.37900655525135
42025,110.12464220511697
42026,343.93577739517127
42027,146.958778278792
42028,125.70122757205722
42029,200.49373410442786
42030,165.68676166648982
42031,398.18933971849634
42032,143.74948714693156
42033,146.15618970373308
42034,176.08307527864108
42035,123.00731578753438
42036,122.37079915158547
42037,216.10020210559853
42038,392.49760970543696
42039,60.324527653107715
42040,405.16907992736026
42041,520.4174643483717
42042,258.66881028732826
42043,532.0014603582238
42044,225.02685111957422
42045,147.31384245368838
42046,198.05960904773633
42047,191.2549028104819
42048,130.98063350662292
42049,211.86219569009864
42050,356.5547327772929
42051,122.73871419594404
42052,214.5345933893791
42053,223.2733983643846
42054,375.10354973411853
42055,279.9388207838515
42056,294.3402421556318
42057,143.58256494091717
42058,178.17649841191047
42059,825.8657250702424
42060,214.4954614548887
42061,111.16102134759757
42062,141.4907521720249
42063,202.6024834037512
42064,137.92315762235165
42065,237.60110264601028
42066,216.48668909786753
42067,128.11835514167987
42068,109.8889390318993
42069,318.6047968496222
42070,126.83913439640034
42071,170.59710129022318
42072,500.0791428203649
42073,412.232572324208
42074,60.58602088938068
42075,124.86656267105977
42076,161.24786043362332
42077,334.3639947975833
42078,523.8351254540778
42079,79.29738018158416
42080,1082.4975070584862
42081,352.3096505739276
42082,7446.848186951413
42083,128.28035316082276
42084,1009.218115929494
42085,224.74114669759024
42086,185.2676593087635
42087,476.5100460360036
42088,176.38472872019554
42089,286.4838066907145
42090,224.8138069531657
42091,206.4883688891722
42092,496.5586808047756
42093,257.68477945083987
42094,277.3035735930828
42095,184.92953418289332
42096,100.44421724751818
42097,128.86109972089625
42098,255.74985604947483
42099,310.58466331718995
42100,360.3822086023207
42101,185.25682204445778
42102,232.38825361715308
42103,78.17675913444003
42104,323.0571017217448
42105,108.90566992184839
42106,282.06352272232317
42107,154.4380204662756
42108,222.8199330611019
42109,255.123429820362
42110,181.41030589155523
42111,146.36908356011284
42112,346.5889981387407
42113,157.4877971581947
42114,265.79856212578915
42115,162.02793693763982
42116,150.9925232158805
42117,300.120697211542
42118,194.1664905926041
42119,196.12896103048462
42120,251.16330207365613
42121,314.5442696107021
42122,371.5927528860026
42123,244.5802931635727
42124,349.4461463211717
42125,133.49493481986312
42126,294.13750450285687
42127,142.82828671882467
42128,117.57120082202125
42129,110.72925239722224
42130,153.58269285402469
42131,469.55720778317925
42132,339.9712719868595
42133,165.93136523166825
42134,442.5554785134054
42135,147.44540962878645
42136,163.03535394109915
42137,93.8212810539108
42138,225.28510407299515
42139,121.54819667329119
42140,225.81494029271178
42141,183.33177498522147
42142,104.68685409971206
42143,113.05011347056262
42144,82.1357273549051
42145,111.7769438766676
42146,434.4172165362822
42147,115.62508695718601
42148,125.85152389257937
42149,292.42516478452666
42150,95.6813689134588
42151,171.59206849901454
42152,341.4122466973003
42153,97.77732628027157
42154,148.1439068234208
42155,711.3268494788999
42156,339.0472103071949
42157,107.6687239970376
42158,167.04163681012488
42159,144.39179789775042
42160,163.34926239874713
42161,457.54891857769513
42162,190.12233007826012
42163,442.09230110433634
42164,678.9613050897781
42165,121.91315234571829
42166,596.6056290947442
42167,444.5582370201572
42168,412.36879446566763
42169,622.0613777596598
42170,273.46486440382495
42171,232.83997594981503
42172,148.62334575197752
42173,162.36977933009013
42174,127.1550817808713
42175,519.2685917739532
42176,335.59035763472167
42177,142.4244609726293
42178,604.9571668907253
42179,167.87700632781178
42180,368.8943844552315
42181,244.585548712994
42182,225.67815127671437
42183,237.6674926038566
42184,187.48938540195937
42185,436.4608823772827
42186,220.94304995639317
42187,119.8840272675746
42188,201.42758504398245
42189,192.055975260192
42190,295.291335083843
42191,215.2149632186474
42192,201.38365188311994
42193,98.83554951099848
42194,132.94059774065985
42195,614.6777504265496
42196,167.7955758786982
42197,220.57152445026713
42198,218.87733914803567
42199,187.79888674208703
42200,209.35143024044757
42201,917.8806449883157
42202,115.35793374130951
42203,245.13090325070561
42204,113.92265415318062
42205,137.51367027670594
42206,206.07524211266514
42207,563.2354321632778
42208,241.13322996115684
42209,140.52307865770504
42210,228.88783367261857
42211,144.13713813667124
42212,241.0628289435765
42213,359.814434857106
42214,439.739699880731
42215,147.05150482701472
42216,191.1074575962462
42217,185.06437378605094
42218,75.2285499328228
42219,178.14535446534614
42220,383.7914270116873
42221,195.5453727703543
42222,168.52688614827494
42223,144.85215583294527
42224,152.75127039479753
42225,143.90894594793957
42226,122.4498222071628
42227,142.0859738915474
42228,317.5958641544183
42229,161.4973087482144
42230,367.30132659206464
42231,280.8907842183313
42232,106.31306697632007
42233,120.53913287275321
42234,321.1214424501569
42235,388.3631650468125
42236,214.92873066143417
42237,113.74299494922084
42238,166.26624796938975
42239,233.1223221823831
42240,207.0021058090618
42241,130.842163959806
42242,205.2706056954564
42243,91.20022274021103
42244,313.69113346143604
42245,241.9742700135396
42246,301.8055896727242
42247,1371.7215745689286
42248,176.14604216109564
42249,161.6031728474279
42250,160.89680002998162
42251,191.06350769950652
42252,212.659831849727
42253,177.93689292689373
42254,324.3138769060803
42255,207.1367237820453
42256,159.5575228835918
42257,169.7255829090925
42258,160.46826092008243
42259,221.34524269430727
42260,124.03227636627538
42261,122.67075446738247
42262,334.58868954663103
42263,135.62087531773452
42264,217.60758108881384
42265,125.98632664539194
42266,112.25249259602428
42267,126.17889116141394
42268,233.46564794683164
42269,195.03682284551326
42270,409.08926988546585
42271,191.6883940150215
42272,365.33651432706455
42273,365.4248293721248
42274,180.98475560526214
42275,218.72404453227637
42276,301.6424536128872
42277,156.09535372079668
42278,-102.04560555972975
42279,109.39734118632704
42280,210.12765592070647
42281,105.08096173987731
42282,147.31877912725747
42283,219.4133438132512
42284,620.7004672892541
42285,186.17037655195816
42286,1118.8976689833398
42287,358.5270903222897
42288,342.30209799034225
42289,422.33491036020314
42290,100.79527324702056
42291,252.44668188817795
42292,340.6445612687819
42293,228.78953048866137
42294,115.02590061253281
42295,144.7923660593532
42296,268.4389566760008
42297,275.317799462548
42298,205.2317505202589
42299,66.48114974467845
42300,215.9385645654501
42301,285.472183743527
42302,549.8297188825409
42303,247.2979408238186
42304,163.31288997205584
42305,112.08064098518606
42306,178.51543601353362
42307,244.21577512612808
42308,218.33918350916431
42309,279.37138033569823
42310,128.66944194764022
42311,199.83311137885414
42312,573.252427488082
42313,613.9365722883296
42314,485.0308521584043
42315,459.79719431867454
42316,238.00351684071194
42317,220.08715652027257
42318,209.8125570102439
42319,755.9902870530981
42320,720.3724549291245
42321,446.41022495081586
42322,905.6850454030117
42323,305.9373378995954
42324,312.26184962228973
42325,212.65498530928159
42326,175.53435370149373
42327,243.96954257102377
42328,472.1864378822791
42329,249.5063924379798
42330,88.29951426439851
42331,144.68444839427661
42332,116.29943429774578
42333,299.46406591996674
42334,145.0053230926322
42335,318.36684720527956
42336,152.16623876215021
42337,109.21364093000794
42338,186.1024629736639
42339,170.15974623895954
42340,149.8607256624492
42341,1620.2752139619854
42342,182.8529636068608
42343,328.1988460422876
42344,84.60451518021684
42345,248.14623432737233
42346,144.01159089461223
42347,201.16153912150497
42348,281.2165197526722
42349,154.1803066691688
42350,130.74899064026957
42351,110.00314798209008
42352,341.3347676135873
42353,153.21155158086205
42354,310.90254584754206
42355,131.3051840641751
42356,244.37481169329757
42357,135.69448125902827
42358,277.4171919620818
42359,262.9453799657042
42360,85.7053364751832
42361,143.7373166795085
42362,251.85529497882166
42363,136.1688831421484
42364,262.32582841079164
42365,165.7793122650554
42366,536.697883788424
42367,92.94672853494647
42368,343.8367503582952
42369,361.21091208328096
42370,108.18798318392709
42371,211.80225331856784
42372,414.3329407421
42373,326.67382408417484
42374,268.3681864879139
42375,315.8771650533973
42376,176.13173801631586
42377,343.16952560430786
42378,445.81738784325705
42379,256.3900706879285
42380,280.22510495156433
42381,330.72793453668294
42382,146.2208849812465
42383,193.9451777697159
42384,164.82117138706644
42385,170.86472728847207
42386,278.5384882726282
42387,405.25881619173634
42388,227.22295517009812
42389,191.70339320959823
42390,163.01651306534046
42391,114.75235848485305
42392,160.28676761516752
42393,490.40475189963723
42394,334.58360629838734
42395,31.17219012888709
42396,101.5534813769539
42397,154.17776371678715
42398,51.11216117641531
42399,459.6855542847161
42400,601.6214383283124
42401,644.0263107366867
42402,137.01336763736649
42403,340.49258505321006
42404,282.55279573126495
42405,323.983809736539
42406,741.7148537847432
42407,251.0743572626152
42408,274.4493555813342
42409,184.88041364894974
42410,213.476103364247
42411,316.07911141400103
42412,729.4190256724488
42413,192.39480367244434
42414,214.210167649601
42415,376.04960564028823
42416,3338.030592097191
42417,201.967068247591
42418,140.23893135068263
42419,183.7068644042921
42420,237.1683025033066
42421,179.86199756318433
42422,256.1283525346375
42423,278.9745919582656
42424,243.225999496801
42425,638.0925069404495
42426,302.7652571309563
42427,411.54903732953005
42428,206.6903771448447
42429,207.33631627867234
42430,485.0960936685205
42431,495.0243096785826
42432,202.07916751483455
42433,204.21481905556158
42434,142.18979249454836
42435,192.84768861663198
42436,87.63534443603238
42437,129.67906189092446
42438,624.6903453909725
42439,314.14845202297863
42440,169.15170827000816
42441,95.96006022076777
42442,302.17192051861514
42443,195.95443619489183
42444,151.3770199146623
42445,137.33214577353772
42446,237.3837743584148
42447,180.80350736631783
42448,363.33062530623954
42449,237.23016071711774
42450,313.8073487657489
42451,161.86805728226062
42452,186.82635936300122
42453,525.7741838125834
42454,324.4021283692997
42455,314.50051929117916
42456,180.29142760864582
42457,118.42018026987316
42458,324.0799216153182
42459,124.80527281157126
42460,1670.7326436104509
42461,68.40366632561029
42462,109.51046055047166
42463,131.9080656518339
42464,230.82043487183537
42465,123.16974020459615
42466,184.91633979441954
42467,214.4752319067443
42468,324.0492493601866
42469,426.1791631342016
42470,266.8032337273599
42471,76.25026555957723
42472,147.6934702846689
42473,249.08030448521976
42474,112.6357844468625
42475,245.7790162344172
42476,361.61841692787664
42477,527.5842415170937
42478,76.9864272875874
42479,1379.8636219540065
42480,191.47723136806903
42481,212.65757023803695
42482,167.21612857050528
42483,515.8994925874508
42484,181.68103195118462
42485,459.47957275209774
42486,302.88161925378245
42487,256.8731070622841
42488,137.31942244599617
42489,190.05904069591406
42490,277.512690297438
42491,208.57227558695985
42492,249.84641449681564
42493,282.51492504034184
42494,378.49164023098473
42495,278.11470702759243
42496,276.0502924735626
42497,160.2131313850053
42498,866.0481904940511
42499,301.33713167990237
42500,200.3570840355642
42501,369.85478148460004
42502,333.8894124623848
42503,161.06151356944343
42504,278.5112842432704
42505,452.9861832286884
42506,184.97012016108164
42507,354.13800350475907
42508,209.70986297688736
42509,73.20455052280342
42510,266.5665992251399
42511,321.8232436317337
42512,741.152673802447
42513,860.3233874302196
42514,280.2197208616848
42515,394.8114541925109
42516,419.4455170215668
42517,1027.7674035331727
42518,260.1765442099737
42519,231.93343298426814
42520,204.10555670590082
42521,71.43481111512843
42522,190.50942654870173
42523,89.12161368678704
42524,473.7578210555374
42525,244.2432141354163
42526,498.16756213272697
42527,252.2236604641321
42528,209.17260593942436
42529,162.00816639247512
42530,238.7416769157966
42531,260.64434737881135
42532,279.4077226996946
42533,149.19872085935174
42534,380.8317600218274
42535,128.5792434132298
42536,430.34311004346745
42537,229.75795565450684
42538,119.96729446302375
42539,126.0990823478629
42540,300.05463465409787
42541,324.5737072793054
42542,249.32984740026646
42543,504.5045983473311
42544,203.48185601463874
42545,133.98621209734142
42546,381.377021491337
42547,261.8747273778991
42548,142.5299059867724
42549,208.82607214945764
42550,187.4829623906714
42551,226.34443010394662
42552,238.96659247500833
42553,137.03920918945235
42554,245.74111762481158
42555,188.05268332862718
42556,174.3095712089643
42557,136.37514272270127
42558,172.45526815702328
42559,320.0740345372852
42560,131.9396580643435
42561,801.5417377711761
42562,202.54664078077144
42563,405.1390234215121
42564,-262.0206001546401
42565,534.1428635372225
42566,156.04592277556452
42567,338.70263007118723
42568,123.02943908184994
42569,607.3608446549655
42570,250.67215845346067
42571,310.3600398755614
42572,219.854035394258
42573,112.25833708418901
42574,338.5993382178631
42575,161.65694636218134
42576,135.73077093486867
42577,115.7834283847413
42578,230.44609645832827
42579,443.80368119130287
42580,116.50126323999484
42581,284.8309389358997
42582,161.245993053736
42583,220.37245165653007
42584,1046.3972065329858
42585,177.3299928375053
42586,254.94210448558758
42587,337.7012535996734
42588,77.69455903277101
42589,264.99379796801395
42590,119.28945167774515
42591,161.1096494468584
42592,146.94631320881496
42593,207.6553159015516
42594,224.8874462003246
42595,105.05792401229625
42596,707.7186471591507
42597,175.63980535495605
42598,239.19296873226705
42599,174.70436275246362
42600,138.5273946395036
42601,196.03976059865153
42602,177.1544815473547
42603,202.21754803750625
42604,176.2576923058116
42605,238.33547009270862
42606,517.8378233976365
42607,155.12948479754218
42608,130.91087669503185
42609,277.02881763905975
42610,167.25599101330187
42611,753.6604090649809
42612,196.83124380950085
42613,340.1775593288863
42614,224.53801432580084
42615,343.84806120655554
42616,190.05820800732482
42617,380.1982949965821
42618,404.508552987601
42619,324.9988984528876
42620,282.60652681306027
42621,135.8275314409286
42622,147.9330168490847
42623,237.9853420332408
42624,568.2857747933992
42625,610.4550767394062
42626,303.53405672196465
42627,128.76431349495408
42628,340.84331583752873
42629,146.95716794935473
42630,226.78342856683065
42631,284.7874816815705
42632,184.39519441751457
42633,114.69977736859802
42634,229.94276174014178
42635,774.8711887159226
42636,106.3110718521259
42637,145.9338356139076
42638,181.22226815805436
42639,324.01476590665885
42640,238.19437314625682
42641,155.46807199303242
42642,141.19341881830417
42643,124.17781376510413
42644,145.75840636081534
42645,673.8452587723235
42646,351.4333185888507
42647,224.18355559859947
42648,264.19835687868004
42649,654.7493536165829
42650,102.8491040024713
42651,174.44771591146056
42652,78.83748476075684
42653,215.42604925491014
42654,95.63352810922284
42655,135.40089250688231
42656,157.47080705087984
42657,126.13635421454339
42658,358.35319648759224
42659,150.12001155982213
42660,663.3905667318511
42661,184.42077815588607
42662,333.7214365870003
42663,207.00484926823597
42664,171.07772350738358
42665,128.55313721247128
42666,745.8843036055948
42667,244.65157659049393
42668,156.13694196919568
42669,196.77974798533265
42670,158.40982511468516
42671,112.05239587398039
42672,402.9322379103662
42673,443.69142111949594
42674,146.83693155891382
42675,245.15565794017868
42676,512.7699797902234
42677,284.5069685967435
42678,125.49996885941358
42679,263.7081062037232
42680,1061.576128036814
42681,121.73721455384037
42682,121.41635945631916
42683,113.5976563133745
42684,207.5299792285633
42685,142.10919100041875
42686,194.83191656303913
42687,152.0143811334358
42688,84.86348119601814
42689,905.0086263707102
42690,125.4105455547117
42691,174.79037569406077
42692,716.9157553193746
42693,221.90013988749772
42694,605.8675457789078
42695,411.913452224492
42696,483.8669227162934
42697,238.9123563131255
42698,149.29386861456348
42699,195.52169244003602
42700,189.80794668984274
42701,249.59338258360438
42702,320.41940603602313
42703,198.70685136287895
42704,159.07617251609386
42705,94.21524993230418
42706,191.88137132065026
42707,425.85326920957294
42708,423.2926869635015
42709,85.99464336747575
42710,157.07486679208137
42711,307.453552743376
42712,229.53004617463802
42713,115.4523386451268
42714,126.57404432516674
42715,222.9474187837006
42716,271.8949532881336
42717,194.98449180586093
42718,293.5499561224734
42719,258.1509322586128
42720,280.5332893566722
42721,285.75058498002636
42722,190.51923571278346
42723,198.4695082485483
42724,186.26413585513887
42725,469.2579535253513
42726,529.6923732043956
42727,281.77913106039074
42728,124.68802690524547
42729,249.3798662481467
42730,1161.297910198813
42731,203.0756224887386
42732,392.5659258737468
42733,155.00174640545328
42734,145.43281834501076
42735,232.7359059947234
42736,342.2570375175689
42737,112.94112226187183
42738,91.00698491193107
42739,309.8741579130201
42740,374.9016466178643
42741,415.8647472462265
42742,323.7069111634113
42743,225.093730675448
42744,214.0587344289134
42745,723.7841330119725
42746,228.69490290515563
42747,147.9836184618083
42748,271.05712189803404
42749,175.97244414195185
42750,116.17303675934988
42751,58.81342008767757
42752,142.08058939294406
42753,334.8113626315889
42754,346.6512579949814
42755,255.36079467088192
42756,349.9472614953588
42757,230.99882036118504
42758,139.09689792687337
42759,150.8693365174224
42760,775.2039667956927
42761,305.06816895080357
42762,296.13327995766497
42763,429.7294801990053
42764,380.47594345759086
42765,164.49170732759936
42766,274.25339089543667
42767,146.38048277585747
42768,888.3695653023899
42769,312.46397174489744
42770,291.91496355375136
42771,252.77038462699852
42772,95.66167386935432
42773,318.07478297780756
42774,787.3612522997474
42775,526.706941291698
42776,221.28406413739592
42777,283.9605114394211
42778,109.1660476951484
42779,522.8716289727557
42780,260.3899268081393
42781,187.68586889040967
42782,681.0012434262524
42783,147.64851477409317
42784,159.26717275441874
42785,210.95827581427304
42786,134.25552066106624
42787,156.00616195543972
42788,281.5379135940075
42789,201.49637369586273
42790,210.48554317894354
42791,230.60111914276231
42792,293.51044838166985
42793,1000.1580315635556
42794,133.46336105739027
42795,231.9717584102073
42796,187.89681631897406
42797,263.1844975077204
42798,211.9561646957494
42799,216.26131909847385
42800,88.58212420604927
42801,333.4682151542971
42802,223.698614151818
42803,440.28424006681985
42804,242.46447655001785
42805,615.9384241412622
42806,396.9030826966376
42807,196.84871582402366
42808,160.91438525762234
42809,87.21974004647696
42810,243.5152469412205
42811,252.9115143340725
42812,195.72973361301354
42813,129.25912555683615
42814,168.87412645420991
42815,606.9176451749928
42816,124.21558572890885
42817,243.216851435408
42818,173.00664795510562
42819,217.54515466356236
42820,155.15647397305403
42821,118.73982112185122
42822,257.2361581335589
42823,122.34253527464621
42824,250.5600781460079
42825,119.43300766534409
42826,827.2884539934097
42827,250.7213945033228
42828,312.48915233604777
42829,125.06668091960245
42830,103.25846617886957
42831,179.827895143687
42832,453.8497678331019
42833,1873.9287886036673
42834,133.8663478734913
42835,210.6593888614488
42836,512.6599601764964
42837,95.79083784399195
42838,1630.8348714064311
42839,143.01207617176865
42840,182.06119530764255
42841,278.1844584937355
42842,213.6269468214671
42843,310.80710172703203
42844,323.78485881096555
42845,317.6312467380987
42846,207.41304886173538
42847,481.4450017578128
42848,195.20165380154398
42849,306.78042773566887
42850,589.348790842784
42851,213.18709732579123
42852,285.9610692426857
42853,289.2974132928564
42854,160.4629463601559
42855,240.41512119422782
42856,160.41976813264841
42857,279.6754391235644
42858,193.8977875189506
42859,198.65295814963181
42860,230.66892919974242
42861,168.16116942913334
42862,132.08145757599254
42863,428.04933901201144
42864,160.57456981577943
42865,345.3597454439944
42866,120.92026499865776
42867,142.99550747414037
42868,637.8121297575846
42869,188.86667800121293
42870,175.08487597182102
42871,284.09666787911334
42872,458.1110148248417
42873,156.32564504270596
42874,178.81135124859318
42875,343.74034710594157
42876,117.71392010542597
42877,597.6082275832041
42878,120.6713385873412
42879,131.67967899679854
42880,171.08837031844917
42881,296.76476002914563
42882,304.0174572375646
42883,257.4936658830851
42884,244.86677931355666
42885,445.83101855066934
42886,494.05327427254184
42887,131.4460629527487
42888,104.20061340432132
42889,229.31475944240344
42890,245.64479949535584
42891,148.22312101241837
42892,449.7662307166228
42893,147.10891817398948
42894,151.56318380235126
42895,70.8374380055896
42896,138.56133131319643
42897,177.09978188284794
42898,306.7277355060228
42899,208.2846083293862
42900,155.29470159040855
42901,60.9509647169338
42902,153.73846960004758
42903,646.333954624683
42904,244.7271400508007
42905,164.19895984560634
42906,220.9180871130585
42907,648.6099495719509
42908,170.24041215407723
42909,266.9003830023825
42910,335.5052824441231
42911,91.71958003552382
42912,151.79514207820188
42913,284.4770264520888
42914,204.85187894572186
42915,1383.4796166457973
42916,354.57682979416256
42917,156.76276163637985
42918,296.45747818482295
42919,205.51068903463033
42920,180.12074506416656
42921,187.1971489727742
42922,167.1352919829953
42923,231.4157596797817
42924,235.6250735597319
42925,172.22089645963052
42926,120.55626726717404
42927,185.0032170020936
42928,243.721246292155
42929,258.6764255653267
42930,139.42829686784077
42931,431.9358815287453
42932,667.1161027813898
42933,271.01452180173186
42934,390.8681460882555
42935,454.8459432011947
42936,339.8198518135341
42937,178.09150057422804
42938,366.9963530943643
42939,74.26622275798583
42940,275.2986931987184
42941,117.51639885198443
42942,94.70477849832041
42943,231.61300200370016
42944,748.813383891127
42945,301.66795328423495
42946,290.15898954851315
42947,135.3620932138327
42948,295.9552780166281
42949,181.3787195558213
42950,427.079295735188
42951,174.94783090344018
42952,243.19886127809025
42953,279.3419012907253
42954,405.65309053105227
42955,258.6671133671709
42956,503.172691694337
42957,251.8219573266003
42958,269.9515388177569
42959,149.07733121493678
42960,183.22881102040824
42961,165.94200052061572
42962,315.98467412115366
42963,608.2116858904894
42964,349.3096360123502
42965,129.69239379651344
42966,115.9402500882194
42967,169.66798440186872
42968,181.49781959152875
42969,-28.53117881006582
42970,147.29307063120467
42971,215.08675992524275
42972,176.92451236493494
42973,286.52757893360877
42974,344.47966530145675
42975,344.1599551748254
42976,202.4512073847928
42977,436.15605660682144
42978,261.19030215465705
42979,232.35226263069103
42980,355.02063411350764
42981,220.28303022035237
42982,160.76493927449226
42983,305.3126647300434
42984,206.68634071545173
42985,289.5124031822319
42986,228.88426952829235
42987,187.52317760793997
42988,375.05074667953176
42989,255.84717462381255
42990,114.04409238427218
42991,837.9451781704283
42992,475.4341588361181
42993,173.11763868522166
42994,522.2916265418678
42995,100.114643816866
42996,368.9689168436734
42997,95.78545583495865
42998,126.65878594146561
42999,284.61070935734523
43000,273.8144085057828
43001,439.63561745577
43002,486.2409353856986
43003,953.7581293063064
43004,193.03296447648583
43005,124.43264100605668
43006,249.3333193122745
43007,238.97528985021447
43008,151.19773623115643
43009,121.27787271836931
43010,166.77651673424236
43011,409.5462658046114
43012,262.3230386822355
43013,122.97260027702043
43014,153.1135020604516
43015,371.9020061941795
43016,211.43115881696198
43017,392.24534103870064
43018,636.882402425385
43019,335.7121594145347
43020,805.8072183452431
43021,200.6168466515867
43022,167.81215706462254
43023,62.962129117978336
43024,110.16522849823463
43025,191.82562203489417
43026,856.6959803028022
43027,514.6503908633138
43028,173.08695042301767
43029,331.0608819209742
43030,108.795564898493
43031,198.13985429503887
43032,260.07684630834626
43033,116.14341659069201
43034,210.79726576836725
43035,198.96631499028902
43036,778.5359542343427
43037,195.42584624151166
43038,227.72233184568393
43039,392.45372448601705
43040,128.37688741533933
43041,224.0665709751342
43042,202.26560079415347
43043,383.86753368432846
43044,407.46031474282194
43045,165.37218903474286
43046,154.32535169894885
43047,221.27336268641923
43048,340.2424334494091
43049,201.36403522439048
43050,112.92482291270758
43051,284.9344564991924
43052,234.853373775204
43053,171.793708700246
43054,251.8036152192419
43055,78.63160248289307
43056,128.3227001809519
43057,96.55607342214249
43058,89.44887808680292
43059,134.4294214702383
43060,321.75554575511745
43061,320.41177530917
43062,207.09045986615578
43063,483.36505782199606
43064,242.43194791812468
43065,1543.25337893281
43066,197.16158711508268
43067,180.694429779133
43068,256.0460341891329
43069,180.44225643154775
43070,129.66657637310865
43071,402.70839196989897
43072,218.55917328717226
43073,232.4967206286529
43074,346.6952882097041
43075,293.8472951924024
43076,1345.5868302446188
43077,166.64391317809824
43078,434.3067829360207
43079,211.4311290087883
43080,134.04864469575833
43081,192.1061570938588
43082,453.74595574440906
43083,265.4247270981324
43084,132.09523559451634
43085,252.68634963512284
43086,376.326134087429
43087,84.76135656987145
43088,181.86285976995808
43089,200.13800072478682
43090,152.05344628653592
43091,134.1808865519337
43092,150.01143971575178
43093,493.6202129400727
43094,137.63805466374555
43095,625.4961322835399
43096,173.80057112714633
43097,169.57211176166845
43098,233.048535961712
43099,149.4777436568093
43100,146.02241228514234
43101,153.03812595093603
43102,272.04038244296316
43103,269.52022511481243
43104,148.17020193418034
43105,250.2649547550096
43106,199.53043926352956
43107,238.40608231052258
43108,92.8049533419332
43109,132.9423367242338
43110,285.5748192385888
43111,291.3410709379868
43112,355.5954195706048
43113,329.94900659629695
43114,105.0519654021618
43115,239.43860871140183
43116,180.96735338586265
43117,174.8835702563748
43118,299.89767901869004
43119,570.4000332363486
43120,178.57807051141654
43121,563.6333745362634
43122,330.529574706496
43123,223.30656244219446
43124,398.34806940509475
43125,183.38413478114526
43126,566.9919152791961
43127,387.7943819294829
43128,23.04241826330733
43129,420.3003981842337
43130,196.13698277093292
43131,329.0856183219501
43132,130.92666429319075
43133,142.50447363064683
43134,102.09666178146611
43135,167.59983759486434
43136,754.419559945685
43137,132.18052005261342
43138,86.00544391638019
43139,356.5374247549706
43140,186.6667984598852
43141,176.87848685154995
43142,280.14520414490636
43143,124.21551278255257
43144,440.50544008688956
43145,370.89077916076195
43146,477.3571248528332
43147,226.8317840723134
43148,436.58384376731124
43149,143.15710271306767
43150,199.8313557515705
43151,140.69568357378765
43152,125.27829280840581
43153,286.7556469279863
43154,113.0384651214983
43155,740.111143119602
43156,161.89351001761474
43157,63.13970098749079
43158,113.38019163067646
43159,178.38964951283046
43160,114.7687661587624
43161,134.41964523647923
43162,290.524008999463
43163,420.18520189943
43164,281.19889120104824
43165,210.02361965004243
43166,266.64058380439167
43167,321.7555834841823
43168,140.4969182338164
43169,275.2345254843564
43170,162.29213943414916
43171,134.89177611748144
43172,308.50498420012605
43173,98.95116650226457
43174,186.40107269342147
43175,135.99260945649883
43176,608.0820187653653
43177,117.74466584948368
43178,71.07231236541091
43179,401.1954174837207
43180,143.63479514688657
43181,148.3474255389429
43182,-14.483708245239448
43183,222.43409261698721
43184,307.8271626335649
43185,216.6007384169494
43186,251.95677242154585
43187,-179.96293607416877
43188,255.32477470561946
43189,382.253328456839
43190,301.67832108920146
43191,523.6004062715047
43192,169.3332222659875
43193,170.01718590078147
43194,190.90603662379425
43195,150.56389767272137
43196,216.68634317716428
43197,223.42328547650484
43198,198.71482860386587
43199,232.4030024292778
43200,265.1328514278301
43201,991.3565235052503
43202,146.3400920018997
43203,429.30176805667855
43204,455.018901869762
43205,89.49292504004426
43206,167.271773073872
43207,91.68400564052924
43208,1639.4176048345896
43209,269.17406736683904
43210,157.89392935835738
43211,128.76998281801653
43212,192.1736242885663
43213,135.20034603176225
43214,81.65190217632913
43215,184.82470653815614
43216,482.65553381628087
43217,699.7535833889395
43218,191.700648213588
43219,341.895099829339
43220,531.0359292466699
43221,333.79734364637324
43222,119.20828735691022
43223,115.07734052078963
43224,132.3392137778877
43225,88.5535495257484
43226,218.51661754209408
43227,283.1903796228907
43228,108.9424895503321
43229,222.09590289075388
43230,246.0711610935748
43231,170.14408986871985
43232,565.186623329135
43233,189.0438395128562
43234,864.184526500329
43235,212.1926126246828
43236,280.2728307039203
43237,220.80326717146622
43238,190.77493193406883
43239,163.31513338533895
43240,577.4523037561958
43241,558.7789950205788
43242,274.85613305841844
43243,215.32701160155284
43244,190.46730203343674
43245,281.74043461140485
43246,568.8285480915047
43247,104.48731014450851
43248,425.14182982837497
43249,732.7720749609737
43250,192.842230539618
43251,393.1434813338604
43252,469.21200421332884
43253,249.18560622941476
43254,521.6484978177798
43255,314.3996606543588
43256,188.03341739930624
43257,176.49082525374018
43258,337.0600057997308
43259,184.9857369674403
43260,115.12488040164435
43261,147.11007306975083
43262,176.01400915120448
43263,530.6517329081764
43264,371.90171808835925
43265,424.4736164692533
43266,149.47176005962547
43267,115.64460302267676
43268,317.03994397330626
43269,257.49443090114335
43270,308.72269436379963
43271,287.33667079286715
43272,711.7416868786186
43273,259.1062591229496
43274,127.31050716827733
43275,592.9045044445477
43276,136.57934738286744
43277,202.6918943823739
43278,110.75382529088579
43279,221.63888066274626
43280,197.91892496044824
43281,328.4559048330571
43282,211.4508490862282
43283,108.00103786118572
43284,122.32238521665025
43285,148.03085420221524
43286,133.49321702936174
43287,172.50258917234243
43288,61.64508691568939
43289,136.42674113087728
43290,243.21170169458054
43291,353.91463873849483
43292,889.7511811520567
43293,158.01939188932843
43294,143.67641577357998
43295,331.80410194151034
43296,268.3444141415972
43297,506.3792664814348
43298,336.1124296194843
43299,562.2758282277539
43300,241.97256952943644
43301,271.442831425956
43302,258.8097226903534
43303,189.2739365341349
43304,284.97406969840017
43305,286.73912527725133
43306,254.02243034858037
43307,171.67326723357343
43308,214.6142888871582
43309,235.04934608848524
43310,250.90530913335138
43311,172.7425502891737
43312,160.24287722255235
43313,427.17196431553526
43314,409.67877941718143
43315,368.38427681582834
43316,238.15518135956574
43317,227.20715815457285
43318,206.1651614088007
43319,197.05309573600837
43320,69.83148999436492
43321,129.17441778097043
43322,654.6556073897617
43323,249.86142852409202
43324,208.39742764406537
43325,127.89305553195987
43326,103.3837944910922
43327,248.77364293506818
43328,426.7751246136341
43329,257.4165081741887
43330,649.1998250232817
43331,205.80026314620866
43332,194.9643779068203
43333,72.93269209021166
43334,171.51875288122218
43335,99.35897862494842
43336,145.0539546336901
43337,93.35974416098813
43338,381.43393238174286
43339,148.9235526678186
43340,305.8689597176613
43341,157.1516454530217
43342,193.4800998785613
43343,130.17243025157364
43344,1923.2926853488889
43345,308.43333113090756
43346,199.960290853379
43347,517.6349100175465
43348,66.8543487672366
43349,166.02245591056288
43350,126.1852258680259
43351,150.21463880227677
43352,187.57089406358506
43353,114.8816252798674
43354,307.7081139066854
43355,166.7619968640774
43356,270.62835705576003
43357,150.22058967483466
43358,262.8654462239647
43359,422.63260449428907
43360,60.6664668837421
43361,216.58871889680168
43362,75.75137976471954
43363,270.6843572240175
43364,127.76564673826333
43365,214.64573384228464
43366,339.17156738372734
43367,118.78273724045512
43368,169.32512715325976
43369,96.98042048903295
43370,766.5607089995286
43371,254.8486379967635
43372,212.35274988766614
43373,328.5691556747293
43374,200.1608080067139
43375,216.35932613682783
43376,101.81020565609461
43377,146.17740478264338
43378,112.8256769894143
43379,269.69029841736034
43380,344.261422797551
43381,657.7431394913397
43382,331.07105396696994
43383,440.4777649281288
43384,142.4221891149753
43385,225.92067554031263
43386,490.43931943074125
43387,220.84713315709112
43388,208.855283823955
43389,238.87216950348454
43390,413.75793444978245
43391,257.450013328685
43392,578.510605487542
43393,183.95972974104433
43394,196.1760821720291
43395,2.952365195847977
43396,198.13332430780184
43397,258.3298613700967
43398,148.4316526484371
43399,221.21002098384
43400,313.6221322530388
43401,141.8834520972279
43402,167.54175625441113
43403,342.52329016792464
43404,601.065510882084
43405,137.21933513247973
43406,179.16150256760318
43407,120.46082559791343
43408,128.87121417266255
43409,673.4269220601088
43410,275.6354515639018
43411,592.5446160342461
43412,304.6683493418115
43413,164.65873342267716
43414,152.09683629890134
43415,333.52121629962005
43416,428.6567502036397
43417,288.3584393600218
43418,256.08610762861326
43419,211.31525782428787
43420,176.16702719404006
43421,81.50319979550962
43422,281.3155303143523
43423,150.82143194970328
43424,552.876689278296
43425,140.08204722003964
43426,820.709230862832
43427,174.18846039969762
43428,305.7965404834052
43429,215.81725088285233
43430,402.38663548898825
43431,141.52160699963244
43432,500.1024837428534
43433,487.0495707572183
43434,205.6881483516617
43435,224.1707209102531
43436,249.71052244010127
43437,369.89960939553157
43438,269.17343582939196
43439,119.63214221616857
43440,151.37792649172857
43441,371.323192283378
43442,314.5007255857604
43443,143.53557294368855
43444,244.5321161378426
43445,370.4076611251026
43446,188.99374306048898
43447,116.43571350618427
43448,144.2736102192575
43449,201.21882433261882
43450,274.21924362909255
43451,180.83035703546403
43452,94.73707834105313
43453,164.74154676085158
43454,277.8159755519606
43455,245.46246210227747
43456,115.82946942931956
43457,227.4435963554414
43458,321.22414982869384
43459,141.15347692707127
43460,680.0164424386259
43461,94.41668346776095
43462,143.37381564426082
43463,167.41994166389063
43464,229.58132716006338
43465,95.37200320183878
43466,188.47311789225213
43467,453.1354448075343
43468,131.22902501937273
43469,324.7214045389042
43470,138.577072714696
43471,195.8920829946852
43472,371.77256487209223
43473,706.2695906550878
43474,715.9564669729849
43475,111.2504895867952
43476,160.0612371419387
43477,338.84445448803444
43478,178.49689842512714
43479,181.49075955477215
43480,162.94249947764195
43481,231.334803517013
43482,217.18231770733513
43483,125.21137237463364
43484,137.5023103923188
43485,95.49149870737251
43486,274.54966167542875
43487,130.99107859358938
43488,228.34233230186604
43489,406.98621345383856
43490,212.62518246601587
43491,176.89191277348823
43492,120.36284170357057
43493,110.16710193036744
43494,153.68745260900104
43495,178.41523088663445
43496,247.09711848320586
43497,125.62197749102435
43498,357.1465976307194
43499,555.8046459454488
43500,252.8255590729185
43501,247.04927930415062
43502,359.7399684404358
43503,93.89354390450859
43504,178.87832804106864
43505,600.4051862163299
43506,299.471285780736
43507,413.4858160501302
43508,120.39814660319936
43509,163.76944952408826
43510,475.72923458515857
43511,122.36970754274209
43512,158.2469628204726
43513,186.1131659323564
43514,236.51091802368762
43515,569.0760783815039
43516,305.33743787335106
43517,131.3860702152519
43518,397.26071123857935
43519,175.42765721127918
43520,207.67569897930176
43521,657.6097861287684
43522,604.6749822297742
43523,107.62061901046246
43524,67.34062461928202
43525,201.0487956543182
43526,349.6363289272642
43527,531.3802001936714
43528,963.8739148627233
43529,197.32582291766315
43530,466.2090117584808
43531,326.9962612267432
43532,171.51142592239134
43533,173.75997548108984
43534,320.055772582585
43535,1581.8489155518928
43536,187.89995351741598
43537,239.41598479493297
43538,584.9348027731512
43539,136.75822849973065
43540,356.2255091780993
43541,234.15000690330103
43542,325.4314390547085
43543,7.001666719874609
43544,289.0767378825689
43545,305.5352827738396
43546,94.3748996764419
43547,257.55920851622426
43548,575.5239499924938
43549,462.1331768641365
43550,106.5875172126144
43551,346.8313602885837
43552,194.69780607990396
43553,394.72540441208366
43554,133.85139969954676
43555,183.9042104721129
43556,1766.39293143682
43557,738.6700677621218
43558,387.6826620030882
43559,226.10604093629567
43560,193.03611094468275
43561,366.7218675350927
43562,288.019285590616
43563,152.72993533085014
43564,920.2466394237907
43565,184.77697335861097
43566,462.4446637400496
43567,302.8232862339708
43568,194.56408387082456
43569,228.27127895244226
43570,464.0214131182146
43571,215.42377804026256
43572,248.81426904576253
43573,257.511272463647
43574,305.27333540552576
43575,195.8122023996394
43576,111.2691637651455
43577,926.2064062732992
43578,239.6229613981931
43579,181.9889203293181
43580,162.42449691254512
43581,147.21044735461757
43582,144.2132608899281
43583,323.4729566616733
43584,118.27543703292862
43585,107.4543976746483
43586,169.4543380505819
43587,288.9833197532348
43588,242.6978186134882
43589,202.3028643038639
43590,514.4064003675113
43591,223.86178044477742
43592,161.36253785534578
43593,136.5354159071711
43594,81.83049911999066
43595,428.99581873804993
43596,279.0564158261133
43597,190.57542625401626
43598,149.060223040675
43599,154.3321334920331
43600,252.78688247229226
43601,148.00401106379942
43602,344.657948855183
43603,132.0348504865511
43604,177.47228871894268
43605,154.08271901700607
43606,174.78196026399434
43607,432.52587097503067
43608,151.91338860244878
43609,95.89131438551641
43610,64.73905747576944
43611,17.95778366125567
43612,232.13112025937218
43613,189.18755264311702
43614,519.6856777442306
43615,246.4363901000485
43616,999.0609814088358
43617,223.75640955863494
43618,221.23562250071683
43619,174.0391859294665
43620,144.88396080030083
43621,188.84361879656427
43622,262.8448963158741
43623,340.2694833702978
43624,494.8524570684821
43625,541.1984834632867
43626,132.62854007035995
43627,43.89029678541524
43628,166.3276223079623
43629,157.12520374661776
43630,385.4817931766291
43631,258.44749256882034
43632,135.25961337638296
43633,303.5557878318767
43634,259.68374424987735
43635,175.62828086442414
43636,91.58301163629405
43637,324.3634981891081
43638,351.560023330046
43639,262.52640632180425
43640,184.38302735526563
43641,154.55116765088545
43642,388.81502645948154
43643,128.46963311008773
43644,248.71449352194932
43645,238.6653040909681
43646,112.89983129771534
43647,336.5729124355959
43648,352.40679651062027
43649,205.1914330471912
43650,203.3750647271835
43651,130.14968275337318
43652,676.351910057435
43653,404.8526436846894
43654,305.0390098257289
43655,336.1772925923715
43656,231.2926690602133
43657,206.94969143246036
43658,563.9227381055438
43659,109.54880074664919
43660,217.77034949685742
43661,285.8271482721199
43662,181.97654347501657
43663,229.41759946324865
43664,126.20862132448103
43665,165.38862188802352
43666,233.27762574543075
43667,327.92975218879207
43668,251.01809691603125
43669,175.2727635760849
43670,516.1024818257406
43671,365.5369853668221
43672,216.26679943107803
43673,265.5178671003169
43674,1390.6689016347661
43675,209.8022711277131
43676,165.1664516920728
43677,1024.4498999490152
43678,106.246995821628
43679,306.37404654885614
43680,155.36811909721376
43681,131.91351832886645
43682,156.62891926616362
43683,272.66555937609456
43684,139.17165961222273
43685,255.02066291999998
43686,189.81542359401118
43687,246.60498521496726
43688,1261.5477426924456
43689,355.8845736615158
43690,314.37397747627756
43691,390.7102816397472
43692,344.17709257453726
43693,137.94378923078335
43694,108.31361299385455
43695,316.0255514187689
43696,449.2411948641678
43697,180.37284867286604
43698,154.0218758005529
43699,383.4756038750203
43700,220.44534904062368
43701,76.94538915274431
43702,122.65144237781729
43703,398.72170315554
43704,437.3980776992798
43705,194.59420059631273
43706,386.32019203476534
43707,208.49786237710077
43708,215.87732161959508
43709,256.35353183517594
43710,624.2493377138771
43711,229.44639737312718
43712,356.8805837243661
43713,150.7519268333012
43714,175.55810302550205
43715,128.3269525922208
43716,265.48263792440684
43717,182.73172862806243
43718,133.59948826846545
43719,189.90502706945406
43720,247.83574825459866
43721,169.5974346144038
43722,292.84290577573086
43723,113.2835303444608
43724,164.95097126167488
43725,762.4465686753243
43726,315.10579253209704
43727,194.8586536949497
43728,274.62872201104636
43729,258.21172365371194
43730,472.6613652975954
43731,238.57787441253782
43732,172.53953269360872
43733,546.1708112649964
43734,356.0527936804675
43735,485.30735894924953
43736,167.10723029015952
43737,209.55510045519603
43738,214.09227009935353
43739,104.51845330419249
43740,314.28491618274984
43741,188.91963733724214
43742,736.7076033345495
43743,589.733471240918
43744,274.20281856797357
43745,162.41713347636392
43746,304.18510007482666
43747,115.43268750936808
43748,272.3563477828584
43749,201.1966191896532
43750,181.5965856850679
43751,227.49534432186908
43752,231.0888299440613
43753,148.3297162146144
43754,94.28111827974374
43755,278.1053642423423
43756,147.77016955696993
43757,320.01694313694065
43758,350.17118050699867
43759,189.3141921028227
43760,61.1881965140378
43761,278.3642668589344
43762,148.42443486718233
43763,692.7684834024983
43764,377.03895241992103
43765,322.1329151947762
43766,142.53012498531825
43767,154.35281618141218
43768,237.26525456577397
43769,200.1781056769903
43770,789.747362325777
43771,517.8417834787612
43772,202.85468146483996
43773,167.14680528771115
43774,216.706208764087
43775,258.73814510620605
43776,341.1102795604016
43777,167.32056545629925
43778,767.2517282763871
43779,338.05536949871305
43780,319.9349112456449
43781,126.06148034114997
43782,190.17459641354532
43783,250.627726242211
43784,154.27548291083733
43785,158.79997188844618
43786,202.68502510636972
43787,162.0564907688674
43788,209.37330336962853
43789,301.67787469913566
43790,149.7541327375188
43791,94.74287658158444
43792,164.17979944227153
43793,194.40957384753872
43794,111.65433015703424
43795,624.9396381812201
43796,135.8969072018263
43797,352.2405015228658
43798,603.5037480081553
43799,175.8758740538355
43800,783.1621207765153
43801,602.4549389162921
43802,540.9165727014
43803,394.1868018433508
43804,224.02397805799106
43805,377.8592600731007
43806,171.7078185479553
43807,191.92704411236608
43808,167.87269623600358
43809,602.0509768475507
43810,225.61683909872963
43811,133.3795120969749
43812,366.5239473167032
43813,369.3114190311981
43814,215.99752356981483
43815,201.43845137909258
43816,218.21378264054434
43817,203.21360283214074
43818,276.07945455560645
43819,159.28128128234428
43820,196.4338891215735
43821,175.50114196155485
43822,502.23176783515083
43823,212.6524561263018
43824,291.3077808134836
43825,209.85840634948102
43826,221.8220174846005
43827,841.5779038488984
43828,66.21190858457935
43829,210.22363618712822
43830,192.81741661560437
43831,165.23510871725696
43832,353.87414025849614
43833,168.30909528054738
43834,148.79014529459036
43835,153.8088736634118
43836,570.146780191936
43837,216.34937886538108
43838,111.65032424135359
43839,138.3590010641009
43840,765.4303211243512
43841,343.04368400198314
43842,122.44596387888585
43843,1626.5902845755418
43844,220.8007634889982
43845,169.25852001000368
43846,324.7234446907503
43847,284.5897294244138
43848,497.44806758282726
43849,249.24072029177898
43850,317.47411360159435
43851,237.83609561963394
43852,217.0031036319276
43853,540.7971528908296
43854,546.9386138463686
43855,180.71041387903563
43856,44.32195351058666
43857,441.69431629726154
43858,132.1344638682569
43859,757.6459412918695
43860,143.37988345890656
43861,235.5742964240811
43862,342.04460978101514
43863,1336.5957487196104
43864,298.4186264003068
43865,191.9381570186357
43866,162.5842284216654
43867,209.66160454912603
43868,367.7392674785557
43869,55.564767199612426
43870,369.3134936392727
43871,252.7600244103349
43872,233.0605370869972
43873,141.22179298310425
43874,248.8379804939158
43875,120.88580059405066
43876,433.99976736298106
43877,939.3945682448069
43878,248.69005408767092
43879,126.61039049857497
43880,460.15446399691575
43881,285.95539936901054
43882,120.19847665138296
43883,328.8788445218455
43884,178.88474793802507
43885,238.51417579262193
43886,313.64898404605105
43887,389.51887535674854
43888,204.59200094403397
43889,167.24059207714672
43890,228.0461308091164
43891,316.5005189393908
43892,200.40918843727866
43893,192.69120300677648
43894,422.2288685637657
43895,546.2782860644219
43896,144.58347144835193
43897,194.44060281696036
43898,309.80542711019586
43899,145.916597891451
43900,176.13318461186395
43901,187.4731551677447
43902,227.66917621825783
43903,318.0578099294575
43904,458.2482741826617
43905,174.84448481441632
43906,178.05542901261967
43907,220.16822908871916
43908,107.61513013562322
43909,137.14659912544678
43910,208.06777056266563
43911,112.00902719844763
43912,112.39793568551981
43913,146.58569036140725
43914,251.58782325874847
43915,305.992030684198
43916,155.5286283645082
43917,331.7046414426865
43918,169.90695400384772
43919,443.31231321319063
43920,188.855225831021
43921,40.48067565886753
43922,271.77065347268956
43923,241.8989324082393
43924,171.4978585283637
43925,140.49399292246255
43926,385.2786452927686
43927,153.15068154313158
43928,289.25544613903725
43929,120.03703521427556
43930,246.80524689473646
43931,84.85339628231552
43932,280.58980028900083
43933,-107.3809918898958
43934,173.37451629353484
43935,525.5391322422051
43936,1000.1402587891243
43937,267.1137476569989
43938,308.71153299864903
43939,126.41185529376743
43940,255.70126700875934
43941,409.4090936662272
43942,124.18226126209584
43943,309.7613810763615
43944,187.09735067455333
43945,135.25224526034455
43946,235.77542579601428
43947,214.85508471265172
43948,139.83260301267683
43949,1100.638613553648
43950,105.42128236473431
43951,168.59150551010256
43952,311.8116690916793
43953,187.87554090427508
43954,153.74264556622057
43955,733.2722264144943
43956,244.809001041895
43957,513.9265218246496
43958,172.5243887016063
43959,238.4094460723029
43960,576.1952296826069
43961,168.44339310136888
43962,348.28976156570945
43963,92.5201840047929
43964,349.051453272391
43965,518.0961016346386
43966,258.0146617942251
43967,252.61580234993926
43968,153.7346113581354
43969,276.41606832733453
43970,353.23763871184883
43971,188.14041961977307
43972,776.820195285263
43973,229.59821640187877
43974,155.4051132628002
43975,257.7405716619241
43976,116.419164716016
43977,402.95071212400916
43978,286.0373908612907
43979,315.81457410894836
43980,296.13866324192406
43981,328.6337945739779
43982,319.06737548456005
43983,156.14933676795903
43984,558.7677538337409
43985,398.5585865184544
43986,88.71286143869726
43987,298.44651707674115
43988,267.32942234359876
43989,254.0617721870034
43990,464.64488304236914
43991,164.35718114178255
43992,146.4104792588675
43993,115.99869858040731
43994,106.8586151949984
43995,275.7896022128637
43996,167.67799030959358
43997,199.68805713453688
43998,154.68992542525396
43999,106.75024482623107
44000,254.79400386215303
44001,360.58880139606913
44002,142.14286824319623
44003,321.2342647181092
44004,497.70193394080474
44005,470.69255504742773
44006,267.2227817597571
44007,444.1257511338146
44008,161.0846742943177
44009,384.85676389503095
44010,9.000279025884094
44011,289.21270301462874
44012,216.3334055959685
44013,856.6225029028001
44014,192.50090752472266
44015,220.38722407125823
44016,389.2814296790261
44017,440.95818234617184
44018,183.66470492512622
44019,163.47176175414012
44020,75.18335955507794
44021,123.31020532562405
44022,1165.159486764832
44023,115.58253287391564
44024,237.0106217527063
44025,180.77127316239392
44026,148.74110054688057
44027,563.2954157362667
44028,136.9944079700412
44029,386.058598477974
44030,243.3428893651864
44031,209.3810834647017
44032,387.79300994998994
44033,601.7220583464316
44034,80.44206738135586
44035,198.172441820906
44036,296.818891276552
44037,150.41144680636998
44038,214.94638480280275
44039,139.8277652738775
44040,411.9744544969407
44041,430.09034419322387
44042,143.55570454152922
44043,158.54891117443933
44044,165.7978781721175
44045,200.65669578786674
44046,312.52991039232603
44047,266.3410519018581
44048,234.19368616448727
44049,184.37220048623215
44050,276.9996617534048
44051,351.2716391994178
44052,288.9838001573026
44053,237.42477712170597
44054,205.18432014707108
44055,203.38960817103774
44056,353.90624445754474
44057,294.2654164138064
44058,230.9835311645685
44059,109.09115312060237
44060,124.22499696594882
44061,189.2732062255295
44062,137.51447632579223
44063,308.440145316358
44064,256.97612855451985
44065,274.98738998768795
44066,163.06887271606053
44067,148.23387239861697
44068,139.71545499726452
44069,151.29598707953176
44070,400.8456656592088
44071,182.58032480669164
44072,124.73180241355658
44073,143.04411771266385
44074,600.6032222842762
44075,165.07562737469024
44076,189.66772024364604
44077,249.48057953857963
44078,151.85933939457632
44079,188.9235861607083
44080,152.14896926031992
44081,238.23610604346544
44082,149.59988410598967
44083,290.44091085986514
44084,191.0968076929015
44085,825.1829622967094
44086,174.13201901940346
44087,458.32764661908675
44088,157.2472275797073
44089,138.06603428345497
44090,141.31349341776826
44091,135.903021998001
44092,138.28996474969193
44093,315.04901845027734
44094,537.3008518028153
44095,290.100876797317
44096,620.9779578056658
44097,203.0805212938203
44098,147.31174570033497
44099,149.50185214088216
44100,888.6465621045846
44101,117.2046809770464
44102,86.45796169407701
44103,737.943582920053
44104,152.2667027719254
44105,267.97855881389444
44106,279.13065747563076
44107,101.75944158814193
44108,195.18598283829442
44109,184.6785278993375
44110,335.385051417406
44111,198.74224626152917
44112,419.7683579395822
44113,280.74739369831786
44114,89.87371746730676
44115,5.538471228756207
44116,671.8926251667394
44117,140.470184900571
44118,160.9896060267498
44119,215.66632447534994
44120,654.4476480171833
44121,140.77449948152554
44122,43.79762805578922
44123,481.00998386249677
44124,160.96826638332888
44125,137.3466264489068
44126,119.71562165815142
44127,328.31982551499
44128,302.41611660030924
44129,189.94250872369398
44130,134.97712877215724
44131,228.1990855819823
44132,245.43763910503458
44133,188.83831745325807
44134,251.3064593780545
44135,317.3793919989172
44136,329.2232405878853
44137,421.24187866775617
44138,154.92457844379328
44139,178.8836300744165
44140,133.23386368668372
44141,116.44526887268003
44142,284.2830863174417
44143,222.9000707920014
44144,142.77411869145436
44145,510.58483869427414
44146,269.9906586232705
44147,232.43014173641046
44148,195.9172809271481
44149,488.1765722669519
44150,222.28080135834315
44151,661.6884430164282
44152,146.97848503456825
44153,120.92834127688857
44154,146.905167586868
44155,285.20303680071316
44156,171.11876875893333
44157,246.19781686316614
44158,148.64765371803824
44159,166.652709640821
44160,311.5979246900101
44161,192.15664829627838
44162,720.8438131638563
44163,1087.7492244375728
44164,190.69032461362377
44165,110.03722992149187
44166,485.44319654039134
44167,331.701234824135
44168,175.55908738961057
44169,227.66439337728667
44170,185.66294384228266
44171,129.02741840692747
44172,411.16379398228736
44173,297.3408306116204
44174,57.78792772789585
44175,101.42524171663105
44176,232.83736535140045
44177,159.31290881487135
44178,99.9685844309732
44179,272.59874960813875
44180,128.76041138767624
44181,295.46180537974834
44182,206.20301650856584
44183,307.42544096444396
44184,263.64458290846915
44185,208.27871071951765
44186,707.7667305466533
44187,224.1886521398549
44188,85.36616533329722
44189,318.9295276395362
44190,183.64090943758623
44191,200.66766103004463
44192,376.21178692555674
44193,268.06683529320253
44194,222.7704697963784
44195,383.29489453653844
44196,406.07603665411796
44197,130.93993765313672
44198,175.7851653762049
44199,182.04937893923534
44200,195.9207463906129
44201,161.52687342404957
44202,1104.6225023429174
44203,381.2160518864752
44204,88.97990952594971
44205,662.3273294166761
44206,123.25116673494867
44207,320.3207650087192
44208,156.97930812138563
44209,74.4678293676295
44210,563.2057494366117
44211,627.5811329100655
44212,180.57709888545133
44213,117.9382109145013
44214,188.17351849853802
44215,439.2948751780871
44216,133.0970864533331
44217,358.66020999426416
44218,749.8410794396186
44219,158.9292789185575
44220,206.1799484923548
44221,187.35463401885775
44222,149.39787143918537
44223,269.8220705843103
44224,159.06311338398245
44225,266.2681172914529
44226,466.7086812616287
44227,162.18917720384982
44228,115.38566866143981
44229,198.0475218312174
44230,421.39726215295747
44231,140.04507063763393
44232,125.03439670508038
44233,328.57897353054113
44234,108.07088003861054
44235,185.1445322198016
44236,166.77840900823008
44237,180.36439376290716
44238,477.13052254768445
44239,389.1402417135467
44240,196.34914937995904
44241,753.0372069457102
44242,592.343418736272
44243,190.22581433356143
44244,128.2719092845308
44245,130.38245563979214
44246,330.07148591254963
44247,257.30871057407245
44248,155.0533778193649
44249,187.39708719133264
44250,108.32390008471762
44251,102.60894841288042
44252,217.75002392595266
44253,408.9686346564459
44254,513.3970159549398
44255,187.8287128847268
44256,179.56185681552523
44257,530.7325449838482
44258,305.6121748780222
44259,196.83408405474754
44260,144.77756055087437
44261,204.53817757767038
44262,522.7967944268586
44263,377.7627702769955
44264,179.7235448910669
44265,201.56497704034717
44266,132.11483391035827
44267,239.24044689221176
44268,118.354525320031
44269,574.6538472406294
44270,287.4261225349884
44271,919.1554918048811
44272,85.1346630995717
44273,117.6948055749787
44274,791.2984580250511
44275,218.0564226475656
44276,212.84397226161295
44277,242.65496680829136
44278,534.6396692838047
44279,263.75525341515197
44280,116.86964714841373
44281,120.84627852625218
44282,171.29050068101296
44283,90.59498963915436
44284,112.80171186810486
44285,192.48058647673827
44286,509.5402417702454
44287,181.73878582230537
44288,299.8908261075913
44289,316.2438126873965
44290,334.14207390504026
44291,211.89612998474647
44292,1840.4518081201393
44293,359.73979499860405
44294,235.50898104148354
44295,77.55968514137926
44296,163.84222631858555
44297,225.51828782948718
44298,177.75621948131737
44299,330.06212804034317
44300,160.13541525586544
44301,69.38635077693105
44302,315.29764701270165
44303,144.17202198785466
44304,266.6312191750983
44305,542.1276906357476
44306,144.08601249578533
44307,839.8068020235754
44308,210.90178821958813
44309,489.9435827344757
44310,164.67446031094812
44311,169.8307709107831
44312,404.8006973461246
44313,165.71912725420378
44314,119.03988766390546
44315,153.05687275866967
44316,136.37909556184124
44317,204.6478170175749
44318,266.51902963785534
44319,128.5915215097561
44320,176.43855944803585
44321,143.2895025848733
44322,261.4198189690356
44323,198.9831675758622
44324,218.85363626879155
44325,276.51396376494716
44326,98.29050376001959
44327,145.42447195889008
44328,167.64904273027562
44329,229.66167300865308
44330,129.31409566315352
44331,301.8570308717377
44332,303.38487495345345
44333,248.05611155686145
44334,168.98915085052104
44335,177.57755066275368
44336,167.8589665938697
44337,779.3535233969517
44338,87.4691927277591
44339,90.43698870720004
44340,323.8568158372401
44341,398.8072927763421
44342,112.3133046981184
44343,1061.9264931026405
44344,145.3608326163629
44345,270.5365579223904
44346,485.19375731978664
44347,119.80920725613599
44348,627.0999042738168
44349,155.41946330258654
44350,209.8809016480497
44351,627.0735476431544
44352,363.16379112012976
44353,162.40701075689617
44354,99.55927145465868
44355,118.20050571725127
44356,277.48668735191757
44357,145.69168758673626
44358,240.89043529253956
44359,174.4609109363949
44360,219.940896739417
44361,60.073427857325605
44362,193.7953444643941
44363,144.09738669323576
44364,115.04957609373325
44365,124.18270549922556
44366,310.8936639450997
44367,108.09593521458893
44368,286.68263709622175
44369,141.13100844392858
44370,196.93716034865685
44371,237.51079064391112
44372,160.22715648307366
44373,65.87507143890704
44374,369.5908123833643
44375,1693.9583120969169
44376,523.137096893485
44377,90.05210428628178
44378,215.410327931859
44379,175.90716111574557
44380,409.08672660160977
44381,164.88446568938605
44382,302.8292180276631
44383,500.85432761322994
44384,260.1868404378753
44385,288.03833504074294
44386,60.251227837431735
44387,92.75237028747752
44388,210.96301405963993
44389,389.04673663561493
44390,236.20930921219463
44391,255.02972140578512
44392,226.22268556734537
44393,111.82479792330811
44394,631.7794849449574
44395,201.65312545749993
44396,195.98989160993594
44397,267.8876424890993
44398,716.0283755764245
44399,305.70588242135216
44400,367.0233172155654
44401,194.8411624860564
44402,293.9322375341356
44403,124.50502621791848
44404,545.2527649723811
44405,324.3872363955799
44406,105.65762251959043
44407,712.0648040238823
44408,209.99060489950546
44409,283.05577870331194
44410,252.38665556124394
44411,319.42095790304444
44412,138.27320292561876
44413,293.3608685707099
44414,146.67637513835302
44415,426.4703057968975
44416,119.36347211191419
44417,475.0150992789404
44418,400.1459023989178
44419,590.1489804273597
44420,145.3153796663568
44421,279.00397524253106
44422,1711.0303834194508
44423,341.58469426961534
44424,191.43301297869556
44425,179.52508373235148
44426,362.31744191584346
44427,247.52768146674927
44428,317.08752955069787
44429,133.18441856897905
44430,530.6422939410597
44431,243.0840093314653
44432,134.36507802317107
44433,235.87030192840032
44434,668.9853442793858
44435,85.81688730452977
44436,60.75853311065991
44437,81.76616935168181
44438,168.69211150450442
44439,139.16435785697522
44440,197.7241287201526
44441,212.4903743964215
44442,112.02191717680724
44443,217.55300280254897
44444,197.29480177594507
44445,336.10483604541645
44446,566.0296565449316
44447,151.17216122986105
44448,462.4872786835644
44449,403.4056376887475
44450,254.6677814527169
44451,259.0506415736366
44452,382.4810301985174
44453,111.03303890634756
44454,331.6675629493264
44455,365.4509410150826
44456,211.96239555270694
44457,454.2006826633943
44458,220.33178083070737
44459,227.30172474257884
44460,974.6030361130801
44461,196.58306264047002
44462,317.86457464165494
44463,1138.4426603754391
44464,96.66661691139291
44465,540.9445076042256
44466,382.93470336005623
44467,102.23664074428068
44468,105.50318678484987
44469,250.47994621794962
44470,571.7534587553467
44471,684.4315584438581
44472,329.275561013434
44473,336.6535733675012
44474,116.83858396268448
44475,142.71529707596343
44476,220.587787935752
44477,145.1510953833543
44478,137.7224755557771
44479,204.5539757900639
44480,165.5851207281487
44481,294.75342175960486
44482,250.3976478988273
44483,246.00210902756
44484,194.8223297833627
44485,181.78803388764797
44486,291.95555601625927
44487,211.3314579338635
44488,242.140221937374
44489,258.7155140142508
44490,310.3460303115868
44491,227.20716437664828
44492,168.80979251999048
44493,250.21827520905003
44494,208.58271530285074
44495,347.05362531086314
44496,223.34622500886906
44497,92.69605689636188
44498,397.84090258010406
44499,189.46413309843473
44500,584.6344245834132
44501,284.0205349175597
44502,292.4286749292128
44503,199.61714567655707
44504,143.99954019084242
44505,84.59980493512273
44506,424.43475965305976
44507,209.4297116840205
44508,231.45795369947444
44509,282.0801967338547
44510,201.02307841385908
44511,147.88859794174263
44512,537.7566698484599
44513,179.00490502961821
44514,630.8320069886435
44515,274.7345423175773
44516,248.41856736661433
44517,253.08727024744837
44518,117.15016076658412
44519,153.45215618895293
44520,177.28036212583973
44521,163.11193534846242
44522,153.64086810015644
44523,313.7524861654489
44524,407.98414663450296
44525,339.043539177596
44526,254.06564981002182
44527,485.8537005480448
44528,243.41299653518143
44529,377.66833423150854
44530,119.10968323537263
44531,186.61452534268344
44532,144.5916486123871
44533,178.9706817079452
44534,110.17518527041068
44535,266.9497562402053
44536,244.71257336225668
44537,200.01304619594433
44538,338.66343958987704
44539,294.31178168904034
44540,191.37305634391217
44541,108.494925103138
44542,297.92407142106237
44543,136.8623737115292
44544,320.43313271699975
44545,242.45512001458445
44546,202.25090420206
44547,152.82197410395952
44548,339.0536579883895
44549,97.81708738005896
44550,445.15533088981124
44551,370.5534306396806
44552,222.72632979993054
44553,194.0515170761372
44554,807.2949846703241
44555,511.90807877580755
44556,160.6240117376667
44557,189.22240449614512
44558,609.203037714314
44559,222.26311261993442
44560,233.35983559772816
44561,194.8284561801666
44562,137.01382492926606
44563,504.0315550711339
44564,914.5007181364854
44565,164.75574471157296
44566,154.49287870603047
44567,294.03744831666626
44568,290.72338563252146
44569,266.5189148265236
44570,174.16006630446324
44571,149.66594276734227
44572,122.1960182610712
44573,432.94691468993113
44574,159.0604091146083
44575,372.70777891038705
44576,117.95854765866177
44577,241.1015116153405
44578,206.81803828305263
44579,242.1969361569075
44580,140.06774863819894
44581,196.24519007785588
44582,391.60769264202315
44583,161.94002950694056
44584,192.8434457461072
44585,146.22784965218548
44586,621.5790879113622
44587,237.16639529261022
44588,176.18334273527103
44589,141.75123285816045
44590,508.2678350391584
44591,240.22527717802865
44592,243.21781795921137
44593,84.47105313092071
44594,229.8890363886134
44595,287.67217807051696
44596,187.63156482874086
44597,339.440066461226
44598,724.1119419561006
44599,200.54352305978884
44600,244.85654968883043
44601,168.45163826833544
44602,256.4988453048469
44603,212.742152529202
44604,191.59141733359886
44605,172.4442202235227
44606,266.38065333227456
44607,664.836903906296
44608,53.22714787772534
44609,200.66390895493
44610,1292.9351453402396
44611,428.43648588551775
44612,231.88528049789983
44613,125.19529698956048
44614,233.87838450573838
44615,135.55794139931163
44616,297.02869910908674
44617,290.49773968633224
44618,268.9566949392431
44619,195.63128960222198
44620,329.7588972420195
44621,224.72791238672045
44622,163.83691936453212
44623,305.52778748566595
44624,171.07555395424413
44625,403.6950257885793
44626,282.9021944697081
44627,253.1489173076159
44628,354.65077386422325
44629,134.2272995470508
44630,498.12797394401997
44631,269.26964461606326
44632,152.9395895952752
44633,159.79840045642547
44634,233.4035248167327
44635,65.43027919271799
44636,238.2270224730122
44637,253.6905088016762
44638,149.32542577786714
44639,324.51657156454223
44640,155.49585092867324
44641,123.81095619547118
44642,173.43717078595986
44643,494.0401229912449
44644,142.42641177104667
44645,294.71289791608086
44646,244.72262240305614
44647,70.90430159117511
44648,162.21035087095288
44649,146.9627267528452
44650,161.17211403809176
44651,230.50008975500106
44652,282.5880980338413
44653,166.8071296180234
44654,225.12169678251533
44655,264.920150251543
44656,294.42474841833695
44657,309.83923779721744
44658,202.71204646540298
44659,152.88991971893822
44660,228.84494214029695
44661,755.8789998917023
44662,156.39663312366753
44663,268.6824416718514
44664,249.9704736405147
44665,301.60876482226666
44666,117.37339795527505
44667,298.78434990251554
44668,149.3650834323324
44669,171.62232912363987
44670,394.1619181803847
44671,148.55285945970138
44672,135.34386718178953
44673,495.84062369516397
44674,139.15214717078112
44675,454.5739967786222
44676,219.21656460145235
44677,107.4336339589173
44678,207.4620497124521
44679,129.9195711328264
44680,181.1712837797233
44681,148.3517720807532
44682,210.99701643537827
44683,141.23766789214076
44684,135.0787545977537
44685,251.5303783475604
44686,233.79427720679294
44687,150.7547901411298
44688,836.2014986288814
44689,503.8071779746906
44690,219.3557889047746
44691,348.15449191986346
44692,414.88997636898927
44693,119.37746189493414
44694,153.87428230179972
44695,163.2387293285175
44696,356.06618194327393
44697,238.22554614413957
44698,214.09522579121992
44699,172.73307602865606
44700,112.93033275338915
44701,318.8602388518998
44702,337.1008760647882
44703,349.22504862497175
44704,783.4172425093196
44705,90.51172770346344
44706,149.2528917268672
44707,191.0174688137334
44708,117.60747671185645
44709,487.8838722906821
44710,170.23342254958763
44711,346.48918010165596
44712,193.92778525548556
44713,203.0730740285592
44714,171.09073420403993
44715,307.6615061191063
44716,240.6514409410726
44717,110.86635384187053
44718,70.60869182583319
44719,1349.879515973333
44720,388.4075923649645
44721,322.44088768646947
44722,178.69700362467026
44723,191.98155528711945
44724,200.79097490929402
44725,122.27350662318746
44726,250.65905659656875
44727,302.8555564909912
44728,579.7300259203624
44729,191.61264381045694
44730,277.9195514921448
44731,105.09701660867566
44732,170.2696721628178
44733,236.5243654127443
44734,238.75025475219434
44735,191.13351304328324
44736,173.67874745462214
44737,279.38093548987894
44738,227.90265399829133
44739,778.4544554973294
44740,146.93956388351663
44741,516.6125623551403
44742,767.887392666439
44743,233.22121830718424
44744,113.44961469456419
44745,397.5515511311216
44746,101.42863762956485
44747,199.71089640099694
44748,239.57999454369377
44749,256.62452536827203
44750,75.8574580858262
44751,185.36905358743397
44752,110.3244811095245
44753,295.819434353792
44754,301.1165693088773
44755,204.07016244217175
44756,156.0822126807426
44757,317.27361279496427
44758,384.38698995193363
44759,86.43609295578739
44760,249.27422902778702
44761,235.0493182519037
44762,952.222755817796
44763,208.74727179224612
44764,106.97824053406484
44765,298.1984576844735
44766,236.6217292793653
44767,1061.3652919138328
44768,371.9000061525907
44769,615.5870775491818
44770,589.4739284762991
44771,163.83865212726784
44772,245.16094881574466
44773,219.90025900722554
44774,150.12690643920902
44775,224.53288317885003
44776,200.79368684165365
44777,305.65541893336353
44778,175.12538900949818
44779,275.0439096011204
44780,481.6605483583386
44781,494.89497681337417
44782,512.2798293467893
44783,173.54888779156053
44784,415.44245467588064
44785,124.75865332033473
44786,226.52487299788118
44787,370.38429885056985
44788,133.82928624737843
44789,1594.4155141574522
44790,341.4177279126651
44791,492.90622650565956
44792,375.1499756514475
44793,241.7198578602876
44794,333.0284243507331
44795,298.9544323011459
44796,1021.5754617718239
44797,282.1837317257729
44798,484.5470560721415
44799,192.43819172693028
44800,220.3877364443452
44801,159.29860195756441
44802,748.549694012516
44803,299.5796670025606
44804,759.931719188245
44805,285.10739472604723
44806,182.3326547570457
44807,115.14761510552279
44808,225.86542205982204
44809,155.03578837274182
44810,172.01855332853415
44811,134.26032508932036
44812,246.62464930366076
44813,1874.793263371351
44814,124.3256619338944
44815,300.72876875883566
44816,776.8840165533408
44817,134.71753907295485
44818,145.63699575024157
44819,195.22004301366866
44820,1741.2252448526526
44821,307.74434208940596
44822,303.8182027272355
44823,177.02457510121974
44824,223.61778365152716
44825,192.99289311602269
44826,247.45019080780924
44827,159.44548775058266
44828,359.226912073597
44829,94.74291636606678
44830,147.7209578191794
44831,222.15352104611105
44832,3.6378233292228987
44833,211.33976613294018
44834,195.2841669390501
44835,224.92484638160863
44836,176.8808798935658
44837,171.0397230807103
44838,546.5502793211764
44839,130.49786035772982
44840,209.22690902960827
44841,298.13083766643103
44842,244.48103498821277
44843,375.5421519129759
44844,136.17671014804856
44845,121.84522115847348
44846,77.49758563721454
44847,369.5270412681628
44848,151.52622835576693
44849,332.6550171315779
44850,160.71661939227133
44851,86.11786388374647
44852,144.03666477979635
44853,356.1534980344235
44854,107.4712313842579
44855,260.0954618220354
44856,490.4517912713618
44857,904.9850252921309
44858,378.80099589088735
44859,313.69391204478615
44860,148.28912855569288
44861,309.6462049838373
44862,108.89583165042511
44863,103.52223350564793
44864,282.1164470198393
44865,168.63045455915778
44866,161.73188616554503
44867,176.98272644277455
44868,408.6913808331061
44869,87.84013365575801
44870,196.51730197843688
44871,331.1834347732009
44872,234.88498040048898
44873,114.72838669542855
44874,390.96140678330124
44875,178.66957302580835
44876,373.4811341211396
44877,329.83334593230916
44878,296.4545260752117
44879,132.9312454375575
44880,86.1160924026385
44881,114.93940950840003
44882,222.820771873947
44883,555.7444968106639
44884,173.03554799183883
44885,319.8357689477075
44886,390.96816935035616
44887,293.98481223033883
44888,136.7715649520477
44889,245.9666562077357
44890,181.56072988897864
44891,934.3707325400363
44892,333.35273293451365
44893,191.5246446863501
44894,236.35442568537252
44895,160.4767964607349
44896,195.73130730133062
44897,103.58086056784758
44898,160.49160493114573
44899,253.36253018108852
44900,167.38647225224807
44901,204.06866851331063
44902,107.65620343139048
44903,115.15306344255214
44904,407.54275440573724
44905,203.54298942707803
44906,262.5021019147426
44907,213.21098932034266
44908,67.55106653715931
44909,388.49229103436613
44910,213.99046737976713
44911,187.54162566276955
44912,193.75889284861375
44913,120.94783848493994
44914,352.41775249857193
44915,200.85677293782012
44916,398.0442589226326
44917,220.52322390000734
44918,306.35152758872766
44919,523.8825109954715
44920,112.79443751599486
44921,252.50866199828894
44922,193.39687509576746
44923,306.7386265735109
44924,342.08656919238246
44925,2683.3574965174553
44926,241.68975490323137
44927,159.4062779601523
44928,339.01806288334353
44929,172.44403514434384
44930,936.6484393322553
44931,191.29967633239403
44932,123.3557882554001
44933,126.06464796118344
44934,259.6909525914771
44935,115.72992335984152
44936,241.07386809437952
44937,411.1411242308472
44938,351.6826083729145
44939,211.21866493885693
44940,172.95734854520654
44941,202.62706322526356
44942,166.8906844849438
44943,378.32397401355274
44944,258.350423423905
44945,162.0328185231173
44946,420.2979118193997
44947,302.61504091968874
44948,219.54603137521792
44949,169.28202967475934
44950,271.3373798933596
44951,98.51400251452517
44952,230.9904138937195
44953,150.4417305217878
44954,247.33139723223238
44955,350.70661853718354
44956,229.9564815749399
44957,202.1981682475733
44958,184.15662805987682
44959,113.10717620426374
44960,156.75442997018447
44961,254.45310826789114
44962,237.3306763713156
44963,130.0976898811135
44964,133.0002916580744
44965,136.66516501331887
44966,174.1093635885091
44967,154.4830195579288
44968,188.31542594139546
44969,146.54032634451792
44970,286.26735044215513
44971,193.0800441253984
44972,214.52042273034874
44973,276.9828244956058
44974,219.06686089327616
44975,229.674262202178
44976,144.3366889864824
44977,312.09036297495487
44978,242.3694602224449
44979,230.55874893971222
44980,303.6626361047801
44981,959.8900800404605
44982,220.23859527745014
44983,-254.37576198804902
44984,144.88896491244552
44985,494.70704263219864
44986,145.6234296441055
44987,154.02209297887478
44988,147.07644946536044
44989,224.45063323413305
44990,79.10916108316404
44991,117.97016994279579
44992,176.56617472970584
44993,203.43549906748297
44994,535.3143154534546
44995,953.9678531700351
44996,203.3575169417086
44997,271.7183509461103
44998,284.0882915996314
44999,118.82044203932632
45000,179.52247058115745
45001,289.0038833057179
45002,451.96980030640776
45003,181.88460319761734
45004,399.3386718327267
45005,378.2539592426591
45006,113.86996841341094
45007,310.0290140980826
45008,111.18656946872078
45009,326.9943881988644
45010,359.73943013326607
45011,173.93151499129357
45012,179.253259903059
45013,259.78504254445266
45014,89.50536047677139
45015,180.5155243205859
45016,1196.3296994169089
45017,235.62608550717675
45018,647.207399468694
45019,272.1817567095478
45020,385.3501929605005
45021,126.39328930391845
45022,254.84613251907192
45023,316.7317451874586
45024,130.10746409025973
45025,850.2099817145508
45026,345.28765119493613
45027,155.5616465337974
45028,165.7618283221559
45029,170.8376671574407
45030,124.36226743381215
45031,230.30756821632866
45032,249.6762880539222
45033,130.48610139845877
45034,214.423657254385
45035,205.82981618632598
45036,205.33697252310606
45037,223.58077567348406
45038,345.0964117786308
45039,226.62469338955947
45040,241.88534614704088
45041,205.03961925252474
45042,115.54336652919265
45043,262.37015322570716
45044,184.78198061273613
45045,278.2272217121326
45046,103.72134949530592
45047,174.78035020063987
45048,211.9977236835008
45049,148.52087229612377
45050,825.2258734771119
45051,450.8254860404458
45052,667.8965203582567
45053,274.06053920857255
45054,151.26519397104568
45055,370.8661856317189
45056,323.32802258171847
45057,124.766236722519
45058,259.61817067715594
45059,170.63590288713556
45060,491.2032680364429
45061,480.1699376781704
45062,470.5720537539966
45063,167.83650699478096
45064,144.56553632884564
45065,119.5765745161794
45066,338.68658775187004
45067,348.40802431294776
45068,237.2111208964963
45069,289.24171873332637
45070,203.76993573183591
45071,191.1757668396579
45072,232.21765907374024
45073,240.72927713899455
45074,313.75892024990503
45075,240.81655566088483
45076,114.49275414838264
45077,155.71680326655692
45078,138.41584105386406
45079,415.41222906850993
45080,242.025902922675
45081,227.04956731281544
45082,278.67761936575505
45083,178.16735880687142
45084,160.61116643862854
45085,137.22156285519355
45086,252.45686496829464
45087,153.76002519308807
45088,280.074267968402
45089,251.14229717019134
45090,599.7491884310543
45091,226.70235116591442
45092,344.79742090324646
45093,317.51118737200693
45094,260.0631605078879
45095,238.77866159231516
45096,203.0176807807582
45097,402.0003361857004
45098,269.1704146306717
45099,325.1454039605035
45100,465.21643656591704
45101,232.81499735612826
45102,276.37945266694794
45103,220.0811474448409
45104,159.55027524999642
45105,173.34721065129108
45106,385.299082679139
45107,748.0215909924171
45108,176.1507024010605
45109,241.86327551599058
45110,451.20368310702906
45111,104.71295378520117
45112,375.5267028992197
45113,244.162475803764
45114,224.05117479532353
45115,214.99716410582468
45116,200.09110391991987
45117,325.697778361447
45118,83.38939940894045
45119,224.1536799042709
45120,208.53730694105684
45121,285.3736427339014
45122,218.60775453511755
45123,128.46894221254365
45124,85.04960353944001
45125,114.97345053490078
45126,416.6929608714419
45127,387.6666247083727
45128,184.60032703952024
45129,186.47637432198735
45130,208.96045419792443
45131,239.97873802873997
45132,250.1059708761092
45133,65.89197952511175
45134,275.11143383370677
45135,186.77503903235512
45136,201.95815936148907
45137,542.2428495661512
45138,152.13694210324326
45139,163.46462102453702
45140,182.1440087347141
45141,643.9282149256513
45142,178.18555900384177
45143,260.89318624817247
45144,343.2245399583037
45145,-66.6885781372868
45146,228.75794298538312
45147,92.13243279829155
45148,412.9681590067413
45149,126.23621322147082
45150,211.83058412861712
45151,236.18607986459014
45152,195.54012415002416
45153,365.40232976848716
45154,537.9603943533234
45155,295.126385924823
45156,460.19435920780353
45157,122.8094246214042
45158,625.2725038998465
45159,117.35323299384946
45160,135.48238596165027
45161,94.31907220160895
45162,320.4079572899879
45163,298.6639831863229
45164,220.33653238043058
45165,364.31250547657345
45166,153.91227180292265
45167,653.2220956201655
45168,247.76218242510905
45169,693.225557062495
45170,594.1485518414863
45171,81.72985489711343
45172,153.78807610834875
45173,1287.2912764411535
45174,196.9721286430702
45175,250.8838286170632
45176,219.8577468216336
45177,253.5472520961168
45178,432.47845244537865
45179,254.70549220128652
45180,215.53299741347354
45181,436.09289286251226
45182,271.131062730566
45183,326.6239709772252
45184,164.77694784530738
45185,121.327756683633
45186,185.64073751029306
45187,449.4146377168642
45188,152.55836753063983
45189,472.6731830730277
45190,172.3160423609452
45191,156.38984741569308
45192,168.6178317912273
45193,425.24080700687364
45194,228.7847570520486
45195,322.69042543014706
45196,198.5678414485527
45197,130.51048532845059
45198,332.6789559875024
45199,264.98212642239025
45200,208.66931228746637
45201,343.72983685085904
45202,231.56496421849073
45203,432.26820994049217
45204,425.88510909372576
45205,257.27278396572893
45206,358.8605227587349
45207,186.02524890199874
45208,274.8068625589919
45209,185.36110969652222
45210,194.19056756706448
45211,247.28495205528543
45212,268.86793247069426
45213,428.2380660297207
45214,239.18532603995695
45215,135.69379307676076
45216,115.15438931326707
45217,91.23395355100502
45218,561.5845149599451
45219,370.2651627901203
45220,294.5787696183375
45221,184.1195583757103
45222,220.80830236141497
45223,50.79099754771993
45224,130.0759465448678
45225,59.2349546732904
45226,140.12404124858713
45227,268.52939169160913
45228,137.77221198241742
45229,289.2333969715791
45230,385.5306863985111
45231,314.0784091483888
45232,446.88336071913375
45233,131.5492901032933
45234,83.97805500459529
45235,139.43512093707176
45236,169.73841920793433
45237,117.81314506923151
45238,148.5304845510259
45239,113.7345764451015
45240,437.06507092799495
45241,202.35011808441647
45242,243.36336449319188
45243,154.96004653351704
45244,172.52268301515068
45245,230.98927227731573
45246,221.1683251281642
45247,157.94089512608633
45248,91.81014988867348
45249,193.87036245423153
45250,144.18112115271884
45251,160.17953741438416
45252,168.72556002459356
45253,258.8673911980215
45254,102.21530386961135
45255,132.35602382512604
45256,131.4010396777573
45257,231.19731193441987
45258,174.49548445139953
45259,240.5422652974747
45260,336.5746596812463
45261,133.8892258197588
45262,156.40131837633953
45263,80.10593823337302
45264,273.84446039414627
45265,144.33383597473485
45266,101.44980931758447
45267,174.25907340869213
45268,487.42182638221897
45269,681.686973093153
45270,314.4680302590896
45271,223.48406688408383
45272,216.03826410209805
45273,303.74132818659405
45274,497.2301550667338
45275,181.0839458012751
45276,451.14726277657934
45277,260.13788431053064
45278,492.96860957723106
45279,220.77651407373668
45280,202.16030332137535
45281,182.89176523605877
45282,143.67579391532985
45283,122.89892239527066
45284,431.37871231459854
45285,227.1256924798335
45286,124.99558998828944
45287,53.63026204667319
45288,258.46513675473295
45289,211.3962401028835
45290,183.90318404515685
45291,250.93969899476969
45292,235.97079104587016
45293,419.1392898674238
45294,632.7425349088268
45295,157.87386542304557
45296,202.2991606033659
45297,250.8058235241743
45298,255.8764390029127
45299,202.42666145898372
45300,246.18329596532536
45301,253.64317171579003
45302,268.8066013702607
45303,88.11892942522148
45304,269.4935096869245
45305,192.68915220964698
45306,806.9228889861633
45307,184.78081265611297
45308,606.1836962786188
45309,133.51386354508182
45310,187.392947425867
45311,189.2209598216266
45312,243.67781644163443
45313,152.50430927857832
45314,115.617769779939
45315,165.58466493279548
45316,669.6757501090511
45317,381.98851031148905
45318,647.7290740665999
45319,211.65924323851002
45320,260.117859716818
45321,451.81607437368496
45322,225.9909146875554
45323,120.1164819316207
45324,423.708483440647
45325,1204.6713883721354
45326,147.22352217831627
45327,130.42424260773709
45328,148.31536997325122
45329,518.6414363742398
45330,126.98244915558206
45331,326.74638781574436
45332,160.9711824227082
45333,185.6397178758246
45334,366.56002020254425
45335,265.4773411642178
45336,247.14517800392773
45337,299.84719655512913
45338,185.11346661344774
45339,205.38929701749083
45340,221.29400134263898
45341,149.1526732511502
45342,178.77707780517207
45343,218.19381264437044
45344,269.28388442040347
45345,391.08270662367704
45346,304.68716946832456
45347,159.23000729896427
45348,186.06375732119088
45349,102.40073535255182
45350,232.36165280735733
45351,177.32863656809312
45352,135.15528239591427
45353,210.08657528986888
45354,335.581637942164
45355,344.9747820390303
45356,179.17525796053445
45357,150.8596111353849
45358,133.73208976640805
45359,139.6158894306095
45360,205.57560358955075
45361,224.41891442965982
45362,242.71184872757684
45363,532.6174583277597
45364,394.21265298008996
45365,304.57168986690505
45366,381.3175729583743
45367,248.99818386336025
45368,448.31565482141383
45369,135.6826425728994
45370,318.72816681057947
45371,155.46811874058932
45372,165.24491299507943
45373,366.6097263080333
45374,231.6594304824844
45375,196.5493598335609
45376,238.68211927442104
45377,290.1953130260694
45378,198.5789759114835
45379,396.99610187146334
45380,234.8835534525671
45381,160.04504138131722
45382,93.15796749975745
45383,235.8210499703121
45384,266.94375634751
45385,252.39916051099013
45386,169.42684162634367
45387,119.71373573927526
45388,221.7945506202842
45389,219.34032664071904
45390,281.3906213800792
45391,508.4669655105978
45392,226.85830063230821
45393,169.24147371854937
45394,124.37521622323573
45395,183.068710517421
45396,581.4500499945639
45397,83.73999220847182
45398,971.7320855416874
45399,542.4172606591422
45400,375.4333765779105
45401,139.19111022276414
45402,1275.3284793844077
45403,333.2328134225426
45404,440.59471904568886
45405,160.93427196978
45406,420.87499251640367
45407,147.45162888937128
45408,178.9792806914316
45409,216.90425887565164
45410,163.3955322448489
45411,368.00977987136173
45412,532.5918819774367
45413,372.74018772023584
45414,174.57269494577497
45415,149.76324222440238
45416,151.97669739255193
45417,127.05119536786663
45418,91.11639264829184
45419,227.16379315751166
45420,285.6169957403639
45421,730.9037672987574
45422,500.56669321755544
45423,474.0919126991097
45424,226.03513354710947
45425,110.30001518346045
45426,364.5879433937595
45427,261.844275167092
45428,111.9564691646443
45429,570.2036899313607
45430,265.24912981182456
45431,191.87735854136648
45432,242.507737977284
45433,514.7530884869909
45434,162.26877865011645
45435,452.25699791671565
45436,187.89884464031485
45437,253.92982438836705
45438,177.22858845556812
45439,166.74402866551893
45440,126.18183220411306
45441,470.66396871237475
45442,178.76263107684952
45443,1282.1507410209972
45444,216.1803270171544
45445,159.94706368240068
45446,239.50248171887213
45447,190.23976358136642
45448,109.77258389316475
45449,395.6792883339792
45450,263.2986898257108
45451,203.38488519032697
45452,146.8501853564296
45453,209.15019077219478
45454,293.290655704542
45455,114.00971701922198
45456,548.1172769445407
45457,175.16807127578923
45458,109.62268937146351
45459,134.0121019619218
45460,698.2014122806959
45461,171.38079588730358
45462,182.58124621386182
45463,122.59765256340201
45464,310.2587339850921
45465,110.04305777026168
45466,208.11099326914942
45467,577.9390763181391
45468,809.2192564499964
45469,187.3032164140527
45470,285.93383434355235
45471,148.14515573686154
45472,169.13282363352425
45473,425.5453066165139
45474,753.0562947162271
45475,67.11174802963713
45476,253.5764642717424
45477,136.71756299242452
45478,320.3106472992324
45479,207.72557411083935
45480,160.8021613708961
45481,163.17459246821926
45482,439.50253491514184
45483,223.57238510927374
45484,149.64595772790068
45485,120.62208702279986
45486,143.5451117915902
45487,376.85944219935516
45488,157.01333721146088
45489,288.47823284569404
45490,467.9741402349106
45491,182.1602823010201
45492,264.60851789900255
45493,524.2296323696902
45494,175.43234665248653
45495,148.8858771608859
45496,465.3863609213927
45497,122.60602912967893
45498,238.04088106535528
45499,282.8884709237109
45500,175.442182666484
45501,191.33748124396016
45502,235.7097208617273
45503,216.6877869756372
45504,166.46394683248303
45505,171.92277182364762
45506,823.7849255198234
45507,144.2149107637523
45508,562.2453693710231
45509,85.7283212590514
45510,193.52841348077717
45511,327.4253793895773
45512,122.21694276798534
45513,183.51102363315806
45514,103.52055283643016
45515,212.7087517419047
45516,160.5710165231514
45517,1160.8697728062718
45518,2865.1678521426634
45519,133.6401150796258
45520,198.15304786918625
45521,221.26153441017328
45522,900.3246833173422
45523,103.99732881590064
45524,187.06122278193382
45525,353.24757580279834
45526,207.34825156655376
45527,98.1366905467133
45528,351.2239933802379
45529,360.9659353159517
45530,196.30001095597416
45531,856.5685768588006
45532,1018.1202250609841
45533,209.3457228580369
45534,112.9473790155229
45535,108.833430733986
45536,325.5514060606079
45537,241.06474896698563
45538,129.10531767069608
45539,225.68651459843207
45540,174.2369937183468
45541,279.7924818530479
45542,296.1060465970199
45543,393.7963424160156
45544,218.34382533678945
45545,361.59792992781445
45546,326.6130397561942
45547,230.11378457550512
45548,160.9476859985178
45549,177.61017477565443
45550,1381.974323992865
45551,188.90548237997587
45552,154.85228408470144
45553,128.20065125409442
45554,197.6471614351945
45555,675.573059798202
45556,358.59844217374575
45557,138.97158018542356
45558,449.74686145324733
45559,517.7168921458599
45560,159.30169651302302
45561,412.6128333573666
45562,82.07227479904601
45563,244.65974855570857
45564,183.8187586502408
45565,191.72290786348324
45566,179.67980268845054
45567,133.34425310474373
45568,200.48887890826424
45569,130.06556326917817
45570,332.7447894370545
45571,294.48764988642205
45572,266.16156915912
45573,519.3525851805964
45574,575.658421974722
45575,273.5860405380042
45576,628.7064763027709
45577,271.23984250761526
45578,481.53375301746485
45579,89.69315357514563
45580,206.51740977376983
45581,302.51436692716373
45582,172.28809576853004
45583,206.58139594224312
45584,304.12465385836373
45585,165.45287434225776
45586,335.8478865482413
45587,343.608921718435
45588,157.71305498015582
45589,415.73247073660224
45590,404.6225987359168
45591,324.0879378563919
45592,244.3211959472094
45593,355.65564972069177
45594,206.55103608657387
45595,189.5488315203615
45596,296.8241938043998
45597,83.74698235038993
45598,858.7796737300184
45599,335.97158079060046
45600,209.1916105786086
45601,157.8371337048081
45602,206.41948705525354
45603,207.29475518654195
45604,120.4127569942433
45605,201.48022376146344
45606,138.73567529344027
45607,181.62258794247882
45608,458.66832352038665
45609,75.94037267770679
45610,132.82833778114195
45611,632.929107199713
45612,311.2986108087745
45613,217.59618611762622
45614,231.24993805594752
45615,309.91778676150045
45616,596.688586558829
45617,148.0877743186398
45618,169.7242702368434
45619,120.185511354732
45620,536.3310861268423
45621,182.83371644010816
45622,149.68784733534162
45623,268.89955914882535
45624,677.6935534436113
45625,97.28003542199298
45626,262.39245187836
45627,196.29089442805076
45628,255.19687197314687
45629,139.28958358208524
45630,406.45427379911706
45631,494.92326731298334
45632,397.2121438190268
45633,229.8551731904607
45634,220.19415561413047
45635,210.02694821579652
45636,347.59906397879234
45637,779.4232456014394
45638,191.45103958653812
45639,874.1933237934909
45640,276.84321501999403
45641,260.4101324036963
45642,157.37967129115697
45643,367.99678426312875
45644,437.512473690242
45645,365.1708165351906
45646,176.70575042036606
45647,271.55784114265066
45648,229.6812398708236
45649,-32.12661156004359
45650,139.65665603686804
45651,265.98953871129567
45652,474.85467238914424
45653,81.16951943608407
45654,226.07940645059844
45655,133.34576277956202
45656,113.59635554220755
45657,314.2117876159184
45658,166.6257450489876
45659,130.29081373531724
45660,523.4113200202154
45661,570.7649547706957
45662,247.67808702775545
45663,122.71408116437155
45664,321.4920704981557
45665,222.19804121525064
45666,182.6752329113783
45667,113.51807230828736
45668,172.08218539728952
45669,181.91352267823748
45670,106.46355423382845
45671,125.1328299304485
45672,211.02784684194316
45673,176.02167095434325
45674,237.10676866068215
45675,308.233600573908
45676,163.068362979195
45677,286.9066104588584
45678,157.91507603103753
45679,243.75566149721257
45680,340.649134181763
45681,472.69406674778514
45682,308.8957378839365
45683,236.56940240739775
45684,271.69961784348413
45685,214.35363778879574
45686,259.6730215880889
45687,181.3042477077398
45688,136.35454117552274
45689,415.54438457343826
45690,146.41729090868105
45691,188.2657142132943
45692,141.93054314269995
45693,606.6603894235313
45694,153.7828715116651
45695,167.05876122845976
45696,149.85566258067067
45697,898.0021044099112
45698,180.35614067002905
45699,242.9718658310025
45700,491.9436028419863
45701,329.6135375289734
45702,305.15234278164615
45703,752.7048990426009
45704,116.43596603487384
45705,226.4956925531324
45706,294.83516572973355
45707,262.0287243725009
45708,263.3692501479002
45709,125.6477443711294
45710,161.4472286779327
45711,100.81534536695486
45712,175.2555403846367
45713,376.0316959929619
45714,241.17286432432286
45715,475.1985296462238
45716,273.01805315623693
45717,247.61836751552013
45718,663.0813854328005
45719,2224.1235004111045
45720,162.53080192032684
45721,268.4247978821009
45722,894.5774406463557
45723,224.98946427822437
45724,301.65916860561157
45725,222.36384552796633
45726,4447.447579182753
45727,535.5068448983077
45728,354.8990472404191
45729,193.2944274082343
45730,116.93669228006713
45731,69.6903349002042
45732,167.31491421919728
45733,141.92570459550606
45734,179.6123695828688
45735,234.6666888633427
45736,432.06883076621267
45737,256.6830651690581
45738,375.3269848701359
45739,200.33507528628616
45740,200.51712919669464
45741,210.31358938730696
45742,164.84692774772185
45743,220.2331448520513
45744,282.36235244782404
45745,386.21597518548185
45746,168.58106466897257
45747,500.6667511604697
45748,297.1014573493479
45749,854.3289375223965
45750,196.16242640131162
45751,463.675489797434
45752,239.73193855975308
45753,314.2530473996281
45754,220.66542141800284
45755,160.15421658904617
45756,226.65071924501166
45757,234.082737986553
45758,102.99485190561089
45759,125.21970747759744
45760,303.8892683122232
45761,1058.7251289885648
45762,334.1179474868852
45763,440.8075365729317
45764,248.1310904681698
45765,300.23677563518817
45766,127.66082664294134
45767,223.86487522407555
45768,189.20136974764085
45769,477.38190212673794
45770,216.53776865779264
45771,548.718625084429
45772,110.32605623620215
45773,359.4395901989842
45774,156.27894066274553
45775,203.34887556874372
45776,167.54204783531628
45777,135.0897677110664
45778,403.75982667494736
45779,314.9610612514574
45780,138.43093703318797
45781,318.8303567119476
45782,368.87682244417226
45783,225.52989074914308
45784,202.09403707768618
45785,132.25389925872264
45786,108.92770031177344
45787,433.67268045170056
45788,247.2060474111257
45789,137.51702037773688
45790,112.69537252476073
45791,316.90836561362187
45792,116.38105482304067
45793,345.2544423961245
45794,181.13900322050185
45795,291.1190026806258
45796,162.2457295666082
45797,351.42590960754177
45798,186.1962269390186
45799,249.11736056908975
45800,134.644093086187
45801,152.67298987172094
45802,247.93164028061406
45803,135.33513557709804
45804,194.68374084624605
45805,242.05960141186816
45806,381.56924395288263
45807,556.0376031336181
45808,178.27573286726806
45809,213.2427148954954
45810,481.9564544058684
45811,238.2575641426954
45812,253.24905401519723
45813,84.81456733332915
45814,253.03135655518733
45815,114.27693208150916
45816,221.1754247146177
45817,171.12034992412288
45818,215.68780472209954
45819,240.26986361452256
45820,260.46843782963396
45821,121.78186560205751
45822,242.43949086695937
45823,273.3303838799586
45824,150.88638273551993
45825,507.748454880615
45826,113.31334765049603
45827,470.69817760267506
45828,135.96070817461606
45829,158.9849977613023
45830,185.6579223960913
45831,203.01162949372818
45832,227.66843894663648
45833,159.95015606496253
45834,252.4893385958933
45835,138.85698455701038
45836,145.79613802369144
45837,132.79039583472084
45838,296.52523940042227
45839,143.54406157524588
45840,133.5176699136672
45841,184.95841632456316
45842,445.76562115062563
45843,209.79793298929363
45844,331.5808756875784
45845,988.2369623148315
45846,246.31943739430827
45847,485.2957545521291
45848,247.27643617776766
45849,321.5668719090957
45850,253.06701761398068
45851,216.78338433207503
45852,193.050892042786
45853,446.67722301629
45854,188.16530347479429
45855,101.67000792199464
45856,374.55393332647344
45857,193.87294025433704
45858,162.67685985727212
45859,232.359245844818
45860,160.98918234918213
45861,176.88367982066217
45862,138.32971531727543
45863,394.54811081710807
45864,160.1431401696651
45865,167.19240588960847
45866,124.61407140250316
45867,273.53485952092063
45868,309.9954942793636
45869,189.81142493132066
45870,69.99140656393816
45871,790.6976262625328
45872,662.2689229629899
45873,134.19401600892365
45874,588.3720530841446
45875,130.37593025729225
45876,167.19053650158568
45877,75.74068846672095
45878,129.39084358615202
45879,214.74814272241724
45880,190.9786357606178
45881,263.5453671892959
45882,432.91131135652967
45883,172.634955550786
45884,529.9498252905228
45885,255.82803130708922
45886,104.47147882623588
45887,162.10125111559685
45888,768.5180769954864
45889,214.00793532039344
45890,159.06363870587742
45891,186.03230574896656
45892,443.89277720800595
45893,173.2953028013122
45894,688.3814523129628
45895,203.95676417940373
45896,304.8957896227107
45897,124.20779759898623
45898,159.41742792589713
45899,262.95990942319276
45900,191.37929461984825
45901,64.26727837297582
45902,141.17974093945824
45903,111.90642509411236
45904,144.70169073695493
45905,144.7547258386315
45906,639.1746931439387
45907,279.4098692184366
45908,317.9100820251899
45909,127.78608206706905
45910,91.74826793305148
45911,191.61664114591187
45912,303.8449895999205
45913,271.5494334075596
45914,432.0857556008128
45915,374.8024628658403
45916,186.54715002726482
45917,116.01058153593777
45918,687.3653232847066
45919,268.2711442906283
45920,131.85249574905646
45921,231.69935674859246
45922,123.76166279042796
45923,113.23954535441823
45924,342.962340357785
45925,307.1171100972496
45926,114.66333422850795
45927,694.6089695670757
45928,172.6088698618786
45929,217.33894070782475
45930,391.14059166280214
45931,356.39982949845523
45932,54.58215587934328
45933,431.7335971559952
45934,120.57708693269164
45935,187.73655988905008
45936,180.00350218261497
45937,-95.49699346346543
45938,236.3866459886309
45939,29.49841380707481
45940,140.50357691414087
45941,380.42945854869544
45942,144.0966765335837
45943,371.4579023305921
45944,410.4979591830529
45945,149.31111025506917
45946,303.69151968708434
45947,137.11723053404052
45948,83.32456737626758
45949,314.3947701216775
45950,166.5637872372331
45951,156.70958558906554
45952,470.09393320314075
45953,127.03030165213748
45954,362.4925043837991
45955,120.02167473742956
45956,401.24854312084034
45957,156.74389097989433
45958,245.56303442934217
45959,161.54070082156153
45960,547.5259329022224
45961,134.77040437601042
45962,368.3684367403009
45963,293.34421184878835
45964,157.9683883494121
45965,281.0514364624986
45966,424.15793715192166
45967,234.86761271419505
45968,315.69794232295385
45969,383.5449847970456
45970,121.77690591619283
45971,383.566832812581
45972,175.05267198405255
45973,312.89431117958515
45974,104.55414169165516
45975,190.05904069591406
45976,366.9759310589849
45977,569.3178625710325
45978,332.5709316775124
45979,111.2859145191971
45980,113.33018376889497
45981,422.40758618483335
45982,481.7746102366435
45983,231.9774985653969
45984,245.42479435298398
45985,217.50054689598696
45986,123.92737119856388
45987,380.70148871848414
45988,195.29255699264814
45989,159.89723972811078
45990,1275.7397873065754
45991,166.81719046057472
45992,386.18237462707594
45993,104.15264795329094
45994,481.11513415386923
45995,180.7065411273246
45996,237.34813431048923
45997,125.9549567679012
45998,592.0755462753539
45999,307.80986098172696
46000,343.5557048230515
46001,275.4153910700611
46002,139.31543555585617
46003,203.91626477928992
46004,240.55695075475404
46005,398.48734967065553
46006,232.27785629829648
46007,138.88531203093274
46008,450.1832142251075
46009,221.03559961176455
46010,125.72147112777607
46011,266.3251823294558
46012,412.33110689891305
46013,547.2330899107369
46014,173.76244459715105
46015,127.26635102367567
46016,136.25576904825837
46017,111.84684168272356
46018,319.13487635656173
46019,388.1810752617332
46020,246.52313730246772
46021,160.99200001946969
46022,190.77460435486373
46023,431.4246830368791
46024,850.4493577064595
46025,193.07856372486577
46026,143.44223853162003
46027,242.36393229972282
46028,203.78973721877733
46029,152.60216554469957
46030,153.885798821519
46031,322.35285811799343
46032,303.45909274493573
46033,527.099391149034
46034,169.17707983775315
46035,268.06726366054795
46036,191.42363643207165
46037,138.02424633317446
46038,120.17922321393833
46039,304.27625151214824
46040,150.06149964583147
46041,149.85799032956058
46042,36.326189548288234
46043,624.7587740241408
46044,151.7498397126639
46045,174.81418824853293
46046,242.35584576849303
46047,205.9525918377304
46048,184.89872385080602
46049,143.09558953525254
46050,374.53078769271787
46051,159.04114153643619
46052,223.00802831387168
46053,576.824072724281
46054,194.3011092585612
46055,139.19591738681578
46056,125.7233265227267
46057,109.61385124342843
46058,158.9380253013792
46059,238.24003433431164
46060,114.79312687195328
46061,489.5343960811905
46062,301.0994731881718
46063,426.34043015728537
46064,1139.0060594021145
46065,253.3915330598525
46066,206.59166203012197
46067,218.42226780293734
46068,232.2898624959869
46069,447.7189070646937
46070,158.48630990427054
46071,190.94125049412042
46072,204.74730979572584
46073,92.139472399013
46074,246.9179757920903
46075,191.09443994511568
46076,252.17648780994745
46077,496.17869140967167
46078,113.9974928767194
46079,214.75229785881697
46080,347.38092904787607
46081,209.34846619731582
46082,221.34905418875985
46083,294.2093184421872
46084,202.76682549069685
46085,552.9395718432135
46086,236.87901299972344
46087,124.87505049556832
46088,214.1490657752789
46089,228.32782904714782
46090,286.2002822987383
46091,180.82723046746003
46092,190.83256093704514
46093,336.20878064225934
46094,134.0660998316426
46095,266.07855869128923
46096,142.85545466183348
46097,266.9738853661639
46098,150.60951993895046
46099,397.67961934927877
46100,585.9648614310084
46101,278.48086024418245
46102,303.9205071060934
46103,169.93261490761356
46104,135.90321495900184
46105,310.3405591634107
46106,208.90604603552265
46107,204.61896059025472
46108,382.8310188417325
46109,1426.8427580381585
46110,278.85578956266306
46111,208.7647406643738
46112,916.3658865538513
46113,166.76278802104974
46114,357.7524156443708
46115,174.05269726652338
46116,326.6010855781006
46117,115.19328058000738
46118,107.89581576904979
46119,592.550377778693
46120,198.9184809608448
46121,120.89839829779244
46122,218.12699222554684
46123,535.090914689012
46124,404.1097564523505
46125,170.06961973984968
46126,304.7290859377116
46127,157.0350632334478
46128,314.8559903102656
46129,312.00947068133905
46130,388.5414292070074
46131,181.75523996966044
46132,185.64812749727946
46133,158.59878401856415
46134,131.24731691035223
46135,196.41910698350443
46136,209.28818233016545
46137,277.25106775776777
46138,221.13432490626838
46139,58.20245539022013
46140,169.16007103084164
46141,161.8608992241518
46142,738.303703513859
46143,271.05349316019664
46144,309.09447467991555
46145,274.46011702783863
46146,269.9040893448642
46147,578.6528318533658
46148,201.73798119279533
46149,254.45067281204325
46150,351.67704911689196
46151,206.3239417269592
46152,236.93261914840394
46153,274.46913959573203
46154,370.2377060642146
46155,138.50929880832723
46156,420.89892032898103
46157,86.49841009504073
46158,302.0349183943417
46159,193.29848992627163
46160,130.20608522964756
46161,512.5261592119414
46162,284.11076139307164
46163,296.68508895313556
46164,223.47931574277152
46165,171.14388673594505
46166,203.6455797564434
46167,303.1408795805929
46168,259.72473237149666
46169,454.7443057749994
46170,108.65298878574856
46171,236.49883069628024
46172,731.9550878791822
46173,286.7170194235053
46174,68.96644411004306
46175,121.65137847924713
46176,148.3088128436608
46177,446.2634530468163
46178,464.89425721282356
46179,288.38970633581846
46180,336.34790988404956
46181,529.1857133543925
46182,79.49751409608454
46183,191.92549922980885
46184,132.022138203744
46185,220.8434155079963
46186,671.3228462368994
46187,187.09041140605467
46188,2935.3089814009
46189,407.7227412430523
46190,183.21051128081203
46191,254.96585499321196
46192,104.46258948920998
46193,159.0100469202521
46194,138.1965126108402
46195,101.78921718335017
46196,158.39813158628502
46197,130.53388870666336
46198,340.94748460955896
46199,228.74126361521354
46200,162.20678482414738
46201,301.22337088631565
46202,204.70556697968215
46203,182.69832364732525
46204,83.09900284113671
46205,486.7543335452036
46206,324.79069033927004
46207,244.8388128730209
46208,269.49705005633524
46209,457.8774960586985
46210,304.31089915167286
46211,295.38327763993345
46212,154.51565287100854
46213,184.46714414339905
46214,525.7411564108124
46215,167.8010911664375
46216,137.19256180460712
46217,160.17827709626516
46218,134.4245860597829
46219,172.63662001359432
46220,184.59423037006746
46221,268.9831093183575
46222,752.1508941610366
46223,88.58226647028756
46224,426.3144251403102
46225,340.2447172844626
46226,201.90740258136756
46227,65.56598351103922
46228,416.9737036377619
46229,179.59689119491742
46230,534.1758277393635
46231,288.83829540483237
46232,434.7126393747795
46233,172.3874636703867
46234,128.2709662151592
46235,137.44401295895278
46236,202.67121701645678
46237,419.2136808081228
46238,263.2398845867666
46239,67.52646023920413
46240,294.0815294056028
46241,423.6483812554377
46242,189.67028246662613
46243,164.07716960971982
46244,95.41013586588792
46245,150.0039048188621
46246,384.05880110985055
46247,470.0385771878314
46248,189.4345227765763
46249,95.2879670478959
46250,103.91795804773611
46251,257.5770612309593
46252,446.51488708404725
46253,73.59541419475113
46254,1307.4633214057726
46255,356.8766339351234
46256,171.78507276048924
46257,373.9013280717759
46258,185.7313459290796
46259,234.56489920828815
46260,186.23105998667774
46261,537.9671968330941
46262,139.31170926605154
46263,261.697075417637
46264,80.33217327815834
46265,319.247048773013
46266,149.22336026182774
46267,144.96728389605647
46268,683.605502919426
46269,145.110659256974
46270,226.7110563023876
46271,115.84812040611351
46272,201.49563938886317
46273,372.96557158167394
46274,143.85627265797592
46275,132.63493611261774
46276,156.05865264018493
46277,355.9370783098991
46278,150.03139086601908
46279,132.55674617486196
46280,100.81147279196348
46281,259.9690353890919
46282,229.6816233673061
46283,283.6873592279407
46284,111.51225270163658
46285,287.1104736277728
46286,168.5109620065644
46287,200.77489037798856
46288,1556.9672756722196
46289,281.59865143121294
46290,129.0051641357999
46291,124.2975649819627
46292,1303.1669864176718
46293,235.49040554964492
46294,144.64466326526644
46295,339.27085987260756
46296,207.17828874766394
46297,342.1237954707906
46298,303.1474159097641
46299,476.0538209315554
46300,186.6371051580275
46301,113.15760647324018
46302,111.65616980624712
46303,461.1309371259827
46304,156.4877559654724
46305,208.7558936211936
46306,159.08506067364408
46307,364.3568290612961
46308,217.24682152398867
46309,479.1553236333439
46310,173.89461650594203
46311,450.5328156686738
46312,260.3535558453897
46313,136.98017675286894
46314,502.21400790848
46315,158.87665627111625
46316,179.0511513992973
46317,208.05026226621126
46318,145.44277355561715
46319,235.78583169757601
46320,160.85409250492475
46321,280.2434589273094
46322,255.6546497472689
46323,181.52024493955318
46324,97.63054394451403
46325,287.63192106743844
46326,201.21859431106742
46327,120.35046167798258
46328,250.19149475135958
46329,215.72438564987056
46330,124.01066710881128
46331,167.13632080833673
46332,242.15892516508424
46333,185.76188057402328
46334,200.1710994482762
46335,279.7383072012239
46336,255.9124512869051
46337,302.7880680400993
46338,577.8457281659935
46339,240.4602367145327
46340,190.31095290776338
46341,248.5794721672622
46342,135.58223634513635
46343,500.3718941376973
46344,435.026163791396
46345,265.8884923096511
46346,186.54931930980325
46347,363.0965041672569
46348,126.55221147635808
46349,312.7351629044333
46350,203.04572673029278
46351,274.5780216467962
46352,222.59177002076638
46353,174.64325975374229
46354,117.07770594136561
46355,163.57869599314873
46356,199.25479067168536
46357,180.17860622388895
46358,400.8063848852078
46359,271.12355183608696
46360,166.1616324235759
46361,215.6211501305437
46362,529.1662732154705
46363,282.29861059746577
46364,158.49407408788542
46365,323.56298183802966
46366,199.7711844152677
46367,292.68550513687615
46368,133.40082266219542
46369,289.3401944298836
46370,293.4019012165204
46371,566.8607505414956
46372,403.1255323281466
46373,129.3470962317359
46374,1406.1985109263783
46375,244.15300899053386
46376,74.32252999781714
46377,197.21677857355112
46378,130.41398566500337
46379,154.28583966720353
46380,216.91862851664678
46381,220.45489757832496
46382,176.74632565229206
46383,102.22774044672552
46384,143.99294268539992
46385,565.0942207054022
46386,191.4019596861597
46387,218.02968189286509
46388,617.6917093261462
46389,245.7958790563568
46390,36.46165462062952
46391,435.36855248697924
46392,229.7846199570348
46393,152.81613842360503
46394,151.63242981464856
46395,208.946197197746
46396,199.09474277744988
46397,0.3356835974591981
46398,348.28553013631966
46399,372.84650458376706
46400,898.6810844310263
46401,397.87277082125087
46402,158.87085449653296
46403,184.27295754130967
46404,260.3927834170734
46405,271.54386256993143
46406,272.45361400092713
46407,366.57893811903347
46408,668.1839836446442
46409,301.42712187176284
46410,152.46195643209546
46411,174.2743016372488
46412,124.25874014766248
46413,201.22858958027606
46414,196.5876163046986
46415,151.07575936925386
46416,346.7974185226762
46417,71.29892957055053
46418,1300.1639039797744
46419,69.99529776302157
46420,155.3867570478355
46421,280.38541479299215
46422,244.32423725448135
46423,385.5898699941674
46424,77.2806389356634
46425,467.5383354875269
46426,387.1172325314923
46427,204.77025773679046
46428,209.74759983545468
46429,107.65984811391208
46430,214.26310398358234
46431,165.15987820768007
46432,161.3929005321047
46433,115.78591922940119
46434,89.19113380621111
46435,316.11149298993354
46436,294.5543889776896
46437,257.0000850390389
46438,225.21930911760217
46439,771.0275891069551
46440,118.28073434726377
46441,347.60734344955034
46442,65.27243198945472
46443,145.68757460773534
46444,212.92434420301194
46445,257.3373177699038
46446,260.7940373997042
46447,229.06540359629906
46448,937.2247066119218
46449,192.24866360847136
46450,473.311881564558
46451,184.6099327709984
46452,163.7419822408977
46453,318.8099604902801
46454,180.54206343043745
46455,225.94059345859245
46456,820.6027719932782
46457,315.1967676702047
46458,165.7151711803127
46459,313.34551561290203
46460,505.3289393435703
46461,134.048756012017
46462,135.24496412297896
46463,322.6181236005358
46464,166.9007434021092
46465,131.55353875803047
46466,362.7929086510021
46467,360.2659479968769
46468,182.76106485045779
46469,557.8123773838792
46470,936.8422533732207
46471,276.70459997574477
46472,239.19308179157912
46473,140.87847326130503
46474,207.1889127721321
46475,170.85320123159707
46476,76.14422587208212
46477,130.62593536127474
46478,465.2030305829535
46479,487.4859758097257
46480,184.3763077867713
46481,134.03079022665116
46482,185.68491479323183
46483,257.36253115511795
46484,150.23667284020942
46485,148.16202299042118
46486,180.4037357501043
46487,257.1667579137155
46488,301.96816652739284
46489,167.62096615164197
46490,494.0574957962852
46491,224.83729861851728
46492,280.7656255533256
46493,260.9627996659821
46494,378.02300427260127
46495,144.82678069715502
46496,300.4089662335874
46497,246.66808020140675
46498,943.2718951400892
46499,346.5580070204628
46500,309.52497372868544
46501,231.2569354480422
46502,150.16138495516017
46503,396.34683031663235
46504,131.60128776889624
46505,227.74871941352225
46506,221.37171873779423
46507,104.85612018887116
46508,446.1221393231589
46509,385.99447925226445
46510,105.85008286563657
46511,109.62412761726516
46512,149.7442173172199
46513,90.58625603518944
46514,364.89829229839563
46515,195.73962886355503
46516,198.8057391840055
46517,132.61779762569168
46518,141.09693281743176
46519,591.9487041020035
46520,179.39691182242058
46521,240.28445590178288
46522,204.26393911231
46523,141.44058811610904
46524,111.12673736146715
46525,518.8356373810635
46526,144.19479317337365
46527,1396.0881206794766
46528,179.36564890611533
46529,153.47273305475267
46530,239.55830289466763
46531,317.756623012808
46532,218.8490192666282
46533,574.7980426308529
46534,151.55319775769263
46535,224.7971059025944
46536,195.8090013088878
46537,349.5506800678754
46538,805.7140070236452
46539,187.19397202265978
46540,922.1297986289997
46541,396.77448666425244
46542,126.55791845523295
46543,133.73143398119973
46544,231.80485247234645
46545,287.67602924325007
46546,175.00993145763056
46547,428.37272325768885
46548,193.2676918761486
46549,278.2372258771707
46550,219.13647376674362
46551,180.97985223286798
46552,247.3992331033273
46553,216.7256818784579
46554,171.91636937314638
46555,135.0134295362162
46556,511.86895770119867
46557,143.95188574912115
46558,571.3428863158485
46559,326.5050478804116
46560,341.2350832694933
46561,426.18998929734033
46562,140.73265441220258
46563,226.01001707917922
46564,241.4714752272008
46565,97.21403064962709
46566,130.08508426106675
46567,219.59798666472446
46568,170.35915524810443
46569,571.0859605075102
46570,166.34836586623234
46571,107.15441833382191
46572,403.6344753624152
46573,255.54811996281288
46574,228.78911371720554
46575,222.25623019113982
46576,231.302701165617
46577,172.78372851969323
46578,756.8558950454707
46579,201.8588487420016
46580,224.79601486663083
46581,186.11830452054193
46582,136.48822505729854
46583,378.27272042964603
46584,459.0404568067369
46585,1580.4741179967646
46586,210.91366048638793
46587,131.39991213375387
46588,265.46003397995185
46589,271.71635704834443
46590,279.25918275856037
46591,253.92433179354364
46592,341.80673841977847
46593,130.10792374397175
46594,221.51134595430034
46595,198.06337294235877
46596,271.9732368781944
46597,236.2088993141219
46598,322.0841529902229
46599,462.9296437955825
46600,399.38704798191515
46601,399.07878764834794
46602,219.088918159169
46603,144.4705872873224
46604,372.43877971005764
46605,315.0744322315006
46606,216.15940335416914
46607,58.42005065885353
46608,243.96371057795835
46609,264.4424208859018
46610,315.6999161804464
46611,404.6457315985415
46612,202.53070122492232
46613,266.893760408132
46614,107.25320686543716
46615,251.00811125722456
46616,162.10523765645385
46617,353.05227974926777
46618,413.84012265273344
46619,142.03278016019155
46620,239.70152728887643
46621,216.2401499226999
46622,225.66932408637555
46623,128.75509690165302
46624,250.7789752815419
46625,213.86541514034695
46626,308.7350879739004
46627,363.9646264949565
46628,194.356461328067
46629,263.8544400339468
46630,212.34869896802866
46631,192.13916329294287
46632,219.91969196626385
46633,323.19269684041956
46634,400.4218013903408
46635,224.90950464737938
46636,613.3477802430095
46637,293.43110546329353
46638,112.20875273434794
46639,277.00484296977197
46640,438.5191434243865
46641,265.86858618247857
46642,1306.350661290363
46643,549.0261920814464
46644,243.91066253368058
46645,520.8685125054501
46646,142.9033313842486
46647,297.6110489968162
46648,199.21433032236774
46649,390.2019886477957
46650,261.2871783225076
46651,108.22508168889085
46652,160.94453852082916
46653,173.24288516350074
46654,505.64594997775606
46655,591.1124928232576
46656,175.66699668981988
46657,166.07980662457496
46658,278.70368762362864
46659,444.00274231795737
46660,400.6061466523789
46661,232.00609938184107
46662,184.7031943548785
46663,241.54894603112794
46664,265.3505634444835
46665,116.24138075283862
46666,121.858173450159
46667,258.2542905503974
46668,249.32380153656607
46669,246.3692731812744
46670,221.23562250071683
46671,516.7213778870967
46672,108.7024436067165
46673,315.49568428238194
46674,105.69347720438293
46675,326.82404463616945
46676,131.94187104597583
46677,243.74118803447925
46678,116.91902269948483
46679,155.79458547815457
46680,187.2437596695761
46681,304.79655836413525
46682,158.35531625512087
46683,155.58357707686642
46684,167.54555213811133
46685,360.41623805302487
46686,159.08207255016455
46687,333.40823748606056
46688,361.9932763280363
46689,129.8105488289405
46690,143.73039819588135
46691,229.696834189201
46692,77.22375190338627
46693,56.270883101091506
46694,634.7145442207842
46695,227.90219179380577
46696,239.27946335826456
46697,111.61735099681702
46698,167.87301370102608
46699,621.7730178236425
46700,91.44245839775229
46701,135.8780515142656
46702,243.05996228335127
46703,173.31996245858005
46704,248.08256481815482
46705,150.00212705258528
46706,239.73621630361515
46707,933.5263727339882
46708,205.37114027444065
46709,204.211134835348
46710,99.35800738553847
46711,270.01973917288655
46712,179.31360362171517
46713,207.26473013662397
46714,251.07602388660163
46715,427.66814475701574
46716,265.3986871130848
46717,278.5377892826303
46718,561.5302753029416
46719,73.62276187728646
46720,101.05358288085266
46721,401.6016083706156
46722,263.2111053851289
46723,296.33607681444533
46724,105.36153974401842
46725,384.7955417416008
46726,186.5228605644711
46727,132.61278514881704
46728,176.67881854654834
46729,193.93781615408523
46730,166.71847238221224
46731,503.5992190276683
46732,198.04468155069762
46733,145.0542883178942
46734,673.5772523469254
46735,109.34743545802496
46736,208.76547687669415
46737,176.0891026443613
46738,141.5857902491722
46739,166.94653783328525
46740,368.9382873928487
46741,111.26420390929796
46742,146.91478103894408
46743,275.28119492148295
46744,243.46197276850287
46745,226.76262875511154
46746,142.81733282304336
46747,250.5089449270815
46748,639.7428656930958
46749,161.87267926019064
46750,101.39697961490859
46751,113.49442087652591
46752,240.49886803455212
46753,201.233993719832
46754,260.8830039998628
46755,333.3086083397448
46756,148.25311247153468
46757,139.39027068264514
46758,161.9018033871533
46759,458.1067392101973
46760,137.11055467783936
46761,148.94377702466568
46762,699.3484417879416
46763,303.5025667575186
46764,231.6816791086675
46765,491.7822654769899
46766,238.5894088558683
46767,106.25736584860883
46768,108.22498852682766
46769,198.39857273534173
46770,448.1285867837908
46771,159.97962517598134
46772,443.5054011428177
46773,317.9621680597998
46774,236.00562627332084
46775,402.9549178724878
46776,165.66904201589526
46777,590.9358578950137
46778,283.12708678347946
46779,217.26114267456654
46780,361.6494071451576
46781,221.89650420230706
46782,543.1437413059392
46783,183.15388646893615
46784,157.3312849094047
46785,1193.5536329730094
46786,193.82236419356363
46787,516.8687453296296
46788,111.4643592286915
46789,168.44645709804018
46790,426.07236872035674
46791,436.9624072794306
46792,42.38487681351732
46793,715.8540465564612
46794,162.9342706183665
46795,140.7764665591466
46796,94.97797313840852
46797,286.12082532348353
46798,188.19292004371215
46799,122.70751169568172
46800,117.21857047784326
46801,244.7373546737177
46802,108.72039502831791
46803,171.28872240089876
46804,153.75930701150074
46805,181.41670433326775
46806,421.51363147794444
46807,133.32744483066358
46808,218.34616027277994
46809,200.4884050491084
46810,289.34955912003267
46811,175.88522193333216
46812,453.3554813480267
46813,139.43856241818256
46814,180.53674609178822
46815,447.43511681490344
46816,173.7035700859104
46817,481.6741413154808
46818,348.79116072135486
46819,253.6819865627847
46820,801.2894340003185
46821,106.84051318216076
46822,108.28519378084881
46823,133.94546201318005
46824,176.92874811785302
46825,335.05929726690505
46826,309.5989217757391
46827,200.03567880675996
46828,421.6065435673923
46829,592.8984955852885
46830,270.73652086492586
46831,163.66974197822557
46832,144.3725790837001
46833,1203.3258253815932
46834,300.5734331071095
46835,152.87622980247042
46836,189.4941069849257
46837,187.0340751857165
46838,345.18670055370814
46839,204.95562768505806
46840,3097.057781966704
46841,134.26421804934427
46842,208.95069727952995
46843,672.3863601889954
46844,68.53321388737456
46845,205.34429095329602
46846,136.27126959557498
46847,260.1840831892286
46848,302.288259123737
46849,190.8615377396673
46850,347.87101956235017
46851,339.26767830821154
46852,136.98487202480678
46853,245.66266435579212
46854,158.8296145319542
46855,117.2901437181355
46856,839.5109206239724
46857,304.98041319860806
46858,154.14411408674113
46859,137.86338739287632
46860,171.95970879475658
46861,531.5006494327135
46862,140.88107675773787
46863,144.23327952439482
46864,218.7826788927926
46865,153.05999142946342
46866,118.27503222509313
46867,170.59068008232197
46868,174.0451782890493
46869,205.44502247278584
46870,188.17808628677915
46871,455.40912560712246
46872,359.55072742025675
46873,285.8553489977085
46874,126.80073890437545
46875,209.96667827343492
46876,264.5762103267191
46877,258.5034605816784
46878,495.908914509015
46879,240.06019684121048
46880,411.3262344300129
46881,153.35026360243373
46882,327.8431087014955
46883,195.62907941952673
46884,72.0276821415452
46885,318.2846933075049
46886,256.7809234442421
46887,183.47238474406194
46888,287.0295087125198
46889,257.73471014576796
46890,258.5518202141486
46891,359.65723531932457
46892,202.71418374473606
46893,544.664196046318
46894,98.22334074502697
46895,234.72285597303147
46896,455.87170807715563
46897,85.66182871042
46898,200.01853938883036
46899,178.3561818820866
46900,302.4137664733152
46901,256.42692769503617
46902,229.81762039211804
46903,105.00277039724818
46904,321.04769137415434
46905,166.7713439790072
46906,147.00527648999574
46907,89.54813756625403
46908,177.732994231302
46909,120.40274151943738
46910,169.24221851594902
46911,219.60449967310458
46912,215.69415207905558
46913,329.0948417998907
46914,269.3517143544569
46915,154.21459270809922
46916,158.34667060850373
46917,185.10008429200212
46918,218.0831399075962
46919,137.4630298061877
46920,122.46297609474898
46921,235.2941627253989
46922,349.00233156332945
46923,347.0592974481064
46924,246.71344890348195
46925,285.7797467552032
46926,459.19915240024136
46927,273.2803582852409
46928,299.90188726853347
46929,169.28915667424113
46930,380.9453853608284
46931,152.6603121669641
46932,201.16690808449584
46933,257.77978858719786
46934,123.72351767007788
46935,264.58639884753296
46936,261.8176686918205
46937,165.93703356361158
46938,204.18780060213692
46939,356.97593108358603
46940,135.67973747552895
46941,381.60199742597456
46942,211.11055354532994
46943,342.16609849492954
46944,215.68261005060145
46945,149.99106544048823
46946,285.75894691980756
46947,186.2145725939629
46948,522.6472280488988
46949,197.0677792441555
46950,226.50066455516793
46951,96.65753844330463
46952,199.97434293907367
46953,278.58691617769244
46954,124.90049095653453
46955,187.49808662128703
46956,331.9196736748768
46957,245.70801784681706
46958,178.53905922005293
46959,381.177951247578
46960,140.32704827903962
46961,182.31648602609943
46962,184.33964559499245
46963,142.6772788322402
46964,455.7928405073234
46965,284.1834303287205
46966,492.5974230423241
46967,490.46380476268286
46968,232.1923291265908
46969,200.53944382543847
46970,145.49099021443016
46971,152.00805722673465
46972,291.7613190293716
46973,377.57744161622924
46974,135.4683450214157
46975,181.7628791737197
46976,250.14359942624282
46977,210.82735772448046
46978,121.36260584054428
46979,327.7877989562289
46980,157.61333277248676
46981,148.45225460775058
46982,114.77929011139037
46983,245.2452983867124
46984,392.25776086415783
46985,143.5236205295045
46986,208.38609169170732
46987,199.08471055014044
46988,209.03304368480806
46989,277.1836878443521
46990,240.0540062010313
46991,469.4398561839675
46992,108.59186791411751
46993,162.28333082038355
46994,1217.739862310925
46995,156.74718419210316
46996,150.04588627930715
46997,123.50311763218909
46998,165.91442356096783
46999,122.54170311649753
47000,172.08543352144554
47001,357.0184443106611
47002,156.47743936311878
47003,286.179585197995
47004,180.7803180549127
47005,144.96718223047682
47006,274.13001179015095
47007,164.29405158600883
47008,398.5382642820919
47009,117.40163421975672
47010,306.6930169903235
47011,359.02870780493237
47012,185.1094878452366
47013,125.46825435853516
47014,137.7075601372799
47015,256.5491914827509
47016,254.64645704598422
47017,195.73445733936794
47018,176.07048626496126
47019,265.1807522780371
47020,109.92670935699627
47021,64.9388273754493
47022,182.60834009927683
47023,460.7429884276629
47024,277.6258522626542
47025,169.73888316917044
47026,119.84536915787159
47027,265.5797797954874
47028,455.62140021789867
47029,96.36975385923988
47030,95.9099231624691
47031,351.44619893934185
47032,284.01165784451837
47033,397.04535757743054
47034,177.65274469743818
47035,378.30359546844886
47036,243.17962082654546
47037,87.6412608942719
47038,160.27316540346612
47039,272.58598972620837
47040,435.62186922478503
47041,921.4957261991249
47042,196.04240698151617
47043,209.60003567922078
47044,224.35855557942145
47045,141.85270319394772
47046,407.2390201931184
47047,373.03060899950947
47048,121.0380633312818
47049,152.70393480432583
47050,133.4806862127695
47051,450.5151073424722
47052,241.56371968077084
47053,133.18603496911518
47054,116.4139372670428
47055,129.36911736157631
47056,217.5805193700452
47057,207.81347066299483
47058,253.16684094287393
47059,466.0166873143915
47060,307.9489388210967
47061,242.48480414144888
47062,215.73835012290192
47063,139.36640510632452
47064,141.05380668498586
47065,128.83740354235317
47066,304.0728911665306
47067,113.59959078388871
47068,210.92021742599954
47069,492.76306365393043
47070,149.90802269893285
47071,212.94417919643288
47072,233.88639955881897
47073,199.1160504236199
47074,214.77352886196192
47075,219.05741613170252
47076,212.51738558994063
47077,179.20400566664492
47078,202.93680167930987
47079,176.7418966917178
47080,130.54282894937032
47081,373.8627657669899
47082,139.1567442664613
47083,554.925012565447
47084,339.12941116866546
47085,230.6295229926562
47086,70.01020113125918
47087,219.83690471693478
47088,241.32020001130275
47089,255.75797253726498
47090,157.62019086875765
47091,199.32290339682413
47092,108.460054939417
47093,220.9542660187932
47094,361.5796078305056
47095,96.05573815860268
47096,140.07871101602686
47097,301.9362791802778
47098,311.53971686877566
47099,406.6822548291366
47100,470.46284367354707
47101,269.66255113664477
47102,178.59807755582918
47103,260.0268608714492
47104,225.69725837214318
47105,318.86366351203264
47106,135.77400161342476
47107,164.02133042392725
47108,516.7450273788512
47109,161.89366813425755
47110,845.509663966954
47111,197.21896154386175
47112,192.4699213845483
47113,148.57787114290105
47114,96.83534729718453
47115,760.6439447794066
47116,98.77493086121873
47117,203.83165060200298
47118,197.4620815551488
47119,142.55475180587524
47120,194.01814237462796
47121,295.8188190885771
47122,288.8086885408426
47123,259.629585926622
47124,1131.5670320865386
47125,149.3028372063315
47126,240.165309474315
47127,159.23771586503028
47128,269.5561411444177
47129,196.8120132084114
47130,286.94061799675234
47131,446.28061345575105
47132,837.4487037266514
47133,103.0915983189877
47134,100.13344930213867
47135,213.1251160359465
47136,397.9896342365815
47137,284.47709810208295
47138,172.19141726438002
47139,149.89819878997048
47140,289.33156906601994
47141,208.39565939245642
47142,489.76507854979036
47143,587.5611338503775
47144,162.12713693642945
47145,282.3158045438573
47146,331.6347177238044
47147,143.34419109406497
47148,133.33914387853522
47149,166.28705555066
47150,233.41248828836703
47151,181.48724440516128
47152,909.8944987684416
47153,695.115328591743
47154,312.6633129882999
47155,261.10761987610425
47156,167.16521758354574
47157,189.28439063291836
47158,141.59113159237955
47159,350.36733958448997
47160,176.10703720721494
47161,1327.805716018068
47162,333.83128216651306
47163,225.35347280532758
47164,175.36393457185963
47165,207.5600594071146
47166,126.09353701151242
47167,240.88909437238448
47168,516.3229761810344
47169,183.04471250724237
47170,185.44350351901898
47171,88.30729474325753
47172,101.4709306692398
47173,110.18556800624981
47174,306.30901722519286
47175,132.77101977466506
47176,189.26783031035126
47177,217.15988881812237
47178,189.3124199682381
47179,228.82317444336937
47180,114.89514551063338
47181,330.1216783583576
47182,191.49318460723518
47183,329.8896711093717
47184,108.87721047797775
47185,144.8277433011036
47186,408.0516103611322
47187,445.2131787504968
47188,136.06287471143978
47189,182.5142301708361
47190,316.23576721022914
47191,308.84072375365105
47192,165.2027296720514
47193,383.46873187897563
47194,217.97449853290038
47195,204.0879901089441
47196,234.0363686896005
47197,117.10137673452135
47198,208.27072436884745
47199,480.3441192004227
47200,134.903186487366
47201,96.4594278853693
47202,244.61286636308054
47203,252.4630077312124
47204,93.49196069032436
47205,475.06532869666535
47206,88.34847170798338
47207,50.052039247850466
47208,172.5269803153406
47209,571.6996534941525
47210,109.4723421509263
47211,230.618280730422
47212,161.00004139407773
47213,208.26698344802236
47214,227.80737246448732
47215,145.583783573914
47216,159.4977762303462
47217,512.0786901388308
47218,293.43110546329353
47219,207.89928863681214
47220,139.88502448532162
47221,342.49252823118604
47222,198.07933316601657
47223,255.11808659409334
47224,223.32383467655856
47225,174.0132341062098
47226,450.55873291907653
47227,340.01448408343157
47228,159.6174720010456
47229,147.44650559542842
47230,191.38609322476117
47231,356.45410038710804
47232,257.01804253335837
47233,275.3956788096389
47234,196.01462214351932
47235,256.55839739641806
47236,218.22343186992185
47237,219.56675447383398
47238,299.98075834121016
47239,192.02850385012863
47240,177.95772184518256
47241,217.38627697652979
47242,191.972441126322
47243,158.74943006506285
47244,181.572270708745
47245,294.12579811028235
47246,280.02765114199957
47247,757.8171634195106
47248,332.6918765218527
47249,263.36108228291465
47250,199.35285067601095
47251,103.26384368285719
47252,189.21259610757724
47253,116.7687391604952
47254,195.1783113049002
47255,178.71930379982916
47256,292.0238483873977
47257,297.6736138893934
47258,135.95541918042136
47259,203.48306441255943
47260,304.70251682481876
47261,153.72635313246326
47262,96.58148041231132
47263,237.4942666485559
47264,154.09449819407615
47265,299.8943444773165
47266,356.70228013032187
47267,221.65090073047983
47268,382.6156968668051
47269,159.5098035585886
47270,186.7021600597646
47271,114.30723545639674
47272,281.5975474203507
47273,215.6578554427664
47274,237.84590360811626
47275,228.90618985208448
47276,228.84782755097555
47277,287.16288819682654
47278,137.83722194470977
47279,193.09312265931197
47280,135.37294594011354
47281,332.47386332154275
47282,266.67433074181014
47283,433.73369116429194
47284,362.745971659011
47285,154.6459971847666
47286,295.3274515838787
47287,773.610331724845
47288,203.93084581048572
47289,111.61865091359756
47290,230.63566887441308
47291,199.77569513619756
47292,382.4124830875812
47293,360.835468258319
47294,260.01037462912694
47295,212.31448378817544
47296,255.20938145856485
47297,105.93735283504436
47298,301.40843331684675
47299,192.2757477946272
47300,287.3239058324628
47301,209.64254580435838
47302,127.47112962457005
47303,167.04608923339805
47304,157.02273591116747
47305,254.4800774805317
47306,392.88466203357814
47307,260.3558576061925
47308,386.7680412529702
47309,411.45258038839177
47310,425.4638609040766
47311,604.7817302277587
47312,275.79750424658556
47313,218.42829912145837
47314,976.5392410310131
47315,165.61817867328716
47316,520.8748965491052
47317,202.97279897674935
47318,205.34576087659573
47319,491.9305855174671
47320,207.68592403292234
47321,246.2769112561595
47322,381.48283188577864
47323,231.6041642338115
47324,203.95400133333607
47325,64.77373263432548
47326,227.11953171583613
47327,179.50832710218955
47328,267.8952876328918
47329,170.7699301116189
47330,592.1902329832067
47331,257.771006488152
47332,1033.9747321940604
47333,135.21608391210273
47334,166.5927016816375
47335,184.9267846901852
47336,391.1320363428986
47337,400.1983828275236
47338,113.48470964155425
47339,382.2612215990578
47340,166.57055338238777
47341,295.3018925959984
47342,283.1903796228907
47343,140.20660700189484
47344,271.58625401392004
47345,381.36543169410345
47346,194.50970916856195
47347,140.8409400353938
47348,129.52231849472852
47349,165.58533485863356
47350,311.9715076949155
47351,118.7141754577631
47352,383.18848594973576
47353,156.45659219874105
47354,145.48136255410074
47355,275.69737206663007
47356,196.38841746486028
47357,145.52432107755754
47358,141.28500496357915
47359,133.81146535725148
47360,497.2821339401378
47361,201.99208993855464
47362,206.7487279963675
47363,169.99951683835624
47364,463.0293965398193
47365,124.96327785728386
47366,146.64835672167214
47367,186.23754678609404
47368,12.709352984932897
47369,386.6099927477821
47370,138.1433942032199
47371,278.39906617412726
47372,747.6153582074161
47373,181.68078286961145
47374,313.39895024149047
47375,179.63522684088747
47376,220.28254175854383
47377,443.3768478638161
47378,477.3992351010128
47379,244.20525773208618
47380,254.0046470623138
47381,855.388024987854
47382,348.1068622286346
47383,73.97933376046844
47384,469.2947129375793
47385,158.44254647656476
47386,136.55357528178828
47387,120.60057173983024
47388,307.7102940393913
47389,213.01626060041065
47390,224.96322863737947
47391,835.8184826423673
47392,221.33842134100445
47393,125.11024377811839
47394,237.97146987121906
47395,189.56601024432268
47396,196.38473409223616
47397,181.23410375833808
47398,91.89934290191798
47399,132.62288282665887
47400,292.75718306598986
47401,227.4415191054069
47402,314.970563673617
47403,137.47572377562264
47404,171.99891727004234
47405,322.4420960759427
47406,116.73455262916627
47407,181.83821095446876
47408,1022.3605735521123
47409,283.234456765512
47410,826.7454750276553
47411,474.43443477118234
47412,434.56020158488246
47413,230.67352731119865
47414,109.58753983858962
47415,396.41297094695045
47416,222.97382877724286
47417,106.48720280895962
47418,269.19140311887577
47419,171.4520639460758
47420,161.78494837401828
47421,188.33881851048633
47422,527.8368070520343
47423,213.13137022429282
47424,321.17604469842166
47425,224.5436870794885
47426,132.19161734407905
47427,282.4377134048511
47428,475.1420739752081
47429,590.2789063439814
47430,655.5168937505547
47431,221.21057639834234
47432,341.02158317143795
47433,130.23176147390996
47434,182.7690786728571
47435,341.407114415097
47436,277.0659434641095
47437,114.1584410416632
47438,380.15417593001683
47439,416.1363210935965
47440,233.6731634715231
47441,274.0613230784234
47442,274.9259359722098
47443,210.71475634481408
47444,279.95652822130137
47445,341.3860472184664
47446,161.3611344489389
47447,155.3591723950026
47448,173.9498140752502
47449,223.3700843515705
47450,263.34171088095655
47451,184.7433891270671
47452,633.5860594820442
47453,232.4619657813975
47454,152.4353505702464
47455,291.8129570235174
47456,289.07451637191383
47457,551.602454017155
47458,508.456196490435
47459,356.27521157226454
47460,238.81104394091687
47461,178.3775964086478
47462,324.10505593712
47463,394.7943912305213
47464,145.5783623391367
47465,377.80405200175204
47466,402.4885241356346
47467,352.42457980021504
47468,330.6903206114915
47469,12150.54232291932
47470,200.49991414830228
47471,367.4108858405644
47472,312.0520376620671
47473,127.07776805126835
47474,477.82614681855284
47475,207.63612962660375
47476,534.100926122068
47477,209.7341752719762
47478,179.98579527039652
47479,550.1346364590166
47480,167.501979752338
47481,144.34482618033283
47482,148.73910736274627
47483,367.01940583185416
47484,935.4568497767988
47485,214.51172488174095
47486,1323.6829521059017
47487,149.31824109448797
47488,493.38334015274967
47489,265.8790747302758
47490,261.198805255525
47491,215.5325148709203
47492,255.0704643427342
47493,154.37345420738492
47494,312.42327513908
47495,98.39599732016939
47496,159.42082655542333
47497,215.89151308110362
47498,116.55144600746958
47499,206.84486210866362
47500,161.94440633454934
47501,231.5777667212243
47502,568.1771007971624
47503,260.87103379673886
47504,150.18328641904583
47505,122.53753105526499
47506,142.00968637317462
47507,295.09904656057756
47508,202.7651310161733
47509,209.252447162811
47510,1526.2433591190077
47511,1709.4369220713238
47512,212.9455222180744
47513,198.64256939612923
47514,303.4230897871815
47515,571.2411867625883
47516,398.85540365480426
47517,1183.3158997734147
47518,295.07296680566344
47519,190.58776493506218
47520,183.96333219383456
47521,141.6936339500235
47522,356.93603829574306
47523,617.7241841029632
47524,199.53284217753034
47525,306.9859857288494
47526,146.97787854042326
47527,465.57881612458135
47528,264.449377312293
47529,770.8122710470512
47530,257.7058929471208
47531,216.61983227701378
47532,442.31542112405566
47533,182.66213982552625
47534,328.8088415875827
47535,179.01718643899036
47536,69.78398264159634
47537,332.1641296002207
47538,337.15508858879804
47539,306.4442117131299
47540,1383.3593180356754
47541,146.87114285920967
47542,257.02226683629027
47543,379.3284666758011
47544,184.7558358088518
47545,555.1727430039913
47546,548.7747497927754
47547,255.2504445954446
47548,285.97165163994526
47549,1012.5544897569994
47550,477.4277860201342
47551,136.29453664564062
47552,62.80221069419934
47553,155.67736105109512
47554,218.22795237101715
47555,256.36816463422565
47556,682.8980113868595
47557,133.55633665115155
47558,184.28917922877238
47559,164.47627739446958
47560,116.40989992865994
47561,141.64117918454642
47562,146.82888656009928
47563,131.66120949785264
47564,169.60590547937102
47565,234.92207278479535
47566,262.78180578032
47567,167.76180954564123
47568,401.77797706092315
47569,120.57568375952452
47570,182.0083180711284
47571,616.7986572081722
47572,155.926951352582
47573,38.84776606703032
47574,142.8629513394451
47575,267.8970151525677
47576,171.49782058778976
47577,139.20555150113935
47578,151.8444721856438
47579,113.24482500331962
47580,230.796573941113
47581,131.58608064119295
47582,232.7548372911827
47583,306.7383987563527
47584,727.8682406469275
47585,158.04669837391427
47586,175.57494969410052
47587,136.79506287186078
47588,204.26585037108467
47589,359.1050439913094
47590,227.5785724786858
47591,150.2397507286761
47592,82.2313893956232
47593,185.1833568229808
47594,204.88135599043355
47595,144.22251513471025
47596,249.84873196606569
47597,218.63447557896066
47598,63.718339723107206
47599,317.47457685166734
47600,279.30259502240114
47601,255.98953134447885
47602,201.91285907177638
47603,174.57444883172937
47604,622.367585979582
47605,316.2352672021905
47606,369.6105761017006
47607,151.45260865017588
47608,216.5651003419205
47609,272.5952552901013
47610,416.84755021408176
47611,192.95911228173665
47612,491.4369453864705
47613,259.80717692923054
47614,616.6659764604768
47615,284.25492476739964
47616,161.20705377643864
47617,313.08012017845596
47618,277.6952919510642
47619,255.72957462748272
47620,810.0119816258087
47621,529.4823104020589
47622,220.74460027582188
47623,390.347807252624
47624,174.77949355531555
47625,369.49614082584765
47626,227.89817487408874
47627,118.06741111077672
47628,157.0420386521534
47629,185.03782319614243
47630,139.65790432874462
47631,131.81378242331488
47632,189.70320557793679
47633,99.4892481164818
47634,191.09458289137072
47635,172.42755414737914
47636,263.90071091403297
47637,649.6782475838913
47638,123.25442657348209
47639,92.36339866123153
47640,290.5927634087513
47641,127.78584361221542
47642,202.53844689287007
47643,484.2790247850032
47644,284.08750990438585
47645,292.27862783304647
47646,155.5519444641922
47647,141.79387058953748
47648,280.72551175281643
47649,202.970359271187
47650,386.7376367280844
47651,329.70020032761545
47652,135.695697712963
47653,177.5309826948854
47654,542.0405539889612
47655,469.19590010474667
47656,184.70865868689927
47657,152.31462718775674
47658,245.24543613403287
47659,260.1111779509405
47660,180.12962182263746
47661,221.03692002677423
47662,170.09653624356127
47663,490.59318990468233
47664,141.08649292623812
47665,310.25452134215584
47666,298.60057891231844
47667,354.640327640133
47668,182.48273936671157
47669,454.1967636684136
47670,158.1382292484773
47671,209.09124545439084
47672,191.40460784726082
47673,153.5592263664842
47674,203.42103174526625
47675,161.82839207345478
47676,492.6887973080359
47677,338.7477594548964
47678,216.72744774242358
47679,141.67745000849789
47680,1347.9757425391726
47681,446.12436144144095
47682,275.3774232126925
47683,141.3557293261569
47684,212.82400338606072
47685,153.1914663893431
47686,417.8560742192499
47687,551.7277488001578
47688,279.503143021868
47689,291.7897714062694
47690,376.7822778708718
47691,167.66251993324704
47692,175.00876967216388
47693,328.6006988486412
47694,136.3438193867807
47695,647.6633192925368
47696,349.89574574845307
47697,246.12334200140234
47698,215.80028027078768
47699,220.01709830659053
47700,266.24370809270556
47701,362.8539414609317
47702,256.0030306489135
47703,532.2215868259468
47704,220.5819911163101
47705,252.7325326962341
47706,456.1759274206928
47707,371.7080833915053
47708,204.88496131174327
47709,234.52521396848402
47710,139.4985091340927
47711,367.7971266268629
47712,433.0004313714105
47713,180.69205164645368
47714,104.08012921826816
47715,106.30232329966094
47716,217.7280313352334
47717,223.70602958486757
47718,125.97141369995718
47719,210.34512452063984
47720,418.0421040664585
47721,158.46239380625317
47722,129.02961365483674
47723,212.9191212638964
47724,362.0861097426109
47725,202.35287668279787
47726,346.2332466561485
47727,205.44712163133943
47728,259.7077462450214
47729,119.3460930916377
47730,175.11450407236669
47731,130.36208932292075
47732,176.59846299167148
47733,496.5186127742746
47734,164.44785054209052
47735,258.8699540331234
47736,364.2020485998774
47737,122.95041860770124
47738,438.8689518620821
47739,818.6848875430779
47740,328.19874167090427
47741,182.54375487402666
47742,977.3445266630278
47743,142.7415287674811
47744,242.97324874978275
47745,476.53973962833805
47746,283.0572315818173
47747,131.45681910224783
47748,203.15094941231678
47749,204.49948559641706
47750,253.18254033955256
47751,302.82375118889263
47752,337.44935913936416
47753,142.74246161142034
47754,192.54771779769945
47755,83.25907603188355
47756,312.91537905096163
47757,429.6994372093312
47758,178.85644040519122
47759,124.13966014915339
47760,233.9644971524279
47761,144.8001660765195
47762,212.39733865035564
47763,187.73973081808435
47764,193.36273362190497
47765,204.33191687221887
47766,256.18599482866836
47767,176.74379927564775
47768,617.6026743677098
47769,153.65435936945104
47770,141.44157166423182
47771,297.27009600411924
47772,198.72310964185334
47773,136.0313384662479
47774,257.73718604890263
47775,399.7470768791809
47776,638.93651135757
47777,224.3215542448657
47778,188.4917659729432
47779,181.05099539775676
47780,125.37064817973616
47781,176.90335416285052
47782,837.8752458692474
47783,302.6593062244435
47784,1183.9806992245365
47785,203.87684817062345
47786,608.3994288048801
47787,148.01261815655764
47788,449.70302536811573
47789,349.71776556029135
47790,87.95448210300323
47791,435.80719155644675
47792,154.7753015030365
47793,123.51197558682026
47794,336.1537395539121
47795,434.902644454787
47796,251.0036283877416
47797,182.73150837750185
47798,115.96693726648576
47799,109.23435085867689
47800,163.90603238988285
47801,333.23120592816093
47802,331.3950906068389
47803,236.19511004326026
47804,202.0561836426108
47805,308.72575263885545
47806,115.0885925832002
47807,1321.7984787127502
47808,195.12173296594145
47809,158.1127048554688
47810,573.7797034177518
47811,561.5982355494461
47812,298.357650676442
47813,328.6804178148729
47814,136.51104434541298
47815,459.5593082009605
47816,213.8143599859016
47817,227.50540041398924
47818,133.9773943245926
47819,520.7418916742254
47820,75.49752907224284
47821,288.72557767184475
47822,208.14541569852133
47823,96.22889598150908
47824,197.94985769965038
47825,242.3690143519517
47826,377.6867998631951
47827,494.924759510238
47828,291.0821197263039
47829,347.44983361701884
47830,155.43941921639316
47831,228.45384594654254
47832,139.09784636850145
47833,272.82074544555337
47834,218.05752493637192
47835,153.1395867956314
47836,554.2710348943274
47837,110.94269732725051
47838,301.7062837606722
47839,158.86146747605486
47840,127.240219282647
47841,288.45983373377663
47842,213.59775941664196
47843,134.33441392709858
47844,590.8453923441691
47845,290.52625880859733
47846,152.12519531911752
47847,113.78921041411675
47848,486.7609845645692
47849,185.56667714527086
47850,212.9383623633492
47851,703.2607602653342
47852,122.0706286064361
47853,640.7749624208697
47854,202.21710781590843
47855,242.222190369442
47856,346.0783223489564
47857,530.3299721852776
47858,138.63144894513692
47859,109.23387072882947
47860,222.39583022376448
47861,92.71121456158315
47862,339.3297377647024
47863,144.21644780535001
47864,247.33589731842255
47865,322.6364888104927
47866,181.5636533480425
47867,341.7094048341101
47868,179.2243354568584
47869,279.2516468889322
47870,257.567544800851
47871,182.3642197261014
47872,202.16156821595496
47873,239.12921484732257
47874,158.36455640015953
47875,324.62842518151257
47876,228.6219655090996
47877,224.52760868404408
47878,313.9065798287
47879,3388.2919299213704
47880,194.56706890542972
47881,124.82788332141826
47882,147.4347778920154
47883,61.74083101688862
47884,89.73797738898024
47885,212.89139135350837
47886,91.43834227896916
47887,181.0043053641855
47888,471.0046394683502
47889,153.13803316893768
47890,1041.9681963838586
47891,228.19921862662062
47892,193.1398284657526
47893,140.187752444524
47894,285.331033708482
47895,165.57464149116805
47896,153.5428871546579
47897,605.376858904445
47898,559.373500465049
47899,12.45849089727977
47900,266.5896349435134
47901,425.38358924240686
47902,248.84276582768933
47903,241.6536026614401
47904,312.15574290181746
47905,342.8562935657866
47906,538.6230894027908
47907,536.280079196958
47908,229.57383863343944
47909,430.961583450365
47910,335.88176148226955
47911,541.9084254616797
47912,257.7932461571376
47913,307.0791038015238
47914,159.4858211637068
47915,346.30772222542043
47916,220.98578259401887
47917,272.0127339319487
47918,570.6402537298957
47919,167.60001030942922
47920,230.62922116679647
47921,140.53201175896334
47922,103.29305974721478
47923,163.09047281324442
47924,289.5627075442704
47925,282.86549124743595
47926,505.1746746497316
47927,258.3815145849646
47928,793.7975654374903
47929,139.97705707263157
47930,280.8325188341097
47931,159.62156564564341
47932,267.23317619198747
47933,181.7790529964043
47934,276.1605787907736
47935,143.3590136943783
47936,281.62147295499244
47937,271.52236882154904
47938,706.73749630799
47939,193.36401319165236
47940,789.1633138224802
47941,324.80731182526495
47942,718.004557636746
47943,120.07966287065851
47944,182.90294849294656
47945,542.1929874934909
47946,271.1543000204575
47947,126.46729221243508
47948,143.2749662778245
47949,153.15475029409245
47950,254.45984540891916
47951,309.2601348060663
47952,167.6642523034941
47953,176.92781397741274
47954,352.16358570963206
47955,295.5472945636584
47956,157.70287404977296
47957,509.83113593194764
47958,137.37955140081706
47959,154.0646659239773
47960,80.34863010033395
47961,496.5380171619131
47962,94.24903654861518
47963,179.80933626842946
47964,481.53320928450825
47965,291.978566668327
47966,149.87525635857114
47967,492.3060352330693
47968,758.7113005576498
47969,112.30882716419907
47970,402.38355645575047
47971,111.23440793184193
47972,511.91323963674756
47973,209.2712508775552
47974,109.78336237280293
47975,635.6163540970824
47976,133.03354079305763
47977,132.3237369504076
47978,378.8082852258351
47979,217.67617401137315
47980,351.4055655293574
47981,118.21619212892485
47982,195.75983337888638
47983,320.61818916604943
47984,269.57974861610495
47985,241.8753836148024
47986,789.4330052342
47987,279.45696827712226
47988,391.74802741734396
47989,630.1863278333981
47990,196.73800208859006
47991,1230.7283615681733
47992,628.2156782277024
47993,109.34801855698623
47994,303.8767862409883
47995,675.9950758893257
47996,197.89167574236845
47997,355.95820577423564
47998,394.20198501440717
47999,180.6929177039156
48000,172.39940999694446
48001,58.83147583428655
48002,416.58422188212063
48003,100.63702501612111
48004,344.32902694127125
48005,140.19400520798902
48006,276.7681542784628
48007,192.89620647537734
48008,267.199313896138
48009,141.66507638566443
48010,592.0706688753361
48011,109.64983429616161
48012,291.4981203855569
48013,314.22356718062446
48014,347.5086507665141
48015,192.40178979666476
48016,58.662939035834704
48017,233.48096913283408
48018,221.23051449470262
48019,150.7323579665843
48020,197.6440927007096
48021,288.7169027173967
48022,345.1237397891842
48023,186.8839545262476
48024,157.4045411994829
48025,86.18335477431387
48026,222.0973564700785
48027,432.2423183712134
48028,332.15831683107916
48029,168.7136351110515
48030,137.9658152048313
48031,345.77053449019036
48032,177.58908226318275
48033,526.8490555313557
48034,413.29645808927324
48035,353.8207016964063
48036,160.5419856098807
48037,431.3477187589973
48038,359.96663552793285
48039,352.79699999087075
48040,354.30693585776174
48041,246.120298445242
48042,475.38795142136576
48043,200.24147254765484
48044,127.37867805203963
48045,597.8658272685656
48046,89.73165331223643
48047,144.35603441721503
48048,287.21401142692423
48049,319.35021925552036
48050,110.52937887417593
48051,77.88451207285686
48052,90.6552459204714
48053,216.34408593014874
48054,223.19756430290002
48055,103.44668110052658
48056,77.0122722844372
48057,253.28876175900905
48058,146.38644917996731
48059,152.27588457413918
48060,349.0185904146812
48061,140.5865009616078
48062,166.57465982539193
48063,261.29380552342644
48064,472.09884710281807
48065,138.64347766803752
48066,154.7613942071389
48067,227.24203648836354
48068,170.05610649668174
48069,226.58816484096013
48070,319.20666392929763
48071,369.43241970195726
48072,155.08683808909512
48073,238.62053593470608
48074,449.41224189578475
48075,248.6990059228212
48076,1370.6231325779236
48077,150.4871312965415
48078,164.60328395459481
48079,478.2666925143048
48080,158.21396110495095
48081,664.5740756781657
48082,370.91766655362454
48083,410.87255129697957
48084,123.09541797863325
48085,117.80829138283096
48086,124.14819767573003
48087,185.54057185837036
48088,103.11288932778399
48089,501.26164300020525
48090,296.107113906031
48091,376.98849148330083
48092,373.0093051081615
48093,390.73333161035725
48094,156.78108251409333
48095,205.7835092387562
48096,307.65759149640064
48097,858.4291784303657
48098,122.40934280971658
48099,396.4796765027759
48100,293.83762611347834
48101,281.8679425855687
48102,195.94909143441814
48103,373.34735389248243
48104,351.875793329353
48105,127.01031461305921
48106,331.0798904544938
48107,189.98445174738796
48108,279.9945167497578
48109,163.71765699366125
48110,168.86149767711586
48111,127.24394866068188
48112,1541.4607321717783
48113,522.4330304024261
48114,291.35681759762457
48115,118.45119537093942
48116,125.01129698441848
48117,195.53361748756052
48118,109.01501333622782
48119,238.07578545984643
48120,58.58494272187675
48121,140.5436979557792
48122,203.60120616986922
48123,117.28185936088695
48124,-26.670606425517526
48125,97.84710780583518
48126,452.9204697722934
48127,196.75289901749645
48128,114.40653995159987
48129,192.13976383960173
48130,172.62422751799915
48131,166.77407862895194
48132,135.65267046842035
48133,163.48200637014378
48134,142.51213886390892
48135,285.65241092825806
48136,295.09267411713
48137,131.52356272095287
48138,217.66479574136537
48139,182.83280693325938
48140,833.0272723631437
48141,233.90180046016062
48142,351.4664541968149
48143,329.26001627807017
48144,546.902625715429
48145,345.33580649379587
48146,203.97993612039312
48147,173.71230409036008
48148,308.0257205215986
48149,476.63165332811326
48150,106.11367125986031
48151,211.3870548658579
48152,181.98003802383354
48153,117.81642598986156
48154,296.0328838096045
48155,240.74106032047473
48156,267.3678519279159
48157,140.51108350576172
48158,216.11314024804332
48159,270.1961091224539
48160,100.9162472967468
48161,97.96828459105674
48162,217.4143425114636
48163,172.46830811234565
48164,516.7676288096047
48165,379.28867937629883
48166,161.8036183270619
48167,389.64405828078753
48168,127.80781398714261
48169,176.49960283830018
48170,184.17004262462316
48171,119.20828735691022
48172,408.52436159390794
48173,212.15250260974895
48174,115.2407816239064
48175,438.6490579339903
48176,111.16741909885522
48177,100.8555019654721
48178,421.25044488804315
48179,143.12773665757126
48180,207.38514649740827
48181,243.56948839600537
48182,518.3436672550135
48183,389.85911884782814
48184,357.26558595471033
48185,136.08553955281675
48186,117.11323044573594
48187,136.0190172815271
48188,200.36660977592499
48189,405.1716360510752
48190,212.94035083159963
48191,398.83372674923197
48192,149.5508043832891
48193,198.47764165002016
48194,257.4878902300059
48195,811.709986239219
48196,250.90529152898
48197,208.90534369624515
48198,188.6582500427155
48199,137.28225873600334
48200,152.65454068339875
48201,282.1571357384539
48202,208.33987598176128
48203,456.23711780630487
48204,161.93613335588066
48205,98.6600730023479
48206,180.45173661994065
48207,258.7871073509652
48208,304.33032170896956
48209,42.1062513241792
48210,108.27847458480076
48211,500.6115377410934
48212,854.232764509323
48213,86.94514582283956
48214,229.85581987257962
48215,597.0838410216356
48216,559.470834641298
48217,161.96176216749112
48218,199.4624328665549
48219,275.6400586785701
48220,130.27655807579825
48221,187.9686108754885
48222,125.41388513643668
48223,433.30231210200674
48224,448.6797048740903
48225,159.68685363293068
48226,255.76359034622533
48227,244.9782420592699
48228,184.03596777793115
48229,266.7538087643335
48230,188.51077285827463
48231,376.55912166654366
48232,163.2881813985171
48233,267.05734626976164
48234,126.37467527019686
48235,147.43711164446955
48236,144.00085499730955
48237,1137.4457963808206
48238,280.0213814056246
48239,135.0432781444934
48240,703.4633109783209
48241,325.50163456746446
48242,279.9259398494286
48243,212.20917450942963
48244,353.66047068247553
48245,152.28832792145906
48246,770.2897986584467
48247,368.31540017767935
48248,163.25839416608054
48249,284.024266958492
48250,172.88166576973683
48251,236.09140931617347
48252,254.26886942450272
48253,188.18544076556984
48254,228.6464307119205
48255,441.49450501551314
48256,281.8542006149902
48257,131.60324486708825
48258,220.39891622472092
48259,164.44186067242717
48260,337.6379464020869
48261,173.48099151451032
48262,124.93349992322555
48263,615.6166201460208
48264,208.34785495752675
48265,154.81941134151546
48266,149.8159764550767
48267,237.36716198723838
48268,270.1758704903181
48269,145.38394681333966
48270,138.4207314925613
48271,429.28502473610166
48272,286.7264837996101
48273,244.24863817581038
48274,241.82688794439798
48275,273.5093384989322
48276,196.90175900234058
48277,172.81619007239576
48278,366.7231978828854
48279,222.01031423980695
48280,165.26955180007297
48281,299.00688010354554
48282,716.6825070789321
48283,129.9191000874803
48284,272.0864089206323
48285,563.7980266265477
48286,138.53623710859523
48287,567.1639084090413
48288,158.37293276601272
48289,236.97921971946838
48290,122.7700366421732
48291,47.798157334178455
48292,118.30229000632816
48293,987.9310775485117
48294,362.7786666994407
48295,132.5411764409328
48296,298.7688669420091
48297,298.7172035617767
48298,769.1325846266196
48299,368.5542793729898
48300,210.0591144340364
48301,644.3789112290709
48302,207.3952967644453
48303,1077.3360515257816
48304,711.4698437336425
48305,227.15824682884568
48306,149.97565741998994
48307,422.8245459586844
48308,323.1332943716317
48309,142.5805515958816
48310,186.06977618060665
48311,291.4934512249385
48312,315.45842085565516
48313,194.5360181126075
48314,102.31806084482243
48315,204.53983837747677
48316,750.9185587250216
48317,151.58397830254907
48318,92.49395858903145
48319,232.27522565090925
48320,152.11579412410038
48321,215.52419361994345
48322,387.6505643657814
48323,651.4552862812734
48324,331.3646961532491
48325,254.08228429982506
48326,313.00203375262527
48327,341.12217573634155
48328,63.81425129875345
48329,361.7189371069449
48330,128.0077116553431
48331,154.0852733659326
48332,256.2856950773223
48333,110.66848226630442
48334,228.33443400729217
48335,232.24893380251237
48336,225.54006422478258
48337,284.7037436277571
48338,183.69117772608638
48339,269.55869064324224
48340,130.25131644031268
48341,770.1083409851243
48342,199.84310666311814
48343,194.3828253838826
48344,214.83239532767112
48345,353.676902193401
48346,288.9802426583995
48347,242.59731189114711
48348,277.3542634102293
48349,206.04315869323497
48350,212.77582719492978
48351,562.3120557869948
48352,224.25979418715883
48353,533.7576646735749
48354,237.49478525924167
48355,242.23391062810794
48356,458.18840100925195
48357,189.03310742072657
48358,267.7184470859218
48359,261.25212535901306
48360,534.7688084983292
48361,345.1602592057516
48362,335.2030049007626
48363,222.72438849052637
48364,293.2590227638466
48365,97.12587868518216
48366,160.6964838014265
48367,197.6551365306781
48368,132.25057677338506
48369,322.237661968948
48370,183.36800772969977
48371,234.90705470870074
48372,211.21784900675627
48373,302.9291450135192
48374,468.46191120637087
48375,403.1971993682935
48376,344.782860315729
48377,194.02954746596785
48378,316.22213761981334
48379,282.54992077566214
48380,275.22302536414526
48381,159.85379674481803
48382,127.77594160829058
48383,186.3541115862298
48384,99.93479369209092
48385,194.49162390423558
48386,131.34127910561898
48387,124.17861415330945
48388,515.8600729508536
48389,321.8086884711211
48390,518.0069196888412
48391,398.41670748730525
48392,210.59397287984612
48393,142.72657969493386
48394,319.9246083281755
48395,119.97693053326932
48396,222.89865729481463
48397,503.7410359745235
48398,239.86146036322776
48399,189.40302797474385
48400,287.47947698174346
48401,215.20468171908104
48402,181.39657490519645
48403,200.32162020689918
48404,205.365860858648
48405,188.65495525372174
48406,208.70703744910685
48407,204.15820192272153
48408,224.30998296268598
48409,240.5098582275705
48410,361.8179246753652
48411,175.55265091167183
48412,754.1149331221853
48413,431.73851691862177
48414,597.161471332487
48415,574.7006774476275
48416,174.5836339564347
48417,126.38062723673244
48418,261.701516812672
48419,467.23775296284634
48420,121.12388736420537
48421,125.46552605102139
48422,494.7765738912742
48423,226.50124937507954
48424,300.91342894024984
48425,293.97538243602617
48426,857.5807578690886
48427,201.8484389998355
48428,245.91840240160613
48429,143.68054147720682
48430,431.1752609046046
48431,115.61719761623792
48432,329.22931573560265
48433,382.8841836066844
48434,1437.9611008359507
48435,139.1118896407279
48436,115.24849117732253
48437,536.2393017477232
48438,587.8820397541127
48439,364.5435535298559
48440,121.56866231441849
48441,409.59541648229316
48442,396.3855130879415
48443,678.0661072309935
48444,210.23705762187578
48445,317.61694403716655
48446,309.40067023150783
48447,338.7792818223952
48448,94.12540161944835
48449,262.9635509834885
48450,573.98419536366
48451,215.06914689715768
48452,158.3191423255574
48453,269.1680199168554
48454,127.13628922446516
48455,120.33647956087971
48456,127.41093062529747
48457,152.70853303611645
48458,138.0543754601748
48459,444.80428916406265
48460,220.02988648232176
48461,196.62348333902145
48462,156.56476849083717
48463,242.42029365266538
48464,131.84632792804248
48465,283.3563740094625
48466,230.53446048837938
48467,189.30823646696376
48468,332.60652488296677
48469,95.61505765907471
48470,698.7961121728865
48471,159.73273206868475
48472,286.51547236644547
48473,402.65134568187773
48474,159.5707403306521
48475,330.1316305713198
48476,239.58541084600134
48477,239.3511025481277
48478,906.2895788515946
48479,305.7057301362903
48480,189.34327669868424
48481,497.93304136354897
48482,164.0557838301326
48483,222.72535580162963
48484,633.6968027341827
48485,296.07848887292363
48486,451.5875665154946
48487,129.34373269518275
48488,204.20986891506885
48489,194.25009764696026
48490,259.12732216794296
48491,232.7445768610361
48492,174.70635355285864
48493,154.8474217962973
48494,175.55280538310578
48495,518.6545296688566
48496,93.19784869080044
48497,163.2165109059283
48498,202.03472557405223
48499,286.22555444804794
48500,492.7948618145816
48501,264.3558701392891
48502,125.15838155810405
48503,77.12734119459022
48504,1746.4030983115551
48505,252.64945691614005
48506,169.94131459679724
48507,564.5695747549768
48508,291.82181645248187
48509,406.4059272439774
48510,780.0546678849832
48511,182.3276572510044
48512,247.82447992367102
48513,249.44232980694647
48514,204.10403829796937
48515,129.78699631945508
48516,179.2173095640762
48517,582.785995039656
48518,704.7835771448754
48519,311.19996785567344
48520,253.7622031566098
48521,227.86534011348945
48522,151.24451841037308
48523,397.01624053799225
48524,365.2315340549097
48525,211.07049502976957
48526,362.84513485798306
48527,363.3552927705343
48528,809.5107268077433
48529,345.4833480429964
48530,464.678187363588
48531,307.11496541138325
48532,187.8551837070883
48533,218.570944996175
48534,140.32978749447778
48535,116.70206952171671
48536,321.26821613069956
48537,130.71004745838556
48538,323.8018670295233
48539,188.48009669803835
48540,97.55383424255646
48541,635.4657427864176
48542,139.78580199569345
48543,442.6431149639862
48544,216.92711884911142
48545,1367.2065617549997
48546,225.79529787394844
48547,564.5170839789521
48548,323.3801288369765
48549,166.87304185336342
48550,52.036674035678615
48551,408.04970017817107
48552,263.79669953145293
48553,116.58111545161093
48554,181.5261010168583
48555,250.17034217829152
48556,147.64334862046073
48557,327.5271946358663
48558,169.2231858555702
48559,251.84561400356446
48560,136.30141953393306
48561,190.26241906521872
48562,148.8960329703012
48563,330.44009669576764
48564,210.83908639003602
48565,408.4438073428731
48566,213.30540138963215
48567,103.16918682438
48568,167.1086609169815
48569,103.45920833648499
48570,166.68187592358953
48571,610.6792740439203
48572,2039.8337159044881
48573,575.4556601154446
48574,191.89756143825934
48575,143.93810931789727
48576,159.18013172649174
48577,190.61244771252433
48578,203.55069446995515
48579,174.2807932768193
48580,332.8341273776718
48581,118.09794746193981
48582,209.55014813850553
48583,-1296.1435088002363
48584,391.4095622922659
48585,649.4314129416712
48586,312.0192917643444
48587,103.02954888331942
48588,159.1311810325734
48589,166.2171369038159
48590,225.38618872853817
48591,102.59862978425288
48592,221.20690924269033
48593,445.764288293444
48594,118.61907921919399
48595,130.6205369941
48596,173.45449185384751
48597,147.2921221744472
48598,110.36146131229852
48599,230.2075988556264
48600,113.63211903676688
48601,231.52079371618905
48602,886.3860431286402
48603,66.94992632649233
48604,238.24889338026412
48605,759.9432508360607
48606,255.61592126981577
48607,159.29351049411454
48608,226.00747876662672
48609,130.2507661931006
48610,516.6755682162589
48611,107.81340696318284
48612,188.40092161402123
48613,144.9736178180991
48614,163.5448111519873
48615,272.8635180705411
48616,124.67195728153321
48617,250.7422011774881
48618,577.8298171333688
48619,162.08292422190746
48620,227.18852585924043
48621,144.90570288847127
48622,201.10929608369256
48623,316.5498450407418
48624,142.98734755441936
48625,159.59627422246663
48626,164.31871166279197
48627,133.7955275783794
48628,111.97547286838457
48629,680.6872708501141
48630,171.59361869915085
48631,254.01254572675867
48632,116.72497788901006
48633,185.71633398028519
48634,561.3450207769922
48635,151.25414349037197
48636,96.76097987137561
48637,605.7750885431326
48638,289.58358516104073
48639,332.2457201105133
48640,275.66086485260115
48641,261.34182190441805
48642,129.2586252419562
48643,568.3527483005507
48644,485.7697133980678
48645,110.5089784092367
48646,278.69817773517127
48647,182.44124865113642
48648,112.40404990007468
48649,88.58516169325296
48650,160.10527719580438
48651,986.0964084734546
48652,491.3373895123899
48653,713.8842864327406
48654,254.83384296238293
48655,268.6127101513907
48656,329.9727277149004
48657,-15.68415283326656
48658,199.48072346270385
48659,198.62816838354786
48660,154.0388644639191
48661,126.59462159635204
48662,617.3920643374713
48663,194.1944745565538
48664,224.8792358481968
48665,161.84641169371758
48666,319.5526746890057
48667,206.85948859074236
48668,209.96790917244556
48669,339.69867966270067
48670,209.06505936200222
48671,269.72867935431253
48672,282.5646813130229
48673,108.43866957909515
48674,436.024387386127
48675,331.5959816265283
48676,161.4710389588192
48677,521.5998847993659
48678,408.51537294614155
48679,181.14858490130715
48680,137.17685678494746
48681,138.1789531449939
48682,497.9804036471431
48683,402.68973791706946
48684,174.2977977990209
48685,450.8701270452038
48686,216.13437721499892
48687,427.50258368332396
48688,239.52338577918474
48689,103.16608420987576
48690,214.57217101352657
48691,306.9885652503816
48692,103.89187232226583
48693,235.88806255199077
48694,293.63783757613174
48695,339.9318262207296
48696,187.95099768473
48697,188.65237840718044
48698,508.4185239224746
48699,147.09318471328783
48700,277.91640760125074
48701,118.74634148254641
48702,134.66621836293007
48703,133.33617696925734
48704,182.14810816351854
48705,362.52324378624814
48706,164.9719314264999
48707,125.8128588322952
48708,304.149214255799
48709,400.30869821502785
48710,476.38903113060337
48711,135.87200898226448
48712,352.0919071528289
48713,128.67190253271713
48714,276.938245541994
48715,146.18529437823875
48716,192.04955729516735
48717,142.15406249079842
48718,197.0842227476066
48719,59.168260232282194
48720,342.12306529631246
48721,170.8609468877532
48722,683.4041383957914
48723,254.81185058568366
48724,139.58042209417658
48725,251.86728974646732
48726,389.0156502309158
48727,265.84804173518563
48728,310.45783035131467
48729,292.92433152482647
48730,308.28996291364933
48731,80.73531701857574
48732,817.3746934415832
48733,598.7490213317795
48734,81.31275980079815
48735,164.2527240929403
48736,362.4287109120837
48737,246.69532996567344
48738,176.36145101632786
48739,142.1461792644248
48740,917.3080994529308
48741,348.8345386385548
48742,167.43821846444035
48743,282.5027949373156
48744,283.96299181767705
48745,1007.1887914615005
48746,113.85789877333016
48747,117.77699382352334
48748,136.73322211097934
48749,327.68986042306886
48750,274.55354135377104
48751,53.99215273453423
48752,427.5921863939818
48753,143.85990465794487
48754,482.8535600505311
48755,1045.125419403695
48756,451.92916053543684
48757,315.58178714872406
48758,242.91920382968758
48759,282.89666452991173
48760,267.75604066509766
48761,197.7595196192738
48762,192.72461133170629
48763,497.9793610728384
48764,303.25411165644084
48765,152.6401709557433
48766,172.83899834393435
48767,181.14468625290232
48768,262.14253744721134
48769,300.7666463509123
48770,1.988198933444549
48771,189.81705080416668
48772,683.7689046805706
48773,126.24875245604196
48774,363.15265552668615
48775,127.9120915973076
48776,697.3631781732349
48777,546.160628112573
48778,107.51141085655189
48779,274.4483199713637
48780,359.92638781295534
48781,147.83359295374117
48782,393.0404449961305
48783,78.86973106714805
48784,209.43169089520552
48785,735.3087996172163
48786,166.48589430871385
48787,189.971506956401
48788,558.7145606561261
48789,416.48771037556895
48790,268.4194885499385
48791,543.4880655984333
48792,123.66389468319775
48793,245.26977740056932
48794,215.49373628637326
48795,325.48232970039817
48796,109.80119436171604
48797,571.2666956045056
48798,97.81650652620151
48799,325.8104324729558
48800,287.61653558446517
48801,173.88978835569492
48802,249.46988235226544
48803,251.95840673017167
48804,217.23052422861383
48805,50.82992997918783
48806,360.0238399591302
48807,168.6913789365424
48808,214.44543616292677
48809,307.6142613637002
48810,361.1252934333337
48811,333.0712086719819
48812,122.61411853800979
48813,365.3812196443796
48814,126.29961953241298
48815,160.36878987788046
48816,261.206362945451
48817,223.0214857089578
48818,282.38270904517043
48819,306.27152076125856
48820,427.279050602489
48821,367.6180335326928
48822,110.91392525170211
48823,94.82042447053374
48824,158.01662447048358
48825,658.4118993782655
48826,342.1142432872167
48827,608.2488007755518
48828,302.1864913423523
48829,98.40300853739372
48830,133.84233107731845
48831,79.93220088246092
48832,202.54478333623584
48833,151.31794959968178
48834,239.37444681971445
48835,70.10429645217162
48836,172.64289262612525
48837,195.5588107529586
48838,250.3883378462427
48839,251.54457901383088
48840,168.1678049376746
48841,379.68184354765395
48842,271.64248701074575
48843,522.8676544258423
48844,751.7938708787614
48845,284.5541178475315
48846,180.32465159246252
48847,163.02622970601846
48848,151.42643873717947
48849,136.04956895950295
48850,179.30068298728975
48851,218.99097340794535
48852,536.2320635626883
48853,254.18896443084694
48854,278.50091489267015
48855,173.6417705352356
48856,155.06023680311526
48857,443.99255481475547
48858,136.38102681563828
48859,256.60066923609077
48860,797.6963017306304
48861,146.96292814148674
48862,187.02775035853207
48863,57.830324595635474
48864,634.542108536568
48865,139.73199327558117
48866,208.43018490895759
48867,195.10734190740448
48868,383.6569338893948
48869,400.46061993540394
48870,132.59472826966947
48871,302.89781995700275
48872,181.1853481584628
48873,199.8522344737293
48874,102.42721584611988
48875,338.2782091367501
48876,422.7666112242005
48877,1321.789033122517
48878,551.9016313782703
48879,409.36031033304295
48880,226.77303370473425
48881,176.65783040629645
48882,125.7602987984636
48883,271.4163084567979
48884,309.2800454133224
48885,69.06857242230203
48886,184.2869740320904
48887,137.6940491401516
48888,169.8148782131862
48889,107.36599045930879
48890,482.36725031793827
48891,543.507604002255
48892,140.8922111929395
48893,140.33155870048225
48894,110.3894585805912
48895,175.38166813955618
48896,153.64877710166493
48897,259.7262282138417
48898,194.29514288993838
48899,409.6628311796297
48900,159.12064138019423
48901,292.01357677256203
48902,333.25545599489834
48903,264.80520114439366
48904,107.20291829134032
48905,102.28967854273594
48906,78.97797954995977
48907,132.18561420725524
48908,116.7890971466031
48909,326.15112474369164
48910,166.7519039215958
48911,171.70873912310512
48912,533.1073690842115
48913,129.22618802979673
48914,389.04673663561493
48915,125.29439245594776
48916,249.93776833886088
48917,100.39154182871613
48918,347.23134814987696
48919,197.58191198341464
48920,556.4517378103836
48921,152.6390588463207
48922,146.05830509533476
48923,150.66904910078753
48924,263.963451115386
48925,149.41861804419764
48926,144.15516880307533
48927,164.48121524037356
48928,107.98564933089644
48929,253.7618816502251
48930,246.37165456687094
48931,168.86264390736417
48932,247.41835354058264
48933,131.02747184470476
48934,211.69925659132915
48935,245.2003924814605
48936,191.8773528670397
48937,288.32558747709885
48938,290.99950791291786
48939,95.68947651579784
48940,162.59629285183075
48941,144.48733466312268
48942,228.4613218987183
48943,207.45600552937722
48944,419.6881668330449
48945,280.1596439701228
48946,762.3052178535876
48947,169.49730902918733
48948,282.89336259220227
48949,519.8110959725816
48950,197.59871431568493
48951,172.52184735718757
48952,109.21061529791452
48953,165.7573875920233
48954,99.23505024522679
48955,170.93285813890031
48956,161.53649359913788
48957,387.05964864341314
48958,250.0599844621275
48959,89.75959859204315
48960,381.37723874737094
48961,195.94311732720757
48962,219.89413544980482
48963,186.46877498980763
48964,162.3277807650829
48965,285.8173217885493
48966,60.84133207741604
48967,570.514801951657
48968,209.14443203942747
48969,188.5085712208174
48970,174.72259925236395
48971,198.79599570368913
48972,237.382853527394
48973,112.73440745829384
48974,165.498566322212
48975,350.7922575967802
48976,385.28702091312874
48977,270.7651589857052
48978,249.74638024275527
48979,267.25186720904145
48980,736.9640680193123
48981,247.95434778944698
48982,335.67847213434464
48983,224.06857489603453
48984,442.1660092252097
48985,321.2368377703875
48986,218.94108211832537
48987,394.4280340997492
48988,234.64247098507954
48989,221.33496061877423
48990,349.2632054960369
48991,631.8878755122958
48992,86.34000017613063
48993,497.419593466418
48994,97.60641655418682
48995,617.9255485135012
48996,238.3295416402818
48997,406.0256492391743
48998,133.50076034126778
48999,168.40942376400687
49000,237.29750293567182
49001,144.76060188831283
49002,110.17649505763393
49003,384.8705175318904
49004,79.65787677042147
49005,89.61967230861877
49006,240.72578640385882
49007,255.41287705689598
49008,188.50674265992762
49009,57.85089002190571
49010,312.0335438753017
49011,302.41992098402216
49012,375.0000928163046
49013,179.58280140645283
49014,264.2766842117145
49015,271.7102622118057
49016,539.6186274218599
49017,137.18460060624247
49018,360.0667968736746
49019,477.7662589023899
49020,211.82032526683608
49021,401.2344981270912
49022,736.308740797144
49023,132.92578685570066
49024,778.7354861207948
49025,163.00916143632162
49026,237.8899898756395
49027,165.98864387519717
49028,251.11762307110564
49029,879.2050554657905
49030,256.96282618090925
49031,376.3004088083328
49032,193.47086681629108
49033,487.03546098000396
49034,134.95954800387887
49035,191.40847783752267
49036,231.50115052646188
49037,382.3008939179458
49038,397.8416463728807
49039,390.94037618689515
49040,250.59941665917106
49041,133.1155787403656
49042,222.49253735264364
49043,251.3035817234584
49044,394.52095573726064
49045,265.6912143992893
49046,252.04378517908248
49047,219.02751961673823
49048,169.20259745286984
49049,574.6039748445642
49050,143.69607660818411
49051,205.50019758343845
49052,221.078749202674
49053,186.4810434731176
49054,145.5548871678954
49055,226.68406546928279
49056,220.21496035109743
49057,157.81989416986792
49058,236.39041423587798
49059,211.0511528095029
49060,151.05780032357202
49061,224.339745628496
49062,147.03004898102353
49063,585.3943321838815
49064,116.15785729573312
49065,269.49464240283385
49066,242.77093260642926
49067,346.6498328841503
49068,217.75126146258657
49069,199.6486470161747
49070,455.85342965874594
49071,221.98155377967956
49072,126.47341414415911
49073,409.2703386371426
49074,86.76285186570819
49075,217.4330371129191
49076,376.40906182870316
49077,241.02865126571328
49078,180.9658374694152
49079,301.7209787617358
49080,452.67768258865925
49081,191.20715386730026
49082,184.38152920073185
49083,145.62491558736167
49084,149.3944392477493
49085,90.2540633384448
49086,-179.29939814729602
49087,183.6406724478229
49088,282.27842732069325
49089,357.80558574095835
49090,276.678150304309
49091,557.420654929173
49092,236.53705004610623
49093,366.45855334772443
49094,162.19719567473953
49095,368.79415755203917
49096,175.3561943936338
49097,383.8551955536072
49098,429.2902738722679
49099,1032.8052388250967
49100,134.82976842149134
49101,185.02869429828579
49102,230.37596589761253
49103,337.64313160396927
49104,147.12212499304528
49105,291.08753016043266
49106,282.4423666386974
49107,347.70031970290614
49108,112.08786226455246
49109,130.07808417800868
49110,129.58482647533793
49111,153.6067454660766
49112,205.13544673479544
49113,259.9433348205879
49114,566.6654625502672
49115,269.21415313047595
49116,274.95471118537085
49117,12128.261240571474
49118,147.69347529827263
49119,130.59611228852705
49120,163.81271574581223
49121,399.8527874040879
49122,220.09835605995224
49123,281.6611931206465
49124,244.41493299604207
49125,512.4468272152105
49126,197.28505713523379
49127,257.902624295204
49128,545.6766111665805
49129,147.2518318278851
49130,161.54622062521454
49131,140.53616679363157
49132,160.09204055475
49133,131.3331457560668
49134,249.21384821110698
49135,218.4564557413256
49136,137.0854336189591
49137,270.4900306700972
49138,241.80112443702268
49139,241.49689869150578
49140,471.6145372286094
49141,85.27465303818369
49142,125.32071262502014
49143,629.404542721665
49144,229.76527273783887
49145,208.12367674937298
49146,150.3058304641304
49147,213.07690413812918
49148,393.3409393119661
49149,145.615763480693
49150,412.8491578116053
49151,121.65830283335087
49152,207.55984990228427
49153,173.92306337802404
49154,110.67561169807068
49155,126.01179940774185
49156,191.41063524072175
49157,162.91020078936992
49158,391.8369070595564
49159,163.475566976406
49160,899.547722646547
49161,337.81280823725365
49162,238.42378162406328
49163,289.61996441717474
49164,583.5753770447427
49165,283.1115899856181
49166,379.7865712957468
49167,393.82858955020345
49168,199.80060655545088
49169,205.53768448607448
49170,199.40448883271247
49171,130.39990279386274
49172,135.72706298148222
49173,202.55488177417396
49174,162.4829791681607
49175,102.33034310641324
49176,131.09896348637577
49177,318.96674045480796
49178,189.7879288695733
49179,104.86375526705783
49180,173.84067176050962
49181,124.71424196686915
49182,208.89620545098887
49183,427.4600355257477
49184,193.48934032348564
49185,258.959743526577
49186,1082.5472166498193
49187,71.25115492096997
49188,1119.838058317215
49189,570.4074586480807
49190,137.5459473417098
49191,309.2898753685189
49192,118.89434396596812
49193,404.74247311681137
49194,152.9871439745514
49195,241.8652222668463
49196,220.1800296355414
49197,205.37173062624328
49198,315.7311521796359
49199,114.77929011139037
49200,390.1365302267636
49201,148.16380795996176
49202,114.30269077597599
49203,845.9813894153289
49204,294.5163370441374
49205,134.56705056082095
49206,111.84223763047135
49207,181.43378273590983
49208,270.85920531779476
49209,137.89635394125722
49210,382.8207710966492
49211,249.05985594308157
49212,267.34307671468616
49213,143.38555241850443
49214,159.20739947808653
49215,143.02034973154358
49216,138.3491676663044
49217,225.35527822796104
49218,179.207729523344
49219,411.06301510011997
49220,439.666135175601
49221,386.03453928967434
49222,228.97164085085126
49223,436.61641920596895
49224,116.1170821630955
49225,133.7762509439108
49226,115.05139623140974
49227,196.24222827661453
49228,345.50119089498077
49229,369.50862980847296
49230,201.21391321978112
49231,120.81937638246224
49232,577.1333436351784
49233,177.50409581841384
49234,455.9292198563149
49235,243.09468785019385
49236,394.77612234153963
49237,151.18154959850665
49238,307.85158813895333
49239,175.84793436375506
49240,145.6149670868615
49241,299.95998458938897
49242,549.4801561258108
49243,290.4040959772823
49244,126.78786645867073
49245,127.58539605769592
49246,152.37019695618244
49247,304.59809835490285
49248,303.32953857576797
49249,177.672596869096
49250,220.6703418640824
49251,320.26608709687565
49252,198.71622202276995
49253,145.09092811746797
49254,460.0627502766462
49255,143.49949249647693
49256,366.06858868976366
49257,113.90565349470548
49258,281.9023261515642
49259,215.1231661616909
49260,151.4447194490329
49261,272.6390444613817
49262,285.6693363676719
49263,80.0090838343901
49264,175.44650352863354
49265,175.69062174882345
49266,277.19426858734596
49267,247.7762503482723
49268,84.58822754167878
49269,209.91910461062054
49270,222.51962239743173
49271,235.35350853253485
49272,694.0004521823207
49273,148.98503359083384
49274,164.48656307573785
49275,127.78562104031974
49276,92.41476137505026
49277,480.3712088530658
49278,159.5271989714512
49279,405.9931189815111
49280,220.24283912210828
49281,192.01689937830548
49282,408.97254111741984
49283,125.20132291021443
49284,281.43219091002976
49285,146.91985179692992
49286,157.330398887327
49287,427.57632388004487
49288,590.8269422625416
49289,660.109784481185
49290,360.6334643328714
49291,164.84291600439354
49292,172.5687361730074
49293,128.67345674939813
49294,120.59849426981523
49295,111.08726892934232
49296,571.0983817914578
49297,610.4901728865013
49298,460.9618665864075
49299,303.07169579078123
49300,166.37445647228964
49301,498.90755443149504
49302,330.56347606980836
49303,278.3906156170943
49304,174.47741150123946
49305,389.40119498311594
49306,212.87748973390677
49307,221.4926537299907
49308,168.81488538710616
49309,141.30392622117486
49310,268.838780491554
49311,133.05141839233607
49312,257.1949577142228
49313,174.41643470585387
49314,147.77648593534065
49315,257.0918019721721
49316,217.94222164480334
49317,183.9384801695459
49318,512.6162160122552
49319,179.40412141648864
49320,267.6115447127233
49321,187.56962106358415
49322,160.71382516531884
49323,285.39276106031093
49324,101.04358067159697
49325,306.057797166636
49326,394.5078525812896
49327,114.029210853628
49328,189.70542890304455
49329,70.99524650350523
49330,178.47498620198235
49331,153.43586840981297
49332,156.25115771067303
49333,85.92764338962904
49334,207.04878391912064
49335,142.54801345519388
49336,266.91664559300244
49337,256.32401679111643
49338,-327.223526834967
49339,304.8552878811148
49340,136.01884647961427
49341,526.932491888254
49342,102.82021308615403
49343,218.42976505041173
49344,179.37895753020726
49345,73.65233598464035
49346,244.1359921550041
49347,243.1964661340986
49348,224.0147593186992
49349,124.4828686564272
49350,104.2407907802143
49351,259.2548421963067
49352,167.34940600846707
49353,225.3004920582956
49354,169.53239265289966
49355,134.74673604599974
49356,161.5353783185832
49357,397.16920333606987
49358,326.3727400961253
49359,554.7453820978492
49360,324.2302191457625
49361,160.01264731717748
49362,320.30129796903304
49363,148.12423471878023
49364,360.2184179507647
49365,103.59864477020456
49366,279.390111949884
49367,144.41877079712276
49368,129.2758174398503
49369,176.07351621445363
49370,500.977719065072
49371,144.6631381524703
49372,685.8916657491924
49373,263.7205594552297
49374,161.308896916909
49375,153.95866306084184
49376,94.89528474551038
49377,190.2322987356475
49378,181.15117710789016
49379,136.66550301284133
49380,186.43692190709032
49381,164.19182238806772
49382,215.06775812303368
49383,162.54718076560195
49384,829.9127479997144
49385,130.43503578797126
49386,246.14977928663268
49387,246.2366729348226
49388,203.19867565890868
49389,232.35200373764187
49390,885.2711134697245
49391,334.6470867024903
49392,231.88439363666626
49393,127.81055050665299
49394,194.7130188582715
49395,199.64761988055415
49396,546.3598685642141
49397,332.4524502815005
49398,357.1656331879987
49399,181.33403110044378
49400,402.2958877573827
49401,1263.0928087278955
49402,273.47338942115346
49403,473.70669365518967
49404,186.17227098025754
49405,162.55976557185642
49406,183.7907564583022
49407,7.952404272736817
49408,828.3137217025733
49409,584.5533250672955
49410,209.9179908210352
49411,133.04465495613368
49412,659.1266470448886
49413,363.69461362708347
49414,148.9057203284864
49415,240.33918354969765
49416,235.03575156317012
49417,233.06274487160118
49418,164.6227832329029
49419,297.10905738801716
49420,273.89995501948636
49421,101.48567147330391
49422,150.12953296761316
49423,114.72164829012819
49424,191.65032790029898
49425,138.92591568458317
49426,195.5277493172039
49427,190.63683135577807
49428,429.72580027065004
49429,273.88497978951983
49430,221.9727564561932
49431,149.29749144433407
49432,408.96813972614814
49433,477.88538773976853
49434,205.8930902199238
49435,165.61654607240283
49436,851.3386350884391
49437,216.63579002297686
49438,171.9755127873103
49439,399.34273231692276
49440,165.34717341376668
49441,209.83425481621188
49442,293.6174298634741
49443,883.1761093115184
49444,255.8122373108535
49445,140.50877951457335
49446,267.7754817319892
49447,97.96405051526315
49448,173.2462067015573
49449,279.3514013504165
49450,176.6404431895764
49451,1015.6890074073872
49452,381.22446479018606
49453,410.057750661131
49454,114.77929011139037
49455,203.83935833629778
49456,196.24748796232086
49457,159.50359370960507
49458,192.73933738684056
49459,143.57544596517366
49460,171.05637288505054
49461,164.5683432390858
49462,2345.976954248889
49463,281.69029912561376
49464,412.4605898027916
49465,189.82703445392116
49466,278.89965621035645
49467,322.5668559920043
49468,111.93180784714954
49469,344.30204936748476
49470,135.26346626473406
49471,169.89624972962818
49472,107.65352068380315
49473,321.9834102223227
49474,99.9915145276718
49475,279.72355292742117
49476,189.08430714264432
49477,117.37838558150297
49478,196.8243125971719
49479,463.2828314462736
49480,166.574232866793
49481,221.3733378383428
49482,298.8350186490494
49483,30.677454724470905
49484,241.324218633945
49485,270.2871172375482
49486,137.11740939434725
49487,114.80799399338238
49488,233.32592193630887
49489,376.7511279756264
49490,168.94838528877082
49491,258.4021529210946
49492,176.70147919383467
49493,154.92217112776635
49494,235.755313433593
49495,374.13886402897293
49496,148.13814346250297
49497,135.39932861332753
49498,363.5136739371494
49499,158.58710093155992
49500,239.36719974847335
49501,229.41895650045873
49502,157.13204803102488
49503,182.29215514081434
49504,296.63926144162525
49505,91.53262132481768
49506,538.5979208703716
49507,267.7909895062424
49508,195.33187119128908
49509,147.93102807528808
49510,805.2167893220573
49511,308.8387629887763
49512,399.51496224775485
49513,247.21110360105638
49514,427.3802680994081
49515,186.59141527843212
49516,437.1125972299592
49517,155.3190141638651
49518,86.10487197076752
49519,527.1907928798253
49520,89.04384688563174
49521,215.09659812493436
49522,182.03200712999046
49523,117.60598523521388
49524,106.37245645708508
49525,355.0889431183253
49526,145.66483799480386
49527,87.21253218086983
49528,465.9764311123412
49529,282.88390306669083
49530,124.7932953521904
49531,222.99935717563298
49532,187.39427209290852
49533,395.92407144643937
49534,315.0631668879309
49535,339.8824923957632
49536,210.10843346727353
49537,444.0593547634764
49538,449.92603190571504
49539,351.52104155667416
49540,121.45002243700316
49541,306.1744388635459
49542,195.08653177805994
49543,689.9046256209555
49544,163.5824259010676
49545,129.45610725022846
49546,191.48283808950876
49547,543.4414126827905
49548,373.23647193951797
49549,156.16911940076017
49550,764.562398008484
49551,690.007833872893
49552,396.6197199885878
49553,114.02856291629205
49554,281.89424083685213
49555,441.35172959941036
49556,168.6347229183759
49557,155.46731784555556
49558,1342.9399351799668
49559,167.4130032879924
49560,173.1181616188195
49561,232.87945147870573
49562,124.35748016961064
49563,158.85473060109882
49564,595.2881622979364
49565,289.6471108735396
49566,238.8492072511379
49567,137.83059674974257
49568,232.15517033706692
49569,180.5752598460787
49570,231.4607679586894
49571,185.20602135426978
49572,105.48164979778092
49573,202.8305135215391
49574,788.1601871092441
49575,126.82676699833213
49576,326.6325606326634
49577,305.1990569729669
49578,107.09667791801313
49579,192.23156562678287
49580,159.01196616774456
49581,222.24768544207686
49582,145.65190905018147
49583,1281.7468679773344
49584,238.0819504262433
49585,79.3488197457158
49586,144.68120515845558
49587,134.07819980712867
49588,217.22688970631978
49589,139.31113091245018
49590,847.5015515109192
49591,461.9216315097386
49592,216.4989203334862
49593,88.17082501639369
49594,799.0196176277984
49595,248.8853887589146
49596,208.09028723494157
49597,114.05653572284201
49598,243.73740804972005
49599,275.6346360134397
49600,117.76360433948058
49601,921.2621417566966
49602,313.4851207301493
49603,164.5874927002752
49604,382.6738262496549
49605,280.2482742065186
49606,253.70592075798177
49607,121.09667823909044
49608,163.1576463088249
49609,244.67249577139367
49610,307.5722563458195
49611,111.6996705553402
49612,153.4762197172681
49613,201.38111544116703
49614,94.99592807272825
49615,182.29783011331102
49616,97.41819168032899
49617,247.7478180073711
49618,115.21358382547368
49619,1498.1544315940391
49620,309.55970969222847
49621,182.60661543001294
49622,415.0447557906038
49623,206.8872175964828
49624,498.9115850673211
49625,192.23267875574936
49626,222.08448445684883
49627,122.08148832970063
49628,232.10797031269047
49629,812.9167471258304
49630,172.66984383495424
49631,131.44394310909715
49632,109.53474806466659
49633,163.44887208431987
49634,790.1823448128818
49635,533.0299789406243
49636,245.12375144349642
49637,117.4034046181144
49638,170.05059284602007
49639,198.8433231954286
49640,273.0989515251226
49641,154.14947792385067
49642,137.79206091755566
49643,149.961372107819
49644,208.98304948474157
49645,168.25335210985716
49646,419.58145277423074
49647,143.13797192205664
49648,173.27695884074154
49649,503.78319472665504
49650,212.5143801948343
49651,122.11022672295793
49652,283.27692142893625
49653,267.08741783492
49654,116.54901079463674
49655,283.5499244855517
49656,249.59716554997257
49657,532.7883054304287
49658,156.9625659791
49659,95.17000526461399
49660,670.4371976979338
49661,255.6489305224072
49662,108.19481082149888
49663,191.35370534671114
49664,280.4190887661602
49665,252.94067057799188
49666,269.61013795211204
49667,178.49313775018086
49668,154.6322494297112
49669,401.57031934307133
49670,156.14689882873387
49671,496.1982199236665
49672,103.98707665448198
49673,202.88654499674942
49674,233.07139254703068
49675,145.06308547763592
49676,125.8352086110825
49677,302.84001777379524
49678,169.7048951151507
49679,207.114211493992
49680,287.4306851462804
49681,306.20903163521467
49682,198.18179315605363
49683,373.60769879526424
49684,257.723756034763
49685,295.1371549555339
49686,299.4551933137981
49687,218.69808203938922
49688,451.09514997718674
49689,221.42716374798093
49690,120.73707178094315
49691,122.5466854870694
49692,266.87254315681776
49693,365.0810076170836
49694,411.10162160322267
49695,164.085802180011
49696,162.36495526735862
49697,150.81113702680366
49698,140.38518294102047
49699,729.4455119484367
49700,255.55242489083855
49701,239.42822180112321
49702,327.1335314659801
49703,176.04313186571318
49704,503.60116907731964
49705,194.30659503020289
49706,342.7039003237819
49707,213.96701269781724
49708,160.78561795675722
49709,565.2428853792454
49710,219.8199258937267
49711,315.1505879460617
49712,212.23966997174506
49713,202.43160806765673
49714,168.91462688105662
49715,103.17122786318915
49716,116.1592729526378
49717,134.85048797689223
49718,194.62788039239308
49719,238.11458011753479
49720,310.8812415071093
49721,343.46953943507657
49722,209.02569979850722
49723,313.0473709934523
49724,214.52353109042807
49725,164.43585902688554
49726,205.5219454323424
49727,335.6464118584528
49728,408.09702543527294
49729,433.2415724588988
49730,263.99262945646706
49731,305.29283294234006
49732,560.2051885527937
49733,136.43070718336284
49734,475.0794104423497
49735,78.45821715187067
49736,139.36511052005878
49737,124.34618659172178
49738,204.47681461749247
49739,194.61494147038923
49740,454.3697852427031
49741,546.1116729114285
49742,111.59372375843465
49743,170.63541951834137
49744,581.8367692941608
49745,79.46373743789653
49746,414.78515832150174
49747,213.65887250189795
49748,144.18007022910703
49749,157.09065034151806
49750,144.94190270546778
49751,406.82326047285926
49752,117.12360264155392
49753,416.9554969198787
49754,153.84851526411626
49755,689.0297576675304
49756,113.18773103930215
49757,597.2243686388092
49758,81.46587851265187
49759,134.062043894125
49760,310.07675643178135
49761,507.64036766612867
49762,156.2849933773428
49763,140.52952667106464
49764,236.029641924438
49765,351.92462042784314
49766,177.48373618303316
49767,267.57402251433535
49768,208.97119820783283
49769,198.96310100997982
49770,118.1766240236378
49771,169.8166509035217
49772,91.5036708559682
49773,270.2282640860584
49774,129.01560774612062
49775,103.24571095256029
49776,443.5872402443109
49777,214.76994399326207
49778,119.58875535543477
49779,170.44492366294259
49780,192.27230651139155
49781,295.79487498614003
49782,584.1109565294257
49783,274.8460910566164
49784,155.2783558480463
49785,373.14905517360165
49786,480.07784093165617
49787,135.61162584962162
49788,279.2259346291155
49789,487.57674791962376
49790,254.80125903699772
49791,127.25163041134068
49792,115.34152187304154
49793,164.8788195473759
49794,176.38753803808027
49795,179.9844318397626
49796,111.69675966823964
49797,112.8035024764163
49798,108.80203933420773
49799,131.50573251648558
49800,155.71121756722502
49801,61.415835421243926
49802,158.94231488231287
49803,149.61277328819122
49804,330.4517084711697
49805,734.6120786222723
49806,562.7991013952056
49807,158.55231907000015
49808,174.0883394984227
49809,117.97161330194113
49810,254.41633349746988
49811,244.01346526510898
49812,199.18805018743373
49813,235.11978194942574
49814,211.61983923080382
49815,201.50131196128936
49816,231.03004727042838
49817,169.2481635253115
49818,137.70190278867304
49819,329.60978317515696
49820,162.3652342336504
49821,151.78901149462524
49822,124.1499465362399
49823,116.3328785363379
49824,155.17361726516455
49825,58.337938535359285
49826,165.81661011741434
49827,637.7210998648319
49828,334.455074505819
49829,180.9834292530821
49830,229.00135959037257
49831,119.18557554619927
49832,129.37680721967502
49833,409.7911202747759
49834,392.3253027725498
49835,172.91274291029637
49836,151.06362398033195
49837,171.1877066108698
49838,393.1333610912955
49839,170.0978052409054
49840,272.1919705272108
49841,151.14217265853773
49842,224.24998687998146
49843,196.8233829060967
49844,96.61699412157319
49845,277.3764584428107
49846,149.28182832856848
49847,123.81163789998422
49848,473.0177669611819
49849,197.1009640382119
49850,239.6790847634114
49851,126.96355743053891
49852,493.4532158020221
49853,150.09359214433078
49854,104.71582436174023
49855,1046.639583606681
49856,111.2392435361482
49857,441.10748913708983
49858,621.5422173266847
49859,701.2275833073573
49860,240.73123405587626
49861,89.12204787323356
49862,119.0211117665135
49863,144.7386943489309
49864,124.27229660905193
49865,115.01266541264162
49866,138.1319978871852
49867,260.51838229876915
49868,1606.7461000652697
49869,310.47344683327697
49870,156.75162710144227
49871,203.45109317253224
49872,106.16757291267223
49873,202.25669200150762
49874,393.0567610581508
49875,163.90113557520328
49876,345.1881683579339
49877,72.27722307408945
49878,-59.786884492727935
49879,268.21853131272593
49880,131.1106272908726
49881,472.7798279805717
49882,135.4629942755458
49883,229.66332870018607
49884,124.53308056657058
49885,200.5392086424131
49886,182.9827773580546
49887,777.8201053684276
49888,112.46543090864778
49889,292.02460954667094
49890,244.53565806116657
49891,363.4780948769621
49892,498.4106907614782
49893,172.3067776703653
49894,267.6767974773269
49895,156.82836493814136
49896,197.11728526326343
49897,578.7432073123955
49898,161.3883276338564
49899,201.81762913922122
49900,485.55517018641
49901,451.3987491470076
49902,369.32873739921064
49903,111.555503145808
49904,145.4413580503618
49905,188.07382023195382
49906,361.56347491543585
49907,99.90072800008176
49908,263.19028855829504
49909,201.71819446897956
49910,95.86893949534954
49911,384.00970971504296
49912,132.1375437291475
49913,167.64561712923302
49914,169.1293406453721
49915,552.3522809367224
49916,193.56459544163022
49917,182.24363686129655
49918,313.8950805560915
49919,383.4897106050587
49920,307.8603390713902
49921,338.5440591775071
49922,70.00300161229268
49923,195.75399207422984
49924,215.81201727464264
49925,120.81736451752863
49926,383.59520024592604
49927,164.59488273486184
49928,229.40546443125118
49929,213.32828780102082
49930,208.17599007389907
49931,138.4847811032875
49932,168.4071427398705
49933,331.289673047999
49934,408.7095989162426
49935,184.11744876468205
49936,102.29955038527613
49937,504.93079608739083
49938,148.44312434700305
49939,164.36232735087367
49940,363.70943979108455
49941,272.06971052564546
49942,315.6087272145092
49943,133.87398129550851
49944,135.2559824171888
49945,464.6138972838656
49946,314.74515418323415
49947,156.57206554620507
49948,164.1141035781974
49949,196.5784526979121
49950,220.01116542511423
49951,103.32757265427341
49952,534.8210537354443
49953,288.5424036208425
49954,382.35770000158203
49955,285.8589542890946
49956,282.87457151844404
49957,284.403182223477
49958,331.77824129783477
49959,294.30193659209294
49960,552.9441739339829
49961,149.25346614663707
49962,143.80341381714726
49963,87.13358089351158
49964,75.74022400025885
49965,179.44714771774247
49966,139.2921658261035
49967,2510.242757726163
49968,364.1550446107808
49969,164.06927338270782
49970,152.61268202792408
49971,285.1073691718526
49972,199.10627774167227
49973,247.98564523192758
49974,382.92354414333363
49975,364.6572589243465
49976,114.47629555761075
49977,109.66092268477652
49978,262.6556421609376
49979,28.27340173543731
49980,127.34548809854212
49981,287.6234625211544
49982,140.50215487535266
49983,78.22207624791254
49984,137.02581330576416
49985,554.5753204502422
49986,55.46850198275556
49987,197.1764900438947
49988,114.18742842225117
49989,250.42697741038103
49990,260.8314611607899
49991,123.61557113482354
49992,291.9218569507819
49993,147.3064441783125
49994,381.97551565296493
49995,182.01830104716282
49996,396.19647840040585
49997,306.9251295459811
49998,99.05191897295151
49999,446.72070854942353
50000,297.01121833486235
50001,-10.197438723430817
50002,215.43305418750765
50003,159.72206081885142
50004,111.88484892251701
50005,61.482449332900536
50006,339.1615596394337
50007,272.2424523038183
50008,493.60347709645646
50009,286.38701795926966
50010,242.52321196778615
50011,149.00125024056868
50012,246.9743201954882
50013,173.65069217472228
50014,174.80758970353216
50015,102.37456723764382
50016,155.36673364212635
50017,308.8364679855438
50018,214.69696526658046
50019,313.64312950779424
50020,172.77595006350447
50021,303.2800738479078
50022,213.23976199863444
50023,549.5028314318233
50024,185.70226573797706
50025,509.8262130272489
50026,272.1334782486584
50027,532.6483887893423
50028,259.4707798669376
50029,201.24698763160328
50030,610.7959328912518
50031,176.29588861187764
50032,163.32317491757894
50033,116.81660236966358
50034,168.31925351137505
50035,300.7285879426976
50036,212.17368115860967
50037,525.9694460408939
50038,278.4774960116751
50039,169.24340963083037
50040,224.9552973505694
50041,56.23453358969526
50042,171.28432178186256
50043,140.4431468206374
50044,148.1165029423121
50045,198.04768976818787
50046,158.2847192177594
50047,274.84492477220647
50048,267.12310397780027
50049,133.09185009933023
50050,189.32961503487158
50051,138.46411738643454
50052,190.95502104830805
50053,299.7909540883256
50054,621.2018978743811
50055,351.0149865312087
50056,314.15219643756143
50057,209.07570882771063
50058,314.71698642721526
50059,181.55866254016644
50060,130.03525953191595
50061,145.82209412450706
50062,106.27654754446638
50063,405.64069868575814
50064,1708.7233453213587
50065,365.38580289976727
50066,142.17270711721906
50067,536.7688112175216
50068,166.80290430903585
50069,186.19137576064253
50070,234.3387833227181
50071,158.78472826988036
50072,225.17633014707147
50073,197.29616248433814
50074,99.4897009436887
50075,158.90600538565621
50076,346.9147747232897
50077,196.62460777146407
50078,478.90549207475476
50079,142.2592830821553
50080,73.74412241470633
50081,142.79766470741737
50082,314.025496364644
50083,206.9683598293801
50084,282.77642800769377
50085,201.60778862616246
50086,72.5191132649218
50087,159.22001932611275
50088,351.7645302358986
50089,103.39035321436364
50090,342.9860952334584
50091,173.20170175933342
50092,250.86299606998105
50093,215.9089982351526
50094,268.6231538370791
50095,232.766422889867
50096,226.81825183832754
50097,231.72764170069985
50098,185.2512844694814
50099,122.28587311448116
50100,137.59879636212474
50101,149.59168185889416
50102,544.8188798331255
50103,274.0882027946142
50104,286.9577951233525
50105,541.3791924340123
50106,303.0978197858102
50107,386.9729133447245
50108,115.63523672256045
50109,322.6049201843349
50110,270.9784264628629
50111,396.73360500950344
50112,623.8103886079929
50113,111.04516549199292
50114,349.41243495188445
50115,364.0185076795524
50116,841.6368541874963
50117,186.2805806717339
50118,167.22442777261801
50119,236.69206046101326
50120,551.1222613349821
50121,546.6830594913831
50122,700.4543306803004
50123,632.1334748527019
50124,183.3722842097336
50125,248.25790219427796
50126,417.9826561022942
50127,249.79770607065902
50128,399.05348944592356
50129,460.4049025078187
50130,147.8209948143871
50131,219.97807548056156
50132,154.52395848666637
50133,330.0594084256356
50134,424.7347991043178
50135,489.23715404371376
50136,946.8896585446328
50137,239.6035495010804
50138,69.57061496069866
50139,425.27198804497965
50140,230.93804255220792
50141,359.5550590505151
50142,164.72551870465935
50143,258.41262469014686
50144,135.4252564577002
50145,421.3646245041632
50146,606.6895452161224
50147,192.20914483657003
50148,127.51844487575762
50149,211.20699927292813
50150,136.40273085907495
50151,328.6205801931944
50152,149.93169980772694
50153,169.27524019916987
50154,235.6788535078096
50155,218.73680296898442
50156,217.57470527772497
50157,309.3503997897239
50158,671.4713398441996
50159,286.17377056479523
50160,765.3632122785891
50161,162.93217700873382
50162,183.35467858627555
50163,186.45631064471877
50164,147.116579154645
50165,268.53862213267195
50166,173.66907672287815
50167,262.50897409876364
50168,166.83682602448084
50169,324.2098792519413
50170,155.35682803936493
50171,362.12851323943033
50172,326.1668493843719
50173,562.1567940390222
50174,141.15120300994678
50175,363.4998158617988
50176,409.187789199264
50177,175.54411407536736
50178,175.8224844369539
50179,310.0237612055918
50180,157.546363244977
50181,477.9289878360195
50182,165.86336777779795
50183,558.7136039485705
50184,145.80929210933968
50185,247.17113630930092
50186,115.31846471359509
50187,313.5956911231261
50188,225.6738357819584
50189,143.62792335919056
50190,187.2861951760073
50191,209.92032224381052
50192,345.69641983768173
50193,182.31419577474438
50194,201.21257892814282
50195,472.0499858062845
50196,284.86205357396955
50197,205.6683975167961
50198,660.439811485919
50199,116.98452380945714
50200,354.33595658345223
50201,315.34809636222116
50202,1079.9883394183505
50203,121.58380504848361
50204,144.44850109743626
50205,127.30205636113803
50206,817.5603424416131
50207,141.48708028550328
50208,335.5709347711471
50209,237.28275139730354
50210,123.0298119235905
50211,360.36842486445914
50212,169.56725231635195
50213,461.10494035565887
50214,210.41337138831662
50215,234.02678765009725
50216,201.8968155787866
50217,96.84656969552096
50218,123.56872163716154
50219,174.2410590739899
50220,68.22186167484014
50221,301.30277778441894
50222,191.73993708855522
50223,138.57944038319377
50224,475.69296634049863
50225,151.59685271808422
50226,254.20347110329166
50227,270.93810066509565
50228,450.5173953638203
50229,12.25048585285278
50230,357.311574249906
50231,806.3216514424715
50232,522.3114656610891
50233,192.1460750992578
50234,146.41979761453865
50235,200.47008714158105
50236,163.6808152789796
50237,66.0316716723878
50238,244.30070543991712
50239,376.7519991003734
50240,225.5759756366349
50241,108.51277657430688
50242,452.7624031620239
50243,631.0732234616363
50244,581.7520582642427
50245,200.4591693946326
50246,253.9956193488232
50247,196.76323335240707
50248,193.47460428961548
50249,321.22348396346587
50250,393.44685454771025
50251,593.2447455586736
50252,375.27754258635963
50253,202.12891923604198
50254,348.2424809075499
50255,209.84094949167147
50256,107.90608241819575
50257,150.75217902378435
50258,351.67570989476206
50259,296.6909968893835
50260,187.01301281759547
50261,229.43397471995132
50262,109.83583746847088
50263,199.15576011976063
50264,220.5952769905234
50265,143.03726677442904
50266,296.77942230477856
50267,198.3816352707144
50268,152.62824530298903
50269,228.33593090726
50270,143.13470005885674
50271,400.6921356357217
50272,270.43641561016364
50273,235.05174245657992
50274,303.5404242407933
50275,154.44935291441587
50276,234.11006937517212
50277,342.05250295309105
50278,179.68452772897086
50279,277.10438378797465
50280,223.7627907765204
50281,177.0519135153818
50282,182.48193520763195
50283,206.36745260994033
50284,258.82997952678
50285,306.5736764922472
50286,514.9881450212791
50287,126.18444492085685
50288,361.8012361845843
50289,82.01303189930954
50290,159.73250910652564
50291,187.30706570438446
50292,123.11057115041727
50293,248.53673710388534
50294,400.2641080718232
50295,368.55794416452534
50296,190.99476425140904
50297,124.81268351748771
50298,260.53790666708056
50299,150.48874095665792
50300,189.5775818027942
50301,256.13268175679707
50302,440.4154287402069
50303,133.13386649111823
50304,342.48856255709245
50305,144.6961781884435
50306,476.4445428458324
50307,216.55404148476197
50308,122.34770587758601
50309,228.56560859346158
50310,161.87595513597813
50311,313.7727371467727
50312,62.564534456180134
50313,83.25617228543702
50314,238.20947921658995
50315,162.03314492816298
50316,171.89981138976432
50317,97.47400756803779
50318,174.27710731009168
50319,527.4351082468094
50320,108.00493807007638
50321,33.224748527422456
50322,205.50210355561734
50323,218.2619112001607
50324,319.30674929350755
50325,844.1361116237794
50326,275.2548953354866
50327,298.5428265343741
50328,226.63563126852145
50329,219.33512563585376
50330,226.7767617078075
50331,207.80739302634416
50332,391.2211166031582
50333,170.76091836659202
50334,976.6237478014269
50335,526.7468475207135
50336,369.6664113194515
50337,289.27209592426965
50338,162.36088037347906
50339,584.5100874634165
50340,106.99080387603213
50341,784.730563762944
50342,242.73324242845842
50343,198.62859620191824
50344,182.35138581908987
50345,210.72288453665402
50346,517.8697351919504
50347,249.9889443890003
50348,173.921202186504
50349,136.95972455840297
50350,111.4029564199807
50351,103.60718970687563
50352,797.6613006176652
50353,179.43355595223906
50354,648.650326385376
50355,156.63030617575617
50356,548.7892157480836
50357,92.4841092385837
50358,127.12619409153136
50359,351.93187745233604
50360,1035.7692335286536
50361,201.18794036207817
50362,94.16018401161323
50363,274.88783282200325
50364,890.1103602483137
50365,283.92711034349605
50366,260.9431558301313
50367,130.424652827181
50368,140.0188822230527
50369,278.500724491802
50370,168.52046817139475
50371,271.90256436078505
50372,159.93758234408963
50373,347.3227424841544
50374,204.39770694136112
50375,305.3715170178601
50376,140.53868295319884
50377,113.40543123610304
50378,375.6394174293866
50379,69.37918095110282
50380,165.96170717925733
50381,155.0862413257925
50382,152.30709952990443
50383,815.4743096219548
50384,149.63458900742475
50385,119.45344081045322
50386,220.15716989530378
50387,262.81280542117827
50388,231.76060455959438
50389,226.786842067249
50390,243.63231149737706
50391,383.63399148457336
50392,125.08255469866856
50393,314.25128029367824
50394,128.63167489658483
50395,367.2637472779765
50396,429.6097845025591
50397,149.7221752196605
50398,1150.78637282062
50399,492.9045057650679
50400,473.1821503609298
50401,142.45870596532976
50402,206.45191461998138
50403,349.761841672106
50404,128.37985087898082
50405,145.10050683220928
50406,119.20828735691022
50407,361.69742482139327
50408,153.45155539454106
50409,143.49126461235397
50410,217.37689594398162
50411,121.6140689933904
50412,287.3371959735808
50413,913.5149917580123
50414,887.4398782205199
50415,135.67833407966887
50416,206.0068980591176
50417,191.77904528579649
50418,206.2830522697957
50419,210.0542200514241
50420,216.36820484061096
50421,156.00795687979303
50422,403.20298038952296
50423,158.77003064712747
50424,173.76597359771102
50425,126.030483747616
50426,-274.1769739520454
50427,316.98189284676164
50428,333.5957236219433
50429,465.36783387326716
50430,450.2655825935097
50431,286.6265548351954
50432,394.9231463113714
50433,143.09655153888343
50434,205.50592526507606
50435,178.25557165149945
50436,284.66399386509147
50437,205.1561348320831
50438,595.2994859196144
50439,288.33993024543804
50440,234.36351557432118
50441,300.98595167593464
50442,484.45837699179634
50443,254.19434436705
50444,421.576879562171
50445,145.6911503592893
50446,482.78112758274165
50447,242.27664156302424
50448,371.3130131708789
50449,152.16058536248534
50450,421.1688537083581
50451,102.93185303678268
50452,194.99344962019737
50453,221.9749508964474
50454,137.23515567362404
50455,646.0343546245998
50456,264.53525972781074
50457,192.59969917830296
50458,307.3051526054465
50459,187.34876193699517
50460,124.01831104078715
50461,139.60081394335654
50462,418.6331949605189
50463,195.20374409049757
50464,164.36667675467328
50465,1621.5118845430932
50466,293.28307930114323
50467,613.4654860764773
50468,206.00013211613856
50469,243.9307062811829
50470,100.75128401950184
50471,232.59563940639651
50472,200.2937501897605
50473,410.3779936207725
50474,246.70341260464485
50475,163.18844781462232
50476,209.05898846458047
50477,1617.1613350707985
50478,262.3358966958308
50479,434.62889840526805
50480,136.45076989387942
50481,341.2008773568617
50482,185.18530986080614
50483,125.93862472008303
50484,208.54684266646566
50485,550.0380295285177
50486,83.19563151132303
50487,203.35455842165555
50488,131.45496929251115
50489,445.28796564376773
50490,235.00413311750003
50491,153.9878616320991
50492,178.4455119562325
50493,58.30195697351752
50494,118.94536049802869
50495,228.37414206718864
50496,439.063339873082
50497,151.1534397240186
50498,83.80109510575018
50499,182.0136896297537
50500,461.30676974525727
50501,165.3197879733285
50502,192.29289094205976
50503,297.29498900290594
50504,248.82031501643183
50505,577.2142435728098
50506,142.2845214576732
50507,117.66656665827514
50508,376.3290947056411
50509,155.24752363344965
50510,441.1067571811126
50511,289.90459007262547
50512,100.93550350213067
50513,297.54386680399995
50514,177.47946442745143
50515,194.9293957680841
50516,606.2927929862481
50517,288.5280931200618
50518,171.27151725402226
50519,279.0760184592054
50520,347.6250874418108
50521,255.00621064347277
50522,265.6598836803102
50523,169.2420743922357
50524,278.83916185561964
50525,384.1327562080935
50526,496.7492529562282
50527,213.74430719720843
50528,373.48841575717194
50529,561.229612552054
50530,296.1610531850213
50531,114.32447328611298
50532,248.74076488939178
50533,122.1341493128187
50534,729.5619880542533
50535,240.30818459605695
50536,345.1104727204789
50537,247.82033836302486
50538,238.53225513785054
50539,251.72921099913577
50540,208.03719878571184
50541,175.96575228207618
50542,257.81603709263413
50543,788.8947714070734
50544,347.5721882418679
50545,217.71298556452047
50546,146.7072230177806
50547,300.54526914833474
50548,189.76901182463257
50549,66.77950542850603
50550,119.15979085410734
50551,228.033866002659
50552,132.1057507190702
50553,123.95069491733061
50554,182.7445659542728
50555,291.32664911692007
50556,262.46835745260825
50557,114.48598986094629
50558,137.6226526993904
50559,186.14037484651482
50560,213.36900251630033
50561,276.1208854519794
50562,95.08103120878768
50563,1050.0957057264213
50564,219.4615843101861
50565,326.0306309122233
50566,216.08802006689442
50567,1267.1363189646338
50568,85.02426612550748
50569,290.982996922252
50570,866.1516014757813
50571,139.49946486615673
50572,164.34773842578184
50573,508.0960517209862
50574,327.69120846551795
50575,330.0666344474564
50576,292.5792244816105
50577,454.85123095389343
50578,499.334982448805
50579,185.23022930475992
50580,372.87428205447344
50581,195.16230932560637
50582,351.96933416260475
50583,119.60451252781307
50584,287.9590066642405
50585,425.8627867756719
50586,202.72043538609557
50587,1025.299471694955
50588,426.72329074927717
50589,248.12155832319354
50590,411.9931598435511
50591,277.79973240003494
50592,148.3054456636926
50593,254.97159069111837
50594,178.0781382640165
50595,189.45854566275838
50596,549.0374310929976
50597,245.3904904925764
50598,212.30531699800773
50599,238.46456779163273
50600,259.8274925045973
50601,227.73055171549777
50602,230.70306838340412
50603,185.06777000627946
50604,209.9632368985173
50605,171.99608085189908
50606,186.96086303898485
50607,227.84026103208083
50608,261.59145489934684
50609,72.55276117754575
50610,679.6145575939701
50611,197.3071131758777
50612,85.86220888045098
50613,391.6779625922701
50614,149.73212481123738
50615,196.1099177226518
50616,222.41845990475835
50617,218.56509816599132
50618,79.74925416097385
50619,202.69564915724865
50620,226.55682763037115
50621,152.42641637173145
50622,385.7514572326315
50623,115.4925067876434
50624,431.2235680030275
50625,145.5918171223435
50626,185.17808314940567
50627,474.4955322306456
50628,200.55044112820028
50629,292.3513174336225
50630,211.99652593729547
50631,181.80553273553718
50632,325.219679567526
50633,176.3564203934843
50634,87.62895701961408
50635,136.5847785988941
50636,220.5202041696684
50637,217.92943049497862
50638,158.38821879598444
50639,209.7113369096204
50640,200.48833469318458
50641,342.2182997027002
50642,567.3114164519884
50643,238.81120485890472
50644,207.9479601198148
50645,280.0851313244684
50646,80.00394488348441
50647,230.8125967276364
50648,253.03596805708804
50649,168.3670313078182
50650,239.9510599028847
50651,234.9256620986406
50652,186.53284175307553
50653,271.22407627663756
50654,723.6069465380483
50655,282.2091646599723
50656,240.08308924692426
50657,220.5952769905234
50658,-74.31453364491688
50659,190.4643471871224
50660,366.31020535834836
50661,203.72219726496454
50662,119.06743866394494
50663,179.45860028591818
50664,294.8131159672827
50665,226.7018546235682
50666,388.63132820272756
50667,193.12402803673405
50668,252.10356579603837
50669,333.8737415167668
50670,413.6126121506618
50671,530.9999957774123
50672,146.59978191485433
50673,96.0306966030389
50674,120.77709358911675
50675,322.4028859557119
50676,344.0940830673027
50677,139.9644181414204
50678,157.96139469053293
50679,213.9750004582056
50680,160.6871458070201
50681,445.89865779809736
50682,516.814300845125
50683,733.433036127579
50684,236.43481811949195
50685,224.51887238427838
50686,117.48866058063797
50687,306.95076004748853
50688,133.83450172501384
50689,590.6482821711695
50690,679.043798409808
50691,179.47681315262247
50692,444.7939680214777
50693,341.1254136928681
50694,693.5854581020022
50695,114.35224533268591
50696,246.76469055430442
50697,144.95386617034092
50698,561.531546207591
50699,146.13082336643149
50700,160.33424701648795
50701,459.0751834895719
50702,610.2826260570013
50703,620.564858210867
50704,264.58409227382265
50705,325.09865965091404
50706,262.067707372821
50707,74.87573295977512
50708,160.9013308731384
50709,233.43824158282544
50710,122.85034796320754
50711,142.98458283972047
50712,92.43303618203385
50713,141.2813072977344
50714,568.4026800030771
50715,1.2809153302109535
50716,385.23783938276034
50717,141.76501488550147
50718,99.62751879391907
50719,933.4652072759972
50720,210.61799851862884
50721,345.85584486700833
50722,433.4065965823902
50723,224.25879002862715
50724,211.41584466593284
50725,647.3844115976215
50726,688.9340813249648
50727,251.65847677239967
50728,123.94390250840934
50729,209.8482153751229
50730,111.58861251676146
50731,462.2545628624842
50732,246.096703463433
50733,171.64712932528536
50734,613.1821402639274
50735,254.82231749565508
50736,223.2752078625466
50737,113.10814415521324
50738,133.9892000171954
50739,186.64003575912471
50740,117.04494180685117
50741,312.6016560242101
50742,225.02699141591054
50743,121.67015275646975
50744,135.16687098683224
50745,182.22317670542287
50746,187.47485328210473
50747,264.4826151545084
50748,152.0540157740715
50749,310.5050627141824
50750,190.50990725219825
50751,111.96816322375086
50752,452.69644222654455
50753,368.6366223268077
50754,303.86588006073396
50755,96.95625747239617
50756,220.7923148571487
50757,769.4103295985161
50758,98.83137350745322
50759,246.1846460787974
50760,388.119961243534
50761,437.4093463990252
50762,138.2827800424839
50763,141.9691115044345
50764,149.81710343825813
50765,228.22408767874668
50766,187.15315523307513
50767,140.2902822420478
50768,188.61663952502943
50769,148.4844801248892
50770,316.9152572973278
50771,107.72642164059991
50772,81.90767443834861
50773,147.86808051499457
50774,243.00940953891958
50775,218.65070620845552
50776,265.2281580417172
50777,678.2915543631223
50778,191.18365618251227
50779,127.737288715674
50780,211.8988746866857
50781,167.94461050088125
50782,122.13084887751704
50783,117.94251127935921
50784,821.076514222412
50785,200.0194538600098
50786,285.7267308836773
50787,318.14433871891555
50788,598.5782988428248
50789,89.2007791587929
50790,262.5078970741421
50791,370.3296130402868
50792,405.45612070378894
50793,139.11463780792027
50794,277.4600393206314
50795,108.64799414583847
50796,115.51154968346896
50797,134.15330451739112
50798,426.2942719138338
50799,242.22901830626557
50800,864.6443403211629
50801,587.2100523362562
50802,529.0710350975456
50803,325.6428262908276
50804,248.81890175627436
50805,240.11245412003507
50806,239.20516034684042
50807,151.57082836692845
50808,476.98704073526034
50809,259.3710662767995
50810,278.5271503164139
50811,416.61943053505945
50812,437.4386487899202
50813,222.3301383460708
50814,1010.6582092034755
50815,495.2481256762645
50816,282.7443103735758
50817,195.82303563489214
50818,176.2117031190295
50819,238.75092013622861
50820,150.9374660727883
50821,390.11394811047836
50822,192.84070559989695
50823,154.56677027653976
50824,765.0241615006781
50825,165.91290147267645
50826,205.54017584821344
50827,233.5816631198784
50828,333.70844415260586
50829,185.06320142693707
50830,420.04482642230704
50831,211.78296151487717
50832,163.54696684011856
50833,212.77256563008234
50834,162.0545071216673
50835,325.5818114026265
50836,346.1414664033402
50837,152.03186851712636
50838,387.121273732164
50839,372.04987069508
50840,911.1853665700012
50841,123.93757576291803
50842,176.7689226874051
50843,265.8057292167777
50844,415.293708617646
50845,937.0398196849849
50846,630.7251178295842
50847,271.8318105233522
50848,195.42212237647178
50849,159.94342743903954
50850,138.0120883133814
50851,216.8845468165305
50852,141.9469224059737
50853,126.96236284363341
50854,696.6907632196272
50855,76.97805178757686
50856,114.43500610944227
50857,245.94975848576897
50858,248.73140918387907
50859,461.84375222378594
50860,152.93340807637492
50861,201.45002895986786
50862,183.59306310742687
50863,184.52690885798157
50864,246.9327678566217
50865,318.36244744352376
50866,114.3808963384704
50867,275.00303994929226
50868,805.0744510500823
50869,262.50489306558285
50870,198.15678427459696
50871,380.63890219505714
50872,320.8018047616627
50873,300.5141404509766
50874,489.0770568641009
50875,159.27967601103714
50876,162.00863762205475
50877,116.74042856151851
50878,108.02271887102063
50879,114.62740425744518
50880,339.0331662065034
50881,142.92458234792565
50882,1437.1597353935456
50883,206.09848499853518
50884,131.85181333156612
50885,236.8224070208435
50886,273.87731939471433
50887,200.24116456374998
50888,166.07903805577237
50889,640.9595461355058
50890,372.67299626453627
50891,382.43245233186553
50892,226.979095432609
50893,576.7048399682765
50894,221.73760602136375
50895,361.24095717345466
50896,245.11268913194112
50897,244.75796282971166
50898,220.7215651193137
50899,384.67496545527354
50900,178.1240838320699
50901,937.680204341215
50902,194.23292585495042
50903,197.25604387700872
50904,281.51073410391774
50905,257.3930895102986
50906,240.5143920552398
50907,256.00166664471436
50908,218.29686265829957
50909,275.1456487724066
50910,818.646998784308
50911,1193.3107299104265
50912,201.49820574561676
50913,246.137025401811
50914,104.42144343648066
50915,212.07059714117125
50916,213.16364151674287
50917,714.6633003490638
50918,123.98168809550779
50919,94.61801311134577
50920,371.25518793423936
50921,91.67100642541432
50922,264.21558044797496
50923,174.21812037312228
50924,174.2767443494761
50925,77.8809136106612
50926,184.5250330741446
50927,49.29982433453027
50928,122.63313860331483
50929,164.54121438658893
50930,357.23851926647706
50931,276.4913803438751
50932,250.43805641908904
50933,208.990535018928
50934,415.6953992268754
50935,331.6015558594801
50936,230.58388910459098
50937,190.48030153824797
50938,597.7195839123331
50939,264.4276564749719
50940,173.58581183853892
50941,521.5882274550805
50942,165.64816144414525
50943,483.71879429981414
50944,299.33392722828427
50945,145.96527697515356
50946,276.684791312157
50947,268.57223874432657
50948,156.19738526419926
50949,148.18812170464162
50950,324.8912885782868
50951,291.086862846136
50952,442.29012836231874
50953,231.0090509335365
50954,224.79747567085968
50955,285.57088708940125
50956,228.0282982634005
50957,290.4241323700676
50958,165.61843088409955
50959,218.81472951970943
50960,468.5353016955527
50961,736.4692739039382
50962,263.1518519859933
50963,228.94967518233614
50964,159.80303695410427
50965,167.98240443247983
50966,142.52897917366695
50967,124.34007512610744
50968,174.63860159535037
50969,199.1517888735536
50970,271.4728018322956
50971,183.41851633733862
50972,163.40460798887062
50973,378.827761965806
50974,253.80911070189887
50975,190.4715659748469
50976,153.34592583432254
50977,109.79043688054801
50978,599.932776131359
50979,320.6169993473969
50980,928.7435415427176
50981,201.15763486445243
50982,595.4047469240514
50983,122.76865439560795
50984,132.6569680075818
50985,199.06086045175755
50986,601.9228609224899
50987,158.2898462001429
50988,360.2964095128794
50989,309.5199655081373
50990,432.1691149317908
50991,410.6984231481243
50992,253.50596943972855
50993,256.4088640033903
50994,176.10815354180568
50995,283.6457505827452
50996,205.51095905857142
50997,71.26281132339683
50998,243.05258372071148
50999,230.2321763241577
51000,121.78786377961787
51001,338.1956625703052
51002,368.26444033847247
51003,246.51231414569554
51004,157.79681314912864
51005,80.57303092385885
51006,165.63926909296953
51007,239.99162274317416
51008,162.43741169369827
51009,91.08441767087314
51010,196.21493324056695
51011,1642.437633691612
51012,200.42168627613523
51013,134.1860389513343
51014,324.6366465443358
51015,186.39924346017963
51016,254.0746969005922
51017,325.6584924420701
51018,317.79844561797245
51019,130.34414286262407
51020,157.79066281100393
51021,159.77859552033576
51022,192.12899829507808
51023,178.50354889972004
51024,96.9058204199648
51025,90.50079424021057
51026,135.13908024824462
51027,150.08100301340988
51028,219.38757952111843
51029,291.549545690987
51030,294.32131734547534
51031,362.9239623654707
51032,142.71995771267513
51033,53.310006718919695
51034,267.5367450831627
51035,195.43960633184187
51036,150.5450539275868
51037,478.7365156299954
51038,166.5008340265625
51039,257.49945808403993
51040,154.792882725429
51041,99.57370638569363
51042,182.8083924705415
51043,89.45367613258277
51044,178.0318579923968
51045,218.9167963395151
51046,201.2395470288003
51047,62.422256410222815
51048,345.64865150354126
51049,234.11784329011476
51050,234.61968008273556
51051,157.0681000157025
51052,372.8644141395542
51053,102.29294697974403
51054,251.83010107864445
51055,318.0455809374406
51056,209.09670412005627
51057,65.8921889142588
51058,288.7864638449156
51059,1473.6154297529295
51060,282.39637891740136
51061,176.03807162776522
51062,1914.0542189761595
51063,202.8160430865953
51064,641.0824037674887
51065,171.73062797295927
51066,625.5031581712118
51067,50.961643781923144
51068,295.04318038404455
51069,234.7808538230533
51070,160.75709064086718
51071,164.41583701019374
51072,222.09536373841357
51073,275.41678546963476
51074,497.77271353283504
51075,331.817363020518
51076,794.0459295854132
51077,449.07917106041407
51078,143.2936286766445
51079,171.96777867548897
51080,465.62997988256706
51081,197.45985318643162
51082,429.61303430304923
51083,156.752722201146
51084,283.58365351720846
51085,403.76002600830424
51086,200.7623276137919
51087,125.37733426831585
51088,156.7905304910656
51089,228.82520895813607
51090,108.85042860340755
51091,371.32489380400716
51092,552.1058288954787
51093,203.09356669531508
51094,84.11502133755
51095,167.35967216664915
51096,310.3416041392618
51097,204.19970058055804
51098,225.4617673994464
51099,262.21155994350596
51100,134.74093002641203
51101,659.1030191736606
51102,84.28913359019563
51103,179.43610747718415
51104,385.854325173498
51105,393.7502517438628
51106,144.35526296099766
51107,179.44065443702948
51108,218.48878814968248
51109,334.37105416660455
51110,308.8393015098063
51111,273.71355038794275
51112,192.32847574656807
51113,198.1198133453273
51114,171.74002060963844
51115,175.02748092360108
51116,152.99989779701733
51117,290.39825836822604
51118,72.10883699835335
51119,303.4940577423532
51120,271.24980450989904
51121,1352.3692983065464
51122,387.56185996603716
51123,510.042477632117
51124,309.2446569401222
51125,210.0924388931844
51126,256.8042863613238
51127,237.96932570323824
51128,227.75329129794684
51129,429.5326371502866
51130,223.43182153362434
51131,298.9029718490072
51132,551.7622901848725
51133,278.1305230959212
51134,79.62707865507497
51135,239.28181468924944
51136,232.2747912068126
51137,305.18635697429835
51138,120.12610989410251
51139,383.14114619621836
51140,86.98545981364204
51141,262.317731234665
51142,919.706873000336
51143,86.69878783081735
51144,147.36453268174046
51145,193.93339590158325
51146,93.04065654685485
51147,552.0517405537929
51148,177.13110675025976
51149,746.4471970544786
51150,100.84322228996356
51151,216.77361003810387
51152,200.0452490259093
51153,441.02038763375725
51154,196.55233803334065
51155,873.9562721280132
51156,63.55776094919998
51157,186.13301863653948
51158,170.1096171563938
51159,348.4051672996882
51160,310.1741118050365
51161,142.55579800942456
51162,198.4248542424702
51163,239.09227452364678
51164,316.4679229645899
51165,144.47570994387385
51166,170.3529687879265
51167,213.971775861037
51168,213.2556631166893
51169,229.4459841020063
51170,365.7665243407585
51171,472.5992835807043
51172,190.39994912594273
51173,178.9591701950734
51174,266.0292955843694
51175,150.20901252445026
51176,162.08470334763183
51177,229.1605676041149
51178,426.25280616280384
51179,224.75158620442056
51180,305.09546673445976
51181,307.81968656825273
51182,228.00064595946512
51183,421.84835492690434
51184,455.3457325698498
51185,165.02639665685606
51186,96.59743407671039
51187,269.52102703108204
51188,574.3514462620852
51189,290.7706501754093
51190,288.61641606267557
51191,169.90928023982198
51192,164.1472464544296
51193,542.6736136604602
51194,120.82599285417214
51195,425.4103719801272
51196,266.4055107685334
51197,173.98493075058335
51198,247.234661491184
51199,434.4601466907897
51200,351.66036099065735
51201,73.63983026837163
51202,412.0371367861101
51203,130.0386657520766
51204,526.4381753814185
51205,156.08219580761318
51206,291.40920439634016
51207,100.26639095656016
51208,200.59084596663928
51209,133.12812578190122
51210,391.902470363164
51211,112.47500882943677
51212,255.4039688417967
51213,536.7224525930376
51214,83.85647173911553
51215,134.1551466624081
51216,248.71635073251662
51217,200.20127808333172
51218,143.98931112493028
51219,119.42585456334463
51220,504.6507384893655
51221,195.43077681865745
51222,87.36098606723796
51223,96.01659039055735
51224,297.64576046422053
51225,132.6104863677099
51226,140.3979462266074
51227,203.7899058144123
51228,357.5360033578723
51229,239.1638434034543
51230,221.70057431479756
51231,158.71973252120875
51232,220.4684868709624
51233,166.48134617561436
51234,176.82092459708798
51235,207.03691117970018
51236,764.1961751011613
51237,134.04033666840013
51238,93.91585407853684
51239,618.6063056473155
51240,188.13053951879007
51241,180.35656049250045
51242,497.14958390114145
51243,202.16657012186602
51244,236.2415576198123
51245,354.9915460850033
51246,306.98655167558434
51247,163.4299114061702
51248,137.15543259161365
51249,509.3185634189951
51250,-34.219396337798315
51251,236.454046830593
51252,570.1005311456939
51253,88.19601469631682
51254,200.52678705925322
51255,268.4394437067742
51256,179.48509005134062
51257,303.82539782917667
51258,171.540855806863
51259,201.3829360825558
51260,233.3025899244551
51261,91.53382042963517
51262,389.1204593694954
51263,129.5590972597304
51264,111.33302898770006
51265,295.1939764281819
51266,118.16782770833274
51267,166.89112170452208
51268,198.96108541857845
51269,199.7752360278109
51270,513.2400254787552
51271,261.7249380376527
51272,383.80519264444325
51273,183.17338986763068
51274,94.95181489285861
51275,112.79129818172922
51276,462.39415010105057
51277,383.3162530834425
51278,165.74115892541224
51279,390.96940020907385
51280,585.5688456672614
51281,493.36281918339154
51282,222.2976963496555
51283,204.93677421714077
51284,81.29691254347318
51285,281.7328581201379
51286,233.2003587926148
51287,130.56574253126672
51288,79.12600832566724
51289,186.59591603197865
51290,162.42752680984813
51291,485.23024989253975
51292,335.2458987640274
51293,163.43893828623118
51294,266.1851559889742
51295,194.4921053525501
51296,279.2047869061043
51297,124.5166609529052
51298,364.1789484630863
51299,116.180091431192
51300,656.9855907764098
51301,364.65065650880786
51302,107.78752060541139
51303,137.69019619588795
51304,375.27169932623883
51305,459.3422927517697
51306,208.67841974348875
51307,220.12042982443268
51308,193.34858166639273
51309,296.1417995111214
51310,308.266160153432
51311,318.64896102414434
51312,379.2350906304484
51313,123.40272664256139
51314,113.77515659137468
51315,259.7103499283356
51316,276.59244788801067
51317,146.63033076879026
51318,171.14730061382872
51319,416.9960874832866
51320,185.65101434627263
51321,94.47392717325158
51322,203.53367906765862
51323,117.8495928265133
51324,207.2673754437232
51325,171.48162125650586
51326,219.77482631955914
51327,393.9539794194065
51328,658.0495093447526
51329,141.05466554345372
51330,286.28819384009813
51331,203.05485518100483
51332,268.58628479171546
51333,342.12725972069666
51334,181.664304956957
51335,188.6403922994309
51336,514.2872275640896
51337,273.218249430776
51338,263.0886450488567
51339,240.0947767286983
51340,270.78899644910405
51341,153.87434922052918
51342,245.7397319425815
51343,450.2888478125065
51344,188.99400520551882
51345,287.5736800553266
51346,511.30528083507363
51347,123.38669025934107
51348,243.83671205906424
51349,228.33641089539762
51350,616.0048327899783
51351,210.8928359205555
51352,227.3708852211378
51353,167.82778883533445
51354,114.81194187358798
51355,512.1972479251936
51356,226.21686196625208
51357,132.1807726121322
51358,223.65407950585544
51359,50.35468086779603
51360,208.99327398922776
51361,342.5498699884289
51362,301.25779585643187
51363,343.9715154022871
51364,544.41929195319
51365,369.2595794127677
51366,109.21759627307804
51367,197.04118162844023
51368,445.00753095414007
51369,293.9569769779208
51370,215.092572275366
51371,170.34114095518945
51372,120.75766558707684
51373,147.17995634607092
51374,113.18197835297634
51375,360.4375254066664
51376,187.17829000974595
51377,184.2063073067895
51378,342.64970279146684
51379,637.8978265283049
51380,181.90257782641476
51381,226.62850866372415
51382,240.84324487106167
51383,1.632015618863033
51384,193.34806474598844
51385,155.13864946423502
51386,101.52108868780682
51387,151.1460378820519
51388,180.42042276580915
51389,625.2804282966312
51390,462.16659216851014
51391,298.65777934819505
51392,155.76619434524878
51393,171.63005071047428
51394,145.61171191061828
51395,173.94522407788673
51396,266.7004927098445
51397,604.6495352003304
51398,256.4337019021302
51399,129.713783385899
51400,178.6277863111454
51401,473.83771482111587
51402,141.89262211202742
51403,483.382362264094
51404,176.40973794357532
51405,211.90002659198478
51406,258.78472522126833
51407,129.60406439320215
51408,312.0135473938648
51409,208.28732619504305
51410,518.7070484950816
51411,272.7726906713877
51412,265.57233922117945
51413,130.8542355692179
51414,362.84629685324006
51415,180.2169373642
51416,128.14931470613922
51417,190.74299710691162
51418,354.9648298172995
51419,103.6609759894628
51420,419.2226029921635
51421,206.99587133365173
51422,165.5663290889337
51423,182.08964318653602
51424,42.03680240268868
51425,1165.4473794745281
51426,1411.4759661076175
51427,101.32072066946282
51428,498.385435395845
51429,211.5375846217807
51430,416.6728409092109
51431,225.5581744527686
51432,210.73603535374738
51433,119.0161381601955
51434,601.2372388906002
51435,131.2554739187917
51436,712.1580618183955
51437,198.39357098016893
51438,179.04869925466443
51439,357.07397292980977
51440,199.35249592022183
51441,282.9074217245844
51442,109.54261044634464
51443,737.0155591704106
51444,282.01552374129517
51445,222.73984277211937
51446,139.96148310404092
51447,380.20460298520237
51448,97.1383915771303
51449,185.82818820852702
51450,61.64762199080716
51451,198.24466006967594
51452,283.0436118523178
51453,194.78057861638194
51454,181.26663685657252
51455,127.80322206810243
51456,142.30994870008962
51457,85.91292473276519
51458,120.72813573445896
51459,594.4456176350069
51460,113.89451524513322
51461,300.5516852483947
51462,324.01012845975237
51463,143.78244653149707
51464,148.97817927392646
51465,265.734194873733
51466,195.05404477409056
51467,2949.7736088046463
51468,337.58250327064377
51469,272.6569195211525
51470,150.09948041842284
51471,171.9699988550713
51472,332.9470025380437
51473,110.00995106465311
51474,276.3797652700634
51475,477.59709752094125
51476,136.51631090868372
51477,240.88298811099847
51478,487.80633118099985
51479,294.59021103952915
51480,315.4888303745253
51481,159.8821047455953
51482,188.7583793726093
51483,330.77296977202525
51484,198.43045923004914
51485,525.7540650116971
51486,239.4782087201682
51487,105.13595146152083
51488,196.62333982956181
51489,297.5352046140153
51490,314.51879098495266
51491,159.0715346509583
51492,300.15380279778765
51493,145.41409533970895
51494,200.6025506908067
51495,224.14956368901528
51496,167.0361890490477
51497,225.23058627795498
51498,119.51781459333407
51499,469.5168757702261
51500,127.0231407049238
51501,1208.8517805156446
51502,38.898126223074556
51503,409.80463569295415
51504,183.81765041592323
51505,137.00843868253892
51506,360.4439958516632
51507,110.82378928994198
51508,128.6491610904096
51509,160.75276402407889
51510,152.3293009035442
51511,381.6286373183396
51512,147.4038345340475
51513,144.90884453010707
51514,319.91959309389625
51515,111.56269792191901
51516,191.5651407203715
51517,316.92012674928
51518,377.3242599904118
51519,214.6767588059286
51520,180.86362855959666
51521,170.84896115014936
51522,283.98640360049137
51523,33.01104675708824
51524,276.871088056272
51525,237.39723968957173
51526,454.80410132694675
51527,260.6296709120985
51528,230.78901441039994
51529,113.73661946495142
51530,182.76518911445532
51531,399.222151693253
51532,81.102511881247
51533,332.28882619045544
51534,203.99611325232277
51535,2578.8062517528883
51536,734.5640307919257
51537,425.183410873429
51538,167.3839658506604
51539,321.2001370129741
51540,461.9992324519672
51541,339.82937715393786
51542,167.76777308477608
51543,90.19499043506589
51544,77.7515200649341
51545,125.66457057965647
51546,374.91485472351695
51547,179.78403885617377
51548,244.74524255883088
51549,141.1406870904897
51550,265.2592409830373
51551,172.68043177242967
51552,466.8962180176836
51553,157.5710496782534
51554,155.89434203946172
51555,214.9233711545613
51556,354.49892255805514
51557,176.01221364773548
51558,147.81565362087258
51559,235.27619762013302
51560,301.1779179854533
51561,416.9948785967257
51562,104.09357131075791
51563,148.71186541606772
51564,234.30827121377925
51565,220.60393244424202
51566,385.0672308620494
51567,551.5584897401155
51568,650.3043025758442
51569,77.89954795924832
51570,211.61729776756638
51571,120.54775142011623
51572,153.1174032291048
51573,263.92799302213496
51574,184.54241015913277
51575,682.6267007648657
51576,397.41646517105494
51577,200.91319595571625
51578,1741.4830301795819
51579,374.2945681884011
51580,125.26558877643288
51581,228.10996061729415
51582,430.9485077103836
51583,362.44836235641844
51584,153.0064952269775
51585,146.68792557700363
51586,91.97220242660339
51587,91.0858126303339
51588,310.3425053513018
51589,310.9827331025036
51590,475.8794306229616
51591,261.50439513992694
51592,130.93824800581075
51593,397.3627821459032
51594,237.1457255922596
51595,309.6402123059174
51596,173.09915155094268
51597,217.3895441545251
51598,256.0710337339371
51599,909.2038738913861
51600,291.4156564809029
51601,394.8982594846174
51602,386.3970270729643
51603,88.39069743017546
51604,250.26677337395222
51605,395.2268913871195
51606,199.0638889662402
51607,235.99553509116558
51608,256.5737304690877
51609,232.4619657813975
51610,167.86466274275404
51611,246.0785272612248
51612,1289.5671977544284
51613,333.93604495302236
51614,220.66872300631337
51615,261.08486164353184
51616,136.5425116835929
51617,144.13367709153619
51618,81.70327391028184
51619,144.9859572356661
51620,1257.9131898210005
51621,162.08666211585785
51622,366.9514338635592
51623,371.8079973618861
51624,211.12484758022447
51625,147.1768413103208
51626,194.21465709461307
51627,166.37779211625528
51628,405.4585540085968
51629,150.74983028974592
51630,127.70725130018805
51631,117.0935545579922
51632,157.11153552987406
51633,471.65867881367404
51634,147.1178615553015
51635,250.6752034444201
51636,119.29933137163341
51637,108.74771649842991
51638,121.14320325101434
51639,200.97304071774727
51640,199.64005207655137
51641,152.32576315644522
51642,188.8345289854966
51643,318.1668879536517
51644,379.6642935651869
51645,150.7531022126619
51646,135.55914575650237
51647,143.52792827309474
51648,121.61190369417454
51649,222.6889036914707
51650,272.65718826235303
51651,438.8668157795941
51652,156.93599295426873
51653,173.41731618886038
51654,138.18170817716089
51655,295.86372473460335
51656,187.39058620908733
51657,138.37365235352297
51658,232.62955652157075
51659,214.40470068436238
51660,142.67350172731028
51661,117.3018309526528
51662,889.1573855233935
51663,310.36102733837896
51664,463.27889579079766
51665,494.31617123496017
51666,161.06398578866333
51667,299.4110985190753
51668,144.0293208746854
51669,279.8907444936658
51670,731.146008425993
51671,185.46052068433056
51672,170.93485232551376
51673,102.87696937477638
51674,159.6486517237739
51675,179.95632327908757
51676,1838.408813697745
51677,71.20317915699842
51678,158.24012880228176
51679,278.55502018681784
51680,179.6193555359434
51681,146.48058285753137
51682,152.61239711446427
51683,274.9164085891471
51684,128.5033748396681
51685,95.49383221674265
51686,104.61004839697884
51687,269.02879586891277
51688,121.78862525760584
51689,140.94496624469386
51690,192.81668376484637
51691,149.00039426679123
51692,268.40024854166217
51693,607.3299523995634
51694,210.17291175877486
51695,437.66012505809806
51696,234.56268126075818
51697,706.4059326424347
51698,156.3331669360092
51699,163.23819713976928
51700,397.25396316650523
51701,154.01265130969557
51702,199.82079263815467
51703,173.50637625979138
51704,111.74609331229533
51705,139.7671648692469
51706,1147.929419521216
51707,179.01817290372523
51708,346.13871447514316
