id,realSum
36196,332.31895064509644
36197,523.7501691353392
36198,680.3963066049848
36199,223.93482741958357
36200,332.0941912752875
36201,509.0344035838248
36202,189.38815803737225
36203,276.01949387779007
36204,468.03673284670714
36205,288.5600451869551
36206,284.1938492860201
36207,407.6460185182976
36208,295.1168938866852
36209,265.2033090593066
36210,233.29327287743416
36211,343.4607329442404
36212,251.05270635131268
36213,199.67982806781322
36214,199.1302121778002
36215,218.10790132826037
36216,341.06101528160855
36217,246.2088395867274
36218,330.6016125057961
36219,166.1380911904639
36220,369.31890968042075
36221,319.2036792178779
36222,274.9065182186212
36223,324.8586399326662
36224,287.0150047383088
36225,469.6353063676417
36226,322.1413329794549
36227,548.2037481184778
36228,558.0455366428974
36229,263.25139708741733
36230,307.2904332700911
36231,246.62099867850696
36232,233.714268166541
36233,245.30081595332956
36234,166.89493150868094
36235,354.03509984456207
36236,195.71294147413496
36237,231.9916267012535
36238,225.7088250094866
36239,267.22535944871714
36240,327.7022080483559
36241,253.7334171683796
36242,170.10028012730888
36243,247.09252135529493
36244,234.84915007647922
36245,277.7630276143702
36246,352.3756575337118
36247,246.227111982963
36248,358.1948964890924
36249,324.8711297009814
36250,271.5815690826685
36251,309.5853928602655
36252,316.51331397847815
36253,599.1529633466237
36254,332.9963832791368
36255,314.9770547896467
36256,202.2451996565628
36257,256.13351918530725
36258,228.19595558780293
36259,347.79401774173357
36260,319.53000342529253
36261,226.39098512236768
36262,155.95120247529132
36263,212.15505698146097
36264,172.54182424908035
36265,480.4972261335799
36266,363.74912758769676
36267,309.42919712544494
36268,259.3834187031664
36269,184.26189005405524
36270,415.41345253325994
36271,229.51033363635534
36272,286.23601993167654
36273,345.48193681261324
36274,181.45213895999103
36275,321.51937927505924
36276,325.82102610591267
36277,246.32859817234774
36278,185.78387544985208
36279,297.1350004314082
36280,221.82043370009276
36281,186.68754403464374
36282,173.710037976734
36283,194.80273941001235
36284,250.29324368677374
36285,237.0031592443462
36286,218.44821498605327
36287,249.40877352319515
36288,286.1151665726846
36289,157.23018703059986
36290,518.5073548536058
36291,233.453941057353
36292,302.32520713664053
36293,431.25425969797095
36294,258.69547132307355
36295,244.8423205133307
36296,482.06468653884434
36297,216.72956462675205
36298,238.3225006578446
36299,189.11042384706474
36300,229.20028566815483
36301,425.58009266768687
36302,227.23911232622137
36303,303.2238746420894
36304,242.28490780468036
36305,207.1307378516913
36306,190.65582500512238
36307,281.98080727012155
36308,359.0847530727189
36309,289.42069845064117
36310,241.04162611361843
36311,443.91517203246667
36312,340.52789733844264
36313,311.155938793803
36314,237.83458359903975
36315,208.97732233392554
36316,397.2044563855065
36317,205.07385647710254
36318,174.2725228292809
36319,242.54501433847187
36320,640.4059504875855
36321,316.2882549276266
36322,264.48783186717554
36323,274.3358880578231
36324,304.3331084782591
36325,289.48595009617975
36326,203.56660604764463
36327,222.03791854114405
36328,320.435425960145
36329,179.76984046399073
36330,175.2904324058309
36331,195.50046480514112
36332,360.5386263151183
36333,286.5145577496727
36334,335.3466279257632
36335,246.0860905104432
36336,266.04503454971587
36337,228.1851850659586
36338,215.56019178533893
36339,178.17150985635016
36340,236.07851291322098
36341,182.16852859560396
36342,223.70211902513424
36343,231.71094717358855
36344,282.76555117207425
36345,193.45111728472912
36346,241.4418709081598
36347,245.25692365973876
36348,295.7258079149106
36349,182.09824964840016
36350,241.92707582829965
36351,209.46280518028988
36352,242.0226092142135
36353,303.8206056626368
36354,246.56795502126644
36355,227.0711675980038
36356,280.36074492055724
36357,263.9184690025508
36358,397.60249574924575
36359,293.89511122838246
36360,250.54632480724416
36361,308.9656178713205
36362,432.6953309928628
36363,208.93960322129388
36364,327.54013156966676
36365,230.08786654235615
36366,268.6767908343101
36367,267.50101352068737
36368,246.16383257711823
36369,383.8365741898073
36370,466.7509317867586
36371,254.31321000482777
36372,344.98011557664574
36373,221.70892777611553
36374,318.02874592715926
36375,193.8312632447634
36376,270.85863924575995
36377,310.36257910588165
36378,215.15026834502268
36379,259.4004905835183
36380,197.41454392803394
36381,312.30535764651256
36382,242.17690186915726
36383,206.31677931253657
36384,342.59059301042294
36385,177.71167071789975
36386,290.48289413330235
36387,167.12451840409597
36388,224.623224600212
36389,229.8218503265841
36390,199.9583243960513
36391,496.4148822169012
36392,256.8892703689529
36393,185.60505758224195
36394,241.1072089390976
36395,411.2991848704566
36396,396.2698358126763
36397,246.64796651675695
36398,185.90039915047043
36399,387.4115106899849
36400,359.44436348053125
36401,225.57103210245148
36402,243.95956741927333
36403,214.78854019437642
36404,260.213520021709
36405,202.9054078845659
36406,161.1930452880494
36407,232.15074841838157
36408,228.0354985808862
36409,326.3424035496373
36410,225.28763157014518
36411,253.87008955077496
36412,294.2325323284804
36413,401.87262751922054
36414,238.41332438609103
36415,422.20413155324036
36416,240.95510640199925
36417,404.82185496517326
36418,204.27763978781775
36419,374.4368341402926
36420,198.66676151206403
36421,861.2655562053752
36422,289.00563378019734
36423,238.58063371755378
36424,447.67561274774556
36425,198.56777087930763
36426,183.89656864764606
36427,251.1746530846489
36428,288.48966278072135
36429,874.4354532162153
36430,348.18802117767217
36431,486.7830990276654
36432,412.1751240855289
36433,168.01437240699116
36434,237.33620062923833
36435,336.2829943206455
36436,303.9652272818107
36437,294.37326320292584
36438,267.7795583025898
36439,212.72703129314797
36440,460.0956287612708
36441,259.40212747423504
36442,399.4129824226502
36443,224.11405327883497
36444,255.48608080724844
36445,242.16912651963915
36446,316.98708053596465
36447,230.16809607355526
36448,242.07046978260752
36449,563.3547134987389
36450,288.17521550684575
36451,190.30789340026018
36452,523.0674464374813
36453,352.8709909206589
36454,981.3398699156083
36455,171.2679324410276
36456,216.24442295316368
36457,202.0477105799017
36458,385.6579959467131
36459,297.88951203191937
36460,185.87718657234402
36461,332.38892583057
36462,393.2681880273799
36463,252.2693941417736
36464,301.987128534456
36465,306.4035186686927
36466,168.00996012031706
36467,264.6942660354091
36468,345.4181849248709
36469,212.46789912103742
36470,423.306931427669
36471,376.9373199246218
36472,181.481749456575
36473,177.6119854049511
36474,408.379893303315
36475,360.99706697931856
36476,228.42990787729755
36477,336.96424260418604
36478,288.3097606056184
36479,198.3803568752053
36480,243.43500732819123
36481,424.93147142345373
36482,393.5121288004558
36483,213.64403447791952
36484,333.07369793029
36485,178.3525049209611
36486,458.91298284660763
36487,376.8732895066166
36488,224.65220647711837
36489,400.05743772232586
36490,218.48752222395945
36491,193.5739923495802
36492,517.5219068632917
36493,309.9862940521849
36494,263.8094976656413
36495,263.1932151177503
36496,338.7796501156446
36497,205.53671583383547
36498,252.82531545134327
36499,705.0797718168234
36500,181.4218746291437
36501,174.0734435313872
36502,247.35199689554452
36503,297.036840986686
36504,422.9613659431156
36505,206.0405063854709
36506,241.08025263749386
36507,390.00638133469783
36508,420.36906419362737
36509,274.0673859709246
36510,257.4298677331285
36511,341.4071717470439
36512,333.30684947568426
36513,585.6089126795544
36514,219.61011401133723
36515,266.22949561479527
36516,263.31731577666113
36517,267.48036337420257
36518,227.79938423708225
36519,223.2696233125189
36520,249.44081767539075
36521,253.10071925469583
36522,179.85512088058658
36523,288.8237851614154
36524,679.9488043904022
36525,209.26468198423657
36526,212.511559798563
36527,309.5856227452799
36528,299.5606156034959
36529,206.74210221288357
36530,267.1273355280698
36531,187.6472193722673
36532,202.5999102753733
36533,265.82031526240604
36534,233.6979504483692
36535,233.63190388348593
36536,247.1351618438603
36537,328.6578842008579
36538,225.51711381962832
36539,348.93465648076466
36540,280.9662857608209
36541,166.32772889241426
36542,346.820903982475
36543,287.8106112942182
36544,229.99859973831806
36545,182.99631060247123
36546,1057.712393155059
36547,168.94889768603497
36548,176.64235485035164
36549,243.8547581581777
36550,391.3710352778387
36551,255.20723446232248
36552,225.0700496626521
36553,211.24845630626655
36554,316.4683289943743
36555,229.24084198914534
36556,197.09197643691593
36557,251.38610085691616
36558,209.34465030970696
36559,278.170219426859
36560,218.94202122750403
36561,439.8513984755496
36562,336.9090872422686
36563,225.96734331295931
36564,223.40814668069814
36565,227.28828960799703
36566,336.5505581310789
36567,245.97874956527912
36568,186.01375963510847
36569,296.7869816345502
36570,196.25938598074848
36571,236.5753165105745
36572,219.84496046873502
36573,279.8453379787366
36574,264.77409735401517
36575,495.1785737412971
36576,332.5878257780865
36577,281.8745207746477
36578,228.05527919096326
36579,247.29502100915667
36580,263.2556519306764
36581,274.51300283635106
36582,334.12420082339247
36583,237.58455185505886
36584,263.80331023586814
36585,377.8546095317297
36586,249.57029247700956
36587,371.1690864247275
36588,222.2003449042332
36589,197.00868067245875
36590,266.3200817058064
36591,229.14434049099128
36592,277.4075046898183
36593,320.18358127923386
36594,464.8245475863241
36595,279.0869033441407
36596,168.71499796209807
36597,238.7261531408842
36598,239.96643606248261
36599,212.01043617618404
36600,314.1464838815884
36601,190.57055108666322
36602,351.47155406619055
36603,184.21214602720497
36604,484.3913529657426
36605,904.9883622681139
36606,194.81235085545566
36607,552.6902580972483
36608,238.69517021123966
36609,274.99945779736606
36610,265.22970419778454
36611,443.44510036205725
36612,431.1874425271987
36613,891.4010673976579
36614,266.5961358515128
36615,240.33783755878142
36616,247.65415835471515
36617,291.4835281868684
36618,242.89604714415927
36619,381.79632721591605
36620,250.5627614837385
36621,244.5161390826328
36622,183.41118667201283
36623,195.51548429202575
36624,192.26075379825923
36625,498.0228480803172
36626,270.151977980242
36627,604.3713965601875
36628,280.73209541236497
36629,371.7285522466078
36630,173.94468927181683
36631,407.3321619105313
36632,235.640894474863
36633,278.8382826419785
36634,220.46160096956922
36635,296.0655498455944
36636,505.74084587749894
36637,303.59742717811827
36638,241.2891811303801
36639,304.50611300034853
36640,214.3141516837216
36641,389.45614536121906
36642,253.13603054996514
36643,176.79553769715918
36644,184.5753848929593
36645,257.4559386482726
36646,255.57939422220159
36647,291.96113726328684
36648,607.6643544276991
36649,209.1784427352613
36650,835.8731566562088
36651,432.01220164422824
36652,228.56263474640707
36653,301.789210804346
36654,361.39483142072794
36655,234.22316871864962
36656,343.6455253452854
36657,265.21494953243945
36658,236.92797542016953
36659,220.81939052525863
36660,270.74315117830395
36661,245.92774253614556
36662,207.42255949253922
36663,176.48398732060772
36664,236.50669562590537
36665,196.11625925715978
36666,176.04712825672217
36667,385.48074230079175
36668,379.5017177387015
36669,180.50873066786846
36670,213.04235759842982
36671,323.818533677278
36672,378.15042391934935
36673,228.35435232232453
36674,248.19538620516994
36675,284.1369650915422
36676,363.507969611843
36677,427.5089378786744
36678,193.2422805776834
36679,213.18973612725705
36680,385.4127832857177
36681,365.3621994293997
36682,235.5674675279376
36683,383.9994590506178
36684,216.0851348073196
36685,524.6410950562696
36686,265.4346528508949
36687,273.5154743347152
36688,261.46353458284455
36689,270.74334457990255
36690,218.46032921200305
36691,769.7926434043632
36692,285.3618241654141
36693,405.07083919763016
36694,201.62986785737803
36695,229.72249015122634
36696,176.05040485067778
36697,236.5435577833133
36698,241.0790002788122
36699,233.72789764887517
36700,213.95295934564928
36701,331.12754670232493
36702,171.1338088515284
36703,260.2207834675622
36704,262.12150078984524
36705,222.43978388679002
36706,200.4422251091712
36707,316.91282448351075
36708,310.31740555576465
36709,424.0261729392115
36710,184.96554248145264
36711,243.88965368866423
36712,184.01631198464324
36713,192.71757804335022
36714,246.28840280993157
36715,221.54010406322024
36716,179.85512088058658
36717,227.58563989342804
36718,222.6566627398541
36719,260.598194197705
36720,303.1138662754049
36721,337.2173282675287
36722,770.8113038452802
36723,403.66151668670784
36724,430.68549811520217
36725,293.14514409625184
36726,219.0475743817397
36727,271.48393685893336
36728,250.91790122585223
36729,477.8349816058928
36730,201.63709742234832
36731,289.1143928158212
36732,395.138242924238
36733,223.77932242160668
36734,160.57857065013087
36735,188.80998353864015
36736,202.14469386183944
36737,340.58527922889647
36738,198.5668828382971
36739,163.34732405840742
36740,304.79825576055214
36741,166.75860812284708
36742,183.94958561416655
36743,169.89629540156693
36744,304.44142495859194
36745,188.73426857385462
36746,224.25050912098288
36747,201.07639090769428
36748,272.5123775574497
36749,404.84719794938394
36750,171.22842621321033
36751,249.2606868019228
36752,418.5407225856292
36753,387.34087339836304
36754,274.5625959547007
36755,591.1040620009652
36756,217.11677128806178
36757,398.4220458560052
36758,213.00518211467582
36759,226.16100346043496
36760,281.7709585585856
36761,243.6337292790056
36762,253.31701806231342
36763,175.9089372197155
36764,325.2794897230725
36765,211.17730956787543
36766,283.77106692932267
36767,463.69945238374913
36768,492.88240473580106
36769,211.98076730856795
36770,232.70332283971553
36771,256.50748409349404
36772,169.74195794543496
36773,339.11975637212373
36774,199.55125543801697
36775,288.676615199989
36776,203.11454830541686
36777,178.40604981784716
36778,168.58465500672722
36779,258.25347068361094
36780,222.19196911267485
36781,264.7930908642322
36782,263.67077515501467
36783,265.2680494881885
36784,342.7033861363766
36785,421.6884011056756
36786,178.90715105180024
36787,323.4155222550408
36788,288.4647603227876
36789,364.7963890471472
36790,335.14322079268055
36791,438.98691676582905
36792,218.35206283920536
36793,210.96224438914376
36794,797.5619003016266
36795,247.53965393681764
36796,309.21775406122515
36797,427.11397282347906
36798,459.7696244685617
36799,315.4143806533344
36800,247.5335985750525
36801,451.1842566922841
36802,365.3505192758875
36803,325.75551894406675
36804,274.4779393176965
36805,246.78057150086653
36806,525.1036923439592
36807,249.96317450023685
36808,291.751012594834
36809,260.3634460302795
36810,356.2657418708496
36811,316.7802369920698
36812,269.0153232084183
36813,207.28182276229026
36814,452.9499036682855
36815,185.29160963799677
36816,244.3436688680394
36817,259.5412989005758
36818,254.94002582516612
36819,206.37567921687375
36820,237.12455190950087
36821,363.5151624100514
36822,418.04854330649107
36823,337.3945900271276
36824,562.2848077407651
36825,364.6663122393035
36826,286.61512871108926
36827,215.59161880109232
36828,229.83076640437034
36829,276.1375778509961
36830,962.1880172613367
36831,426.6045782642376
36832,244.12982574521402
36833,236.97333772338487
36834,263.92787658989477
36835,465.86016214825577
36836,220.82053639848556
36837,210.94859490690132
36838,225.97722413026548
36839,179.68041936699203
36840,292.24481327189915
36841,263.6081484191099
36842,280.4302351662747
36843,208.14283676911845
36844,331.18442007444344
36845,231.00857085288942
36846,528.8764150316251
36847,231.30211149097096
36848,273.7768810402416
36849,188.39267761309068
36850,234.7953403764564
36851,173.65958752435384
36852,389.85331210358777
36853,225.05750162389822
36854,231.16652925256375
36855,293.74539316534083
36856,176.8557929464678
36857,255.73723490672919
36858,322.31874919706706
36859,324.02600655423066
36860,345.83025515426834
36861,385.57544841453586
36862,226.32538673367364
36863,192.29228076818782
36864,281.5074821275486
36865,236.40103585636413
36866,203.28339134141905
36867,198.22405582196959
36868,242.93874315757014
36869,225.86185357991766
36870,252.26841310852052
36871,191.49934108560302
36872,251.3658157789554
36873,275.6897504595433
36874,325.74458027332446
36875,247.20602455758075
36876,236.7735120368498
36877,524.1153990384969
36878,555.7866264595228
36879,196.18485773914185
36880,214.8732494451827
36881,179.32089675104933
36882,296.9024228745834
36883,395.85181860065484
36884,168.66495803615462
36885,227.2925967861002
36886,258.9703046455495
36887,295.52401388342685
36888,389.21739883774706
36889,201.5236289226924
36890,321.6690668856786
36891,208.1141204838199
36892,604.7093971606748
36893,449.12927856200633
36894,296.1950620335047
36895,286.7267390761188
36896,173.6995192392021
36897,377.9563258160697
36898,199.76602906857704
36899,188.42006559770385
36900,298.6113289784236
36901,184.7419834894557
36902,193.9292788310194
36903,284.2427626385661
36904,163.5422169044216
36905,260.19176277758277
36906,260.44594395983773
36907,377.5350341137593
36908,235.44941833389373
36909,294.6909655304276
36910,256.3527373269873
36911,349.5973065189396
36912,227.38026207284784
36913,197.65764370303611
36914,174.94590115928247
36915,176.21004041745877
36916,238.03065989536594
36917,243.6419738080033
36918,276.112829590394
36919,282.0810110195661
36920,169.63504074807926
36921,374.74784198354376
36922,176.90577711949427
36923,173.7990000431794
36924,179.87432104983932
36925,228.94302498159638
36926,204.78728442499812
36927,355.61600770285
36928,217.02035365903458
36929,253.41324472940786
36930,266.7574390743563
36931,449.4396293625143
36932,202.84632840869932
36933,253.9086075880885
36934,224.91572903035893
36935,733.6131308335973
36936,228.71659320481498
36937,287.415822965589
36938,443.58549514488294
36939,304.5768835407327
36940,213.4209451998433
36941,201.9825838797429
36942,188.93374918538083
36943,806.2371287219535
36944,201.4039713440674
36945,186.2474484676098
36946,234.42459688601394
36947,219.56036734813455
36948,216.39773409643178
36949,222.57058862120311
36950,228.12951486946662
36951,198.9775832711984
36952,176.01792940492382
36953,266.1614321244733
36954,169.90138795185598
36955,181.20404865621867
36956,177.22357062852973
36957,255.82137259070007
36958,233.5340887922822
36959,216.18871344748376
36960,221.61565234273056
36961,229.64335533044962
36962,323.8821624791625
36963,205.6194370639707
36964,235.95346016872563
36965,183.11341861492062
36966,328.38093078434264
36967,289.61992205120526
36968,190.87971557284936
36969,357.94208940396527
36970,405.147566617348
36971,247.4541910345789
36972,362.6439883360311
36973,219.15101206913857
36974,257.53388105735854
36975,1052.5300502380387
36976,441.1393574956767
36977,169.3928456351518
36978,350.82825879987695
36979,263.65202724477376
36980,217.49695633527847
36981,225.5812742476499
36982,255.12416139695682
36983,191.89991660969946
36984,204.53923861339734
36985,288.51147608954705
36986,164.9853377603736
36987,416.8284303071585
36988,254.09849842913502
36989,204.3947453781395
36990,220.0583885214319
36991,258.1016207608159
36992,349.98013634849906
36993,186.0031760699939
36994,252.48473811679298
36995,194.66419897122083
36996,261.0355797424929
36997,568.2843737791777
36998,249.38242061570227
36999,245.54848933532742
37000,230.78943147943056
37001,544.4813319239069
37002,211.6076343090499
37003,421.7881435424457
37004,494.4400637965256
37005,146.28808099105672
37006,317.1027299793236
37007,515.4597037602528
37008,334.1263203856438
37009,465.77322913565996
37010,224.00037680603134
37011,307.09385959203667
37012,196.0693410114139
37013,185.5479631848974
37014,263.21868393873825
37015,366.90373958582376
37016,488.2832628186469
37017,264.9720920713277
37018,361.67728974503495
37019,159.3788217009518
37020,190.6189671937282
37021,275.62138095661874
37022,245.2477345187109
37023,472.1550993140416
37024,216.8841679291345
37025,221.18332236992228
37026,308.0015974394738
37027,277.42193896585275
37028,320.09351807480243
37029,274.3493038494366
37030,228.8102688186382
37031,273.9154012946744
37032,386.53301346280847
37033,512.2532792374399
37034,307.0235112004173
37035,268.0509402603843
37036,162.6875747321383
37037,249.67253164876033
37038,234.30799309740482
37039,329.1435837110835
37040,169.8349343963973
37041,203.97174694642922
37042,238.8974834717042
37043,247.0436401575203
37044,199.94611595894105
37045,367.77445847513036
37046,284.05835300650074
37047,287.35553876024386
37048,383.96850771828866
37049,185.96484815114607
37050,168.66360988807153
37051,480.6965632970622
37052,204.35184843829788
37053,335.4701856165221
37054,433.1292290560404
37055,191.20207197130634
37056,215.3441778044889
37057,177.15014237159292
37058,231.38921245252558
37059,233.54216428246627
37060,207.86791730852943
37061,261.0833402402876
37062,222.9044103904289
37063,195.82512709379372
37064,293.9299408375017
37065,185.70736332080912
37066,264.0117928548755
37067,538.151414153244
37068,210.27244072618205
37069,259.9749381473632
37070,582.8197646930485
37071,336.5169273690796
37072,151.71591850502531
37073,334.2402668202146
37074,208.51944499700258
37075,910.9086595044455
37076,386.3726815753208
37077,223.54763135013005
37078,183.08712161866612
37079,236.9456331390012
37080,219.61760158650605
37081,194.04804004892216
37082,231.51338276332297
37083,232.50662767549758
37084,507.9356154970355
37085,211.15643535146134
37086,395.09394252466836
37087,276.50740708583805
37088,378.8567781585039
37089,383.32408323689367
37090,255.93803198138244
37091,171.65979010769422
37092,227.49393781938602
37093,318.0207444882274
37094,285.9589530829345
37095,448.2574666993623
37096,231.70747339869337
37097,254.8669824660815
37098,234.83738688580848
37099,439.40722980865365
37100,202.84641579586525
37101,332.9604492534004
37102,309.1583987542625
37103,403.32249751194456
37104,188.953092876081
37105,231.77094860170993
37106,217.89231512879226
37107,273.24494880221374
37108,262.5613065937568
37109,214.59867354604066
37110,227.95763231465142
37111,227.1586559736363
37112,249.52096085123085
37113,287.0478677871912
37114,283.36648149959177
37115,324.9039264030631
37116,307.623659861488
37117,290.4663790952029
37118,233.36751242328197
37119,317.2184542251768
37120,380.0538653115754
37121,229.0489556119659
37122,244.50163561985775
37123,259.6464563758552
37124,192.58522969435037
37125,237.37133318816183
37126,239.54764245665618
37127,381.1093177070848
37128,272.33311894557033
37129,227.86546010351864
37130,298.43315244800937
37131,211.25245490763814
37132,517.9942679547482
37133,257.17059781502735
37134,178.90715105180024
37135,317.70078782484956
37136,212.79488144072982
37137,280.4627610149691
37138,430.58108240352766
37139,270.0724919807207
37140,179.7926790408324
37141,192.51392331283841
37142,288.5265348249477
37143,247.21566123727368
37144,361.60472678714524
37145,174.6616650272992
37146,299.28964796056727
37147,250.05631363550782
37148,249.1970714881692
37149,238.98698817993383
37150,227.92881738998702
37151,472.2303939042189
37152,368.91306814006
37153,248.18475590620875
37154,229.8136163485562
37155,251.39077856854394
37156,449.5257216018071
37157,244.73974667483196
37158,385.2673672922531
37159,283.83861867235083
37160,284.23270118648196
37161,266.3519941578594
37162,821.3040937721869
37163,237.57630279030238
37164,283.9483865149267
37165,415.5889281835622
37166,263.7897494723919
37167,522.8678884399737
37168,188.5283914803874
37169,219.00716229175745
37170,220.89707918906612
37171,256.37942763131275
37172,211.08600929519875
37173,237.15171975615047
37174,318.0286485183022
37175,218.1655801369283
37176,220.18966415576307
37177,193.52052071406465
37178,194.37852776237017
37179,305.7677294424955
37180,240.9890315909399
37181,325.67420168341187
37182,366.5367080844625
37183,509.46197218693544
37184,298.9614085145245
37185,243.1757013465993
37186,312.3505411531624
37187,328.7220204818707
37188,312.5382239359535
37189,613.0311709138168
37190,253.9821831039514
37191,660.1166615137292
37192,250.13067156086876
37193,381.30028525734696
37194,242.7293299396984
37195,441.8982926728156
37196,178.33941458325575
37197,330.8591730755717
37198,661.8159088684941
37199,260.5847912915016
37200,199.07855100025574
37201,172.52838310755143
37202,211.3587383959849
37203,340.39800668013925
37204,246.85760610271575
37205,324.5409539181572
37206,286.1572260782444
37207,346.0393710780724
37208,322.2714042278626
37209,235.18730759822103
37210,247.51159209675038
37211,509.5453582351708
37212,500.29554306973927
37213,399.2766995725796
37214,520.4954303733515
37215,218.30864582657748
37216,297.3333764677091
37217,225.25341141703325
37218,248.14419195885026
37219,219.7649687194828
37220,229.65944311413958
37221,328.6430178141383
37222,211.62465835833495
37223,207.59565961143818
37224,348.53329437090076
37225,201.28645046472624
37226,748.9027769611774
37227,533.6316511260004
37228,233.34098519704597
37229,253.75554821614116
37230,229.56582554619564
37231,487.5936933324216
37232,313.13980932425613
37233,309.18930861407125
37234,232.82532647227234
37235,359.46318397368844
37236,225.207603909813
37237,224.24379316838764
37238,211.7670863931549
37239,330.8710341695953
37240,276.343921331765
37241,309.8801263094933
37242,200.63176429351347
37243,266.1424041343346
37244,235.72378996526737
37245,290.348183814135
37246,238.01024386621987
37247,245.89260038796397
37248,379.15670737150316
37249,381.3955999296906
37250,250.07981734341365
37251,260.1569875534002
37252,219.0258085452128
37253,1009.4587721671454
37254,313.02423679268605
37255,177.5670968002134
37256,214.92160961535583
37257,358.9661282784592
37258,341.56545581850844
37259,348.0694413772984
37260,285.08825343707616
37261,459.5206654178989
37262,210.1898648662253
37263,547.7174625986819
37264,248.77418260066963
37265,232.23829600437855
37266,543.1575564111741
37267,225.31229244473127
37268,319.9001776075139
37269,231.68916219423627
37270,289.4351698252688
37271,280.42931403852987
37272,475.8486078122053
37273,241.03779680298817
37274,181.62120955168874
37275,558.5533297944137
37276,257.38450187112034
37277,421.11534956710324
37278,295.6359568549004
37279,221.19478084105003
37280,192.32711493219202
37281,350.866537408
37282,525.9104542731089
37283,593.8248378684142
37284,218.4169335471899
37285,382.04326225276577
37286,254.1632213742092
37287,297.6778740585793
37288,291.4998245062783
37289,919.7536150655337
37290,202.72644444496777
37291,212.54683192736698
37292,216.94750016227025
37293,215.61021822151804
37294,219.80565402324655
37295,433.72151782736546
37296,181.1429287925568
37297,419.31675176867935
37298,193.00143135781636
37299,323.15784436347894
37300,261.77058897159134
37301,208.10897922595333
37302,329.3837456335584
37303,203.84242736244795
37304,530.9783119869022
37305,324.22221631834606
37306,327.67598718289236
37307,298.3514483969966
37308,248.28444301644805
37309,299.7494293243023
37310,211.83250897783466
37311,159.61210029034365
37312,263.45653167482595
37313,360.5971210446191
37314,372.7833441575902
37315,253.3895548727232
37316,309.5081692816772
37317,322.05405788894376
37318,280.9538823217204
37319,188.74153424482594
37320,369.6541575441151
37321,290.46828167181917
37322,202.3943834293315
37323,235.35982950966326
37324,264.40231694146826
37325,313.07210480444996
37326,247.89983747980384
37327,275.7077064419647
37328,468.03342774626555
37329,229.7849297484599
37330,262.7160480130504
37331,1182.726076131144
37332,189.93615748661932
37333,229.29647918713138
37334,582.1941228776255
37335,237.67767520554972
37336,190.33887414199688
37337,337.258884209704
37338,210.5854939281765
37339,333.3148012784925
37340,327.49291697285736
37341,255.03269366733994
37342,243.58172148540527
37343,358.53884439555225
37344,305.45757202196427
37345,227.34467621582766
37346,253.19498876741494
37347,180.1671222040186
37348,276.95697607041956
37349,172.03599933617394
37350,228.55901273769328
37351,186.60299165827232
37352,245.32300489102886
37353,388.9726476777748
37354,216.32320203856267
37355,413.89670365118695
37356,256.91011179140264
37357,249.50132673263943
37358,261.2119675539906
37359,234.73414940343704
37360,220.7469589703403
37361,297.3321073073288
37362,360.8665506877771
37363,189.02140572836294
37364,368.330954562602
37365,165.86535786367222
37366,199.84381021953843
37367,328.3447930123893
37368,262.2820663886208
37369,479.19434754306195
37370,699.9807288613979
37371,162.27327452510835
37372,227.9958721012714
37373,318.188312852971
37374,386.82105315552775
37375,246.53536251477948
37376,222.1323998326584
37377,407.89164090998975
37378,282.2571765492271
37379,224.7770942144078
37380,224.57710146327076
37381,231.4662588844416
37382,262.1096578234036
37383,228.05380108497093
37384,517.5660592173825
37385,183.0025315252589
37386,268.5933940335528
37387,413.5948933271878
37388,274.17316468870723
37389,272.0695444882981
37390,289.7615932581501
37391,182.90727624239972
37392,664.7197553006066
37393,252.4168823831954
37394,583.9524738203297
37395,201.265318614999
37396,320.1908548626174
37397,211.78717590129037
37398,205.5495809277401
37399,296.92016198339826
37400,238.88192393426934
37401,225.41185652363131
37402,223.84572894151816
37403,402.84062495358484
37404,286.9502217775642
37405,389.9405046184684
37406,397.7776015037589
37407,408.82466614044495
37408,227.03008303759293
37409,256.0470909801765
37410,189.5729980859514
37411,461.7019170454067
37412,253.8409215012578
37413,248.40942964184364
37414,310.3313608832264
37415,498.1291927553288
37416,346.302696742494
37417,305.7968595281316
37418,348.05197001831954
37419,272.69009058792386
37420,219.9462266816856
37421,316.9176414574766
37422,205.80316583100245
37423,194.96473402412684
37424,329.30069033215443
37425,355.8556919169088
37426,230.99083749267342
37427,277.37592169699076
37428,410.1677919124027
37429,183.1465532442335
37430,195.87097864898496
37431,258.482557734525
37432,715.725618127631
37433,185.782947406239
37434,223.67650351872996
37435,304.9751325154256
37436,330.67815862825745
37437,227.58146882690556
37438,265.3274798719558
37439,244.68589221046835
37440,241.19061070861235
37441,165.7850865042347
37442,533.0529117437987
37443,287.1574291499106
37444,200.23466100755903
37445,396.8647761965442
37446,663.8968906285448
37447,217.9622120725096
37448,220.89313420767448
37449,229.1646564200664
37450,199.1319133210609
37451,188.6166204144423
37452,274.68201446319875
37453,275.72914538783283
37454,319.022760077984
37455,234.53967002485516
37456,162.77236333140092
37457,294.2347642867514
37458,186.1075202580444
37459,243.11915926468075
37460,226.18789096344614
37461,225.10839789907942
37462,291.88726296068245
37463,169.9472016367889
37464,187.58182451916377
37465,377.45863907087306
37466,295.3439480518267
37467,270.8537130930871
37468,252.50782935173078
37469,184.72631210972153
37470,269.1363526428113
37471,167.0518306605714
37472,212.51717137007222
37473,214.56274013828457
37474,253.41370809006187
37475,431.955370426918
37476,370.60175586536917
37477,359.0736419648163
37478,217.6138344982864
37479,296.8345344428911
37480,465.0478392989489
37481,287.23717156003534
37482,286.1847355457194
37483,231.16140724674773
37484,189.51262518401282
37485,200.08781301079577
37486,370.67052270293
37487,395.360122508872
37488,241.0534038086469
37489,423.64964729806724
37490,337.5134700597653
37491,199.26828639518092
37492,340.61989689870404
37493,207.20254109394048
37494,195.22460462419477
37495,229.55281152029605
37496,263.585947428917
37497,232.6597426726372
37498,320.65514300956073
37499,218.91310258900296
37500,319.1872692512069
37501,240.7371401734575
37502,258.077221463175
37503,225.95616398328428
37504,198.50558394337094
37505,211.38826535937187
37506,245.01875765535638
37507,461.4826753619913
37508,345.8026451291452
37509,268.8744536853072
37510,319.0493160433158
37511,333.60367957209655
37512,374.8299472221687
37513,220.5553150612973
37514,562.6720119088499
37515,230.68127989229177
37516,200.41462719391916
37517,495.2146772124539
37518,192.10809145756824
37519,476.8281333133022
37520,310.4892190972856
37521,480.2820363474019
37522,244.138042946663
37523,332.7557410188153
37524,350.00359659632915
37525,223.046153917813
37526,206.59707404628563
37527,235.0172608548804
37528,250.86458465527224
37529,195.57054526880796
37530,229.63350029276037
37531,218.225546365452
37532,227.33699835952282
37533,241.3973452837225
37534,202.71644748848396
37535,371.73349304640186
37536,309.9325589116949
37537,228.48376900080584
37538,272.3762724047219
37539,841.7135094461905
37540,204.89462964975294
37541,259.3826142734587
37542,191.3517313646528
37543,222.9457288501637
37544,219.1911169414456
37545,259.36224836262676
37546,340.45109280747914
37547,233.80085097830246
37548,235.1969321120882
37549,177.154139108038
37550,209.31645264584142
37551,193.83629517071972
37552,333.5373968422913
37553,291.6673300518201
37554,245.87896885848656
37555,290.66064211004107
37556,177.04235146088158
37557,292.59268930384553
37558,1126.2386166510855
37559,193.72575770790056
37560,268.23724457477675
37561,370.7206972915188
37562,198.6950827929149
37563,269.83875147625736
37564,242.62735834469308
37565,237.1911038808867
37566,447.79692662376317
37567,706.8642588518086
37568,768.6814301694009
37569,192.91941271131168
37570,378.84161042938797
37571,243.8268204778394
37572,234.25923380052689
37573,234.27392592061545
37574,329.9697070757407
37575,285.7403092306994
37576,307.88263272282063
37577,415.06958418455275
37578,257.08076601965826
37579,277.0219319955521
37580,328.97295277187663
37581,167.1742362838541
37582,234.78121782954466
37583,235.63334611189643
37584,342.81470735470754
37585,241.0497460970516
37586,195.98280507678172
37587,203.4148858682232
37588,195.24058629704388
37589,191.59723587137643
37590,344.5887217641403
37591,205.24420691470795
37592,473.48004483269244
37593,230.97952010974444
37594,246.75841254839855
37595,185.6118832622353
37596,250.92516384400926
37597,223.3050650813893
37598,209.07749085089733
37599,185.79958569662313
37600,242.75763935775734
37601,213.78791549051985
37602,186.04772211389178
37603,287.8235348232255
37604,453.8805888090006
37605,190.19193515309058
37606,184.52823175149263
37607,214.69708460367087
37608,225.8121667443584
37609,213.6793895342505
37610,260.55462567351185
37611,237.54036679259463
37612,250.99969432079678
37613,371.09449997500326
37614,445.8738711137175
37615,283.9417478386184
37616,476.2213301680963
37617,541.1882822713377
37618,207.74604174725653
37619,268.56703425204626
37620,243.27860846508884
37621,503.07160322825194
37622,288.66755676874203
37623,276.8734198474671
37624,466.68998793938044
37625,522.3453233893634
37626,214.53460762009348
37627,178.8463785620948
37628,201.67977922474404
37629,297.7881574113363
37630,235.88942441683966
37631,216.32010725541005
37632,320.1164819468341
37633,399.2429254035395
37634,449.3921269145286
37635,892.7492306295011
37636,165.23307329778953
37637,329.08398426787437
37638,182.29366182178484
37639,266.8743192158358
37640,245.00175697089284
37641,196.29960953860467
37642,169.77803120806172
37643,237.38121840333062
37644,490.1698233471997
37645,237.15183010360906
37646,332.34341728310795
37647,664.947975833363
37648,266.1548115153949
37649,163.26208792707374
37650,229.19217208720207
37651,237.28782711217943
37652,349.83265184298403
37653,195.79583052605489
37654,241.721464198059
37655,350.89078458372023
37656,281.04506856836036
37657,240.89530616351007
37658,241.0739034603307
37659,180.0961591497307
37660,178.2519652958825
37661,204.11726141190877
37662,931.3845951667448
37663,217.6804969674178
37664,287.0483271901067
37665,322.61487552218193
37666,313.08317905217154
37667,218.07294608217416
37668,216.72633697238234
37669,212.47068318347527
37670,244.59353387587333
37671,256.41537150625794
37672,312.8228840200632
37673,233.78443368543373
37674,206.5457054748379
37675,212.47904835936626
37676,229.6289510333073
37677,239.79784179026805
37678,277.2030199613512
37679,475.1025889172069
37680,228.34112468654538
37681,226.67234425518728
37682,231.29565873935067
37683,235.4799673537577
37684,327.579447050505
37685,385.9713631065418
37686,327.603447768354
37687,182.68651748070332
37688,334.1462624248172
37689,204.7333025574866
37690,249.4792728390156
37691,244.60302001213591
37692,181.9676695044398
37693,200.79451472098975
37694,352.6205018218381
37695,217.77731609089128
37696,263.4426840110674
37697,421.02657647512785
37698,274.31499711413375
37699,404.82425193499034
37700,271.7603815568067
37701,218.66722332990548
37702,222.45854615371056
37703,242.19351640629247
37704,446.31501339033673
37705,201.87107509217293
37706,335.83404407552496
37707,215.58682154852923
37708,278.13748286584894
37709,179.8558491216922
37710,214.439753637846
37711,178.33851027378566
37712,191.6363740301193
37713,206.6798197454394
37714,191.563584631696
37715,431.023788789039
37716,279.6983930188256
37717,219.71230517139983
37718,326.1551463940604
37719,228.98903280925245
37720,209.65036945194387
37721,226.14742438167724
37722,242.96508453584335
37723,334.475541068339
37724,309.8559209744405
37725,359.1789802439856
37726,384.712448582164
37727,216.8636051333786
37728,199.65180332875573
37729,215.8118572415462
37730,347.65548910150113
37731,234.77655213335433
37732,256.4690267436866
37733,276.6117709705021
37734,230.4462587870587
37735,337.4207265351642
37736,188.41714599765598
37737,341.292581478941
37738,275.8454973451471
37739,237.4892789639215
37740,220.17739997644128
37741,204.7118568892912
37742,179.50683182567903
37743,311.62580460276524
37744,303.2488184224103
37745,162.0145154192565
37746,242.12378808047467
37747,190.1081364947428
37748,225.2753464319044
37749,211.1454445198612
37750,238.54621719700788
37751,200.71085835609736
37752,182.5434921655666
37753,262.6512253085579
37754,287.52964356855034
37755,175.90184050795904
37756,246.9634122314989
37757,304.54981411757507
37758,234.57855311141066
37759,308.2114947244135
37760,305.1085734326547
37761,203.1277364948253
37762,400.01120169553127
37763,545.6271147619183
37764,400.58986392098745
37765,311.07899519489104
37766,170.7750664615063
37767,196.96330665094038
37768,236.84798018338626
37769,255.08749372144896
37770,208.23258946611747
37771,295.45167345456235
37772,299.7739644443793
37773,214.18706863977306
37774,581.743917619285
37775,186.77954447558665
37776,187.10376976362792
37777,173.39751932982423
37778,179.02763032213343
37779,228.53722670317305
37780,238.30858476953568
37781,178.12406646785183
37782,363.6904839602583
37783,290.38114734129726
37784,375.4674164127169
37785,206.50373719753668
37786,299.18376807545064
37787,699.6514557348801
37788,146.87205888818667
37789,188.79724372869148
37790,312.62721435828837
37791,320.6776080029188
37792,334.0864554047657
37793,346.78512772814673
37794,356.9707354484558
37795,302.5576452852697
37796,926.1656858542768
37797,216.63557146189956
37798,215.5454648598252
37799,300.0475243102519
37800,279.8249234372391
37801,239.16170089933678
37802,236.42095299541504
37803,183.89618600789524
37804,257.2344791291733
37805,323.9950024219053
37806,344.77320388318986
37807,198.03062461393094
37808,228.86812821900324
37809,216.55933120671048
37810,342.29086965488835
37811,302.1962230797102
37812,234.0049251051553
37813,248.59354875382587
37814,476.90022906836043
37815,170.93565627664915
37816,233.1819818765723
37817,571.802036065595
37818,312.60106721963126
37819,459.0606438840359
37820,234.27804751680898
37821,337.0985060045069
37822,188.06342594417328
37823,231.40806235580737
37824,439.15827632226535
37825,220.69826247185392
37826,199.54590042391072
37827,219.79000074413915
37828,247.42366792051078
37829,216.1737199723152
37830,182.6729211728123
37831,188.3149887760305
37832,541.8837835780812
37833,403.1161915152377
37834,501.66447305224057
37835,231.86122629322384
37836,220.0079796170921
37837,397.2973628753287
37838,388.24464195903937
37839,208.57028047691907
37840,204.14658984758634
37841,192.98690641920643
37842,195.78840463189107
37843,200.9404076627168
37844,344.4538328172701
37845,264.796065256573
37846,273.35259566497416
37847,217.55292594399347
37848,176.60379169642735
37849,272.329383641588
37850,205.30609127919854
37851,187.48974975779728
37852,405.5049058312049
37853,208.12634441493216
37854,230.6543244193145
37855,322.8137192157599
37856,297.17429924452915
37857,203.53663500221023
37858,220.38109412032898
37859,448.41045351418796
37860,349.6632231036978
37861,305.5224665282209
37862,441.72716783859283
37863,298.5532914487208
37864,271.6854442653992
37865,409.34544906231406
37866,553.5088955337632
37867,315.42164742281284
37868,459.7148491844385
37869,183.36596889991813
37870,335.64582719524327
37871,213.3536698452364
37872,287.87874040060103
37873,231.8796933566975
37874,526.6940534236973
37875,671.6979907496205
37876,187.84397528650962
37877,280.4702845426837
37878,249.70365934338582
37879,226.6571020441973
37880,158.74184114119322
37881,232.5466400155019
37882,302.59643903803317
37883,266.4416810849635
37884,202.29214945756442
37885,218.9455605483516
37886,543.5579366042535
37887,243.66427124479443
37888,228.72260077852556
37889,381.84782092577143
37890,250.99323397036332
37891,298.5171247953132
37892,247.60570920811125
37893,230.4589851848595
37894,195.10645043102943
37895,436.2840514769016
37896,364.883519875372
37897,328.2846792660616
37898,445.7094890256583
37899,252.46256225035287
37900,471.6950242058594
37901,342.60885221309627
37902,237.3030137960174
37903,230.68492280905897
37904,346.09671302335533
37905,224.61447781322124
37906,195.51990022029725
37907,263.1615868103308
37908,309.5715046156812
37909,237.2865451108326
37910,195.06133173735
37911,394.5197593893931
37912,329.4781975512856
37913,247.65807266751887
37914,206.094206021418
37915,232.77926758382742
37916,275.3818936452367
37917,146.98834665000118
37918,414.66801495133507
37919,295.6167895021166
37920,262.65699918306575
37921,195.03380487034718
37922,192.39782061486034
37923,200.00409674860543
37924,356.5464245838072
37925,203.66049541525098
37926,240.88342797390217
37927,235.84872250994803
37928,227.26747309404726
37929,305.8088129503583
37930,409.68266092586754
37931,271.2480842614598
37932,247.49404649657242
37933,484.41857667825195
37934,165.030037292351
37935,262.92478453663654
37936,242.0214784748122
37937,399.7659613959575
37938,265.25116258787557
37939,199.03038505696776
37940,383.2168644637927
37941,315.4532960693339
37942,215.80363175296256
37943,672.5545597674172
37944,331.88915522039053
37945,414.6774264742786
37946,583.858159455381
37947,166.99243397925474
37948,293.6871921756804
37949,333.8585503694346
37950,333.87440368384927
37951,244.9343282637081
37952,355.56895602814325
37953,180.96178210226213
37954,342.8890965823279
37955,179.83666945281286
37956,348.42795580227505
37957,183.1957433025361
37958,213.5221013509572
37959,526.0421151172732
37960,213.131318374691
37961,240.21503914484444
37962,238.54910576693544
37963,200.13432482856524
37964,314.57162338815414
37965,333.5774957483011
37966,301.4983577261314
37967,323.81391047577284
37968,207.27556121775555
37969,214.40413744116734
37970,338.95000152172656
37971,322.8525732543487
37972,204.16302398563175
37973,244.41393656335785
37974,330.03935664541416
37975,223.29249600807083
37976,183.67718139039792
37977,236.4815781030934
37978,457.85439111265003
37979,237.98113218195297
37980,182.91858404162514
37981,451.84570036815694
37982,322.3485219152445
37983,290.71073517511763
37984,320.4672838793499
37985,181.19162927272012
37986,223.68434900518545
37987,263.1469831712391
37988,281.4729000691648
37989,245.58646516247555
37990,429.9735001161581
37991,237.26796603568812
37992,239.47399499320477
37993,242.0040126029933
37994,175.56197510436786
37995,435.0128561620494
37996,205.6532931106138
37997,248.10908393611652
37998,241.6373451426542
37999,426.6692836593727
38000,166.17834671029073
38001,305.1047574695157
38002,182.34179086883017
38003,208.25797070323048
38004,155.61103375141508
38005,290.8651077293581
38006,227.51715134005798
38007,361.6055397722129
38008,216.58667785449558
38009,451.86870821503965
38010,396.47519959088316
38011,360.92360394250306
38012,239.29814225924846
38013,230.56347769419185
38014,294.7572265332817
38015,250.03303030384083
38016,176.4796543060779
38017,200.36611144957783
38018,348.5143848640303
38019,579.7174675158416
38020,203.4902037217113
38021,252.00073611908508
38022,297.55193956592194
38023,372.75730132980635
38024,359.68203235517046
38025,213.63413984756946
38026,187.00947576623466
38027,246.26505650065334
38028,735.2056762256011
38029,211.35642490704598
38030,1568.9763002552893
38031,176.40605684559935
38032,138.70041081304612
38033,343.5223095157164
38034,232.18654212324026
38035,232.40578630421058
38036,259.73638094253744
38037,324.4249248335372
38038,193.23269375419088
38039,280.27325304237957
38040,317.15567550409094
38041,256.19885433690774
38042,442.3124987488781
38043,189.85210740180722
38044,426.9070165444984
38045,197.6443789034812
38046,227.68333258678373
38047,237.0773110559893
38048,404.3569917461536
38049,361.5249070651246
38050,254.83077993358154
38051,767.9613949786421
38052,224.17942230897253
38053,378.16896600768575
38054,428.61460662082675
38055,339.63931867495677
38056,396.8310923188358
38057,201.40539055616892
38058,238.23224021465836
38059,237.03452382295748
38060,378.88945328000716
38061,254.93235501204978
38062,568.7653013876482
38063,332.92696867968647
38064,157.83815935321826
38065,204.84545553452296
38066,336.13599044318994
38067,222.59431407453658
38068,236.04271662578066
38069,264.54570154913756
38070,567.0525695324658
38071,257.7272284927976
38072,385.442093821008
38073,225.63379722778228
38074,252.9138606948429
38075,212.58991210170888
38076,295.784970710484
38077,469.9594900652685
38078,200.6356646891719
38079,284.18646823942476
38080,328.73734732845685
38081,190.7768270850902
38082,308.3376366610515
38083,202.67874893786853
38084,493.16660384229243
38085,353.7931821526856
38086,304.00145388063595
38087,366.11699284056795
38088,235.92775084068745
38089,335.19737021058245
38090,246.94847055007787
38091,184.0315891462801
38092,163.86203957467012
38093,247.34141960014907
38094,403.4665477710943
38095,302.7314274442939
38096,280.10770320122396
38097,282.44740242839976
38098,301.1597804019799
38099,695.4598823557286
38100,399.02206367748187
38101,179.6165993547039
38102,210.66268885796546
38103,206.83080790299732
38104,231.34956802235425
38105,334.286369941997
38106,305.4078060592777
38107,186.80827767249517
38108,253.78427713157603
38109,479.98275323341704
38110,146.52495836657653
38111,324.47430291956766
38112,215.17820245271895
38113,240.42731394485182
38114,246.5679992090778
38115,508.0756198791029
38116,244.822518676844
38117,199.24805088380887
38118,174.0736493152038
38119,243.1214406332651
38120,242.8745881364437
38121,186.60452032082995
38122,456.8847476583941
38123,423.4826459311824
38124,327.85888865806413
38125,303.6622213080311
38126,253.0804057024773
38127,362.6394018675034
38128,235.49874262089998
38129,230.6577055671282
38130,269.03732945334815
38131,283.2689640818266
38132,383.3370178684587
38133,210.77887233551564
38134,288.45420600497516
38135,330.07486999029913
38136,208.75197069427878
38137,191.4129847890978
38138,272.45337049773076
38139,281.30849953428356
38140,522.4015558023708
38141,395.13014812890873
38142,338.06551432734574
38143,189.37607409777877
38144,206.63136363611974
38145,346.962833143262
38146,293.2639027366962
38147,362.4370712237053
38148,208.19821749788906
38149,238.6631869935283
38150,262.050157055734
38151,282.52925240973104
38152,214.76267358530728
38153,296.1367859030251
38154,210.64572005954756
38155,248.38755943781825
38156,233.72001277753947
38157,213.70644651056776
38158,426.0334647875643
38159,224.88879191633822
38160,578.3231824092021
38161,264.8177129912819
38162,230.13289577013418
38163,339.93504558387855
38164,210.29548182050303
38165,215.78495548256373
38166,343.1477269806247
38167,205.27548332573718
38168,218.30257974453565
38169,407.41043671839583
38170,265.4566538597408
38171,371.4475538426752
38172,197.04363068814874
38173,267.35698451890386
38174,407.4865257210332
38175,255.2906073268193
38176,294.2570825328778
38177,319.9597894528484
38178,247.7455294619084
38179,351.9993789386843
38180,229.11477808126028
38181,252.82082204066296
38182,268.5691731716525
38183,357.0019320169174
38184,333.33433785883983
38185,197.75877455948793
38186,296.08631381246573
38187,289.5026803321101
38188,259.7260575443249
38189,344.4509576273249
38190,316.9168012560217
38191,208.01463974910857
38192,210.791883616577
38193,334.5229001031421
38194,323.3239781306514
38195,169.59360924928222
38196,391.17589693852
38197,226.19882197678385
38198,229.22100303275568
38199,276.6946100501985
38200,318.71471673840466
38201,200.5170618055935
38202,223.423408443821
38203,480.5770003872453
38204,195.0758685279148
38205,205.24533386733538
38206,365.57672784374506
38207,235.4235449124989
38208,350.16212608030696
38209,202.39170738542435
38210,250.83598468514342
38211,316.5895502887003
38212,232.15504649538462
38213,433.5872085383038
38214,196.20745127276834
38215,205.07934658008458
38216,210.57823237435076
38217,243.60410387254282
38218,214.76172922800356
38219,316.3182242873578
38220,197.99162981717691
38221,334.2703560137796
38222,194.40854444255717
38223,221.04860507991785
38224,296.94770199735956
38225,176.5730937380925
38226,222.859966117922
38227,234.99078439912816
38228,813.2292781936305
38229,203.34439277425102
38230,491.07500660703454
38231,287.89343515571767
38232,192.78048384106697
38233,272.6448683710915
38234,253.82236196834492
38235,267.369878998899
38236,691.7166093645887
38237,183.62438999877352
38238,188.75987714903408
38239,351.27072542953573
38240,173.16834113865076
38241,236.31015247821225
38242,175.96341326232587
38243,287.193631399356
38244,364.81606441070636
38245,198.61225994336598
38246,168.19023625135463
38247,426.8388049715403
38248,190.1115936612089
38249,223.11193426810433
38250,203.494256312066
38251,298.84684140739364
38252,248.08520742072244
38253,326.82890596566426
38254,258.7545920222002
38255,250.75111257797798
38256,202.2000383110717
38257,244.01008237876
38258,203.60676690139624
38259,270.3501446950806
38260,199.0646725024812
38261,216.73665098874545
38262,244.51729173327854
38263,212.06482185605896
38264,306.2504035935842
38265,242.33005327026385
38266,332.07737154695195
38267,218.5981060008277
38268,235.94471041510533
38269,333.20622510023117
38270,770.0745595737109
38271,311.07651747808757
38272,248.82080719609002
38273,266.88052343067153
38274,229.8577994276754
38275,170.31014678376232
38276,237.40889762402952
38277,298.412838903012
38278,215.5924393240693
38279,248.2000292772774
38280,260.02572134176137
38281,192.38294816543873
38282,721.7640530277124
38283,221.96053797054742
38284,311.4607830805974
38285,592.8787755789514
38286,250.62015596316363
38287,246.0773446522286
38288,172.29851769451923
38289,202.32192770949837
38290,263.79877321668704
38291,590.2331999380888
38292,171.0018130639159
38293,211.13455242782678
38294,252.18623193666423
38295,371.46036497391214
38296,200.014041974373
38297,280.17496498755895
38298,285.7448068842055
38299,359.3583586986201
38300,186.53386858276897
38301,252.56998718673614
38302,272.15839640265136
38303,282.86618608303945
38304,212.44153912553554
38305,370.1512134530923
38306,310.3298407812941
38307,246.69594180715703
38308,304.27778919201177
38309,211.290732636444
38310,338.76100233592064
38311,189.09497039720756
38312,233.62930672897193
38313,209.90656564223272
38314,164.58020314586528
38315,241.5588386320405
38316,172.70292370674144
38317,179.00669190429136
38318,365.459957737809
38319,228.6579178634608
38320,425.6267251783725
38321,238.6170909716174
38322,248.14128814260036
38323,191.87968555317215
38324,501.8732302789988
38325,281.52830431277846
38326,282.22119406519363
38327,312.2150140404775
38328,224.46658517059853
38329,261.5465313381205
38330,353.1552958146231
38331,190.69547208583825
38332,164.78638668901695
38333,266.47469898534274
38334,241.50204458727947
38335,243.10126399318733
38336,238.01363366121575
38337,222.78784660550352
38338,198.852004964323
38339,303.93964585456246
38340,239.48213799960865
38341,507.57319510672795
38342,317.4933628794086
38343,229.4856978736418
38344,209.099194225764
38345,252.8506095387682
38346,275.2685391633006
38347,457.1325537090072
38348,454.2042255747031
38349,232.85375997246643
38350,170.0891814327606
38351,284.9226154227037
38352,172.68665580604392
38353,353.89827485225265
38354,163.2371674219215
38355,235.01350331358975
38356,293.3420705466042
38357,276.2834943658144
38358,240.51263658505314
38359,183.43720576145577
38360,256.27819063613185
38361,202.3429726007122
38362,353.0288611423349
38363,206.0114867567744
38364,363.3053864291959
38365,255.43408042698013
38366,238.2376903575532
38367,175.15765255953022
38368,264.8281441561498
38369,270.9695299354637
38370,409.49507619365113
38371,338.24780747074436
38372,347.61957569994536
38373,367.99066197880796
38374,256.4467719777973
38375,731.3311067629485
38376,253.12339475396115
38377,272.47010534088184
38378,324.9410628927338
38379,211.12046948187145
38380,227.02583003481874
38381,233.23285468537821
38382,251.46286173663634
38383,387.76343835369016
38384,311.94312321417294
38385,276.9459489564531
38386,162.50298701479915
38387,246.85798036232796
38388,331.21692339624695
38389,283.54087957324543
38390,704.5212220111849
38391,298.45174636457256
38392,217.69466762189154
38393,234.67899203076908
38394,335.1307145257792
38395,749.9846067758676
38396,241.51198990463908
38397,210.91442211742344
38398,228.91104367706788
38399,288.07711131559546
38400,232.1266012928047
38401,222.134229915245
38402,364.6418709402197
38403,194.74358645544504
38404,211.97803610630416
38405,224.8280767873946
38406,488.24680595235134
38407,299.57202066918524
38408,342.51113832049924
38409,185.73924225977552
38410,238.47425202270162
38411,182.19043991039726
38412,333.1034250383018
38413,207.39128600286983
38414,252.06485823789637
38415,219.99463135304927
38416,327.93001040026047
38417,1094.5479157327711
38418,244.30427376594673
38419,283.9552923335702
38420,454.7274568615778
38421,271.44082907362935
38422,183.83796069071616
38423,219.40140463145033
38424,447.78397835347243
38425,255.0050550735883
38426,215.93211322029123
38427,486.884465333021
38428,186.77978520131867
38429,436.5139606088329
38430,210.9319365042944
38431,186.15701479621464
38432,393.0275733535829
38433,206.9600814993682
38434,335.81375936459483
38435,285.39793573466756
38436,220.21904046530898
38437,258.0600190268725
38438,253.18808857398923
38439,250.16149032920327
38440,219.15632682907255
38441,321.58764207969466
38442,255.11176623240152
38443,289.98711266472066
38444,396.7487984716655
38445,230.48855723790942
38446,257.6998031127657
38447,306.0316114907489
38448,252.54526525787594
38449,388.2781030484263
38450,253.30363804316386
38451,668.7301003312219
38452,222.47374268339706
38453,352.8673329545608
38454,181.25687063392888
38455,194.0584544403506
38456,211.00384224712823
38457,321.16908109204314
38458,172.8710711707664
38459,582.5817602825762
38460,302.9882980887832
38461,253.8490098928395
38462,520.6671249838063
38463,195.76757607019482
38464,221.38698225962892
38465,375.63924677696826
38466,318.4178090928598
38467,367.6839515518288
38468,560.2005488803212
38469,218.60097078160723
38470,274.6952546826143
38471,255.2901105983195
38472,247.33061063476651
38473,236.35240086136824
38474,205.49243998704776
38475,359.5186950604638
38476,266.02119358465467
38477,253.89951758793666
38478,670.6270823966703
38479,208.95288889456535
38480,232.9758638514269
38481,381.6570321696558
38482,602.1933221986275
38483,230.58996561115913
38484,261.51216954926065
38485,223.0587162242896
38486,191.03721069876224
38487,326.23181973195557
38488,234.8020453328294
38489,358.69115786874
38490,226.87372030598547
38491,425.03436696682246
38492,256.8336544301598
38493,210.82402147913416
38494,223.26273116632768
38495,386.7300953970821
38496,322.51029066740506
38497,232.25148870960047
38498,218.95500546169652
38499,200.1124054522877
38500,264.61434704616016
38501,340.6982604480859
38502,172.53471374380544
38503,283.53869157178696
38504,203.56919897859188
38505,289.6949015157019
38506,420.7316723887122
38507,173.6706313970453
38508,182.72564731121398
38509,291.1877775829453
38510,237.13232743601353
38511,257.5823646877851
38512,284.58632865913927
38513,189.46497872051802
38514,267.35958820975367
38515,381.5054769244859
38516,234.83859091628685
38517,184.18304927467
38518,212.71830223486796
38519,304.16249808925767
38520,227.55371766147277
38521,233.08148156298233
38522,347.29931526124636
38523,274.8517016839629
38524,249.68515450709006
38525,424.7887966630704
38526,252.74660509038893
38527,569.4095451123114
38528,318.3340487018383
38529,330.90121164005586
38530,350.9007897250062
38531,369.0667179112659
38532,197.9232746923953
38533,208.61778559805776
38534,216.86866492741072
38535,222.18778890612086
38536,511.9021028497031
38537,216.4753706308423
38538,383.2434697305965
38539,263.7226404592716
38540,260.90878125719604
38541,183.92706600855084
38542,241.22912171499397
38543,185.3421026013362
38544,188.45233402719785
38545,410.151985850387
38546,256.749210200518
38547,316.3079823728408
38548,342.29292921059766
38549,235.55646823209887
38550,423.81269207742025
38551,665.3416090596747
38552,174.41718005907745
38553,235.54738135258694
38554,238.56754006954822
38555,540.3322152110297
38556,544.3880970830382
38557,265.6331245812802
38558,210.89314706044362
38559,217.97191479573056
38560,239.75315247552334
38561,239.422272163976
38562,227.339662126748
38563,231.33521602367787
38564,328.5571915987246
38565,206.7093021771369
38566,248.0487005883514
38567,222.60528794128697
38568,262.6492171590106
38569,195.86647893043474
38570,240.5919696124429
38571,227.16932808658783
38572,262.21543437267513
38573,365.00417917786024
38574,326.3941043856674
38575,179.24377540493055
38576,348.33031018910816
38577,334.4111548826308
38578,206.76291002323376
38579,215.06025170422993
38580,188.12110912720343
38581,292.83290274736936
38582,229.7700149592714
38583,201.9081424606212
38584,170.24312828685123
38585,483.4327576115858
38586,213.29468520126747
38587,391.66944291129926
38588,213.7440051309966
38589,495.7198939422262
38590,298.7127962550756
38591,195.60796733085053
38592,197.59572097058285
38593,232.31443897891953
38594,318.7594377012076
38595,258.62893858255586
38596,177.3557167591572
38597,310.73158232668766
38598,283.09179587853293
38599,194.73904248772075
38600,298.1183777094916
38601,363.94383700722494
38602,386.1415478930781
38603,267.8073967130609
38604,216.9457834096553
38605,257.41440720082755
38606,240.1000137789321
38607,204.68892254265845
38608,240.89464952149268
38609,258.0565678349929
38610,325.23112662730335
38611,200.64776601831866
38612,312.35813834201633
38613,210.3980656363136
38614,236.94371555117826
38615,253.60659950256024
38616,329.90863900127925
38617,189.92721060143924
38618,268.66731011928925
38619,462.4945837810065
38620,206.59784873910127
38621,310.8599376405191
38622,254.31155752154274
38623,174.77764897114014
38624,214.5455460016629
38625,756.6270516858377
38626,285.28940920463515
38627,290.338119996318
38628,275.0632710884539
38629,269.09928405821483
38630,184.12619522247329
38631,467.9003731773972
38632,201.17201151110976
38633,180.73957061592893
38634,223.36574299456686
38635,249.81660204686563
38636,320.66580402883585
38637,178.20929713976895
38638,216.8632307242658
38639,229.1842487896801
38640,548.2112802703335
38641,426.35294684012615
38642,251.52307794102308
38643,282.4295517481461
38644,216.48947066144734
38645,298.34225061842056
38646,251.88344273069507
38647,252.45563415952589
38648,234.9027489058253
38649,183.41830076673196
38650,272.6716289858523
38651,251.0413459187571
38652,273.9916869565344
38653,311.3283423248943
38654,202.22800957712704
38655,221.03936216635884
38656,228.4012339055119
38657,323.8011681372879
38658,356.34219437993596
38659,321.71432066271
38660,180.5867164621733
38661,368.70944927018365
38662,539.7344685407631
38663,562.2049907040346
38664,199.1597320781522
38665,212.0537228771536
38666,434.56152084516145
38667,362.40103197915084
38668,237.9532029711624
38669,408.90385642819325
38670,245.75463534099617
38671,260.6169227039322
38672,327.2131664217874
38673,196.46056057040585
38674,181.64530144486275
38675,325.76294571895846
38676,256.8014588664986
38677,377.60212730499046
38678,226.91200039981916
38679,205.33627759660223
38680,189.9127536620553
38681,240.80415307948374
38682,295.01316788146033
38683,599.0088545635806
38684,212.11746355306875
38685,351.1898382554952
38686,185.75617160233531
38687,217.45566667915116
38688,242.53905090768205
38689,197.76387847603183
38690,591.7345258863018
38691,184.68906732092003
38692,323.9783936374259
38693,156.49214196763606
38694,248.40330166572835
38695,195.35336940461926
38696,241.36082320262315
38697,206.91740075862444
38698,207.05195820146776
38699,225.91346014727495
38700,261.32252200164083
38701,224.161126805867
38702,268.5893332992918
38703,191.98416418937254
38704,206.69558861698516
38705,420.73786359852323
38706,231.93757193798615
38707,249.1914625221699
38708,358.05994282004957
38709,354.35115432148643
38710,236.57182676432208
38711,222.83846243706932
38712,248.31707216308297
38713,428.7507126058976
38714,241.43904080635292
38715,402.7076369009289
38716,308.3352365450001
38717,364.79755444064705
38718,226.11567633352965
38719,248.95209398259558
38720,219.62846512763375
38721,398.41869531866723
38722,192.41794837034192
38723,153.3763398096484
38724,425.6219676730174
38725,229.24651358872438
38726,342.9156677824656
38727,598.0136241919192
38728,524.45150822053
38729,277.4691471637073
38730,280.06831122045077
38731,334.2611594724911
38732,360.1254735939533
38733,740.889917254712
38734,248.18365157288784
38735,195.66798093919684
38736,454.21655901433667
38737,268.0657640620894
38738,320.1428351498597
38739,331.7816220884995
38740,259.47203655451807
38741,232.32222970677927
38742,488.5053391144245
38743,269.4474246110624
38744,372.75056655188615
38745,241.24871747233829
38746,394.4143664548635
38747,256.6793658118612
38748,289.6816361318217
38749,256.4842881646928
38750,246.9699820823229
38751,239.55487846433346
38752,224.79058697037985
38753,671.8089416640152
38754,239.81266892642049
38755,618.0344521129352
38756,242.8058791285796
38757,241.3278380190651
38758,200.8777528637368
38759,250.43991024116823
38760,426.1155645584045
38761,340.8415676258987
38762,258.79008631241874
38763,492.56847172899404
38764,174.71812499323042
38765,244.33818105802516
38766,209.50365916209734
38767,238.36105614522768
38768,448.21914747422744
38769,566.6685916512675
38770,192.57404446206013
38771,286.0987328626757
38772,308.88485863216624
38773,261.8558740648224
38774,423.2772024173829
38775,302.82152048751635
38776,402.1059674086878
38777,252.81259411501836
38778,441.2857661524056
38779,258.16087867239133
38780,251.67706824925423
38781,194.86453618813255
38782,671.3638287876998
38783,182.220134946706
38784,191.1668520030638
38785,246.73443349503233
38786,209.8852432095758
38787,303.86230585607257
38788,185.11390234239664
38789,340.37110066763853
38790,314.75132334302754
38791,250.122682527028
38792,229.2762309971109
38793,240.83903523739977
38794,192.11862167703092
38795,197.00817162192772
38796,222.53424450895764
38797,170.86374168859805
38798,223.84182518146022
38799,301.7634400648006
38800,242.1805009621515
38801,344.2329108550983
38802,358.2694162165106
38803,411.62672785099323
38804,311.45883930168367
38805,321.7768650462437
38806,259.28578048578436
38807,401.4796401850855
38808,323.7086870683315
38809,232.0518175226022
38810,249.98727426461718
38811,318.30247513688323
38812,261.53087199230396
38813,230.59446468380455
38814,198.5303779985309
38815,308.6075949285527
38816,317.723038016886
38817,345.2155961219066
38818,295.22933377096973
38819,196.39029388891794
38820,241.95286829715354
38821,444.8299923601041
38822,320.9784517523205
38823,228.1426748338173
38824,179.10238466437934
38825,241.11966985051592
38826,278.8202871086646
38827,316.70304822175905
38828,296.7112289642915
38829,254.8006210896857
38830,467.1431074561211
38831,193.28320782975035
38832,214.94232746193876
38833,256.1009351648629
38834,313.84070295850734
38835,236.53920880961192
38836,241.10534768444268
38837,266.9312840293549
38838,232.0964334252401
38839,403.680547522689
38840,211.4047553579748
38841,385.5921204416429
38842,273.32693929732915
38843,526.2462797285832
38844,189.2021028424366
38845,296.0753752002077
38846,183.19252472430293
38847,321.03204069418064
38848,317.10235904552326
38849,250.36967742161113
38850,193.0843323558894
38851,228.9342098454744
38852,218.6892444670268
38853,268.227536802972
38854,229.1802499552511
38855,212.5903142051543
38856,190.44912870466246
38857,375.02738565287103
38858,200.94577866737743
38859,240.742631544573
38860,215.36415816388964
38861,320.5709006092972
38862,278.70674984103215
38863,256.40101024518157
38864,169.3130162245021
38865,279.2702775549711
38866,200.6635761785284
38867,292.53613660763597
38868,534.5080550286037
38869,177.2504627755608
38870,448.42748636983015
38871,337.0928041706641
38872,545.4301281194419
38873,221.02818950641426
38874,340.11150272680186
38875,383.03152054418916
38876,180.3515353316847
38877,456.7226877432103
38878,178.43425114370186
38879,379.4699674631727
38880,185.4931994276308
38881,508.6363285765313
38882,200.49398295359484
38883,181.77018115484648
38884,244.19849867010612
38885,243.37352364428497
38886,227.9706858332024
38887,407.40884592305355
38888,229.7207557230896
38889,365.6426427897062
38890,203.44372464883668
38891,204.0115870345678
38892,337.5100427993549
38893,619.824538554651
38894,223.3081396660332
38895,278.2886784047608
38896,194.46120570491635
38897,256.8823390185359
38898,249.38928282464627
38899,257.5820220783299
38900,155.29681218069894
38901,315.8200168075729
38902,202.55562585611636
38903,225.7603140032119
38904,189.81507509524923
38905,218.8524515898436
38906,233.0553577281335
38907,254.0720024186722
38908,299.7828238544443
38909,245.5974492311658
38910,253.35516330523262
38911,229.02981347348825
38912,231.75665697474855
38913,256.21976796394284
38914,391.4725732213165
38915,232.83247289507676
38916,212.4086930921771
38917,242.89139019235438
38918,695.8014595564914
38919,209.82871127817364
38920,352.4844867472193
38921,215.5105659361968
38922,273.05329846767603
38923,276.02324796034947
38924,259.01576012028295
38925,366.3529921784943
38926,538.4239073391243
38927,373.40911998682213
38928,214.58484200011617
38929,218.13626021508205
38930,250.49880120021842
38931,264.97894871579155
38932,169.4737559625024
38933,212.11013495314788
38934,449.84056883130245
38935,276.9394782906925
38936,329.21370555221364
38937,250.50999113434435
38938,227.9698931852421
38939,261.378687516821
38940,188.5455423716609
38941,172.9403059055925
38942,206.25837158873753
38943,438.6377425148657
38944,203.90845789433266
38945,379.94447662512397
38946,723.146704587136
38947,424.09453916308377
38948,189.7844488647622
38949,153.6448538773916
38950,243.44589090148918
38951,252.39218028665675
38952,207.60231021254884
38953,239.67937599062967
38954,256.5102738757646
38955,266.4723439660821
38956,243.54414618826246
38957,459.0432399533955
38958,363.0484944481621
38959,246.45499232018614
38960,223.26074543270366
38961,182.11516947395626
38962,225.42302559323207
38963,460.42464630845546
38964,328.66018030964585
38965,321.9359498929224
38966,263.394130986067
38967,267.74719762798253
38968,233.68890406752664
38969,689.5578117337049
38970,298.4541695601504
38971,262.7885430433888
38972,240.60565224328272
38973,253.01996506122393
38974,435.10905840781555
38975,503.1739767306709
38976,254.38042610545844
38977,437.54508797789003
38978,207.7689176266948
38979,177.6923187075496
38980,475.89689095785775
38981,178.08311340937973
38982,189.304857789735
38983,212.27136808733798
38984,241.80116571639024
38985,271.6234501529947
38986,464.71928709738563
38987,354.8229695267713
38988,325.65835291109073
38989,185.27779546336424
38990,218.4498791248829
38991,643.6326078334183
38992,296.0311847845165
38993,228.92836255743808
38994,273.49759727696863
38995,282.8591155995315
38996,375.4789434209551
38997,276.5619636310207
38998,177.00104461284468
38999,194.87084641505035
39000,257.7831103606133
39001,257.2827855698108
39002,306.45261305239734
39003,340.57666902674305
39004,220.53856997485687
39005,250.67627891561992
39006,275.39210901656975
39007,187.243136080726
39008,402.63248832893686
39009,281.4530363685306
39010,167.1670211715207
39011,274.5085912049587
39012,269.1200941346045
39013,505.86176746546136
39014,320.9978872170476
39015,282.06953085423856
39016,216.33559985861814
39017,212.2869067834804
39018,301.33913460263074
39019,185.61735356948907
39020,228.1119784936287
39021,258.5266724929912
39022,243.8711692693667
39023,255.6852068994528
39024,258.8564751009734
39025,368.87395684550586
39026,347.0611529744903
39027,350.5965987501215
39028,181.39070038982015
39029,305.06262471177536
39030,213.1925747451975
39031,779.8034230365486
39032,179.169982571265
39033,220.28435742569386
39034,277.07975374382164
39035,176.2962934951909
39036,185.1072239972194
39037,201.6370365247094
39038,1016.627682335288
39039,318.1618847395316
39040,187.36346999772246
39041,283.8467739102263
39042,364.0958233622422
39043,313.9514417294457
39044,242.46527370281387
39045,223.21228839209252
39046,245.3908764497796
39047,268.67576378186993
39048,263.26690480103855
39049,390.28049775873103
39050,188.7326393653621
39051,511.29947479370105
39052,327.39012532255373
39053,188.55849463626717
39054,194.89703810039882
39055,483.303600626852
39056,243.5437349257112
39057,408.68527183613423
39058,322.63724082589124
39059,317.6768061304019
39060,352.25338451702623
39061,249.25583960407764
39062,211.32848931442382
39063,232.82391786103668
39064,208.4119972672675
39065,186.91476643494434
39066,243.69305629496915
39067,244.25075254654
39068,426.870920494921
39069,269.0545664293386
39070,364.5859878743487
39071,547.9526223832037
39072,207.20752911478263
39073,270.11374353767025
39074,241.4904525894891
39075,288.9916397579314
39076,274.3887515258637
39077,559.3023391769167
39078,279.20714322704134
39079,240.26461328209817
39080,235.4326856167307
39081,365.15404561282963
39082,234.9256570139871
39083,550.0098623089003
39084,228.5156816003588
39085,468.6295907841235
39086,189.7948258220787
39087,304.44153517711237
39088,303.63990031861783
39089,249.49748625610482
39090,250.10196504102606
39091,211.0522454847777
39092,213.97188089406401
39093,238.36431898971426
39094,227.86904972746754
39095,347.15952889994855
39096,332.06098437918916
39097,389.9899720613418
39098,321.9485790443613
39099,401.185559988571
39100,225.97788690380835
39101,489.67073473156574
39102,187.37922752476402
39103,190.40229173955436
39104,364.42544454817175
39105,265.81782193526146
39106,223.75766188863543
39107,593.1619704692521
39108,226.34337586161297
39109,303.52008663742777
39110,407.50619002121874
39111,208.5548851971691
39112,444.791053470077
39113,219.98265919567837
39114,239.79351820474847
39115,228.85824223617718
39116,223.92018634513343
39117,360.42189654246516
39118,673.7139374690835
39119,594.5986045298405
39120,182.54599559678286
39121,211.72723622892005
39122,357.78585449038627
39123,243.46053882546516
39124,306.06664120010663
39125,212.4391430126156
39126,256.495605092824
39127,325.29537744227457
39128,194.39795907636065
39129,183.49224099589082
39130,435.9970434753606
39131,234.57413882370088
39132,190.39218626417968
39133,261.4176948684672
39134,231.33398334223435
39135,311.2887593417322
39136,182.88060627265136
39137,233.40336549014984
39138,339.0079022642642
39139,358.7225506949374
39140,179.0930093880113
39141,214.76783662648862
39142,263.19770275839267
39143,260.4188152497028
39144,187.31635729981448
39145,172.68208088403253
39146,227.64026289139753
39147,280.6975754451844
39148,226.04301267640218
39149,315.0970160788057
39150,244.94959185091042
39151,262.4014813504015
39152,356.8892561572804
39153,255.15094178793666
39154,206.34926378236003
39155,494.32029424779387
39156,229.7259897969629
39157,189.23023714545897
39158,467.6556304518656
39159,236.8598332798139
39160,247.04149699396234
39161,223.40991934599742
39162,334.94911800750214
39163,196.63779383630134
39164,362.6053681559957
39165,191.0106501936947
39166,160.75382722444067
39167,232.14942078664652
39168,174.7740853000038
39169,505.52457837515743
39170,135.2041740799406
39171,203.54781521612293
39172,301.438834120779
39173,457.49177428193065
39174,214.84659167233164
39175,160.95274217703408
39176,224.70605859761565
39177,162.2018701135869
39178,182.11072028421856
39179,250.4930622477649
39180,259.89096953868295
39181,247.3548869407823
39182,199.8055526493527
39183,496.86332790112294
39184,245.17860489198117
39185,376.4123132981605
39186,343.97173738116345
39187,587.7086546114292
39188,170.42919561291345
39189,175.7022018434121
39190,352.3803892318911
39191,280.0175761631489
39192,301.862071672502
39193,294.6250051364468
39194,221.357199482085
39195,268.7047823485153
39196,312.6809999051161
39197,490.99370236160024
39198,276.8313330570506
39199,264.20799645728255
39200,501.9141233037364
39201,308.23585694213017
39202,197.3873801839807
39203,208.70174287852282
39204,181.3442738046846
39205,305.10077323222384
39206,203.97566894307016
39207,392.3724778447212
39208,363.0135138447281
39209,295.67323917007514
39210,172.63773887151893
39211,328.04761066284533
39212,292.91418153329323
39213,262.7170612908504
39214,226.09181831796022
39215,183.07194047643384
39216,269.75147928121413
39217,223.420229439224
39218,265.77642000731237
39219,241.4563282426203
39220,240.19859335415487
39221,476.5719129931664
39222,260.0121794305569
39223,317.9597863336188
39224,407.6057837125181
39225,266.2237603065899
39226,191.3831891823065
39227,293.54098568717325
39228,236.83915314218638
39229,293.83802640510334
39230,496.5840065552678
39231,233.35935421695842
39232,232.00325119302028
39233,178.20821165851936
39234,240.2838052992004
39235,1147.875895962081
39236,396.27937551854626
39237,258.33337432014815
39238,183.46386328514595
39239,329.851135953543
39240,324.4345286087169
39241,248.5882346861193
39242,160.21889283438387
39243,254.24576340855725
39244,387.4506464792351
39245,194.28592532840565
39246,285.22605513153576
39247,232.26215150000772
39248,237.65674859157414
39249,394.596850515743
39250,240.02435818984605
39251,252.11633763213086
39252,263.11734575117174
39253,248.78776019349345
39254,242.2375642254772
39255,250.30448226107066
39256,213.6416366895695
39257,180.88880416016764
39258,441.23229134024706
39259,270.5234515383843
39260,228.2826829706467
39261,252.71870182358924
39262,263.52291084323303
39263,269.0874169447697
39264,505.25236417072466
39265,227.43620721047404
39266,226.14944730200932
39267,188.22340571655587
39268,166.13198455036934
39269,301.9944520123297
39270,245.9361830911107
39271,258.70571766526604
39272,244.3637617569255
39273,267.60707287038156
39274,227.74027717616968
39275,450.1095559220704
39276,283.37646025541113
39277,168.21957470708617
39278,231.35506637171582
39279,428.7410024280074
39280,252.48952397071633
39281,272.83637835513076
39282,375.4527523323668
39283,224.18229319478084
39284,266.7268590223357
39285,230.2260716116764
39286,912.0833932507221
39287,568.3167685313518
39288,228.40031345283873
39289,203.94938025374867
39290,236.93840413334308
39291,337.8005714752651
39292,331.97033039721236
39293,249.3380392664315
39294,292.2595293582447
39295,240.71801649940613
39296,271.6533694973765
39297,218.74058664626946
39298,418.760931376476
39299,205.30840045802483
39300,432.85123667779953
39301,317.45672833619676
39302,398.6224962893
39303,426.3083164848707
39304,245.16730921966374
39305,166.01895260464676
39306,200.5811457092698
39307,330.5998491999375
39308,238.17413211837228
39309,257.73349970246886
39310,248.03769944998766
39311,224.92771724614929
39312,359.36987335382076
39313,254.87268514431813
39314,228.94920586997023
39315,206.0028154074341
39316,793.4707899026689
39317,177.01998933256996
39318,277.4656737961286
39319,278.85078439098106
39320,169.00758772685128
39321,404.8936202329634
39322,482.4537258287928
39323,231.2481601943183
39324,228.87137313235544
39325,226.1990503146134
39326,187.89840870821115
39327,325.81141133789475
39328,242.1740524576848
39329,684.515471375802
39330,294.44318810745807
39331,327.86261167066505
39332,335.5151393948147
39333,186.4485903026592
39334,297.1826995601535
39335,163.07204252177826
39336,396.06774110870396
39337,198.20607694986998
39338,207.33816572960427
39339,208.9630553558851
39340,300.2882136178579
39341,310.2872828692253
39342,465.823840010851
39343,287.10713690392475
39344,246.45740052354316
39345,211.83893663879897
39346,506.99973802102875
39347,173.51795814596622
39348,242.20329981824824
39349,209.336632264021
39350,237.2068087726605
39351,293.2300943867108
39352,246.67886176386045
39353,395.5614960188421
39354,367.6402721693764
39355,484.92766468908445
39356,183.70903742572514
39357,260.88872560537516
39358,182.46177818537856
39359,194.77984199263545
39360,325.1209639816369
39361,212.5846953353626
39362,209.72017493496102
39363,282.23897008735565
39364,165.70499178574815
39365,176.59499523386717
39366,283.39972810162567
39367,231.57206685745862
39368,251.39641725664939
39369,294.83948185582034
39370,268.781917145456
39371,177.2442699115491
39372,269.351568391232
39373,180.8754515142208
39374,262.70309396625805
39375,253.53843266318248
39376,215.60074442887796
39377,271.7472993699717
39378,191.94102774181644
39379,252.45852141179384
39380,204.85139022700665
39381,255.8542266652962
39382,421.7395554274008
39383,192.38238074468097
39384,186.19580826969042
39385,244.62706953756154
39386,281.3987561057723
39387,216.70496811158813
39388,239.6841045084622
39389,361.4799361561799
39390,288.31759132270133
39391,207.27145630546082
39392,236.74089672959389
39393,190.22450245835321
39394,314.67587927411864
39395,245.1924079701966
39396,256.24763990153485
39397,350.6828418091902
39398,399.6711981274943
39399,336.4486427576651
39400,238.0688967428372
39401,315.2003129667645
39402,187.2808949176278
39403,299.43859310881356
39404,275.25435157507525
39405,285.1060528222336
39406,238.711476573852
39407,291.24654031525654
39408,152.26644148984667
39409,215.75994432339786
39410,315.80383310654554
39411,435.9995519431257
39412,232.15243200382858
39413,217.41379702880386
39414,484.4412005992436
39415,190.26464308534418
39416,383.79782058377106
39417,281.3176330396314
39418,220.49400691725285
39419,167.8129788003727
39420,222.95352838072256
39421,192.47515763385283
39422,221.38105190480485
39423,275.6215811677292
39424,443.0465313519864
39425,245.4882816991119
39426,256.5376800490454
39427,229.7588910313891
39428,178.01977529746412
39429,211.3075210855399
39430,170.89542492817915
39431,357.56145780916046
39432,236.3299485603557
39433,343.84725636123443
39434,391.0575836456552
39435,885.6956055082096
39436,227.81589635866538
39437,181.82286053740464
39438,228.29799990491873
39439,200.4188749926043
39440,197.7204191526389
39441,195.62030522864305
39442,181.3048614929561
39443,278.7935195328311
39444,264.51578517794695
39445,229.46798198426563
39446,277.32887130580025
39447,230.70662860447962
39448,284.77455941316975
39449,233.36947739118284
39450,312.23737191895066
39451,172.231221303373
39452,348.6084024681265
39453,207.3737991398259
39454,193.11779550335902
39455,414.2333744690513
39456,266.2780814723439
39457,419.06575852989687
39458,212.12039069089957
39459,210.88740624774314
39460,229.22361169294518
39461,261.4769922574541
39462,577.9816450970301
39463,188.74378442100905
39464,246.29008570320883
39465,196.18637354985137
39466,395.591486924291
39467,190.0426998752957
39468,210.4675555271222
39469,256.89160201020013
39470,319.5825091954095
39471,437.89772173267795
39472,170.5831190732686
39473,313.0005209106347
39474,486.41432911150633
39475,228.30979968959005
39476,522.6136225942427
39477,299.0437540587854
39478,230.8032234914658
39479,212.11301662288255
39480,297.0835930420085
39481,245.364230929513
39482,165.05467032131384
39483,336.0708201138945
39484,295.5712039953709
39485,192.6173399460104
39486,304.811550591933
39487,366.6726527661258
39488,245.34347586711579
39489,276.4737983839275
39490,205.91036822501337
39491,300.2383317716928
39492,239.16882315265372
39493,452.11126687974956
39494,402.7779558879757
39495,336.80674487156153
39496,382.5936321276494
39497,358.4371339444084
39498,1337.2084103798957
39499,273.768474524932
39500,221.87330204534715
39501,234.3852499096862
39502,400.4209190714631
39503,228.39483940424216
39504,188.7008183421127
39505,244.02659130934083
39506,191.42388586819106
39507,204.55093897239075
39508,224.5555499360971
39509,268.4104121516663
39510,194.46678504472726
39511,174.38345619506063
39512,650.6989030466464
39513,211.02033649856
39514,663.973558456413
39515,330.47078284304644
39516,328.3608319623707
39517,224.0333379087743
39518,166.5708823169589
39519,618.4278906452361
39520,193.48319136793833
39521,239.33278129225513
39522,198.3541136878846
39523,283.35255173638706
39524,208.09997429856676
39525,245.96085491135355
39526,242.6059863066518
39527,292.5692842788323
39528,194.11929812912715
39529,364.84404499836546
39530,342.035495358018
39531,768.792293760635
39532,384.39761612118855
39533,242.02935333249604
39534,800.452825248589
39535,215.36966300544893
39536,4972.411340789014
39537,220.08752660251108
39538,256.9578800329626
39539,337.81358456858294
39540,324.69829594963744
39541,177.92225153845172
39542,193.00321984279563
39543,378.8716740710045
39544,268.53827866861417
39545,322.0533777879144
39546,206.39249423614606
39547,215.13471122023208
39548,300.41936833457027
39549,301.4212321110207
39550,199.24048279600902
39551,368.83528878822386
39552,228.5290152294475
39553,263.4987965035108
39554,339.4550178017426
39555,590.5501562139989
39556,199.1613885001848
39557,269.6969837031169
39558,181.38672372664522
39559,186.3034878224328
39560,395.99608891460207
39561,245.82933843246596
39562,339.9000645781727
39563,463.10313136883866
39564,475.8897197793085
39565,245.7238008897886
39566,257.90571414829793
39567,194.21037843854407
39568,209.04749897908673
39569,279.30345427398595
39570,223.7250506992996
39571,214.1926026911974
39572,232.65027036119804
39573,166.73251694131716
39574,272.053464584329
39575,220.5065139990065
39576,346.3535321225955
39577,199.35721859783015
39578,1211.0642710608456
39579,330.52212171585677
39580,327.25405087380125
39581,237.50938093368552
39582,214.81600051792475
39583,290.905453174294
39584,211.34837460721593
39585,173.0769074473853
39586,212.3285174665111
39587,228.4964367199129
39588,149.5698044680108
39589,248.5302610864586
39590,232.42342204754934
39591,621.3205449476179
39592,177.5078521402082
39593,220.56827260877097
39594,203.29600797626875
39595,183.9766515042885
39596,285.3253860457286
39597,244.7140465517544
39598,232.60461371712717
39599,287.4155022525322
39600,247.84190252871193
39601,377.306619586628
39602,283.22767900054237
39603,178.1423249368056
39604,240.21074607875866
39605,220.26272195588595
39606,166.61880272353247
39607,475.2729526925327
39608,252.03177407188917
39609,204.36711282427476
39610,214.30853720664274
39611,258.98873446058263
39612,254.65300015224182
39613,211.3628364569592
39614,221.48149958804638
39615,539.6584900502904
39616,187.76290636861225
39617,187.69294497321303
39618,177.21943500491378
39619,605.3073086144917
39620,243.62725845238523
39621,245.99334227044594
39622,210.92606816239078
39623,210.81369972687588
39624,204.51413513782938
39625,213.8746554780034
39626,258.33556889103016
39627,241.11121858947658
39628,318.89262605121667
39629,184.5483613398616
39630,547.9116673461681
39631,276.3307278214434
39632,193.580894109825
39633,230.3783397879209
39634,176.90746436663133
39635,415.2043960508595
39636,319.6405840297369
39637,210.05028361490142
39638,235.66682960684076
39639,297.10084897339425
39640,362.15660243708277
39641,228.4780993760998
39642,263.5419426947217
39643,311.9481234235993
39644,249.90108942504247
39645,238.81061668638185
39646,255.9681242992553
39647,190.5186728536584
39648,294.7135757265553
39649,255.13384447117141
39650,351.3968299765143
39651,248.92579150488692
39652,264.36370161020983
39653,245.94615314945293
39654,278.03807681169235
39655,253.04052677289047
39656,337.0202800316868
39657,472.7446587079775
39658,357.47170485054403
39659,346.5716590311655
39660,262.1647774991166
39661,237.60057866577628
39662,241.09874472963153
39663,385.9116275067987
39664,184.14081903358917
39665,278.7146911767939
39666,218.9966560551888
39667,205.66957425754487
39668,518.827381436625
39669,379.491407619995
39670,255.32603393205713
39671,414.4533577477079
39672,202.66348321885476
39673,184.9272383031974
39674,309.4770247616025
39675,186.87871248733617
39676,226.38951908683163
39677,243.52045315346737
39678,248.84642701269632
39679,254.6743503187809
39680,332.6919210853978
39681,232.31566524336284
39682,216.75467706443504
39683,196.11650897270528
39684,404.2602270474935
39685,171.53024780347903
39686,244.05990193527643
39687,569.6428130617836
39688,330.41033876621606
39689,426.6523980885439
39690,201.98678973604063
39691,359.6569910991564
39692,224.4554587571659
39693,248.05482089941842
39694,213.876132668351
39695,225.5344743977838
39696,220.817558409305
39697,242.21296942967922
39698,399.1486387819837
39699,253.42738992664167
39700,301.8630834607659
39701,521.4912814892318
39702,249.09472820678783
39703,329.0493326110752
39704,260.27090952361374
39705,627.9678833715128
39706,218.76811732401217
39707,317.28091349150435
39708,193.40638015078093
39709,264.9079810454579
39710,169.3425592477164
39711,237.9302360448899
39712,345.44237396038125
39713,657.8381732408759
39714,296.6992496747353
39715,249.68978888793177
39716,221.04392048098217
39717,365.39008685021076
39718,246.16711005836473
39719,193.9608387428783
39720,426.9126262599375
39721,374.98402193537044
39722,295.99306830464883
39723,196.13921207481658
39724,226.98914639922106
39725,213.9866604584966
39726,244.53574754373926
39727,194.46571005726923
39728,194.30413419795337
39729,391.71067984972575
39730,250.7156354202782
39731,512.4517051516722
39732,225.15745989094924
39733,338.3415235655092
39734,220.80806250302032
39735,253.366659821918
39736,249.16182606981144
39737,329.6986100937733
39738,253.2040932464963
39739,261.59922952838747
39740,316.78212237229707
39741,192.7175620743518
39742,201.2721834287739
39743,264.16667215122465
39744,167.32609659466186
39745,218.64803851644982
39746,368.6631962473639
39747,138.7124106749882
39748,213.01208902072216
39749,229.59903849262344
39750,298.12076487255524
39751,241.58077666666225
39752,225.52156026186452
39753,169.44847416912424
39754,195.72203635348058
39755,209.1538330928696
39756,247.7555502893013
39757,355.7021125552696
39758,251.23067290733647
39759,257.90791740320515
39760,570.340002089306
39761,246.66013562362582
39762,221.5793328174866
39763,666.3833445877774
39764,267.3916055000537
39765,240.51144033370574
39766,272.008400591042
39767,228.33060114786613
39768,267.2841437600891
39769,243.23292039811565
39770,273.38561855010465
39771,318.0004558061068
39772,298.7806764544843
39773,273.80123176621794
39774,222.96793005598542
39775,324.98676549112315
39776,197.51854371143662
39777,251.1650468296237
39778,211.72370906241485
39779,314.0818712730501
39780,265.4683395614037
39781,665.3007572109041
39782,224.0056330029978
39783,402.31818615558456
39784,273.7250526332366
39785,362.71853267350946
39786,205.08212959593615
39787,231.26645278824202
39788,266.2845650161918
39789,253.429124225368
39790,200.60122273231133
39791,271.96587278917946
39792,300.0655366626662
39793,220.86550695813705
39794,208.65578497936397
39795,246.52173976329607
39796,184.66894128497168
39797,1416.9214643158148
39798,219.38116411392176
39799,189.6869046388926
39800,370.4947913631362
39801,222.39402113464018
39802,236.48702334910018
39803,399.39869465524487
39804,406.56218405670535
39805,354.8619827895299
39806,366.30800606530664
39807,525.0543827869711
39808,526.188506399257
39809,232.41065638490946
39810,235.5550896704082
39811,192.77193060215419
39812,351.35249782856664
39813,243.36968648667713
39814,242.42589904626678
39815,203.1938214098454
39816,210.884241219079
39817,292.0109978512731
39818,239.54143103736382
39819,599.8443889169282
39820,427.7101908281338
39821,174.9142646416666
39822,251.86579263076464
39823,242.78329719234233
39824,287.82748125180325
39825,245.69227699778617
39826,183.05149726486388
39827,430.1888513138906
39828,373.435107767648
39829,416.79400167173077
39830,253.12831508311334
39831,281.26778849146257
39832,316.00640300065805
39833,400.21228952120197
39834,252.23815719894495
39835,362.5084724510126
39836,165.44699684876784
39837,207.86548403673464
39838,274.9534309507374
39839,400.3820276772606
39840,299.5016246845975
39841,413.9722892001586
39842,436.54026783947836
39843,248.8928328551085
39844,213.618895452812
39845,179.08372803337335
39846,235.11259010365077
39847,165.52042467634442
39848,269.4006094789626
39849,388.2935671549314
39850,246.98518829186452
39851,293.73785368356187
39852,217.99791468043432
39853,343.0422463677618
39854,341.7188403648525
39855,241.07452897787633
39856,279.7294788492146
39857,244.71813749452613
39858,231.07828804168133
39859,244.79615131872654
39860,240.50531049405362
39861,355.3984574622531
39862,427.6532563175317
39863,303.3612019239069
39864,212.28145358925102
39865,390.49423308961013
39866,234.35231511956462
39867,346.1220072914245
39868,235.40815769616367
39869,266.7023042026005
39870,482.8074700122981
39871,243.70572006709148
39872,270.9861288318965
39873,226.52737148685267
39874,579.9086688583977
39875,182.1153187732794
39876,211.54908428106108
39877,308.39114519970855
39878,253.35705150354823
39879,213.6723905854236
39880,217.19916220538542
39881,200.2601070961983
39882,228.09985110436736
39883,430.0074016378342
39884,226.40452383844556
39885,615.3508605058938
39886,215.4422076335178
39887,285.6892011514381
39888,206.2771611809646
39889,234.81532171609254
39890,305.5717120072457
39891,352.287882167992
39892,204.8937214135689
39893,640.658228995894
39894,289.75729506100333
39895,189.00247891982977
39896,208.48865115196975
39897,297.8449848394167
39898,213.82603606073627
39899,246.83716402520665
39900,349.90081381464495
39901,370.6962400983872
39902,312.0606619903316
39903,180.71275447080936
39904,555.9330780264947
39905,238.43105073334473
39906,560.5400489096112
39907,323.97455015708545
39908,295.38364714889684
39909,366.85477619109207
39910,318.35279323611485
39911,340.70909373472966
39912,252.87375499262512
39913,186.62237317694792
39914,252.89223985563726
39915,183.44631394981113
39916,446.63483483022924
39917,176.56332898193023
39918,300.6627928067439
39919,430.4559167840924
39920,213.68725239373464
39921,340.7888768256404
39922,289.10830181343204
39923,294.24733876714487
39924,237.91985362621742
39925,411.5395435053329
39926,240.5717772993479
39927,294.7720029132072
39928,345.1855028819224
39929,266.91393388426184
39930,179.22158777160055
39931,327.2735352595659
39932,466.7835914487336
39933,310.1781077555689
39934,297.39789499759064
39935,490.94261719933
39936,1219.2404063110248
39937,236.26722369775106
39938,449.2027376248495
39939,205.07622644399513
39940,266.95064758283775
39941,240.97848924416485
39942,202.86778923225373
39943,335.03954593430984
39944,782.8323075261192
39945,618.3392352657075
39946,140.4983674289506
39947,316.9578291308977
39948,325.066422911768
39949,315.70872225205915
39950,379.1854875401093
39951,293.89407258088926
39952,261.9388677556371
39953,223.2953093334465
39954,231.99684456616376
39955,346.9025037832423
39956,166.23629409944138
39957,368.2970956644245
39958,448.3379503418764
39959,190.25082384024492
39960,256.72264682416454
39961,238.54048931148122
39962,210.72987335193426
39963,266.7765491724091
39964,186.95680064972612
39965,290.492472168944
39966,435.7955807082601
39967,471.44494109866235
39968,417.71229430046634
39969,220.37638216926285
39970,376.859030376928
39971,274.7646720196844
39972,188.13242543690927
39973,195.99135703401902
39974,235.99351833665497
39975,182.52381105972844
39976,321.00869381142087
39977,240.7238956858766
39978,245.54501923026135
39979,315.7159401083607
39980,382.7615994585612
39981,182.66173122855483
39982,216.44708814108535
39983,206.4602577877396
39984,251.49313452544067
39985,272.2216841695418
39986,391.6909177643465
39987,441.625824480401
39988,465.51097330100254
39989,238.29231863648823
39990,240.337619675918
39991,297.9804249722401
39992,354.92732824162437
39993,188.8139876126118
39994,227.83744762389733
39995,288.76186798894054
39996,243.12194985184567
39997,219.3051748613687
39998,297.3846470451565
39999,368.03547665917756
40000,349.9990825228305
40001,257.5278346359025
40002,166.2165270279253
40003,297.9017247796053
40004,225.39315646195357
40005,474.85491119700845
40006,201.7844309019286
40007,332.07053140131563
40008,280.2137859674916
40009,582.291497887329
40010,612.6843384680551
40011,255.159365745437
40012,276.32719770574937
40013,169.37834630886172
40014,540.5496228964256
40015,297.21615671070106
40016,211.23316744083039
40017,357.50449047283644
40018,230.80524510775837
40019,303.1472394095568
40020,377.5938859506885
40021,816.4418926854088
40022,279.0650397497512
40023,255.31333960667655
40024,233.49476042039538
40025,204.686993141564
40026,261.2810777556002
40027,434.6771544664387
40028,337.85737696823827
40029,247.71362146719008
40030,253.1416135318084
40031,235.60149105349964
40032,557.6208336486567
40033,303.30647603461625
40034,705.603645353449
40035,379.6296212596285
40036,1040.4443090168577
40037,216.0962581018153
40038,425.63846551017735
40039,236.3868663969266
40040,384.46710959028985
40041,400.96814668269246
40042,329.3225163738466
40043,160.2983672634551
40044,581.9859209384933
40045,453.6080094049947
40046,225.91046200254414
40047,193.14425545864057
40048,316.793924864738
40049,238.78312094097097
40050,214.59820819039828
40051,415.35203115846343
40052,289.4472339854408
40053,215.55089622683602
40054,514.716092531929
40055,207.12977615101929
40056,231.3865349708925
40057,288.99764230190476
40058,172.58364801345465
40059,328.4505745851568
40060,420.39558289296485
40061,366.51944626914764
40062,204.5353803552544
40063,292.7501854074134
40064,230.47585715824513
40065,222.0612625815408
40066,158.9606212350185
40067,366.63205686946105
40068,270.2195771837023
40069,266.84423466165146
40070,249.794353639292
40071,596.2611626941103
40072,607.9120330022984
40073,226.7636162111678
40074,557.197084357738
40075,683.2959552858536
40076,219.40570239143736
40077,490.1017283112795
40078,256.31806506182426
40079,286.73048838104404
40080,761.8224535818159
40081,269.5664797956184
40082,198.4133424670394
40083,331.2405737566984
40084,276.0337258914561
40085,259.5389885672608
40086,213.87537029866354
40087,245.8026481108194
40088,398.1279756295843
40089,460.6791384532357
40090,431.31586246365714
40091,519.9339337666677
40092,191.75836506663225
40093,250.82861518864553
40094,176.64834684075342
40095,474.18267408285107
40096,322.57751729128876
40097,1542.1770974139104
40098,211.70309167958973
40099,187.4296736704527
40100,196.30560542652307
40101,254.63889549688986
40102,298.4716503408055
40103,265.3919402355129
40104,237.8698283258689
40105,397.4034507032588
40106,491.2836553765418
40107,248.89660254837946
40108,179.48534255909536
40109,178.71318877170194
40110,358.272460536428
40111,495.87593947130335
40112,271.1954493666946
40113,191.2678356019838
40114,179.45260958239513
40115,279.6551871612513
40116,244.95297629235466
40117,195.95930346080692
40118,227.33790064243175
40119,190.84901356851043
40120,312.6148396410025
40121,276.5095333753543
40122,247.41107065707936
40123,202.5203055491287
40124,398.88084123186775
40125,511.5701023109185
40126,236.21325379052996
40127,351.1958164057984
40128,291.9342066577758
40129,225.41595658664497
40130,208.35174583263546
40131,196.12084020475635
40132,321.68200911533734
40133,238.13798139919126
40134,277.3472531233713
40135,249.3955941619111
40136,315.59613957234393
40137,277.2899808549205
40138,247.14470666546677
40139,230.9436632232696
40140,170.07284551015803
40141,250.27474478856763
40142,327.39534538816264
40143,241.25816493205778
40144,359.0527224777895
40145,239.86821467732028
40146,225.73680797721448
40147,317.87753363497035
40148,166.81409744470582
40149,338.5513454758948
40150,233.58568425598048
40151,228.43162264282415
40152,231.33798748584877
40153,220.47556491902787
40154,177.43951633747074
40155,608.4132981710922
40156,355.4090661551126
40157,353.0994060819043
40158,214.1178407013645
40159,332.1479865184912
40160,654.2440118299065
40161,552.9450032637977
40162,309.79015478552384
40163,193.3191247006914
40164,258.98816792487617
40165,223.26795076073398
40166,338.78868128236496
40167,1059.0854551299435
40168,313.95946446440564
40169,351.9204020738653
40170,221.83522780955101
40171,300.57961704524416
40172,386.44343530225956
40173,191.09544365155455
40174,233.5721510513826
40175,232.62043126687846
40176,232.55890713928952
40177,977.2929030020321
40178,246.147704553303
40179,262.7676239394813
40180,196.1443105807587
40181,329.87173546264745
40182,402.89772305756134
40183,248.6888970554111
40184,291.5641952957064
40185,241.72526523143526
40186,251.7644626515069
40187,355.70261116586965
40188,241.52346071668455
40189,175.7054075318541
40190,176.68497669530302
40191,319.52725173569974
40192,235.02234567320653
40193,240.50759322971334
40194,366.2536378743012
40195,224.28800304556466
40196,253.51685098383965
40197,172.92743365931887
40198,183.53153729978442
40199,307.6141988060192
40200,437.9604290532185
40201,207.7462251260406
40202,170.04168690885223
40203,293.61835896363897
40204,212.30854826579036
40205,336.76587672762224
40206,266.51485979813515
40207,246.17770425430396
40208,251.6172834233216
40209,379.65414390153103
40210,414.7878314417596
40211,235.32539919807814
40212,318.52190500213425
40213,211.38551528947397
40214,158.73614601254505
40215,270.1357587128764
40216,174.29181414560136
40217,259.13555143078946
40218,321.27507526386074
40219,680.2815579397491
40220,246.47332113183862
40221,283.666037594828
40222,331.12309739063454
40223,175.64749687206333
40224,243.24362533809514
40225,224.13632824500584
40226,210.20858361810062
40227,241.90161520992217
40228,282.9259455851085
40229,276.25280176695026
40230,458.2544180087735
40231,234.3149195123813
40232,362.04089751629846
40233,258.07344973621247
40234,443.37351134146246
40235,175.54305781211366
40236,199.77773671168228
40237,324.7086456194392
40238,399.64215319657137
40239,197.75073468944697
40240,181.57616952801885
40241,180.7856405778083
40242,927.4639724865152
40243,238.53750466106428
40244,251.90147813500215
40245,487.8756851515385
40246,289.53845908760536
40247,264.4590442228841
40248,326.9518467335461
40249,303.53375454225915
40250,363.70475184300426
40251,330.2669898293742
40252,422.77337767981766
40253,299.9286251389272
40254,162.80995059383616
40255,214.3549507453005
40256,300.261174787278
40257,327.58427380483334
40258,206.1767291741503
40259,284.99655941339995
40260,333.82734997354544
40261,212.51006206951263
40262,181.25414562242392
40263,187.73991678821
40264,210.0819916713746
40265,278.25141031723996
40266,231.19145229415133
40267,246.83441577327056
40268,266.474525820264
40269,245.21910726854415
40270,289.391023233184
40271,238.48062303931187
40272,201.0830054000086
40273,344.7285370717372
40274,226.82404413079286
40275,618.8892651449552
40276,206.95676270451702
40277,411.23373072875074
40278,236.01712192310939
40279,199.20317616771953
40280,188.566962204282
40281,441.2336566558057
40282,515.4036516055374
40283,305.8098407005969
40284,244.5304092132258
40285,406.80997930473234
40286,316.19132898710933
40287,456.9770165886366
40288,439.4971572428587
40289,298.57887384653696
40290,532.3554031225264
40291,436.8933728426577
40292,241.1926043647619
40293,223.40551994251044
40294,181.8344059044378
40295,248.0394864486074
40296,579.3986501015871
40297,173.49289835215123
40298,224.66239314156547
40299,281.8193436388939
40300,169.70431344191206
40301,219.56035329957646
40302,445.2755453122254
40303,351.50580637760964
40304,204.85620008912377
40305,355.1044617184848
40306,268.0152266329586
40307,560.6607657345601
40308,348.2863792678908
40309,257.73918258413175
40310,202.45073986945656
40311,184.45965956114182
40312,239.52727501035352
40313,262.101219740505
40314,217.46709703968568
40315,239.60048774246405
40316,219.57671805464267
40317,217.26467816475676
40318,312.4569215380456
40319,576.5939172985136
40320,202.89267202671218
40321,246.21054848015385
40322,226.60847009430768
40323,211.57898698700285
40324,156.95086652813274
40325,374.07836062662494
40326,280.3922423280993
40327,479.1367864781024
40328,294.4909541950917
40329,368.2992464998256
40330,381.5997867485048
40331,231.2051907189098
40332,410.0002818447939
40333,255.1566100918576
40334,185.1802923144197
40335,192.29937795695201
40336,182.4568020127353
40337,283.83879688484643
40338,185.6689944917961
40339,318.13214323198963
40340,231.40643859750554
40341,169.79803493922597
40342,439.0829559176043
40343,196.9923997415989
40344,488.06025177306105
40345,505.1366745562689
40346,184.44147682924165
40347,211.74987984151946
40348,236.51459227735396
40349,282.23165579897
40350,246.37419840939648
40351,214.7419973861373
40352,236.01660132952262
40353,242.24414163669033
40354,270.54953826735624
40355,202.08626359256374
40356,636.4116776347136
40357,234.22050918489896
40358,249.3974278016715
40359,236.48786169628917
40360,221.05166400154204
40361,423.29970018796985
40362,243.00392215517982
40363,226.49175967995617
40364,182.1958224000613
40365,272.6464883244707
40366,303.61654384279217
40367,251.29961184366806
40368,240.72787484576892
40369,249.64089458337912
40370,259.50937678863966
40371,174.10562059181112
40372,262.2118842046548
40373,367.42169689207725
40374,224.10193589390403
40375,509.77729367014774
40376,282.81838295160173
40377,278.0546419994715
40378,212.19146212497836
40379,193.80946119015286
40380,318.66661920747384
40381,430.33824202880623
40382,199.7608899984231
40383,187.39193601871457
40384,267.2723276925308
40385,196.8629863417819
40386,355.1399776797947
40387,240.29074052047662
40388,395.2073145294156
40389,201.96078521014573
40390,414.43489221756835
40391,347.1722686164501
40392,297.07806796882494
40393,243.6565719254355
40394,265.69413819574885
40395,237.94338159773278
40396,291.32991626655996
40397,133.05592421481626
40398,231.75245196345037
40399,213.42869034689525
40400,324.9222328327119
40401,229.18285171210002
40402,352.55186229126184
40403,261.49017055798487
40404,385.4644830348805
40405,252.4982122790373
40406,353.2418555280586
40407,229.12339243701544
40408,338.59394742001996
40409,285.35407749133634
40410,201.37966589330375
40411,173.14042904782056
40412,223.36712596224083
40413,167.00685332386115
40414,228.89198633365436
40415,241.60226154308612
40416,306.275597589891
40417,221.52729182967101
40418,316.9472314299174
40419,153.2008853394098
40420,255.24974227189423
40421,233.3547644767603
40422,234.26281092619996
40423,437.89679981447216
40424,255.47559094041412
40425,288.9721243121084
40426,358.01128983799526
40427,362.2892550958417
40428,256.558646816677
40429,228.45398754640536
40430,384.0864926422584
40431,212.52108073962086
40432,283.16999956467083
40433,249.82638086286744
40434,246.5012773247706
40435,399.509244694553
40436,223.3252174691554
40437,240.44496953484511
40438,230.2773941898395
40439,179.54208551142486
40440,491.50001705227953
40441,844.8558837384074
40442,324.01092953534163
40443,293.2293198755778
40444,236.13316459671913
40445,207.66721491023893
40446,479.75396043519913
40447,203.77884033648925
40448,316.9176064613146
40449,226.20053266703513
40450,285.1851634290607
40451,363.97107526527884
40452,304.5336078884294
40453,278.75724749424523
40454,272.1395031165502
40455,213.46463728161638
40456,230.2348129259317
40457,228.60351122939443
40458,297.1204957671533
40459,216.56575669252825
40460,249.22623505345732
40461,560.7330268180739
40462,288.4247851592074
40463,177.13631530770135
40464,311.9262434998291
40465,193.8648306943182
40466,255.33329247119858
40467,241.42079927871916
40468,852.1792230028094
40469,196.5049001503097
40470,240.06962418199225
40471,417.5356804015969
40472,310.5498414845781
40473,160.5829504696377
40474,333.37959255532326
40475,366.5770512831783
40476,188.94307972953476
40477,203.07692440408982
40478,189.54806187558705
40479,257.7034490414582
40480,721.4715189480086
40481,277.30504523659147
40482,156.03372594009866
40483,319.95063724721035
40484,224.35897551506704
40485,346.1423486414168
40486,200.490631086079
40487,350.11697080429724
40488,216.48783329845025
40489,184.2255174483847
40490,318.00180611268723
40491,217.09090374298694
40492,369.4417746652325
40493,353.95567399883817
40494,293.25587663487687
40495,387.65122229135596
40496,343.11721946717824
40497,206.4855473639414
40498,306.3152665929543
40499,228.60837763240664
40500,335.41627019658455
40501,280.7773015931518
40502,229.99251001718764
40503,804.6550491243012
40504,272.1532744794919
40505,263.78993219985904
40506,195.83444026928652
40507,241.65710740820995
40508,457.47363287352437
40509,232.0271580507633
40510,177.5957048723796
40511,172.27030891044578
40512,190.9421383805566
40513,241.22940863661307
40514,272.16310279849137
40515,171.7749646657882
40516,228.7023684589692
40517,215.02647923863324
40518,179.51757065368457
40519,327.0684002559344
40520,419.42211655354026
40521,171.78022293452892
40522,203.86902448282638
40523,285.34815510377285
40524,400.14260808093405
40525,378.5866822157988
40526,200.53774150988858
40527,235.81355452897262
40528,195.9348876543028
40529,386.10941250279535
40530,400.2434126669413
40531,217.6419949017476
40532,348.1823415860029
40533,188.5834305934903
40534,235.2210486989088
40535,207.72156119095695
40536,227.28026046116253
40537,272.52991467775615
40538,226.6259121564615
40539,200.47688215690454
40540,233.23552725426458
40541,234.1948127645886
40542,207.0996178062754
40543,237.9608426209677
40544,315.332254130497
40545,256.8293056045858
40546,247.43528727536872
40547,308.61659886952486
40548,231.7194076492217
40549,233.98937015749047
40550,288.6243550990384
40551,250.73527783704952
40552,183.9749377347144
40553,231.90983468570832
40554,201.9181594736055
40555,252.7121767349131
40556,181.472649422971
40557,268.334391178335
40558,204.68890122227674
40559,415.2581425970813
40560,227.29084788729352
40561,191.81797982453213
40562,570.559280878872
40563,228.48502928293945
40564,209.76671174012287
40565,238.3461217892324
40566,181.87306378981378
40567,338.9851477230069
40568,283.4584667167098
40569,383.8837942702378
40570,608.0553959426672
40571,259.8557361665926
40572,352.7378865321616
40573,286.3883755523986
40574,270.37379426827147
40575,187.34368509218348
40576,279.38645425712934
40577,417.15986603830976
40578,226.82577155226127
40579,347.3493741287991
40580,306.1819994646892
40581,249.3134328545974
40582,292.6394400277333
40583,285.8067799601298
40584,246.3263213431185
40585,278.1086441421792
40586,287.0501791326962
40587,403.2512228245037
40588,289.1191508971453
40589,184.9852608171016
40590,292.21289467885117
40591,262.3850283454772
40592,227.41923661827326
40593,297.03019428542314
40594,199.66985540461116
40595,216.1412709846315
40596,370.2552730567815
40597,198.42228899306016
40598,374.61351658280705
40599,263.51580490032325
40600,279.19577537681545
40601,640.6236995532979
40602,210.1977859313284
40603,187.5787667481656
40604,332.9795453588248
40605,341.2628563028248
40606,280.703599179888
40607,245.13215174452208
40608,223.60127967086453
40609,161.01195116475108
40610,477.02918945733575
40611,219.47332529985707
40612,198.69593507287246
40613,263.0264653815588
40614,588.577642783007
40615,337.4971858041139
40616,226.0306410864636
40617,243.37804167705684
40618,223.9119599767797
40619,292.4061322261173
40620,178.3019820885222
40621,353.77101106586093
40622,188.22803027917362
40623,537.7395648853902
40624,222.36764858627575
40625,232.59894325453445
40626,322.9748726654992
40627,190.98799639949146
40628,206.96195596811094
40629,310.0209395143453
40630,382.439409969717
40631,395.1331977577539
40632,239.80305085664705
40633,257.4573032365257
40634,283.77152953379516
40635,342.142336396771
40636,183.13447385185643
40637,192.27896049766665
40638,232.6296060530212
40639,213.1910269201217
40640,187.301640170499
40641,235.33997244196615
40642,297.4542878795947
40643,282.76853527706555
40644,309.05892991349424
40645,608.4527391562999
40646,289.5105220315827
40647,229.12975049671581
40648,201.89981833531135
40649,139.8656514375825
40650,191.83119608023176
40651,219.3702133351659
40652,183.53939059074742
40653,462.87307590824594
40654,202.2315243292614
40655,302.4262260663508
40656,235.46658619826627
40657,341.105850680603
40658,196.96652164111234
40659,338.2280072813297
40660,233.8271265685123
40661,209.05055069725717
40662,212.78998976936802
40663,215.50289432977746
40664,183.99084065863974
40665,188.7309979766976
40666,199.24776198150286
40667,260.13806259537114
40668,218.11199555678832
40669,253.22052041680675
40670,280.8411463027544
40671,372.9173579964772
40672,221.18540388927664
40673,310.217238530284
40674,176.89763805860431
40675,251.77894377772864
40676,340.18161666314114
40677,429.56808982128166
40678,312.5300680031343
40679,307.8824938024784
40680,793.9683561067995
40681,200.04834931097892
40682,254.68332022823523
40683,173.6676471488405
40684,300.0924873143857
40685,192.67862543449195
40686,325.4269160353187
40687,169.16685944301886
40688,269.2661737339107
40689,362.1757336934138
40690,207.8203589899934
40691,236.98602445000245
40692,300.6243448829743
40693,248.86920833864076
40694,167.774051855755
40695,307.2978600416043
40696,309.2544514471987
40697,305.5147338150011
40698,177.5411631682257
40699,375.174204844077
40700,273.70592911812287
40701,285.6212859320379
40702,213.328599030818
40703,230.32053670492365
40704,644.8695694922669
40705,362.3645668147915
40706,254.08522336747257
40707,357.56625782856304
40708,249.29677645033271
40709,207.33010521145684
40710,257.22501104869554
40711,242.7927741060889
40712,258.3635221596071
40713,328.6996429893018
40714,192.94287364280385
40715,207.66974552551542
40716,246.0743975491649
40717,251.69093777672325
40718,321.0519713762468
40719,249.66610444593405
40720,491.9743753552635
40721,630.5552274302344
40722,263.8379034265585
40723,203.3079133092011
40724,174.39379175367114
40725,227.71639197735152
40726,322.28367938708874
40727,238.61813544929893
40728,176.33815711289947
40729,272.33692989023746
40730,390.01049313339627
40731,287.028487846835
40732,349.1089237231547
40733,362.40163616539144
40734,350.75196697546755
40735,228.08189962658895
40736,231.23610154325291
40737,234.56811397383927
40738,179.2608607400661
40739,391.99655850829737
40740,181.75422141086545
40741,322.13995024730633
40742,187.32433959807088
40743,547.641980857755
40744,324.11043489019954
40745,190.4556713828358
40746,239.13434365367542
40747,222.80544485551954
40748,287.5310907357094
40749,310.2739664595621
40750,258.2614775694755
40751,243.3677009375311
40752,190.91240338137925
40753,258.796451258608
40754,199.4203240726809
40755,357.55536247432906
40756,253.04543288244108
40757,262.57851305163433
40758,254.52276437332745
40759,544.8841704232208
40760,511.57047948035984
40761,226.2405538636621
40762,186.85978533120812
40763,234.7091547570033
40764,363.6084987387555
40765,264.770078522035
40766,196.3608103660298
40767,327.41507410997195
40768,352.01076128473227
40769,169.801335872668
40770,220.75024289998044
40771,585.7980519591719
40772,242.2357530645887
40773,193.96859520866226
40774,299.19945167826285
40775,168.76874645573082
40776,268.3767527065684
40777,339.0352558970749
40778,302.2626950633448
40779,165.34759341395633
40780,241.6953900213584
40781,246.90049729579343
40782,298.2707236109487
40783,272.283928610449
40784,255.7450139988867
40785,205.96520284079787
40786,293.5900889820447
40787,219.11634894540197
40788,252.95569597009685
40789,221.13531875735845
40790,287.81430938833256
40791,332.95421745921817
40792,221.2792425427197
40793,189.43685208985323
40794,493.54806747560804
40795,286.6821525892552
40796,178.1345719498282
40797,218.75063691652701
40798,459.4242233572379
40799,480.58975135167606
40800,193.79834836563273
40801,262.023194400051
40802,305.92428863196494
40803,302.29558470176755
40804,350.7076954114962
40805,195.183709796341
40806,280.5965184496165
40807,199.7378548785436
40808,196.0363576382433
40809,258.8257421696932
40810,213.01393933828203
40811,245.90099370437682
40812,226.42787232232675
40813,256.8290687499819
40814,257.1261038918584
40815,244.62444014613186
40816,545.8085710429104
40817,253.8411887110083
40818,214.46726996064095
40819,162.06945910860577
40820,227.8514280812421
40821,237.64524177034806
40822,206.14868587555443
40823,228.89122700268067
40824,296.81045694122696
40825,288.765966540124
40826,180.87119318358066
40827,242.45863779347462
40828,252.0975057421211
40829,245.6570069501682
40830,177.46418644004817
40831,333.79997555038915
40832,236.8553602170283
40833,265.9560375893664
40834,254.0391071470422
40835,293.62141796483104
40836,263.66996541244
40837,460.9024119869928
40838,399.00620127456824
40839,536.1657373517428
40840,280.22311711318616
40841,175.04790801600538
40842,239.96041366073237
40843,253.10351100361396
40844,513.6374697283534
40845,567.8918579669953
40846,236.32049741019412
40847,278.9251897229313
40848,214.27078489109678
40849,242.10685870259442
40850,421.1923856988032
40851,333.84032305521424
40852,201.32232386878985
40853,195.99907733101827
40854,218.3746163117171
40855,315.5677527577375
40856,270.535456404485
40857,227.58740125659497
40858,260.7924752964609
40859,227.40493347431396
40860,184.03773705490346
40861,288.2214948775028
40862,240.36661659927503
40863,188.68343498727563
40864,231.97575924933494
40865,231.98237455983872
40866,286.4178943843668
40867,487.3372709982295
40868,270.87925382862835
40869,277.7513424382691
40870,248.26489728259102
40871,256.174011060516
40872,209.8340602390142
40873,171.91299286716006
40874,178.49662523583513
40875,212.89510329442217
40876,282.355912536006
40877,222.95991142766516
40878,174.44006161686238
40879,212.920346434692
40880,210.63825507123292
40881,390.71576171444985
40882,241.78400631380728
40883,370.8329360839464
40884,272.9958076105017
40885,242.6931528410782
40886,1703.76611629255
40887,269.7230252467356
40888,221.10598282622618
40889,235.38453976199608
40890,177.40229630818993
40891,258.59286168259666
40892,293.66934198668037
40893,317.55135734497793
40894,280.0819412692372
40895,285.0657776119227
40896,331.4596856164943
40897,364.1679718903183
40898,215.2862333095051
40899,186.97637713130246
40900,179.237738522153
40901,325.23713510433237
40902,293.9164225924791
40903,396.5728803464947
40904,210.32104781136536
40905,240.67111521568305
40906,221.47527647965165
40907,235.14221559230865
40908,258.4870600826231
40909,471.308778408589
40910,303.68544617049736
40911,255.765949393626
40912,219.92528973349965
40913,316.6588944986137
40914,263.74450664456833
40915,354.8043696635521
40916,516.6438439741028
40917,282.1360322419277
40918,187.86342882033193
40919,315.26284037952144
40920,286.93124464433276
40921,306.72170792900306
40922,236.8232767759453
40923,200.30532766160056
40924,245.5561696915935
40925,330.06624079792755
40926,243.6058958359494
40927,675.5012923143167
40928,246.4445024585748
40929,206.73577059301434
40930,313.22562194995436
40931,237.3577812723143
40932,209.7098557375965
40933,231.24719777876982
40934,672.6823073166343
40935,161.6039422398429
40936,372.8401288836095
40937,324.9446415050284
40938,278.52527815296486
40939,376.3390828921428
40940,250.4997753109563
40941,298.1123798868496
40942,172.91031881428833
40943,206.18774124727915
40944,319.39581826692256
40945,300.9129217183746
40946,206.37545880711684
40947,253.9425056552305
40948,155.89259243598897
40949,255.43851910537515
40950,314.91014866138977
40951,214.30819887354448
40952,186.96765782019304
40953,292.7251815428907
40954,241.51680644343696
40955,230.67311863698623
40956,256.6802861997013
40957,347.49691245598973
40958,217.3533504684834
40959,531.1260793641062
40960,404.21919578522176
40961,289.23268856206823
40962,301.91937382071035
40963,177.5757079483727
40964,257.84725465931666
40965,214.4627005178877
40966,175.3741421301573
40967,260.21050332292594
40968,219.85363945582415
40969,371.10450169016593
40970,211.2638456250259
40971,225.28737908739112
40972,258.76950846060356
40973,265.58272564837137
40974,895.9432152832561
40975,295.3609151892463
40976,349.1463754072663
40977,279.6675671733583
40978,192.88228896167283
40979,303.7968880186587
40980,207.41631498645094
40981,427.4041190667751
40982,213.49170669253613
40983,200.13532671804128
40984,263.45382286823894
40985,242.7484646365555
40986,235.20509154876777
40987,207.78779101390083
40988,225.59362441354975
40989,274.8952805822102
40990,230.06078740123976
40991,255.09484038297185
40992,355.2976127968582
40993,292.40604326419907
40994,210.2322487304889
40995,333.4387167804591
40996,321.6586244202968
40997,222.00064503519891
40998,273.51962127580464
40999,257.4859812816538
41000,341.1749596440371
41001,167.14934633268098
41002,302.19766937122495
41003,182.40784074209603
41004,180.6596939076034
41005,337.32748014755515
41006,228.394856090333
41007,205.32112556926202
41008,225.88503176202775
41009,489.85202704321836
41010,319.95782765871917
41011,192.02677469638368
41012,357.09476726552936
41013,202.5980528984023
41014,200.99674179797816
41015,192.32088745074435
41016,451.7667842191341
41017,263.4886282066077
41018,267.4199740144942
41019,210.79576802071406
41020,254.93208980699282
41021,175.92845170734242
41022,198.18901445438374
41023,210.876607237559
41024,400.363797935451
41025,326.31157158633897
41026,234.60289860151934
41027,201.2593603957445
41028,239.88857278855536
41029,258.7682758807193
41030,192.71296363109218
41031,193.39417562968248
41032,296.6199716313091
41033,260.9278059573189
41034,361.7385603263679
41035,238.20150189183238
41036,480.2148525347577
41037,222.08023181734984
41038,502.6451302231473
41039,204.6741885797494
41040,317.0044622851776
41041,275.89653700298743
41042,246.02511374866802
41043,275.7399086524855
41044,326.4039276010413
41045,563.3164984469015
41046,350.38058001561365
41047,241.77616468698713
41048,309.2516612894177
41049,226.31387063526319
41050,195.20769940340065
41051,269.3769924080091
41052,233.7225671292465
41053,248.6036212224604
41054,370.18364127221747
41055,169.1342504495988
41056,338.06111195048385
41057,335.78414666449913
41058,250.65109801795353
41059,176.5019331508344
41060,219.47749136690297
41061,310.81051810175444
41062,227.0047514899269
41063,504.4754135702861
41064,184.67301057228482
41065,246.6152730820207
41066,419.2380947231503
41067,483.2150690536866
41068,275.86889452327404
41069,214.49903403771378
41070,232.69981390409785
41071,319.9331002185875
41072,239.41442443617595
41073,179.22945273215527
41074,313.68730438773974
41075,224.0804744469878
41076,215.0529646887614
41077,286.0288785719336
41078,297.02143249455656
41079,373.7874157827157
41080,329.8617899359883
41081,224.5873662975004
41082,210.40451535112237
41083,291.4393265069645
41084,317.01679678935426
41085,308.62394413285426
41086,209.19826223238172
41087,263.7147989836799
41088,180.51027956655665
41089,202.57224834483173
41090,344.5082884831917
41091,426.13162671925323
41092,230.90494764815784
41093,259.79782415282017
41094,163.02435370650733
41095,224.86280528000123
41096,288.1038760761895
41097,201.39402281435784
41098,192.37297675450793
41099,342.8258640828429
41100,253.0969433028967
41101,212.44377937301377
41102,263.8417129034107
41103,268.0669176842631
41104,311.07570823004744
41105,328.1124284719976
41106,246.50951280282243
41107,201.87599339649304
41108,213.09854483470653
41109,609.7543367290571
41110,446.0239136620912
41111,195.39297702225792
41112,339.14561973876613
41113,229.068091176932
41114,465.40799939243306
41115,344.0767268806855
41116,187.01409653978345
41117,266.5090854906017
41118,736.644673778353
41119,294.5135427926291
41120,293.0436870716067
41121,275.4012709606553
41122,217.41166136548998
41123,173.89875060114937
41124,347.34523449703534
41125,361.04702056161887
41126,266.19855094073205
41127,253.28598944404868
41128,221.0664824423624
41129,542.6965256805171
41130,312.8086247100063
41131,301.94967857021373
41132,279.818012529913
41133,187.59996395984388
41134,466.5060443773386
41135,171.0289258428976
41136,311.9432217174043
41137,255.8182219952588
41138,1268.691972366509
41139,401.9405751233395
41140,166.39372656632733
41141,219.30584246545408
41142,237.09710018705474
41143,777.0174141068836
41144,184.11479398209323
41145,195.32305471007314
41146,207.2006109893617
41147,266.4242469048465
41148,222.8381732815191
41149,519.3612674841366
41150,205.97512301746724
41151,222.68871624130776
41152,182.12584547006634
41153,245.7711118196685
41154,274.13461416823156
41155,283.2197143845483
41156,331.11113934878273
41157,259.1955994100183
41158,196.20573798214255
41159,354.88008934406486
41160,345.2818496072089
41161,231.21609242846188
41162,495.8647656246972
41163,209.1587207875995
41164,239.4773978132752
41165,239.47545006994696
41166,380.90327490320635
41167,253.69947779353936
41168,545.8391862661258
41169,300.92043934979165
41170,537.422718324852
41171,192.55808891132662
41172,287.5415499065034
41173,321.04043768410907
41174,301.05484503236664
41175,220.21254406425726
41176,264.2605592435645
41177,237.43508074344894
41178,182.0938602988428
41179,315.3859650359134
41180,220.62230444890153
41181,290.3357068768082
41182,208.09598809046068
41183,236.14077301724575
41184,335.0082039944013
41185,176.3306082855987
41186,286.21823567400446
41187,465.15293962226264
41188,465.00080833909334
41189,338.19347223870943
41190,181.06845672955367
41191,302.01318133980453
41192,467.7782057913821
41193,253.4410101548282
41194,397.782755838699
41195,283.1108445824513
41196,289.86317350016134
41197,555.6913094792541
41198,228.99011151744847
41199,244.9094725607446
41200,243.16273290480973
41201,321.8003031360773
41202,516.7890387837838
41203,217.3229763402863
41204,214.46862466793183
41205,226.15979614566467
41206,548.0161136324033
41207,226.88039065879667
41208,205.58377796542163
41209,201.0273039061887
41210,201.03709154161348
41211,226.92164534888047
41212,201.51300382530655
41213,281.45085455933537
41214,177.52496457148894
41215,210.41478068671822
41216,237.41650673594702
41217,285.7807967148016
41218,226.34898093045143
41219,217.55492126791387
41220,208.3742012463199
41221,252.0872243039365
41222,210.21399449302572
41223,253.0142629019356
41224,950.3826830515563
41225,377.38308588642116
41226,336.25489664744356
41227,217.58549840811867
41228,225.1715179415848
41229,240.29867043044715
41230,247.51947348773706
41231,188.0697290116576
41232,300.79592155903947
41233,478.3072822445174
41234,269.250061526775
41235,427.98772387474725
41236,247.01958553453514
41237,364.30145161235754
41238,285.59986903085945
41239,190.0104185741275
41240,296.2504904151105
41241,292.3883595575611
41242,269.4985385478185
41243,211.19004103259448
41244,240.3872734675343
41245,227.8714945881132
41246,189.18849752541334
41247,254.3461955565723
41248,210.87216978138287
41249,449.4705309864589
41250,278.64199305848933
41251,202.84174839193116
41252,420.559741859807
41253,382.2826832884241
41254,225.40038143667977
41255,236.0246657641344
41256,226.7698267756577
41257,309.56553690311574
41258,305.918740180564
41259,271.6101624944917
41260,377.39792345216136
41261,315.7645943626734
41262,200.2780367828376
41263,534.2576771577965
41264,394.4956891905608
41265,222.2076716999922
41266,169.18090381081672
41267,349.79817164377437
41268,277.3569845832455
41269,215.25659885328585
41270,174.518219160384
41271,234.47006896091798
41272,463.4888846453998
41273,316.2028905874731
41274,178.7028698117782
41275,333.9900607622262
41276,409.0234737876037
41277,253.5283096061667
41278,308.1043160688163
41279,190.44495977777015
41280,212.9825083100444
41281,225.07697465920467
41282,216.63726239836691
41283,243.50791049836656
41284,198.70304079510723
41285,199.53176572842895
41286,184.48856828896137
41287,202.148500974255
41288,311.33614426166326
41289,426.2128961701334
41290,245.67818092482858
41291,317.65737095733067
41292,311.2368231182151
41293,212.96243236245485
41294,341.314423250397
41295,253.25533825311533
41296,236.40097254285686
41297,227.196907552665
41298,366.77513354965845
41299,372.0705365421832
41300,153.0112540081194
41301,336.58797578570704
41302,256.37239131641576
41303,308.28351557131367
41304,238.8894378262299
41305,233.44987343913053
41306,214.23886483922632
41307,530.0707460098469
41308,176.96779449112722
41309,293.0842876959381
41310,659.4382342385265
41311,156.6841426746343
41312,322.9871945171061
41313,392.064694889176
41314,357.88629185106197
41315,210.13119279278914
41316,206.94456172746376
41317,324.221860698508
41318,229.40759712766857
41319,236.89271219995598
41320,174.37245275690128
41321,369.2991983513258
41322,238.72129840278436
41323,327.032940956906
41324,223.41608678498392
41325,259.7462626242573
41326,290.73334791703775
41327,487.83050699140784
41328,274.87689466451707
41329,601.1213060049184
41330,364.4184191870663
41331,468.31988961414294
41332,314.18920905679676
41333,241.73018302705955
41334,773.7464153915739
41335,301.36690387249365
41336,332.9189367266105
41337,505.65979204851374
41338,429.1543802657244
41339,665.9721777052333
41340,291.4726385746593
41341,301.0299497150353
41342,274.46411089845503
41343,284.7979715666629
41344,229.48921253886786
41345,351.85700719940985
41346,172.62617452046183
41347,176.41167158305183
41348,282.61360471244376
41349,399.4621145367873
41350,256.7997714081925
41351,338.8240761836504
41352,266.7347238066242
41353,245.11639542743666
41354,696.4414086352912
41355,259.9836148718361
41356,636.8452239581976
41357,241.36078304372347
41358,355.9608579132981
41359,214.43392550073608
41360,314.14198728783623
41361,208.61625891420513
41362,264.9722408694912
41363,308.42521467490684
41364,199.95536061363194
41365,195.36834895869387
41366,289.5707792813672
41367,337.2451997866169
41368,277.8802207151445
41369,254.93482037342315
41370,164.29499750204553
41371,180.19496589337953
41372,269.5597413400221
41373,471.16357907554766
41374,306.99249787552816
41375,278.7336165946563
41376,249.65545198465412
41377,265.7857663900502
41378,234.5660649966191
41379,255.0835370592888
41380,234.35314853650246
41381,221.15471434694612
41382,520.4697581343015
41383,256.25709437453236
41384,223.5913599427564
41385,257.1335585129345
41386,267.6411742769957
41387,309.8611414511935
41388,251.82031712486602
41389,225.43862361256728
41390,391.0546547224612
41391,547.2711676688253
41392,332.6883631061037
41393,183.4244219202844
41394,316.5933762007752
41395,227.1675852327497
41396,244.01376257590886
41397,216.18824096066436
41398,309.9380684574247
41399,206.50997064723427
41400,378.41256553941
41401,212.77522570437372
41402,241.62270218730762
41403,285.655626757236
41404,333.055774912137
41405,215.19483864301435
41406,259.1974567098319
41407,262.4300708030649
41408,241.32958520099191
41409,235.17109554785304
41410,313.63766078021627
41411,297.04905633592466
41412,244.1951530004334
41413,469.29811362119324
41414,200.68264901086386
41415,225.42722578088782
41416,339.26755787054077
41417,359.46908023022286
41418,388.30213279505773
41419,252.8643330882943
41420,229.74701883577697
41421,217.73165915490225
41422,196.41609464942027
41423,390.3675701490958
41424,305.20972163129625
41425,169.93993545970787
41426,542.7190040617595
41427,379.5731004223973
41428,209.50907873630803
41429,233.4539531553598
41430,257.7654139579885
41431,183.00165158108126
41432,336.1607187929048
41433,185.43818351067029
41434,262.6995014712945
41435,268.0582889784193
41436,310.2130856153894
41437,195.15056752318452
41438,571.854844831019
41439,160.57455115408496
41440,189.83788587240238
41441,161.05801007319073
41442,198.4923237698178
41443,180.51205529755146
41444,211.93280704436472
41445,266.23372084876513
41446,293.91417288741513
41447,292.10789941775363
41448,396.51778024549014
41449,470.4794451390054
41450,776.774373607039
41451,383.0760244334786
41452,281.41349095115766
41453,188.55733938056414
41454,298.73384930805656
41455,194.4864631163835
41456,374.8381680484794
41457,258.36793009672266
41458,246.85044868421403
41459,409.86083573520193
41460,223.3351562484032
41461,172.12614381650542
41462,181.89235960533836
41463,244.5153493621393
41464,182.2310065638196
41465,182.0496908038876
41466,443.6253095647599
41467,309.43259942580113
41468,284.28456906506386
41469,337.0189256569842
41470,241.4176172388288
41471,219.35031046607372
41472,247.5035044061577
41473,291.3147751833239
41474,314.23947826354345
41475,453.383841586707
41476,184.8757304099195
41477,373.7250544616497
41478,405.4461622315466
41479,526.1507200235595
41480,503.83067949824283
41481,247.50816202236928
41482,788.4549335772896
41483,240.6944102624948
41484,387.4539030292279
41485,406.21934592331286
41486,198.69265313845784
41487,221.62873809033198
41488,323.8363015822673
41489,441.72306571273697
41490,275.72020533523147
41491,384.44680833183605
41492,302.16158269915275
41493,252.9628740879856
41494,490.2776221357399
41495,443.798202071684
41496,234.56864815271493
41497,241.14697419125199
41498,381.7930683041819
41499,345.8220097662998
41500,295.53552538292286
41501,447.55880192241096
41502,215.16131437643568
41503,488.41245824243043
41504,254.95122160105132
41505,195.46780509389905
41506,187.57494618941374
41507,278.43476221594284
41508,320.898202901963
41509,225.11622648330945
41510,246.64135633408378
41511,311.7858129181539
41512,224.77464801535976
41513,220.42213228368894
41514,191.12465864646225
41515,186.4922525458067
41516,211.5915055616072
41517,305.03530465503235
41518,179.71038745139026
41519,298.92116645403433
41520,367.6163639246763
41521,266.7029440198553
41522,169.8885702067203
41523,371.44884865082196
41524,236.91224980493996
41525,216.81205833963665
41526,339.07617369427714
41527,199.60032521125072
41528,252.19739451851643
41529,247.57057357389468
41530,251.8740643152649
41531,226.47120757411352
41532,208.5589070307858
41533,243.67434158014663
41534,448.3866575839583
41535,192.9023530234601
41536,175.21769418632655
41537,540.1953969607712
41538,280.6126612574792
41539,346.01729860117547
41540,251.08026730398026
41541,274.9582643343934
41542,252.9530888567628
41543,341.2248028181067
41544,209.11311126394
41545,357.8886702127396
41546,198.95699945816335
41547,306.04925761740725
41548,207.20291063288744
41549,235.0748968837548
41550,230.4187959030748
41551,391.9589346872271
41552,361.33622171407353
41553,1115.450381744813
41554,327.2143896692781
41555,578.4524829508754
41556,353.82272677076384
41557,281.27379400334235
41558,193.7327487145989
41559,264.77870873382903
41560,507.55739538045856
41561,363.98422239179405
41562,211.38439778276432
41563,214.7563805295244
41564,256.16183602451787
41565,177.11593525263726
41566,383.60270529956347
41567,196.39728403657102
41568,759.7512751857683
41569,225.2624890853772
41570,258.80433669805655
41571,201.95636758252462
41572,560.9315063899102
41573,208.03609395338364
41574,248.08749829531538
41575,216.2515474210916
41576,313.1717378498349
41577,336.0828301944747
41578,238.62524183663868
41579,209.03300468390142
41580,427.15001480798776
41581,267.27265796106474
41582,366.76651711161213
41583,208.2697198723869
41584,327.826072371858
41585,374.2699228500712
41586,194.0423473093026
41587,514.7001471091405
41588,265.3874224558179
41589,279.91154200022476
41590,247.39281288630673
41591,369.05548346491673
41592,299.8242695262209
41593,323.0916488684087
41594,271.96070298568355
41595,725.8593161032499
41596,273.92968240503956
41597,210.49707061609388
41598,295.72918606915255
41599,194.30407468182483
41600,289.3056017193776
41601,373.21246451164177
41602,317.96160330689196
41603,671.8145737115293
41604,323.9780969798594
41605,330.226990424157
41606,309.8383498067429
41607,213.43670182832352
41608,201.56556698385305
41609,210.9093580825956
41610,200.06297387496906
41611,294.9262810095583
41612,326.2631020294927
41613,311.4751077882848
41614,332.70781492775455
41615,283.2731511951196
41616,262.7021370851436
41617,260.0503288618512
41618,288.23547205194154
41619,339.58557756053955
41620,289.58450192878104
41621,395.81832516630385
41622,227.49546650203726
41623,345.09206301267034
41624,213.31763827973836
41625,233.46645078918908
41626,224.5145281106678
41627,368.95319413197353
41628,272.9688301402497
41629,223.8232407813822
41630,206.81853326324514
41631,168.7418114680811
41632,356.1434778494734
41633,262.23217195390265
41634,295.00690393600695
41635,297.4579001320566
41636,213.11704522326826
41637,254.49177534638878
41638,279.0312205609761
41639,239.98414631888127
41640,232.583571526703
41641,259.72167453042846
41642,475.14080603564804
41643,777.240078792599
41644,288.2117969243479
41645,257.3260316575766
41646,286.8396490515289
41647,300.3458940358885
41648,251.48580428140406
41649,182.2233137528997
41650,194.0039984887993
41651,395.8069119450297
41652,282.7549220617616
41653,249.18612993493468
41654,333.2316106285764
41655,242.94246021422776
41656,322.9525596302916
41657,173.6599663286447
41658,373.31696552768784
41659,184.31245719549602
41660,214.26009591435388
41661,206.75746363052633
41662,214.70712407308696
41663,308.6019315646319
41664,569.3100447602294
41665,241.98914865557867
41666,226.81973071924824
41667,156.9938087509824
41668,228.61721981372153
41669,266.40472226529755
41670,429.7905350729838
41671,737.6063771601707
41672,224.44584783299538
41673,267.1976957304988
41674,251.73057656216753
41675,252.5798511413378
41676,215.4912091874123
41677,349.35719696344376
41678,236.58930285053327
41679,242.1244891496689
41680,171.16234360044695
41681,232.9587593701956
41682,176.69332441114398
41683,187.88942162157997
41684,440.47383322746043
41685,174.52619404233516
41686,298.86842840242747
41687,380.30829427933065
41688,305.531782521017
41689,239.40166787355076
41690,488.11630335298395
41691,724.3863178228611
41692,352.26497820374124
41693,225.52679042261198
41694,162.75229442456262
41695,239.8931274154577
41696,470.11436462802914
41697,249.44501740876805
41698,466.47108002076595
41699,281.8834416038348
41700,266.253816272442
41701,165.63977957530938
41702,213.90102130676746
41703,350.2485762391457
41704,161.73808541629862
41705,216.9974693712306
41706,183.98199375281342
41707,425.8348516697858
41708,399.8276985635405
41709,268.49751404026114
41710,217.3138774680543
41711,299.8888232276181
41712,291.4351127576052
41713,634.1359488708358
41714,173.2473797407613
41715,161.83017850291347
41716,191.99746581944936
41717,240.489905086165
41718,310.2907390192624
41719,227.75609403506778
41720,310.9273329210792
41721,218.1957936711688
41722,197.74426021906132
41723,244.0940348308018
41724,223.30120651221802
41725,179.85512088058658
41726,222.73232979190215
41727,200.23895071849375
41728,246.81684562098138
41729,232.58149923040304
41730,217.19182174500875
41731,190.69553946612191
41732,305.61807299609643
41733,185.18315509480274
41734,452.87688060952536
41735,338.6263483863121
41736,178.42315317825117
41737,398.12259456348437
41738,245.9756869383567
41739,329.15482733095246
41740,335.33051659404777
41741,258.2200223704256
41742,265.68026487907395
41743,408.4972065589024
41744,257.6994048805224
41745,253.8652907772914
41746,593.9741750763125
41747,174.06294837293453
41748,244.44196405604094
41749,225.85213658853002
41750,193.92908655886285
41751,239.52122944232715
41752,311.1185060208282
41753,217.9110724399971
41754,226.83920215875625
41755,298.0393675736262
41756,211.21092359444395
41757,259.3655642106835
41758,292.9072727097846
41759,226.01995871826026
41760,428.37278083606486
41761,922.6149576849838
41762,232.66321492931436
41763,580.6541079824409
41764,255.13222752282422
41765,331.1157580805827
41766,433.5816067798795
41767,382.91590623117605
41768,459.98781939649564
41769,315.2412602321195
41770,347.4855656998361
41771,244.97480140852224
41772,269.6871279227705
41773,261.8906470804239
41774,352.1283048598
41775,247.37275931522058
41776,451.4653707574657
41777,231.84044490443995
41778,350.3374365410435
41779,309.0499023296454
41780,190.454636652153
41781,245.8139450826627
41782,189.62823433730452
41783,416.59739515249066
41784,228.7805516310073
41785,299.4120811783804
41786,486.76051309812567
41787,299.16803800598706
41788,252.54102205715742
41789,225.6131506185276
41790,364.03035131170634
41791,446.1080345992792
41792,175.23585523774756
41793,204.9983726100478
41794,346.3902281590564
41795,292.770920311054
41796,180.27291070970654
41797,208.44673957072365
41798,478.67655597967536
41799,185.99096142970654
41800,234.3627914158405
41801,202.8557337790133
41802,237.0425174640667
41803,231.07982563353136
41804,222.4705202082516
41805,258.86575284241155
41806,337.4100006872658
41807,276.3381275211023
41808,266.19485053391816
41809,222.59756389535116
41810,225.6953297489443
41811,202.1180302489398
41812,323.4425645052312
41813,215.012691483278
41814,186.4626733742097
41815,220.93703617704006
41816,245.09183080107542
41817,178.30239363178202
41818,349.865775748914
41819,189.1199354600517
41820,352.76157784021217
41821,274.1768938871591
41822,254.44115513572606
41823,240.7649720255695
41824,245.28577461720516
41825,577.5744949218723
41826,239.2776215091596
41827,192.07338313349763
41828,408.3256927787937
41829,186.2445639522854
41830,306.8766603561478
41831,269.4916178197143
41832,288.901713132222
41833,198.35685925725582
41834,263.92242294956117
41835,228.36440561994237
41836,223.2292844851475
41837,372.5843805825634
41838,514.741431248889
41839,721.4111882540569
41840,454.76016026604174
41841,202.86793754860295
41842,345.3542772280197
41843,214.86969826655178
41844,174.08778991856332
41845,226.4308979283687
41846,265.95947963929126
41847,240.24393278123398
41848,222.1713892713598
41849,177.08340470392793
41850,203.66031834735583
41851,521.2651182952917
41852,290.6497180257358
41853,264.1084431780629
41854,237.2536286929531
41855,361.7877701685464
41856,300.57726111117984
41857,255.61905720630375
41858,248.78590362662163
41859,228.3479745967865
41860,169.64544005111992
41861,208.08201882749444
41862,429.5312333836527
41863,268.3104984660719
41864,307.2460351659347
41865,163.81322360057464
41866,381.2155986650117
41867,279.7775933659929
41868,457.472059221835
41869,219.7319044162732
41870,378.34928010400654
41871,183.06253361826413
41872,229.0458012477242
41873,374.7168323085132
41874,200.16567832913233
41875,253.56032564668703
41876,298.8200886098241
41877,279.519678589806
41878,517.3870376597453
41879,556.4501137335898
41880,366.9748610908557
41881,248.01936768547807
41882,200.76908962207335
41883,226.45335033779625
41884,350.8269180734808
41885,266.6472972192752
41886,1179.6747640897333
41887,313.4006308922572
41888,314.7421869028383
41889,256.3108943405761
41890,211.1025660584624
41891,219.68203708024768
41892,235.38035386006996
41893,174.00049795133623
41894,237.90977336129743
41895,266.090749502491
41896,275.94062714638613
41897,197.12600163291307
41898,251.74321592645404
41899,170.130708616024
41900,244.24310853227217
41901,307.2863522765266
41902,349.2937790847256
41903,351.08924685343624
41904,206.27528583057747
41905,211.73047378963943
41906,284.9692345786553
41907,722.2376778904782
41908,650.4366262140292
41909,277.8889571723981
41910,192.85210878241176
41911,314.0936646717817
41912,231.98730001897312
41913,289.8288107238183
41914,176.93684816721083
41915,274.3566110719296
41916,247.87244321904683
41917,169.43521359488577
41918,223.18546430211987
41919,177.488555031141
41920,196.70797290870436
41921,264.7364141433591
41922,187.04544872779707
41923,183.1246636055165
41924,344.0218784104535
41925,321.92137722671146
41926,269.4377129932687
41927,237.8233529799554
41928,283.4143513378277
41929,353.0866398410487
41930,156.71126137867282
41931,228.74647297967627
41932,276.5075933190823
41933,464.2532319181802
41934,236.77627889814116
41935,233.49767676474738
41936,244.50885050931777
41937,165.66355108863067
41938,360.24305701242895
41939,188.5196633552737
41940,460.85519450801036
41941,181.39993633243708
41942,241.5956199654979
41943,243.48191662385244
41944,178.90715105180024
41945,235.96703458276417
41946,180.19249081670867
41947,225.26167917095157
41948,222.80956125419124
41949,286.85863683669237
41950,283.1958850273724
41951,178.3269754935958
41952,222.65322512911234
41953,368.9464948142974
41954,200.89964687697088
41955,261.44624869148834
41956,167.61223731458517
41957,260.0865601716318
41958,275.83483542561305
41959,217.7041070420116
41960,437.5159679127574
41961,434.4330560959335
41962,319.2146929151833
41963,183.09731597899972
41964,286.2657157668098
41965,228.18312708738932
41966,237.8148008096264
41967,258.91916827782467
41968,387.13748356817507
41969,295.83227074466794
41970,184.88859121053795
41971,396.38222499322586
41972,305.808555431347
41973,180.84034930678618
41974,531.4502904173801
41975,319.85361886031336
41976,449.2479484678066
41977,226.15515562768894
41978,243.72838950906788
41979,401.8805183051903
41980,170.80105981757052
41981,256.3659487249963
41982,162.4083757357865
41983,291.0435188643479
41984,197.5673513592623
41985,501.8056257567737
41986,221.92364171989405
41987,181.33331694459886
41988,251.40329170804375
41989,279.0375457342028
41990,184.85041409856373
41991,577.599452591022
41992,316.15941998559424
41993,305.0812340474224
41994,322.3051945858965
41995,377.09152954426315
41996,224.25738446092078
41997,328.1910640517854
41998,318.6089345243447
41999,263.42189903453595
42000,171.7486951894191
42001,247.41714859511123
42002,274.22394546453324
42003,268.1180646482393
42004,201.6501768485093
42005,280.92938775798723
42006,233.9045556132256
42007,205.55085619614945
42008,230.0843306509821
42009,248.6605190885494
42010,348.17862970130903
42011,230.39753032500371
42012,222.47957876916414
42013,290.21095067431355
42014,337.8800022002263
42015,210.9745198848285
42016,230.56759615199402
42017,200.06453038675068
42018,330.30794673520813
42019,223.35820950460584
42020,355.48223286118696
42021,246.91075811090096
42022,321.06809979573643
42023,249.11104975982795
42024,302.3127883766386
42025,201.73379971088082
42026,332.5144294437425
42027,224.97683493652684
42028,208.27768981421772
42029,256.76281343532816
42030,219.75252088502072
42031,345.6223159436627
42032,190.18136452800078
42033,188.89631329675666
42034,231.19776789006278
42035,211.21119649614454
42036,260.7449868922219
42037,254.0856019037671
42038,380.39177936802935
42039,213.8295897492387
42040,316.41264129899514
42041,394.29983691041855
42042,251.68179169348065
42043,408.558264734581
42044,251.02393318211512
42045,247.24762620665183
42046,234.99172164765582
42047,269.5905490218151
42048,180.86134280257218
42049,223.96574050004077
42050,328.9455995976736
42051,178.64025316688162
42052,303.25190736975054
42053,245.9654034119723
42054,326.1241525253483
42055,314.5312688706497
42056,350.95938040448385
42057,211.64373494794907
42058,177.19248513094158
42059,459.29415223367914
42060,322.87308262102715
42061,212.45254079820018
42062,214.92059404395448
42063,226.10436288635688
42064,214.03489473758194
42065,212.06567030839693
42066,291.4211128244079
42067,188.2402366933511
42068,171.00034167215327
42069,293.2256928054304
42070,178.5968563661994
42071,203.28073999962405
42072,578.3464510008365
42073,331.5272860503159
42074,184.86450924875183
42075,172.39669753557965
42076,232.35293512852863
42077,371.4318652056925
42078,212.11357862867933
42079,208.43167508890147
42080,614.666557824836
42081,318.6198310141017
42082,2370.320783360957
42083,230.71021699614533
42084,541.3533883873545
42085,249.11074742952076
42086,231.91090147350218
42087,417.5207818298137
42088,256.4842475219931
42089,391.2933164045466
42090,229.80051002644933
42091,253.3469587669843
42092,460.8508709593068
42093,220.86246349006083
42094,346.8879990448603
42095,189.60846795658662
42096,184.19060093156682
42097,180.82999710903945
42098,289.6700610518111
42099,277.74316592703974
42100,333.03887957905806
42101,253.90751029194237
42102,275.9691971465855
42103,180.18677702468563
42104,347.37737938900824
42105,176.30599477351137
42106,369.4112311998347
42107,206.64057167731679
42108,251.40939210157575
42109,288.2184141619574
42110,290.7365425902083
42111,216.45039046336646
42112,383.7056621013743
42113,196.39105859300452
42114,313.4821246770924
42115,262.37125918958765
42116,236.6748587993454
42117,266.849076268135
42118,218.27418743080008
42119,246.2116726323049
42120,300.59799150837716
42121,410.251193076891
42122,398.9637744335879
42123,237.33688876360821
42124,380.2318485091336
42125,187.9051498500594
42126,253.03931799692612
42127,222.27788103677307
42128,203.39199144534817
42129,243.69754846232354
42130,206.60705544671538
42131,308.0960154440616
42132,364.8333710680852
42133,198.57453481533278
42134,400.9648779196519
42135,189.50143764364827
42136,274.70596622358937
42137,170.11553141434356
42138,289.2744037493861
42139,171.70311602187775
42140,291.0644689828527
42141,252.1240280542947
42142,160.34945187615753
42143,229.23512870822114
42144,176.17610735167077
42145,181.8144223346865
42146,454.9739028920022
42147,173.22393823457142
42148,204.4143546600125
42149,268.22505280149977
42150,226.426293881978
42151,263.31267919463096
42152,307.19738030527833
42153,167.89839650213688
42154,240.55071115851248
42155,906.6551968744386
42156,353.74099978954183
42157,208.68793248879356
42158,210.8645630075865
42159,176.8601247863559
42160,257.41084166623193
42161,479.06013605791236
42162,225.14658337896964
42163,524.9160425245472
42164,507.56493131674125
42165,170.4667979058504
42166,669.9858443258552
42167,432.7513447010995
42168,326.17876510726734
42169,568.8870735009923
42170,304.36324806805516
42171,232.88265324136793
42172,249.70883012294976
42173,210.53311986791476
42174,225.04759181575145
42175,498.8865925795997
42176,420.21860293522786
42177,209.66712164422444
42178,554.138465329359
42179,215.17243700483186
42180,257.3467604258442
42181,272.85477000978113
42182,285.7499312166002
42183,258.32862463802707
42184,268.3594266382767
42185,380.94859662378747
42186,234.36134129704507
42187,318.7309026994755
42188,232.27269916739968
42189,265.90710937663664
42190,340.7098759734707
42191,278.4782372471706
42192,252.8227923767818
42193,215.64058579632632
42194,176.42584782469066
42195,480.23078224658747
42196,277.3554274325788
42197,217.30230819237315
42198,248.50356323934741
42199,265.5176579058493
42200,249.0257179107391
42201,399.9124412866924
42202,165.8825783861413
42203,233.5153523630327
42204,175.8083824074229
42205,223.96447961331637
42206,221.77672760192547
42207,658.2314460665859
42208,244.43980852677214
42209,245.5984687290551
42210,496.63651211128365
42211,207.45068645470894
42212,232.09321576654563
42213,513.1850379016911
42214,303.7334172806176
42215,256.66985526582886
42216,226.62810023213663
42217,257.502535253884
42218,172.23838369516966
42219,251.590724712382
42220,323.32791936648096
42221,192.8544978434554
42222,245.74696090938596
42223,221.58973091256817
42224,311.23559175803337
42225,175.33936750445983
42226,210.40330753895526
42227,194.27284155242512
42228,382.55706165020325
42229,212.8279296313237
42230,309.83181654042295
42231,245.73990734893982
42232,184.70477068099805
42233,228.7764758121908
42234,328.5362340258244
42235,340.4768114793635
42236,235.19763267460158
42237,195.9491305184986
42238,232.5576695138143
42239,245.94170674516295
42240,231.86791835648
42241,203.87578891266233
42242,256.6247162805017
42243,186.32858625688252
42244,358.3345040362909
42245,253.74919038894217
42246,754.5404944318597
42247,637.1051080089914
42248,238.98614145222268
42249,215.51990961469036
42250,208.97114231269782
42251,174.2390732415485
42252,233.65043859836788
42253,229.27409751785123
42254,319.0544590529403
42255,203.69955133581632
42256,247.47032724383106
42257,225.01809523369357
42258,169.5523346176982
42259,256.08490832820144
42260,170.239152822788
42261,186.7166663104033
42262,347.73306867309094
42263,200.49716298088947
42264,234.83292714360817
42265,240.51095285009237
42266,218.95255935821
42267,203.30101540884425
42268,262.71820043298186
42269,174.5258951156257
42270,349.84726511276256
42271,212.12259936781004
42272,339.8258251290539
42273,368.34998777057933
42274,643.3568086440808
42275,273.1374575051416
42276,315.1168471356977
42277,256.98526282436256
42278,362.72233250233205
42279,245.0308594531615
42280,243.6085203203947
42281,237.17935693749686
42282,150.77971791481332
42283,220.2491357509714
42284,382.4160210619863
42285,391.4678173010219
42286,270.0987907759446
42287,373.5523656116109
42288,342.2460472629765
42289,466.42483207192015
42290,197.86004691565807
42291,303.9733011371861
42292,390.79772363006344
42293,251.06117400807994
42294,208.18848446758855
42295,230.17792277975468
42296,249.1586841733971
42297,294.74095180550063
42298,237.6043430010041
42299,147.22405786938495
42300,259.28981282961655
42301,266.25025172474125
42302,278.89742110118294
42303,285.5753603601709
42304,228.72667076188878
42305,235.5679609769996
42306,210.54537321325634
42307,301.3011611857204
42308,291.04127857428676
42309,261.4310651230676
42310,201.24747601098034
42311,229.94828192226763
42312,447.3560900535336
42313,577.3763034953423
42314,337.46385681969696
42315,355.00111230992775
42316,223.7485660259603
42317,252.455616914625
42318,267.3985722748342
42319,431.08699920922345
42320,361.63327907744116
42321,392.47081002899404
42322,551.1424704775491
42323,493.43615636635815
42324,394.08865738591396
42325,220.35144591289455
42326,224.32838550132539
42327,376.3137858918985
42328,316.02930811999306
42329,334.58140980075615
42330,209.8102314090567
42331,162.34368577373377
42332,168.90569736974075
42333,294.0912765357059
42334,207.51805288880192
42335,306.5320796574963
42336,263.2146026764411
42337,173.47091598147475
42338,183.64938173183114
42339,233.91149836474906
42340,163.6458295160988
42341,1521.7233577151267
42342,210.5704859520339
42343,556.8427708769626
42344,167.36518359665473
42345,289.28517945315537
42346,216.37216750850834
42347,223.84515331599485
42348,368.83087488625483
42349,210.07991776340114
42350,186.62559209559322
42351,321.83375810649477
42352,381.2726174245189
42353,236.3222532373139
42354,280.82840433014553
42355,184.97503193212927
42356,269.3838228439978
42357,193.00941707346954
42358,254.09415705548736
42359,280.65119342784817
42360,163.9431840812588
42361,197.9999770332983
42362,314.3508777937825
42363,231.06247499205315
42364,271.13841004568434
42365,276.9177870390698
42366,475.67454112568663
42367,272.32481773827135
42368,259.3064956553375
42369,415.19366848080426
42370,253.45617318942567
42371,274.5115100258687
42372,389.10273684421503
42373,899.818273550207
42374,299.33893288134095
42375,326.1236666138477
42376,206.55708821353977
42377,307.3545687660371
42378,424.08242852073244
42379,290.57705624617375
42380,281.1754603460668
42381,232.3780986150949
42382,193.76457575962533
42383,190.34823980994256
42384,204.96746491330842
42385,176.73502388701968
42386,251.63059606102294
42387,362.7146899122919
42388,226.01790516544676
42389,333.3342445320499
42390,248.4371529553543
42391,216.48051513539264
42392,197.18397063008055
42393,288.43798499403954
42394,319.47689777643916
42395,302.5132304632928
42396,204.06922868966748
42397,237.81955967989245
42398,314.91197202153074
42399,386.0974619410184
42400,497.43966471712366
42401,521.5837472408325
42402,171.02124561182086
42403,390.1259537649573
42404,369.9849939055998
42405,438.63924125045645
42406,629.6449937711353
42407,241.62071357043462
42408,223.09806663924837
42409,188.01173780049012
42410,192.8328801591079
42411,282.84297410628125
42412,471.1652560734958
42413,230.58835082332428
42414,233.6794259015826
42415,248.49265699165034
42416,816.4550832166444
42417,239.9486292270542
42418,173.09110323485427
42419,265.22519853720655
42420,260.6103338272058
42421,253.1034157704769
42422,306.0374377725755
42423,238.5395124151931
42424,255.11184204946966
42425,585.1427297155288
42426,262.2474492867991
42427,298.1301452237425
42428,224.34625960638402
42429,226.43039196409217
42430,489.7791706446808
42431,268.0374174796614
42432,257.2366048917734
42433,311.26556450753907
42434,198.98339558161277
42435,249.78686542491226
42436,163.5239109699244
42437,187.7940949468726
42438,462.0682311987272
42439,250.58237235322574
42440,217.27538605041258
42441,226.60724726374104
42442,301.08885694088485
42443,495.3069555185042
42444,203.0811792371325
42445,559.4547911011693
42446,295.0282463773651
42447,187.78835499470742
42448,405.2276517277559
42449,327.9433839399409
42450,349.1843780502018
42451,200.55882453812288
42452,250.70151306186125
42453,572.1469908903708
42454,351.0574477237646
42455,278.8382843947524
42456,312.49955060010626
42457,184.4522943041376
42458,344.52549805746384
42459,172.04544289059623
42460,990.7287523778931
42461,177.23760920371112
42462,182.61730433976905
42463,195.96109691955272
42464,245.3403950743301
42465,214.7395461242682
42466,205.26725360014035
42467,245.28526132327713
42468,285.13305218597935
42469,415.8668604283773
42470,261.14456968181497
42471,226.9319369473923
42472,195.62740419660037
42473,312.150929653421
42474,184.3399808375575
42475,252.11983188833503
42476,305.66818812758135
42477,384.6019064517951
42478,238.10591643352515
42479,676.6542660870823
42480,252.1558265142494
42481,245.4922555449207
42482,278.48612204420033
42483,407.960745173283
42484,313.1342417427818
42485,336.9277725323539
42486,251.6134574660279
42487,264.44975298951147
42488,199.08250026613632
42489,573.2371179332794
42490,226.76950879229244
42491,209.31011243028433
42492,283.3107344259402
42493,232.05404512365453
42494,266.83584717090247
42495,355.9970101765444
42496,295.58588741366464
42497,270.80076132269465
42498,732.8906179094726
42499,294.97280960405976
42500,238.10262264506594
42501,351.62131121779674
42502,512.2333634641067
42503,409.67782207560737
42504,260.6701409623106
42505,464.8744858781063
42506,249.86029521378197
42507,261.7801505684225
42508,939.546951043728
42509,202.31890256278356
42510,220.45666497337226
42511,387.8650549327543
42512,553.2352125947002
42513,459.14574281700834
42514,335.68620450793674
42515,404.7693725534542
42516,246.5687259496831
42517,537.7855511115139
42518,231.8846263941076
42519,263.4848234291518
42520,224.13077834062355
42521,190.47729297352166
42522,276.918677223438
42523,178.10677169467093
42524,362.355925612847
42525,268.13525713761226
42526,408.2975271406256
42527,253.31660388305875
42528,218.93773303122936
42529,247.78089221977214
42530,271.5466173193981
42531,213.9157427770888
42532,284.60706910588794
42533,234.64756479986445
42534,355.03186778798107
42535,175.1809052442463
42536,434.65776482021926
42537,270.02211588977326
42538,208.40956803576665
42539,223.11812676845875
42540,341.6975626347973
42541,388.5132947015336
42542,244.297618316002
42543,400.5376963448742
42544,270.93220298987626
42545,302.5805050344246
42546,196.597181669544
42547,359.96253157939856
42548,185.88970589853852
42549,297.08128388209866
42550,213.82058932214068
42551,313.2830190729669
42552,242.30423579576805
42553,267.3529069326044
42554,266.56964694611156
42555,260.8979607325205
42556,268.1450349670317
42557,223.36668349383282
42558,300.84493691235735
42559,370.18388828598756
42560,247.0527665518312
42561,605.7711563703864
42562,249.91080820253654
42563,234.60758793756295
42564,221.11060163766527
42565,435.36295158700483
42566,185.509406174075
42567,346.1952338247297
42568,169.90592127689462
42569,402.91058544985714
42570,232.91296570068036
42571,300.4499463567366
42572,231.36853613550605
42573,165.65862703846432
42574,275.0195769882685
42575,208.7777742855534
42576,226.91720730765348
42577,171.02034435019925
42578,308.9784566670526
42579,401.53741692493634
42580,227.5841580677351
42581,292.761363443349
42582,201.5566586762436
42583,223.39342194318888
42584,731.814875585083
42585,214.50250565790535
42586,272.06625498295904
42587,286.7086690750746
42588,171.6319109151193
42589,248.6353977757987
42590,192.9808191173475
42591,318.1960477140094
42592,210.947645723682
42593,252.7570734117627
42594,239.30501820582586
42595,193.52143321410276
42596,545.1168131751053
42597,228.33472875209074
42598,219.716377476806
42599,283.6285539632952
42600,187.9366837910286
42601,255.70495080459708
42602,204.44580559825144
42603,234.3649107316609
42604,362.3620639714182
42605,253.8726615434431
42606,341.64864990645367
42607,207.6940698259327
42608,187.95004473346302
42609,253.5523407526016
42610,229.3992486903781
42611,690.3968861204353
42612,250.33940109122668
42613,330.5067169762995
42614,236.02563303610447
42615,216.50673749259892
42616,281.2002611006242
42617,332.01734887235165
42618,321.41673155977986
42619,330.8944490467454
42620,310.6789427611359
42621,185.34423933627434
42622,178.32071297208407
42623,266.2142497904331
42624,416.2873096732025
42625,442.51655153429135
42626,314.6617779045557
42627,327.0663578058017
42628,361.9387496057295
42629,210.45960344538958
42630,231.42960297355896
42631,656.2714447601179
42632,261.9271110327514
42633,178.01289774148464
42634,231.12453630084158
42635,468.8160354446157
42636,189.97154954475803
42637,208.95099429269317
42638,212.37437529316819
42639,241.28440427961183
42640,236.18978550618638
42641,223.17790375673223
42642,244.87273583336946
42643,185.56531112821438
42644,215.06562809575783
42645,457.4592384374773
42646,361.2557206569502
42647,259.16345327325513
42648,288.03728646998997
42649,484.4360362305607
42650,207.8103694543706
42651,227.80000412590803
42652,202.10978096902468
42653,206.40706754310156
42654,222.2281966966245
42655,176.21588728088534
42656,209.91228090249496
42657,181.0771143157034
42658,335.700159720997
42659,166.65382753071924
42660,453.1720285998013
42661,241.79922084779764
42662,288.65596692407314
42663,233.002486970621
42664,224.8544163631247
42665,212.75196377280997
42666,601.9656687363388
42667,260.6289194580886
42668,433.9223028411382
42669,251.76250189698652
42670,218.86528342051886
42671,167.2604796705887
42672,312.3924708770423
42673,443.57475402625874
42674,215.10735371266205
42675,251.67694149349958
42676,391.09815688091743
42677,361.22969383266116
42678,232.28578491792393
42679,296.0883346355531
42680,495.969775904763
42681,209.9061598266237
42682,183.71441895795175
42683,177.05516976881307
42684,248.44584982838688
42685,214.05106120684343
42686,223.5879298821901
42687,294.6393794768784
42688,148.4488271247771
42689,630.1206735763657
42690,158.71229737865409
42691,241.8738755531719
42692,502.78082321107956
42693,254.24104627292053
42694,532.8433531850878
42695,349.38726103182853
42696,466.39410149595807
42697,237.3277074670732
42698,186.01765799783408
42699,201.00160162901912
42700,234.40956479550158
42701,242.72733056685396
42702,295.4895015757258
42703,241.2180354735398
42704,225.74535613019026
42705,163.7776386459637
42706,245.90378335721215
42707,577.4686239636501
42708,429.26641491943445
42709,173.8559415435692
42710,196.26824144104663
42711,319.4137422991105
42712,271.1747340078088
42713,203.52493410541106
42714,168.33406896295347
42715,217.95371919111938
42716,276.7116124966883
42717,221.54346070680995
42718,251.71488450686323
42719,337.89320902006864
42720,301.81668675753605
42721,273.5799996423502
42722,222.45504054232518
42723,287.5503908509749
42724,247.3202777724294
42725,344.79914877608303
42726,325.7724479591925
42727,381.1864595551571
42728,177.03836306303307
42729,243.68953969894469
42730,653.3637635978221
42731,309.45212680148086
42732,354.8911448194716
42733,183.76631818233216
42734,186.1842125749013
42735,205.7782276229483
42736,314.8550536110494
42737,186.90477612170642
42738,235.55384086443976
42739,322.47732654896294
42740,405.8996137681796
42741,294.8944733532263
42742,294.10033759943394
42743,255.03511923516336
42744,571.2041938045638
42745,453.10650048443114
42746,225.88483184904175
42747,213.7005906080573
42748,246.7392640803795
42749,345.9448080653674
42750,220.2011231914797
42751,221.90579413660276
42752,219.85111072540124
42753,348.2013373069951
42754,514.4357667000755
42755,250.58841499685775
42756,347.54364119645976
42757,264.7013686864457
42758,234.86909427803056
42759,184.5741626107256
42760,871.9415296606605
42761,359.1338865666077
42762,281.7203097979343
42763,340.74836611106116
42764,433.9403220472033
42765,208.0023776862501
42766,264.66962962699006
42767,193.27166712150117
42768,481.47176398776844
42769,324.4116576215466
42770,219.91945021072945
42771,289.2361390279588
42772,194.31582657807047
42773,279.2364716145963
42774,394.43252255212985
42775,477.89809708576206
42776,311.1212241031696
42777,297.3750853254143
42778,216.54628662730337
42779,363.4188531455791
42780,315.05518205177896
42781,209.4585072417228
42782,462.35242973409567
42783,215.20952462841606
42784,337.5140325483558
42785,263.16032754156765
42786,173.93810944663065
42787,207.43893582465844
42788,280.5186137779866
42789,197.398243721311
42790,248.6296562196196
42791,198.99382678665475
42792,405.859307054058
42793,648.4620683385388
42794,219.3250906947726
42795,391.49315111613146
42796,290.307620364637
42797,314.3558266123899
42798,226.970077311672
42799,270.1302268430269
42800,169.59667007490998
42801,299.96010539241496
42802,272.3351380951571
42803,474.9667485074932
42804,300.15984506488087
42805,284.2350932999414
42806,299.7313153161451
42807,226.51419732530005
42808,225.58166385277752
42809,224.10594633592524
42810,290.61332774435715
42811,236.60745845791044
42812,258.9253824703368
42813,169.34280523699485
42814,200.56390153369182
42815,794.8518039970761
42816,192.43379658681172
42817,544.5914203293204
42818,215.50072985993
42819,352.453363883686
42820,226.98364988016402
42821,177.49717214244816
42822,317.01630840087256
42823,248.1018965872549
42824,175.256582742182
42825,237.58351684468832
42826,1738.2457435123486
42827,227.91265701493197
42828,356.2752671113342
42829,234.54658376904095
42830,181.05761858511448
42831,232.22195875280724
42832,346.7084530884108
42833,626.9178817893015
42834,250.1566061416596
42835,245.2003531535221
42836,410.30531287670243
42837,182.38689900529982
42838,538.0013223632611
42839,194.9837334285843
42840,223.2778954770155
42841,255.26505219898516
42842,244.17370715572258
42843,280.32053138184784
42844,281.1072979591331
42845,264.18731750736623
42846,229.1136773656433
42847,1320.56663471418
42848,190.72461284748374
42849,311.85240025345246
42850,649.8280443955667
42851,206.4104856006498
42852,373.28013015279214
42853,295.62041605355273
42854,190.86485136815912
42855,192.40252617901325
42856,263.6685873948222
42857,247.56226729964703
42858,189.26619204515646
42859,291.66221002516414
42860,250.88262970104168
42861,218.244484615774
42862,219.37694194517002
42863,436.4483239009321
42864,271.7773745044004
42865,322.12137351884974
42866,195.43114125769694
42867,199.635231119202
42868,390.0330554414565
42869,222.87435203692522
42870,283.6157928609489
42871,221.69380426199947
42872,346.1793571259142
42873,179.77940372626088
42874,189.97584760394977
42875,242.69057753996037
42876,223.63074961648883
42877,336.6924483102186
42878,258.7503481459456
42879,229.92887272325066
42880,225.2475490489513
42881,284.5503060043144
42882,275.21620988717655
42883,258.8816814239619
42884,260.5472769665796
42885,478.73471354266695
42886,745.6334456446527
42887,187.67696714728058
42888,155.89452060000423
42889,243.5061631785553
42890,276.53939231157574
42891,211.90228571006773
42892,344.4286135427471
42893,220.22624004558892
42894,224.33749386265802
42895,170.3766325788654
42896,197.4864066044097
42897,199.87081550342754
42898,261.1992699407514
42899,229.2522271929338
42900,260.51386678837963
42901,194.7256961145847
42902,232.39695447359298
42903,395.0047694107998
42904,243.01484332273307
42905,228.68936763382774
42906,210.80653391496358
42907,472.616721917283
42908,399.1258336113439
42909,290.5029860518984
42910,323.53595460980347
42911,166.68384714635596
42912,277.07867653158695
42913,240.20990721307527
42914,329.320467907249
42915,505.1973000472187
42916,472.17502238108295
42917,181.72169889977218
42918,338.8078401148065
42919,227.48864949342607
42920,267.67139230361244
42921,196.85811694469967
42922,237.44735861025953
42923,240.0835443962769
42924,286.2366272818738
42925,250.24443933184668
42926,317.09016202783516
42927,169.01681557426642
42928,275.66118558695035
42929,252.1994466653314
42930,177.73897149760955
42931,374.80969289397365
42932,563.4340591814477
42933,332.26339957681444
42934,365.3291181829923
42935,362.4198696059659
42936,389.53822614346876
42937,250.55640818582006
42938,317.6031094448793
42939,164.54564939205835
42940,845.4491015325401
42941,155.01263986660078
42942,402.70937612938
42943,290.0130088058101
42944,541.7021189599548
42945,306.7343139001854
42946,318.0898750288704
42947,182.78230182344058
42948,264.04836625694037
42949,204.75277852076016
42950,408.780487363988
42951,232.35028340637479
42952,246.2932185609501
42953,312.07394780279583
42954,228.40357924287355
42955,262.57430920623233
42956,335.8559554016941
42957,325.39621583174517
42958,306.7765293399103
42959,189.45679215875623
42960,231.39872261541572
42961,220.15830574278945
42962,304.98268004522106
42963,414.9719046206085
42964,373.3655638800979
42965,412.49451514824267
42966,150.5518362179771
42967,226.92635351213747
42968,248.2671231958534
42969,204.05376909904635
42970,192.591634326585
42971,257.818855657499
42972,250.84049309772848
42973,325.95730695778667
42974,363.3293021895924
42975,314.7655176150202
42976,223.68270627365436
42977,275.4317795914602
42978,267.17223305466933
42979,281.46233692733944
42980,447.3968236650236
42981,282.2494922507096
42982,210.31534817469569
42983,245.8907743149347
42984,239.19227710052698
42985,271.8279788782699
42986,234.5347288342939
42987,226.71117456096604
42988,387.71349583977064
42989,267.281490644111
42990,224.6528718524136
42991,492.943190479746
42992,400.6182520004584
42993,237.44524430398687
42994,411.2293869485489
42995,238.45207880668735
42996,238.79273980916574
42997,222.2138555613399
42998,207.23014376539203
42999,398.611564030518
43000,314.178884556243
43001,359.84599188663384
43002,457.52679396431404
43003,729.9509757340599
43004,277.76140037669467
43005,181.89209295552695
43006,431.06105927346204
43007,277.40866956684744
43008,241.81587756995273
43009,177.65374066993292
43010,221.24685368283446
43011,324.0561381039567
43012,231.20317190375349
43013,162.0465823968119
43014,269.2137420798032
43015,468.3098954312492
43016,192.14450175597833
43017,421.63619383158715
43018,428.4690789977074
43019,293.4368164667292
43020,507.59455404486016
43021,188.25538022583387
43022,203.3266587203093
43023,308.2008902316392
43024,226.62123100465814
43025,251.20837819786618
43026,471.5656255849615
43027,417.06256305813093
43028,303.600821868249
43029,326.80061978144084
43030,244.6219796307089
43031,282.3991796754049
43032,375.8746954135214
43033,209.4927683816011
43034,227.80169366656503
43035,205.32995191017878
43036,475.6393744815784
43037,236.2058060843698
43038,233.93479789567272
43039,339.9505125690305
43040,212.84761632968124
43041,193.9356345923697
43042,281.0712982435576
43043,380.6528722305251
43044,379.1632794606225
43045,210.69265664785928
43046,254.25908188777535
43047,271.15856017115004
43048,320.98249793493653
43049,176.72502285602158
43050,225.5681047421731
43051,305.2554021436845
43052,291.80244243903354
43053,201.93041047083096
43054,337.8942184386272
43055,184.79038255901173
43056,176.12807275364676
43057,176.83507485489324
43058,176.50862840736005
43059,224.9663204152428
43060,338.22415484924966
43061,281.7920911145652
43062,257.3687172605404
43063,442.62094183937313
43064,304.46825614974324
43065,715.7093924297033
43066,216.04599222792777
43067,387.1707351614846
43068,265.78233447602156
43069,312.0941845191398
43070,253.2174104658851
43071,283.28124926466717
43072,235.89269211321383
43073,253.40716617469883
43074,300.4584700340932
43075,360.438738495487
43076,717.776626748393
43077,201.8138315820928
43078,453.1049548162224
43079,249.65308968937666
43080,167.13845264303274
43081,224.68941724761785
43082,412.4269542013306
43083,245.9951655437335
43084,240.03741469865503
43085,222.42236365160176
43086,352.59979847542877
43087,165.21459292033754
43088,245.6524186233945
43089,277.271225614767
43090,178.74838847723984
43091,177.16464363034243
43092,241.06055909457615
43093,398.1746508020276
43094,183.5329471371126
43095,665.5700512163569
43096,247.85547960100604
43097,210.57523825821798
43098,243.46853680863077
43099,176.6603302590409
43100,233.83037837617093
43101,216.78895103066964
43102,254.63901012199898
43103,247.36829957370782
43104,215.76023667842412
43105,285.05035858768616
43106,266.1793140718343
43107,273.104682428567
43108,170.8244988475164
43109,328.84946135040616
43110,315.2419521520802
43111,294.2537878135985
43112,408.3224917775673
43113,371.9480311450477
43114,146.9526437658432
43115,271.96454970627633
43116,234.94370449653815
43117,193.56321821743873
43118,317.00187096431375
43119,547.58023235883
43120,196.44655739612452
43121,589.2180156001696
43122,266.2363245949666
43123,200.14163456815731
43124,341.97810041697136
43125,275.59971644918994
43126,367.25251174295994
43127,266.6229028781243
43128,215.00157539099305
43129,348.5043372096581
43130,439.2177353853643
43131,199.649424081072
43132,172.68585764939533
43133,211.86165673899222
43134,154.0398589335475
43135,224.00676262626538
43136,703.4677900282993
43137,228.75123586185666
43138,289.38996479581914
43139,369.9457108844976
43140,282.12205215971005
43141,234.7728892015372
43142,234.54683409400045
43143,182.40812919333263
43144,440.3221988315622
43145,259.5159345741664
43146,306.30627487022224
43147,280.66993177517037
43148,302.5084533693728
43149,239.50440584824537
43150,273.01366211958566
43151,232.95823313062397
43152,228.98365580451764
43153,276.9206072986952
43154,223.520501563763
43155,558.2170932721566
43156,211.38756465367425
43157,187.78167031037233
43158,178.22452576417143
43159,228.99706727185009
43160,160.30909158385367
43161,198.90984112386215
43162,346.30294154919125
43163,386.3158888431817
43164,300.39370899387745
43165,277.0395569299315
43166,302.4208538834737
43167,261.5593246155812
43168,189.43495708633264
43169,253.28849371143428
43170,204.94471121287066
43171,244.14684644343293
43172,314.4495045132529
43173,228.33196055982376
43174,214.02121061355902
43175,160.23037809157574
43176,518.0854167646326
43177,208.72897379300008
43178,205.81390156484665
43179,374.8305357177753
43180,238.66610550959635
43181,215.58121137484275
43182,195.36139507033127
43183,227.6146847373291
43184,363.45073313562887
43185,248.9710890999833
43186,250.50378569943405
43187,184.79533184918847
43188,313.4826372451841
43189,286.34734312858365
43190,402.6625835510053
43191,430.73118145553417
43192,213.07480269043836
43193,209.1106446887979
43194,291.78162856527706
43195,208.60012654354577
43196,237.09512850662912
43197,254.8762798372448
43198,235.51601264569888
43199,259.81692566235944
43200,216.193007174869
43201,571.1258453874672
43202,211.6518570715468
43203,316.56179232426723
43204,430.53980095948594
43205,215.71483116959885
43206,318.2939189625476
43207,158.44797419616975
43208,873.1296542083514
43209,252.20665091787328
43210,226.4929503147241
43211,212.37844870362764
43212,249.18241814797292
43213,223.00769320016937
43214,186.98322408083365
43215,228.31978144282164
43216,350.348891446652
43217,466.1022769385298
43218,218.3440602091635
43219,258.04181202126244
43220,520.1500248480814
43221,334.4412952924356
43222,179.85512088058658
43223,178.50554327318667
43224,195.52820392599105
43225,209.46327660525267
43226,248.11870393814598
43227,209.54899485605043
43228,211.7710583649216
43229,215.1129608226169
43230,232.50808894020125
43231,214.98708605955167
43232,353.0498923912693
43233,234.11168047011313
43234,430.1928458985525
43235,213.17152389589006
43236,301.84697057622884
43237,307.61719140706896
43238,267.6546364850583
43239,195.29959895614223
43240,624.6035060303293
43241,430.40085669975673
43242,360.27779160092376
43243,253.42651952229375
43244,184.41062308901596
43245,309.0269585315914
43246,317.59208725997604
43247,231.67507140017554
43248,449.22755480017565
43249,678.6845463736674
43250,220.11150916230253
43251,268.6146088294868
43252,328.90786422091423
43253,221.52177439449974
43254,406.4685469523174
43255,315.69316614610216
43256,274.6078559794017
43257,212.86368792474116
43258,301.13652593381215
43259,250.8167410520312
43260,175.92747370709208
43261,230.18698877053944
43262,236.11709892135755
43263,344.0533566254113
43264,411.6046951073027
43265,231.1749113508244
43266,144.4867309516968
43267,186.18948619221607
43268,344.3551797103467
43269,263.87829071185894
43270,231.42119175422903
43271,374.30315971402604
43272,514.4987460071226
43273,330.81218832716496
43274,170.66835407372255
43275,517.9477847364707
43276,185.75186233660557
43277,256.61707596524013
43278,197.21118326694403
43279,260.31469636579584
43280,241.56070806112643
43281,376.3284514712872
43282,226.8178662243926
43283,203.11245569054046
43284,197.1453935864897
43285,196.1490230796109
43286,192.05621860425228
43287,236.81921629418665
43288,158.0638527786448
43289,196.90578848292762
43290,238.08668673392043
43291,359.87052513112803
43292,698.869629732203
43293,226.11970459640003
43294,272.8404586450105
43295,237.97484706349186
43296,268.06889556039613
43297,392.60758304359933
43298,368.92180042541304
43299,430.8607887900939
43300,252.80285552483963
43301,508.6481996064337
43302,266.13545753794256
43303,252.0682704091942
43304,371.11646747494785
43305,260.2156990771913
43306,236.59128687978074
43307,403.50045933799584
43308,234.73287842895368
43309,199.07298112332083
43310,253.0274755762998
43311,298.32298364898213
43312,195.6719876961435
43313,445.68747304308846
43314,330.51136648955355
43315,339.4484345255227
43316,246.37687139488872
43317,247.7763063908054
43318,220.5577065504277
43319,237.8993426067888
43320,157.90082908488915
43321,246.493225951272
43322,637.2337860143351
43323,273.8707342659367
43324,268.70575576124884
43325,173.68034524113776
43326,190.05456091874044
43327,277.3956176127125
43328,333.78964559266194
43329,231.31834286858495
43330,551.4104199999138
43331,221.56872155510354
43332,231.30361371398928
43333,224.96873835068502
43334,206.18321203848674
43335,170.97642956612157
43336,221.2970336189746
43337,216.48600997829342
43338,337.5089950151109
43339,233.42655047542377
43340,258.53221448366924
43341,211.81577789000363
43342,277.1477783796452
43343,184.33119386356324
43344,699.6870150691218
43345,280.88156718552756
43346,255.7409597872803
43347,398.38025075318944
43348,186.32708537659826
43349,204.90086338064359
43350,198.96153008852724
43351,214.52746827120836
43352,224.6480718310445
43353,217.25435822859663
43354,266.19283273494
43355,221.9098601435002
43356,270.21153984020947
43357,266.89375805446696
43358,295.20958846906916
43359,309.88643270334853
43360,150.4843791902657
43361,245.2911555789834
43362,209.1164494855647
43363,282.88999729672526
43364,192.7950220219247
43365,249.75156165637614
43366,262.8476794522907
43367,169.0092805306486
43368,213.04268433774706
43369,178.64193270874193
43370,556.1006786913182
43371,258.07669860344254
43372,291.3010517586791
43373,291.2087632143927
43374,245.73024709965756
43375,235.13780353978748
43376,214.75239493871905
43377,264.3063630116168
43378,186.13422892118427
43379,299.54457729333245
43380,304.8129486304611
43381,400.68223804110755
43382,338.81296467923727
43383,338.2367684587615
43384,204.6304306018089
43385,309.5619320972567
43386,353.4870554371238
43387,269.9092090304187
43388,249.5751263494452
43389,389.91094644315217
43390,322.15017478035264
43391,230.01054858331355
43392,438.49941903334775
43393,201.2686464833072
43394,251.02756939433345
43395,281.13925974744933
43396,232.27723703006734
43397,256.74614307639223
43398,211.02839752472124
43399,316.0308191355225
43400,322.16688603941833
43401,165.80788516127666
43402,233.49361287661128
43403,320.5015801809821
43404,470.6874485722479
43405,193.2220365860777
43406,208.05543768823392
43407,205.3795113967255
43408,178.3924014169411
43409,567.6375750856583
43410,410.26421323827344
43411,418.89328103060217
43412,331.2020755206268
43413,213.64376189402785
43414,180.02948412315408
43415,521.095316853299
43416,442.55880652672835
43417,327.5280372121659
43418,226.25474468160724
43419,496.80634759175473
43420,261.38921016992117
43421,201.60001582449817
43422,256.7144392189455
43423,235.38014763609016
43424,462.649996044442
43425,195.94053863683237
43426,494.4954480551073
43427,211.12386006089085
43428,262.34853906228295
43429,246.67345162724405
43430,354.5178044786324
43431,216.5676847971701
43432,416.83610724177584
43433,351.54438331972074
43434,203.68612798057345
43435,209.42946963144814
43436,230.66469543894593
43437,383.6498704390788
43438,290.9598318574356
43439,201.8244603115335
43440,194.7621415948545
43441,414.56427156395654
43442,364.83169157982877
43443,218.1572596328127
43444,259.48259555156324
43445,317.7337515319475
43446,252.37717544060357
43447,177.00842141292625
43448,215.29155878702971
43449,237.19240743512785
43450,371.65771816433465
43451,238.56367535951006
43452,177.95644080441133
43453,240.99188324652238
43454,237.51576992305615
43455,332.22714265865443
43456,184.49948123603752
43457,233.5873273755258
43458,321.85466954607585
43459,179.13400726163974
43460,479.30173207292603
43461,183.5407226638862
43462,198.3857033798953
43463,202.94668921050612
43464,300.1188663168369
43465,202.68814694740715
43466,246.83823964107873
43467,421.67942416362007
43468,181.20960631579868
43469,370.9016145406351
43470,187.2891540112686
43471,225.9307920050359
43472,394.53035204333565
43473,1323.803262198251
43474,589.1340722449384
43475,220.13169903946806
43476,231.25119528464617
43477,295.30786716318556
43478,238.00254276573872
43479,228.5284892765805
43480,207.897995453217
43481,244.74615361738032
43482,229.57882925109402
43483,182.60989153563776
43484,168.23512964346529
43485,158.6465641058675
43486,361.794131451579
43487,182.88364884812827
43488,257.08320093853877
43489,389.8852890028229
43490,252.09600265908423
43491,232.66525011632726
43492,182.22019211514916
43493,199.3522416962607
43494,248.1969463283057
43495,266.95755293619436
43496,267.15241150430825
43497,209.07014326502548
43498,321.5069193380127
43499,392.36594775585786
43500,263.2568205315737
43501,252.58125549887998
43502,351.9537462072089
43503,160.2269839576006
43504,204.62661532678902
43505,418.36615743123485
43506,328.9078866341087
43507,480.6900363858089
43508,326.33835326571835
43509,209.95562893116795
43510,346.8850439483854
43511,166.99638496256352
43512,212.47338401619453
43513,229.23468389299072
43514,247.94798893302118
43515,511.9340779611577
43516,304.782968654573
43517,267.8641267394198
43518,423.711799995173
43519,231.1416964243615
43520,241.18050417026342
43521,494.21046137124193
43522,406.8532090541899
43523,224.21727764485604
43524,136.63574918328422
43525,196.32852999940752
43526,334.97802685304123
43527,1042.3508261962872
43528,568.6004510474725
43529,212.09113542460875
43530,430.63217775009787
43531,331.7279883068822
43532,193.26845912296875
43533,237.4388587082645
43534,332.0884092499962
43535,653.4982068736634
43536,229.68242040975866
43537,239.35440665971842
43538,646.3696630948202
43539,209.6805568112482
43540,308.54934162825936
43541,265.22717503044913
43542,350.4665993765706
43543,380.8395131264678
43544,307.78621679595256
43545,362.4866196476099
43546,172.4913876849351
43547,269.1341095447932
43548,388.5976221015547
43549,314.2234033058755
43550,247.60918082052635
43551,359.5736448805782
43552,248.72834886415453
43553,312.59323388924514
43554,229.04619881011953
43555,219.73148796222497
43556,648.1598309989082
43557,335.65909008428247
43558,247.08466437309943
43559,247.60204465533891
43560,231.41060162179883
43561,285.5175413097426
43562,314.8965194132316
43563,435.85131249446584
43564,525.3467698428598
43565,226.99319322397218
43566,308.25742431527453
43567,361.3482958763191
43568,227.39124990803032
43569,280.57415015730686
43570,354.39822807500616
43571,264.6828518176727
43572,250.40291180203164
43573,413.5390652603883
43574,275.3104418560635
43575,282.9632156276835
43576,172.20151547262373
43577,456.6611747447405
43578,282.40148664298283
43579,225.12007225304706
43580,287.36128132542854
43581,197.3730411388809
43582,220.04973412902945
43583,420.21484474001215
43584,172.9398971028498
43585,211.32548447316952
43586,214.2035970163581
43587,268.561554564664
43588,279.1391071561464
43589,262.14592345737685
43590,379.37261235682206
43591,486.317419464595
43592,199.1996970253077
43593,171.32397794660523
43594,162.94135662384414
43595,359.9586966805346
43596,330.8645962210897
43597,266.30658177346544
43598,256.3319038054098
43599,432.4077752864805
43600,250.07947747818855
43601,204.71576930629956
43602,958.1686315667039
43603,190.10388118786972
43604,241.4956902305823
43605,194.66337332656155
43606,244.44081692757777
43607,340.48012621753594
43608,164.2156940410392
43609,159.54814868239058
43610,199.38326836540972
43611,203.3090702477711
43612,305.1701635548724
43613,538.6178272687886
43614,430.6653150842015
43615,292.5961613800119
43616,391.30929640176225
43617,262.0541941966101
43618,242.34583946018097
43619,228.27317659863465
43620,174.70313297830552
43621,226.40315176227313
43622,299.47226582088314
43623,312.14614412501714
43624,430.56707314234734
43625,588.527317502788
43626,181.75193178507504
43627,250.36987985938003
43628,190.16988152565352
43629,169.37390271570575
43630,354.26098436444636
43631,254.28697432014263
43632,198.66726589198691
43633,366.58437126089115
43634,278.15394613871007
43635,362.6078283042649
43636,188.002110766912
43637,362.9324173360717
43638,355.9347808204576
43639,235.1542646708501
43640,263.80014038368313
43641,171.31167446287813
43642,324.12528410828645
43643,233.30200324431502
43644,266.43566638799234
43645,214.63125645007855
43646,217.34890006275495
43647,387.2339276634098
43648,370.7914591384242
43649,237.61112975775387
43650,231.02863354670842
43651,189.02764212476959
43652,603.4424972012855
43653,371.92373968009747
43654,474.4378772658981
43655,328.36816696676834
43656,231.78073513088296
43657,233.72998309725108
43658,460.15337696962644
43659,164.3169319330102
43660,228.94815399207613
43661,299.4625903113663
43662,188.03894395741239
43663,307.0766101589598
43664,189.39855033730473
43665,246.0695410806815
43666,253.3958370091444
43667,341.7696534121405
43668,291.31336613067964
43669,244.4781077897874
43670,360.36154932036715
43671,565.7593057947398
43672,285.5257820080249
43673,247.35331999845795
43674,654.1688343381403
43675,295.11880664377276
43676,170.66899291298625
43677,846.1283195566198
43678,181.15521618945846
43679,245.6425652184569
43680,490.74620651534383
43681,173.62481477811107
43682,172.811971381681
43683,245.6085337428574
43684,181.22859093802523
43685,242.57548497640516
43686,235.03976288427316
43687,195.71894382219227
43688,553.4602512672168
43689,336.798409137348
43690,371.8664163138505
43691,367.27283283721516
43692,310.8636552848404
43693,174.62224475515407
43694,196.74813237051606
43695,240.00264799857823
43696,503.8161375433235
43697,272.7573966015033
43698,254.2014192741831
43699,312.636587322727
43700,247.1186373070874
43701,152.18784459402897
43702,168.10424430511802
43703,322.8889866892806
43704,506.4134977230258
43705,348.4526949259902
43706,373.09992220779844
43707,247.6709562615634
43708,229.47080570812525
43709,281.49096711225394
43710,342.2775605510023
43711,249.91689538820194
43712,322.4730616297638
43713,208.52527776812943
43714,249.74602541835227
43715,189.7937134318571
43716,237.9698960771654
43717,236.23148406385604
43718,215.799271236902
43719,177.68002895466827
43720,305.8738413755175
43721,196.82869828111623
43722,282.41146068218626
43723,222.01646393740023
43724,251.53402111199367
43725,258.73796005081834
43726,254.03916483896236
43727,276.936268999363
43728,267.54159273899194
43729,236.45981033663745
43730,425.33736694795664
43731,323.8689315068973
43732,236.64883933970654
43733,545.0763522049281
43734,279.3352079741503
43735,281.1347716816044
43736,229.59000086441054
43737,290.8128219024551
43738,323.501384685961
43739,246.0780294831665
43740,221.8424191032055
43741,193.53376048969346
43742,510.40566230803057
43743,466.4428894608791
43744,334.8103418258345
43745,186.7717208862825
43746,264.8459073220109
43747,223.1461295536157
43748,325.0361306102298
43749,224.41460848652628
43750,233.2857840647312
43751,194.86308139389206
43752,334.76708566194355
43753,208.09972047291467
43754,212.76965223585321
43755,285.0087621355665
43756,191.71005744930125
43757,326.41475664646777
43758,356.22080304214495
43759,235.87321438111502
43760,183.14134262451682
43761,222.75083161011798
43762,197.73146454146817
43763,496.41031526770405
43764,317.4949949631527
43765,323.40820192927373
43766,188.5043415828159
43767,214.71526035985545
43768,349.1381522784028
43769,210.54341242466526
43770,475.0065839129032
43771,372.03330111949003
43772,261.85336803734
43773,203.67458642053197
43774,229.20858052667393
43775,351.7331618204108
43776,294.189692873342
43777,206.49222157340506
43778,497.9324229597436
43779,490.9271463013435
43780,338.3165218729959
43781,209.39402666461712
43782,207.1893860053193
43783,265.2311616904676
43784,189.2933398141647
43785,246.06787648210815
43786,212.41088058459542
43787,207.2518624071436
43788,229.21039560988754
43789,246.40556455455766
43790,176.72374811077137
43791,193.39815537547565
43792,219.99164797361584
43793,231.49537827570407
43794,204.29061713234785
43795,448.7167335659374
43796,237.57341129055013
43797,347.21757884722507
43798,457.99451552514864
43799,245.86663025462832
43800,592.8979737913218
43801,253.99131250757543
43802,453.7989682702471
43803,412.20838818850245
43804,281.0201217803192
43805,286.4370251417863
43806,266.8210751423518
43807,170.85105231071486
43808,221.1404194558181
43809,444.64955417208836
43810,212.55858283429916
43811,255.39524847702504
43812,422.48997102509963
43813,331.5802890440267
43814,247.18188141429837
43815,354.3838479553957
43816,325.3938194154179
43817,343.7677141641142
43818,264.5581303674642
43819,212.2560067018105
43820,240.83328875358424
43821,218.2955937940783
43822,659.1788364504686
43823,390.9377754010966
43824,352.45842907784373
43825,237.0298273855361
43826,256.3689434499024
43827,1154.6570238648626
43828,138.98191406430263
43829,252.62210580310906
43830,245.33205271728073
43831,372.3376366258816
43832,275.8606585198363
43833,237.57744150996646
43834,184.97722553876474
43835,192.27784001204415
43836,444.99469954970243
43837,174.61532616501225
43838,229.11204242402874
43839,276.12924991122475
43840,449.0450672457799
43841,275.3510123429881
43842,213.00692394307782
43843,964.594732279784
43844,248.03430098054395
43845,254.07182803939952
43846,247.84461395394445
43847,298.16644417936885
43848,335.84774276428084
43849,247.86562153560632
43850,270.1875423245466
43851,242.73313186673155
43852,254.0105220601451
43853,304.0539668963832
43854,352.35588047104676
43855,255.80083307323187
43856,282.3504703954382
43857,402.6644308421624
43858,190.31947780944498
43859,401.7242222404894
43860,189.17486257036498
43861,253.9888592732093
43862,335.5991064875503
43863,532.4758298635251
43864,270.9374437912949
43865,338.51344026581455
43866,246.53473689800413
43867,223.88117416783462
43868,396.14105828146114
43869,195.43815593601352
43870,327.0974237078342
43871,229.56804938783353
43872,291.65429549629056
43873,224.02577169049772
43874,283.5909889100567
43875,184.41237683722335
43876,407.36572061406093
43877,545.6573613992913
43878,269.2577673883745
43879,197.44107273171085
43880,334.19600573705014
43881,325.9099893299885
43882,271.32620961323056
43883,416.48167248349847
43884,231.1135048008544
43885,252.9642134127176
43886,335.0370756573599
43887,265.78147750192227
43888,248.61881960447698
43889,286.1175086390596
43890,262.16301533570294
43891,323.27710243822463
43892,215.716605993223
43893,298.1889678717802
43894,322.644223102297
43895,158.73042134779453
43896,218.43344874414834
43897,230.4017644610285
43898,319.5874556436264
43899,232.00215955285017
43900,236.81902130949564
43901,256.4816413045259
43902,236.43665337525704
43903,299.52040818821337
43904,357.66718358727576
43905,216.94254517102308
43906,208.2988078479615
43907,239.36711846533652
43908,218.1712012962552
43909,205.85907717600276
43910,235.4539340486065
43911,199.1350474731219
43912,177.54002004883185
43913,176.72756851874522
43914,314.34459057650616
43915,368.94986508096724
43916,224.25615525358407
43917,230.7949377557434
43918,226.9274412992607
43919,402.24394138033944
43920,221.5824671930359
43921,194.53394668031513
43922,287.7241876666967
43923,250.66502214182057
43924,256.3325672856768
43925,192.13345773177815
43926,327.48176479089113
43927,208.1064608095829
43928,351.07869314006547
43929,207.80833854479368
43930,230.87388591751068
43931,177.10228726773397
43932,425.66141108045565
43933,186.92810080402177
43934,264.94640079129215
43935,299.999357698682
43936,529.3573844344754
43937,297.6593113709485
43938,240.82968637798788
43939,345.62887805487276
43940,1108.0451002558452
43941,374.69139685097497
43942,197.59399901234116
43943,350.5304876810657
43944,221.17555485368555
43945,205.53104214803392
43946,238.07111684575173
43947,225.9745977078171
43948,207.39430282903618
43949,1096.4353371404286
43950,178.71208282691907
43951,230.19439877294374
43952,357.6229803920269
43953,278.62456290587016
43954,199.41762866059665
43955,390.0703988428016
43956,271.80865307150896
43957,312.78021956115964
43958,225.684859034762
43959,254.25956001284314
43960,573.270474384833
43961,227.9263776249435
43962,304.46070544947605
43963,198.32750820511657
43964,336.58422827706244
43965,335.97139996604506
43966,427.7530339500339
43967,277.06065721867225
43968,201.12897195861564
43969,208.55273987130806
43970,370.6551912662693
43971,212.6150618393269
43972,723.9364267083113
43973,246.9840402757853
43974,216.03738442201222
43975,274.37979229403896
43976,228.06355638332957
43977,368.9662158784296
43978,288.2752096773388
43979,297.4486104520953
43980,306.9308606222982
43981,285.7029647672802
43982,330.6840348855337
43983,192.88718947591883
43984,481.291024712507
43985,380.8496295349369
43986,197.85160281525557
43987,414.8223030112692
43988,271.3633370690054
43989,279.29521731349837
43990,510.60550046089156
43991,227.9859738976284
43992,216.4843085272976
43993,198.49273770582678
43994,177.7922524698194
43995,315.3934842935856
43996,225.55914024993504
43997,215.44571974114345
43998,237.88141556458152
43999,255.30494214873232
44000,250.8868754354561
44001,352.39502243106006
44002,209.60894744690466
44003,365.4611705268638
44004,323.42711829619515
44005,242.2417082289455
44006,295.94109797323523
44007,343.7629169135382
44008,223.93939896530648
44009,302.744092405841
44010,216.44867105694902
44011,310.754531387557
44012,295.82350291300526
44013,558.4860740581724
44014,228.78379100521462
44015,225.9033485183477
44016,326.9142986448365
44017,304.09724249348176
44018,283.41166739281607
44019,235.19598148306355
44020,163.97641831053232
44021,300.14198315926427
44022,608.829244741186
44023,203.27861411684398
44024,268.09087526810185
44025,218.33299220849943
44026,217.1937878474396
44027,318.58211836414176
44028,235.4810522641561
44029,327.04938287389996
44030,282.1183177782487
44031,270.6674782384786
44032,347.9049532654282
44033,468.6025886203147
44034,205.96612899834227
44035,222.80012621724578
44036,239.13692133396455
44037,153.3231738168816
44038,249.47566577522866
44039,199.4746948699905
44040,309.60286547460186
44041,313.31458818271614
44042,215.1520857218754
44043,184.19250981561126
44044,214.85538700915686
44045,266.1744999742563
44046,304.1032340052516
44047,268.98425754431923
44048,276.4941125003983
44049,178.33849956847138
44050,269.7302633797116
44051,317.0536951309409
44052,374.2140243272387
44053,343.2318452580458
44054,241.0871274077777
44055,276.2779448276865
44056,373.66163438867574
44057,311.05073746233006
44058,313.68034351945494
44059,186.77241699659731
44060,198.18671050942217
44061,231.4231500048839
44062,173.3155066374399
44063,252.44818778018055
44064,346.32319342012386
44065,327.2417948945861
44066,244.55290237635478
44067,225.84595878632214
44068,196.43322021655268
44069,179.10279464818407
44070,450.7500057690243
44071,220.10636578874224
44072,186.90852411988644
44073,215.07127622974423
44074,545.7914440068515
44075,240.14463606721458
44076,220.57997491068463
44077,308.27188380274725
44078,220.58988865333947
44079,331.46239991125725
44080,205.47930599808694
44081,288.2046720851833
44082,212.41087962798795
44083,349.265098033837
44084,301.739874144308
44085,562.9192005032897
44086,241.14581213121232
44087,398.6281562503577
44088,183.42126921457012
44089,219.98996367466484
44090,166.878906092093
44091,217.9509335727121
44092,180.12778778293526
44093,363.53586092815897
44094,356.63314088209637
44095,279.708268027911
44096,366.9957983545396
44097,350.94380904503856
44098,195.97381424877332
44099,210.82793741541008
44100,477.05492588820806
44101,182.6295312014587
44102,195.92891155838996
44103,504.9788323747218
44104,230.91391524233993
44105,257.5635259290673
44106,245.0326451946245
44107,174.79254048798518
44108,324.7277056225196
44109,227.2751465895169
44110,303.5991836442856
44111,245.44632219321483
44112,403.8951353284762
44113,308.2947725374415
44114,240.66834868178225
44115,221.4525397181458
44116,409.5126780133055
44117,215.29015781716532
44118,229.5294485990647
44119,244.85209672851042
44120,469.3320296510256
44121,202.86721318468238
44122,172.45203614468164
44123,320.78327052980694
44124,183.72675174866745
44125,197.03716442659726
44126,417.93523846647406
44127,302.17376137959127
44128,378.4548580324643
44129,225.87644391541232
44130,213.631810706192
44131,284.6691621399479
44132,228.80146530715407
44133,214.69416404242622
44134,241.07816903107695
44135,274.84501767866016
44136,244.14615636884088
44137,383.6738986947954
44138,214.76584503836582
44139,241.87596893774636
44140,176.6006948696867
44141,226.17189472206118
44142,351.4590899314463
44143,243.47492321758912
44144,185.6155631348063
44145,446.99278529839904
44146,349.81466342434237
44147,267.1394216929576
44148,287.635251194283
44149,324.3899096188731
44150,193.08839502615652
44151,424.88222368737564
44152,241.0301146953004
44153,186.62561221577536
44154,150.32769309155043
44155,371.6979267054927
44156,288.49330104225197
44157,265.1899559907922
44158,216.77797488198976
44159,209.39619326058806
44160,328.0474475706597
44161,248.06533447808877
44162,446.6512155487847
44163,551.1675787065577
44164,240.68311868174862
44165,176.1568414096967
44166,422.4166276725625
44167,302.0562333470394
44168,233.12619324753481
44169,317.3347371557036
44170,224.1917854340015
44171,177.17846445787575
44172,361.93017235120794
44173,422.8208538369126
44174,168.79454912884532
44175,187.8447274802844
44176,276.55346882461293
44177,197.06910768640563
44178,174.32422423768864
44179,310.37142561016697
44180,281.92603564424195
44181,264.86466802698794
44182,233.0837450687606
44183,266.4067670099032
44184,257.4011715872186
44185,240.7057622724544
44186,376.05504918614713
44187,245.38803508410962
44188,138.56418949102152
44189,333.78899347019416
44190,279.43307136900734
44191,221.17114707891437
44192,339.56542539122813
44193,303.42187163649777
44194,245.1184826738684
44195,325.2041564951961
44196,364.7956716223643
44197,169.94331634061143
44198,233.38924264217954
44199,235.93218162120644
44200,215.70184579898952
44201,249.91298018336659
44202,667.0319827574582
44203,347.2267537420672
44204,207.9745692498177
44205,450.2380592936254
44206,164.7956779937375
44207,320.8805383915753
44208,229.18506115413373
44209,154.53086137919075
44210,458.7313788665199
44211,502.61651357998414
44212,217.62440968601652
44213,192.7196636230762
44214,226.14427515674805
44215,312.30718290927723
44216,189.76359099566216
44217,358.02769441253315
44218,501.77266695541016
44219,205.70770374239882
44220,245.89435046834282
44221,229.83518436991702
44222,241.00753094557672
44223,270.1613403028803
44224,190.06186448948316
44225,393.5911267185106
44226,358.9774205215009
44227,238.36640031441505
44228,194.46479168517894
44229,221.59204005807553
44230,635.2677444736678
44231,260.95680807129855
44232,244.74104129490706
44233,403.62801759044095
44234,263.1257877808824
44235,399.6084694460566
44236,227.66093126373332
44237,195.08263183994504
44238,361.6806177238563
44239,345.7900689637682
44240,230.7256695287418
44241,447.6993557907091
44242,871.4703144767109
44243,357.6096189031688
44244,204.91768962838154
44245,180.52972294148978
44246,280.8894976769555
44247,227.9910057811192
44248,211.53938265977524
44249,214.6233190552072
44250,225.2876340665437
44251,183.64669220063007
44252,294.756911488816
44253,294.21651605397903
44254,360.6054587394372
44255,222.2337945911106
44256,220.84053293596799
44257,415.75739590218836
44258,287.3728462884999
44259,234.66727294933096
44260,201.9141844249128
44261,307.091853110606
44262,448.06421456635906
44263,368.26487658380853
44264,213.50948154415232
44265,242.25510330762668
44266,167.29128047930638
44267,309.2469845226168
44268,214.1471140557353
44269,441.34495524525664
44270,321.0627097961106
44271,305.7607865962292
44272,204.80697185660492
44273,171.13149254728805
44274,651.747077175507
44275,235.1678713981119
44276,254.78535191528408
44277,250.51432772183887
44278,453.7839735805838
44279,312.96943981591346
44280,186.20818072342607
44281,211.59298512241043
44282,270.0628213039406
44283,191.72781281868595
44284,200.383996906641
44285,280.81972087256685
44286,366.27499454199284
44287,224.02377609545334
44288,270.8114368471184
44289,320.0674401363298
44290,306.35346821086557
44291,196.85887346002113
44292,571.0771111577978
44293,292.98921596339284
44294,282.88403318749397
44295,161.86151342361438
44296,258.4947393333413
44297,248.6609647862859
44298,205.12700019868188
44299,402.8836873695883
44300,210.59367116543672
44301,233.88313256358825
44302,196.64847417506684
44303,171.30077787897497
44304,233.84751210801355
44305,287.27340073144205
44306,227.02908498296185
44307,397.08792585804076
44308,247.7869992669494
44309,483.08668793697495
44310,221.14343003574194
44311,238.62491560321578
44312,341.61899760323683
44313,185.94484582096294
44314,213.14200740070123
44315,222.94530157599607
44316,201.66730496578802
44317,225.2268531013278
44318,302.85402394745347
44319,193.74324166917773
44320,205.3334994042202
44321,211.81862914923363
44322,246.07678000776215
44323,320.0973670259998
44324,228.7282972526853
44325,262.2270320309474
44326,171.4236156248141
44327,189.86001534669478
44328,190.38342765689694
44329,231.82849689217807
44330,181.64096666790115
44331,321.6533828056074
44332,322.2808562261547
44333,238.81900475414392
44334,226.76109551025726
44335,235.5388976234982
44336,171.26639451684886
44337,491.7233476401982
44338,186.33441948469448
44339,164.06511262869887
44340,335.69252951666857
44341,319.97185630230535
44342,197.53369551465372
44343,340.806415577353
44344,209.79952124965737
44345,275.8846223227061
44346,465.6326370568638
44347,318.0462013441752
44348,527.5382698646923
44349,193.00749148608054
44350,217.6049771002336
44351,683.4287546960877
44352,349.9816784345225
44353,177.48832262539824
44354,254.14152414427406
44355,226.3643365673236
44356,241.628138966845
44357,174.9445779512762
44358,282.3479623605978
44359,184.20869998779355
44360,241.3047317557496
44361,180.91879687079953
44362,284.0940558007587
44363,225.99342328903037
44364,221.61684063493794
44365,271.54482809304847
44366,299.13399555560267
44367,197.0303112015898
44368,365.16510939969316
44369,264.13005202724486
44370,216.9351100942678
44371,236.46160424124017
44372,227.99976635969963
44373,296.2296547969327
44374,296.83343562228106
44375,770.8117044536755
44376,444.3932769389483
44377,167.29953918330676
44378,230.6228771432709
44379,216.88904299905352
44380,339.4885438623764
44381,222.97700121580496
44382,300.6392302670417
44383,211.66379594400186
44384,194.85517938878294
44385,227.36280222879893
44386,156.820181327643
44387,239.5910570723822
44388,286.4240351860378
44389,331.9750585895456
44390,300.8592470265552
44391,223.70599842720264
44392,276.6768893217225
44393,211.73496720406658
44394,378.2034970241664
44395,242.8411573530887
44396,217.93865759538937
44397,296.2436415420506
44398,377.33153293076236
44399,295.9175248193771
44400,379.6550559527132
44401,363.4354892227313
44402,228.3422661324535
44403,203.1074194816591
44404,390.0326390865486
44405,397.28041193359275
44406,189.56379915870792
44407,542.8191479443407
44408,266.0759014156966
44409,279.92459364095447
44410,348.8532195970745
44411,346.7483434256177
44412,202.72074259178927
44413,246.67732892212595
44414,258.2227411174816
44415,357.82538276413015
44416,212.99767176945358
44417,402.0299850227048
44418,444.7024095496129
44419,358.2221619523311
44420,196.11354425244946
44421,339.87597679904053
44422,286.03744291823716
44423,291.7296332568845
44424,233.69419713590574
44425,235.22662556438829
44426,265.98310952101923
44427,258.62016039896844
44428,245.52689283963485
44429,220.85166642294678
44430,443.33584543441344
44431,300.6691134231236
44432,210.24249610453697
44433,273.6819931661931
44434,521.0790349242529
44435,181.26684174466536
44436,238.795351323108
44437,155.70170570923764
44438,217.77336428096072
44439,153.93179690353992
44440,220.8662292037473
44441,258.34532300006765
44442,242.97795105840092
44443,252.22706444846563
44444,291.0565660038306
44445,349.63937406567874
44446,493.3237719673538
44447,280.09925857855063
44448,351.91404836340797
44449,343.1278500589711
44450,296.27376582271745
44451,278.1286125231007
44452,277.9663787036872
44453,185.632578748693
44454,366.6471032715723
44455,259.55440595337774
44456,232.28592594311178
44457,355.7362003920703
44458,246.39923860865406
44459,267.74901614722097
44460,463.9817033981928
44461,214.59093133049237
44462,252.22236011560807
44463,703.0642798966156
44464,167.88816364292964
44465,285.8011771494327
44466,416.78014670025334
44467,166.03751446032146
44468,171.24048555679266
44469,282.6334806405436
44470,609.990218478615
44471,372.1615831786168
44472,323.44748952090805
44473,426.93268637199196
44474,191.0370447576201
44475,204.10068729609662
44476,232.16510517958415
44477,229.03196046276787
44478,188.34233565516126
44479,229.37828533845806
44480,222.6660191739501
44481,337.3289536281538
44482,333.5145519740503
44483,199.81121119469765
44484,264.7400275362125
44485,267.9598081053104
44486,253.05085560524486
44487,222.29767891844688
44488,311.0185856727661
44489,286.612560427459
44490,328.60034061975966
44491,217.91971607772481
44492,220.82090076601466
44493,299.96901634886524
44494,273.75288996204637
44495,316.52647747324795
44496,208.3445495393737
44497,167.67416457316256
44498,319.0142301110001
44499,234.85071545474023
44500,368.3361184464711
44501,333.0238913632331
44502,254.05401655056036
44503,239.39680495987832
44504,180.3652408415911
44505,156.60971370999843
44506,413.91849436442527
44507,228.57994276111847
44508,251.93266953512082
44509,323.60251078722155
44510,289.74903849204685
44511,231.7472244695964
44512,301.0914846520024
44513,185.7131561330618
44514,436.60184937416886
44515,358.9915667907614
44516,210.6223178960264
44517,297.6858938223642
44518,160.68442459094487
44519,242.62497709603872
44520,246.76129167644436
44521,216.6257130701082
44522,217.9783286480072
44523,266.8775287877599
44524,348.69480777103314
44525,282.64070858766775
44526,268.79318655969274
44527,317.84353618676056
44528,256.7421083580314
44529,266.2356066019202
44530,194.64921990849348
44531,182.4834821949518
44532,191.14781723159086
44533,236.87122447831769
44534,253.91914257543485
44535,237.996865475555
44536,237.84893694973692
44537,275.72566524428265
44538,406.3376185164538
44539,312.99584499262664
44540,254.0090655402882
44541,165.68216729691557
44542,310.3138400810852
44543,229.52537066804194
44544,384.4818815315132
44545,234.00006631182612
44546,217.0375512079758
44547,272.0309114863067
44548,361.75828182937545
44549,177.27459287640463
44550,535.5399016788792
44551,819.5516757428833
44552,303.95544823409756
44553,288.25505057420327
44554,822.9889176522807
44555,340.12292367283055
44556,209.1827759686464
44557,226.95258572827558
44558,459.52245786230833
44559,263.36723960153864
44560,249.3011112354653
44561,231.70754469602517
44562,258.85939381059103
44563,265.4931816500459
44564,502.4371116317682
44565,188.31887800969932
44566,185.27835576835767
44567,288.64173702893004
44568,356.93393537827797
44569,296.0595196925426
44570,211.71142390676664
44571,201.30811209176994
44572,197.13702169940922
44573,312.4723613726991
44574,205.68314227715146
44575,382.1587234091759
44576,215.0161821347176
44577,352.90714999503524
44578,338.7458391274813
44579,367.35122567119515
44580,312.35021273733753
44581,201.16137242975057
44582,335.9903001660181
44583,211.05727340942954
44584,214.10914199232644
44585,195.7250301686483
44586,451.6691787197083
44587,267.6634431465169
44588,232.9899491052893
44589,205.5947674563878
44590,345.2795162785086
44591,326.63254478015574
44592,250.15918128324117
44593,205.2052383357679
44594,240.99091631301764
44595,223.95037407767194
44596,264.06901545277793
44597,307.31965319377315
44598,273.59202764670346
44599,254.79733842107046
44600,226.29397479270932
44601,176.96072855251958
44602,243.53690573962038
44603,210.66021506262598
44604,228.48082651092167
44605,222.5693025671135
44606,312.947943956462
44607,462.7668129316404
44608,214.78972035284275
44609,430.8939639809609
44610,594.8841451148782
44611,250.97297569379353
44612,255.24271579216912
44613,198.68302803936635
44614,229.54678150945807
44615,186.67405791039567
44616,276.34241364328676
44617,262.88709599137735
44618,257.0918669999435
44619,195.9408695725456
44620,339.18770462521456
44621,271.57173206540466
44622,257.4042748003097
44623,327.0195260855142
44624,202.14178396219597
44625,389.85543255699133
44626,243.30006025794978
44627,334.01013198251826
44628,417.7483516729799
44629,182.25066921823162
44630,307.0822821615799
44631,380.9412955049382
44632,179.77202569301892
44633,202.47571381613133
44634,198.7226485185908
44635,160.02545213255195
44636,250.80916741949758
44637,231.96703097285535
44638,185.84602586789396
44639,371.99150686373343
44640,227.50317310017803
44641,225.01297497277224
44642,206.8457137396841
44643,321.52959687811733
44644,258.5987615314501
44645,272.38240352106504
44646,254.56108448281955
44647,167.50130948503153
44648,249.137586129297
44649,220.80496392188127
44650,207.39805493261133
44651,241.19171127475082
44652,303.6918786390407
44653,291.7055974957163
44654,243.0904488609501
44655,366.99167446975986
44656,459.3466212550193
44657,304.9859857951761
44658,257.60956059260786
44659,186.72878655370656
44660,309.8141379475165
44661,453.2223650729455
44662,192.6093173901042
44663,243.61648252780182
44664,295.4296231301674
44665,192.9213316906152
44666,168.98940564108312
44667,320.2109907373166
44668,191.09313003476427
44669,266.1248830746558
44670,310.9230009714678
44671,221.89319990680536
44672,182.330645903041
44673,462.92662791680465
44674,220.63149865192617
44675,366.4290267457319
44676,224.4036221314123
44677,245.10200560324495
44678,220.90691344984705
44679,226.5102018395105
44680,277.798412248883
44681,210.55676992490734
44682,260.0343751400779
44683,223.1126970057981
44684,170.86351112273653
44685,299.20355439184254
44686,292.3507730144226
44687,183.64166395294995
44688,597.6670313015497
44689,338.1714108540559
44690,263.06650238190946
44691,427.9535964747007
44692,333.5093505262699
44693,235.52121461831123
44694,236.0844623070511
44695,264.7870419001531
44696,283.03474993121705
44697,211.86411872017655
44698,253.33280405053313
44699,226.75738662384543
44700,219.02516352713192
44701,295.7888142816692
44702,438.7693830917752
44703,325.9499380007323
44704,444.3789457024363
44705,205.66211860138412
44706,205.77880297628516
44707,225.08007195877315
44708,183.2435470566601
44709,368.6694995602513
44710,265.15012283304515
44711,329.53321932302686
44712,257.2733002682573
44713,314.93728925892424
44714,232.0417548905521
44715,317.1192867919388
44716,252.1272382196852
44717,185.41870309830114
44718,206.12735603690743
44719,732.8746056361406
44720,292.0412533232658
44721,298.9241532081336
44722,239.6194314553978
44723,236.32988944808835
44724,279.54659362736385
44725,274.66306957330715
44726,378.9724081600164
44727,308.3406404933193
44728,386.9241449870688
44729,261.8973702354232
44730,297.04886790800714
44731,202.2279182644846
44732,177.47830529100548
44733,348.63295370849033
44734,244.85857189413426
44735,200.3391109428451
44736,250.91271119628348
44737,348.91743083833506
44738,248.57024288042228
44739,380.1738196994807
44740,219.99900019883572
44741,339.7145972974505
44742,714.0783315434824
44743,262.0176976996311
44744,200.90189706281498
44745,396.1705473137754
44746,191.04896227737416
44747,322.58022464830105
44748,253.27664163514163
44749,290.3656159205068
44750,254.100548620893
44751,256.54475532183295
44752,193.70430376332556
44753,212.67039240834703
44754,322.73839280590676
44755,270.5496949405376
44756,255.09564930351587
44757,322.4879005817058
44758,351.1199271795156
44759,228.63686675904688
44760,319.34628154738687
44761,246.70867778667895
44762,1390.3086006611125
44763,280.6654212842227
44764,188.98104815874046
44765,327.8173006429603
44766,237.27309432633143
44767,646.0978826751117
44768,192.7391490222931
44769,443.192597385874
44770,458.3255533482411
44771,212.82558926471543
44772,255.87734713986003
44773,241.89027860846718
44774,207.82708027193732
44775,267.56648845634453
44776,275.6974988655357
44777,274.5406117962653
44778,215.7917074916955
44779,242.04299036919656
44780,628.8624124777667
44781,243.2699553196757
44782,344.590807054822
44783,224.0584236454319
44784,312.6909054220581
44785,248.1164369398281
44786,252.6207650090612
44787,328.5947749608246
44788,245.08263537515816
44789,620.4157960615717
44790,248.2846251934826
44791,353.11594405672867
44792,271.99939920478005
44793,280.405594203388
44794,299.8933341289378
44795,359.3120607539633
44796,595.098832396506
44797,268.2105106251919
44798,652.7486781885814
44799,228.44575445047022
44800,248.84208085401346
44801,195.03107113920112
44802,755.1016270390528
44803,291.02407595328856
44804,529.6252434495391
44805,529.6192535964041
44806,222.575740693378
44807,176.30301029267534
44808,242.6241119270952
44809,358.7708049600412
44810,323.6126528155364
44811,210.00361276016014
44812,205.71215164658398
44813,814.9868893286032
44814,211.80894421730602
44815,315.0555534633781
44816,507.09084516380653
44817,310.31552448710636
44818,206.1461660138665
44819,229.71696378459364
44820,693.9709622330937
44821,330.1002574968349
44822,342.4244452116219
44823,226.00473446388733
44824,281.8036944934344
44825,239.46983930364968
44826,472.32163785968817
44827,215.4578141149705
44828,343.53212184341874
44829,175.03691553386653
44830,207.9086393832764
44831,172.61823780295381
44832,210.10341210974184
44833,190.365225985029
44834,252.9090110549598
44835,206.6054994023988
44836,195.51071133674506
44837,239.9965186618301
44838,344.7774225856241
44839,188.02836899434072
44840,246.5420506440626
44841,308.4726424145931
44842,204.85594030700543
44843,288.04605855958414
44844,205.9049036079926
44845,244.46108482463183
44846,198.7797517657559
44847,338.1426302767256
44848,183.10685908158607
44849,244.88422832637613
44850,175.24592983334048
44851,210.00068907907834
44852,214.22493105768783
44853,334.07990426395236
44854,192.93364669364558
44855,217.5404333234891
44856,379.2210217883626
44857,642.0885975211555
44858,468.3717359828707
44859,306.5075173024817
44860,183.80065023529627
44861,328.28141362832787
44862,190.20346811547944
44863,213.18634914219763
44864,511.43352815376545
44865,173.22409008605598
44866,222.2434189442368
44867,269.6570491402411
44868,286.93144994540165
44869,193.05969374162092
44870,262.78431479446743
44871,280.11142969681407
44872,250.53960487821794
44873,193.56983918921497
44874,343.3102985972333
44875,224.71686918633876
44876,300.97202677924065
44877,313.66123774577744
44878,319.9506824791035
44879,190.32727895507455
44880,196.2950119296479
44881,180.38696779141327
44882,271.1023849715173
44883,384.0242555037648
44884,220.87552318294155
44885,299.1543589811084
44886,334.9486231163477
44887,241.28200201419216
44888,231.78133568186908
44889,235.7429338708848
44890,398.3216515449623
44891,520.017633513714
44892,300.7912923953725
44893,212.19841063564914
44894,275.3928379768991
44895,264.03405143483224
44896,258.2550000537708
44897,222.7957636869637
44898,273.75201420486127
44899,254.01079938715694
44900,230.79469615016862
44901,232.70973080615084
44902,180.66981025669924
44903,197.9750621270882
44904,628.4927003658096
44905,269.10005778055057
44906,301.7207848149248
44907,232.90123145497978
44908,179.6139716553357
44909,356.64429374328495
44910,319.7584256038561
44911,247.65021185857069
44912,437.7090261707546
44913,245.84189124076096
44914,311.1961872653703
44915,234.02967553408047
44916,359.4143629399802
44917,248.6887209144828
44918,303.71316568968564
44919,379.72206367143025
44920,190.0344372852728
44921,384.0264074902501
44922,202.33341055362544
44923,246.04193360582013
44924,322.1805849268945
44925,376.363606467405
44926,259.7547087096383
44927,219.1359253085822
44928,287.8834411918277
44929,174.45208240047515
44930,590.0788942186656
44931,241.08420787219953
44932,193.82088941815192
44933,210.81552969477602
44934,256.02443020369446
44935,218.3022713508923
44936,255.80401977820924
44937,409.9964837811299
44938,216.44648935146563
44939,254.92336251067465
44940,257.8526055949535
44941,251.85405493292362
44942,203.5675792798578
44943,362.4036877495986
44944,251.08977370933428
44945,170.4167206330511
44946,378.8555956013726
44947,294.04634345972073
44948,279.52205850437105
44949,216.3714099596469
44950,237.8518316941604
44951,222.78095342354695
44952,242.96936280878117
44953,199.28815109765458
44954,239.30369191335018
44955,251.81262571916832
44956,246.6920655300562
44957,260.8700734653306
44958,286.4255429239772
44959,218.31698288748794
44960,193.00721142085874
44961,292.5158728148242
44962,289.97634090171135
44963,280.67199407031075
44964,209.4229867984305
44965,266.90494790019477
44966,227.4527241802595
44967,257.1995675162537
44968,223.73308454750193
44969,177.12805436285862
44970,240.72933717923684
44971,197.00591949076178
44972,299.6056956096884
44973,220.60057645412374
44974,227.59969158510307
44975,230.18997597271317
44976,240.03115962388455
44977,338.876951787201
44978,253.97938703213586
44979,394.3849184221363
44980,299.86265262012324
44981,1308.385967626294
44982,296.0711248990356
44983,219.39302709720485
44984,236.0321452085615
44985,559.8791090174003
44986,183.26751210884532
44987,186.45245065511796
44988,189.61772658599398
44989,276.77474371414365
44990,189.62680698004766
44991,209.02404940710295
44992,224.24640925300992
44993,233.84015143055203
44994,493.130588819307
44995,593.9243877975616
44996,279.6784535553657
44997,296.817246938521
44998,353.2228276955655
44999,226.50360410200256
45000,227.44930083301392
45001,265.1320301687853
45002,431.22085284811175
45003,215.9817512455276
45004,282.02640048445164
45005,251.3866927448455
45006,170.66795162371727
45007,314.83773301080004
45008,212.19670544628065
45009,323.4877788391889
45010,420.3352457405692
45011,236.40344765439625
45012,190.51131059975316
45013,250.4300370968888
45014,232.86686831292036
45015,197.5480553886801
45016,726.8524049207281
45017,291.73757749460634
45018,563.7379755724751
45019,236.91115102699416
45020,363.9461879507269
45021,263.13541229665594
45022,230.7867940780757
45023,336.1352628821744
45024,223.02291870909355
45025,558.5122506872324
45026,342.8453832996811
45027,265.34572128602946
45028,212.9470559837762
45029,182.10609287251535
45030,190.63418642605657
45031,285.46027429857736
45032,266.59670401501563
45033,541.2731537682772
45034,226.49839659103
45035,212.53321588692702
45036,249.68661205696998
45037,237.3663311430874
45038,378.82289731565464
45039,251.05449756373113
45040,225.9128833871332
45041,231.95081894777772
45042,208.38662711427992
45043,252.91684277886603
45044,192.61949652823006
45045,367.59648449424924
45046,239.32719796306267
45047,199.72062059879585
45048,280.23678687738317
45049,196.82531798820708
45050,649.0861653357194
45051,277.88206502579686
45052,528.6190952524786
45053,193.88791218834444
45054,158.85629302750655
45055,291.1331005527319
45056,289.4973072023829
45057,211.22004248814835
45058,225.98363247713735
45059,210.63331973332
45060,406.20833444362296
45061,406.7247750950135
45062,380.92030798676126
45063,195.54988277274092
45064,219.2246892796227
45065,209.28751124231943
45066,268.10276975650976
45067,276.39238499764264
45068,175.97272836619683
45069,343.66390341182506
45070,222.08646862416379
45071,211.0501751052794
45072,241.0656929946763
45073,299.2245326100545
45074,256.09429289591884
45075,300.07352040958665
45076,212.97349347828444
45077,243.03556632625717
45078,220.90050140381138
45079,649.1376351805534
45080,253.62961431034336
45081,234.32268734952325
45082,264.74348587212035
45083,223.77168624219482
45084,241.71005839793204
45085,230.07846830700717
45086,212.53074850191015
45087,184.7124142125326
45088,273.9241904979767
45089,307.5118162047766
45090,400.2655328874401
45091,298.47290528219514
45092,300.51668330473404
45093,323.81249096469685
45094,237.5334363760662
45095,277.41878123304326
45096,207.77687651837962
45097,316.49497083512614
45098,263.6031908993592
45099,311.7954195713026
45100,381.4412721939265
45101,329.2665823823199
45102,246.72208994653556
45103,263.43414199754164
45104,233.6354296901048
45105,204.2792784641681
45106,278.272158975932
45107,517.3752311572977
45108,227.9010494123081
45109,225.8007919809553
45110,212.29292071785446
45111,187.4993091094293
45112,383.20772135060736
45113,272.59874477824565
45114,332.7183683695953
45115,253.92452271359696
45116,229.35940602138618
45117,428.3694424396388
45118,186.03300025223484
45119,238.49844728371394
45120,238.0981940392126
45121,284.50087842893817
45122,229.17590401046016
45123,212.08527757334957
45124,191.68426699792565
45125,182.20727892267138
45126,438.76642549502304
45127,356.76174754704704
45128,203.30997005879922
45129,212.21037817021303
45130,223.25116392271676
45131,300.07304882163015
45132,335.39586969869885
45133,205.43129384392185
45134,241.4828675458626
45135,213.01000234296524
45136,199.36538159723105
45137,409.64623569273743
45138,223.4789598214622
45139,308.5803621807401
45140,296.0821002449836
45141,676.1813546875446
45142,238.7466474786124
45143,347.4871091688016
45144,344.8004356033408
45145,241.8482858428531
45146,269.49872008209314
45147,166.83914821585037
45148,323.2120756053207
45149,220.59623274439969
45150,194.24631237674856
45151,237.33126371253857
45152,259.11575117376805
45153,315.6782185707835
45154,440.4467928247044
45155,352.5391314790723
45156,418.76166061995804
45157,241.81925888761225
45158,525.88574293862
45159,183.0350622800387
45160,249.24930860841206
45161,177.97357570507293
45162,326.24903716400127
45163,299.6601538536189
45164,222.64209360260864
45165,250.35062097361086
45166,230.12231310660962
45167,619.8422269514103
45168,223.951545161524
45169,575.5212283960855
45170,427.99349706629846
45171,180.4615969108472
45172,195.56948512931612
45173,637.4386693765155
45174,259.7106156643327
45175,229.78333821975133
45176,273.0573418878846
45177,314.9899736995352
45178,382.20074600686945
45179,239.68004142584235
45180,249.65951250245575
45181,494.16086227029626
45182,243.10475194250816
45183,315.9684061522911
45184,222.47476005774493
45185,180.47794086951123
45186,243.66377553533562
45187,457.3315286822968
45188,225.9725103400163
45189,330.50701691006225
45190,247.5827060936452
45191,193.23481190706397
45192,215.1180297273213
45193,476.1340708703689
45194,278.4386192475641
45195,412.3512563461866
45196,236.04859718135415
45197,188.84645812820247
45198,310.58093549603416
45199,315.4374884800279
45200,241.6621879883978
45201,308.5825399860673
45202,224.07671071922056
45203,368.0210850668474
45204,353.33334370724157
45205,260.24808153707835
45206,295.2455574938226
45207,248.44382730906585
45208,269.6540763610755
45209,194.47708168730955
45210,199.647044888039
45211,269.7931025736628
45212,223.56286389916485
45213,386.11838879050043
45214,259.891043921147
45215,291.33653881697234
45216,183.8900155576922
45217,184.00570045596666
45218,424.6486342502816
45219,309.87995651251356
45220,285.6429631666
45221,231.85775015513786
45222,335.231847929085
45223,210.43402861273455
45224,195.09226753259242
45225,195.7836209601099
45226,186.57367511744204
45227,289.9913112822796
45228,214.61984328142566
45229,252.68000617801263
45230,447.4250531386251
45231,259.7026418569122
45232,377.52263692206617
45233,195.3533906340989
45234,161.3778940807026
45235,237.26194579166665
45236,251.1778808361834
45237,229.80969154355958
45238,277.05650542263743
45239,186.42095388559378
45240,427.5104816409748
45241,219.5375978864782
45242,281.5137268589115
45243,216.66833173725803
45244,214.38950460928436
45245,279.66671752897236
45246,227.31516284758527
45247,249.95827184023602
45248,209.2232113988421
45249,244.42119161864466
45250,175.49486706871596
45251,216.06713258828125
45252,263.67820533689115
45253,250.19169213282933
45254,205.3452355564184
45255,182.34591951533872
45256,179.3204407404741
45257,253.66759971308107
45258,215.99960928538314
45259,235.07316245855736
45260,266.0163118161557
45261,198.23517847029
45262,229.59765974360207
45263,158.2127174801927
45264,324.64629715178626
45265,198.04545999220386
45266,215.1680541201263
45267,256.2373506156559
45268,316.9905953123921
45269,673.8228551112893
45270,334.8768359896239
45271,248.59221883712317
45272,240.8519437623046
45273,327.41740883187833
45274,440.05638377287084
45275,228.06040043214895
45276,352.4376274793776
45277,316.312811401141
45278,451.7171744726264
45279,227.29814141515706
45280,206.90832452853232
45281,202.24071504023357
45282,227.22140457344182
45283,373.33637241929273
45284,359.1036152707284
45285,287.4309391048105
45286,184.333869883264
45287,172.41969669814776
45288,310.89236621739883
45289,200.57169683413974
45290,268.7187876961507
45291,284.9572880756463
45292,238.23617770424875
45293,439.3678994618034
45294,498.1654630103756
45295,218.23605292279788
45296,222.07458617481115
45297,330.7676707094147
45298,269.91038636208697
45299,212.5674944165677
45300,270.0149851487362
45301,229.8074815046229
45302,316.26775544372094
45303,194.88104424830055
45304,274.5228276786726
45305,289.761861200995
45306,776.5204652558645
45307,191.58890937005185
45308,453.3537324156538
45309,201.78674389216604
45310,321.89461293557576
45311,264.3076325792403
45312,291.42279558806774
45313,270.8977402208427
45314,193.03036478491464
45315,185.38759709227324
45316,495.75532527284827
45317,333.7668200538752
45318,659.7903039340282
45319,241.1354320206585
45320,251.56698997966026
45321,336.8531933307731
45322,229.87217778439052
45323,173.3966279922821
45324,455.1124067438455
45325,542.8170515992498
45326,219.94579496392018
45327,223.36737135563675
45328,219.0950304117443
45329,463.14650732721924
45330,171.89517505284255
45331,310.06936464110174
45332,222.96989791816105
45333,219.47145891029706
45334,329.3337445373975
45335,246.57939725057838
45336,237.05277950766742
45337,278.2339645525635
45338,212.79276887208303
45339,197.00554685741804
45340,498.90647699373335
45341,214.98347565449197
45342,253.36358218925352
45343,328.48421648461704
45344,248.21025943629223
45345,337.46955067376047
45346,418.7736947143419
45347,232.88428291802632
45348,220.3427359305861
45349,199.3326037888015
45350,288.31220149082264
45351,211.14271804875378
45352,185.4524420751708
45353,237.85200805491
45354,327.86373051781425
45355,281.55332577850305
45356,250.8432377503033
45357,192.97977115452605
45358,213.32324834084625
45359,206.29139962371144
45360,229.90183788575925
45361,235.02982599987538
45362,285.44044638195544
45363,385.71840638043
45364,323.12666150345666
45365,273.86139038896005
45366,345.04661226441635
45367,248.78840451188478
45368,406.2579583549931
45369,224.39368290710644
45370,345.881778604283
45371,216.00031027057838
45372,225.9733838144254
45373,333.4899917704048
45374,279.6481804304911
45375,383.6887269919906
45376,222.37264755323207
45377,334.32588155809935
45378,253.58785361365307
45379,262.49115482416823
45380,213.98324258977135
45381,223.64359099177767
45382,165.45105789316838
45383,243.10338186117949
45384,259.5084088218796
45385,257.7743774653731
45386,226.72859334105107
45387,208.2168837948358
45388,325.13595977564745
45389,244.58028126489125
45390,237.27867334026573
45391,641.1615775636685
45392,260.4251670854318
45393,291.56552110009255
45394,227.72221982821253
45395,282.6822692993371
45396,328.09296627507075
45397,204.81322254047734
45398,529.1102852706993
45399,472.37435761343374
45400,302.29605281448454
45401,221.70332155329982
45402,526.5161451675009
45403,303.4283214923882
45404,312.97291037334986
45405,201.40571846309462
45406,307.17422953288946
45407,223.18297379918613
45408,195.0401152420366
45409,240.59100725487113
45410,245.45835176132994
45411,303.59219358167223
45412,389.1717580223102
45413,311.70165000890154
45414,235.7815304103215
45415,161.9578639693901
45416,205.31013787418132
45417,192.7932882148868
45418,197.69861461316546
45419,315.3132859928029
45420,273.29089373936904
45421,794.518296688328
45422,362.91569963216665
45423,374.93766797322144
45424,229.55779366116732
45425,253.90546662496675
45426,311.5958123172231
45427,282.9922653992696
45428,194.28624438979244
45429,430.30386983042604
45430,253.92472772750673
45431,215.51996701965524
45432,258.5979537608094
45433,398.7583708963533
45434,221.77541711134043
45435,336.9461140493276
45436,247.3043043165029
45437,212.26185362346774
45438,232.75594639128832
45439,274.6049304459504
45440,239.12847402152914
45441,512.1666156576746
45442,184.70060296799642
45443,541.2972351533647
45444,218.63863938323595
45445,290.66296733474985
45446,240.66107002637693
45447,220.12130926021283
45448,184.4253297522501
45449,274.8537761365503
45450,239.5819455449992
45451,377.0537610421075
45452,255.86242547483747
45453,242.26303078025288
45454,306.7498235100506
45455,179.5823926651305
45456,857.8039894375552
45457,316.87691314925877
45458,172.01674907988257
45459,221.591463994936
45460,327.61220618282977
45461,201.86629479589988
45462,256.39734958729036
45463,209.90801428955294
45464,364.9631758090613
45465,177.36739949005297
45466,223.84151475734
45467,363.08553130229313
45468,659.9549394678044
45469,220.90034619442892
45470,326.08584463979844
45471,197.34793327193938
45472,238.80281350022653
45473,459.62222874677053
45474,476.9914785825165
45475,158.91772660041906
45476,231.9581733900929
45477,189.4135926501979
45478,276.659572938386
45479,241.0629354054736
45480,201.1484183523717
45481,220.68833546470628
45482,337.6803821764841
45483,222.96221926798248
45484,219.09686770854717
45485,226.6856275137434
45486,175.12497602144163
45487,365.8924708814193
45488,176.39268788152074
45489,291.720350151817
45490,359.3756216040157
45491,243.8625118940955
45492,254.64184098357956
45493,380.68692117917186
45494,270.34989860968705
45495,176.23973675766612
45496,422.5841972247623
45497,224.78943664941625
45498,244.37279332838725
45499,247.51282646811245
45500,243.01300983085775
45501,254.3658902030925
45502,290.824258069175
45503,269.84833506195935
45504,221.42234241814575
45505,208.43181285327833
45506,471.202094683996
45507,192.82981755679054
45508,452.3737244532298
45509,182.8874028338767
45510,233.50555655844582
45511,383.7562361562709
45512,241.43855783905653
45513,417.3646492624885
45514,290.07690707242983
45515,270.9673151634609
45516,205.2310295314797
45517,554.9814190190166
45518,308.98353374700815
45519,173.80788355064584
45520,202.01530865469982
45521,374.22167334699867
45522,456.05006033808394
45523,163.90869236716256
45524,224.48595189759436
45525,462.2217891594847
45526,245.6335190551122
45527,209.28328818157314
45528,361.7104365703025
45529,340.3763313789709
45530,219.32312603930453
45531,487.1973818205501
45532,521.0943865056339
45533,236.83755627528396
45534,174.99440671542385
45535,174.05626909717478
45536,332.051149416194
45537,248.17570375865049
45538,204.90920119873599
45539,283.67912014559556
45540,215.61945407554558
45541,255.80201087399038
45542,311.19615400028607
45543,276.2599741097717
45544,209.47164865015515
45545,320.2119255418464
45546,252.87155613998513
45547,315.23623118935325
45548,222.33214493584626
45549,519.5518886006818
45550,1433.2101469237725
45551,222.65468427223593
45552,214.36571955368544
45553,202.73315185026402
45554,220.6452513541157
45555,332.32159549686804
45556,250.37434916830892
45557,180.90487935339056
45558,304.67571453524573
45559,551.2324917827724
45560,212.91818205732767
45561,395.4936667607579
45562,161.34065563610312
45563,270.7137414182972
45564,240.34505890359267
45565,304.86844906755323
45566,200.5507387027432
45567,285.4798992729667
45568,221.25960550743955
45569,196.87004032462917
45570,279.3518389100296
45571,299.3888442922455
45572,294.54848847064
45573,742.5137636168944
45574,533.7977071168168
45575,284.4976855268944
45576,291.4280970103773
45577,341.00798466404683
45578,531.4083422739765
45579,166.0052839820074
45580,244.0336347012518
45581,261.23473055277043
45582,237.87033052684242
45583,283.2181764000777
45584,304.24031719680437
45585,294.47768643166216
45586,268.66722086266935
45587,337.8098023170779
45588,192.21381988287712
45589,352.29028314387455
45590,358.7974804763191
45591,303.5794538943213
45592,260.79872988200106
45593,304.1877585158746
45594,247.82570151198837
45595,337.45805658027814
45596,253.39046909224902
45597,195.84136396286402
45598,513.858535603139
45599,371.5233824143668
45600,213.1561302045067
45601,234.53375065611218
45602,294.14580637633213
45603,311.1513836729942
45604,185.4106411700749
45605,312.70995490470017
45606,198.1251986260389
45607,186.1791252213739
45608,414.63236596364067
45609,200.30787089911712
45610,191.6205640749216
45611,555.155727728347
45612,370.48075372531866
45613,214.5211461291449
45614,225.38565962603812
45615,300.4261119882475
45616,749.5634275773593
45617,202.04692920309694
45618,212.25719610646476
45619,180.31087725745664
45620,350.82419728943626
45621,192.13298368930612
45622,161.77045227250173
45623,308.13172565567925
45624,530.2992760709453
45625,227.0139152562765
45626,293.5520925862242
45627,267.4836871133361
45628,249.3428458763073
45629,228.0139762557019
45630,512.93321769878
45631,402.2732600952637
45632,365.13067747874055
45633,238.774794837672
45634,225.4482081128533
45635,243.7466379130889
45636,346.6992024051394
45637,551.2543454993706
45638,225.1976787763746
45639,546.4452369630383
45640,185.56820625312437
45641,267.563185098617
45642,235.17169364316229
45643,340.4473435785565
45644,316.1985637205486
45645,417.72215099579205
45646,180.68005085183415
45647,303.87936295717856
45648,252.65661660575174
45649,338.8211213221942
45650,211.89715429757814
45651,351.92544704024385
45652,433.7670260257015
45653,164.51400411464192
45654,260.38364993098145
45655,278.036592131843
45656,199.17836942354037
45657,249.20797163781657
45658,238.57287115487838
45659,169.6886532781825
45660,462.51413440972397
45661,456.4043315212341
45662,288.36076077509966
45663,178.06972393975286
45664,238.28804081485956
45665,219.22693659853098
45666,238.37405402880552
45667,273.6347254104588
45668,205.61690948362062
45669,176.65267390575008
45670,294.02458475460094
45671,200.09824458132871
45672,236.56520429501043
45673,252.05117991833558
45674,214.62656531846096
45675,464.6962295693026
45676,253.9806782110175
45677,556.7934418181877
45678,219.62065473664694
45679,315.1032276504418
45680,375.0457508271306
45681,352.51329515861795
45682,617.7271577643943
45683,238.74988864527208
45684,304.2892286210547
45685,702.4796186543044
45686,272.1606137881668
45687,273.7974769400952
45688,275.439330423917
45689,337.03565610657785
45690,214.822102353973
45691,264.1475290602885
45692,269.7102894772805
45693,334.08637619888646
45694,224.62513910536117
45695,279.5186880548662
45696,175.17772209256825
45697,505.89793930648995
45698,220.15762996845743
45699,266.3147844254955
45700,467.6574966187113
45701,315.32177944731205
45702,360.33454292984214
45703,383.35573057104335
45704,191.04196483577041
45705,194.05228869413006
45706,311.05965555137647
45707,317.83865537903245
45708,318.23475504236313
45709,237.83190974601575
45710,327.2489096290546
45711,178.2393039498312
45712,419.94612428679403
45713,300.219581660019
45714,259.87221696515354
45715,419.68152693174744
45716,267.9207980456957
45717,240.79274757963864
45718,341.38554304487536
45719,815.3909855382803
45720,236.78700178506512
45721,227.8507285354629
45722,687.6645770801155
45723,287.9756777724545
45724,241.8029731949115
45725,281.91884620485996
45726,983.5627466676777
45727,469.2917116362194
45728,403.107645437122
45729,269.26562842368924
45730,185.06122384359625
45731,204.3861481681545
45732,194.06999179154516
45733,191.29686726079296
45734,238.63547877794767
45735,235.5918497863503
45736,439.08888262020633
45737,295.02766161842334
45738,378.28096508205505
45739,354.86703528885874
45740,208.56072208475373
45741,239.64566269728175
45742,183.55784689257354
45743,211.12518025646415
45744,272.0419133001755
45745,394.5561996361159
45746,223.49204536596017
45747,504.60882514502475
45748,225.38407396473798
45749,543.5390926251306
45750,259.5238907099764
45751,383.72734282508935
45752,262.37166483781743
45753,313.3824656267887
45754,220.68172107377114
45755,218.45436180081683
45756,344.21057531350357
45757,286.066939962517
45758,193.05691011980193
45759,239.98897353974863
45760,343.77222061974203
45761,1081.5594639692806
45762,288.04741375568494
45763,432.56533320659577
45764,353.68120819111385
45765,320.0904201471719
45766,189.67588772837126
45767,283.36450847758806
45768,211.95831559689935
45769,327.15156729596987
45770,277.77574336884857
45771,672.6660543566446
45772,238.6463442497917
45773,340.62973679864996
45774,199.92464210115847
45775,289.39897032300036
45776,203.19236005605006
45777,180.84393104063832
45778,334.04597808376553
45779,334.6427756075371
45780,167.11656027148064
45781,231.39552823620383
45782,338.7039515474849
45783,277.00738825139655
45784,273.45816787538377
45785,306.6123009157164
45786,186.07528642878606
45787,366.98895359346534
45788,230.74288936854154
45789,191.03823763787227
45790,188.95331250034513
45791,288.388551816498
45792,186.02679071440582
45793,264.00088586403496
45794,264.72013940924336
45795,300.34998877768527
45796,299.94993021032684
45797,403.33176079364085
45798,250.01530655686878
45799,246.6377923878418
45800,208.87187621457375
45801,171.587221983977
45802,321.71134352192587
45803,194.5182659222804
45804,262.6630886387135
45805,284.0256283788512
45806,244.76419132989244
45807,527.4011218907244
45808,256.5635271940091
45809,294.13021569631235
45810,498.7062891941867
45811,259.36006556440276
45812,298.08254843490766
45813,184.19898830309137
45814,346.0517397546951
45815,175.09793526394463
45816,343.05711511546303
45817,284.7890930329555
45818,235.83272228029836
45819,217.33890118861976
45820,240.95296392859174
45821,210.93174318337483
45822,259.83272978437975
45823,303.65114566271376
45824,173.20859306748167
45825,379.6087604062328
45826,225.53153825438412
45827,666.4902874635018
45828,179.09594537413525
45829,227.05069170700304
45830,215.17711315559248
45831,243.32596496352642
45832,214.14802899595358
45833,232.66778896041032
45834,268.62664908879873
45835,227.36978219302742
45836,185.92842041150413
45837,181.34263842912256
45838,239.10752597770448
45839,612.0516108289611
45840,193.79042903288268
45841,272.34391034304207
45842,343.630454609528
45843,241.19093237540014
45844,311.3674362134049
45845,509.9937959646731
45846,238.03518005039868
45847,252.73176386318215
45848,238.90266898112495
45849,383.6892496911801
45850,342.25837070131143
45851,324.13413614337304
45852,205.34937589976838
45853,348.6765787752332
45854,240.24577446059325
45855,190.99370673354414
45856,305.71375762910037
45857,190.70194781244174
45858,231.22716779654885
45859,279.4262761392369
45860,404.8031224067543
45861,231.74103167763957
45862,186.14700671781512
45863,256.706404450021
45864,264.69696777973735
45865,218.98312529313804
45866,190.1843130077068
45867,295.90408752782395
45868,255.39969935863084
45869,264.25785393574057
45870,156.62569448454985
45871,566.720937971631
45872,547.7333840866443
45873,208.6381678236804
45874,334.0950964437256
45875,198.57044535909415
45876,187.73936008245437
45877,178.16312721462867
45878,201.88984363629243
45879,436.3015481386578
45880,341.9035647687741
45881,255.583078888449
45882,425.37943524900334
45883,235.96760415184585
45884,631.6358711861375
45885,275.94590642256577
45886,183.58401345773862
45887,232.91219370998894
45888,540.2211180977511
45889,231.7158950882021
45890,196.70823706365388
45891,224.44296317365053
45892,347.83091094433564
45893,240.5100268232592
45894,325.5907350663828
45895,271.7642447373662
45896,447.6806656972716
45897,249.6371501291536
45898,215.99941718791712
45899,246.43648747015342
45900,215.3086617194567
45901,190.7671873423983
45902,183.12494516687332
45903,215.84506687756164
45904,207.73933863552193
45905,182.35210152797697
45906,292.7227497442756
45907,275.8361057802375
45908,370.86119766998263
45909,197.37548064707354
45910,192.8485340249086
45911,250.07640032273272
45912,322.5762452364484
45913,232.11746066956096
45914,497.62464589784025
45915,423.75484226134546
45916,221.41383662308237
45917,208.25859509150024
45918,470.15350872211405
45919,247.03626770631908
45920,195.45166360981258
45921,261.9063078167322
45922,206.32680065340898
45923,169.11209336503563
45924,282.3632363997956
45925,263.32342130644736
45926,196.5142473058575
45927,455.01547036918004
45928,245.98807028839016
45929,235.1143717849955
45930,372.70390446529854
45931,349.4763776309058
45932,192.43560472547927
45933,367.04061924192223
45934,449.2387294316809
45935,241.07356820063342
45936,266.81946702929685
45937,569.2011791160635
45938,291.5648685951077
45939,226.45840411490084
45940,236.655018458286
45941,289.2085302528602
45942,226.03424342363837
45943,427.8070712226714
45944,378.60521392284926
45945,204.4971227369973
45946,330.8552781045243
45947,178.68961943295278
45948,171.82684786753273
45949,387.1070423502947
45950,176.38848949803585
45951,240.33240355394975
45952,329.0196443330478
45953,187.9712740989967
45954,349.58138131458406
45955,253.74131007248263
45956,429.2693632016757
45957,256.4227757291507
45958,237.98836660934504
45959,175.07859538028404
45960,469.43449152500165
45961,192.30101745010083
45962,333.0356436217452
45963,241.09942967027942
45964,211.3204722421507
45965,751.5313144134852
45966,392.84152879432577
45967,219.26527982053906
45968,345.77460391572333
45969,331.984535176601
45970,183.4325792387938
45971,355.6455862102983
45972,202.01526094525704
45973,356.2480938165036
45974,175.12998707545293
45975,528.5840928876346
45976,302.1225775134578
45977,400.10672771850653
45978,361.6961699418191
45979,158.52281702416298
45980,172.68791614607102
45981,336.0537215883442
45982,255.55877265381116
45983,295.6880413908609
45984,240.8035469552458
45985,221.2557886740338
45986,210.95128430424714
45987,441.9635325503118
45988,227.7099625823058
45989,268.83235242360803
45990,546.3383311689659
45991,191.19921408964467
45992,314.221346490059
45993,203.480264127137
45994,368.4039586457283
45995,274.3837138243068
45996,238.80096666921867
45997,182.01648157175086
45998,397.5116275228016
45999,313.3438786229832
46000,314.96879810635517
46001,250.8653510040614
46002,217.5757359479646
46003,234.27866870024727
46004,314.08709872266047
46005,412.3996885979615
46006,230.80846405050536
46007,177.94507848750345
46008,371.5194681795916
46009,239.28865436897394
46010,179.1672324226774
46011,326.95602091112886
46012,458.6026589099174
46013,400.20463877556165
46014,198.48401080481176
46015,210.62767564810002
46016,226.5348215483515
46017,213.84362725269114
46018,278.35731988781504
46019,351.299633366027
46020,290.57676867486026
46021,216.3402947221377
46022,205.60725791201156
46023,351.15379517414
46024,553.8719201678302
46025,204.75639335753783
46026,313.63434509361446
46027,334.6840778490439
46028,299.07014027904347
46029,214.5381870755896
46030,193.21469077101207
46031,421.5820547827892
46032,213.5106505553133
46033,433.2308877246009
46034,447.8071391027973
46035,216.66804779827672
46036,242.5996729179851
46037,205.0392342776882
46038,151.61925540858888
46039,323.3195971151464
46040,211.46905769105425
46041,229.99550900426163
46042,137.50343476581867
46043,350.4426524821064
46044,232.59555084615803
46045,214.9152321494767
46046,217.51534389519742
46047,221.8229768263197
46048,251.31133951446293
46049,232.50336230151504
46050,341.2721746778381
46051,197.3702799148487
46052,181.21403294965413
46053,584.4009108607261
46054,215.35422570761975
46055,192.92237432304998
46056,197.86869905702642
46057,210.3194832633529
46058,228.44746465226314
46059,268.04129160964396
46060,195.33196197075483
46061,329.6874186015238
46062,382.8048090921458
46063,342.62046606661744
46064,610.6949316642534
46065,280.6336732841766
46066,195.6759042642178
46067,238.33408166703936
46068,243.07885593931871
46069,368.77863745929943
46070,210.58785612154693
46071,278.99503638004455
46072,261.7949594323938
46073,172.93280381087152
46074,302.2303895151337
46075,235.56139636855315
46076,243.12695692387396
46077,427.3479867385465
46078,182.4522229890752
46079,207.32716894470062
46080,370.8378331264879
46081,232.061951531548
46082,285.4254023083453
46083,178.88036731457854
46084,232.5460088444269
46085,467.2649329525694
46086,270.73576033399763
46087,204.9612316848841
46088,346.5181206583088
46089,232.1981423895101
46090,309.0072199144397
46091,218.13299860027522
46092,273.2775656050055
46093,358.30746626846127
46094,191.47584038577497
46095,254.83957894715599
46096,240.45014511896477
46097,283.4927088822749
46098,198.64474964449903
46099,293.03771532417386
46100,520.7634437714216
46101,331.97216326551364
46102,264.0770702172323
46103,219.87805958678214
46104,228.55668061791843
46105,270.64091570778936
46106,303.5373892146572
46107,287.8098578858099
46108,354.233910770976
46109,897.6849944059758
46110,257.03843296194884
46111,284.97614752844646
46112,787.2200726233652
46113,215.1763310930046
46114,269.0372209517328
46115,214.5718263691769
46116,374.37520525803995
46117,187.43886854366588
46118,196.53564922396976
46119,389.319213545497
46120,263.31658426698414
46121,181.19613380687233
46122,272.810510895129
46123,375.56605571758473
46124,394.04567447944845
46125,210.12445866734424
46126,303.4942682336467
46127,171.90980748466453
46128,391.83680826771456
46129,316.8036601033472
46130,364.76040401174936
46131,299.90806688856674
46132,211.17835898472242
46133,210.1150981923973
46134,185.23358671596392
46135,219.44198859402155
46136,227.3583090035676
46137,287.62776410380144
46138,381.68675029164467
46139,169.5835872815687
46140,231.30341898548838
46141,293.3180338558289
46142,524.7760872032213
46143,294.1063742394169
46144,336.25280697987773
46145,313.93586706144134
46146,378.48404328909436
46147,367.77775164392546
46148,234.05798642522097
46149,233.4758097776025
46150,213.16921830936994
46151,573.4600098828979
46152,233.64430722860737
46153,282.9610444321717
46154,333.37211833415614
46155,176.12715327859783
46156,387.6655824437913
46157,175.03111070617868
46158,345.3729225220293
46159,281.43284804916027
46160,203.59951055175742
46161,378.24252896475116
46162,432.7235474006067
46163,343.91928559809855
46164,234.9818668444027
46165,298.73354498368013
46166,256.074130055985
46167,287.51864079593275
46168,332.60104211743
46169,216.65080733501
46170,240.36328295934666
46171,245.27301640300192
46172,462.2869343517427
46173,335.98291370155664
46174,211.78791206343828
46175,273.5772140202798
46176,229.27980664404024
46177,454.21356576309466
46178,394.44563267804136
46179,285.63546750667757
46180,361.5962483036561
46181,433.81697619382584
46182,209.94648339117185
46183,229.3554910646553
46184,356.6287151168805
46185,304.13671599603674
46186,364.11245491669274
46187,266.70340248993955
46188,1913.181753646544
46189,362.613257360261
46190,255.24606073928868
46191,296.9613928304326
46192,199.10346874313646
46193,181.32004629508387
46194,192.05876605398663
46195,203.07306314923665
46196,271.122837363685
46197,211.6514618811456
46198,345.2415869547458
46199,238.14919826840037
46200,220.4003732834823
46201,296.8449164065171
46202,246.09289913975718
46203,247.04803554751646
46204,172.42491324887226
46205,2079.919575862752
46206,304.94172200044613
46207,234.75027678660808
46208,238.8094154745391
46209,461.5799723963199
46210,251.33433702046938
46211,282.8686395067502
46212,233.49022002102296
46213,238.43239686214295
46214,396.89062585724304
46215,204.54746422419856
46216,233.20178749046943
46217,215.7533103798197
46218,229.21297808872845
46219,228.21590195101138
46220,232.84231108039825
46221,274.9354472153083
46222,647.9616390777202
46223,182.05620822493927
46224,367.93729643173407
46225,256.9326959608849
46226,209.93426113005688
46227,191.09415293643474
46228,452.19086327765365
46229,228.96016592568932
46230,338.5394149399696
46231,297.4408207489509
46232,359.3484036640338
46233,217.74313308139494
46234,193.3196473349222
46235,198.29840966688707
46236,235.11478973814997
46237,305.88182024696584
46238,233.17261962291383
46239,151.9427047699728
46240,281.8808744756911
46241,381.01400789901896
46242,225.26727500553815
46243,241.52660579567453
46244,221.13239415626856
46245,200.54742303939528
46246,353.65303453777517
46247,367.35436365913705
46248,259.0075908792257
46249,254.8743666224406
46250,147.4620006036584
46251,307.24025183414216
46252,394.19780541434443
46253,174.42522065022683
46254,607.2610344414707
46255,345.9576954632395
46256,192.13623657317675
46257,302.19720844354083
46258,199.65965647462116
46259,213.31124130828573
46260,199.5648842005307
46261,1197.660768889848
46262,223.7174920175493
46263,282.91995605747775
46264,179.41393018066537
46265,335.5169635081871
46266,284.0128797129599
46267,228.05493866093636
46268,400.71546558080166
46269,255.4447385095973
46270,246.14687630190073
46271,182.64588127172578
46272,267.8989799781957
46273,273.59469455032917
46274,202.97269557392647
46275,264.3399760260243
46276,203.68898620332772
46277,323.5894052238767
46278,177.6257528304824
46279,192.8901195610683
46280,148.46960576928794
46281,324.85514700236314
46282,284.29889190510676
46283,403.110606242314
46284,190.9486643223911
46285,274.8091371040164
46286,239.6726074327802
46287,203.28617459670184
46288,818.3990406366972
46289,270.6581769653311
46290,183.7945125153533
46291,195.48351569637558
46292,1596.257944284305
46293,258.7797011042192
46294,245.31534684152564
46295,325.04307462701604
46296,259.0901396301922
46297,329.0236375008945
46298,341.0071857876589
46299,415.51396591630447
46300,212.64065538800682
46301,215.27778750888788
46302,321.62020683733533
46303,409.69705194281477
46304,298.6940704240094
46305,244.81115983718908
46306,259.6103406853194
46307,552.5371430452185
46308,222.837055165116
46309,363.955144818132
46310,215.03026208936882
46311,423.5882398640075
46312,318.4223694574498
46313,193.9547384885111
46314,424.3583344800833
46315,193.7141192233574
46316,175.34188836523063
46317,271.4855527520892
46318,239.8532450874116
46319,247.55834344648704
46320,203.84064504769486
46321,267.04123178117317
46322,236.09570941063544
46323,216.01656286879984
46324,180.24562331957128
46325,306.84207724640464
46326,237.26203566567486
46327,184.91380645944935
46328,306.8719320112226
46329,299.88332046747075
46330,199.36197691269476
46331,209.43908446917845
46332,264.0395690165674
46333,235.65467337168758
46334,308.07146087881927
46335,243.48670352421675
46336,278.7477743836069
46337,320.20068524061304
46338,527.3147784638015
46339,226.4569850133532
46340,257.43851770902023
46341,240.8585899865141
46342,243.39124130228342
46343,451.4120848692746
46344,637.4736226194286
46345,248.13322174703598
46346,269.36586198872374
46347,293.31885922430746
46348,208.6876337984549
46349,212.33001971455357
46350,231.78365237598837
46351,263.28362824072866
46352,242.22799317627474
46353,216.62182713655758
46354,199.64594860734465
46355,244.8238075757035
46356,230.67070380826195
46357,169.60396748908545
46358,355.30141221718327
46359,262.92333809774703
46360,245.66453063965548
46361,243.16347672164227
46362,480.599210995448
46363,290.2588039334616
46364,176.4504296278689
46365,255.07571567421897
46366,239.4367439573981
46367,270.5729131471399
46368,257.6756606884716
46369,259.0216682491099
46370,340.545379912369
46371,328.6663787408471
46372,366.6213714957223
46373,245.43403368265996
46374,1216.2140329562642
46375,262.41256138587374
46376,181.91531399927018
46377,264.83087872413734
46378,196.8052214928483
46379,187.25121711597006
46380,212.15590544935117
46381,241.50654813594915
46382,265.5930196323448
46383,179.5259632524083
46384,179.30609864816833
46385,356.175185650851
46386,235.14142063748267
46387,217.9091413025442
46388,445.02748804378655
46389,254.39479105761816
46390,329.5624480416975
46391,447.4566032506613
46392,297.21631579752176
46393,202.51847390718999
46394,322.425630900163
46395,227.83957733656106
46396,232.4316851756648
46397,243.19706014120575
46398,285.4671376014164
46399,395.2327557780315
46400,431.08599627351356
46401,427.9817237716816
46402,182.19722519891465
46403,220.48839597133514
46404,223.13698792848902
46405,316.3545182657143
46406,261.7636920343622
46407,408.6341304836628
46408,608.7736055568593
46409,255.25579384030928
46410,232.1888833306543
46411,233.63491820275487
46412,305.73092228385445
46413,236.81840251782975
46414,231.04298645461753
46415,223.72094109019025
46416,338.33234285286875
46417,191.01953776525377
46418,631.6889746460905
46419,129.3222594744498
46420,192.09965297941972
46421,329.1918125873079
46422,252.80970458922357
46423,229.77040464698467
46424,192.85691454009023
46425,345.9745934476346
46426,368.08623790116
46427,186.35785401692667
46428,310.4682474512958
46429,177.995120536754
46430,287.56466239224113
46431,193.16448186412885
46432,229.84874345879356
46433,167.25848639628765
46434,268.33294292521697
46435,308.01299861763823
46436,249.288925375636
46437,302.4422350117913
46438,254.18861088252058
46439,423.1489013908145
46440,186.73386163140944
46441,408.8194627748563
46442,203.03229281378097
46443,292.1809838383068
46444,261.32644111205275
46445,248.8817257413155
46446,308.65707756552666
46447,257.8293803917601
46448,435.8693084633495
46449,453.0833495253665
46450,395.739361723138
46451,224.3449461994257
46452,202.79405171510837
46453,303.2331388254505
46454,187.96332492422889
46455,232.41971736905435
46456,503.7510349279518
46457,300.5770970490367
46458,219.7868045754403
46459,286.76591202075355
46460,344.76724167773125
46461,195.30430074511372
46462,172.24848362101022
46463,313.38856695792964
46464,189.8461384881207
46465,169.02335270172264
46466,294.15768666288693
46467,221.73207552900973
46468,186.54917098343185
46469,383.1062641244764
46470,487.9062111165324
46471,319.09506587371163
46472,344.5835370951301
46473,249.95693388503335
46474,232.5420468507282
46475,243.54919560295787
46476,263.3746386296268
46477,173.90598707834684
46478,360.8368777480218
46479,498.2111532908835
46480,226.70922178130704
46481,159.72372837450214
46482,305.7765502116421
46483,255.37247984774683
46484,181.4652311048578
46485,174.05904620853747
46486,243.65223350737702
46487,281.6070405650061
46488,245.70581324864062
46489,157.03611729287553
46490,384.36158195853335
46491,221.715291305129
46492,302.8700459997288
46493,257.8801225114197
46494,364.65203496918707
46495,253.47871228502447
46496,202.9586379565525
46497,251.81408520344476
46498,579.8749069602715
46499,327.7202626006276
46500,346.0130664126652
46501,321.1793478159656
46502,214.5070531223358
46503,389.0935592769108
46504,180.0331995257573
46505,280.8019053858005
46506,251.9580458850611
46507,212.22479637616976
46508,451.59143350543496
46509,382.0606926414186
46510,245.31885398698654
46511,178.12669658146325
46512,237.04603363643304
46513,146.42634710588533
46514,252.78124358615347
46515,255.7408488784808
46516,281.83151698821393
46517,178.7912887569315
46518,241.77332093030532
46519,412.4409512325373
46520,195.36831884919968
46521,250.8510363463282
46522,214.81051054194126
46523,202.46316653505107
46524,179.18139969573116
46525,369.31091280599145
46526,154.76780494065588
46527,734.6644573938289
46528,281.72025017706164
46529,225.74423051487685
46530,225.4409245527705
46531,318.67824081909515
46532,211.29727309324048
46533,437.528780030559
46534,200.95530228787175
46535,310.4272460032234
46536,211.12150762677123
46537,420.8101349573591
46538,317.0416635375776
46539,250.9160318008948
46540,477.70067099367463
46541,440.18099019374085
46542,190.34408835538514
46543,188.9578572711305
46544,203.7366065662192
46545,347.9654484721526
46546,212.9541825169438
46547,377.2233710191701
46548,206.1125113510862
46549,239.43601819328813
46550,291.8805016321949
46551,192.65867033536955
46552,264.6601959976211
46553,185.74324511519043
46554,237.6061731671145
46555,319.50775042140145
46556,366.4636874928549
46557,195.82428859184284
46558,423.3609126557668
46559,201.4265741694552
46560,261.1965192319971
46561,270.9018738455165
46562,177.38313835090648
46563,268.4490506811679
46564,233.76003748834805
46565,186.20429937105672
46566,189.38670482091447
46567,336.3946981654462
46568,176.34695724608198
46569,365.65034618546554
46570,208.4999853829733
46571,189.91565359490292
46572,331.8823749507618
46573,271.82524047347226
46574,259.84225046861206
46575,247.002365082345
46576,208.34710800879995
46577,242.40945816080253
46578,427.3614438504477
46579,226.50164530640504
46580,364.2762936716049
46581,188.64029641654292
46582,173.25936518994402
46583,356.54365634397635
46584,420.4861411708791
46585,697.4888095520058
46586,242.19256564824227
46587,187.16604578284137
46588,246.0788080616884
46589,339.3623367069041
46590,395.4190063712251
46591,197.26452962531593
46592,360.4269343810019
46593,186.48805254426418
46594,233.41408554908523
46595,216.18023405928614
46596,265.45783514222586
46597,308.6232355507592
46598,228.51316279043843
46599,320.1891937131222
46600,416.7785840241341
46601,754.3887708872522
46602,273.18622358974
46603,235.15693147950404
46604,332.8451221601416
46605,250.48119844245466
46606,228.35309657666167
46607,146.6438396530681
46608,299.385439518288
46609,254.67193728724308
46610,302.55125570617787
46611,318.00504177655466
46612,212.31148097094373
46613,214.94130350817792
46614,200.00609200371656
46615,310.3487363368119
46616,246.33354047819398
46617,296.50902007890056
46618,198.27413543289344
46619,197.14625453946505
46620,236.0318113282686
46621,227.07836549284463
46622,245.4432920402805
46623,181.4824858635397
46624,222.30466650440178
46625,300.00212188726346
46626,304.3656918595609
46627,348.98367186482056
46628,240.06713892370468
46629,255.7504035335904
46630,304.8668467963249
46631,218.76643294442587
46632,234.48669325031943
46633,353.02155698825067
46634,336.26987753337727
46635,288.46451395551287
46636,607.0979791062344
46637,251.43280036383388
46638,208.3957888830836
46639,332.75557335844775
46640,327.59419787876504
46641,290.5311933746629
46642,778.4715140049981
46643,356.86701305134494
46644,371.2959858627376
46645,491.3529311888176
46646,212.70221123242158
46647,282.0235025623418
46648,262.764904656534
46649,432.59199086120753
46650,265.9726884750868
46651,492.91416457264734
46652,245.5421554307348
46653,203.01078488602485
46654,336.06590175046654
46655,424.9576324743644
46656,242.40596025802714
46657,172.09254358092824
46658,271.66752037862125
46659,382.2795626822524
46660,371.94478229443433
46661,259.06965388475516
46662,291.3887948269894
46663,232.97191632462182
46664,207.1055436912191
46665,223.32413940301115
46666,174.8720250371209
46667,444.2084999563235
46668,272.67865968220036
46669,317.2919941184025
46670,242.34583946018097
46671,486.8898657669655
46672,173.8390784831211
46673,322.06074331309554
46674,182.84674282295703
46675,334.30390127222876
46676,213.96434396803258
46677,363.7315013041878
46678,175.38476043350062
46679,171.72022439976197
46680,222.7007864185974
46681,310.95875109386515
46682,223.9844456456092
46683,194.17995467903586
46684,236.41722314485065
46685,347.17528420110654
46686,214.75016300430832
46687,313.88604927626886
46688,309.2809093655592
46689,202.8003921703702
46690,179.8089374090743
46691,265.7125011222892
46692,211.7435014284563
46693,265.006976884291
46694,347.9371951781153
46695,313.66320221490827
46696,286.5243115795641
46697,176.99808013838216
46698,218.62865628108617
46699,511.15436445184065
46700,147.18399017136872
46701,211.10179677730133
46702,289.1548678087568
46703,185.96772573023148
46704,239.30591488446495
46705,201.97977217620323
46706,235.77860086276246
46707,378.432186778054
46708,312.15111401358473
46709,249.02501441257655
46710,219.98901117976345
46711,298.9983756632649
46712,378.8031869604984
46713,229.63510860342967
46714,245.0357943990855
46715,312.65449951165544
46716,239.35441836831174
46717,343.283621779647
46718,349.74223267213154
46719,287.32715359077815
46720,636.7698159047211
46721,334.61167923118364
46722,350.82541121329524
46723,260.36462829085644
46724,187.03522982765256
46725,448.4305394251668
46726,276.99934728463063
46727,281.94474731018227
46728,233.94827235334668
46729,187.22633333230542
46730,216.02818723995392
46731,328.9894649621619
46732,287.00419051545566
46733,188.8141754179743
46734,411.03052584013216
46735,193.49336974656006
46736,221.8188121766275
46737,175.7038365847192
46738,230.67778308518976
46739,266.1383976424416
46740,276.37935759019155
46741,252.88239372026342
46742,193.84408367281574
46743,245.25419573063806
46744,234.8964396515316
46745,250.02824905081482
46746,252.17547705463005
46747,233.03078854874377
46748,590.5862691348633
46749,259.4517848366549
46750,191.54594798914573
46751,202.63760430504314
46752,281.0862665045009
46753,262.3956796297126
46754,344.76313159964457
46755,392.24216494775595
46756,228.22632857230195
46757,156.62917393979095
46758,210.88186864942983
46759,433.1154535940921
46760,212.1282840135179
46761,224.5066699748801
46762,717.3156292963557
46763,313.51375566523376
46764,258.39265624063387
46765,590.2320869571744
46766,255.46947177703893
46767,179.31397638905693
46768,179.38419024010597
46769,230.40764423669918
46770,422.30313882202336
46771,211.35383082259423
46772,460.06939349248665
46773,328.2734507021268
46774,238.06068203840786
46775,294.2359024024262
46776,242.97533374819517
46777,384.4041860618944
46778,235.5671261235167
46779,220.28262024223284
46780,310.22855224423205
46781,373.92655043123943
46782,380.12385839301976
46783,198.24906122471754
46784,193.11420810017708
46785,668.2730240234455
46786,240.94038377741055
46787,484.74709058410684
46788,164.7782292064717
46789,260.2835376037979
46790,512.6298824753528
46791,424.89715785813314
46792,131.39433825862557
46793,412.7079392448141
46794,221.79954011508542
46795,175.93759392499535
46796,250.909047276302
46797,324.38076136370427
46798,186.4425411658165
46799,252.98122390653538
46800,188.68925708726766
46801,234.0635878321211
46802,393.5596304200864
46803,235.2187589242238
46804,214.33874018794796
46805,208.75370307594045
46806,508.7079063126247
46807,206.44296584237887
46808,237.76967927775442
46809,219.17955283865098
46810,278.1482867937186
46811,270.8379870741542
46812,413.00028157645283
46813,232.00590526838994
46814,227.90804296213796
46815,522.2677969023442
46816,222.98218369843588
46817,545.2533748176502
46818,333.27301258681297
46819,271.9516066954948
46820,472.05318202995227
46821,215.52419183877015
46822,173.2154390421709
46823,246.43135483889816
46824,278.1555345550257
46825,252.18554085436796
46826,285.75838961223656
46827,236.8527166169796
46828,420.4863743812158
46829,582.5103740272137
46830,253.24957026764724
46831,217.59846926873524
46832,220.53097181081503
46833,529.6724669075156
46834,319.85314018562735
46835,214.09439145251594
46836,207.2480060249402
46837,248.57786523710044
46838,324.46399802768957
46839,284.3852022076184
46840,309.16120169963796
46841,196.54879209603112
46842,321.62606388030383
46843,492.372436946931
46844,198.68848839124152
46845,250.76238949173077
46846,193.47986273126523
46847,270.2044945581859
46848,319.9629754857676
46849,224.65107344183514
46850,339.0480857007297
46851,324.3256647590219
46852,199.71302561982438
46853,311.3954225620416
46854,245.88244812919137
46855,197.16577801846336
46856,461.892183037735
46857,369.0412535654896
46858,221.8970911695201
46859,174.63466874778044
46860,208.87537937801014
46861,444.4310588347991
46862,282.7167395712029
46863,204.82742921711647
46864,248.81510429999028
46865,246.22130434023506
46866,210.43097798869647
46867,237.9880851029344
46868,208.62227086153501
46869,237.06462936295034
46870,289.6111871961429
46871,308.9757198027074
46872,399.7764953271193
46873,384.03577008854074
46874,233.0587156680531
46875,240.3922901459388
46876,239.13040073509148
46877,251.5933127297591
46878,519.542907381197
46879,306.99292148471415
46880,400.4346785058322
46881,175.46690947048668
46882,304.3873174003274
46883,210.290915478963
46884,178.19031678739816
46885,295.5825848535409
46886,296.5317904995676
46887,200.95380535652163
46888,281.33563240882023
46889,245.59065389589745
46890,227.65124333740283
46891,435.6149349125138
46892,240.51453815268158
46893,407.44077147742473
46894,266.71607554655446
46895,307.67635823129365
46896,405.3497929036391
46897,205.05860390332364
46898,222.76645426088544
46899,202.9953669798707
46900,302.20839909189255
46901,254.29057429800218
46902,242.64178338501662
46903,209.45278763401794
46904,284.5388301319639
46905,272.12912223219575
46906,229.51316014914406
46907,165.0277707974495
46908,222.8968462518623
46909,182.95200491009078
46910,196.89121147744893
46911,249.57652486013075
46912,249.6925333442323
46913,290.750098709567
46914,248.0289096215436
46915,202.55456043820817
46916,178.20261613040515
46917,260.44662052434506
46918,246.75388524231178
46919,189.47057768460064
46920,214.96395680767577
46921,292.86189098731404
46922,347.44926876203886
46923,266.663264276123
46924,313.6542411579399
46925,225.04801989649278
46926,586.0679706775695
46927,238.59245219121928
46928,305.8766411601911
46929,163.42033888232808
46930,341.6377815908291
46931,302.94987559545154
46932,230.82517805488916
46933,348.0661433145583
46934,190.71310482539525
46935,257.68875765428146
46936,323.74851679351605
46937,199.54121500534836
46938,243.91742644096726
46939,293.6598977188913
46940,208.42422417827433
46941,232.36239481316576
46942,224.86346147001854
46943,320.4939070875518
46944,214.5676917112835
46945,179.75682181631865
46946,302.0465715511157
46947,264.5088616754422
46948,404.28118887304225
46949,246.73272890721168
46950,231.1702081737628
46951,176.0163721668371
46952,241.74838245980914
46953,275.31858393341054
46954,185.86402768127502
46955,231.68823794551906
46956,362.7127842827438
46957,299.6909908959326
46958,223.8671100002228
46959,306.3000865725886
46960,262.9847523593143
46961,215.38895980660592
46962,219.6612509520514
46963,291.012625528131
46964,495.03106867223386
46965,222.0372574320151
46966,294.2538120226093
46967,335.9660529612447
46968,328.97282563341486
46969,203.8698815592209
46970,236.5146861576772
46971,286.53074399272975
46972,268.34431574418613
46973,314.4314823883517
46974,219.23207018134264
46975,224.08074552572444
46976,222.79080573350217
46977,184.67889801760222
46978,179.30464596944336
46979,354.2676678297373
46980,211.89571645582274
46981,469.37925538287266
46982,178.90715105180024
46983,270.45542980381947
46984,290.1083697727977
46985,211.51828455534846
46986,250.37709959761207
46987,240.7239797633002
46988,234.5234821381864
46989,209.24070390595827
46990,305.49600425504997
46991,477.48849197477415
46992,234.70819362807708
46993,285.9561038916438
46994,486.5684516876279
46995,224.5588158184519
46996,218.9370171098126
46997,178.89164800625767
46998,228.14101263434392
46999,189.40156103099181
47000,224.05462993388068
47001,443.1150322320891
47002,195.58455606681096
47003,317.290595820733
47004,285.11709874375214
47005,207.29504370332998
47006,320.0199080821576
47007,216.3372467584074
47008,346.7971112641699
47009,232.32063555821665
47010,324.74757013771654
47011,432.1325973326746
47012,223.55098703520605
47013,226.40242008804674
47014,227.49605775600983
47015,238.006059449911
47016,253.32624655288507
47017,270.51225970804404
47018,268.66240315405315
47019,274.14306065650237
47020,200.89374284852892
47021,524.8863336568263
47022,192.31287385187255
47023,384.86890582606327
47024,250.27292561997277
47025,212.68500517768098
47026,226.55172145949325
47027,276.82342636556956
47028,355.35866428091146
47029,179.54172047402042
47030,161.54669468876415
47031,313.5090713941369
47032,333.2862444092263
47033,280.0695541234783
47034,233.3970345362468
47035,559.8911488020879
47036,240.9336231486838
47037,193.54410306209255
47038,220.7999653395469
47039,269.1224777423873
47040,308.7767620180706
47041,496.9936946182425
47042,176.88503784576207
47043,222.5304591671729
47044,307.6101708466781
47045,183.86030484750214
47046,437.66231449605965
47047,289.2775430531376
47048,182.47363378875883
47049,189.86453677306946
47050,198.17209180404112
47051,1108.7606351050918
47052,293.34144749273344
47053,202.81149239512501
47054,167.54458252334965
47055,180.1225126712963
47056,213.75005895581006
47057,215.04217031885202
47058,289.1140537343128
47059,268.21598835804394
47060,231.66370942746858
47061,242.13634185647527
47062,265.927744708808
47063,208.39992464316006
47064,198.2537591895143
47065,177.02745327160346
47066,383.6944125838684
47067,170.23796076747584
47068,241.01675124782486
47069,553.541416643765
47070,229.7067777806307
47071,193.74552687738225
47072,307.5874274128087
47073,259.31621659675636
47074,239.03349871645094
47075,248.33309413305096
47076,199.11963040250026
47077,231.0235006078074
47078,239.41499421826285
47079,251.1563644728657
47080,261.4416511261712
47081,412.31319837968897
47082,285.35069789212747
47083,421.12910401725543
47084,268.8250823631897
47085,262.47908546095675
47086,193.52470586588942
47087,219.14932140833133
47088,267.1370075596512
47089,252.59391245451886
47090,282.99463092744276
47091,225.96446854025893
47092,208.1968483367347
47093,298.5775896211599
47094,392.17651693258995
47095,191.27304964850399
47096,258.5879110603695
47097,244.61090054383294
47098,389.4568213392963
47099,293.13241417180075
47100,396.5238895952193
47101,230.89439177603086
47102,186.03308665820782
47103,282.71033634850494
47104,219.4198410557247
47105,321.53593733037496
47106,193.01228880507279
47107,214.9032095592513
47108,286.9788410403428
47109,227.52563092039586
47110,528.19030047932
47111,259.81170014346054
47112,175.64408313575018
47113,181.1082888601143
47114,197.22745829687432
47115,544.8323654599964
47116,174.73219662146568
47117,255.62125502206604
47118,286.28746430525797
47119,198.9504245716054
47120,283.0731943007125
47121,313.04736999950745
47122,269.008051265077
47123,284.58142027249477
47124,2647.3100949107416
47125,269.07125505721075
47126,221.16158342355922
47127,230.21759684207146
47128,379.59416908408895
47129,315.855571774139
47130,515.7534953411919
47131,359.45703882057865
47132,582.251055501974
47133,217.14337723181163
47134,281.42965604518054
47135,240.76579152855584
47136,427.6858660535181
47137,321.5833682537734
47138,223.29871822468212
47139,171.82184645677333
47140,264.33371651185894
47141,315.7668665803341
47142,377.5653949956536
47143,522.8257364621884
47144,253.94908294392476
47145,305.2488592682842
47146,213.77755634792993
47147,195.86186041589428
47148,214.18530294117292
47149,190.28105176660597
47150,268.99483529598626
47151,296.82648234408845
47152,384.8557494874598
47153,320.9074592957965
47154,382.2676358944272
47155,247.09165904961722
47156,232.86548280575965
47157,215.5676091861799
47158,183.465669691676
47159,296.76989406219616
47160,254.45869857931382
47161,586.5738392205308
47162,260.8020749291689
47163,252.79720915269138
47164,205.12072676182845
47165,249.0266575670708
47166,197.79501495048106
47167,260.60123487147166
47168,326.79105925171046
47169,218.14257268317127
47170,184.5073968842455
47171,190.5803748864635
47172,159.54183722222754
47173,201.53738369076038
47174,323.7304802207611
47175,191.01268058557798
47176,264.2284174843304
47177,290.0999154785379
47178,238.85836751769503
47179,240.01219599897755
47180,220.60279266649917
47181,254.63927565280974
47182,283.88356077836227
47183,295.9066630968364
47184,158.56341452317972
47185,167.64982425809401
47186,335.5925602950695
47187,422.0003981821995
47188,171.40151021497184
47189,231.65933489869445
47190,311.04729193110376
47191,257.5911963139966
47192,267.93253056609694
47193,368.3370152555919
47194,235.29388314060998
47195,223.63435584443732
47196,238.55469498406208
47197,198.44250091837293
47198,257.15364302517287
47199,434.1519167754403
47200,287.47201724518146
47201,257.00034531496317
47202,341.51729787452325
47203,281.5092956419618
47204,265.5719193732096
47205,375.7040206132121
47206,181.67996872475854
47207,177.17466740873294
47208,232.94799278701734
47209,351.1459288564428
47210,170.60453020796484
47211,272.1145081586688
47212,189.99642468857698
47213,287.3868324641646
47214,221.46128146124207
47215,283.7892243894411
47216,209.8997282554067
47217,441.45328515131155
47218,251.43280036383388
47219,261.9557907835334
47220,203.87753643413703
47221,302.4960108381581
47222,251.57372653173678
47223,247.41270107080882
47224,256.9113995377546
47225,238.50679550989938
47226,365.65198001215316
47227,355.1537262215092
47228,230.77961510779213
47229,184.33430932755303
47230,227.21118237916983
47231,336.3360610942671
47232,326.33140574210796
47233,258.3957291178805
47234,272.4405154197204
47235,276.51098588399844
47236,290.18074602050535
47237,267.82946482737805
47238,261.4006710784183
47239,223.7654407532999
47240,260.37681585244394
47241,236.89425461005246
47242,302.01591366455983
47243,201.32265469807916
47244,213.16553243252085
47245,261.0213580004241
47246,246.8733599210835
47247,747.4516326685348
47248,330.06279586302327
47249,339.9828254231873
47250,200.6860765434332
47251,264.66003972190936
47252,291.75270952770677
47253,248.77313523270112
47254,230.2354489662568
47255,248.51084196594368
47256,241.721227839325
47257,362.45137854782547
47258,194.9514642096555
47259,247.89977800471658
47260,291.93640445043496
47261,198.1071737545517
47262,196.27027603324112
47263,334.0002541877756
47264,181.80191819276422
47265,243.87270592612887
47266,349.51592911750583
47267,280.3056642566762
47268,319.4312107509916
47269,298.64390616701877
47270,221.39316290175725
47271,228.04914808207502
47272,301.66502885548084
47273,368.7853809258102
47274,264.7669471981642
47275,209.64477827462895
47276,230.91836242815097
47277,275.59520464158317
47278,155.80055605867318
47279,221.74731245995335
47280,232.58674425927845
47281,291.0962693483527
47282,370.28849906840657
47283,347.8606504878317
47284,360.72887616485275
47285,213.7850785168308
47286,314.0339651597368
47287,479.750459009347
47288,271.1041567456076
47289,480.02590568952337
47290,277.69423136399143
47291,211.82490205585907
47292,304.272120709016
47293,357.23600098662877
47294,250.40623579906728
47295,228.75963404199808
47296,238.50671267723084
47297,184.81095111811732
47298,323.5862766283535
47299,228.48730970425248
47300,283.1920253209966
47301,216.35153822289325
47302,224.44667609544993
47303,223.04359424089918
47304,259.6473613091847
47305,262.1149755322029
47306,315.68953676384103
47307,281.0854012490175
47308,264.5637925664931
47309,307.19493965081216
47310,343.41433673432437
47311,423.26407199992906
47312,309.9618052619896
47313,234.72536980875134
47314,735.9609025115603
47315,245.17859514843946
47316,578.2241463977278
47317,260.06046559639526
47318,222.1809490272612
47319,421.42578382794244
47320,259.3391813465309
47321,258.15098680241226
47322,385.42568557785785
47323,284.9233530358572
47324,245.18813926181517
47325,185.63443968219278
47326,251.22296328844178
47327,217.05679937246862
47328,335.90704025243014
47329,247.1482919498522
47330,519.0152860850797
47331,297.66772120322474
47332,535.3016801669646
47333,219.21506670071798
47334,201.18257814222898
47335,328.88175766118843
47336,398.93180985542097
47337,345.1970113939011
47338,198.81144370093313
47339,297.1615641748882
47340,204.28925317435397
47341,227.27964941731562
47342,209.54899485605043
47343,215.1058063435182
47344,241.76653386053093
47345,312.30536726984286
47346,189.42229730844673
47347,243.82437685350655
47348,202.7285615878196
47349,207.2468238577978
47350,331.5734495879164
47351,186.64408664274973
47352,364.62765273092185
47353,223.49884050015368
47354,242.32196915014578
47355,331.7692942788469
47356,229.04708319599501
47357,213.9870575810214
47358,231.82144121287496
47359,229.41402583338404
47360,388.54245780326227
47361,251.38904181107918
47362,225.25475650086906
47363,196.8932837642525
47364,319.4930199699374
47365,167.7582318292167
47366,597.2561405228984
47367,258.79765734405305
47368,176.61457002143212
47369,340.04792914250567
47370,193.3378080502326
47371,335.92467203246076
47372,491.83222866120764
47373,209.44842141159296
47374,355.17286197519536
47375,220.11688716267705
47376,242.39268352443128
47377,394.1441795450025
47378,234.30319297323288
47379,281.1640794730641
47380,327.7082996257946
47381,477.5037908365848
47382,319.57634189691095
47383,181.12244501937732
47384,400.07276449484965
47385,191.291326085065
47386,230.149434552756
47387,248.52137237811564
47388,352.1971463276143
47389,232.95585539176543
47390,227.45656019188348
47391,740.873015119422
47392,225.89881273188294
47393,244.53378958789168
47394,240.9683355806207
47395,309.5411770227679
47396,268.26383528984394
47397,219.9410689485424
47398,203.61817149591403
47399,192.9033823430332
47400,319.9387626468491
47401,246.01736456814518
47402,415.0835015245558
47403,165.12135620414588
47404,241.76335819779592
47405,280.45166476484934
47406,215.870176838911
47407,239.69959095104372
47408,623.0066732657093
47409,314.5262205915943
47410,496.2913570289715
47411,457.40915210723784
47412,378.7464347466629
47413,235.5787360268632
47414,184.99732604039454
47415,339.6279970944318
47416,295.1798233833005
47417,184.52097023291128
47418,205.61587764126014
47419,187.60464301777537
47420,239.69406264237827
47421,272.8154494362839
47422,508.43046960740884
47423,275.03933564430025
47424,255.63110189849874
47425,277.2059966882903
47426,214.4275277181658
47427,295.423157311577
47428,382.5578432820455
47429,499.66352705164013
47430,471.3956183666723
47431,298.70152765409637
47432,309.93850421132754
47433,183.7796882531806
47434,252.08665651734697
47435,356.6982689532289
47436,251.6372717413851
47437,196.36471628879258
47438,403.46832556937125
47439,564.3917162416766
47440,226.12523596447795
47441,297.9105827619555
47442,284.3387839248863
47443,243.53885212874417
47444,258.52142011232166
47445,414.3249934200931
47446,191.20005957468902
47447,178.22181687501654
47448,184.60706091495928
47449,298.897319653754
47450,268.4895202134555
47451,261.1615099194384
47452,383.59917334586146
47453,259.3015997180799
47454,195.2257057867106
47455,374.5643478973168
47456,219.1940421081805
47457,280.8290493021388
47458,429.2818402375166
47459,325.8215010302997
47460,318.2708169180657
47461,216.34862279311136
47462,262.9288920924312
47463,457.57692725455996
47464,196.88120788251575
47465,414.6664987869659
47466,322.50616520773275
47467,266.14631189107484
47468,324.3141626836147
47469,2601.2156151106524
47470,310.2254442103218
47471,619.0979994515084
47472,279.57810303989413
47473,209.79817006800525
47474,328.7159797409851
47475,252.87739169059424
47476,576.9084655787533
47477,212.3222041470818
47478,244.01067677508613
47479,401.9917592357431
47480,233.4665914372519
47481,195.57397274329844
47482,249.40672837917893
47483,322.6947959746115
47484,651.5379502686532
47485,282.51807587595357
47486,560.0373411237215
47487,157.02009917068182
47488,463.7568678256794
47489,300.2471715195394
47490,361.61336441537026
47491,249.98209612448278
47492,258.8883281385664
47493,196.32159749295795
47494,312.65673171783413
47495,133.14697569205
47496,247.280790163616
47497,282.7359736166404
47498,208.8356535095425
47499,235.39754361166217
47500,182.19024222146288
47501,309.13666563708057
47502,237.0923539229831
47503,302.06345302042354
47504,256.65118901241567
47505,249.40179587916737
47506,254.2221346544255
47507,348.40515954878305
47508,172.80403688194423
47509,223.79706858941316
47510,636.8560770339631
47511,865.2844148932768
47512,301.59755791882645
47513,233.66765596525744
47514,324.45286591882683
47515,526.292334228993
47516,349.2558233264658
47517,550.7435699882196
47518,374.2595776427827
47519,202.42443824027598
47520,629.5210779850855
47521,196.44401915255762
47522,513.4043407039404
47523,488.914745469719
47524,219.16891822243042
47525,329.83013438547704
47526,209.18782778675757
47527,248.74409631582327
47528,230.68913151380644
47529,343.109631551765
47530,298.3724647133241
47531,236.94725061168376
47532,335.983608323167
47533,247.81361634622903
47534,275.2071133300369
47535,238.05836739070065
47536,269.84788038800235
47537,325.3308736403419
47538,290.6792719598972
47539,424.4255992018087
47540,645.3876473063787
47541,231.2501751881588
47542,320.0963437684237
47543,328.47762579795335
47544,213.0581772974346
47545,328.7297889089102
47546,614.2252382952997
47547,293.47333728186726
47548,311.83353388523284
47549,945.2006120101104
47550,391.5604945999184
47551,204.28534084178506
47552,202.15551700253584
47553,174.3121057496809
47554,269.13381606646567
47555,245.21239071529968
47556,503.9449130935736
47557,196.76247881003292
47558,244.35771870652545
47559,268.40731750377654
47560,265.157982564524
47561,207.4783881766396
47562,200.25424513098343
47563,207.51031133200325
47564,180.05614651051437
47565,234.09900218522895
47566,281.8898808189792
47567,201.4717256541465
47568,300.6806441180977
47569,220.3297203878713
47570,215.52651858686306
47571,275.0834411244991
47572,220.37758811861065
47573,173.78655444230122
47574,198.0056046516702
47575,337.83023355839725
47576,205.7024557038588
47577,264.5439307813865
47578,208.87722621263035
47579,182.8903387058268
47580,213.2429471569917
47581,202.11237178843413
47582,255.84265944698444
47583,335.1178426776662
47584,500.5653954737924
47585,280.8999412278686
47586,240.50931544059617
47587,212.0074846909651
47588,243.28700954257693
47589,366.99717197047227
47590,263.6390290071469
47591,178.5862992047141
47592,174.42736262996615
47593,249.53464940872095
47594,312.7666139865148
47595,187.83870308615232
47596,240.93511473443493
47597,274.83586254296864
47598,220.71858126558124
47599,381.1753577148326
47600,293.7891864509464
47601,288.8710083744567
47602,224.10883156267099
47603,198.11742623569737
47604,410.2870149591403
47605,251.3201211859608
47606,339.38253921359154
47607,215.93728826160233
47608,258.99181178740986
47609,266.5092167785799
47610,418.3050972244319
47611,318.54106389167197
47612,441.3525647852618
47613,238.61689478121602
47614,555.1992962999168
47615,309.6376932039462
47616,195.35447546602677
47617,302.7312317804426
47618,241.45440620664888
47619,234.52336596865865
47620,415.54489763958287
47621,595.4672505908718
47622,271.7121801339332
47623,342.455288041122
47624,307.0735611144279
47625,223.9934239326644
47626,244.43100655475556
47627,176.90484262910056
47628,210.31272367903284
47629,224.37499023124224
47630,202.7837320328063
47631,236.47430245924426
47632,205.92754313835582
47633,180.83492361568793
47634,225.61200524391856
47635,255.16910903904366
47636,228.83486776377288
47637,568.4105669955802
47638,260.4394321579792
47639,192.6044230338294
47640,334.04489991048126
47641,168.85176550986856
47642,234.60477573948202
47643,409.06394385578403
47644,276.05244510361086
47645,341.510036671019
47646,622.0091004575013
47647,273.5745417434191
47648,373.82088416941133
47649,221.6298072299836
47650,400.3224511849645
47651,250.48542179385717
47652,222.7282009137819
47653,256.40055088294343
47654,283.9122240612521
47655,427.0374574102243
47656,217.34374098564552
47657,298.16716844684214
47658,290.0580295545772
47659,246.20240153225583
47660,256.0189210264934
47661,293.3706739029673
47662,199.43668304672252
47663,350.55458389461734
47664,226.97796746932528
47665,363.53951957632205
47666,321.4413587404738
47667,302.99056659330404
47668,218.34843957372328
47669,251.58045062092566
47670,212.10085477722797
47671,319.7344325732403
47672,229.6710852935622
47673,217.7007065132138
47674,230.37371585956885
47675,220.22798126138144
47676,499.61826047007975
47677,317.08258839729206
47678,296.1451561768581
47679,248.99651689794692
47680,515.2755988882441
47681,464.72509100175824
47682,203.37118266126802
47683,174.67325991311625
47684,217.13113382294114
47685,205.87521275869017
47686,618.2084901017757
47687,377.905349305372
47688,305.4567671494873
47689,266.95745408875183
47690,370.9858727384512
47691,205.3306503429574
47692,204.83648471209915
47693,297.29617023347043
47694,166.33419711217175
47695,487.7578253198627
47696,362.5392616183642
47697,236.93728022003248
47698,246.94433080341705
47699,247.57641744085478
47700,259.0674338248711
47701,417.3049310360337
47702,243.05369432070543
47703,424.4310870671942
47704,261.1508796806995
47705,250.77808447301678
47706,425.34950262253636
47707,287.2050972192033
47708,239.62997228221204
47709,293.04834645181785
47710,244.0297567179058
47711,238.0998413195577
47712,354.4043211404866
47713,224.20572187321787
47714,183.52899828820583
47715,184.72591884565935
47716,266.8993621642457
47717,226.77043344147515
47718,189.79996304448048
47719,324.75024531267053
47720,441.52529055774625
47721,244.36842825327545
47722,194.18279332948785
47723,266.7503942452336
47724,317.8056613058323
47725,233.315945582859
47726,346.8744946301856
47727,256.35416438485964
47728,285.9654132131679
47729,205.9511898549664
47730,228.10273529693842
47731,229.57383067037821
47732,264.2876533712276
47733,315.79261898280737
47734,172.18576923154092
47735,230.87855142180595
47736,336.8710132262352
47737,247.4131431275533
47738,432.4233518276566
47739,563.5766351414981
47740,421.8216819755323
47741,208.59974853109364
47742,508.66737241443053
47743,161.5496121484809
47744,240.99004849984985
47745,386.52579780554726
47746,276.365069979338
47747,254.6133295313033
47748,245.76559332134667
47749,308.98632989956684
47750,221.92343255515914
47751,313.8512306934678
47752,402.9222690750831
47753,244.35301769265115
47754,281.699167107239
47755,172.03555980206252
47756,294.87429388069137
47757,332.0855908042095
47758,196.61341641573839
47759,181.99090274984957
47760,837.1689049101078
47761,185.85533829859736
47762,236.68988350884504
47763,193.5527970905966
47764,234.35721294966612
47765,288.6240028591024
47766,338.25519866860435
47767,216.32491407781728
47768,473.8311516359507
47769,236.5023920309411
47770,208.30044231196018
47771,313.85307847773595
47772,235.88693184219463
47773,207.33679313874853
47774,306.46377875360105
47775,304.5333510379998
47776,509.961085598749
47777,268.6346207611005
47778,257.9648495080422
47779,201.9699439679073
47780,181.05391568087427
47781,243.50656213127175
47782,710.0337866865124
47783,336.62271311576313
47784,799.465247705957
47785,292.4387867373743
47786,424.9182491435665
47787,288.5922537639966
47788,299.8130645759626
47789,239.9119200308077
47790,212.7762067557656
47791,322.55733411481503
47792,163.85494488813524
47793,242.85773199455042
47794,286.756263016068
47795,326.67439918753325
47796,328.06082849312617
47797,241.9445203152401
47798,194.72312116284675
47799,234.58263867138075
47800,236.63248329451994
47801,309.6544820527091
47802,319.49869115137557
47803,248.785812763845
47804,216.75416951227626
47805,327.6156637997943
47806,172.33574267489905
47807,628.6808684955946
47808,191.62634641189265
47809,221.05724002549533
47810,581.7843934226688
47811,517.8871656122918
47812,275.239644964133
47813,325.99890610654836
47814,199.65213570940315
47815,511.5061311183117
47816,277.2245777309308
47817,238.70024610395666
47818,177.25020784526725
47819,330.19466717709304
47820,154.99627999858382
47821,250.04578361576557
47822,221.2559994460625
47823,156.8232225746485
47824,230.8765555368276
47825,257.41593362594284
47826,261.7721450208964
47827,508.03678525505524
47828,387.15288466454075
47829,288.1750098438296
47830,234.65945606579737
47831,254.18880739178334
47832,215.16342582806917
47833,296.22260031517635
47834,242.9317411829842
47835,178.04034257818876
47836,368.9399844905864
47837,228.37896368740238
47838,268.375043086306
47839,180.73259964206434
47840,190.6059197953074
47841,325.5813243811595
47842,301.4315014560881
47843,191.38613143649093
47844,306.1195364335146
47845,257.8688477645812
47846,196.52628461944911
47847,184.71001585102698
47848,351.17603078326096
47849,231.72548149939814
47850,256.33475186575845
47851,392.60738808568794
47852,169.83742763300418
47853,490.09148018409667
47854,769.5305316149361
47855,306.7026350080217
47856,384.8703538941095
47857,574.3936018670704
47858,166.6802846017308
47859,179.53654104838583
47860,233.11564478715965
47861,161.23676070393842
47862,279.8022818488503
47863,195.3894132240235
47864,222.7467103658587
47865,265.36240734827754
47866,247.62809210145463
47867,632.8665570380274
47868,223.29469166312344
47869,361.58149144835613
47870,252.0448229014549
47871,199.76086529391722
47872,227.5097539621472
47873,236.75966956456787
47874,281.26353993948095
47875,278.39675114028023
47876,240.8967769952707
47877,257.6699086474964
47878,292.06444478707215
47879,961.1282735662343
47880,212.46720564427835
47881,168.98323539101074
47882,259.1220407174051
47883,183.99681210111171
47884,174.39881084559568
47885,264.6871881431934
47886,190.7081666980928
47887,265.31941349860324
47888,400.5356145721639
47889,215.16540663164378
47890,612.1396185790271
47891,426.0722969110261
47892,219.42906214767115
47893,249.2800697457777
47894,284.86436661741277
47895,197.24241276596675
47896,229.51730552211237
47897,316.93209457570345
47898,287.27340073144205
47899,211.40802440725608
47900,288.63597280832863
47901,382.12369758120377
47902,309.45865815569124
47903,273.5516693759221
47904,291.41754472281303
47905,333.7888634781647
47906,383.59412158702827
47907,379.7948585833908
47908,260.9706568736534
47909,383.93655260301574
47910,326.85140768743224
47911,363.2819639529274
47912,268.06909923720144
47913,369.3907057443841
47914,212.06116358505602
47915,235.3799368392001
47916,241.2255657537611
47917,304.0963701855285
47918,426.47083001939853
47919,184.6799983561585
47920,339.3801371743054
47921,208.91159418321365
47922,178.39445815426384
47923,176.95836127277798
47924,331.1551005913814
47925,253.63615655475223
47926,518.9322174372415
47927,288.46441927823173
47928,1056.3188293891756
47929,177.08118281554155
47930,257.81009640236505
47931,228.56747410568667
47932,273.63220774074586
47933,238.8036770174312
47934,324.89176129202934
47935,217.6537216491509
47936,284.1274283898648
47937,307.03114841691064
47938,587.0544429575699
47939,307.95762662870186
47940,566.6534146927777
47941,266.3365919305739
47942,752.0941288756494
47943,191.8476022395765
47944,238.71000923395462
47945,464.05010151369004
47946,349.9066170830753
47947,213.17253673534137
47948,192.9807204403235
47949,184.80816131179697
47950,310.2371441823946
47951,342.43322819983956
47952,243.89637360579792
47953,209.85714196666564
47954,314.01420144515413
47955,336.8810142636723
47956,211.5599842286026
47957,347.6722441015546
47958,190.50267470690724
47959,186.94652680715228
47960,167.5060095958579
47961,613.7576837033612
47962,183.41835630294725
47963,325.2955712031171
47964,469.9086791759939
47965,297.1639674780565
47966,214.97293602664308
47967,369.6990473448289
47968,543.2650218785332
47969,184.76703515410847
47970,318.16718269243626
47971,259.09635641731694
47972,380.631678277846
47973,279.9333229257245
47974,201.00392176121105
47975,633.3560733646705
47976,283.85757294957847
47977,188.6177005533836
47978,419.7960731463923
47979,255.13793271113693
47980,332.46242096101724
47981,175.96216809910246
47982,314.1397195880197
47983,234.35588442038156
47984,231.91304536088228
47985,264.02923356802404
47986,463.6581191775622
47987,360.3589350358916
47988,354.4655684960033
47989,442.32072248789905
47990,223.42384061537658
47991,403.62207067353563
47992,441.95722548913506
47993,159.5408111279304
47994,356.7052906984471
47995,358.1030846342421
47996,171.44250904600807
47997,306.80474250968376
47998,299.98575184583524
47999,307.23437510390477
48000,211.31035196268604
48001,160.38582780515992
48002,374.8069663300586
48003,190.74572128001728
48004,323.6774403521079
48005,248.2111474106437
48006,245.11673582127673
48007,270.7032460632865
48008,301.9220626702798
48009,157.76224305143134
48010,380.0537747240258
48011,219.542929713975
48012,248.87816334102737
48013,317.96569455569846
48014,211.19067556705392
48015,207.5255998684272
48016,161.10582904392658
48017,213.04209642469382
48018,301.04338399523544
48019,194.4303651564687
48020,311.11470441699373
48021,319.9928710280381
48022,382.42693354847756
48023,324.64065140823345
48024,166.2147637239907
48025,202.32913188759494
48026,280.22311711318616
48027,283.16568693720933
48028,295.78029717202884
48029,179.29180151474853
48030,232.01379276057278
48031,319.3478363177767
48032,241.2659358807458
48033,394.55362126030826
48034,561.9080970968452
48035,350.70866238977095
48036,212.9796458293517
48037,342.6628938339701
48038,387.96178687622955
48039,356.06619422509544
48040,334.6678999249976
48041,289.1437709539785
48042,416.15472174918295
48043,217.41310605925753
48044,187.68392165122148
48045,515.4025342806488
48046,282.2176263588223
48047,197.42735408039437
48048,338.98286387758856
48049,236.30623120459055
48050,248.3738769450282
48051,180.82283167066527
48052,227.85854077676257
48053,218.54430134618852
48054,260.5105175775017
48055,173.00905948043786
48056,182.68001819777209
48057,299.7898957000842
48058,210.4745462987763
48059,190.45741522328845
48060,333.3154608022002
48061,196.34508845037053
48062,187.1026136686706
48063,289.6365754202954
48064,374.43517425676646
48065,178.99163586096986
48066,321.7684718642551
48067,192.47365842292777
48068,224.16871333876736
48069,257.06609206258537
48070,250.9041508898596
48071,317.3341657113405
48072,192.25495248901692
48073,300.0275236157036
48074,377.9009823587327
48075,281.01607594517094
48076,745.8080079633098
48077,227.06097671352717
48078,224.24544251744015
48079,424.03745514826875
48080,271.73450998009645
48081,388.8736636300412
48082,287.4822854067428
48083,430.554156753759
48084,248.1668232669847
48085,204.65143107871475
48086,179.10659171755583
48087,236.97608382882558
48088,161.07124381665662
48089,483.51615154138767
48090,275.52323839703513
48091,315.52773586854056
48092,412.3304581390777
48093,330.05460300478296
48094,244.6019924165536
48095,263.94196991642565
48096,413.5504728441379
48097,1938.4537935105586
48098,311.5173140840424
48099,325.1409034970795
48100,401.26070901185955
48101,279.2964313734
48102,196.8639481632886
48103,341.9771538557494
48104,281.4559197015037
48105,157.09788764812203
48106,352.96214639439984
48107,228.8189482276468
48108,242.83463132883261
48109,244.99070271520637
48110,232.03487755872993
48111,228.35082427196883
48112,887.0183078365458
48113,242.63716493734242
48114,447.6739948366162
48115,175.10295644994028
48116,187.27633938973722
48117,211.13477491263734
48118,191.86968558513502
48119,235.3609515955285
48120,189.47876207882848
48121,207.93112411213895
48122,296.5429080623035
48123,181.5958217121869
48124,1321.452969313568
48125,301.33542567690876
48126,299.1111741457082
48127,251.6994703728639
48128,178.02409499107077
48129,225.84333246443163
48130,220.30542514208037
48131,210.0981280079941
48132,228.08975496315574
48133,191.96766315894578
48134,182.39584093449753
48135,476.5143414438789
48136,264.10145554862356
48137,288.31388248213983
48138,196.00093518816553
48139,228.30151640142267
48140,512.4580119535157
48141,272.65644477192745
48142,268.4969776449882
48143,249.86518636040861
48144,632.0437858623847
48145,372.164615481116
48146,264.47817435361975
48147,227.19267405046284
48148,279.02136412043194
48149,429.9959985267527
48150,226.07791651350837
48151,339.97061981238704
48152,187.09285537621065
48153,206.21586984928857
48154,296.6524046499656
48155,225.3553175036346
48156,248.62506703552668
48157,229.29542087824706
48158,205.8179536337875
48159,304.09153676496885
48160,241.76514951651237
48161,159.32342553099548
48162,303.261756601858
48163,216.8538602624799
48164,386.5888329099951
48165,335.1405965943567
48166,255.57171504295167
48167,268.96609025579176
48168,173.94950735028922
48169,209.50379924482806
48170,253.00744173578587
48171,179.85512088058658
48172,448.63486999811414
48173,243.73151649104682
48174,209.84954030752826
48175,453.85307959126374
48176,217.94722827956144
48177,297.14936578360147
48178,348.2727240291978
48179,214.24590075963556
48180,279.84174962663445
48181,233.28014638946192
48182,421.2505396018154
48183,294.77710295965664
48184,330.8270761036624
48185,194.51754885427167
48186,161.96051831711
48187,215.28974227921412
48188,220.77692301122588
48189,405.68382847469934
48190,302.37521919489564
48191,335.85506920758115
48192,240.2938703610089
48193,219.61474432580982
48194,250.4576207182307
48195,358.601526712469
48196,323.5495965074203
48197,187.61977279749527
48198,230.6722630004833
48199,183.28453254721182
48200,268.8453753928418
48201,342.5323459279451
48202,263.02602299857057
48203,329.60665643260506
48204,225.80865580295497
48205,233.6841392793663
48206,229.92424680205838
48207,304.83273345780884
48208,328.2696094641043
48209,160.67034799000683
48210,209.54194096216858
48211,371.5060298845454
48212,597.6735709522424
48213,191.07956665694851
48214,210.69022047774368
48215,450.7417948783026
48216,358.1681083458222
48217,211.18588029967992
48218,362.22683262960885
48219,349.4009452914262
48220,230.84834552290894
48221,227.28849213666888
48222,161.56412505488697
48223,381.7355221773933
48224,406.8444158910107
48225,186.31505715558458
48226,217.34673695985097
48227,304.45271299743837
48228,236.61232916246712
48229,355.646770617328
48230,202.2867376827879
48231,318.8227976329231
48232,208.3462918350294
48233,242.673013068543
48234,252.3197880326685
48235,211.5483270853055
48236,213.59792086503853
48237,191.26350739489612
48238,281.58625508272115
48239,199.42767838554965
48240,402.2946968125149
48241,267.8792164226003
48242,328.46521715792585
48243,230.3402715794259
48244,319.66660031475874
48245,264.9452145385096
48246,485.25296324328866
48247,234.01224148643416
48248,216.5612610065454
48249,288.9422297784911
48250,216.6087130510135
48251,288.16187954632335
48252,265.9676218017049
48253,298.3996871933265
48254,242.2409180960125
48255,437.0490316197536
48256,223.87061943776905
48257,175.27855000088496
48258,316.7938075464059
48259,169.36560354675902
48260,361.04310055327403
48261,196.60171985488498
48262,188.9393566761113
48263,576.4534607886466
48264,197.83947745890163
48265,230.84323600456932
48266,174.86528493373348
48267,418.6950631649388
48268,259.4092870886809
48269,261.58743666821346
48270,188.5679165857915
48271,421.83168401289606
48272,333.23616329443223
48273,269.2277467893561
48274,330.6298325378218
48275,269.0736897138955
48276,255.79588092675044
48277,355.5376857378391
48278,406.97270900683924
48279,259.42254965933677
48280,224.02041341863887
48281,272.6489506241442
48282,643.1676300323927
48283,197.32180807029323
48284,299.4696670833643
48285,390.674701023958
48286,246.92390104828584
48287,559.6395614309737
48288,163.0145663144102
48289,322.94152475046576
48290,178.51573952959336
48291,180.4643150380825
48292,213.34334234461411
48293,744.7362523648607
48294,322.5768796436995
48295,169.7857252604586
48296,328.28540988330406
48297,224.94996356199414
48298,462.89262102639714
48299,349.1089237231547
48300,289.6509408555491
48301,396.03286687697556
48302,323.7335714969594
48303,593.8597981772475
48304,1281.473704285608
48305,222.67953170875836
48306,191.13857538409462
48307,425.4318396774159
48308,293.7945313745863
48309,227.8627109835374
48310,244.93218468587116
48311,300.3808989482631
48312,377.93588300140226
48313,278.8603221516026
48314,159.58271026679782
48315,244.3515288317225
48316,386.929367653127
48317,274.3412876323435
48318,140.2583041985606
48319,290.0388408451472
48320,181.86922825170603
48321,240.31770205998225
48322,509.08305546625894
48323,489.5906146198338
48324,408.7557857759325
48325,305.64084445221306
48326,286.8227555261521
48327,341.4433482568303
48328,140.8872485198192
48329,243.96830300818888
48330,195.24220038950824
48331,187.72872140619518
48332,198.54037985724932
48333,260.96901327713107
48334,239.20112349948872
48335,248.4657091616288
48336,245.98463229930894
48337,326.54291263382703
48338,205.65352584613498
48339,309.38577071854803
48340,218.45280507632026
48341,436.6731861973588
48342,260.19001451640156
48343,248.99090432675064
48344,261.01927139412453
48345,339.6698811593536
48346,299.8543640443102
48347,221.22760873295772
48348,252.96162604977388
48349,286.9765861831136
48350,591.9716607434199
48351,450.3671765103967
48352,277.53778316220007
48353,372.52128140752046
48354,271.74580131516916
48355,248.08141192272893
48356,359.1292986612586
48357,233.66568329993223
48358,495.5834523084731
48359,316.022257543471
48360,465.0054898658932
48361,337.17340363299587
48362,253.2776422155845
48363,253.83591578347492
48364,256.6398231841519
48365,177.31667878593146
48366,199.2894785504183
48367,223.35685646365394
48368,213.98844358475512
48369,334.4834494220334
48370,225.85127451986736
48371,373.7361223330995
48372,303.8034707085828
48373,326.76013348730686
48374,452.67946407076744
48375,221.8426013724988
48376,257.72148977695446
48377,234.53609027041367
48378,353.0818851168871
48379,328.1397724040107
48380,325.1532029300525
48381,640.1926308456268
48382,176.94754189800304
48383,288.93821028391176
48384,208.1654841590969
48385,208.5625669383449
48386,156.38158686650092
48387,201.6705923666388
48388,362.0495677179163
48389,227.8869507964993
48390,360.316893846361
48391,281.4994556477857
48392,241.88532657288712
48393,236.81031531918956
48394,257.6384173545021
48395,216.62118088582628
48396,311.5566874331501
48397,356.76213746772487
48398,263.3795599662493
48399,230.40368216888047
48400,372.8601969353923
48401,244.8654577372736
48402,211.72433637727133
48403,312.33720771081414
48404,322.4592206602268
48405,207.12649592499773
48406,244.2846231797945
48407,297.1961717523837
48408,256.55650892640944
48409,245.70061556247103
48410,313.3814222895526
48411,305.2393599296442
48412,695.0047935870878
48413,329.03638877691174
48414,517.8339461853658
48415,420.1760919529179
48416,297.6828341618649
48417,346.35463340790324
48418,888.6170905225232
48419,373.3131948510431
48420,222.03816914330028
48421,254.49569200049615
48422,282.77262573384655
48423,277.73733946964614
48424,333.84054165236785
48425,422.52269600275116
48426,474.2714478363367
48427,186.55250549711386
48428,256.767352881272
48429,210.45162144045958
48430,349.3221087764608
48431,202.85490117703648
48432,328.93854912494584
48433,201.52284745614014
48434,639.3050806588055
48435,209.74435584493926
48436,196.75290264772872
48437,287.27340073144205
48438,419.64979981424466
48439,319.9484788899695
48440,206.05793173455436
48441,245.41603951880157
48442,352.42810730543374
48443,455.1345984322681
48444,233.40643523861138
48445,331.568276188822
48446,414.3007456525001
48447,355.67458061173016
48448,171.26261757869798
48449,250.01449461797628
48450,404.31408842590395
48451,214.0738277581246
48452,209.72069409057687
48453,338.8985214580377
48454,224.66811908701916
48455,170.33330402502472
48456,199.72776615989514
48457,194.6475098362975
48458,177.5057210611158
48459,400.1933241025199
48460,245.07266554364372
48461,214.32886566320238
48462,210.80436766713555
48463,268.570826635303
48464,217.98548558321968
48465,264.70609608343227
48466,310.34659999958484
48467,335.9622202697297
48468,349.5657845433883
48469,128.69115583735282
48470,364.31882360180106
48471,240.574596751482
48472,309.5602545838385
48473,229.73810806799025
48474,239.37102964826363
48475,267.50851912401777
48476,232.8064944488682
48477,259.9283652271726
48478,401.89392773382383
48479,328.76161388037275
48480,245.99389307113623
48481,369.1319047119515
48482,205.7634089007924
48483,234.07632601457513
48484,387.45812909187293
48485,305.60577106536476
48486,358.3117664681324
48487,261.58679825620254
48488,226.13441460745966
48489,244.0242815116
48490,254.6894490062836
48491,236.64398944809633
48492,189.1680528176369
48493,181.3276721440739
48494,294.19843188703777
48495,410.8881354300246
48496,164.27214786719955
48497,186.91711160680973
48498,192.84738314067002
48499,229.24517607866755
48500,353.82896187191926
48501,282.15566212081796
48502,216.50315580431499
48503,162.2966411867233
48504,307.4669589889252
48505,297.23176333794873
48506,223.2994986827103
48507,358.12852181600675
48508,330.20965469738985
48509,256.1030145555478
48510,577.9196038477525
48511,225.5835636422245
48512,270.38142241905655
48513,270.1783397085488
48514,256.43349403747766
48515,219.82961004706107
48516,274.5231505515595
48517,445.0336042054591
48518,809.3962848651598
48519,298.6173942429603
48520,244.8875049474738
48521,247.03035884754132
48522,167.08291761490494
48523,356.88170967257054
48524,272.56878526960816
48525,268.99829052281353
48526,301.6355266179893
48527,488.8663938564313
48528,580.7930058151397
48529,428.4557844579235
48530,826.7586653958562
48531,255.7890554824183
48532,281.77500617729856
48533,253.8883057725704
48534,201.14488842466602
48535,175.2160460634396
48536,354.3863942445977
48537,187.06751545421494
48538,406.19411587524604
48539,217.41700965924863
48540,194.47404297550676
48541,484.7270460816346
48542,195.8226654380739
48543,415.57135016333245
48544,207.49520129429163
48545,537.798756650687
48546,194.82472488938495
48547,329.31913832136775
48548,261.2450944898864
48549,189.878812671706
48550,3470.1973228691527
48551,413.8019803001246
48552,331.1964158246438
48553,179.59821990209826
48554,228.48146250698704
48555,290.0582024399309
48556,207.92091964596383
48557,348.51552031639056
48558,260.1831146450877
48559,239.34542397211686
48560,194.81306244827792
48561,187.53644352465943
48562,207.06916516404715
48563,348.4916505617333
48564,228.61772777884133
48565,393.51196790143274
48566,251.00131458500013
48567,173.68381538243224
48568,188.64821234035014
48569,185.49795550161704
48570,292.5085357201377
48571,473.4359739312082
48572,799.8939194933125
48573,475.88905457844
48574,448.5263365093189
48575,273.36143444248034
48576,186.08791940064256
48577,243.6029512818933
48578,261.79150345767187
48579,214.59653515935415
48580,195.3766936556657
48581,209.68509115491807
48582,241.80711588044701
48583,278.6310464289967
48584,475.98603676916775
48585,669.2537216639804
48586,327.87802771955654
48587,155.76324959443363
48588,178.5519404686217
48589,184.6892437572162
48590,200.75404447239904
48591,215.60205709998954
48592,234.7932979044538
48593,386.21749495986353
48594,180.44098317374608
48595,227.62766476749334
48596,248.90425546116617
48597,200.59648163221797
48598,171.6271089973724
48599,303.7266654347344
48600,162.48528525538987
48601,324.16168614462674
48602,669.6897804241934
48603,169.298505468218
48604,366.2199724018928
48605,603.2217072725281
48606,218.31580353603215
48607,285.21577799780897
48608,308.3349424854164
48609,323.03589826782417
48610,430.8354530684331
48611,175.14608327751336
48612,220.17332648546122
48613,180.36868324657968
48614,209.11697997685147
48615,279.12629192461225
48616,195.3865768617321
48617,295.3466717708233
48618,381.64958360584455
48619,227.97301627794155
48620,264.4332831827965
48621,179.48498825590286
48622,234.250150116305
48623,290.62197090921154
48624,229.84410712087535
48625,204.02609625873197
48626,245.58753579637934
48627,235.97762470800163
48628,178.58149413998856
48629,611.0135654373096
48630,229.2199445659148
48631,256.40724236637146
48632,249.95479986302527
48633,227.10107150126498
48634,317.0039872968723
48635,175.75175503925615
48636,180.81414569634134
48637,401.4284644699408
48638,485.53253590001066
48639,340.40584994556974
48640,243.77204255346228
48641,352.0515101678149
48642,181.62669545062323
48643,398.0113634492305
48644,425.8462751073258
48645,185.55331831528596
48646,332.27219452242304
48647,220.3214695670826
48648,177.03468284517936
48649,222.78276498830863
48650,222.49805281890136
48651,679.5921615578436
48652,357.89848055183717
48653,493.3088689080835
48654,178.06492661553202
48655,289.97078441812164
48656,328.29924988630506
48657,232.71099678342944
48658,283.8966115754653
48659,233.82988094307962
48660,172.6008891905697
48661,223.15139846318806
48662,585.20030689239
48663,265.79395747679393
48664,239.83598359902453
48665,190.98917703719852
48666,279.1668092354789
48667,305.1348123948275
48668,228.04154642511617
48669,356.95027095110197
48670,242.7023853819345
48671,383.3468124454571
48672,270.85469760336827
48673,173.0383065225355
48674,456.9575600921095
48675,294.27455735079
48676,232.82245416970937
48677,460.24045062395936
48678,351.9036877007803
48679,306.0696193059374
48680,223.2502050543947
48681,181.55742926527884
48682,427.7565953683924
48683,339.5724461609609
48684,220.09358847668062
48685,339.7830061501317
48686,243.75670663053512
48687,323.8491707673338
48688,247.98109674110367
48689,177.08997314681463
48690,247.37447718709984
48691,294.62145266997913
48692,179.77311958945597
48693,254.60887520051153
48694,278.668405417149
48695,311.9636494404635
48696,265.7006437138648
48697,260.2695487408266
48698,570.2657538972766
48699,206.96072818108144
48700,278.9160905098868
48701,197.9751534162179
48702,277.4492933037917
48703,217.12054053203332
48704,236.14333869040257
48705,325.58423240145015
48706,251.2721029326526
48707,170.70742443461873
48708,277.165211434374
48709,419.30720173114395
48710,429.69299878760626
48711,229.98384897777183
48712,344.93358765593183
48713,152.55642148745122
48714,293.37416701227914
48715,209.85374254399443
48716,252.9090110549598
48717,202.8984182509354
48718,219.80771805748472
48719,174.3904501263421
48720,413.2043516013369
48721,213.4279136757517
48722,606.7175728051132
48723,265.4207762527136
48724,244.7275778913899
48725,256.3212323522995
48726,393.42507118080067
48727,432.9816211318771
48728,242.4029804080693
48729,298.49657475011344
48730,264.98037235750996
48731,149.7395672353464
48732,402.9269393025705
48733,625.562050953351
48734,157.34388105720157
48735,246.65090940549885
48736,219.75172278549874
48737,274.28195249266287
48738,214.27799450345356
48739,208.8901566089167
48740,450.76291079033547
48741,295.5839748760321
48742,219.56377719942688
48743,303.3134891693739
48744,237.17364714481135
48745,639.6771645147793
48746,244.3882242274531
48747,192.9518069627393
48748,196.5502875381813
48749,405.4012743879023
48750,265.9473680208574
48751,146.2661989261215
48752,595.780312735765
48753,291.58776665799445
48754,327.2012816835032
48755,689.1827778254458
48756,603.8241128382718
48757,292.13597194018035
48758,249.85422536335932
48759,285.4481938751708
48760,286.31016007919146
48761,244.31653680953994
48762,286.21525269716335
48763,415.90222768869364
48764,327.6000449202228
48765,188.460375191872
48766,241.18529083270775
48767,220.32258779926462
48768,292.5124028406424
48769,598.2828625746321
48770,237.96733389593132
48771,237.55274642266923
48772,641.7588079985403
48773,238.95707474329058
48774,250.73204403268437
48775,184.03053400349447
48776,747.1950898947388
48777,539.8748202324049
48778,199.56266828107573
48779,254.74289820313226
48780,293.06804771940557
48781,209.03388524965558
48782,243.7600093239333
48783,182.05586043291373
48784,175.30664244005516
48785,483.1859911198776
48786,212.9574485656926
48787,231.1400633022812
48788,353.1421005957626
48789,338.614070516423
48790,207.25430045841526
48791,363.8739849835427
48792,179.12328173113588
48793,316.53651263822
48794,234.37533516454755
48795,551.6686351560288
48796,252.4462936498814
48797,499.5786623454254
48798,184.94274018111122
48799,345.9513540796707
48800,228.24900626909053
48801,208.71127583400818
48802,268.72877978145226
48803,310.20159486840834
48804,250.08504101993356
48805,183.23233399793307
48806,314.19134284146844
48807,224.36631055176383
48808,335.2719241208721
48809,309.61499788953967
48810,400.33590334119543
48811,383.01997490851653
48812,166.5201205192829
48813,317.83477320976266
48814,259.84443769134873
48815,200.01104961323668
48816,279.02129498842703
48817,218.95124860841017
48818,242.27510187468854
48819,290.01242068173667
48820,437.8123121406606
48821,269.06792273916193
48822,148.9446512767919
48823,250.36418414029248
48824,178.75364901782646
48825,546.6370229752348
48826,305.7687901624016
48827,495.15499682202574
48828,316.06762733232244
48829,202.85437011665425
48830,290.9223835558932
48831,223.00548335123347
48832,242.43793228291247
48833,196.7419897750395
48834,245.66355335319753
48835,190.42757319960774
48836,259.7415700310945
48837,243.69618300774775
48838,288.64617240306524
48839,258.7228367613722
48840,252.04701637927184
48841,374.3531542633985
48842,237.45590652664433
48843,459.09078308360085
48844,443.52997000002637
48845,241.3660718087821
48846,213.99044742951588
48847,175.01598315698126
48848,200.44866157321943
48849,206.6881847570299
48850,242.6094424268456
48851,264.79250478495993
48852,534.4315905233236
48853,235.51361547399952
48854,291.4272997016387
48855,291.1068515405147
48856,222.33466108388967
48857,438.5553069984786
48858,225.21927106197307
48859,285.3050407204303
48860,628.8644976119205
48861,284.55602854596265
48862,256.25655954333087
48863,263.03261969324575
48864,432.2458909599123
48865,293.5623652864632
48866,250.2243971150384
48867,271.471996170307
48868,335.04345172992987
48869,390.781266365547
48870,219.83756782962448
48871,343.5089726060501
48872,234.15577333129508
48873,257.60869853924476
48874,178.77913385494958
48875,325.1326476954172
48876,265.9918130111242
48877,477.8524414648796
48878,397.004616674272
48879,254.08036631377834
48880,256.5365114363953
48881,290.4181370957135
48882,167.61047074732656
48883,229.86965084577605
48884,321.9935216151871
48885,177.66857009834902
48886,525.7708673614657
48887,208.08660389028023
48888,239.65035371336634
48889,191.7774813796823
48890,492.5247670384005
48891,233.6027479716757
48892,272.70130365427923
48893,210.26836980120618
48894,187.171528875606
48895,227.74299541376936
48896,255.63558327001635
48897,238.316241691731
48898,185.5450010077337
48899,634.2623153701437
48900,214.67328017505105
48901,224.73850846818297
48902,325.55246654578093
48903,308.2009612424067
48904,183.44300068840053
48905,181.10476470238353
48906,227.22170712750136
48907,177.4883199132622
48908,185.63520942666386
48909,294.0189698332197
48910,255.003743290156
48911,196.07002934153962
48912,383.0950911904224
48913,211.15926877317384
48914,331.9750585895456
48915,208.53224511853463
48916,275.5484039729528
48917,186.483433533961
48918,394.1842425538872
48919,194.30433577828907
48920,376.3869762276069
48921,229.73358699773314
48922,161.84281267518378
48923,203.82600821556855
48924,258.7052932635814
48925,230.06033352455938
48926,193.68372142098195
48927,202.3748808907141
48928,150.4507158012757
48929,266.1929763379381
48930,299.55140768665586
48931,286.71828946010083
48932,298.3722321428708
48933,212.76269548272293
48934,373.08294846553605
48935,221.15276164030013
48936,216.74657859492305
48937,517.7546657701906
48938,292.87368956226965
48939,206.66137119853352
48940,240.63624450330596
48941,200.20203830197974
48942,245.2749680764704
48943,240.47330039483728
48944,487.9997348708257
48945,282.14488479448306
48946,474.6594011395073
48947,228.32677104901575
48948,291.553751189368
48949,423.7117327864833
48950,258.74296179984395
48951,221.1298895046248
48952,189.60094580057842
48953,163.44067749030637
48954,176.73903263401277
48955,217.98523843577644
48956,233.9384736730137
48957,421.8070921669358
48958,279.66762928977573
48959,201.73693071059265
48960,310.7618006888096
48961,189.89468451289443
48962,240.45242232302695
48963,284.9071217628861
48964,195.38276916867267
48965,304.9992702975042
48966,165.26013170794553
48967,476.4241091525893
48968,231.62472785777146
48969,228.7997983817133
48970,246.17856220963023
48971,316.1350185589407
48972,211.29727309324048
48973,265.2423076571747
48974,232.50069734313544
48975,371.64700273741994
48976,412.775042000883
48977,244.35584272079552
48978,261.223897356505
48979,240.96193049205695
48980,392.9697508992919
48981,281.3615426502107
48982,364.95705232517173
48983,275.0626816710553
48984,349.7235628532604
48985,271.69029085849417
48986,286.27792474763015
48987,307.88212433362224
48988,313.17009733389665
48989,250.21284963223005
48990,357.5614123980865
48991,469.1651125195767
48992,171.9636531483245
48993,367.41935196257225
48994,207.80632100598274
48995,672.5459913245937
48996,254.7893970403873
48997,426.85305793951625
48998,195.39257187820255
48999,249.47589830678572
49000,266.004419943625
49001,169.74318471479558
49002,182.40048518261375
49003,356.2919755881764
49004,205.57743619651166
49005,212.45684743920887
49006,245.9347646615157
49007,243.47187883025228
49008,239.18643406098542
49009,202.4524472397249
49010,379.49725853597243
49011,235.08880201738572
49012,415.50901608356816
49013,287.3764530407265
49014,245.16174723560138
49015,272.53311188618585
49016,370.2752024586025
49017,191.9860290606203
49018,361.0048043580005
49019,389.1214614696784
49020,238.23792653464875
49021,333.200434771008
49022,463.38905562374765
49023,270.24310848912194
49024,489.8907418797878
49025,201.59793698105534
49026,245.12815794964152
49027,221.82103309635127
49028,289.87556322096475
49029,450.1453722382893
49030,261.43755023829846
49031,405.93364941411966
49032,270.1900086307595
49033,535.0439626808619
49034,180.4917115092874
49035,217.9866850200058
49036,217.82587144479115
49037,357.75729273169117
49038,399.3967959128215
49039,327.479006320057
49040,290.54509827208545
49041,212.62652443797722
49042,334.9785464032676
49043,310.6213398986386
49044,345.8711314571796
49045,286.08166175278916
49046,256.45564137210124
49047,276.6916967844547
49048,230.4134331839531
49049,398.51651934736094
49050,213.9480004910815
49051,282.0610944438732
49052,242.67102936806916
49053,206.32116413072964
49054,223.6194340544965
49055,258.8740665609096
49056,276.5964947977213
49057,175.31667460103566
49058,321.60333201250086
49059,285.1617633022188
49060,205.73370769182404
49061,271.5934962713491
49062,216.01218827151732
49063,406.32779284027083
49064,203.8831371090824
49065,396.3012190083143
49066,273.0173430583945
49067,362.6785361776079
49068,226.00030299114357
49069,241.4133070300765
49070,311.6211540219785
49071,251.05068292986323
49072,195.21963179265973
49073,431.18862368469985
49074,165.4669760351807
49075,276.93513600091256
49076,399.28270298219826
49077,212.57190693559505
49078,274.16002871472244
49079,288.6112414485714
49080,436.0394194904464
49081,237.6735923090299
49082,205.03640745483
49083,214.77446176604778
49084,280.2956392153891
49085,186.5888735249874
49086,175.90947339404488
49087,234.45324461188878
49088,249.30081595675168
49089,241.17838299132384
49090,408.5490771908373
49091,457.2425850492857
49092,240.04869875141588
49093,353.38969333281966
49094,200.2590477888801
49095,350.5649667543303
49096,297.26299732693894
49097,323.5437446790812
49098,299.973488369665
49099,807.3293047313388
49100,188.36220201867258
49101,201.3306388236286
49102,209.25926755846803
49103,326.8094643768054
49104,228.5596014435262
49105,350.52774225528674
49106,331.8305290727554
49107,407.19729352359536
49108,195.62997828663518
49109,281.01462888574633
49110,198.21798657431674
49111,179.4688785512855
49112,230.5734219976444
49113,234.04810850796395
49114,477.6777511647921
49115,330.95882568492607
49116,303.49924048887254
49117,1818.5296876220316
49118,201.5703652126975
49119,214.39668842172114
49120,179.49467566341366
49121,360.850701785084
49122,238.70613602293642
49123,264.89172988064223
49124,295.7098563636993
49125,253.4769147256624
49126,281.8095750883212
49127,246.76812840674705
49128,449.3918998644238
49129,189.4934002634022
49130,196.83557668949967
49131,220.8196546880018
49132,198.64113909866316
49133,182.68567267539612
49134,307.4092402795134
49135,234.85336849214548
49136,173.5459734627691
49137,336.42555959796994
49138,252.43136886985312
49139,249.1847828135408
49140,379.0829033634668
49141,178.26648574542043
49142,184.84560265448656
49143,543.18734682106
49144,232.11210059927265
49145,162.2792336073021
49146,218.25869602248028
49147,217.2461142428427
49148,306.03742009452753
49149,175.84231090150752
49150,390.72566547245856
49151,205.8194267428084
49152,222.33389638810755
49153,252.84942299654276
49154,196.0546894018542
49155,200.54337405570956
49156,201.63467273382508
49157,225.66627415226273
49158,318.78262184924233
49159,195.14938038905376
49160,491.9345727024309
49161,272.9151159607324
49162,223.50157351154184
49163,413.94351904547415
49164,341.97963731371
49165,334.1339263279372
49166,204.50882343806146
49167,427.42190698065144
49168,330.1743844575868
49169,359.551449859121
49170,201.66021281562504
49171,235.4838186417409
49172,242.78112602134377
49173,249.72974074093798
49174,252.60498303961987
49175,185.0566371204598
49176,176.68168025857997
49177,263.9658599756376
49178,257.2592739918118
49179,183.9095859384492
49180,236.86345138810253
49181,186.75038159971993
49182,222.61573839371852
49183,415.8668127848559
49184,272.80998257840906
49185,250.1158505052868
49186,617.893647695173
49187,167.78405302721265
49188,686.2418768252592
49189,453.83583107241935
49190,192.1666166610034
49191,522.6528244333506
49192,192.54732448501542
49193,406.33210900011926
49194,182.7280824437979
49195,221.04549056270346
49196,236.78622551897786
49197,236.6198081018563
49198,371.9080372988237
49199,178.90715105180024
49200,307.2033620324883
49201,203.0021482342411
49202,176.1581810190743
49203,457.1937121606067
49204,326.74353654548867
49205,254.90552205282756
49206,189.722770240037
49207,270.92191674971525
49208,258.73525079532374
49209,192.88965823963196
49210,318.58177669124615
49211,245.19234465884983
49212,253.4451726552515
49213,266.0854322431499
49214,176.97231719311432
49215,236.81698898266566
49216,288.1428627828101
49217,267.2810338248981
49218,184.00550632054845
49219,306.4488055056415
49220,374.3625725605802
49221,398.49253005895207
49222,227.437458030987
49223,456.3652576657664
49224,156.79610594447072
49225,171.60551349452805
49226,232.66958275509216
49227,251.09260833204277
49228,328.4023783254013
49229,440.4879996061214
49230,224.58320608469182
49231,167.46110435072003
49232,651.173805023485
49233,179.63852158309302
49234,396.67360876472156
49235,243.97424324542425
49236,336.4319433606866
49237,192.60516848759906
49238,296.2073346764352
49239,245.16561523819846
49240,173.91031208214355
49241,280.09158039749565
49242,420.1167214396123
49243,227.40428498948094
49244,185.87251683493326
49245,223.20144521648962
49246,235.57529376011757
49247,320.5968072245326
49248,312.0577745607459
49249,305.39596165432454
49250,237.04283026214696
49251,403.01989159521094
49252,319.8832140454629
49253,710.8478315393697
49254,366.26209990161084
49255,281.77858276455186
49256,381.6697536339166
49257,239.17815282318804
49258,334.9608896515062
49259,228.63252597252477
49260,206.7744053926665
49261,346.43711332056694
49262,291.81203875809746
49263,166.69836040539195
49264,212.51025921077047
49265,208.71066448432518
49266,234.2883680698841
49267,259.1140908053038
49268,174.83093873653203
49269,260.22075421235184
49270,231.759924149859
49271,271.1397627377098
49272,433.742430470832
49273,288.28064019194693
49274,173.11017532011977
49275,187.61261840795905
49276,200.56652345609984
49277,319.49204586464674
49278,217.6111807196801
49279,370.3073843342111
49280,283.9063063360705
49281,217.52697501199597
49282,309.13791638118545
49283,175.08516901871914
49284,256.7295947323674
49285,222.75861845220777
49286,174.06998590959694
49287,295.2422492083112
49288,374.04878186862567
49289,593.9596470066549
49290,294.2315841111434
49291,217.22907892465062
49292,174.9078355630023
49293,180.52102460859106
49294,247.21170809894102
49295,210.81378745453017
49296,375.1307636730757
49297,437.30792229437066
49298,423.46472925284763
49299,320.36338454623103
49300,223.88161390091548
49301,555.5666194748514
49302,253.90846563131458
49303,336.1726748962165
49304,236.1103056229378
49305,366.9165516169255
49306,219.13959066496966
49307,241.72399850394078
49308,237.21925783568216
49309,187.8805113749805
49310,267.87885237827095
49311,201.15309105036556
49312,242.88897215441102
49313,210.5734225770425
49314,219.76630989402813
49315,247.47563461679883
49316,225.28636327846235
49317,205.1884475162354
49318,290.6083365113126
49319,213.45366556041967
49320,332.79543817776243
49321,244.77999533398386
49322,258.8287580263815
49323,267.24379403937684
49324,179.94881728860955
49325,341.13169181051796
49326,334.57475993663013
49327,188.5370924399015
49328,196.33502300145798
49329,180.96269032181277
49330,252.38742771444805
49331,180.7261940045306
49332,177.71614051219638
49333,198.9088509654024
49334,229.52135580552627
49335,191.2761745503701
49336,236.62517667239396
49337,229.79237188917838
49338,170.93269348700647
49339,181.1025132862153
49340,186.74220199957483
49341,227.32989221949674
49342,188.23987169669877
49343,226.46313798453764
49344,206.95072808657721
49345,219.33431225751102
49346,254.5982349474406
49347,205.18309403365905
49348,254.13706287677434
49349,270.0748319416849
49350,216.18409412159176
49351,229.57316734474057
49352,246.9440993160779
49353,253.6882555827706
49354,206.0635657113733
49355,180.04960011766846
49356,231.43450101066685
49357,262.63971723242844
49358,279.3329192178528
49359,440.6269559706561
49360,310.65964189764463
49361,181.87879128457462
49362,369.60645192071644
49363,241.4666058228389
49364,407.18000767634135
49365,170.4723955820334
49366,248.26423131434103
49367,172.09958158875747
49368,183.335163344177
49369,219.91182023489432
49370,288.2905839909537
49371,203.98738491232885
49372,433.8210251470238
49373,335.213069624644
49374,236.14689179112267
49375,262.26806945010765
49376,255.5334541655158
49377,290.56083495914817
49378,218.6151062589339
49379,234.46681730925366
49380,228.68582264940443
49381,208.06676910105728
49382,242.49880261834005
49383,225.12429866793263
49384,538.4509982218548
49385,185.20599243778935
49386,263.87236514546265
49387,307.8506910586587
49388,220.8632240690575
49389,226.50967154524884
49390,613.3820239776945
49391,309.77135648299503
49392,240.0313587807926
49393,172.27704609624377
49394,245.9425410756113
49395,231.72286897859865
49396,397.0139747245755
49397,429.8239378128319
49398,339.85434717931054
49399,228.26981702158554
49400,289.2937526267251
49401,709.5656751812686
49402,236.70827416666248
49403,620.6790186687217
49404,272.6259357265136
49405,209.19884857439772
49406,228.5661074252939
49407,275.68518926228404
49408,513.1829450198513
49409,397.4452314711934
49410,350.467294604164
49411,190.44753407476142
49412,349.46143439389056
49413,334.72924832126785
49414,202.35986152850523
49415,427.75060799845744
49416,271.6133509421219
49417,422.5962111992836
49418,208.82211100672382
49419,268.9373354443708
49420,214.72923173982414
49421,245.26898401320454
49422,420.0751439178783
49423,175.13666983454488
49424,225.08411613993724
49425,188.45853744259227
49426,472.3353136446384
49427,264.1639439701811
49428,462.1132788186593
49429,284.38450406564124
49430,188.30280780403743
49431,218.16059649054736
49432,308.54244746719513
49433,445.1167170528514
49434,246.1225119386971
49435,200.45143943104824
49436,572.6058522032315
49437,247.64309207230852
49438,300.27911889625045
49439,326.60548723023606
49440,223.9676903145045
49441,248.05417826768775
49442,302.6688531773111
49443,831.6986302860412
49444,258.49546278993927
49445,178.92433071856598
49446,321.08559032427223
49447,232.11028302203295
49448,223.17541144555148
49449,246.57272305102177
49450,205.88536151473852
49451,432.7509530392958
49452,342.32477334632864
49453,271.9586260581923
49454,178.90715105180024
49455,227.0096174207124
49456,254.11059322884404
49457,243.30149917108673
49458,199.44482178748294
49459,228.98605164326008
49460,238.71611993558298
49461,244.30071486485676
49462,373.99714050850065
49463,287.9752619949589
49464,326.90712466550127
49465,224.85727603554594
49466,273.9313140721693
49467,298.1889109850715
49468,176.48167183451324
49469,304.1900668375941
49470,267.1339709285823
49471,242.16547380273872
49472,203.4871222947495
49473,520.3396934225769
49474,188.8046833214183
49475,346.65218259878833
49476,205.29187559030103
49477,178.0780035259369
49478,279.95121473086374
49479,440.2034997485264
49480,201.05795025704157
49481,301.5728106798633
49482,330.40062570078493
49483,212.5412354667427
49484,280.56412000671463
49485,301.6981707645998
49486,223.7158456736631
49487,192.16578599684087
49488,284.4821431629898
49489,341.01132080916085
49490,195.94559122405028
49491,250.8510363463282
49492,228.9955914174783
49493,281.3100302252955
49494,305.12681332250526
49495,323.6319851465692
49496,219.45011489389316
49497,198.5629426456937
49498,319.63744115333577
49499,210.7769348748152
49500,256.8661832817888
49501,278.99806981951343
49502,172.3925722436169
49503,179.66632565949837
49504,275.8504662770139
49505,163.79451533742548
49506,421.2889672679052
49507,263.36902472719646
49508,237.73918495913392
49509,205.23758567202023
49510,447.23412820001295
49511,349.8039678504233
49512,311.4596180004444
49513,413.1903540752192
49514,359.45540277352427
49515,177.44240451784515
49516,332.9481579220426
49517,198.39590832168344
49518,186.0814246967492
49519,381.70391530084873
49520,223.94438215107044
49521,361.78282587831427
49522,221.1484444386123
49523,221.13522585012313
49524,219.73556709650828
49525,326.8385634375706
49526,205.18029559295627
49527,188.8057587703518
49528,346.7492069386028
49529,314.8715886175215
49530,255.08718409430392
49531,181.78254674592284
49532,215.0210740638655
49533,409.0020199769212
49534,393.7268759372407
49535,323.1784388830028
49536,204.4358772161406
49537,344.1286114056864
49538,368.22307611039014
49539,395.5550093823827
49540,249.3883752799714
49541,307.52591622662055
49542,204.95646928362086
49543,786.5388203025035
49544,203.0552912414517
49545,213.55199976923456
49546,252.4138207934653
49547,496.4140631731047
49548,311.3753994620771
49549,200.40118314298945
49550,1803.4116021938853
49551,720.2928579276088
49552,341.1000249740715
49553,201.56363673606194
49554,296.0665893323826
49555,389.7278585547542
49556,254.6639088071142
49557,341.066751857682
49558,546.8996637114151
49559,200.43491755516774
49560,238.95294744191128
49561,277.8683493748702
49562,235.78462396346646
49563,176.40906720429362
49564,542.1918441565716
49565,307.02821864118346
49566,292.9671774221054
49567,185.61413023827342
49568,255.04981101438028
49569,221.94922307962253
49570,502.5020283176952
49571,294.84194276676664
49572,188.38592466038975
49573,244.20728277166234
49574,456.9057197850592
49575,185.7008052101607
49576,283.58534267211127
49577,286.00992579780717
49578,237.61611023082028
49579,240.2309354690533
49580,211.84224486632363
49581,187.39500170285208
49582,203.7267268158067
49583,1219.7177876866492
49584,234.19630833923222
49585,144.3579105331285
49586,240.20782242808568
49587,172.59137817641172
49588,274.0842226746067
49589,186.44260629831038
49590,771.7497227353989
49591,313.6559650432695
49592,196.60979728974908
49593,190.7019819608222
49594,471.08507572155366
49595,229.56659059457235
49596,228.3577481926481
49597,188.82022397677724
49598,270.9872407134454
49599,237.30993432646417
49600,195.87948864867954
49601,449.72414580356644
49602,256.95522268264824
49603,191.64793141442982
49604,306.8928656766078
49605,273.6983465051657
49606,255.85374790365722
49607,222.03438957224603
49608,187.34307460124447
49609,392.5324157372837
49610,349.12935079969157
49611,208.63517727075754
49612,198.8358365009891
49613,286.7148869216114
49614,178.26147183308663
49615,253.95428296678597
49616,209.89324102137613
49617,289.75915546030944
49618,167.89567742586522
49619,539.5479579990874
49620,383.9561729920001
49621,303.95316934084894
49622,388.9445681715138
49623,224.61494622163326
49624,353.1562233079595
49625,201.13878476271236
49626,361.25830948315075
49627,194.28714625354067
49628,287.65774042096814
49629,201.60672584746086
49630,224.74429153140997
49631,170.5830128226729
49632,158.3565088991151
49633,221.3455738277639
49634,413.5148926657019
49635,359.2109027184392
49636,304.1798280831308
49637,177.81779768325765
49638,187.52059043920528
49639,230.59251724341587
49640,274.5661490991111
49641,256.24647056976
49642,207.81821346222665
49643,229.03206972068122
49644,310.94609973717013
49645,201.66553942557758
49646,382.87932566251874
49647,242.54138548162715
49648,215.46996168321445
49649,353.5040390103554
49650,215.62194833255688
49651,209.45863161831397
49652,296.43467202448056
49653,245.40244584695733
49654,172.50981377752365
49655,295.8410027172326
49656,257.6748455327208
49657,367.08549455829683
49658,210.226271320127
49659,165.24522843812414
49660,526.4238038064285
49661,276.5004078405659
49662,172.7475065185278
49663,230.73051403411398
49664,297.6554813139864
49665,246.31098432829916
49666,439.54160184321637
49667,291.1590503298955
49668,235.99093127963158
49669,283.3505773224948
49670,226.39611670198798
49671,370.73966233154084
49672,178.3955400409312
49673,251.63426743414072
49674,226.8052969255027
49675,188.30234339842167
49676,209.3184139377646
49677,372.3947125289068
49678,216.6704168541013
49679,222.4947282929718
49680,220.5930931286478
49681,232.8677368877667
49682,236.75920154595204
49683,320.29995072823164
49684,251.37836052364742
49685,336.07660962344875
49686,247.41633764707407
49687,263.38090914598786
49688,315.46266985247655
49689,267.2397118660321
49690,174.74504124247258
49691,191.97103317921605
49692,303.4353691917167
49693,451.252205706796
49694,319.17289007503837
49695,222.40702218946052
49696,210.3292132783473
49697,181.13277613869957
49698,176.347089730257
49699,614.9771328137233
49700,358.49182159806315
49701,335.26073330974083
49702,380.6832105291991
49703,243.47773242853933
49704,336.56655382254655
49705,228.14553901014148
49706,300.0124186444954
49707,261.78261165235045
49708,224.21520946263152
49709,391.67041304215525
49710,372.30016382552304
49711,285.82080055317766
49712,274.3630535774751
49713,238.62261099450393
49714,261.69044537042794
49715,167.47294265857616
49716,180.34839207443358
49717,269.0886495089845
49718,223.9759675277604
49719,211.57616666281103
49720,405.987987721933
49721,322.8199639236654
49722,304.62426068571335
49723,370.7617598326156
49724,237.70938159047392
49725,297.4240422846779
49726,214.2964987455662
49727,439.8523031748534
49728,276.36205297073104
49729,404.7911679243982
49730,243.40824464844567
49731,249.32623556096217
49732,552.2873438983985
49733,223.54670456400544
49734,694.0827504484763
49735,168.77848382164842
49736,180.02791762498794
49737,229.07171374556776
49738,212.97781081917793
49739,280.31131132990924
49740,260.22915105345487
49741,516.6408224039986
49742,176.0682091972868
49743,240.74121896745748
49744,468.6536714436313
49745,185.28286790528222
49746,329.2473357108275
49747,232.0623387635434
49748,221.36237616059026
49749,329.1394881158339
49750,244.4310052756061
49751,324.25932158629007
49752,244.9309171017057
49753,382.30013785415963
49754,241.54246006854123
49755,435.3925986704256
49756,321.5693352629208
49757,395.20921404916544
49758,175.73051326094816
49759,289.0487501017641
49760,304.17851838763806
49761,341.8827658524743
49762,201.0104158419931
49763,230.26845833019385
49764,254.47099367100867
49765,383.80409707002
49766,200.2836545108154
49767,272.90799785543055
49768,256.8409408326208
49769,229.61854177729538
49770,190.1468160481771
49771,280.83876922709857
49772,429.2225678541046
49773,244.35759779379327
49774,189.69494374483534
49775,170.1314930771031
49776,391.8145025822254
49777,293.2996501579276
49778,219.2436127587582
49779,210.46694018926175
49780,270.3705173298353
49781,265.7047790800892
49782,332.661103233792
49783,264.29864079997327
49784,251.1863777540143
49785,339.1989738076336
49786,409.16963059482384
49787,174.46128900992773
49788,286.082933007271
49789,371.55672642919404
49790,193.429938252079
49791,212.31937013398823
49792,213.1085230586024
49793,197.20776582901482
49794,248.19120582830945
49795,318.2792349556515
49796,186.09213769182242
49797,175.30123675852155
49798,188.7616584094272
49799,174.22405104688946
49800,239.98309455874966
49801,217.18789294193923
49802,235.271585075473
49803,181.59414530198254
49804,236.47960473530856
49805,392.7943180173673
49806,532.1735163583803
49807,225.11337779484197
49808,224.9850825108308
49809,224.9652669199117
49810,319.14775117751867
49811,237.9595184574165
49812,227.47206747556055
49813,259.76932178744266
49814,318.1626535918835
49815,234.7500711212729
49816,253.12533061999548
49817,235.07420215748283
49818,242.50006699170737
49819,447.42331404051674
49820,191.74346983599168
49821,214.02452529657887
49822,176.23245911471884
49823,243.45515254618127
49824,200.54628067477677
49825,148.8023309616921
49826,205.41205001480796
49827,447.37259585269135
49828,498.2293155431088
49829,207.08031346574282
49830,221.82398680623373
49831,223.65892900951462
49832,157.17680796456847
49833,444.0456262518894
49834,385.5463945383596
49835,249.96371084561733
49836,190.58048398846796
49837,240.18501459216563
49838,343.97553752720853
49839,203.1370602186752
49840,383.6653503046839
49841,210.70871780501838
49842,279.70787161048764
49843,283.3473467446905
49844,226.47419971906973
49845,307.47583695428114
49846,218.15147876607023
49847,204.90342387657634
49848,391.49406736466165
49849,244.0579880187125
49850,246.6285126105436
49851,185.47337080455358
49852,290.4267859610429
49853,229.09776993717298
49854,330.78305305282794
49855,398.35107237047833
49856,176.83986199854652
49857,513.4417492811195
49858,981.43048398598
49859,599.3748143216404
49860,231.3938037663289
49861,185.73032375541624
49862,238.33210678286068
49863,177.23604722461653
49864,219.15376053497818
49865,244.63606759388554
49866,187.3892619904798
49867,253.59906839234193
49868,831.6060949304086
49869,289.4087619908492
49870,238.68923420521216
49871,234.61705378215186
49872,235.22148920339112
49873,221.07262376694845
49874,261.45702855596664
49875,263.3114651517944
49876,302.38997196566646
49877,314.4569860689463
49878,330.5545454385042
49879,254.62899182078013
49880,180.6088746131427
49881,473.89012407515804
49882,166.95875756660223
49883,251.9245516617721
49884,209.25020388992104
49885,267.77798911586666
49886,285.2884633364456
49887,474.1194699676116
49888,239.29250724738134
49889,202.0104128340547
49890,400.6485443110656
49891,686.7386011512795
49892,349.4150847272294
49893,272.7900746414691
49894,325.28607493177043
49895,218.84272145082343
49896,242.24307701404027
49897,487.59431307851986
49898,190.23568564498515
49899,284.22079417345435
49900,404.3394812054226
49901,404.0130582787421
49902,326.08295346024073
49903,189.9382239775413
49904,226.36603414988707
49905,217.32475460837352
49906,337.01071131513373
49907,194.08848556208227
49908,180.49372258138112
49909,231.875990667101
49910,222.9583521108331
49911,407.0317336282733
49912,212.63410869177116
49913,216.16209824292451
49914,188.75336628010953
49915,436.3967840090276
49916,240.24296020579771
49917,223.60654845815722
49918,226.14089700764868
49919,338.2687533287664
49920,364.03728356177703
49921,310.41135555846057
49922,171.42391534745934
49923,261.17827256043813
49924,307.3686158745158
49925,188.8794588164537
49926,247.70032594998892
49927,212.53028129122583
49928,340.80911960691407
49929,438.1204179258974
49930,238.40686070990645
49931,196.81683114258567
49932,259.3726926462053
49933,312.80957366438145
49934,339.4289914793528
49935,229.98559551769512
49936,180.81856191779244
49937,387.53773581857786
49938,177.5929793458557
49939,220.35227505801782
49940,361.61896194038263
49941,284.1042677095881
49942,302.6828310642161
49943,182.05630217326186
49944,206.67092291273343
49945,272.35081857148356
49946,367.7227188994813
49947,237.7356963602842
49948,296.89806460371733
49949,248.40591629502273
49950,232.3664765480332
49951,234.3733337476115
49952,374.75314963917094
49953,264.23060711438654
49954,286.0007307461296
49955,301.0999789918198
49956,233.80197531894424
49957,254.25154691319415
49958,383.69108554402396
49959,219.6955826423527
49960,417.59242881283063
49961,210.89962044401014
49962,216.38095463851718
49963,273.1378792534175
49964,151.38237820877595
49965,235.2838888087613
49966,199.44241695302958
49967,1090.35626742269
49968,229.45347558740752
49969,212.6854021417903
49970,176.87710067011054
49971,255.9772624559375
49972,264.4258755016168
49973,326.1281302993774
49974,314.9113851721424
49975,354.604779550666
49976,210.29764944459714
49977,188.2637711734782
49978,278.8220081930957
49979,195.6674982549055
49980,203.12494305896098
49981,265.76985876362477
49982,223.55142787831937
49983,187.84851473099855
49984,198.77092849799178
49985,356.7037525086183
49986,151.19860904422325
49987,274.33682848219536
49988,183.21184299477446
49989,284.7568241397223
49990,366.794206511586
49991,203.75698345732962
49992,410.8463473130978
49993,163.01636720448946
49994,417.2354985697876
49995,249.79175974256094
49996,318.8606206996944
49997,288.85943963861746
49998,184.2445933388747
49999,471.3196230368233
50000,380.472123256652
50001,198.49111470411404
50002,213.74045556513903
50003,195.85238699124835
50004,270.25161309166435
50005,168.58684960897742
50006,324.6413925238992
50007,286.53059759119475
50008,367.1251981943912
50009,293.1571139922746
50010,252.1306136749035
50011,252.08965905784848
50012,310.8272364116619
50013,234.37377725309594
50014,191.0049104521894
50015,198.20602259472506
50016,179.37653400659585
50017,310.1199508386356
50018,250.08794601379967
50019,239.22469584021084
50020,230.12534865019745
50021,281.4281587595977
50022,259.7904127712227
50023,686.7753221412376
50024,219.1847091255299
50025,343.3051288184317
50026,218.59634475639683
50027,331.8306684638249
50028,247.4108451452693
50029,239.6255370846178
50030,366.9663748070799
50031,282.11402518693654
50032,209.35877594313158
50033,191.79940144143046
50034,233.37225771486766
50035,301.7378904772013
50036,235.47810917676335
50037,468.24333022633255
50038,261.7966221298811
50039,249.8191504484685
50040,302.8416457934769
50041,155.15928789467685
50042,234.3890175942064
50043,197.03004349726248
50044,282.37543448365653
50045,215.68594321779773
50046,208.2274029154565
50047,308.7664418517145
50048,378.5408245630777
50049,190.3455740208744
50050,247.79985588552017
50051,176.48609487761763
50052,251.24133732883274
50053,267.3206259423965
50054,636.3902600738567
50055,216.03068825550068
50056,316.65273497776207
50057,279.50515597373914
50058,346.4390188027205
50059,172.24145389383438
50060,240.78292624736955
50061,175.42646220779562
50062,168.2550958480134
50063,380.6857586970135
50064,795.5899673424715
50065,304.99401577125644
50066,198.58188166061706
50067,410.8682668779817
50068,212.32251486085735
50069,224.62302928137555
50070,218.9709981146578
50071,218.10735153774505
50072,228.36428990265705
50073,226.1642219836799
50074,182.397253423896
50075,206.77472906915648
50076,364.61974318236685
50077,198.89245356977275
50078,483.0369384586863
50079,201.8264997629714
50080,172.22963450955356
50081,208.05431938636914
50082,413.9763273562528
50083,264.36213453944686
50084,272.44609541933994
50085,323.98948455811063
50086,212.35967256486887
50087,232.71099757854316
50088,388.9679081976124
50089,173.61248293923578
50090,329.98399203477464
50091,176.94115461195491
50092,276.5188929372373
50093,144.33973442545866
50094,235.52965293434184
50095,257.22523680673476
50096,274.2042386964874
50097,239.0969650424019
50098,223.45809478813698
50099,237.00614457123083
50100,277.3838188286784
50101,266.92452171418034
50102,428.21216251884846
50103,232.8796251217058
50104,291.48728798939624
50105,420.0064697210789
50106,235.656670092414
50107,315.68627618255414
50108,191.82827746442902
50109,409.927536905447
50110,252.97669425196474
50111,260.22523467372656
50112,552.4083058168305
50113,755.9889320055152
50114,624.020693922125
50115,315.97181049110765
50116,257.30384927073806
50117,234.2178333045693
50118,244.83304852109436
50119,256.0771250744345
50120,434.31400225059264
50121,311.5273183400302
50122,522.1844443232179
50123,529.4685946896778
50124,262.7686328847974
50125,221.52076847095415
50126,450.5496747875528
50127,213.438827586501
50128,330.2286937939222
50129,299.9519316096977
50130,204.8923373732664
50131,293.03568764008423
50132,247.56381923260025
50133,242.03446970131793
50134,289.62933642975906
50135,410.3980437614526
50136,503.3945342230238
50137,269.83970232546505
50138,156.2124736999357
50139,260.711090613296
50140,290.51881611090613
50141,365.69574040968615
50142,182.80908742521828
50143,329.10912672560016
50144,214.74743438459817
50145,315.7615269645266
50146,371.3595124458246
50147,231.60732959808206
50148,199.35876856865656
50149,196.03963245349152
50150,190.57577554802066
50151,269.3507668292737
50152,390.4886651446005
50153,340.51038945627215
50154,244.23462327479487
50155,262.72698242768354
50156,405.58106947976387
50157,316.96080479965536
50158,494.69504606703657
50159,313.28963217030997
50160,693.5976350988392
50161,223.88790535268217
50162,289.2933379708489
50163,197.26315568754686
50164,196.22862412074173
50165,292.20106142957513
50166,217.21823510733614
50167,266.91757385555235
50168,237.74979303174175
50169,259.9461699707514
50170,184.1382825374195
50171,329.7585880272708
50172,412.6286907673246
50173,257.7653551947071
50174,185.08662344471003
50175,341.2522498432128
50176,361.91774363637614
50177,189.26859540551743
50178,227.74734392006857
50179,264.18063915686616
50180,293.37244516292003
50181,356.4238519508351
50182,245.39137525384982
50183,488.15373893651866
50184,292.9585206758897
50185,294.5551517860656
50186,187.1743064741573
50187,328.0357250648953
50188,228.40269749077413
50189,188.22314705040867
50190,232.451844973183
50191,311.17712299260353
50192,251.68114910229025
50193,348.6834234313896
50194,348.96375542302286
50195,336.9670046979247
50196,379.43667302553257
50197,244.34062893866937
50198,508.07537631406296
50199,175.33124075114674
50200,323.0053699884881
50201,911.1602987013982
50202,714.4183855919198
50203,214.32081849049572
50204,182.90626634479722
50205,215.82685522701857
50206,596.4119900745642
50207,272.5704375622509
50208,353.1437846508273
50209,293.20781467053047
50210,225.59999784580077
50211,328.2547290037791
50212,227.14506051506044
50213,352.0087674828468
50214,278.4601184263703
50215,222.72895465743767
50216,205.22774878674545
50217,213.8194111537298
50218,222.10410604032165
50219,203.1445448690887
50220,166.03944716837427
50221,235.45493542972912
50222,278.94868979885854
50223,162.53974386834966
50224,397.8681297987889
50225,257.74502407740295
50226,311.0872823577558
50227,255.8812135635538
50228,334.29381860074824
50229,265.0341961371711
50230,439.97812257492404
50231,506.8519304409502
50232,368.0828294017676
50233,308.2836735659242
50234,211.72127316110104
50235,288.2312231271246
50236,222.21965972236958
50237,183.83786771068787
50238,307.35760628672824
50239,402.6160816920868
50240,207.0805893472574
50241,188.43435915666961
50242,368.48417031231145
50243,476.91430721379095
50244,444.3412631913016
50245,335.2212916555055
50246,244.8745133511795
50247,240.9309052844839
50248,274.5696900303581
50249,264.6412349905621
50250,338.1755327173976
50251,453.5447750406445
50252,398.85100651545525
50253,287.12108011733324
50254,377.05768979976403
50255,283.1480970392137
50256,178.16083664051797
50257,238.9930138505133
50258,306.73224246492555
50259,304.60257376714634
50260,268.7778344381158
50261,245.17547801550631
50262,187.96943571301298
50263,250.9299144467797
50264,185.14218756536127
50265,177.96119064795667
50266,303.4638091009124
50267,223.57869093389968
50268,232.12292636871365
50269,230.306627566471
50270,200.25596005732444
50271,332.6353784685177
50272,264.8859390675787
50273,248.274953791247
50274,287.77879740324835
50275,308.7936040024847
50276,222.43673664731884
50277,417.21257376733513
50278,229.24839216406536
50279,286.9993454177575
50280,229.5907543054427
50281,202.06189928085158
50282,244.67558574281634
50283,257.816568094619
50284,336.1063632694281
50285,293.02354101641805
50286,513.8527593908456
50287,170.63465114982145
50288,291.65699229528826
50289,254.1795490077962
50290,203.1392366781208
50291,202.45677308303237
50292,174.8205885588054
50293,285.2787170483756
50294,394.3380755155482
50295,347.5618961169882
50296,236.76166044701594
50297,196.45580612218055
50298,235.8178122949328
50299,174.0071257571569
50300,592.6588822793913
50301,299.4857702175041
50302,398.14676722916556
50303,190.72127047832615
50304,285.1880721136424
50305,184.98954937966676
50306,321.5331393880836
50307,229.68677640588294
50308,207.61020711568452
50309,180.56862243158696
50310,248.8132088169365
50311,414.945753015428
50312,223.99246140401323
50313,176.40481643012865
50314,244.21492570469997
50315,204.85849816505117
50316,232.06763245097665
50317,208.39825876355778
50318,241.66092987589423
50319,370.6387831690669
50320,209.33368787677932
50321,217.39712348040234
50322,220.63897519084895
50323,260.7951796921174
50324,320.91894122391733
50325,818.4184431502232
50326,250.40937610809542
50327,209.99756347414768
50328,233.63634114382037
50329,226.49478461958367
50330,240.62184304045533
50331,216.49689320977762
50332,358.7579395982237
50333,224.89663545877875
50334,603.5386192718778
50335,664.4621248975243
50336,364.14963108654445
50337,307.18159353836126
50338,212.4391134530523
50339,284.6366586792579
50340,219.6645741482027
50341,651.1737111951675
50342,258.11889452889346
50343,254.28985724427264
50344,221.87821293845718
50345,222.63560214310058
50346,624.4706415093353
50347,283.8088607664919
50348,245.84518498202203
50349,225.72436674528058
50350,168.5591373979159
50351,187.02954233766462
50352,471.42425240718245
50353,284.8958429532059
50354,551.9388345547541
50355,216.6489681740411
50356,486.6292920551643
50357,183.87761958473604
50358,241.00667879732424
50359,305.9129221606431
50360,716.9208645083005
50361,253.70698219892816
50362,209.75763271687947
50363,290.69827171690883
50364,451.78254639757574
50365,347.7875536393937
50366,314.19616714982686
50367,187.71941857098383
50368,196.32275190074088
50369,311.1695425703569
50370,253.91811682475466
50371,248.7654912467755
50372,218.02219949499786
50373,341.0754134721971
50374,286.28797529198783
50375,271.33075282462767
50376,234.65913206120442
50377,170.68693892288005
50378,361.3435614451402
50379,193.9782863234134
50380,208.30599963301293
50381,271.96717893215623
50382,235.02382083177056
50383,426.6336556153138
50384,244.0639168647101
50385,203.74331830325787
50386,289.7509105049544
50387,241.59889621050866
50388,242.56292158749562
50389,240.4087082368089
50390,255.1216340216064
50391,323.5659114376078
50392,187.9461642621035
50393,318.0476071583085
50394,243.56758439122672
50395,331.8990323034819
50396,376.40902508339667
50397,235.34366774713814
50398,601.3816366629156
50399,308.452225424556
50400,421.70548226656535
50401,255.6609559771293
50402,242.22228861165235
50403,332.74704047123237
50404,163.22165503330817
50405,204.92674833923155
50406,179.85512088058658
50407,329.7568970553171
50408,268.7550456375033
50409,175.522195905703
50410,271.6270913019844
50411,201.96423230159814
50412,405.4804328066621
50413,445.70954809070486
50414,512.5818437407436
50415,221.23612877115528
50416,233.54634338854962
50417,247.47136937246077
50418,218.8661883956536
50419,182.89438359167775
50420,234.39320808884824
50421,248.83670417960818
50422,432.19526325554426
50423,190.7515698451709
50424,242.60081836509661
50425,172.99615527497946
50426,288.54040765641713
50427,210.58593516292356
50428,349.27223250190985
50429,378.32407513919384
50430,355.60010327800484
50431,293.6669999991176
50432,366.373228427188
50433,256.38185169877886
50434,193.12112804893735
50435,198.39031878827265
50436,231.5565809166374
50437,291.5619433285292
50438,466.17181027223126
50439,295.9491574596749
50440,247.74097641221093
50441,300.32757508703946
50442,394.45391134354634
50443,281.8615594401856
50444,352.581852397606
50445,184.09069530827648
50446,551.1914050295529
50447,278.6510555869153
50448,297.9590877523132
50449,257.80765584340946
50450,446.0825890737526
50451,205.60632170776512
50452,229.17319825603994
50453,257.5501039622138
50454,214.37315991269168
50455,404.12970351021556
50456,292.27548034987205
50457,238.97908666381463
50458,270.4694965232237
50459,248.90019723649894
50460,178.4289264263037
50461,213.28922777986836
50462,371.92798146283155
50463,221.59019105605864
50464,193.47074540418586
50465,510.4174623197146
50466,281.44321590588487
50467,453.5416123861468
50468,251.4441398635632
50469,257.8972360789378
50470,164.8770292414083
50471,233.36260605981963
50472,211.70109693279252
50473,286.1953658737253
50474,251.5433012721041
50475,210.59258475034827
50476,276.14947918122516
50477,229.60222650129387
50478,240.65323014465602
50479,313.9243709362165
50480,252.76626079273183
50481,294.38423832687397
50482,323.4318323821287
50483,190.75338578753514
50484,305.50161579965845
50485,662.298304126838
50486,187.4948811513017
50487,220.25243929465887
50488,205.90828698260052
50489,407.95089888236083
50490,249.1696232095747
50491,201.27242437399283
50492,204.96706973596102
50493,182.1121818305961
50494,183.3651566973517
50495,254.32736896427238
50496,207.0321967409067
50497,234.06570268644737
50498,196.98738694693083
50499,220.15102304550206
50500,415.29075277720773
50501,239.36175616130853
50502,213.71948520145077
50503,312.86878634446265
50504,277.1653750157189
50505,238.19960415458377
50506,283.10857501147007
50507,188.71150088662992
50508,380.68289860327906
50509,215.89594123637164
50510,377.5808242949958
50511,336.2226823009966
50512,180.98739348957375
50513,330.3862092203799
50514,273.15231981805164
50515,207.49283476448986
50516,329.4690795468719
50517,268.022335883809
50518,223.49509460889396
50519,985.2487035639436
50520,433.88131691310815
50521,293.21074511727977
50522,402.8509277838766
50523,257.0223504274323
50524,372.27493779090986
50525,315.300023347875
50526,363.6878228879259
50527,295.39525890289
50528,324.6648702483584
50529,309.2034569311269
50530,310.7927775004047
50531,157.05628075779683
50532,251.1026644895083
50533,214.49844254520383
50534,494.24766279642836
50535,279.46828499355456
50536,317.74438116972203
50537,296.3616036839415
50538,270.63582782379405
50539,232.05207479871402
50540,275.99935280895517
50541,266.8318901207789
50542,247.33637883556284
50543,475.7775961048412
50544,355.6539015181544
50545,308.88661200593464
50546,189.58967634514607
50547,372.66936996090163
50548,223.5567851124554
50549,3422.398054454267
50550,174.62224475515407
50551,238.61084085986298
50552,225.19585206265265
50553,206.25264176125077
50554,206.1640056274545
50555,334.598256577076
50556,285.76695358643326
50557,222.0465577075869
50558,182.09226043911272
50559,223.37176320246104
50560,268.5800844341368
50561,312.08950624018956
50562,248.8995230091202
50563,333.25423312168505
50564,237.90631315868652
50565,284.3825638368838
50566,257.0315999600407
50567,549.98921011493
50568,182.06236736721695
50569,403.003964211714
50570,681.970784003007
50571,183.16205026777968
50572,217.83085145106202
50573,481.96693594032564
50574,385.71853944350613
50575,385.67829410085585
50576,746.9380116317463
50577,413.58702643939336
50578,394.74109993817194
50579,262.25184277311735
50580,298.6580375878442
50581,226.88926514537388
50582,352.2542972727201
50583,257.0721705135114
50584,290.0953452405957
50585,286.05493385000557
50586,239.85538868481092
50587,405.0506610666584
50588,432.9221414686134
50589,241.4533383028988
50590,325.20859497071274
50591,280.9824984164544
50592,249.27407853570625
50593,293.0217639146808
50594,228.19435142114867
50595,233.08546553245446
50596,400.2681190384359
50597,298.2628621353949
50598,199.45276504461327
50599,219.46894677712373
50600,243.76886438413166
50601,245.2683973385869
50602,235.11145904380484
50603,291.41431910860166
50604,251.23328255683882
50605,249.27478834610696
50606,210.3117082710983
50607,215.9501735388768
50608,334.5022899894993
50609,344.917799431119
50610,542.0708836679652
50611,265.1023178579438
50612,280.69140538187355
50613,320.43586614964687
50614,251.24123298175587
50615,187.26741971181576
50616,236.3086131753541
50617,324.129930243531
50618,151.79281481657281
50619,226.22411688175438
50620,257.6056433733315
50621,172.98227296776344
50622,323.96849830419325
50623,214.47233225115446
50624,301.24672309777134
50625,220.61312599490103
50626,246.74852496761875
50627,214.97269668753123
50628,229.8839266445854
50629,278.18236724326687
50630,261.2014090372613
50631,190.07873973424884
50632,287.17273733958456
50633,235.33608132973217
50634,180.1446569959718
50635,234.18279315281043
50636,257.36042107880945
50637,238.91196348712018
50638,218.91721741314782
50639,261.0097814622442
50640,267.0349206422691
50641,305.55548153437593
50642,515.1699235837204
50643,225.71604034855494
50644,201.62930141885266
50645,330.86554550039193
50646,207.9809191984766
50647,235.1853722992983
50648,246.9065149950337
50649,217.9524732353213
50650,269.2107841788988
50651,267.6628848759149
50652,219.76590736076335
50653,277.0895233519035
50654,500.3201392981732
50655,359.4975981975131
50656,315.52317855984563
50657,185.14218756536127
50658,228.29291781291818
50659,250.78018688072135
50660,362.11547587995534
50661,246.93132866856118
50662,179.3512684868943
50663,195.3158050350577
50664,234.86797829208186
50665,272.79006107952347
50666,268.8551529498295
50667,232.52360438921775
50668,270.60713518246797
50669,324.90061831845367
50670,395.5061072165144
50671,405.38844641473594
50672,243.79468417786035
50673,201.7668219169398
50674,187.5824417658418
50675,269.97310208567114
50676,315.47201579141375
50677,167.95951547729058
50678,213.18005138775283
50679,266.7371850774023
50680,237.48745898744707
50681,313.30449535262386
50682,460.89798252443677
50683,565.0552801484746
50684,226.43268952387714
50685,225.48552007123655
50686,201.38527251214313
50687,338.42916579804296
50688,216.15979630971125
50689,558.3917284582182
50690,559.4744749350548
50691,182.5304800858858
50692,349.5822709709749
50693,400.4180023021576
50694,415.9337819414098
50695,202.92630872219166
50696,215.27672998746914
50697,230.0466966352498
50698,330.579780564698
50699,192.4644045798692
50700,288.08408506651205
50701,452.19872877056287
50702,297.6992702582831
50703,374.7341906696875
50704,242.9531946387856
50705,373.40582736220654
50706,335.7917545226736
50707,137.97072851269715
50708,170.0812931992716
50709,300.7464195616282
50710,200.18676995082348
50711,310.56962843445245
50712,166.9174067404705
50713,178.0658353901777
50714,439.05957826505767
50715,266.6848380775019
50716,356.35622093090365
50717,191.97263149742443
50718,183.26231840356158
50719,844.0065630025191
50720,206.88553050397488
50721,306.1036515325012
50722,349.7479257606566
50723,470.0193647831744
50724,222.01486567288
50725,404.1971868184868
50726,588.3254514152909
50727,353.6439835205775
50728,164.94085559332913
50729,207.38475476288895
50730,209.7894837113363
50731,417.5623569014591
50732,268.1458142683297
50733,229.68192920173712
50734,460.0050242165881
50735,267.0040160247433
50736,302.4655860418379
50737,165.6485885876038
50738,185.26148522368152
50739,234.72879041486541
50740,192.1584018153789
50741,328.33204915672826
50742,226.57970447298948
50743,184.512852882199
50744,220.34094715758877
50745,214.14886202509174
50746,239.03760490450924
50747,307.565087823115
50748,216.79129773830576
50749,323.83595168686753
50750,230.6519468184557
50751,186.69619234937636
50752,296.01314511770244
50753,320.6903410756801
50754,349.1635619456233
50755,189.47250379788593
50756,276.3138200990881
50757,454.8265204765135
50758,182.07808710104194
50759,256.0446003977552
50760,374.6270279445456
50761,407.6672674006074
50762,222.60847629497857
50763,196.25238016433184
50764,183.85774772990848
50765,201.31511542693414
50766,230.5234792115853
50767,213.66909680605576
50768,235.9141213215202
50769,191.75328166819412
50770,361.0838084021589
50771,180.53256930264246
50772,177.18649348771189
50773,203.51648978516022
50774,249.72980086484634
50775,275.57234340475753
50776,264.8933406260883
50777,359.2679237099821
50778,245.91672718551192
50779,194.13875872655095
50780,242.612891112113
50781,192.79448548377505
50782,178.7430588193721
50783,168.44997069563732
50784,446.95079031282614
50785,217.91443581866187
50786,250.45846754123613
50787,334.10959837108425
50788,439.4544351041262
50789,168.34585391075848
50790,315.7040607256278
50791,370.5839108761469
50792,409.8598937683078
50793,169.64832204193647
50794,334.7723593150214
50795,174.1091922246675
50796,165.2437010675072
50797,216.69900480726298
50798,366.9628392196094
50799,334.16013137184996
50800,554.249567866823
50801,336.21878353832113
50802,426.9763730246172
50803,357.4905176780041
50804,299.30341219154434
50805,449.08148005914006
50806,313.976632326662
50807,278.9651130671135
50808,900.1227385624096
50809,254.78700167399882
50810,395.2467004536861
50811,373.1547238650643
50812,297.7035172385135
50813,253.78694928993872
50814,535.4032856763598
50815,428.5497975396343
50816,282.55658184909686
50817,259.545913891606
50818,270.96875003010683
50819,226.1153162417938
50820,268.818541394936
50821,259.0751600996276
50822,373.2690630489071
50823,224.0118959246584
50824,550.1614988265346
50825,209.54957371393195
50826,218.697748062288
50827,267.830988785035
50828,310.85900079235023
50829,288.2936196491141
50830,259.2458308425222
50831,226.5975732878215
50832,230.61876959178494
50833,273.72558293752076
50834,205.5195107324607
50835,362.75945119554405
50836,299.55533477842226
50837,280.12481726955394
50838,274.41772035553635
50839,294.83558583315767
50840,519.2727501628164
50841,235.0979327233655
50842,235.6728154858591
50843,238.26713260790532
50844,383.3191547667147
50845,589.7501559487085
50846,410.80263620350036
50847,257.49400182356254
50848,232.28627675508426
50849,288.06692471676115
50850,180.18657464726502
50851,246.93526244137183
50852,163.44926372461546
50853,206.13753990039191
50854,785.0406745806881
50855,238.5007113524538
50856,189.56640360896372
50857,251.0606454501839
50858,276.87102755230467
50859,413.3713614082031
50860,196.44404887750636
50861,238.06596964284537
50862,269.0140715362793
50863,254.6622411865479
50864,240.86304817848193
50865,344.95823372755405
50866,220.8705286358823
50867,246.70446614562513
50868,396.25452962067675
50869,239.05856937971407
50870,227.36454757183745
50871,326.7326485303741
50872,311.9431079164753
50873,255.11816975877056
50874,356.90675468589103
50875,213.2280447419043
50876,237.65875941007417
50877,191.87993717258036
50878,185.83435688753116
50879,211.80915681243943
50880,382.1812408800075
50881,212.71946135324526
50882,589.0419208282332
50883,260.9869482345471
50884,221.98602767354012
50885,219.62426168048697
50886,289.7168324677574
50887,208.34567891734451
50888,175.2447224016675
50889,503.1085578912127
50890,357.701345120884
50891,417.8239558319032
50892,297.9542428902568
50893,393.18858628657983
50894,306.2903512204894
50895,207.78416726692228
50896,182.13518550919318
50897,254.90733046886226
50898,319.0960158018714
50899,308.41137397360245
50900,192.6658939569129
50901,574.0628568256326
50902,263.95086059752435
50903,243.0194679346096
50904,237.43864389029287
50905,294.06194468662676
50906,258.9260319094859
50907,233.8877612623745
50908,272.55918926902405
50909,323.25167056768873
50910,371.34064453075604
50911,550.2042403140784
50912,249.60407535160408
50913,233.65308880631974
50914,153.03835240611244
50915,284.2783739157454
50916,292.48679077011445
50917,614.0479052866966
50918,186.33149679752322
50919,187.71066690636192
50920,280.48140293890236
50921,210.85865974699294
50922,264.06178129560413
50923,248.5619750107194
50924,184.48642574375086
50925,200.65716131711497
50926,234.67293531301766
50927,134.39141949807816
50928,181.1711670450634
50929,218.7058235420376
50930,376.5763780298699
50931,328.5224827994474
50932,324.3247208400464
50933,459.0714491644998
50934,323.75869330947796
50935,232.7828905106696
50936,244.03988869692964
50937,295.9046597079805
50938,407.9024502033907
50939,266.3547123058028
50940,502.696119964512
50941,492.4343846119
50942,219.57255875595027
50943,444.5229942568714
50944,360.5207508746903
50945,202.6171128571661
50946,310.05843994375294
50947,268.42277009734426
50948,250.54844764251578
50949,190.11081042222168
50950,308.54285579113684
50951,229.9891080978714
50952,409.7278041064298
50953,261.1899429524703
50954,292.7695585516288
50955,350.5279355737071
50956,260.33319293190084
50957,223.45720200329563
50958,260.1814846238992
50959,247.2003526791691
50960,367.4101917071068
50961,747.7786230886392
50962,288.6203016759153
50963,285.58466052810496
50964,242.2468453395386
50965,300.41907217738384
50966,201.9261775793464
50967,384.3702270254716
50968,290.051504289511
50969,209.44536472118784
50970,294.1993884552381
50971,232.2709190440711
50972,191.88473204376572
50973,334.5062368813118
50974,240.17616594403427
50975,224.98238546955443
50976,215.62063758450714
50977,199.0886421397176
50978,357.24881284296816
50979,349.4285788163553
50980,702.4441432586651
50981,210.03468114076708
50982,248.49516713012179
50983,200.6268784368364
50984,293.86372702653415
50985,237.11033168976738
50986,343.03501644199156
50987,189.3806616953151
50988,313.61214153205196
50989,286.96002923548593
50990,330.28673322916836
50991,270.7284923233483
50992,274.2807080796166
50993,253.37387451353547
50994,241.24151968918986
50995,255.28463544986826
50996,226.22467708891398
50997,185.61953230693132
50998,243.13942688095992
50999,220.79372545934655
51000,178.92396014220492
51001,369.0318182378532
51002,304.11123985574267
51003,296.4736755307512
51004,170.50326854363632
51005,201.07708149278287
51006,184.3145583603702
51007,212.29596200423805
51008,246.08929772427035
51009,256.3555404649511
51010,224.3800910433583
51011,677.5042417646625
51012,213.48751199918354
51013,321.2581380745036
51014,223.45787345396977
51015,357.3714242304242
51016,385.51433088547145
51017,282.6677971115238
51018,361.76445993420185
51019,178.53334644177028
51020,219.73765873046258
51021,221.93400551979838
51022,205.87472493513016
51023,217.3949756083467
51024,212.9600390025077
51025,167.49242388171314
51026,185.56321947762046
51027,182.7824532297019
51028,279.9420409718402
51029,217.28699210969867
51030,248.57532633383863
51031,390.625291430817
51032,180.46895433889878
51033,140.40043641462208
51034,362.3462393164643
51035,218.26977924565423
51036,243.4350252704283
51037,435.222374062069
51038,232.18718538477
51039,259.1209973924491
51040,233.21752963429782
51041,181.74228009819822
51042,223.1884211644917
51043,177.75557663255088
51044,268.3411362401457
51045,233.07390821031592
51046,223.3515012386696
51047,185.00817288646982
51048,301.25652527496385
51049,261.0311757428097
51050,231.2390128406553
51051,202.03506651253244
51052,355.2046406535288
51053,191.35346466370882
51054,270.31261187732656
51055,329.9180392266033
51056,355.6677283331827
51057,163.3805162369847
51058,243.48627728432243
51059,589.7864979012103
51060,253.15700529497823
51061,291.49048756999235
51062,313.328034074965
51063,208.55997786737362
51064,547.4050593075589
51065,180.84288619441114
51066,632.9777791159813
51067,250.81059201582522
51068,236.66965525973492
51069,228.2019986785344
51070,231.4887310295603
51071,208.09629647378355
51072,236.95106782585927
51073,289.39103406525146
51074,321.04502233470197
51075,338.0642360026351
51076,447.44025503513615
51077,370.6839489762369
51078,221.43157732003894
51079,245.14297785964425
51080,331.2869810213822
51081,217.7891865760498
51082,381.8533518067042
51083,206.25987539962958
51084,417.1538104286439
51085,345.55975359524194
51086,223.9447247546105
51087,217.4421515270016
51088,208.04124244448505
51089,286.49900419625914
51090,187.7207774195474
51091,412.6018720199829
51092,429.0330047306127
51093,299.32583095779916
51094,183.8144793054943
51095,182.33861038987837
51096,352.3966134191641
51097,228.77157489073707
51098,227.3038030103896
51099,264.29442698586536
51100,208.92364527783462
51101,407.20255911958265
51102,171.58960993057917
51103,260.52380340884184
51104,365.7726510329411
51105,474.4313516038883
51106,247.29295677992747
51107,236.0442197201077
51108,252.8877878836215
51109,309.04657265168754
51110,309.8180821568506
51111,313.34152457871755
51112,283.13380253110864
51113,351.22425459084025
51114,267.69068132719326
51115,188.1437654720804
51116,242.24378785433223
51117,337.3062731411543
51118,151.81428092670492
51119,320.6860215275731
51120,343.9405064589153
51121,652.1970463828393
51122,386.43288909831637
51123,424.55127125744366
51124,323.782734820017
51125,284.08138250350385
51126,283.89625430997586
51127,269.70469610955934
51128,243.80083441478916
51129,375.94889221076465
51130,299.63800729180645
51131,293.2665876510629
51132,456.86902591643894
51133,309.51486409102887
51134,183.0548022454272
51135,292.8279340420715
51136,240.77273838085122
51137,374.3432903002319
51138,215.24557375620861
51139,274.49121956420737
51140,177.18777962782085
51141,224.97309910463022
51142,704.4657545028967
51143,178.28680859978311
51144,182.76987757717572
51145,206.8020000508558
51146,204.90936440656444
51147,449.1823629452231
51148,219.11446264298635
51149,393.40186672091494
51150,188.96605252083563
51151,303.45165804177844
51152,381.4892837700825
51153,302.66571449812415
51154,228.74184775819538
51155,467.43645244857606
51156,180.9669067200307
51157,260.7923553221278
51158,220.43720472385368
51159,260.29731837216127
51160,381.11552387701033
51161,211.08539437919816
51162,264.29717386373227
51163,242.2961649788706
51164,349.9422595077581
51165,284.2267438880437
51166,253.07224606513267
51167,268.3509744474063
51168,225.21729039812533
51169,273.8053929585514
51170,277.6406498803846
51171,365.4946665422581
51172,368.85318860186146
51173,230.88262800376648
51174,265.28945153376674
51175,234.7933562503402
51176,182.4440138900523
51177,303.30968939129707
51178,355.1696470740621
51179,250.86790011650967
51180,254.52047728216294
51181,290.4559101420166
51182,243.8586506442405
51183,354.4927645495759
51184,317.29098598221753
51185,205.62407866365217
51186,182.282980513671
51187,314.91460297214013
51188,361.02476943717716
51189,461.4439866354066
51190,908.0966196332714
51191,178.2994387927137
51192,214.53330632950372
51193,560.6720057004969
51194,169.02723640034986
51195,487.43868718435795
51196,182.46912246720825
51197,174.4065732282152
51198,385.34516684236144
51199,284.1138266918933
51200,309.8621369259466
51201,225.69332112662778
51202,431.3511977561591
51203,225.04227948546233
51204,341.14116119829947
51205,238.85505178664604
51206,298.01566664571095
51207,154.74177711377558
51208,188.3398245815057
51209,189.22396583149163
51210,329.46100342873694
51211,196.85209685484995
51212,229.820219945055
51213,487.70415807496863
51214,191.81699355546317
51215,185.84716646546494
51216,302.5404741350097
51217,275.65530471609037
51218,201.87823067414524
51219,187.31071737074032
51220,452.16108069951906
51221,304.7777902527241
51222,186.60741631933456
51223,225.61049358515717
51224,231.9219118549231
51225,191.17146618122626
51226,248.66819026876246
51227,242.43807109899697
51228,477.2896872367208
51229,245.14839955064295
51230,243.4253441792951
51231,212.2315306487049
51232,234.448786558999
51233,274.77325073654094
51234,255.8954968324673
51235,274.4390884002897
51236,638.6171341830594
51237,203.52392959990502
51238,190.56238206533286
51239,495.5342078609242
51240,215.6274142709695
51241,202.12471783550504
51242,320.0202506404803
51243,234.35591477047038
51244,232.78280548063915
51245,371.59931780465087
51246,397.0550641274859
51247,201.1686649176648
51248,253.55592095734914
51249,399.5645077344203
51250,222.04338618472315
51251,231.30467247385414
51252,422.9738769038628
51253,217.84245983929964
51254,201.0657187643387
51255,305.6726844226532
51256,211.70520448926172
51257,399.895619590332
51258,180.5042042514555
51259,227.50472227627714
51260,241.67993792050117
51261,258.9629034233087
51262,311.03815498924706
51263,185.29464355995162
51264,175.40342696321477
51265,327.67854678914676
51266,181.8928396845269
51267,210.85049994867737
51268,284.8044229339586
51269,228.83851838668136
51270,630.6313423757256
51271,225.78825812067615
51272,340.3093485320342
51273,196.45871210325825
51274,169.55896607957143
51275,182.78475741255883
51276,218.5815842786494
51277,327.4517867601294
51278,211.20203329574625
51279,350.7005891991458
51280,390.3978890006969
51281,589.385392601557
51282,227.59663249671436
51283,205.79120528717036
51284,156.07735490360082
51285,276.5712121328283
51286,242.1270259364122
51287,231.3412855440368
51288,196.04797987052106
51289,225.73835270923826
51290,211.1196306951595
51291,546.8960552615943
51292,532.6698145169496
51293,231.16494960800162
51294,344.57689003984535
51295,223.2072916388043
51296,239.29089006858064
51297,175.14662355596846
51298,291.1507198948726
51299,208.9092372738925
51300,396.4739417749126
51301,299.45699400309184
51302,190.17013842290473
51303,182.17493560181023
51304,433.7796003046063
51305,441.4700621119853
51306,176.18754783537096
51307,253.41794128176878
51308,258.2223410581403
51309,209.61281167327672
51310,278.26691654962434
51311,393.297317117879
51312,349.575339557837
51313,181.80597079070847
51314,205.87705677706603
51315,344.25442334146027
51316,303.3102553230679
51317,208.25221309391182
51318,223.24006868515445
51319,514.4882504647801
51320,345.82959887123553
51321,170.0662886511918
51322,228.8116093919674
51323,186.32784993776448
51324,292.3003260083945
51325,193.851612907299
51326,220.93099887403432
51327,351.9072663025429
51328,452.17326713678995
51329,223.99598011513146
51330,434.14067636873176
51331,178.82779557584584
51332,507.5715066601723
51333,354.3056112038535
51334,225.051940570452
51335,228.768338714956
51336,379.4015595369371
51337,258.6815982693319
51338,214.39789072819903
51339,339.12399006452273
51340,270.46379865263964
51341,210.27692005570427
51342,195.61665857309495
51343,213.63375890816067
51344,210.1812015258782
51345,314.222950095977
51346,388.8349616291885
51347,216.6739481331263
51348,293.16370380705575
51349,234.87379030854447
51350,583.8540667888841
51351,313.0153236406869
51352,323.9572857406398
51353,191.77249690896213
51354,187.36459129532795
51355,505.3689674925737
51356,234.93815168178486
51357,192.85012887275653
51358,347.46021922858887
51359,193.649783340062
51360,222.51640469960412
51361,380.46107441264843
51362,257.2069018523018
51363,419.1028862271257
51364,362.0110556079184
51365,308.0088080859042
51366,187.60813686794813
51367,253.98072993499633
51368,358.46604533036975
51369,260.71226490339814
51370,251.3251500675095
51371,175.35017886751118
51372,226.50429704107214
51373,222.64566491744137
51374,190.2285208240299
51375,351.91472772062224
51376,201.44504395077598
51377,214.24419289895388
51378,328.91865132402035
51379,402.237893219208
51380,236.88431633612032
51381,190.50483260426668
51382,251.46743071820114
51383,207.64849906369275
51384,241.88310004748436
51385,264.2162802660823
51386,265.89782209139537
51387,203.57079337410931
51388,268.9750501132904
51389,488.95337660012495
51390,669.5462155214306
51391,247.51738710870248
51392,217.09074566713963
51393,211.1683556475879
51394,218.640359211518
51395,242.7977427546663
51396,337.7469488111135
51397,524.2385468238168
51398,249.32515053028533
51399,177.56395295416453
51400,255.29474475071254
51401,340.3609443140314
51402,222.24422995525697
51403,358.92645179931986
51404,230.09751707280145
51405,246.0355092160725
51406,287.1902167733887
51407,205.02324770575225
51408,234.16714320211912
51409,216.19396469843502
51410,439.6298189777346
51411,249.96152857990276
51412,287.9137349673981
51413,218.34692568836152
51414,288.4921040863739
51415,180.62775382352476
51416,197.1167455567614
51417,201.98891903243424
51418,335.471389836301
51419,265.2950712045865
51420,342.34539934292627
51421,289.34010228329356
51422,210.67619025788497
51423,259.9726803897892
51424,517.4422324782714
51425,552.4264325538122
51426,398.42747546562657
51427,142.77886776048575
51428,354.83926667199535
51429,227.5551027486908
51430,352.5404069798311
51431,238.53026468649003
51432,280.61054675302006
51433,189.60334852252706
51434,660.4285320846095
51435,199.31331272236923
51436,515.7325550726588
51437,220.5530168207071
51438,233.86523055286858
51439,331.7627561500138
51440,228.27746337720143
51441,322.47670041550236
51442,217.26844150996925
51443,303.342102089155
51444,242.9911066174011
51445,220.7009667988402
51446,196.19023823366985
51447,354.3822499177486
51448,217.73066381581967
51449,259.40634899998474
51450,209.6355672142135
51451,279.972798816745
51452,333.3509611828313
51453,246.21793445749913
51454,223.32406646438045
51455,218.15721097775685
51456,185.52321701966096
51457,197.7757396826132
51458,172.47993663482643
51459,347.1226341887707
51460,191.7733063052299
51461,310.56703002611823
51462,363.70216205150075
51463,196.13921207481658
51464,166.9361618448609
51465,454.0628457750818
51466,247.06858741741473
51467,845.2792195082965
51468,388.4781564155583
51469,322.5012939273989
51470,238.57671955448828
51471,201.88446788562848
51472,327.424406582979
51473,205.39423608904343
51474,307.97285283860435
51475,439.49206958532466
51476,180.11890209047618
51477,298.76585729178606
51478,439.30947205819547
51479,306.5530865468529
51480,360.37330208255327
51481,196.01200203520196
51482,299.2007415788148
51483,315.3280623237696
51484,223.98935459327433
51485,600.7905226181236
51486,229.691998193239
51487,221.52916577773766
51488,231.07553535620875
51489,336.4550878815984
51490,275.53882886728627
51491,203.4677645676546
51492,320.9860782459265
51493,184.341031415276
51494,238.0475747337336
51495,299.5596717637505
51496,242.60258475742873
51497,258.73171375683467
51498,216.7723358260589
51499,364.28915932067093
51500,178.43408960949648
51501,265.0512592834111
51502,158.75274970465645
51503,453.4371624039333
51504,285.33539679785974
51505,179.51685539648017
51506,316.56671287294057
51507,250.33703725804259
51508,199.99959470378766
51509,179.9722683715745
51510,195.08850624253665
51511,295.4029672833132
51512,216.8928905582924
51513,202.15618788082887
51514,269.60643598182975
51515,187.81315912791862
51516,268.30604740859957
51517,349.2980497943957
51518,375.7596695017231
51519,236.13811583028874
51520,208.5671738047174
51521,282.03399366655873
51522,241.9321141324579
51523,439.3558646650032
51524,281.56688963258176
51525,301.94912703781
51526,307.7264773189438
51527,253.69363684301905
51528,196.56675945979842
51529,224.8970441638435
51530,246.06553054269222
51531,422.8536734085972
51532,243.5531879370703
51533,256.01361343082135
51534,310.8380779270981
51535,747.4313563818986
51536,467.31299582727127
51537,355.2492080407062
51538,230.04698352703153
51539,305.06967831329627
51540,306.23849142945113
51541,256.2052243859212
51542,242.5444649482631
51543,235.4279193255584
51544,239.16558039294299
51545,172.56135342305916
51546,334.7460693439934
51547,209.28778716557446
51548,261.9825678740343
51549,186.99438305684964
51550,323.99362076981413
51551,169.5459499646646
51552,419.97045387717674
51553,210.01827643766995
51554,226.8445890194993
51555,226.3340422900074
51556,330.21018147922933
51557,235.881289227766
51558,256.94988878951585
51559,298.88157971364546
51560,380.21062787074
51561,357.785490521301
51562,186.6918050110017
51563,179.75935692890272
51564,241.59720189463678
51565,235.5923889892417
51566,346.8492147351186
51567,407.4715824826591
51568,576.5269782280119
51569,212.92683727848063
51570,227.05583116189084
51571,170.271941196266
51572,177.3247122846888
51573,250.16620121283268
51574,304.3276226827871
51575,435.6216583094358
51576,420.16641710903843
51577,227.28863983601136
51578,872.0972930444583
51579,311.2736481104675
51580,171.29489722025872
51581,338.9694066500435
51582,420.5556215897244
51583,362.8467842497382
51584,261.385152831181
51585,277.9310918716589
51586,183.5731990137902
51587,233.8138071277486
51588,263.5240342431562
51589,298.6999775795358
51590,394.98866662057816
51591,237.51641695102774
51592,168.895988151976
51593,319.4380057515564
51594,247.2566154871272
51595,245.74211033902358
51596,258.00772853813856
51597,237.53499988216234
51598,252.8602426294179
51599,1466.75172330915
51600,378.90758800036775
51601,397.1164903941415
51602,388.95427199212406
51603,231.28284814912928
51604,228.6975903867414
51605,354.5180857021297
51606,221.90890193770508
51607,239.564735316707
51608,387.80006156552133
51609,259.3015997180799
51610,250.37591190690927
51611,238.92759367025548
51612,589.5110874448117
51613,272.33353460457084
51614,277.56224829655446
51615,269.49811490009995
51616,186.88980134892586
51617,312.94342835254895
51618,194.11868696934496
51619,196.19812147274197
51620,865.8752702928072
51621,192.0063243312865
51622,316.2848871493688
51623,381.56336527701393
51624,232.28636651098878
51625,196.62672785944525
51626,196.4540251811693
51627,205.82940096472103
51628,368.765077105352
51629,217.26659050137218
51630,402.14816033939735
51631,203.32229495883593
51632,414.1507613017134
51633,341.0646027105817
51634,223.0049270643833
51635,265.12769152380463
51636,168.05498603223032
51637,212.28243353004123
51638,257.0129930726456
51639,227.20669700353062
51640,280.3643158649431
51641,200.75482731982868
51642,241.56411626893924
51643,542.9183025505282
51644,322.56083708639034
51645,206.83654234097125
51646,189.2566233161216
51647,180.2387391186633
51648,183.02677252743197
51649,242.88409304198265
51650,336.1956716791259
51651,350.4600078763768
51652,261.36755871756264
51653,167.9761151989263
51654,235.44732796484143
51655,322.80190217538734
51656,261.40791856003005
51657,193.87824948785385
51658,246.72605969104723
51659,233.13768357589768
51660,240.28140139252238
51661,190.2617012206245
51662,513.217558386283
51663,301.39231947380455
51664,455.078798570651
51665,395.6911499709738
51666,216.3942987633358
51667,260.0345849367842
51668,164.85768387450204
51669,286.82791376361655
51670,474.1280415124763
51671,206.21274817002083
51672,226.84738542974299
51673,277.54437501539604
51674,171.57805348402027
51675,225.16349760100616
51676,1515.7070538619325
51677,173.34151656404322
51678,167.9323328525452
51679,286.4856425102708
51680,237.10554352940113
51681,204.45851412431125
51682,218.8999052032387
51683,195.51017969229883
51684,177.86186823056508
51685,185.8150759765599
51686,178.54600241062505
51687,298.5076862244105
51688,183.58384085061255
51689,185.05439925294206
51690,317.55157660891047
51691,210.67256501264572
51692,301.46733220469815
51693,409.54028084818
51694,237.41844779200045
51695,466.4799573993136
51696,297.5449750124209
51697,406.23109285625475
51698,273.40069781750117
51699,213.27047605205195
51700,445.62596146881526
51701,240.653645463551
51702,264.3023449560947
51703,266.64883345840167
51704,244.54540932151178
51705,234.90162681805202
51706,582.6272340539823
51707,230.10446008248914
51708,341.3650874138351
