id,realSum
36196,335.04932024596815
36197,851.398521964156
36198,909.4606523038032
36199,151.38858671458453
36200,304.54118117504345
36201,514.3470749002655
36202,8455.577101705298
36203,358.28752029905246
36204,606.0034076883607
36205,177.65045713200072
36206,216.52876825526118
36207,435.6130089287002
36208,230.7166024817132
36209,185.6589611740925
36210,147.64501012831806
36211,336.076658748001
36212,218.82806380993443
36213,157.34667534578398
36214,115.28666300295433
36215,153.78960344640396
36216,299.1968713962617
36217,258.794222321343
36218,371.62472624439187
36219,137.70635340173237
36220,336.8905695026039
36221,296.3340303464701
36222,201.03418293444975
36223,426.99404756497415
36224,339.5963997020899
36225,640.8902000928132
36226,341.171867095508
36227,696.6301962093547
36228,1058.2005339303128
36229,219.61521345307025
36230,218.9511441541618
36231,238.3115342097543
36232,177.33314723295297
36233,192.9187365624581
36234,141.6183636468568
36235,489.9606330959733
36236,147.70994798315425
36237,229.62472081341917
36238,164.95632480970175
36239,185.65329101478318
36240,322.1539751407356
36241,194.98993652543476
36242,143.64702621446736
36243,243.35683019823222
36244,221.57099508861972
36245,223.91602610141234
36246,360.528833409708
36247,214.49205630844455
36248,346.25760897518074
36249,454.9267911247978
36250,272.2079713342564
36251,292.79587684606327
36252,344.9964731810212
36253,513.1395674076998
36254,333.0170128253456
36255,288.44098597028255
36256,159.58526582717627
36257,324.1273415169294
36258,187.53443985558815
36259,330.3195424873966
36260,377.9925696768261
36261,177.32978750730797
36262,121.6041876766999
36263,121.78288607921193
36264,117.30391112038618
36265,661.5610139159384
36266,228.8282469274232
36267,268.36963737745134
36268,243.98357891103635
36269,187.92932000714924
36270,397.75896507067614
36271,220.04997025833484
36272,250.32973389673145
36273,470.0635992291769
36274,148.67180374174475
36275,231.35860506924107
36276,295.68880539786676
36277,240.40001858031448
36278,156.20838755352432
36279,252.4635531690483
36280,156.93926911000847
36281,152.80666222504294
36282,126.57442927771781
36283,134.94347199752835
36284,199.22572858406826
36285,176.627956045626
36286,179.45379566763123
36287,314.8773459660364
36288,225.70815411923584
36289,74.55030788179252
36290,493.3872461623055
36291,268.41678654701104
36292,305.40055608449734
36293,462.877571131286
36294,136.18443918053214
36295,246.99369270945186
36296,679.454215208015
36297,183.01450203474877
36298,199.72368985812994
36299,140.00252921169096
36300,155.46610152311902
36301,510.9862347617599
36302,152.96199729900076
36303,261.36664167559525
36304,231.39913662619384
36305,140.3686732952138
36306,131.37628220160715
36307,248.36049263075913
36308,345.00261812571
36309,258.7822617616987
36310,229.366890620137
36311,373.7366292855523
36312,206.76949309288557
36313,366.17803708133806
36314,215.62680869177805
36315,164.38381653162165
36316,469.3443923977957
36317,160.92346436108951
36318,121.81399504098839
36319,222.47963881297787
36320,704.2092629741669
36321,322.2936381884282
36322,242.95844718478423
36323,238.91398314396685
36324,246.31098112699635
36325,243.89675965289615
36326,287.5467778779911
36327,303.3809196058619
36328,345.6068628391506
36329,161.1721824505247
36330,146.026318779921
36331,123.63820658651335
36332,337.18738343921865
36333,273.21830356955536
36334,306.3800668274249
36335,250.78283739502075
36336,260.803055573503
36337,237.03113862331116
36338,218.04580288344056
36339,159.97589573116286
36340,206.218516464196
36341,169.14368233069388
36342,198.0979320864487
36343,146.24024961676156
36344,198.53325880534703
36345,152.56469530945014
36346,190.3254908537616
36347,187.58491148787328
36348,282.26213756148036
36349,91.31138714927769
36350,211.22937416328506
36351,146.12803153300734
36352,180.60751197737525
36353,303.1108581713699
36354,232.4670992975686
36355,192.2055056359767
36356,227.14685273706536
36357,236.16889309166828
36358,474.0124435228473
36359,257.2706764933807
36360,250.37052303842603
36361,518.8293918383405
36362,219.92364314952792
36363,182.09314544688996
36364,360.9942840094516
36365,302.3536849317507
36366,258.3473524696093
36367,176.7390570230639
36368,277.2385283645455
36369,451.8966386040704
36370,380.04695480219584
36371,262.2899990605713
36372,245.13464046557385
36373,177.4786934633357
36374,321.40857570219913
36375,155.99825008230863
36376,243.2640007773717
36377,225.01888764890396
36378,150.19779740786012
36379,185.0333125366365
36380,164.96848439599592
36381,233.2565767754092
36382,281.2994955489045
36383,147.24600005129844
36384,344.18020936442036
36385,151.36890248295802
36386,261.50259874061516
36387,110.61724752831051
36388,160.53854179843304
36389,217.07606757624143
36390,163.50447194350517
36391,551.3119818206883
36392,231.0384950388026
36393,138.54258555330193
36394,325.5945460495476
36395,489.73552088630345
36396,396.2399876908477
36397,169.8285429772872
36398,127.38163425298455
36399,331.15795612714226
36400,278.425280688369
36401,152.99182106026757
36402,153.36840489855416
36403,238.13204226007596
36404,185.7841743463656
36405,204.25613678647807
36406,119.18353289920759
36407,179.24986286662852
36408,191.47046098799356
36409,296.5050570407289
36410,246.49985627572318
36411,224.81688309853627
36412,208.8439296950355
36413,242.7317571486202
36414,224.8576901453992
36415,391.3172295716878
36416,171.76042271225208
36417,421.96790340698
36418,159.99747758414665
36419,275.7637455189959
36420,113.65532761030121
36421,421.636211181627
36422,254.19063405139016
36423,212.25543406861533
36424,201.245784912241
36425,179.62419086189573
36426,134.57775404647805
36427,206.44779137303448
36428,254.96023860936756
36429,1464.8311451604245
36430,320.87034692771294
36431,696.7631674110913
36432,377.75164185932806
36433,135.84236520435942
36434,232.70762972784235
36435,293.64787361798784
36436,452.6976531145014
36437,223.60121959972844
36438,265.3107166540498
36439,192.7223912178171
36440,509.18817660182526
36441,256.1206347411205
36442,373.6908907156366
36443,180.44492814836892
36444,203.61123655680547
36445,218.09270155601072
36446,242.15705235612512
36447,230.89285742845914
36448,198.42649128053492
36449,646.3304102879547
36450,275.3824031563208
36451,151.5991654399183
36452,654.059148113497
36453,277.45055363958176
36454,2374.963099552512
36455,125.82607452080492
36456,136.85135529162002
36457,146.21844795333735
36458,428.12885593784773
36459,278.6177616696495
36460,147.9639094814866
36461,287.15668040806406
36462,442.19055733486874
36463,146.61816837574239
36464,301.80617187569123
36465,239.47254953268242
36466,126.51112263207264
36467,271.1284689329431
36468,197.5486965924123
36469,151.35447667282418
36470,391.43155829320585
36471,551.755786357278
36472,155.34171313483967
36473,130.45422923491986
36474,419.62872206567147
36475,306.0042334036716
36476,193.3877632850665
36477,497.753780081367
36478,195.87789464630382
36479,187.03137534531166
36480,212.16177415453626
36481,403.4994485729703
36482,299.8943218396847
36483,207.4552992104881
36484,334.83651219916766
36485,145.06462915028357
36486,352.394958172963
36487,327.9357521263099
36488,174.08547690089168
36489,347.9787519873247
36490,134.54348944991318
36491,160.72441438111593
36492,520.0261002920618
36493,384.1311965539737
36494,214.98482532080737
36495,239.51132998342143
36496,340.09550916493686
36497,203.86347946818537
36498,277.0946317794134
36499,719.9001409602362
36500,162.26251135617645
36501,155.30128059901062
36502,183.16174779525412
36503,239.35067442808867
36504,391.51653013411163
36505,199.57473309244486
36506,186.8605755017559
36507,727.2170778208837
36508,454.520297301667
36509,179.0274920884314
36510,227.42408599128453
36511,348.9102412243745
36512,360.6720139742731
36513,431.9816353019206
36514,244.66373916551956
36515,284.34773349976507
36516,217.69890661665107
36517,179.72299738102944
36518,217.17905015405202
36519,208.7209898226435
36520,198.6236416306802
36521,229.70797723666607
36522,130.40183068032013
36523,249.36014103698562
36524,652.6708514336688
36525,196.50154351330062
36526,187.8908547000458
36527,202.62505054069499
36528,380.35747518878645
36529,197.25770033421756
36530,274.9839188502092
36531,131.72314253389294
36532,160.54812457058551
36533,254.1670950852581
36534,275.6607237164972
36535,165.02215597113246
36536,266.89504104739865
36537,534.9035182493409
36538,196.29703439456358
36539,354.7806835940173
36540,251.1515932418646
36541,138.41747225802928
36542,259.7445378921658
36543,218.6567021907767
36544,138.38407264430958
36545,130.5530225377907
36546,670.8469579709155
36547,108.88851031033059
36548,122.89989694574662
36549,191.09955906455693
36550,341.7598059734346
36551,254.8048697964689
36552,160.04042157040806
36553,184.6824415972102
36554,329.353473765368
36555,157.282857932655
36556,124.7445306151952
36557,254.00442707665462
36558,177.85061953498095
36559,269.2153756025353
36560,170.88735004325122
36561,488.8785434835334
36562,291.68666995288925
36563,172.86521006242108
36564,146.36105913537534
36565,185.84089178049862
36566,290.1913320050431
36567,235.42684855330296
36568,98.34974156397114
36569,708.7611802788504
36570,152.30186663558447
36571,203.44609883109965
36572,199.5330485851842
36573,243.21840865255126
36574,180.02894689170105
36575,815.7525181425639
36576,361.35195981903706
36577,256.1118693794441
36578,149.0011642279943
36579,240.14922137972684
36580,142.4765751255768
36581,229.09942048482029
36582,305.346426063063
36583,189.83524098025885
36584,238.66925894855405
36585,425.72821646203255
36586,159.1380513190282
36587,621.9389949345046
36588,229.20078072892414
36589,173.34387313894592
36590,206.95752816688838
36591,202.71916471977494
36592,235.44693403610717
36593,398.3387980888186
36594,370.35749855655183
36595,218.0841359424097
36596,137.94354937041754
36597,194.231972213863
36598,244.62194876734557
36599,193.70176045002907
36600,277.89762258378244
36601,251.01692859560657
36602,225.30555038569616
36603,152.05258882566505
36604,730.1333465076715
36605,1540.94007340601
36606,138.2688304392652
36607,677.280881690044
36608,172.04299359367437
36609,164.89025665565052
36610,217.96831231871332
36611,204.35612402032575
36612,439.37532418302015
36613,224.93922301296183
36614,240.11805701831366
36615,201.742838290931
36616,207.8535850111146
36617,325.3042069564301
36618,229.72809186595867
36619,401.03718679057863
36620,205.0983545832255
36621,174.9982931405321
36622,143.11041892466838
36623,102.130908485468
36624,159.40414045429196
36625,624.141787253885
36626,304.61490888137666
36627,152.47331767308782
36628,317.40615131942445
36629,352.0566724386848
36630,123.380850395952
36631,272.0189128700605
36632,203.1593582093153
36633,239.34429611538056
36634,118.59920061702742
36635,219.17474931519686
36636,333.4372979250045
36637,255.16200517280797
36638,242.89497398878626
36639,325.74075916405735
36640,173.8840875546695
36641,437.17274712167676
36642,207.0640200687057
36643,105.90793248410296
36644,127.0150003641618
36645,205.20628809943685
36646,235.12953431035334
36647,252.23051613563834
36648,893.5044044991441
36649,155.2080214181298
36650,1241.0695367144754
36651,290.82075431407327
36652,168.57008820127123
36653,346.4620128565291
36654,311.8404165658697
36655,178.82606932584713
36656,284.3358711624442
36657,263.152505098507
36658,291.576654034484
36659,153.45345215013626
36660,231.52571795614176
36661,238.88570389784326
36662,160.6637223794008
36663,115.57896369436523
36664,182.73484317392524
36665,163.22756720033254
36666,95.4705152304361
36667,293.55661314466306
36668,475.96201003723553
36669,129.8898252947281
36670,162.86595105536105
36671,302.30584806525235
36672,619.8742771981591
36673,252.88652401784807
36674,213.7510911561933
36675,178.9965796905402
36676,485.7213423134139
36677,419.5210813464165
36678,223.1294843078578
36679,162.56144170402786
36680,285.76002936808607
36681,349.7211704005543
36682,298.48987136269716
36683,313.46149321463906
36684,159.8336950853026
36685,440.3642158686913
36686,178.5742180974553
36687,290.0367373833337
36688,167.39406114555194
36689,218.67088950956767
36690,172.13843773897506
36691,2356.047893092957
36692,257.9135031638716
36693,403.1217319754219
36694,169.13219912484956
36695,112.06285034059881
36696,144.2771005062292
36697,211.6971209552887
36698,228.12707199254268
36699,169.5154147906487
36700,198.39863286839713
36701,478.7198166721004
36702,154.8557208505162
36703,220.00303041376637
36704,153.79330258068924
36705,159.38835273698564
36706,127.92465341632644
36707,276.15080737035123
36708,265.8786681966886
36709,504.48311563337063
36710,151.81168982500293
36711,272.5359591386144
36712,160.0244252079409
36713,142.70280670207632
36714,138.68496796867228
36715,111.97114685049795
36716,130.40183068032013
36717,156.00391232634288
36718,159.33070394497506
36719,209.9288688556084
36720,281.27605794802594
36721,278.0392875718867
36722,1030.7956139692305
36723,257.8014485263204
36724,561.2707633169973
36725,211.35569979129798
36726,141.75765955054257
36727,198.3664236529315
36728,192.8983277027995
36729,626.9681538951575
36730,175.83062324273993
36731,264.4854590181524
36732,197.60002324635272
36733,142.1846920458652
36734,122.83296490354026
36735,179.46950101295607
36736,89.39856991304043
36737,350.34969162076436
36738,160.3790167351931
36739,98.40663623558966
36740,289.49343215233654
36741,124.64442188237743
36742,147.96491437435412
36743,147.42205229554372
36744,291.51689475679075
36745,169.71196649952472
36746,188.10636301077503
36747,117.66021335153849
36748,262.2742394942154
36749,452.1066381469354
36750,120.16851160649384
36751,227.71946163860702
36752,394.01456709335565
36753,485.54062421663
36754,229.77191474278493
36755,609.5085778468947
36756,177.53516248211633
36757,352.8410973432194
36758,176.08062748128293
36759,168.99714860153244
36760,232.56037226523455
36761,242.00844722945072
36762,212.5823948349945
36763,113.07250111788682
36764,292.8926428734934
36765,166.0207157465577
36766,285.5158939250575
36767,357.78668947204426
36768,278.2846618124043
36769,165.5092233523463
36770,122.27966772101108
36771,148.02273248003718
36772,124.2895432590224
36773,263.3452913455419
36774,212.9100777486421
36775,202.2819258532494
36776,168.14337936339183
36777,87.64949827399157
36778,85.06860884010854
36779,220.77861365776792
36780,189.54829619116896
36781,291.48787646643314
36782,170.98865523145105
36783,221.068331406357
36784,348.0807556702087
36785,406.52313677601666
36786,129.7565173141549
36787,325.3850333514632
36788,260.66197449763933
36789,443.07569501639995
36790,377.2806978745061
36791,488.68869963181123
36792,169.3472134494014
36793,147.63671411279873
36794,322.4089420485176
36795,227.0943078652011
36796,318.3403952780696
36797,446.67461521676495
36798,557.7921781973845
36799,358.2117991300645
36800,238.1401483131531
36801,527.3323454267091
36802,336.8727082898285
36803,285.03637833414416
36804,215.9903941129204
36805,167.09369751192804
36806,697.0486532257206
36807,183.2598254943013
36808,251.04322436722728
36809,197.93994809814214
36810,329.45002444511465
36811,235.72135658396155
36812,251.1448930095886
36813,157.72814802178948
36814,463.81765898724984
36815,152.00692527350782
36816,175.19431898920723
36817,245.29755084316412
36818,212.44431956094837
36819,160.05331709779145
36820,202.4393892543772
36821,294.22400570788807
36822,719.8346240399604
36823,335.44476193887664
36824,311.7932630199499
36825,226.93631845578741
36826,252.35685556461885
36827,172.62745394994795
36828,311.5878713946256
36829,261.3443345745679
36830,573.1944259833047
36831,398.07765872993485
36832,271.10606169891656
36833,208.24909489012796
36834,320.2008635014531
36835,426.87018865677396
36836,244.26607371455202
36837,232.14589344003622
36838,206.27364840154485
36839,145.89232467941443
36840,322.6297657621234
36841,225.1941012379676
36842,165.45487362360598
36843,191.95022267894646
36844,292.1748456552344
36845,147.07305988986417
36846,529.370102546038
36847,242.81397541099025
36848,251.19313614032504
36849,266.1055899424765
36850,221.07213202788301
36851,144.7336716007018
36852,442.175703604163
36853,209.14293387071893
36854,159.2241358047133
36855,224.26976103616968
36856,118.66989949176057
36857,272.73150167006065
36858,314.2168055914361
36859,244.76911159447988
36860,351.66692560109084
36861,344.21339239876426
36862,229.89017099351634
36863,154.56751790903195
36864,252.79893199401042
36865,223.08200991174982
36866,134.74403640691244
36867,158.4973419921905
36868,201.5847820670135
36869,208.69565754914115
36870,230.73794152391088
36871,148.88005025312813
36872,156.48318882496352
36873,337.380603323577
36874,318.8903721521128
36875,294.832307347818
36876,237.13210655112246
36877,410.5789608373364
36878,227.15054041308835
36879,105.16685449536122
36880,157.16549434200672
36881,99.14921308650395
36882,338.532104332221
36883,501.7056095639031
36884,129.063239353614
36885,152.52021046603997
36886,308.2525851828576
36887,181.16665570279338
36888,505.6373558828328
36889,184.93468662785912
36890,274.28566124233674
36891,175.37519689866392
36892,1018.7308088965414
36893,475.8972252910855
36894,256.53278793757585
36895,374.754565836249
36896,151.63309594706033
36897,368.32262521710084
36898,141.86128660915563
36899,162.4305552508958
36900,285.8696378237953
36901,122.62741924148952
36902,139.71489098691222
36903,242.59816623475223
36904,112.4994299538531
36905,247.0813976457344
36906,144.44402842598066
36907,484.78482871605456
36908,197.6431334188035
36909,283.2231080138843
36910,238.74368101538593
36911,332.13820068320103
36912,190.20944746663847
36913,187.28640383316173
36914,145.4529420325016
36915,132.20718679702225
36916,190.25086881132177
36917,222.9251864524021
36918,251.21814680166153
36919,226.12422893235018
36920,130.19051488238173
36921,498.52828467372353
36922,159.70708065653122
36923,139.80586558110832
36924,158.40471737102365
36925,236.87189937159914
36926,118.96468508369671
36927,218.35034020418445
36928,194.47228130597804
36929,171.20637043323757
36930,241.57405299200883
36931,774.8080915481546
36932,123.32781652535417
36933,137.65997927524577
36934,162.47214779477187
36935,306.86882297690465
36936,208.14599534895348
36937,383.7223602499415
36938,261.28149276867975
36939,292.53688593922044
36940,167.31480642133795
36941,155.580510703926
36942,172.6346766086409
36943,999.0762163301031
36944,185.22147357632764
36945,138.56533986654767
36946,180.83288980658605
36947,167.55584999658018
36948,249.24293544532125
36949,204.7335309941088
36950,188.6444634420039
36951,116.33027486811564
36952,119.10503020870574
36953,231.54899105193215
36954,119.01807443574299
36955,140.7231311328157
36956,155.40381936518372
36957,233.96963314262214
36958,197.2975969459308
36959,157.70842321695068
36960,135.8403017013163
36961,94.27647611972418
36962,174.65449205331484
36963,146.46989049503998
36964,197.57076927078242
36965,139.84878134791492
36966,278.6893870499755
36967,175.8114338833242
36968,140.33854391743586
36969,352.65756461464895
36970,425.6702458022137
36971,308.3092984608949
36972,444.7262058663887
36973,210.6103739339763
36974,288.2115762865376
36975,1834.069535333797
36976,414.37880267326113
36977,117.44226334223242
36978,333.80582037697206
36979,247.51836303272316
36980,185.11232427145484
36981,225.0083584782659
36982,195.85624402556903
36983,186.48222735617367
36984,158.91639544346526
36985,377.0880150513002
36986,136.99467958390008
36987,403.6497730500279
36988,225.45546770641332
36989,161.17783986162397
36990,112.4957613164389
36991,227.53826281301755
36992,336.58970062750336
36993,168.682361282679
36994,171.4847863337996
36995,154.97958438899934
36996,253.17892683852637
36997,1146.0487430728995
36998,229.29274699882288
36999,209.003381727252
37000,228.66346644893483
37001,916.7612650361135
37002,208.5188899544591
37003,578.7992274337022
37004,627.331759810224
37005,117.5562933423768
37006,269.8031898025465
37007,869.0837393546112
37008,260.621422106907
37009,697.4807750151767
37010,259.16919464324883
37011,213.18011823646276
37012,126.66824561029503
37013,165.4857134844707
37014,234.4766027158735
37015,345.2224022183503
37016,552.1177807341857
37017,215.21835905018827
37018,409.0214441382949
37019,147.9590362776906
37020,182.8207706998067
37021,168.32124149082173
37022,197.34866666315042
37023,538.3441969405668
37024,188.3040859677014
37025,178.4479217496773
37026,319.16366995142323
37027,253.86811009654755
37028,283.3044089742734
37029,234.08594503155678
37030,147.1964850065619
37031,161.39777042759758
37032,482.9257854250428
37033,540.8841329305578
37034,283.256378374445
37035,181.12464625028005
37036,151.54344887775943
37037,361.11612462813173
37038,205.3869295012412
37039,304.4927385385049
37040,87.35763319258092
37041,180.35577745643212
37042,267.27891585181106
37043,263.7279759319308
37044,137.41181053179736
37045,231.2253268615475
37046,214.06679344146602
37047,306.35704333936826
37048,536.0949514653513
37049,121.45880395221306
37050,141.52334648060253
37051,382.2651159338597
37052,116.34820439848157
37053,458.70358755242324
37054,492.5351953879084
37055,174.28931268221692
37056,160.2762409470058
37057,124.19696245440642
37058,177.88990278627614
37059,166.60720846099758
37060,164.83155712638066
37061,385.4810605001828
37062,174.2761861061653
37063,200.5394769568801
37064,239.62856253012166
37065,155.6637515159213
37066,190.50498730593526
37067,630.0434981429983
37068,211.10983521978366
37069,195.6527634195817
37070,645.469734312449
37071,336.5846754491932
37072,118.80260758616753
37073,371.0731010505877
37074,173.80337705022
37075,258.10706001643587
37076,330.4722491125233
37077,151.13514677541426
37078,123.57346277915553
37079,219.12625113274436
37080,181.46157838011027
37081,148.09761792818256
37082,183.34998050395578
37083,211.00661810777987
37084,581.449989130637
37085,173.62343346940276
37086,462.5332354417276
37087,212.65224634208442
37088,332.1736260645765
37089,432.91467055231277
37090,217.6030945418779
37091,176.0329210607176
37092,151.24268650000081
37093,289.2569345825202
37094,228.5787360868634
37095,437.6552562808984
37096,193.6986866518837
37097,166.33349165198277
37098,209.45504590379213
37099,450.9085160652409
37100,121.50449440168425
37101,319.57282172915313
37102,306.75683770456953
37103,379.8852252043197
37104,92.31996313783604
37105,202.74073910621055
37106,182.9120663434196
37107,252.44742302699456
37108,275.3716831698642
37109,207.5981315306288
37110,190.52612050932566
37111,132.7339136707663
37112,243.80943226668717
37113,436.63429969594745
37114,283.1459516914364
37115,278.2618736355241
37116,144.99784339769985
37117,278.5535380228777
37118,171.23733216391298
37119,221.7227571160843
37120,396.04857359408464
37121,182.75665456603699
37122,184.46792188819808
37123,245.60963070287244
37124,117.71113920159758
37125,192.0107574295781
37126,188.87467209141158
37127,371.0577865802893
37128,232.12461795066545
37129,178.83775463307
37130,347.74136521346463
37131,327.461039096303
37132,798.1276055359886
37133,254.91480632010396
37134,129.7565173141549
37135,291.21386909124385
37136,192.08900695487023
37137,149.60580087119234
37138,367.3835884396541
37139,234.13628524043077
37140,77.96929311863536
37141,158.48564410077182
37142,243.0553801644214
37143,176.91991722851085
37144,437.47427343278605
37145,179.33312028732234
37146,278.3323872830303
37147,160.11881331297985
37148,269.0428994107703
37149,172.68913082888406
37150,231.06405389249863
37151,617.0186185845829
37152,301.023976226
37153,230.06178007137342
37154,204.0421905718629
37155,251.92248894207324
37156,763.1725202990283
37157,194.63045633324572
37158,390.00784843633267
37159,257.7459587305466
37160,264.1293257627863
37161,239.74207055222055
37162,1169.1123817920165
37163,167.47138823831932
37164,216.2522783307471
37165,725.5632898303672
37166,192.43393387501243
37167,351.8015655337176
37168,116.57398434579788
37169,212.13357989683888
37170,153.27936645057633
37171,265.4708638025042
37172,158.72741661695207
37173,254.6808609930793
37174,389.62232238908166
37175,192.30864585535943
37176,165.1613702134568
37177,223.5040579840234
37178,175.87202882601645
37179,246.60769458413245
37180,208.62266214345792
37181,262.56899533953197
37182,343.6697812928162
37183,1331.5807620933783
37184,220.66472102941387
37185,242.90527950312136
37186,318.2912788648299
37187,296.09963181776834
37188,374.32295459963086
37189,552.0521819939909
37190,254.2593138766925
37191,621.4014513296063
37192,196.76034961488554
37193,370.1853155753279
37194,161.64336228023927
37195,271.0029136615241
37196,142.11468593010318
37197,343.7251857540412
37198,746.1462119945542
37199,266.3770279865661
37200,108.72722173459113
37201,120.7200865946507
37202,116.25328955710422
37203,288.3397568518479
37204,258.4674326526317
37205,355.87314326373115
37206,196.7891116466435
37207,415.80528830981706
37208,307.2791972634892
37209,204.6349728799955
37210,258.13159682923805
37211,624.3132781599552
37212,699.6040759370596
37213,439.2500898657826
37214,504.449814851652
37215,164.40422501604064
37216,238.72386947134868
37217,213.57745677828464
37218,264.2577019687348
37219,191.0270038150518
37220,130.96355760446264
37221,405.24532673789156
37222,149.1869694945849
37223,190.02897125534102
37224,413.61419918622494
37225,157.7116347466832
37226,984.4093502090453
37227,840.5717416133638
37228,216.50532415478327
37229,245.1888337728405
37230,203.17532563449907
37231,635.296348707294
37232,216.9835422969252
37233,320.53911562934707
37234,129.5930297705202
37235,305.13010003967076
37236,165.83264179169225
37237,221.41389788886832
37238,225.51762760767113
37239,359.67794297473614
37240,233.7366843999235
37241,269.08640776097036
37242,146.0908077713084
37243,209.55142937614383
37244,243.32621395312387
37245,150.19620371432268
37246,199.75268697161528
37247,285.7594234133652
37248,232.66513052021097
37249,458.80806628179323
37250,281.37986434969196
37251,130.47785528449225
37252,156.82255658066254
37253,1409.0098485243866
37254,283.6266567986481
37255,103.20964696874434
37256,151.13188452908298
37257,343.90179416769143
37258,256.5654208085109
37259,392.67262968636464
37260,337.8332732628484
37261,488.52744884744277
37262,137.9198634924953
37263,460.22790588140543
37264,245.83327176288276
37265,237.30351013266724
37266,335.32953451392495
37267,202.38948964426487
37268,170.18955102460959
37269,225.8180236333776
37270,244.38097931664277
37271,264.30821333678193
37272,574.2269179134721
37273,229.68950287243274
37274,138.7877806108002
37275,825.8593705141726
37276,272.03024362646926
37277,436.81054396512667
37278,220.288674894597
37279,174.04014517724215
37280,79.17095734828933
37281,649.9265237044858
37282,585.2933314118758
37283,973.355317590487
37284,162.63054029008515
37285,385.6038732966234
37286,228.79659249695717
37287,259.830843124847
37288,254.25837422941314
37289,1575.077400652709
37290,199.91310149997437
37291,170.19613893187585
37292,181.6046206081932
37293,156.69376402485184
37294,180.43160685379527
37295,353.33900623888724
37296,172.64534251020154
37297,366.24813405672126
37298,159.4515214127741
37299,284.1730513780096
37300,185.74574110556378
37301,176.72093590479074
37302,270.0141474532979
37303,143.96555605568346
37304,514.6266640580599
37305,298.6990482162397
37306,355.26697477300553
37307,277.98360087860505
37308,227.86476455591816
37309,329.96407592329984
37310,158.90727793692795
37311,123.20461419025956
37312,290.6365172373643
37313,290.51376507709534
37314,455.5080444644234
37315,220.51886238685375
37316,243.7701393621578
37317,243.42401465440747
37318,234.5678002161504
37319,122.5729000675128
37320,532.902482619333
37321,251.07354301451775
37322,153.05450450201891
37323,194.8076652596091
37324,156.97273244392417
37325,214.4159117179859
37326,216.1575334477828
37327,203.87016140675982
37328,249.94401522313632
37329,198.828357558364
37330,215.02890743917618
37331,806.1369828805592
37332,110.89091255679035
37333,230.52545066364635
37334,696.3902747143452
37335,219.01392100239784
37336,134.2172578396407
37337,290.8246198208808
37338,201.6673640236341
37339,384.8247229326194
37340,374.1286017237702
37341,224.2064983813848
37342,220.19505471111663
37343,339.95375103196244
37344,286.5719141098315
37345,183.8814408067059
37346,247.62418797587648
37347,142.4287273970876
37348,233.75144336435102
37349,111.01467213789081
37350,236.36367117624476
37351,138.15528948651794
37352,183.58949957897636
37353,397.06386569941117
37354,143.18447850512595
37355,639.8825679530343
37356,172.00767588005976
37357,138.96216185930305
37358,229.40271033004137
37359,111.4756930054023
37360,224.79312145688823
37361,263.3983434455499
37362,291.0189445751535
37363,127.0957958851348
37364,398.5591781181616
37365,132.46814933624944
37366,125.6841424421622
37367,277.9747303408718
37368,216.09474248558445
37369,713.9399968540799
37370,1011.0230903957759
37371,110.67220381960004
37372,199.14290728475586
37373,304.0064978745802
37374,237.9187525820813
37375,236.4941457798314
37376,193.02646073709502
37377,394.2134853438448
37378,284.48287275143514
37379,197.9316842941772
37380,123.64253049845338
37381,140.77408756442497
37382,233.14122560601174
37383,245.14546891407863
37384,388.6661395321464
37385,133.55748602671542
37386,235.72268594367344
37387,457.71630476413634
37388,228.25287770510707
37389,242.97579917336435
37390,229.98593378255057
37391,116.88253731226584
37392,1012.6801840780747
37393,226.7389152929799
37394,514.8375891473218
37395,151.4824463848635
37396,353.7407740717849
37397,214.49901325968852
37398,148.59510217070735
37399,205.3397993516724
37400,180.6201068462625
37401,141.99079934720353
37402,228.65468060866326
37403,400.2459023119446
37404,212.80660098798677
37405,344.9851074897152
37406,542.7833101119598
37407,390.7516323917097
37408,157.6612983441374
37409,264.58038272960954
37410,160.44040041869906
37411,523.1764982030674
37412,254.5325952859418
37413,233.28310359744407
37414,256.51350810928136
37415,371.85036138706465
37416,343.29455748842884
37417,269.23089429067903
37418,426.9182810000706
37419,116.40161922798231
37420,91.3103771589919
37421,252.05192172230355
37422,137.10003804992985
37423,123.98282656792955
37424,302.05154189185544
37425,373.9702828507352
37426,201.66922010974918
37427,262.7197343589031
37428,363.7329473830068
37429,185.12998497836764
37430,117.11743737897132
37431,161.92557132640763
37432,1187.6137904865714
37433,175.30193600796395
37434,150.04629311690917
37435,228.6957719407145
37436,333.4563361003528
37437,143.06848282639444
37438,219.4682778000206
37439,232.92696149129742
37440,213.05901055709276
37441,124.93212942705932
37442,573.7167347137027
37443,217.00663744765313
37444,175.42909632203265
37445,452.44710941664874
37446,1170.7599764118881
37447,149.56693070936655
37448,191.66211461240184
37449,245.65028936987585
37450,143.08480542456874
37451,166.8859909428527
37452,284.56836464765786
37453,239.65281520457663
37454,269.33193364502637
37455,237.53557886506056
37456,99.54928744910691
37457,272.16955693369835
37458,114.52162469513348
37459,218.40637550359926
37460,178.470178336402
37461,148.35014963351193
37462,210.6409355735286
37463,113.70611577058055
37464,215.99829170142968
37465,197.57777758874707
37466,242.7509062440509
37467,378.0648311878234
37468,217.11567266965778
37469,152.3800913844857
37470,216.99455501360072
37471,110.71407694058841
37472,123.49218160535753
37473,146.26186651706507
37474,261.32907825250777
37475,566.1640259911462
37476,491.0511097262764
37477,401.0399237367774
37478,170.43916575034825
37479,227.51767040611205
37480,501.1113867746501
37481,351.9332240008351
37482,199.92628634184064
37483,181.58132935920673
37484,134.51312827764087
37485,195.80682465430417
37486,459.4024681424834
37487,611.0609749566398
37488,194.0232778354908
37489,598.9422710645372
37490,391.59694834493575
37491,170.96446885643002
37492,380.8210102330926
37493,150.80507109778262
37494,137.80279697398322
37495,167.89404472272716
37496,274.11922313482216
37497,182.09804640292907
37498,316.240682040967
37499,131.9115284046539
37500,292.94579073257
37501,256.34120534249695
37502,228.96990082767562
37503,219.02427068323092
37504,149.23964316418986
37505,222.7142149548277
37506,208.9790434550214
37507,580.6197140897483
37508,352.3830619800892
37509,204.85517837395483
37510,389.95920838774407
37511,347.593929050115
37512,451.313717070476
37513,172.01234037035238
37514,407.8488155791373
37515,224.32229279536153
37516,156.14281777254976
37517,266.12926809560554
37518,197.15063086439065
37519,388.492663750327
37520,271.69789461979417
37521,840.7481873446061
37522,182.610542334659
37523,302.6174323984682
37524,368.20513087161885
37525,186.35417001405537
37526,162.23937348173234
37527,233.39445805988117
37528,198.37480860727342
37529,167.9802272737223
37530,146.98781571632668
37531,170.36474478714538
37532,164.27612246905636
37533,139.76340955382787
37534,143.89183370527184
37535,315.585284546807
37536,241.3321741365149
37537,179.82259273697116
37538,263.46612251007423
37539,370.57806607326955
37540,157.6671575082539
37541,206.4411958840317
37542,134.0480177241737
37543,162.93835696279862
37544,165.1846977669184
37545,245.46414468761688
37546,324.63341953939533
37547,140.53250848475477
37548,257.79892184866526
37549,157.7195904013527
37550,149.79216205800057
37551,191.97597037537915
37552,336.06356716113044
37553,197.13394443478964
37554,242.23321887833237
37555,217.78717494367737
37556,157.6837832414703
37557,313.781281606839
37558,864.0445602714233
37559,120.91473214575825
37560,211.00570193167366
37561,346.8330662992404
37562,173.7108775061214
37563,227.74382898356197
37564,268.06771930646374
37565,240.9810127212995
37566,467.9252912503102
37567,1116.8155310768939
37568,955.8228036069268
37569,165.1699971008664
37570,317.0026220777136
37571,159.21719693911524
37572,237.03900480977936
37573,137.3293703846731
37574,422.7341548135039
37575,240.67343356418237
37576,267.0700671784885
37577,589.0618225155838
37578,214.7005018564974
37579,229.88199320657395
37580,309.18026515941153
37581,128.2238264586322
37582,193.98604660066232
37583,209.49055736969757
37584,306.28148599900925
37585,201.2994393034362
37586,142.57098934209043
37587,101.19656700080665
37588,156.3261089236367
37589,153.719934966496
37590,356.16566438755683
37591,160.85942814767802
37592,253.93080243365202
37593,236.17256199910344
37594,218.94806248349386
37595,146.81323498814635
37596,214.96495400193783
37597,168.66389091547927
37598,190.21567254977342
37599,179.77150291812382
37600,228.98949759372354
37601,141.34130604934208
37602,141.4206264822328
37603,139.3016335817149
37604,574.9539177507457
37605,141.99868749129644
37606,157.70115387937335
37607,132.60767227952363
37608,218.83278685531855
37609,235.83023950920384
37610,230.357596184772
37611,152.02909600691035
37612,230.4222532014819
37613,371.8128578005462
37614,468.0414218462013
37615,303.22086165653707
37616,728.6910409646321
37617,269.61536848282987
37618,171.14662105298726
37619,247.4519778455081
37620,226.01149948898427
37621,169.52900333695044
37622,226.59001205257672
37623,241.4352177404535
37624,739.1459592749256
37625,578.9755968138383
37626,125.52953181634683
37627,136.6540796905449
37628,146.4405935865019
37629,250.80670452423047
37630,238.2964036072858
37631,171.0249809234134
37632,393.67805354183014
37633,568.1547751811102
37634,537.8914354977795
37635,989.4866217953754
37636,115.36985127129155
37637,401.0183398309237
37638,121.80956813644897
37639,246.94194916222676
37640,178.87358818604395
37641,163.86383848663885
37642,130.3027038208697
37643,125.9345360828381
37644,562.7850741994961
37645,169.74406475809474
37646,428.65496093109874
37647,450.6657831888631
37648,287.1985404717587
37649,112.76812848336208
37650,199.68439507426467
37651,209.37862220613582
37652,382.40680029347556
37653,139.50226913845262
37654,194.17188506835316
37655,321.3776735162763
37656,222.86076481902813
37657,201.23721636998513
37658,117.16641404060795
37659,113.01168844428308
37660,144.05095794700586
37661,174.04751936057383
37662,233.76119146304345
37663,182.29717485180385
37664,228.23045348204099
37665,382.6574565674536
37666,240.96087718351833
37667,247.64708094300093
37668,244.89527220802097
37669,165.28862040603713
37670,155.91782609563296
37671,235.329505225646
37672,296.1732086012925
37673,153.83291238646996
37674,156.17045785329682
37675,200.27074204666658
37676,183.87926411513507
37677,220.28684516390763
37678,281.3674564024178
37679,661.0622271652281
37680,221.85219984023186
37681,218.19171468631973
37682,144.21169477658847
37683,244.14848164093152
37684,292.2302642436738
37685,456.97307910789726
37686,263.3530650783678
37687,150.05150056468358
37688,354.71813198898116
37689,132.18917392134935
37690,249.88945591895092
37691,236.59335946146058
37692,151.10904306754952
37693,130.50660961972557
37694,280.5008456167966
37695,245.52215376590112
37696,216.3405108005412
37697,381.40663869122363
37698,205.57858538024794
37699,413.0021197797648
37700,162.4920193150589
37701,177.65686690669142
37702,186.7933353864025
37703,224.44264856056398
37704,535.401560906814
37705,187.0027891021752
37706,455.3384574985439
37707,166.8602137904561
37708,233.5221626940195
37709,136.48951656964545
37710,171.12852576594543
37711,143.13072812598148
37712,143.80390060157194
37713,159.9207874009914
37714,154.48033439583475
37715,419.5318615806539
37716,327.66887667256566
37717,161.71196531390518
37718,306.0168262261705
37719,212.96290777688964
37720,178.95875799211626
37721,231.86132566328308
37722,198.1463339020057
37723,340.8343496313394
37724,282.18853640665884
37725,381.86670906574176
37726,470.2201990065165
37727,170.80115780829402
37728,156.7313067903446
37729,112.75946252690703
37730,355.17322952188096
37731,158.71603342997227
37732,171.46830791052395
37733,255.10313057658152
37734,189.47395911199612
37735,442.5208824702144
37736,134.2653594090257
37737,363.68113973447936
37738,264.5854394288607
37739,218.54124537547978
37740,210.38406623068647
37741,148.33550708160664
37742,166.84680727557517
37743,439.50119248143426
37744,331.4300577115817
37745,115.20545699406671
37746,222.43404026942008
37747,120.42800041663939
37748,233.58831913407994
37749,185.69660180823158
37750,293.85698012217966
37751,155.1335344675179
37752,149.42044951594593
37753,195.00406691985748
37754,191.7208228197929
37755,142.6420028763257
37756,222.66918680855716
37757,246.36909710712942
37758,204.76908358283086
37759,383.6927549006339
37760,194.80545528572685
37761,144.77995427680915
37762,543.7465494936997
37763,646.8632767794236
37764,360.8908846532266
37765,287.1634232752677
37766,112.17258612710881
37767,178.84119731121254
37768,189.91044606037167
37769,243.1799667265196
37770,127.63796386315153
37771,228.27606770651124
37772,259.25104783149726
37773,164.4054474628784
37774,715.3482304099076
37775,151.6531297053665
37776,367.28558894422093
37777,134.89291274566023
37778,186.55613852406168
37779,172.58018003948877
37780,193.76732965095894
37781,138.54704458373956
37782,311.3278737042642
37783,225.38847705510537
37784,451.369051437305
37785,131.27574974307436
37786,234.94824652677553
37787,862.8692118389752
37788,77.2698704412742
37789,115.92661012681529
37790,178.0830169173511
37791,282.2892922934514
37792,318.9940475637374
37793,381.8369777759687
37794,324.1789112623974
37795,289.6432588604863
37796,1571.2183583579445
37797,128.90872781274032
37798,148.3296539330285
37799,328.3632251218347
37800,232.13043896435346
37801,241.12631792234382
37802,158.3412516163817
37803,91.4857209242377
37804,203.22245141107044
37805,284.9914234477899
37806,362.1971427934774
37807,137.61545706619123
37808,216.99734687738714
37809,212.2611437996921
37810,274.0098038357563
37811,258.5220303374708
37812,237.05762544239107
37813,234.8020144176177
37814,323.3230110911601
37815,132.8529626681483
37816,156.13143013454106
37817,519.3231191219237
37818,230.5872696473536
37819,423.94051779048596
37820,225.95439119681123
37821,429.6733825435884
37822,98.49770059215322
37823,186.5402908531959
37824,350.9518296767497
37825,168.16105940576634
37826,81.30707776564167
37827,171.0833429318247
37828,183.7744103616549
37829,210.5885335886009
37830,168.49720325706002
37831,129.77677824669672
37832,879.8679199904576
37833,404.9355534965456
37834,594.1819888902693
37835,153.81727065496653
37836,154.42225637340565
37837,350.5943492312582
37838,316.1806865091911
37839,136.72000376810095
37840,216.71613479202526
37841,134.97209760778063
37842,92.64086307846722
37843,169.03906045148636
37844,389.9827163620371
37845,280.8050014401566
37846,205.3189741762103
37847,178.39223344674735
37848,195.87626247771036
37849,236.02700355891574
37850,172.04429930784903
37851,144.29316199454655
37852,399.082337567887
37853,167.43920216840294
37854,131.08175106003424
37855,326.87390796073475
37856,129.08494501671436
37857,113.73558251632673
37858,246.09323130868282
37859,179.66059677109493
37860,365.426774222585
37861,267.83046451551485
37862,429.86568469947235
37863,346.3051897129848
37864,250.05579152531263
37865,365.1399896062941
37866,973.4744941714996
37867,227.40678750609354
37868,411.3659479826564
37869,155.18331275773045
37870,525.0921307463709
37871,154.25770321284756
37872,289.1971012371113
37873,153.83851528460954
37874,709.4285066053493
37875,861.6248434896041
37876,108.02519011804719
37877,262.15016736822673
37878,271.1631030097576
37879,161.4407290944077
37880,121.67508481652862
37881,201.01362232531352
37882,262.4300523083309
37883,220.39675049497708
37884,120.89077341466601
37885,245.46620677474718
37886,551.3827217453517
37887,251.21212819234876
37888,261.21051458984863
37889,388.9600719768918
37890,281.09154429544566
37891,240.00386999033512
37892,184.08256180374093
37893,173.37701281233848
37894,160.98936589170043
37895,629.9848085955034
37896,376.8711574643184
37897,260.53059419806175
37898,384.59176187035274
37899,198.89950603305522
37900,430.2255543908367
37901,554.566650593896
37902,203.4401098382248
37903,315.2500725830855
37904,466.2074072533758
37905,275.2464216233666
37906,129.0887105902586
37907,290.7811127231015
37908,295.5201358476898
37909,184.4986603346058
37910,179.06504784628527
37911,362.0158442771422
37912,327.28934679630834
37913,221.04397051713823
37914,111.05933907150704
37915,295.4734428211728
37916,156.82096793114886
37917,83.44585227358999
37918,503.7868832760351
37919,267.7710930503887
37920,249.5881793577927
37921,175.11636640436353
37922,157.60781222881278
37923,133.94598431642555
37924,361.32582352911237
37925,131.54402183067316
37926,216.12577340836538
37927,200.92684660246104
37928,278.3349872819005
37929,241.3667464943318
37930,483.05047841483685
37931,243.83434367018742
37932,200.49162392332852
37933,615.8669967117107
37934,122.50145615851605
37935,209.53552113422063
37936,206.8473153532587
37937,269.15895452615774
37938,190.20550120270997
37939,179.14560804989563
37940,220.51140657938387
37941,308.13490834195915
37942,235.53712973380345
37943,1364.2735286789166
37944,154.74524200666352
37945,360.0019160094053
37946,320.7550768494124
37947,116.46770218840378
37948,269.8246692526857
37949,363.8050176643641
37950,282.6375654109043
37951,178.7202855463321
37952,447.62939270413244
37953,142.2574788091551
37954,244.38227019497782
37955,129.04376188693098
37956,410.2710402188725
37957,119.05778440516993
37958,129.3562029189789
37959,709.6885849469469
37960,189.9994720819038
37961,206.55322058584898
37962,191.76391590242713
37963,215.1796945956037
37964,258.6222759610613
37965,368.7123385284984
37966,325.6936566213346
37967,328.20481359807786
37968,149.8284925269068
37969,166.52207294682322
37970,354.1389021358976
37971,331.6531408211
37972,134.02465072364737
37973,230.55099018516495
37974,340.38763989802766
37975,217.6832067429047
37976,110.39330666658987
37977,216.4256692691496
37978,358.36583982127235
37979,191.2750821076126
37980,161.90506324555494
37981,447.29308681466057
37982,285.7814248234976
37983,288.34100043114324
37984,269.2414591411567
37985,130.32617295648618
37986,149.15597850363125
37987,262.4759284623523
37988,227.0181580036857
37989,182.5427425375722
37990,564.389867845432
37991,224.7928532012105
37992,228.8116076442836
37993,234.01224735122173
37994,151.15447806906377
37995,168.79586075243247
37996,178.26184790953224
37997,202.98302273053775
37998,130.93361991017562
37999,158.73562703264216
38000,188.3862583795051
38001,223.58379529488838
38002,99.03745686578257
38003,174.90581386623734
38004,87.69029955662428
38005,254.58086244199114
38006,166.26742407731214
38007,468.7099310942686
38008,142.72402155422898
38009,194.03405816713723
38010,311.14353106133115
38011,344.3861358137788
38012,159.28318558506976
38013,218.1558542776956
38014,371.4083999293925
38015,246.88158567090264
38016,119.31660555568153
38017,164.15768560341627
38018,221.46570164817908
38019,443.52140156156895
38020,164.8194406972741
38021,252.25906685267802
38022,208.04333271633072
38023,336.15708354308424
38024,181.84085686143936
38025,151.5080239196379
38026,105.09684775894651
38027,244.0226489257795
38028,840.5525580011399
38029,151.45755592344315
38030,1611.5115272576918
38031,148.75997601028794
38032,81.8737885435282
38033,373.90796970324664
38034,185.01717448359358
38035,184.6595048878217
38036,154.21349904409084
38037,260.36947715916193
38038,103.76614451693533
38039,290.8392681028242
38040,257.44771080388983
38041,283.4535202898477
38042,456.0747279880345
38043,180.0311088529425
38044,426.1857117821905
38045,182.58806854974642
38046,162.90917142943363
38047,200.63011950924516
38048,520.0515054870792
38049,405.83370923621055
38050,217.17859291633675
38051,990.0839767078583
38052,182.02401711747225
38053,327.41916528409337
38054,477.2418826033548
38055,337.64523905020053
38056,228.82245649830972
38057,152.88295628589464
38058,127.5968180936818
38059,208.65448533086638
38060,385.672562662492
38061,161.98238062369515
38062,612.5815272348706
38063,400.93631196348656
38064,103.87722551164595
38065,141.925908942968
38066,261.2529394984667
38067,217.90621110722807
38068,337.6776936387534
38069,207.15538773039162
38070,376.42444127909556
38071,225.35209833293408
38072,353.5765572018227
38073,158.94906414528091
38074,352.6470865874819
38075,116.4516582577482
38076,210.5963953835622
38077,478.7781125091241
38078,146.2571026915338
38079,196.74881796215732
38080,318.5285864134154
38081,179.14122292438182
38082,359.14056041461487
38083,172.47371975492175
38084,348.5415714105589
38085,430.185683194021
38086,369.61161063573377
38087,422.4597770510027
38088,193.61057335494797
38089,369.7475854400625
38090,199.58522813260117
38091,128.47138731751477
38092,119.68559564062025
38093,206.05160841179944
38094,474.0918385700088
38095,246.42690128038106
38096,249.234821463118
38097,203.61974794125416
38098,293.0945209805955
38099,810.1871377632444
38100,450.99191769222546
38101,165.83174508879193
38102,187.82344219397353
38103,104.09859328486523
38104,201.26794404820166
38105,254.05104655152226
38106,336.96094967857897
38107,97.81704850160104
38108,192.01380318235016
38109,822.5735123697518
38110,81.939495736723
38111,511.80991580338366
38112,199.58745488721604
38113,186.7382386902167
38114,193.44197200070042
38115,580.4227316513544
38116,209.62397325150081
38117,143.20531609845108
38118,128.15300896412788
38119,275.2328343549389
38120,291.6002598610486
38121,158.70522425719085
38122,330.173295016895
38123,364.122127377066
38124,207.81157123945448
38125,238.71542667459485
38126,181.54868205616987
38127,506.16286652560245
38128,238.45157538465352
38129,190.33505875525265
38130,384.3225469975877
38131,295.74532456421
38132,347.6395097584109
38133,188.0895101605923
38134,205.5607368728032
38135,238.9007939727318
38136,129.04337103796547
38137,167.08937510194556
38138,339.51831610484567
38139,238.54124791803497
38140,695.6245348427968
38141,369.7960583852538
38142,356.5617814593519
38143,144.22591078920144
38144,158.09466990201608
38145,384.54226955512826
38146,197.8373669280091
38147,476.59349651998116
38148,197.41322234155353
38149,197.64659999515072
38150,157.91914471532405
38151,275.23255287762083
38152,91.84015636868489
38153,214.96982313536242
38154,119.89922301764429
38155,230.63085012839892
38156,211.23686698148433
38157,138.87242907654007
38158,277.08561195005944
38159,263.14328471320886
38160,666.604656376713
38161,224.45888634461895
38162,256.6322645813317
38163,332.52193262386805
38164,169.39119124685533
38165,155.25020410945666
38166,455.6077428334758
38167,194.49249482591983
38168,183.0533239583455
38169,514.2400408344624
38170,210.2949837594556
38171,328.55800517997966
38172,196.4407490360231
38173,196.66412609632056
38174,393.1556758533561
38175,220.14970737912938
38176,349.5261368639555
38177,253.18993396642225
38178,337.0440969720477
38179,330.2241810819588
38180,204.307392122688
38181,201.45282230134933
38182,224.71044169406218
38183,305.5691056182538
38184,408.6739107588228
38185,236.45007431695504
38186,252.4471941806034
38187,210.25508018364587
38188,222.7968886975395
38189,392.8045030846387
38190,241.54495190031602
38191,178.70470555001648
38192,162.69932515603617
38193,304.57581118087455
38194,317.8358918543835
38195,120.31079069770956
38196,347.99624048183176
38197,108.83502784395587
38198,175.95683463126278
38199,259.692660951549
38200,245.7035607164339
38201,143.40053446931688
38202,163.54838420159558
38203,340.4627463059249
38204,137.99916811767585
38205,187.14563241380688
38206,462.6426894183471
38207,185.5544886981105
38208,270.5769506350913
38209,151.08812268685472
38210,260.2559017694464
38211,370.4699457904087
38212,187.97541799685658
38213,487.85991424361936
38214,152.2596660950393
38215,123.4341205322511
38216,167.53040308556197
38217,213.3771098268787
38218,181.79094904139214
38219,212.2231099411715
38220,155.4688332133012
38221,328.1580480351286
38222,169.32009648783642
38223,144.59484462766113
38224,228.95082167905156
38225,145.04158597794031
38226,200.45546077103776
38227,170.7280072901868
38228,693.2678129668249
38229,152.47452938472637
38230,250.83906201600445
38231,184.56118666710802
38232,150.79479857881196
38233,184.22894462586555
38234,260.1548063431622
38235,316.7592239190099
38236,695.4422109177187
38237,159.54685826724895
38238,150.16155479914153
38239,260.4715548313891
38240,119.98201188223955
38241,137.844210651144
38242,181.680406660997
38243,261.7176459858979
38244,315.05743728010077
38245,158.83420956673592
38246,153.79628986352657
38247,402.16928524861197
38248,117.8578170902631
38249,354.3520335636601
38250,84.89012143622732
38251,237.48382269197523
38252,195.7390450897774
38253,349.8359927946057
38254,188.65960655515303
38255,176.6683023528264
38256,161.12965515580035
38257,244.98613421837644
38258,162.15229109119312
38259,255.8906458404952
38260,170.53664562240894
38261,114.34189232277636
38262,215.4927646005158
38263,168.41899710447242
38264,245.2148854768182
38265,219.37948793571675
38266,240.4856355212925
38267,309.4202467247451
38268,178.20852950373373
38269,159.72299463016176
38270,944.3706803605195
38271,305.9816776876542
38272,180.3145856878599
38273,197.3197637656283
38274,391.74275782996284
38275,91.29127636562589
38276,177.60561109038107
38277,268.61750066716775
38278,157.96087429991587
38279,240.48824597986496
38280,335.47985952460624
38281,115.5696280594174
38282,829.1224049016565
38283,255.85377099808701
38284,361.7808327430134
38285,632.663952949899
38286,256.60355881596837
38287,228.8907298894664
38288,128.3422668457801
38289,185.63530485675793
38290,340.48099990187046
38291,751.6495249397514
38292,125.62793677221579
38293,138.62629743545577
38294,177.82514488623195
38295,430.69615139935996
38296,153.05771040743943
38297,158.8546299956347
38298,348.8262427677372
38299,433.61117250515787
38300,130.41604466468794
38301,259.0098969104318
38302,250.75986746745065
38303,296.8838454233589
38304,141.3176489371972
38305,391.3813749661962
38306,312.73817752795435
38307,212.60125395648612
38308,308.97675807061626
38309,144.8872846208731
38310,456.3050193069697
38311,206.3997378555199
38312,222.45491033909147
38313,188.90433431029115
38314,114.66088826766219
38315,197.43100654445792
38316,142.8724346699937
38317,138.30081064083814
38318,296.20892232083384
38319,172.85394253816176
38320,460.77420103073183
38321,215.635775246612
38322,166.66903478710262
38323,156.9946427601509
38324,587.8469031277142
38325,187.5823607864686
38326,309.09525038682466
38327,177.29816753513387
38328,182.47057410736403
38329,349.0808123448734
38330,344.4712741770201
38331,140.51206274282725
38332,129.1950970349459
38333,193.84977587405504
38334,188.77873622080563
38335,215.0140298302871
38336,273.8584952410895
38337,108.83339624736946
38338,145.31571333319206
38339,352.1220623099999
38340,201.77252101863155
38341,465.5994073279186
38342,375.93721280530303
38343,255.69621549553864
38344,164.23459200646244
38345,177.77424409526353
38346,215.32809269514846
38347,664.0177677128797
38348,439.7548553770192
38349,219.87066008272868
38350,103.35155014110344
38351,223.90124436480147
38352,140.8671403998035
38353,568.8526445787309
38354,119.54076216089723
38355,257.597334288487
38356,233.78117985067772
38357,253.3989793447389
38358,245.25210489723122
38359,133.69088523177507
38360,248.7146772164463
38361,145.5814727984961
38362,402.9529165164786
38363,1221.9206835519649
38364,320.6849912966386
38365,195.55117339108676
38366,219.46854838339232
38367,92.0301427158611
38368,121.21127094463165
38369,251.47472978609622
38370,393.8416567204313
38371,322.7844812752739
38372,333.76713202805814
38373,389.06966015301066
38374,174.35916182711287
38375,1438.161789308031
38376,182.0095097922986
38377,256.42232883085205
38378,213.38381272850162
38379,167.37857891194392
38380,226.95521278773026
38381,244.10244981249156
38382,211.98315109240775
38383,412.2334588236224
38384,286.8895505218372
38385,309.5972783475832
38386,122.78524674147542
38387,231.80845365824177
38388,271.2641298596713
38389,333.2435820786494
38390,154.4447757194864
38391,225.78725337703864
38392,178.4410983850261
38393,208.25649430226818
38394,258.5719423359721
38395,940.7255869645217
38396,241.53792465488982
38397,175.449688353423
38398,190.2691669085
38399,200.4792288964427
38400,205.97256190198965
38401,205.75207161143697
38402,447.74762969069866
38403,166.9616750152527
38404,148.6215302224468
38405,187.32196450199973
38406,255.0836929946659
38407,252.18936299107634
38408,197.84298189764004
38409,141.09213270155334
38410,172.31598230518696
38411,181.63410586962232
38412,311.6021966471086
38413,195.15995699830643
38414,220.0995168841911
38415,139.62115332351095
38416,223.9833845262159
38417,703.0189560364109
38418,238.1261593053221
38419,133.0009545183197
38420,275.3980593362895
38421,300.8376754094784
38422,125.68957589504205
38423,167.49015220740682
38424,783.6767121759489
38425,289.5549056377508
38426,153.16513684086144
38427,876.2175562448832
38428,191.71973379007474
38429,347.6996454457314
38430,203.29583074958086
38431,148.34605391987444
38432,459.6167829689384
38433,153.57621159870803
38434,389.49091156363085
38435,421.91074005277164
38436,165.19844467161099
38437,197.64438113759675
38438,230.91963560850206
38439,192.4445590723378
38440,316.9609405789214
38441,418.66550862451214
38442,258.6161811580787
38443,332.56477915756943
38444,531.8718579750711
38445,253.4976617414685
38446,267.8180676933458
38447,321.01028387169214
38448,206.16569150889848
38449,328.4604864378852
38450,227.3813233106192
38451,700.2363310176171
38452,188.1920808971849
38453,430.3867971633097
38454,129.32630579229607
38455,152.46392050065313
38456,145.34130383463156
38457,275.45347956534897
38458,124.46800420465921
38459,1046.745272352075
38460,229.47848020045447
38461,251.07126464652714
38462,562.5399593596054
38463,147.84413899419857
38464,168.98872040631747
38465,526.8695121642023
38466,268.2621353019685
38467,444.2978351224069
38468,430.39628793667447
38469,209.4731749758307
38470,283.0207125395331
38471,196.97426098026983
38472,195.64454929536103
38473,217.7576340059916
38474,175.39682183945126
38475,347.2941042264646
38476,331.2996797421637
38477,264.8450564063771
38478,677.5020749628369
38479,195.33210114970223
38480,187.58371022963118
38481,366.9504006679656
38482,540.9679476436739
38483,182.46951405411136
38484,157.570693523516
38485,145.44348412185437
38486,143.88285562109004
38487,351.57650021048335
38488,169.44908346898256
38489,261.5336894941076
38490,168.5290315958723
38491,425.54504309458474
38492,238.39220818425747
38493,136.7152275680822
38494,163.72159856263562
38495,436.4204983729603
38496,357.25171305721506
38497,332.14323169042353
38498,177.8907883887008
38499,275.2345343501121
38500,328.3589936318806
38501,307.9036747737245
38502,140.91144688654504
38503,230.1988435912385
38504,143.4423697296729
38505,304.714547146865
38506,456.48516283576885
38507,159.61654665951684
38508,125.8279756267259
38509,212.42423116530586
38510,287.0278318897409
38511,256.98909968877774
38512,175.44389851139235
38513,220.93319738364727
38514,176.18420967940523
38515,569.0051809776405
38516,249.80376917693002
38517,180.5564434548674
38518,210.10529249919938
38519,294.5534997769076
38520,179.2887971922506
38521,208.27472432908044
38522,349.2691218994371
38523,237.3728733408146
38524,178.0862701006138
38525,242.71704663947938
38526,215.56905362788436
38527,723.7337084925873
38528,353.7005529831169
38529,386.49185733167167
38530,291.9306100189995
38531,452.85053342320884
38532,122.77770379153486
38533,155.37958475561362
38534,148.10808518474073
38535,205.957864475759
38536,356.05690806543237
38537,144.8573790513452
38538,336.27634596977055
38539,178.9827537901433
38540,360.0785151845018
38541,140.64564005616012
38542,211.95413089724173
38543,128.40303123440788
38544,151.66796111912402
38545,390.7580548827484
38546,211.81839671987416
38547,316.61412395903955
38548,467.5806595645297
38549,237.87981498840227
38550,380.6050756024183
38551,1039.1503284938644
38552,158.81060153664714
38553,165.72416527569916
38554,181.65261277472936
38555,322.74121779497887
38556,485.7661005923529
38557,255.80578514278153
38558,127.73149962078341
38559,151.3995539659911
38560,340.28827373553196
38561,206.94809930432646
38562,172.95972444606798
38563,155.75027138825277
38564,362.0968543590898
38565,111.96885148543254
38566,290.1330893779625
38567,169.468169453965
38568,241.14834592496135
38569,109.14517233965208
38570,221.8729652020204
38571,187.50919756172235
38572,193.10449035354108
38573,430.32451244595853
38574,304.92134503277674
38575,211.91356785376712
38576,268.5897872035323
38577,264.8420358974296
38578,179.5562927748877
38579,238.99964880174892
38580,146.21638716962818
38581,252.9396171685065
38582,158.81050281342027
38583,191.23718458242973
38584,155.5814584912344
38585,529.2887182836729
38586,147.8038602983275
38587,361.6408818829941
38588,184.83395355225366
38589,700.6579755070911
38590,211.62682877213405
38591,138.46352910039488
38592,135.0561432599545
38593,178.52695788161944
38594,382.17512261256184
38595,225.10183355146762
38596,93.06106502313861
38597,342.76233791946777
38598,194.49450340305185
38599,183.19952823299806
38600,168.40210997425106
38601,407.59155060933534
38602,321.115266692661
38603,244.0000197442095
38604,185.11209669701157
38605,223.2915229958919
38606,251.05801684322142
38607,117.43778085323783
38608,117.5848325682618
38609,235.7016600036083
38610,297.463240955365
38611,190.367989073077
38612,249.34943463637353
38613,96.16155677506244
38614,183.5970805645271
38615,128.9830826048698
38616,390.8463365397097
38617,142.0839367306699
38618,212.6958950182394
38619,491.4763282089222
38620,140.41035910948574
38621,184.8957718706418
38622,187.11797715815646
38623,136.14516681143442
38624,206.1762244644747
38625,1096.7439680694788
38626,242.5526330372963
38627,304.60024623708136
38628,271.5469189245485
38629,224.37623401118293
38630,199.4891487945464
38631,875.2279980305501
38632,135.23387885561294
38633,111.15854475851646
38634,153.96629134742508
38635,436.867311662084
38636,158.39474156638732
38637,142.76900603952802
38638,187.99291659605342
38639,253.43184928294968
38640,562.6728916009209
38641,427.3865891931797
38642,203.4285393106195
38643,165.01015232519606
38644,243.9595472256243
38645,369.8043373636411
38646,182.24982322678252
38647,159.62322267413683
38648,217.93620981284644
38649,122.48181884604418
38650,247.7639445166791
38651,127.20617312754699
38652,224.87044808319268
38653,458.7593373867443
38654,233.98971320248535
38655,201.98800106620595
38656,282.2883904506091
38657,273.21426251192685
38658,373.81750239982733
38659,280.3614963717897
38660,155.06824065814786
38661,445.55591553805937
38662,634.0499852797191
38663,979.4133757009525
38664,195.99321973679392
38665,151.15809445465962
38666,351.49589162957864
38667,278.13267195934134
38668,215.54953541849926
38669,422.3127045939877
38670,177.67483067838313
38671,180.53253164837272
38672,252.63538923284312
38673,180.81343731634902
38674,164.58212247261855
38675,308.0914589208637
38676,234.44190445310574
38677,425.2812497851657
38678,157.94749685567555
38679,213.26965465033703
38680,170.36826891581882
38681,200.67923464414656
38682,310.3741050914265
38683,655.8854854404107
38684,173.02586538322657
38685,366.5978164861706
38686,121.5046553010939
38687,218.9812834274377
38688,148.49404674906236
38689,200.59910619224516
38690,619.2274183300727
38691,332.8414833123939
38692,229.19462319208773
38693,91.68980251089368
38694,199.42923097511778
38695,114.52719244739122
38696,274.2915574648069
38697,164.34025980840323
38698,165.57610127047428
38699,178.4312680666017
38700,298.51378490813795
38701,236.3198698109053
38702,208.94424248012868
38703,129.77125931810508
38704,155.06785123565612
38705,433.8361292676967
38706,94.91861640400859
38707,197.29492254884482
38708,327.9191638729498
38709,306.8299075577286
38710,217.93192624585848
38711,204.24447720062793
38712,333.8122758813021
38713,531.6521593385304
38714,143.2717092988049
38715,542.1775645744999
38716,319.20773995385883
38717,415.51596661952857
38718,229.57698484234027
38719,156.7218801492543
38720,167.95922058184902
38721,330.17427501916325
38722,139.61559780857866
38723,127.9422116806845
38724,425.4836176496224
38725,212.74740100200668
38726,264.7941982725861
38727,971.0598006302282
38728,671.1598566695542
38729,276.1389619858093
38730,240.26151064619708
38731,323.4855242397627
38732,507.87434514845427
38733,1455.5175108695753
38734,187.91975668261335
38735,146.33379598227424
38736,627.4764647190262
38737,187.80025261780492
38738,236.77207605086997
38739,265.1092984509458
38740,187.04067412726448
38741,179.2949835605524
38742,698.6175781230129
38743,271.91732243468476
38744,462.341719652708
38745,206.2941208270933
38746,366.8890320452015
38747,153.58052080620357
38748,209.9822403826871
38749,264.57792710137664
38750,217.92825679547445
38751,156.14698912058932
38752,178.82235821464988
38753,622.3998254323309
38754,211.49222615708172
38755,759.7686869997124
38756,165.4530762838558
38757,199.93349243354697
38758,148.50293821634426
38759,236.15271757263721
38760,476.4838727535208
38761,450.5105064035011
38762,194.18662100349573
38763,812.6755726224272
38764,126.25160825815479
38765,226.37860280257343
38766,164.94020061969417
38767,239.16166573382174
38768,372.25088440005425
38769,838.5534831822421
38770,112.22105977945166
38771,358.1703690610498
38772,293.7525170870235
38773,188.41401491306559
38774,468.11897742688
38775,248.72854582255508
38776,467.55427000375107
38777,236.4777485931895
38778,526.0206363916665
38779,188.67227808460413
38780,315.12753606072164
38781,127.19909673496706
38782,870.9852464067127
38783,154.9263867410201
38784,149.95380912195805
38785,229.37041581603106
38786,218.09382871595835
38787,264.9045155016233
38788,158.87648987296527
38789,287.1373560399548
38790,187.40913400964055
38791,189.71654823436606
38792,197.69765706575902
38793,200.76818427584004
38794,106.36006891590118
38795,134.50204383670032
38796,165.29666723343283
38797,142.5633669483864
38798,186.00501689536773
38799,342.5348027431891
38800,235.1827071999201
38801,449.0448954608122
38802,412.7022615272001
38803,244.05954382660755
38804,331.2644901934298
38805,265.8796092622215
38806,227.18701786788168
38807,530.9675583351443
38808,359.2065571009665
38809,201.57189836364535
38810,234.11322309483324
38811,303.22872259250346
38812,231.69355010509594
38813,212.78483965974297
38814,207.67291385903508
38815,266.69635040589657
38816,233.59880628326425
38817,375.07051810906614
38818,290.60553218389316
38819,149.48449584615358
38820,184.62717781477645
38821,560.642543478538
38822,409.7216629823414
38823,230.44466455533467
38824,93.42772875844497
38825,169.0051022268162
38826,258.3566731329864
38827,341.30606628918207
38828,372.28197507654727
38829,327.1750665573344
38830,394.1297082763262
38831,181.89677550261857
38832,199.45788233810057
38833,238.7288629762691
38834,272.11922125455806
38835,257.9375871460748
38836,207.40237624128198
38837,227.63705887154882
38838,153.35966507327788
38839,663.8289033094146
38840,169.63943799992805
38841,371.0649328040654
38842,167.92617399359855
38843,706.976043731262
38844,117.79468637912876
38845,244.7052239627564
38846,151.56398924719937
38847,387.7364118235153
38848,297.78740231668115
38849,184.4301391933861
38850,171.26953024695496
38851,165.50192098798183
38852,185.32642979646872
38853,246.05633282437944
38854,160.63259411604122
38855,196.39535449411
38856,225.14774525254694
38857,496.96106578988747
38858,127.37444380735394
38859,229.77558287729605
38860,159.23845659493648
38861,342.2421054783221
38862,489.1275200284601
38863,262.5104645689827
38864,154.03626175773894
38865,239.75961080617725
38866,161.5131743275864
38867,214.7878995357741
38868,414.5627198512176
38869,100.18878447347348
38870,608.017517766939
38871,304.81193459573814
38872,613.0259543732433
38873,209.58527332430938
38874,318.6122835231331
38875,280.3687845628335
38876,181.62918575655277
38877,373.24399069294964
38878,169.0791211473336
38879,269.885436788844
38880,156.0409837769615
38881,325.33947365106945
38882,126.05600069887292
38883,132.14570535263536
38884,146.17061946421498
38885,212.80763218340402
38886,221.4908594141573
38887,571.1131223236994
38888,226.32408120120195
38889,268.7951377557747
38890,171.84946363588415
38891,167.4520429051946
38892,357.6320890460021
38893,636.2266803827878
38894,186.80524250707353
38895,214.33519298328042
38896,179.3584882934134
38897,205.94165438155275
38898,198.83346963303595
38899,238.13027098534525
38900,117.29832563886822
38901,269.6786839771473
38902,138.09227719764866
38903,158.97195429949738
38904,176.62861896680587
38905,176.1752290384764
38906,238.86299168350664
38907,275.39909853057526
38908,234.98659177690115
38909,296.4034717726887
38910,228.50030535975736
38911,138.3405480397914
38912,187.70253341062528
38913,246.95769942903408
38914,363.1292507844978
38915,251.81638384254856
38916,172.42209358002924
38917,227.3819694347779
38918,1296.31302965213
38919,215.9826491785399
38920,249.51025473110593
38921,189.14073370077696
38922,257.6008756945478
38923,247.09929331413247
38924,242.31618124196535
38925,416.8632200359996
38926,503.5363331189564
38927,210.4315883252686
38928,156.27503976598163
38929,153.65667467450348
38930,193.10393613300417
38931,276.2628835296107
38932,111.99282652000186
38933,139.8884425626584
38934,514.0287390049582
38935,274.64097747982083
38936,419.6714331093511
38937,199.34699892401926
38938,278.8938037504064
38939,153.71177981273186
38940,111.51569837599081
38941,140.15329831870508
38942,206.5753572513404
38943,518.4271145452464
38944,165.44790067835433
38945,315.9232732266141
38946,892.2211706463469
38947,356.37679548165147
38948,142.98061988069605
38949,115.95520421991347
38950,206.27896139106684
38951,217.3358708178482
38952,200.74104826241313
38953,152.61309060400015
38954,230.36507771537703
38955,155.1527821948832
38956,244.23449302175771
38957,654.1909588014584
38958,229.6927127785355
38959,243.5212073605163
38960,188.19640307467893
38961,144.23258843900572
38962,162.0746471560285
38963,476.9975389313038
38964,273.1522720178905
38965,772.9781725635057
38966,245.268155001008
38967,254.96914487322653
38968,248.58854678226666
38969,941.721301183665
38970,225.7068165784192
38971,175.47901203432724
38972,178.59224416219874
38973,164.2566138774371
38974,628.5805354428327
38975,349.3243031826099
38976,201.32814886617683
38977,284.9489581206169
38978,142.70812335176146
38979,161.52391403923724
38980,430.9074830276595
38981,114.98844832367767
38982,135.38300398645987
38983,152.38283254667104
38984,222.4390737512574
38985,311.49223889112756
38986,467.5602065941602
38987,283.71416321544757
38988,389.21389070873494
38989,146.65359412924332
38990,165.69994422470174
38991,597.9917026311487
38992,235.22081868705442
38993,232.8763860350718
38994,257.07638079703463
38995,263.6496674798994
38996,399.58588892946494
38997,202.23982136947728
38998,162.45609529563933
38999,123.53146537393407
39000,220.5279832698466
39001,195.14259072573674
39002,242.4756382023988
39003,411.6540210468275
39004,128.52213051432804
39005,168.0595901158616
39006,201.2657546502755
39007,112.80775167590505
39008,427.2008778656343
39009,200.08511274792966
39010,147.49278527391664
39011,200.40062890738056
39012,244.9510351669647
39013,692.5121826805132
39014,286.5248709295679
39015,254.20487833435948
39016,241.1468244030446
39017,199.50643947878237
39018,266.62025484622126
39019,179.03155886443537
39020,207.20613253631953
39021,247.58053133412596
39022,233.2410902513137
39023,197.75281840773044
39024,239.4961376650118
39025,281.1425730686861
39026,460.14390109084866
39027,274.1585798063363
39028,156.29869891460928
39029,295.5022238206503
39030,176.73142582659543
39031,766.8752711527433
39032,151.39553231557844
39033,138.9538221278509
39034,274.8464178632413
39035,197.91499564388747
39036,130.44842055199433
39037,155.8560145649324
39038,2428.528672163378
39039,351.11516299407515
39040,142.79021694309495
39041,237.57086032895646
39042,291.64079273016176
39043,343.8934273851918
39044,164.3991171045578
39045,166.0220156009609
39046,254.13991788798518
39047,199.6152579533113
39048,286.45632231646255
39049,419.1931574215702
39050,127.48185938019981
39051,641.2944094748999
39052,326.5175241932282
39053,137.68328221394293
39054,179.23968205079606
39055,711.0859150179039
39056,271.03051855065553
39057,477.4903316619928
39058,340.93962600942405
39059,364.2321871093391
39060,370.13897721177796
39061,227.95676572006465
39062,236.37385747593282
39063,198.481283692786
39064,168.60953473974996
39065,180.5350152164016
39066,143.25843987282747
39067,227.36500903296385
39068,421.05583521715494
39069,213.38298651173722
39070,265.6526416628943
39071,795.5525811594464
39072,162.43962736596336
39073,210.62985686120325
39074,290.5858526129598
39075,382.03716822563507
39076,329.7711259357769
39077,432.1849358916107
39078,231.67234352724284
39079,313.4834128150217
39080,242.7589605964794
39081,581.5224307394091
39082,220.14617206719322
39083,613.5869720574339
39084,103.91208720114163
39085,431.43190715855394
39086,126.17826669466555
39087,345.69701573986276
39088,261.04015812870193
39089,203.8139321990492
39090,230.19720437736473
39091,150.06069202121907
39092,189.75762088750974
39093,183.85478460176068
39094,219.13343983365098
39095,207.17232639897838
39096,326.81915343949953
39097,493.1807201592131
39098,248.24247807510278
39099,421.95873528856214
39100,161.16931385567656
39101,568.3359547142834
39102,143.23055379638552
39103,132.5915597845217
39104,425.1717208633407
39105,275.4005221014773
39106,178.12397159587917
39107,614.0757485530514
39108,211.48175042677184
39109,294.63654337117725
39110,447.4184446717253
39111,160.43749965465165
39112,344.3761908135389
39113,187.33712498375456
39114,178.00148123098165
39115,160.48306269389232
39116,148.42228254308824
39117,431.159494686568
39118,327.11540145782504
39119,1175.1372700391466
39120,133.78468552146404
39121,151.07731305481113
39122,396.33220426424396
39123,256.1063972448484
39124,321.9137067264045
39125,201.30497269103503
39126,272.4367526716735
39127,455.17136498825977
39128,184.57130555942172
39129,149.13382458398348
39130,747.294804989051
39131,268.69714506515953
39132,119.80079240793422
39133,256.7343362098373
39134,162.62688601768636
39135,335.82122751919735
39136,182.6807055677843
39137,212.92498543277497
39138,381.1098779557096
39139,381.57908476391486
39140,132.99378692662913
39141,163.14463592843117
39142,210.07372660122462
39143,244.586857590431
39144,157.97908370905466
39145,121.29093890183283
39146,169.60345095241712
39147,233.13410560344437
39148,191.58290097540794
39149,99.66436285829366
39150,241.70900428418136
39151,270.547488478842
39152,421.1678195571784
39153,213.91499073409216
39154,125.29372198974285
39155,985.4597460476573
39156,177.77373806498653
39157,153.73859608410015
39158,537.6462322594986
39159,219.56058569126463
39160,174.94329694386124
39161,139.4427069888564
39162,319.61925786175965
39163,157.91823213298238
39164,437.75234729941775
39165,146.60334159300686
39166,95.09854706985429
39167,162.863812302264
39168,89.21391820811911
39169,273.16655391553707
39170,88.98301949943821
39171,153.3651167326007
39172,333.076539682618
39173,518.8957961202311
39174,150.9993153240987
39175,150.43986986506548
39176,216.9492280533341
39177,108.60146809372333
39178,156.08966095801256
39179,208.05510208784403
39180,263.43909100145413
39181,234.32818836671194
39182,153.95998977951854
39183,722.1900537480536
39184,266.23477368834045
39185,521.3325572116098
39186,371.6665148338933
39187,886.3244368926901
39188,124.73684372903567
39189,97.23654230624305
39190,343.2368520517604
39191,300.4916431791323
39192,215.60458031157603
39193,374.5171176386328
39194,181.06660420769393
39195,192.09384841202302
39196,232.64372950934325
39197,582.0263426789405
39198,213.38865767622542
39199,198.8301094886091
39200,542.5113201282619
39201,280.9421051648184
39202,132.56494367174136
39203,153.61920220717957
39204,147.62083055348498
39205,265.95332737724823
39206,211.6683911656214
39207,440.3255537611683
39208,411.4094896990352
39209,264.4735457761081
39210,123.03028092344874
39211,335.96058586291156
39212,209.83827293139979
39213,250.25532483122083
39214,220.9632699619102
39215,137.17878961862334
39216,306.92873949141676
39217,200.8374936119866
39218,228.201752700507
39219,176.52261829139042
39220,274.7255885747618
39221,394.6421532005213
39222,278.42188297912156
39223,345.3715222226891
39224,218.3178539094756
39225,256.747891470427
39226,182.51268486559906
39227,320.3769892474959
39228,245.00866877322417
39229,151.34341237379138
39230,724.2777345066222
39231,212.6618005260274
39232,222.25454641282994
39233,87.80159614454526
39234,161.17406194078205
39235,724.5229605263306
39236,413.7655657573464
39237,249.54633605062085
39238,199.3520924558175
39239,252.93139453608842
39240,337.4496458229965
39241,196.3696313234009
39242,110.66771565555175
39243,254.35888340589776
39244,613.7009502166479
39245,71.52540410425877
39246,200.8107792902312
39247,204.59804011075724
39248,226.77559907787975
39249,270.4067199312438
39250,179.14184886270448
39251,235.69123388905857
39252,220.14291129858003
39253,204.06138709659382
39254,218.45879665018552
39255,284.2808054497601
39256,216.87874312923992
39257,145.41329071419796
39258,539.5669949417887
39259,274.7811274272121
39260,223.9145764540163
39261,182.3006676316057
39262,271.15665297237496
39263,304.7304236366066
39264,332.89078635058866
39265,160.13470561767312
39266,165.62962857991195
39267,152.91627869526187
39268,110.70111570812985
39269,245.28421082496226
39270,219.92305352201103
39271,207.19622927720204
39272,281.4031234971412
39273,267.79645618951577
39274,142.19307796040664
39275,590.9361423026103
39276,240.71225321196687
39277,115.44888124189616
39278,165.64639616811746
39279,446.9438071370038
39280,229.50384664123806
39281,300.4249166130285
39282,378.67460798134414
39283,185.6614097028344
39284,253.8409949304525
39285,188.95962669984095
39286,267.4187458286516
39287,553.4034505832947
39288,261.03214487566436
39289,135.3584967097677
39290,172.96676455066734
39291,240.30159185331934
39292,271.86763826146193
39293,191.78370220402985
39294,269.20971442385485
39295,240.35569187091923
39296,237.1611020149435
39297,182.52686256150557
39298,372.7644236772232
39299,197.83489858968665
39300,443.33689296447824
39301,340.3090049590164
39302,441.35425571664393
39303,472.0330040218049
39304,181.53626093805434
39305,154.1383120004599
39306,175.49233158305609
39307,232.31719195473096
39308,162.34303807412687
39309,249.45228000827626
39310,212.54615907992556
39311,142.86948211976335
39312,590.3498254027662
39313,221.21970059038404
39314,150.80980006644114
39315,165.35847200035283
39316,1120.4813797499892
39317,123.90386029224808
39318,221.80913678537772
39319,248.4920956644356
39320,113.02095165963725
39321,453.3751586974936
39322,583.6956244035014
39323,259.56625971693563
39324,208.10248021306353
39325,147.95412989145785
39326,113.25410567402939
39327,309.8116345944668
39328,231.19810948382906
39329,663.3824998827282
39330,263.7191715881535
39331,272.2224186107426
39332,275.9846990430983
39333,153.46822990783244
39334,372.0178248758289
39335,121.7564604132339
39336,402.3079331268282
39337,160.6632636863547
39338,188.94866476803077
39339,111.5459064394473
39340,196.82311937714786
39341,243.30530869074
39342,284.6171420480362
39343,341.4194917247225
39344,245.27455247845683
39345,187.8379816871325
39346,656.941183264907
39347,130.4953903954367
39348,152.68167592527118
39349,165.78824406642858
39350,183.1991810090953
39351,426.7965626982667
39352,186.6833122771024
39353,245.08617386451533
39354,351.99384108954496
39355,302.00331064669194
39356,154.25330904068983
39357,219.87593150873334
39358,141.57365943871162
39359,180.26234208174463
39360,313.13196548814295
39361,201.76111608591538
39362,187.98800827064446
39363,185.93800558748117
39364,100.70480690366291
39365,130.79534551980709
39366,260.3180206029714
39367,199.72379778615678
39368,208.64562906695772
39369,249.56077680662577
39370,141.6548793611934
39371,117.47349038739448
39372,235.23492753647218
39373,116.89144845543748
39374,213.16098450677646
39375,315.6095996380864
39376,182.66136456133634
39377,394.55276990282346
39378,129.52871133117156
39379,161.00615890933653
39380,152.28272365048525
39381,201.31937081869458
39382,615.4708980787932
39383,142.18103954236759
39384,119.73838145034222
39385,238.2453187636874
39386,261.37778132190385
39387,192.86672817848824
39388,247.0952003706122
39389,351.3126848592612
39390,296.0742032456435
39391,149.32321605082174
39392,209.32805782948705
39393,136.349614318083
39394,296.57817498369985
39395,207.04245312028263
39396,179.06407957404875
39397,273.3299045258076
39398,410.90224597313306
39399,393.487666407137
39400,152.66558368706708
39401,247.75860427915705
39402,117.78915420738424
39403,357.4412372958968
39404,285.56745676280883
39405,291.98989346201813
39406,228.60140907320482
39407,263.0405700596751
39408,89.17440853016478
39409,144.47264393169226
39410,314.5979330316138
39411,522.7848715589674
39412,193.58683816862163
39413,206.52156541722096
39414,608.6531425694498
39415,165.70288549283657
39416,527.5468674483882
39417,288.32353358760594
39418,177.2746110398507
39419,118.85461757407998
39420,180.9256371503675
39421,145.44979741887605
39422,158.41499530781593
39423,232.72208479007543
39424,608.0910081553926
39425,247.09209115073247
39426,246.21449953519135
39427,190.87208235995246
39428,113.07326730795455
39429,179.92814310953247
39430,118.29037783276434
39431,390.1281450340276
39432,167.75229176789688
39433,451.2135399320448
39434,346.79167222998296
39435,1207.2407704211423
39436,256.10335747260604
39437,190.60507874662937
39438,197.35834862848367
39439,129.60325023358143
39440,160.69746590714692
39441,141.86480142130077
39442,239.54896264159086
39443,294.2605172239922
39444,380.54367330500804
39445,188.9332394832391
39446,142.2312159315452
39447,167.91663232170777
39448,284.4599287352255
39449,160.23402637895288
39450,257.8665838315044
39451,136.89037729183337
39452,272.27032430042084
39453,137.077601597876
39454,91.68205846073842
39455,384.5835223379278
39456,242.3831900570758
39457,414.00998718653864
39458,185.44371889745184
39459,213.3071735955932
39460,289.37704064679656
39461,189.79394822347544
39462,412.8949330265107
39463,130.81936284900735
39464,232.66237041255047
39465,123.5972526597125
39466,571.1099834387322
39467,106.7272320382374
39468,406.63907271826236
39469,274.0823904721091
39470,295.323815532687
39471,528.5087681051752
39472,122.76631130743891
39473,407.29839612647856
39474,350.9269193153171
39475,201.16950279612172
39476,742.7458713983439
39477,338.12447683366184
39478,156.18061544538816
39479,159.19479607988845
39480,196.87410049428075
39481,214.05899311678053
39482,123.57236661873361
39483,305.1099422864142
39484,420.55320308807677
39485,173.12782612081568
39486,258.82068970043997
39487,371.9505197584051
39488,226.0490292899989
39489,207.37958017266476
39490,131.061017588195
39491,247.29844578837609
39492,225.39445541904914
39493,717.0553517476145
39494,611.9256703364057
39495,393.13729114485005
39496,344.2343463036049
39497,399.2638186297316
39498,696.2200387293034
39499,186.18747451241643
39500,153.4375306441168
39501,204.1204539555187
39502,609.1697232215422
39503,165.80009746315878
39504,124.89613641839252
39505,230.6090954580203
39506,150.55156994990824
39507,121.65317969351555
39508,191.71599755523198
39509,201.21046278225032
39510,159.3200772689313
39511,145.13771992394777
39512,410.0250563919396
39513,179.06611891112973
39514,1355.1260820615616
39515,365.04494910325866
39516,319.16366869042537
39517,165.63916974781839
39518,111.79441280859554
39519,857.6657171290086
39520,99.34791166352852
39521,218.25738845213547
39522,123.73449699716691
39523,197.87642526759697
39524,180.92528325447861
39525,250.16203033110332
39526,173.49478458583312
39527,246.6865398367671
39528,142.62480486047022
39529,350.6083282191927
39530,321.91330368044686
39531,1192.1961815333184
39532,425.32273919467525
39533,180.34104637054233
39534,917.9032070413795
39535,175.14049993182013
39536,11067.877821459913
39537,245.89639357658325
39538,203.48049003676462
39539,349.4066580858366
39540,250.9027065761066
39541,144.16957823515372
39542,120.08915685468844
39543,498.63788874394226
39544,321.67618047326357
39545,277.29127041641965
39546,151.0607875909354
39547,134.74807791138008
39548,212.2961658443922
39549,273.49769340659145
39550,136.87000754384707
39551,360.9011703751155
39552,177.85748848671065
39553,191.5221072171369
39554,389.5730449796702
39555,545.1087357797188
39556,140.88675264336774
39557,202.9300109161994
39558,114.87980184752361
39559,122.74465161622828
39560,382.5725941884489
39561,185.11865466467177
39562,264.5333923480566
39563,440.7440859427413
39564,266.14671487605295
39565,247.72720045100473
39566,215.32412835541882
39567,158.33833706237442
39568,131.29975933924487
39569,265.0609515040146
39570,249.68871647581557
39571,209.10847496410184
39572,166.4835131519231
39573,118.22900616055682
39574,171.5933479972347
39575,196.36813055103823
39576,307.99601126815367
39577,158.4262943814799
39578,1296.3558002909972
39579,278.74282453502144
39580,285.38020307251963
39581,246.39652048335938
39582,175.29699548728246
39583,253.35804430244718
39584,166.70528154880276
39585,125.75736987931052
39586,155.4982775769584
39587,190.66780885404754
39588,81.93198464759298
39589,200.07827289974253
39590,158.42059801184155
39591,880.2901969967603
39592,121.98748096170698
39593,124.87358798022758
39594,111.09542809368186
39595,92.88050556215595
39596,334.8197226085632
39597,288.822554000152
39598,215.45207428252326
39599,181.3503624571813
39600,225.72094578751052
39601,441.41722588582786
39602,311.32232780653624
39603,149.02257152235927
39604,234.2025146163965
39605,178.05778313611233
39606,133.49437536184877
39607,562.4444302404039
39608,203.23834627211733
39609,149.80339843081327
39610,150.70830405007098
39611,248.16235924399248
39612,201.67417609306875
39613,169.3547245960477
39614,200.09869345896612
39615,718.437941891694
39616,143.27701975145723
39617,122.1068930246189
39618,129.53303781471857
39619,786.1075830150012
39620,200.58282614714292
39621,149.32415640897227
39622,146.7531504173686
39623,247.58940169794514
39624,124.8127021678215
39625,179.35837356180127
39626,205.8557011098947
39627,171.41075049602907
39628,270.88661007487957
39629,135.49485831789656
39630,1012.1079511280822
39631,246.46626349320843
39632,195.80405254655568
39633,188.54027547258707
39634,125.652546415969
39635,428.3752939254712
39636,281.0784336564029
39637,223.56922760724296
39638,171.20907084410226
39639,472.05416598274456
39640,318.3720591471796
39641,201.2415043552493
39642,189.60450891152007
39643,261.3402872271753
39644,228.90564160440712
39645,234.6709609933454
39646,182.56812370554954
39647,183.4778116261307
39648,252.76557963734686
39649,220.4930322740967
39650,316.4389556921843
39651,241.9801038772251
39652,234.73724673494843
39653,147.8412946226182
39654,272.81486731218774
39655,282.80010001781636
39656,354.55903738383535
39657,463.90664441086903
39658,249.575551742181
39659,323.20833560895113
39660,214.0571609072623
39661,226.20562705681618
39662,221.9492751910058
39663,395.657032856296
39664,150.6833962154849
39665,281.7384524832879
39666,144.80829149748075
39667,155.0128817050262
39668,742.1716212427074
39669,469.6221225413235
39670,190.94639980026867
39671,387.8818020025459
39672,149.29612583998568
39673,105.68839595098177
39674,362.80159478833525
39675,161.6132939704956
39676,284.8698059389737
39677,260.48754370884524
39678,217.61111139508864
39679,233.86684242909797
39680,415.5358821233339
39681,243.8216653783493
39682,173.40951543756543
39683,149.22554937688514
39684,301.5103970758762
39685,159.63851587695382
39686,178.97350458427303
39687,367.9267492987561
39688,163.25796211314133
39689,255.6807981029477
39690,191.60475784671576
39691,327.5137317172565
39692,178.1018112760653
39693,202.25003109496916
39694,150.9166327295436
39695,220.65892146203424
39696,154.41532907485433
39697,215.99261096057617
39698,556.7919429198965
39699,300.10550389558205
39700,281.88491618705564
39701,1193.1054420684968
39702,238.8445442329654
39703,525.6531957920021
39704,180.86516965250496
39705,619.7332286528354
39706,179.78396849663534
39707,260.3098154358911
39708,163.68941745812623
39709,247.59492540541706
39710,127.75650732653818
39711,249.20993395729624
39712,195.89701872246434
39713,632.2188246506015
39714,286.6369764293941
39715,270.77472624257575
39716,222.61937087878766
39717,492.2836096453301
39718,228.72684749870777
39719,178.1016875545518
39720,411.1482262899839
39721,408.35432398778084
39722,253.3481782001415
39723,146.44420221933555
39724,181.2950589692142
39725,169.6830795807399
39726,198.3001960992218
39727,141.6555381644109
39728,177.30262801427045
39729,449.04532996273804
39730,240.48042966162075
39731,956.3384873800854
39732,142.27854879541118
39733,305.8751382714559
39734,200.16372295973312
39735,233.84742809555294
39736,157.9274751522434
39737,271.2094110656394
39738,269.62962274818796
39739,274.3494701107531
39740,272.6306449299098
39741,107.48016089480068
39742,119.74470675105943
39743,232.440631704686
39744,108.37579780445398
39745,221.2464495644142
39746,330.76119082566026
39747,79.39254255539409
39748,184.24525669360557
39749,179.63884803069882
39750,300.08775341372234
39751,315.6371572463678
39752,160.50146085778132
39753,190.0639473735347
39754,164.0282157131861
39755,146.55039181785844
39756,227.90682354668195
39757,401.5351952250055
39758,113.76471867148356
39759,285.05114682914314
39760,775.5899927862147
39761,276.04524095121263
39762,184.6112134401243
39763,691.1436087748314
39764,214.35659899332057
39765,178.10008250120478
39766,259.44748353747906
39767,189.71841523795177
39768,210.1972401650407
39769,204.23487033578897
39770,319.8433291212487
39771,448.130853803923
39772,261.3317079567263
39773,311.3712838483112
39774,182.63211477562947
39775,275.4245272531024
39776,183.22428068702985
39777,219.73359546848732
39778,168.2455546220759
39779,296.1488736829264
39780,247.6080303197669
39781,856.9948647303191
39782,654.4204666957937
39783,378.9294162194878
39784,376.5385813801491
39785,185.17713462719436
39786,171.39307187533717
39787,264.800951475129
39788,335.3034370797892
39789,210.79063272755067
39790,158.96719183023495
39791,172.593501971071
39792,296.5336320079008
39793,220.22876070376415
39794,148.75444941812
39795,202.6507108344712
39796,146.4547582352835
39797,1133.73855372235
39798,201.74520439354188
39799,133.61635530391987
39800,251.9472523909547
39801,237.37401652857832
39802,190.1506864597801
39803,601.161943533373
39804,717.9675756002785
39805,353.62456853693055
39806,474.5917895081276
39807,472.19525159159855
39808,691.7042259766201
39809,146.19782043545447
39810,209.24236383730732
39811,154.06483459791727
39812,323.86241600495293
39813,270.02430384576246
39814,232.30130576708075
39815,178.59038734346862
39816,153.12724917596864
39817,227.3598129758113
39818,174.08996523227296
39819,891.4663063870152
39820,470.6590297586381
39821,136.27384306825968
39822,326.5808072510865
39823,336.139712377036
39824,304.14429779562073
39825,215.41123057777
39826,183.0315279330478
39827,538.829789903214
39828,337.417394650505
39829,254.6520796430019
39830,178.04462733305678
39831,237.2216970469097
39832,145.80579980617281
39833,390.88283097157523
39834,274.7717375819341
39835,357.84393700217504
39836,115.51722418779339
39837,157.46854689449984
39838,233.8825106748228
39839,416.2977787974802
39840,269.45123219596417
39841,384.7890713023856
39842,314.6519315861753
39843,227.60846199037695
39844,185.5136116521875
39845,114.22677690049899
39846,388.6154116011271
39847,112.1007884857887
39848,175.941584969587
39849,425.28846099365603
39850,265.403955783942
39851,289.69952395751505
39852,140.3244689679285
39853,447.33758180116007
39854,404.2569227409413
39855,271.71201504966604
39856,203.12296038299868
39857,300.09847600743393
39858,230.76852802610543
39859,214.096466406277
39860,239.48083623150757
39861,416.17289925319545
39862,459.9533070892868
39863,224.61982394585945
39864,208.61923853215345
39865,203.5430927863672
39866,184.44910562439168
39867,312.1322591638627
39868,95.70828026195908
39869,284.4481233551047
39870,745.2852375509863
39871,206.3524574378612
39872,245.88499373399742
39873,193.27754239714753
39874,928.5734786805054
39875,154.83062511087738
39876,195.59137554930697
39877,372.3810083728319
39878,167.32131920456294
39879,163.44882517807224
39880,153.54498673943596
39881,146.78361428357275
39882,186.9997121009399
39883,426.94001711147257
39884,217.03860296324262
39885,707.0902500541288
39886,171.16107932056624
39887,214.98137836383648
39888,159.00135412547687
39889,195.63555818566095
39890,289.5394653116381
39891,368.6988157190983
39892,163.64343784441132
39893,1072.2405629771224
39894,437.30919428355264
39895,129.5148891256558
39896,203.8113798008843
39897,252.60684701164354
39898,185.996107935512
39899,162.2677500234754
39900,405.4682474349463
39901,413.9741907146167
39902,316.0448663742643
39903,154.74952729808064
39904,667.817184835448
39905,243.78781002147426
39906,701.9940840318785
39907,316.4919302341071
39908,220.4373292197003
39909,291.05913482695803
39910,239.60849705288607
39911,307.81309018191087
39912,227.92786796386616
39913,150.52991567275313
39914,251.99009566279545
39915,165.17339678778646
39916,506.65188955152524
39917,262.64730508370087
39918,328.63862906767395
39919,861.2305703208616
39920,141.67560403211496
39921,325.5683715260717
39922,185.50920864261101
39923,308.57714496179415
39924,195.6733341269852
39925,574.5222322863373
39926,296.8610280478467
39927,339.36082272884187
39928,338.999259135584
39929,324.40140878151453
39930,144.74851478287894
39931,309.72116802751884
39932,657.306163009727
39933,286.11506358600724
39934,269.3603543235558
39935,612.6098277781505
39936,836.7385784923101
39937,163.11082650789868
39938,439.9573502607731
39939,132.98411706376413
39940,270.31702041297484
39941,207.50094740546828
39942,175.0820861328253
39943,322.08439870321445
39944,923.422604323029
39945,543.6288733230033
39946,78.02879432715325
39947,329.74180665474574
39948,348.80985695257345
39949,312.52586568317855
39950,338.2589665626491
39951,343.3634982887179
39952,214.87254046751326
39953,260.268918354118
39954,182.9015912354432
39955,413.5422885498504
39956,148.92275298746367
39957,354.1107472296837
39958,400.70370325807517
39959,99.91253128427249
39960,210.01377737603664
39961,186.30571354642618
39962,232.68323272902586
39963,285.5842587670854
39964,276.56826507037954
39965,468.224143679676
39966,696.5999734071455
39967,750.8295896239605
39968,211.01682844578437
39969,139.99293933994952
39970,511.8444821490117
39971,282.94053383230494
39972,116.23695345647135
39973,129.02717036078582
39974,183.0808908517164
39975,137.35955762543878
39976,263.30526054793154
39977,240.99491054077566
39978,140.68268660272022
39979,149.92082172867262
39980,345.23245250849254
39981,136.13858445700805
39982,147.25731608880244
39983,199.17486795614158
39984,189.17899895796833
39985,226.01076434628413
39986,523.4625733084398
39987,518.2236462525636
39988,372.192918231913
39989,167.3101397487193
39990,270.61436708188097
39991,412.0778667582989
39992,342.1751350781683
39993,107.07260760093617
39994,166.2751380622814
39995,260.0157403701283
39996,193.45265020952402
39997,209.83550557569225
39998,238.93715784542468
39999,359.82178532819773
40000,244.8035928194799
40001,179.96628565342567
40002,121.37925550986441
40003,225.0762414492412
40004,206.59571370803542
40005,930.4017273414397
40006,197.00205309185185
40007,356.3317971367394
40008,216.64041070063067
40009,472.9442980548537
40010,574.4847542827005
40011,232.65692838839362
40012,452.2289860253236
40013,128.96082330554026
40014,188.6123496841231
40015,275.58080534316
40016,129.32131990796645
40017,334.9744658676414
40018,231.53604893347537
40019,305.5199741036216
40020,421.319533027892
40021,764.6765526671494
40022,239.18943622790462
40023,272.72694368565766
40024,160.0048772436002
40025,160.72272122225257
40026,221.38912676257775
40027,429.0976724671909
40028,271.2173784013006
40029,233.06321925439252
40030,164.35563736717017
40031,124.07909882886099
40032,340.88279444907795
40033,325.0042381730734
40034,688.1613834033835
40035,383.55119971852395
40036,962.8379501368302
40037,143.98657735430027
40038,450.9857588818855
40039,180.9745277288175
40040,380.4971847543097
40041,620.0393914902276
40042,260.8400298232376
40043,110.40119730251831
40044,565.6885708599681
40045,517.2469750606436
40046,229.41493886477258
40047,177.3444464936199
40048,249.10499500659978
40049,151.18274466117538
40050,151.40857595650778
40051,454.95474478574357
40052,282.3626764602363
40053,152.05426222075704
40054,517.1144304699106
40055,138.24164041528007
40056,234.38253783501517
40057,159.77480645299826
40058,158.7400806252208
40059,344.41706767926553
40060,483.5904087550148
40061,551.6137594409686
40062,137.12377895598286
40063,228.44297764168817
40064,198.3245928241901
40065,199.54950018276136
40066,101.81213941677441
40067,273.67782499633915
40068,283.1653562855446
40069,277.51526511291036
40070,254.1174592133188
40071,708.4741998180117
40072,594.9026812601488
40073,153.90323235792798
40074,630.7252999263985
40075,332.5577046223906
40076,157.54782218296103
40077,967.8723566845496
40078,213.85074954406255
40079,224.82562696557756
40080,170.0800698624517
40081,246.20947657742593
40082,202.1056347714092
40083,443.39838971867823
40084,327.68454950829266
40085,208.03070233703633
40086,170.19122152056684
40087,231.41618900441884
40088,433.3035674643112
40089,290.5188375868468
40090,398.4207654992737
40091,347.62871580915515
40092,109.55733664747302
40093,290.30571255737976
40094,152.05917418136033
40095,575.578533727791
40096,243.83796612054198
40097,1559.3675578181942
40098,180.53782167392197
40099,117.74796148773979
40100,141.82968667523332
40101,243.0299559203031
40102,219.66589487523245
40103,239.85010358511164
40104,235.80068191652367
40105,519.7477069932224
40106,927.9208487854269
40107,160.92588382403582
40108,173.78118075954524
40109,96.9521775682672
40110,443.5007020025907
40111,632.8788265456099
40112,247.09371749082413
40113,173.088118181063
40114,128.7069623315009
40115,258.9005848739306
40116,233.5348251878364
40117,145.55391730782748
40118,138.5086505559353
40119,155.44513249956887
40120,325.2066808284463
40121,171.4515526862303
40122,246.92952330076582
40123,151.8716302805606
40124,540.8510640003311
40125,538.1476742961761
40126,242.3038504243758
40127,1604.7714226138783
40128,267.5509694528854
40129,153.46127256782242
40130,196.0712555458688
40131,119.12327643915677
40132,282.5710259717274
40133,192.3992071078386
40134,235.23889270503832
40135,241.73561695159378
40136,302.1475442649682
40137,295.6100432049417
40138,198.75898175186816
40139,174.18037960312088
40140,135.23293527451722
40141,198.7951653069804
40142,272.25406566182306
40143,257.8016196035791
40144,355.7006094649343
40145,268.059402245776
40146,179.6673454762243
40147,299.2813511149429
40148,94.216204709993
40149,386.3029599673572
40150,100.75422949875536
40151,167.94898445921882
40152,190.24574069780323
40153,189.8709486317452
40154,122.70721948172624
40155,473.83412031912894
40156,337.74519879167804
40157,299.5246286327955
40158,144.30997458369106
40159,337.81323875914666
40160,694.004767495795
40161,609.182707648066
40162,241.14216017147504
40163,132.70592631215962
40164,193.1394599770446
40165,186.55035818029245
40166,275.77427104976937
40167,780.4467811314369
40168,319.68561122608486
40169,312.0092694690273
40170,275.579149178676
40171,205.29408494584553
40172,481.0065579028348
40173,170.49501082835002
40174,164.89014987084107
40175,132.9720100005353
40176,185.24463842662493
40177,1479.3454612466217
40178,226.50399306386674
40179,200.2097937453853
40180,118.53281960045382
40181,225.57812664215766
40182,218.57768937862224
40183,187.12333227759058
40184,296.2338538334667
40185,165.48728236697386
40186,199.07663777483862
40187,309.07072992356126
40188,149.26361016563513
40189,134.43137002229832
40190,146.52587495867027
40191,208.38294165534262
40192,220.96407917812766
40193,161.0256305354746
40194,438.97199288954755
40195,160.3019830545564
40196,320.95880255541647
40197,110.91428727560026
40198,136.49319737630884
40199,428.07805187727786
40200,472.0620760303848
40201,150.84192935447356
40202,110.48546266645923
40203,253.88655699373788
40204,273.79157705844653
40205,368.1897311979086
40206,258.86058616841655
40207,191.02040608993727
40208,351.95369361147186
40209,294.1458925955076
40210,394.2209933799801
40211,157.75813418949423
40212,225.37529623418743
40213,206.94965178446964
40214,128.60105310512796
40215,297.2069254060138
40216,177.33814203973157
40217,281.27531163926267
40218,400.2322549531303
40219,617.8575140657591
40220,284.0793480381908
40221,205.84472941275422
40222,243.18298074257513
40223,161.57974493468015
40224,226.69452095172926
40225,211.27201186438973
40226,127.93984173216622
40227,260.44437240257776
40228,221.48852090805946
40229,293.1144106267077
40230,756.394324248252
40231,199.86899205926343
40232,320.5470319970102
40233,213.0851590837705
40234,530.2131256884717
40235,134.28382010445807
40236,168.8302721897092
40237,283.72175736357985
40238,374.6996977736071
40239,209.6747469190366
40240,137.05496722329215
40241,200.01742680933998
40242,1339.9738839798792
40243,183.09598396681648
40244,230.2315632550997
40245,606.2846008034097
40246,255.20263475532948
40247,138.86828191043298
40248,277.0592096555147
40249,318.76796442202254
40250,455.9922147566553
40251,313.8428210893269
40252,526.0332102385468
40253,255.75157146036116
40254,122.38328363508634
40255,136.0932714072729
40256,265.6027900946442
40257,264.03034092830717
40258,147.80711569529453
40259,240.91199515016115
40260,414.5209914375793
40261,194.21115719990064
40262,122.33980346099555
40263,148.29504743310878
40264,135.36072090277955
40265,226.68856261919896
40266,122.03579172146667
40267,212.02856119748128
40268,280.19598818497525
40269,208.63532784739368
40270,239.3953912738396
40271,198.48241848894426
40272,106.81290583290411
40273,259.6285254203174
40274,152.73620768130337
40275,489.4154370424462
40276,121.04014486036533
40277,592.0698980479953
40278,195.63273444532106
40279,170.2899301556571
40280,152.9222865574871
40281,417.2091266635589
40282,584.675819552715
40283,347.91820799401745
40284,165.74367702501846
40285,337.44322580811905
40286,267.123851996695
40287,556.108739983323
40288,513.0274644156036
40289,241.53939848004367
40290,387.9320059348916
40291,537.3199279700556
40292,215.20261787790548
40293,214.90315642094723
40294,139.7570208977378
40295,174.60271226915765
40296,612.2823341453826
40297,88.03228445213553
40298,257.6634224729411
40299,247.3457195136036
40300,131.23970605198915
40301,176.3449725337664
40302,457.98282452287754
40303,296.81174952251877
40304,185.15076135252232
40305,413.55741822578176
40306,209.04365922277063
40307,414.3314368238398
40308,318.32496510185774
40309,192.7681963124527
40310,155.89318539714762
40311,194.3123812171191
40312,155.96177284781797
40313,277.66368760672316
40314,156.2025231797271
40315,163.12332367107217
40316,191.35489426078394
40317,199.16708406778935
40318,324.4874863687832
40319,486.0935292202414
40320,137.31609289851517
40321,159.1619079433626
40322,171.12729046545817
40323,118.787195280051
40324,125.85373289677098
40325,404.34256258936114
40326,204.3723353748397
40327,588.0527959985942
40328,163.79199826341613
40329,338.84925816946713
40330,500.87504543042076
40331,231.55629799432975
40332,476.00626155098416
40333,271.5485081682783
40334,166.94935931629055
40335,139.93614234266417
40336,152.20940827021946
40337,253.293357898777
40338,140.42878631874314
40339,197.98201696803707
40340,186.44285436811984
40341,119.26114342958225
40342,318.3745424739711
40343,137.04202034700725
40344,710.2367387555122
40345,524.201896609316
40346,128.1669620069099
40347,177.62067675135992
40348,176.80443251428838
40349,256.02801878985554
40350,226.6993439424299
40351,120.38908680929859
40352,234.4760426658851
40353,217.2372793863097
40354,217.11464811718187
40355,144.33068939979498
40356,596.2451184105314
40357,175.23235800513152
40358,194.83922969562695
40359,176.41711959400251
40360,170.77720566168438
40361,444.40186284833567
40362,169.89221122963883
40363,207.32360595191403
40364,196.41598638842913
40365,190.8767126704419
40366,302.9026090957284
40367,144.6087921875619
40368,219.79652487485245
40369,257.6557997218039
40370,313.2299965849392
40371,121.27388797693216
40372,304.2209416062592
40373,319.4038589151394
40374,232.25928278817545
40375,490.37570004036354
40376,242.88383145866692
40377,233.7244501978113
40378,162.95847853961558
40379,155.5699906379406
40380,332.613014297427
40381,468.44705673426427
40382,177.60113213698884
40383,162.18669911950656
40384,185.98536170615853
40385,173.0631862478707
40386,353.2286805687333
40387,108.15394335402223
40388,544.0612731082455
40389,203.79995101847516
40390,471.44813131768774
40391,354.5319944913563
40392,263.43971187163004
40393,231.63894084477585
40394,223.0890027580871
40395,140.66045541479846
40396,292.5338407253745
40397,76.26325636822553
40398,217.70476392025014
40399,188.5242779684924
40400,339.18359134008585
40401,239.33563105699199
40402,337.17320132562867
40403,236.84575495591736
40404,460.25273271745766
40405,166.93143296747235
40406,333.2319942967149
40407,246.5237681350914
40408,406.0448099642886
40409,217.57653530955326
40410,171.39683283170982
40411,123.06422935873678
40412,239.8047371363535
40413,123.00596040119827
40414,322.9582706421655
40415,208.94805929793347
40416,300.09846306003976
40417,189.09869189140423
40418,201.18424962689133
40419,110.35354071805352
40420,222.2625923383517
40421,175.4196334487845
40422,180.13565868495706
40423,481.76946698163874
40424,203.6956078660555
40425,351.09219291331146
40426,419.60544707651474
40427,290.4941451736014
40428,192.5776391908653
40429,237.10824923388276
40430,474.71728321528735
40431,162.48785830640634
40432,216.73932776869324
40433,192.55436374497356
40434,195.99943393300558
40435,380.40071947643185
40436,169.8855879776878
40437,247.8125574020752
40438,235.03626490153457
40439,152.52006488620074
40440,721.8282081799448
40441,903.9268580539464
40442,244.62361791147498
40443,229.62540885568148
40444,145.76411304372084
40445,190.4372719714608
40446,515.759045636391
40447,125.15843779605682
40448,288.0982694625629
40449,169.73732311431718
40450,328.28039782786703
40451,360.8313798773177
40452,260.8816674796531
40453,141.65193980022067
40454,184.5456858541227
40455,143.2981161382018
40456,145.5013385003664
40457,210.27667754089887
40458,252.37393901165478
40459,161.01021017358462
40460,192.17343114173522
40461,563.6531874728043
40462,206.58766006100996
40463,166.03792643776018
40464,247.2802496507754
40465,123.90690776835447
40466,272.8326382071944
40467,249.91061675521783
40468,237.36906569155255
40469,169.89072980007333
40470,205.27576243669765
40471,370.1081712849066
40472,302.84249089086177
40473,108.04017001895181
40474,286.4700895163345
40475,407.9446771102093
40476,174.65890505490052
40477,208.0502956804418
40478,166.0228540907516
40479,259.19766178116424
40480,706.2209910955581
40481,217.9699668141139
40482,100.23142421968105
40483,186.89988449998336
40484,228.11853105469328
40485,393.9701321480246
40486,191.36740241312992
40487,387.105599120013
40488,244.7444651619254
40489,131.42953953157024
40490,261.0117333235196
40491,234.6848079220631
40492,369.3810544132814
40493,334.35223536894483
40494,265.9074989000672
40495,376.475627107392
40496,406.27612113075674
40497,140.4000974035976
40498,261.31634148310405
40499,190.5627297537585
40500,405.79916769822455
40501,391.86988678416515
40502,228.03457877555442
40503,2078.7580838061954
40504,180.210039437448
40505,349.7248541300318
40506,191.89502274771405
40507,211.19319169824024
40508,393.18389476058155
40509,221.8373188343117
40510,132.91813126507242
40511,83.77966678691021
40512,102.5567280465799
40513,192.8746416498754
40514,252.11408888909224
40515,129.51297967617614
40516,161.21901777027514
40517,169.72128061625244
40518,127.81992389485612
40519,307.18764939052886
40520,451.3242425334639
40521,87.06560699773837
40522,141.6983479461268
40523,247.96618689174605
40524,426.2564960635809
40525,419.94893050834025
40526,148.0516252380319
40527,204.70361472706597
40528,159.92690534911605
40529,514.2526213627691
40530,473.73236016974806
40531,173.18231401182416
40532,375.9813382532603
40533,125.88407310320403
40534,245.25747689623802
40535,140.4617258098279
40536,182.0634044978885
40537,289.4459808211549
40538,175.57728888230204
40539,136.93166159433517
40540,226.53953946993303
40541,211.3617615415942
40542,188.51482182455499
40543,247.54911198867808
40544,275.6733354516136
40545,196.80028263829325
40546,224.2749942628424
40547,295.1801060323381
40548,212.0096038381849
40549,185.85094999469857
40550,369.8921207845291
40551,216.38091720700018
40552,112.38622623210705
40553,220.28022275206425
40554,138.743450251976
40555,201.3861645964995
40556,163.01549001096737
40557,274.58620557427423
40558,204.4415177555217
40559,431.7953882262382
40560,221.06996931181493
40561,148.1046544978073
40562,633.4745520302898
40563,209.17849748699402
40564,146.61841612152608
40565,155.38523888795456
40566,165.1492326838178
40567,251.12805052459981
40568,275.5911802324885
40569,573.5287187118918
40570,555.4379284975278
40571,227.61427781378688
40572,366.70900727731595
40573,350.97073203118543
40574,239.3284015543112
40575,178.28387989143798
40576,237.29956132284613
40577,366.91303889309114
40578,225.0563803594323
40579,556.6521342783755
40580,318.56462101407675
40581,305.1835628040892
40582,320.1041386426857
40583,296.6793765778365
40584,214.81954733061173
40585,316.24371243763443
40586,249.38882381119888
40587,381.3235075035276
40588,230.79950075794702
40589,200.5345865292324
40590,261.35390970058177
40591,246.1715302613962
40592,213.04652328515388
40593,255.98797010879667
40594,212.68554645961453
40595,160.74728815788697
40596,340.08967203844145
40597,149.83215203553237
40598,374.43003736149075
40599,307.4081459969832
40600,178.33222730284868
40601,514.6561898269656
40602,146.59239394982586
40603,146.83722901508872
40604,349.07878203964316
40605,393.1214934281222
40606,365.25850987535523
40607,227.9009264542754
40608,204.04854201874178
40609,126.98744421312352
40610,571.3866760093401
40611,150.5745338205083
40612,124.78311078161235
40613,263.3657013764297
40614,948.7516312822652
40615,247.00552022915423
40616,216.83895634726107
40617,191.78082074770086
40618,147.38844014816425
40619,312.8957240459824
40620,133.99648232674127
40621,410.2638239949177
40622,172.8335424363895
40623,515.8888373329639
40624,151.06180951792
40625,180.14575182992934
40626,325.0723101624396
40627,207.3403049929452
40628,139.94495607662492
40629,242.93206071598598
40630,434.5005082096946
40631,563.8675476638018
40632,210.0746600822162
40633,218.84763507364096
40634,183.66378141280435
40635,297.59279312697913
40636,160.65570565389763
40637,123.938516345175
40638,168.51071322478603
40639,187.18681263341335
40640,139.13577948609418
40641,198.89870995369736
40642,250.60187041618124
40643,196.25066521985758
40644,246.9107922986675
40645,860.4674680893376
40646,274.568644755766
40647,189.11557645309153
40648,170.57130890928192
40649,76.52991820398142
40650,162.87070319962498
40651,242.82590062930575
40652,175.59967223026572
40653,460.7000756847166
40654,130.83578904837333
40655,249.38290711856877
40656,204.85543527779743
40657,324.01934423437626
40658,116.94398687991014
40659,269.72927897922057
40660,149.92088620340942
40661,211.59857370514308
40662,169.21123788815876
40663,192.9034459199427
40664,136.19867992704707
40665,140.00441180179337
40666,171.81700014267713
40667,179.04323582611906
40668,166.35427714675654
40669,207.09177368438722
40670,245.1619129591474
40671,425.0875930829564
40672,217.72457646833828
40673,339.1356852308697
40674,174.81290267839984
40675,148.06594016113849
40676,365.45491907234646
40677,455.8391881040651
40678,325.2315304664003
40679,256.5157182767109
40680,406.26804228306924
40681,152.6251663246242
40682,230.84397895826075
40683,117.27706820764348
40684,249.52482150091564
40685,152.7182835327527
40686,239.87601425842865
40687,100.74236803970368
40688,304.92055316153414
40689,441.10375012624496
40690,195.07041636484723
40691,191.7195747403497
40692,315.4606524966882
40693,245.03188603350662
40694,89.37541081440568
40695,274.0266980451395
40696,262.50276024978194
40697,318.31675860805404
40698,135.91530529258347
40699,447.74953979951687
40700,201.1341614117091
40701,218.35551777402026
40702,174.86487033850491
40703,225.23324973699155
40704,909.4276411003567
40705,305.4248367718179
40706,273.9266895372561
40707,337.06668809923326
40708,183.99159417562655
40709,195.18170008734688
40710,257.36130823862527
40711,251.45731401851106
40712,182.54883987141756
40713,350.52789710054464
40714,170.3866046818766
40715,160.80662791959693
40716,170.24189488587936
40717,186.22209924422677
40718,356.5735577148884
40719,259.1193345185561
40720,568.9368171962597
40721,794.4550688888974
40722,218.99988412861956
40723,166.2343327037061
40724,155.76572537100407
40725,162.99419026325108
40726,329.7652716206639
40727,194.73033635163517
40728,176.76690554233065
40729,300.33292716915236
40730,343.250670833977
40731,249.74153501984478
40732,368.96067028024686
40733,384.9505310104782
40734,311.2951348360057
40735,181.39324360216006
40736,185.66210045220663
40737,242.7266108976395
40738,145.6036372625238
40739,349.20861765732906
40740,113.66471869157135
40741,443.08548245886635
40742,198.3734972613851
40743,820.7270362605069
40744,285.26391913117146
40745,140.01808110297745
40746,186.64793826323523
40747,183.36894159567
40748,229.40530923699174
40749,124.52221482332816
40750,257.84920695891276
40751,186.20251634238008
40752,175.71420214764203
40753,227.94138070324766
40754,172.9715821626107
40755,350.4300093612591
40756,244.77603870883996
40757,294.5219519824982
40758,273.61996821815535
40759,686.8197844186636
40760,636.3251095273988
40761,180.8501103889395
40762,107.63674704753812
40763,166.29649619990357
40764,384.3028527766271
40765,231.7210982276507
40766,206.70472413921755
40767,276.35242405826295
40768,273.1896544193096
40769,110.0770275992249
40770,182.47798049277534
40771,562.2772797960989
40772,229.91937421324295
40773,144.1001155652358
40774,267.12656795213906
40775,118.87240266765377
40776,181.77811666618615
40777,346.54116936590765
40778,264.38622817544575
40779,109.21054750550064
40780,236.8434557850947
40781,223.68358942785966
40782,222.74852548652495
40783,239.38576664512428
40784,178.17004950718584
40785,133.01821561383622
40786,271.8999453480693
40787,142.5194640728234
40788,264.0024455566447
40789,146.08858406025632
40790,207.3620941418031
40791,236.36413043016722
40792,160.28132762895527
40793,213.64641315072362
40794,557.5288481677078
40795,318.2093747555384
40796,132.37165222990922
40797,138.21837423648716
40798,273.88098348788253
40799,784.9869044514527
40800,184.83634898084495
40801,288.8593289467773
40802,284.3937839858386
40803,205.39874391072183
40804,320.2082430523015
40805,108.93660185816535
40806,344.1667657694186
40807,132.21135057274267
40808,140.48351911073522
40809,273.59906813169266
40810,131.72997150264
40811,238.66859951202898
40812,164.8331760466126
40813,233.14365719741383
40814,283.76473081007003
40815,227.1513323436079
40816,947.3393329932727
40817,175.42569704129608
40818,169.71000562016934
40819,110.01048080415411
40820,239.28117193591538
40821,278.9457019718265
40822,207.8813721068985
40823,141.22503020646164
40824,319.9194049429636
40825,214.052859346777
40826,101.37441387608801
40827,164.26967435613184
40828,168.82674045386716
40829,191.8113526954873
40830,87.64210771689888
40831,345.0520526248054
40832,229.85619233533947
40833,251.77040331574005
40834,234.4273155503206
40835,280.3591203141718
40836,305.4956799719954
40837,668.4814990392033
40838,414.45797432120645
40839,459.3070233570283
40840,274.01735579251107
40841,113.15809664436729
40842,178.26325226216733
40843,243.9720202428747
40844,771.9434134965857
40845,722.9770282436774
40846,152.79420772634677
40847,298.4576202385586
40848,165.05174400565716
40849,218.94316213261627
40850,525.7808285474247
40851,337.2057171670999
40852,127.25183382441952
40853,136.0748137230535
40854,148.691860760373
40855,362.5967639643561
40856,352.5996599434744
40857,241.02739395714306
40858,216.53171195960266
40859,134.59502157185025
40860,155.8309626293808
40861,305.09413862076
40862,221.86603344054765
40863,138.52962695021898
40864,216.568441046986
40865,197.10882674592642
40866,256.4459032005097
40867,514.9696038908744
40868,229.07423837405824
40869,212.62243781903172
40870,183.32766441196486
40871,210.0783750414036
40872,182.72927031771215
40873,124.18016146681546
40874,164.02895523500717
40875,230.55580836959433
40876,271.4540560408513
40877,190.00005139815028
40878,133.71780135120798
40879,178.89042683834123
40880,135.249394922833
40881,407.99166812140504
40882,223.63371872149875
40883,292.1117050332798
40884,226.50821847917473
40885,179.20782027758827
40886,1065.6329965560203
40887,269.49916436199595
40888,217.89512836093704
40889,204.16996802247337
40890,144.74317944206496
40891,188.05465905452795
40892,280.3481405597989
40893,358.0141318840174
40894,231.0794317606078
40895,296.725493187404
40896,387.65599001128567
40897,510.31156107071814
40898,174.94695534037433
40899,206.82835206480513
40900,130.86131107728073
40901,332.10611131232395
40902,261.905325097561
40903,329.0085954028792
40904,147.2426072759077
40905,204.2304842739083
40906,169.00536773850035
40907,144.2542523125735
40908,290.5031203460718
40909,790.7002243392816
40910,361.49510718834625
40911,301.39786856797673
40912,166.4634628956996
40913,293.1399071965374
40914,209.6195008514331
40915,328.8144965439289
40916,317.0898116636351
40917,230.86094034408896
40918,157.86677119948527
40919,318.82817493746865
40920,250.54824735886186
40921,282.2568567268932
40922,199.53619301344548
40923,134.87671478552323
40924,268.0344013630164
40925,135.61622231349003
40926,178.83622315923992
40927,267.99831037162215
40928,233.03278541559013
40929,116.74463276474403
40930,264.2624102503057
40931,209.1294873234939
40932,155.6864215294039
40933,166.78791635222564
40934,691.8497491662447
40935,141.91503566176053
40936,351.38561932030035
40937,377.8528856498323
40938,282.4210538660037
40939,328.53972358233545
40940,202.37798235000002
40941,360.1868924183512
40942,143.157316186722
40943,137.48979864151346
40944,316.20319116185823
40945,280.22787487889735
40946,369.26266798320705
40947,265.1561089066256
40948,112.01412882494068
40949,222.79252161624188
40950,264.69844930867515
40951,168.39887436553067
40952,131.25836782665758
40953,304.59278411732
40954,230.74760454848155
40955,182.6355422281395
40956,292.0531932053732
40957,268.6970490175089
40958,130.03423293728446
40959,294.27462958355494
40960,475.0157663527842
40961,258.75789213685573
40962,303.1682357236005
40963,166.4839082484603
40964,191.0171108700851
40965,250.08617033755843
40966,127.06881764044414
40967,236.8038737231841
40968,150.58425009664617
40969,390.39368376741027
40970,136.77111190680256
40971,260.31949504818033
40972,192.07217598860578
40973,222.27626851545486
40974,697.8049798583028
40975,245.58613404827145
40976,340.60398033650745
40977,246.86976074270078
40978,171.00732407706616
40979,355.5340569810559
40980,193.64819118241235
40981,395.12870481427694
40982,215.33822562171045
40983,157.00542559232392
40984,220.86950954942452
40985,226.45223169494753
40986,173.8965373355988
40987,215.13427333911983
40988,103.7433166546864
40989,350.910449453259
40990,154.3903128605951
40991,218.07349329471532
40992,329.69183193021297
40993,299.24792966485194
40994,164.8424824961196
40995,387.88521582388285
40996,237.44777360431908
40997,201.3996284812968
40998,185.06429486862143
40999,281.03951309401475
41000,348.21561747592347
41001,99.16204754887754
41002,510.05430601293017
41003,90.67337874084481
41004,134.53850069504713
41005,306.3784971863307
41006,210.71007456990682
41007,189.63078429135507
41008,199.17471415344775
41009,1123.285716604179
41010,296.5959772237834
41011,132.22497340083834
41012,485.48881919951896
41013,153.87163787938783
41014,164.00702808243236
41015,155.52730006458822
41016,632.4474041698568
41017,255.85934960120363
41018,223.28029967532387
41019,271.7372592149321
41020,253.13467423119675
41021,131.29793456985232
41022,142.6352432112059
41023,176.48531766430136
41024,596.7131007472337
41025,313.83153169410116
41026,234.01912219379244
41027,181.60997144709205
41028,174.04798183544702
41029,193.26629567934572
41030,166.71515940192128
41031,110.34913092896511
41032,367.92469742205185
41033,412.3424075250874
41034,295.5399606349243
41035,220.61087183549404
41036,339.3052204763328
41037,189.819825210633
41038,624.8023071669946
41039,159.78146576294586
41040,264.90532094090844
41041,243.7135550188081
41042,171.1700279664978
41043,179.23739190626927
41044,387.7284990739099
41045,860.0158143615664
41046,236.85979948255041
41047,212.3227765674856
41048,388.809970158898
41049,197.47940234050932
41050,124.20712787857778
41051,234.05424930131952
41052,225.09828640213246
41053,296.44269609600394
41054,766.5918139922552
41055,134.24688225154134
41056,370.63732786850125
41057,371.7898953914129
41058,193.63670165793653
41059,150.1240102354609
41060,196.1018666764345
41061,227.25201628228604
41062,225.05710767216968
41063,560.4622750526255
41064,158.82053704401218
41065,189.18018913855067
41066,462.06540671745
41067,709.3093708064551
41068,163.68857215486304
41069,184.50803507570458
41070,170.15501006409482
41071,334.30403128068883
41072,232.45277800054092
41073,128.09396781250453
41074,304.05163498263215
41075,186.77437048615568
41076,129.9604055324816
41077,260.8669437378543
41078,315.7861778986155
41079,516.3157984310749
41080,372.0867215745347
41081,162.77097496668688
41082,116.6840718723454
41083,246.9800606344036
41084,281.68414043067753
41085,355.47682016939234
41086,149.96544825637653
41087,255.37280732561118
41088,181.91773194392033
41089,142.22068883482885
41090,336.14171718243927
41091,467.93378683546655
41092,219.7800970861299
41093,249.07502065637624
41094,123.3104471216655
41095,183.23708716201898
41096,263.79843323495317
41097,81.58265288932743
41098,143.1463515586645
41099,382.1949262435527
41100,191.14358192962212
41101,182.33732964001436
41102,217.25544470320884
41103,233.9320529294361
41104,337.4784581751237
41105,356.6948723695672
41106,361.14348542182086
41107,162.89638284826708
41108,168.69360550314855
41109,687.3954813112481
41110,718.7342180797718
41111,123.18259329462025
41112,758.6703008097479
41113,158.19525218101137
41114,485.1068897587603
41115,259.5835667121888
41116,172.67578583925064
41117,200.55654805547815
41118,240.25007073372336
41119,283.5055590036044
41120,279.5293460667165
41121,95.35695858302364
41122,168.77777204617496
41123,138.30789632085202
41124,362.09680112676733
41125,305.71260876548115
41126,204.589377090171
41127,103.23892595714238
41128,166.79805893046893
41129,531.8490420325575
41130,212.45712976321516
41131,451.32441997178347
41132,190.46478907576886
41133,137.31118856875045
41134,349.866542771897
41135,141.56923172381454
41136,404.54501355006414
41137,274.2035527056621
41138,1121.0380308592648
41139,334.3790619411043
41140,115.9563363559432
41141,200.97763526922748
41142,228.19327088283202
41143,362.45988020709547
41144,142.97011763797235
41145,140.9314464055974
41146,175.2515002123427
41147,296.89041425041916
41148,153.91483127055488
41149,589.9419451892115
41150,132.83667922929658
41151,177.79981262392016
41152,163.39854834898392
41153,252.74315565278562
41154,257.58877992553005
41155,200.56016240110418
41156,442.14733242070776
41157,185.41060676431297
41158,135.65187743420407
41159,354.43636926474613
41160,248.26417711802452
41161,208.69481629724544
41162,607.7050018166454
41163,178.04611678751834
41164,170.5734334312682
41165,180.96643353256587
41166,528.5387251228702
41167,303.4202701718623
41168,643.0007415141723
41169,237.42476290909872
41170,744.5959757778644
41171,164.27804975315604
41172,180.9772853089318
41173,353.33627067968723
41174,175.84913958515835
41175,146.73332773996594
41176,214.1101672108565
41177,256.92479693810617
41178,169.03234608007085
41179,309.527776346375
41180,140.23438529394764
41181,294.3769370803732
41182,150.02494175117982
41183,262.2036091357995
41184,341.62339181368253
41185,159.87053268661307
41186,233.2722450355625
41187,426.93851072279256
41188,688.1189622375249
41189,409.28958763001765
41190,154.11439136505777
41191,241.15893263083413
41192,608.4645254047124
41193,159.2537821694731
41194,312.6951275533375
41195,235.94813632386172
41196,282.8447531439598
41197,311.5243164147406
41198,181.84120289134881
41199,233.00990793961338
41200,250.16877819884922
41201,258.30528873155026
41202,883.0105328077127
41203,155.01761554710077
41204,170.7636591251873
41205,259.9070218554577
41206,1032.738806917936
41207,224.13005929555743
41208,152.20717485649902
41209,133.66017106470989
41210,182.5237548600417
41211,210.84040371389614
41212,166.3233652475892
41213,168.62561796904993
41214,135.9906966605585
41215,189.44506449399535
41216,177.38676896466188
41217,301.2387786297602
41218,178.42297978266325
41219,189.2489290198687
41220,141.78269463955544
41221,231.90199199179764
41222,192.09098467547648
41223,302.0350815007888
41224,481.84479945707886
41225,478.26221276635
41226,307.09011638309795
41227,184.97014467425737
41228,162.96233617060963
41229,227.1839875370112
41230,221.6571057040341
41231,137.07384751641288
41232,274.70029055392394
41233,706.7258572210004
41234,238.2820668593285
41235,348.99583850402564
41236,261.34635351756685
41237,416.86863247017294
41238,211.70180016557453
41239,206.0011939887372
41240,166.13314270430067
41241,255.673400829934
41242,202.87507143964544
41243,158.99541486085127
41244,221.6747630374857
41245,190.75581136788472
41246,199.05840784123006
41247,166.44378085960528
41248,176.634003002641
41249,368.3944338584944
41250,283.2127707746361
41251,164.13828402058869
41252,443.1934655753729
41253,521.0405655251103
41254,136.5497882906723
41255,172.29357344525317
41256,220.23076615248465
41257,279.54959186016106
41258,316.28334724234236
41259,241.98497504256335
41260,393.7226812503841
41261,299.38472422669594
41262,148.00094028389398
41263,858.4997528930702
41264,457.29308886656406
41265,168.59064581706457
41266,94.0211322698485
41267,252.72268160605324
41268,192.5831396697943
41269,166.74092352357252
41270,140.8610431029947
41271,214.87618094853576
41272,547.4246615149315
41273,299.16255021570123
41274,111.65467968100498
41275,463.2402559841572
41276,474.35383199449933
41277,118.19199825352939
41278,216.03058434489458
41279,218.31491479553785
41280,157.67376021803304
41281,173.42683706640594
41282,130.7654192352671
41283,153.99272317909566
41284,164.70403946012397
41285,154.32124457397845
41286,198.2513836090159
41287,122.78859434840237
41288,315.91220649164137
41289,375.79166031320824
41290,272.7052331657921
41291,396.8816624569937
41292,335.93538090313643
41293,171.72414768581453
41294,429.4000422236196
41295,187.87600663298207
41296,107.09949839690387
41297,156.48122296881738
41298,333.7349449318651
41299,374.30879053087085
41300,136.75754523396603
41301,399.54958880964807
41302,196.46096540185275
41303,241.108958546657
41304,254.1675481255093
41305,153.46773765841124
41306,173.6106584912422
41307,474.6431088800234
41308,158.68119549023632
41309,223.10617589794896
41310,453.37211934098985
41311,123.33754941511971
41312,308.0092396897463
41313,741.1766706247917
41314,334.8803384434272
41315,123.49104023843131
41316,110.12153134207131
41317,306.9609914930105
41318,181.51676392354307
41319,183.92423537351004
41320,173.9848589500554
41321,406.0599771171248
41322,186.80651186832696
41323,280.71614387350627
41324,351.54293266109414
41325,239.7509087473894
41326,295.78266147281425
41327,479.1296243580705
41328,160.3020283188687
41329,317.9318010335792
41330,460.9195039325671
41331,490.365809725689
41332,292.10838078263737
41333,142.33723545609118
41334,1164.5983847066227
41335,203.44473142432105
41336,303.30502356457856
41337,827.9722259084035
41338,415.1888833234873
41339,715.4395451839464
41340,263.73054749187014
41341,309.89250879781383
41342,424.6663111584071
41343,300.05282846868243
41344,213.37444248046694
41345,372.0646645951666
41346,171.9325264254178
41347,119.41221086894978
41348,223.96941049659006
41349,523.4526490769073
41350,248.92937547506347
41351,212.9355428060213
41352,247.6965220159916
41353,250.83865398317224
41354,567.6466257646649
41355,267.00851865311773
41356,923.4109367073323
41357,256.05176547581067
41358,516.0956328205557
41359,185.68476876198088
41360,316.82292532951124
41361,164.06211441673375
41362,265.5185374759958
41363,284.6374604660346
41364,192.07844906503675
41365,117.09331140943993
41366,207.25873140409306
41367,406.7437480811227
41368,288.2813913958392
41369,231.9649744409769
41370,94.04073163972939
41371,129.6746979258117
41372,228.09299349672483
41373,680.4437113912725
41374,285.27180742418545
41375,306.3249233507243
41376,242.22545982676206
41377,309.61752268523287
41378,275.5577249294963
41379,254.39250635365133
41380,194.8787869305777
41381,167.67085156598716
41382,1168.9876242854352
41383,209.41203112921838
41384,216.08080980163794
41385,232.4076383471048
41386,260.3034665698265
41387,278.9301724365307
41388,186.15172240935425
41389,262.03550787206217
41390,455.3069448294561
41391,728.2110968697659
41392,282.1881058928994
41393,144.4133562814977
41394,239.94717806009783
41395,160.6748695786084
41396,201.57816994255512
41397,180.7191774928489
41398,303.93519764154945
41399,161.69188040317792
41400,323.3878681489662
41401,170.7265528634811
41402,176.97757665830974
41403,264.61281835823445
41404,443.55524891570644
41405,130.97580189876456
41406,158.75183221448765
41407,260.88968911871433
41408,160.5423800440791
41409,160.88115764789558
41410,417.1769052280788
41411,197.7276653564466
41412,232.3893829935963
41413,449.1111775323272
41414,225.10021406382617
41415,143.46652478191749
41416,301.81602366074105
41417,312.3970952452186
41418,365.2296541240856
41419,204.59036470161377
41420,195.5263967599127
41421,196.6587423702481
41422,143.2650639389215
41423,438.6280622958078
41424,245.6989271187976
41425,121.99426767139852
41426,1192.9879232081603
41427,460.1251417090546
41428,165.67835741935224
41429,195.807233201784
41430,184.2282935768118
41431,150.8123247607893
41432,343.12894886053704
41433,137.2877648568421
41434,263.6068463896596
41435,217.56171605614367
41436,557.1393876229613
41437,171.78344843513412
41438,803.8858731536508
41439,123.044498152924
41440,106.16279124355093
41441,81.22824305671963
41442,190.01615087247274
41443,145.79694818972249
41444,206.9214624446885
41445,205.06123880569166
41446,340.6978853500879
41447,343.9529885606304
41448,408.9951710027903
41449,311.91846485814517
41450,829.632489192192
41451,416.09603347762504
41452,269.9090557175248
41453,108.1288311331884
41454,375.90824081500944
41455,152.3601355489311
41456,372.3172887374644
41457,237.56161215678472
41458,191.20578522522607
41459,374.0580676811936
41460,150.89485841498038
41461,142.67208281477133
41462,146.46183773365217
41463,196.37964176679534
41464,127.41847830122097
41465,117.04035381453374
41466,210.35872255193715
41467,239.6447703954032
41468,259.15806012883536
41469,213.95187220797777
41470,176.82300793728785
41471,216.05172512101367
41472,165.72384819645234
41473,258.2269322666634
41474,379.5175960971891
41475,786.4149194811021
41476,129.86167975074486
41477,418.74710481454326
41478,390.0102378865795
41479,767.3270722804747
41480,548.5960737474553
41481,839.6361597922745
41482,1133.261358786936
41483,294.7047251389098
41484,398.48734544397877
41485,471.1446663019302
41486,150.13576700934573
41487,180.74441978203248
41488,370.21864334712075
41489,504.4225182391501
41490,290.08369201640994
41491,394.33676334843534
41492,329.2511986991583
41493,248.55569538376267
41494,438.98830786628713
41495,218.04165873749778
41496,158.7488107040496
41497,122.22862647830111
41498,607.3465917153052
41499,422.1354475590449
41500,278.35157092542084
41501,297.27642446703624
41502,134.0120480096644
41503,624.0765678915575
41504,198.94523041626087
41505,124.64219874874718
41506,134.720693248908
41507,277.5248043636334
41508,215.08705356443906
41509,178.46876926678368
41510,197.95194713557984
41511,357.2241348272098
41512,170.07298718192192
41513,144.96264754550324
41514,155.57181011061573
41515,90.24268402399022
41516,161.96903624435845
41517,339.897789332328
41518,122.79515307973368
41519,320.75003465332037
41520,408.8339200093438
41521,265.96072939253094
41522,108.03561014628892
41523,362.7743531350804
41524,218.54193163443972
41525,147.25068283002793
41526,129.37807757085545
41527,139.08176251842477
41528,207.7115137878816
41529,225.28490809087418
41530,207.19772747944916
41531,175.22659948208934
41532,178.6500239005933
41533,241.81725868892806
41534,696.3116700505514
41535,164.08384412022193
41536,106.24494104864004
41537,274.02689640449233
41538,281.31917203417004
41539,314.2228064908026
41540,258.2715147423213
41541,244.24011403278578
41542,190.15192828620462
41543,408.41020516257436
41544,159.67343458702442
41545,296.5993367375233
41546,151.6882505252548
41547,303.3905758408135
41548,158.31789789522125
41549,241.74178144375782
41550,185.89079465144252
41551,338.62345857444683
41552,393.6304516101482
41553,505.4054572858396
41554,302.5965586108346
41555,791.1356066578478
41556,445.96841749343656
41557,237.98719087011509
41558,155.25396688721196
41559,211.8596635540471
41560,577.0211564168534
41561,500.40408743913184
41562,189.27524626682356
41563,161.41446770210908
41564,212.75720363465382
41565,124.77164886436064
41566,363.45521505007116
41567,149.49138200580964
41568,372.670834232568
41569,174.3869089076374
41570,269.3926743145953
41571,151.1981595221636
41572,594.1895318996144
41573,160.13437334882076
41574,258.481805519528
41575,167.23424895796157
41576,171.10024255183464
41577,330.17552953501377
41578,201.75443180974537
41579,161.42551974110066
41580,454.2276064334351
41581,394.4842884346738
41582,329.5106949333993
41583,163.18266848331595
41584,387.9724364933324
41585,415.05931407036695
41586,156.31968972553423
41587,649.6281168590696
41588,258.9358908498031
41589,233.66237592815094
41590,224.51063143072858
41591,356.6624699654096
41592,400.70981267355086
41593,234.07473832877236
41594,243.93042590946493
41595,1051.963133534167
41596,271.69935737612764
41597,189.97840440509287
41598,178.12282187455355
41599,120.11730073554182
41600,259.84466587095903
41601,313.12501316666294
41602,498.1803582761146
41603,791.6872474108008
41604,396.4880865984815
41605,346.2659592722646
41606,204.87038889566713
41607,166.02451439453128
41608,172.92494922037847
41609,166.71770914017037
41610,171.09015171393378
41611,152.16441910476766
41612,421.4635337589434
41613,277.72445561567076
41614,257.9729261827777
41615,211.03578280987065
41616,177.21320591577205
41617,300.7646283765427
41618,194.29467259603595
41619,322.0388692236443
41620,256.6977130479126
41621,378.49769670030605
41622,176.3339920733466
41623,426.46429081503686
41624,177.15775505396508
41625,186.4496002820979
41626,180.1331479504942
41627,419.8427232596253
41628,265.3268520249191
41629,164.73568911403834
41630,164.07381606191348
41631,104.07903252063437
41632,325.1511067088881
41633,187.95621977212681
41634,284.4261343749141
41635,339.88069247011407
41636,198.39745395107184
41637,198.62122852844684
41638,160.1289384156119
41639,200.23318543129716
41640,214.55347623505094
41641,210.2186132162902
41642,866.9600121014114
41643,894.966429693675
41644,318.2390245346026
41645,252.3943454503324
41646,250.74857405352532
41647,474.8225794720823
41648,237.07109450041426
41649,199.92872849898794
41650,132.94523405199038
41651,405.2250765209774
41652,281.91036864808774
41653,242.36379621610035
41654,558.2798395776899
41655,163.88708543270764
41656,361.24819213608885
41657,161.7603174405433
41658,543.3289536988487
41659,138.14156792445897
41660,231.34336320169788
41661,142.2373854795448
41662,171.37885508484004
41663,332.84087270719886
41664,563.7747929088823
41665,223.4894573000426
41666,165.10857030267533
41667,83.57492754313932
41668,193.60333826633973
41669,307.04785143265417
41670,366.0478595618722
41671,1485.2919652588184
41672,195.44438451124415
41673,187.202312736229
41674,207.99612971548112
41675,253.96994337058658
41676,141.101357682676
41677,379.5841406759296
41678,181.2527976845662
41679,205.6003034940715
41680,123.94575668179903
41681,182.5642108482386
41682,116.06961799482009
41683,177.8038713696464
41684,509.50752521032064
41685,122.96750976746813
41686,304.26198349057444
41687,417.45323420853106
41688,190.92885989741555
41689,138.51691001023602
41690,152.71162224900652
41691,1617.035147752882
41692,423.03032329458705
41693,235.3508787386685
41694,112.73105954657746
41695,257.95869488603887
41696,995.9551767915651
41697,193.73027565257806
41698,462.7168996828424
41699,209.19249267516741
41700,289.3328501567545
41701,84.67366271737173
41702,208.73600344039772
41703,436.19377886335263
41704,551.2453687267969
41705,171.94625903412617
41706,206.08834551884294
41707,340.9022757290587
41708,393.00378358025887
41709,202.3867613501581
41710,187.3329733585846
41711,303.9695259716354
41712,231.7392052409285
41713,634.1845737289916
41714,118.25420348808123
41715,91.22356104421233
41716,210.60370145228518
41717,218.47919293274836
41718,272.8940337626452
41719,166.32517119393725
41720,235.33565028793092
41721,180.1540533966667
41722,129.97377582034164
41723,228.59181888993248
41724,179.17597216306808
41725,130.40183068032013
41726,199.94738003449075
41727,184.79621521310602
41728,252.02136991456086
41729,167.70676975007788
41730,277.21621427128485
41731,150.30989794679942
41732,336.02687174391133
41733,136.81825228866435
41734,469.2934708048564
41735,278.68168850597317
41736,178.46045030433308
41737,246.52051146179008
41738,179.64081309268536
41739,299.4969400578864
41740,264.7545961499152
41741,266.53414135961447
41742,256.11229715733526
41743,444.6618504583075
41744,166.80258537060163
41745,742.7881223849879
41746,841.5331511159454
41747,190.5082173221652
41748,258.6687782219413
41749,187.89251660133075
41750,150.63815124633936
41751,248.6591023912424
41752,240.76511088619208
41753,154.48334808917042
41754,206.52510917108373
41755,344.880486071976
41756,74.52392469876598
41757,224.87043077031709
41758,272.7420980929996
41759,187.9544668998144
41760,468.2524288680583
41761,1167.006756572268
41762,186.61584121407878
41763,852.5228981322649
41764,240.79738130233093
41765,400.0174411489221
41766,244.07183861730147
41767,396.2278382654299
41768,920.7429011627712
41769,331.98922767669865
41770,365.35832699921406
41771,194.7394056567086
41772,327.0115917050329
41773,220.03802361970938
41774,343.14167533412416
41775,220.48965607660128
41776,436.6007329266256
41777,138.07775144245588
41778,338.12665648014854
41779,250.56556981124345
41780,184.01446390894438
41781,214.4517980701404
41782,131.00300021432867
41783,482.8934377994596
41784,154.76147470054812
41785,304.388282941423
41786,494.45499267987594
41787,233.1020726742322
41788,297.0958640837859
41789,170.35827685480862
41790,235.8580450809173
41791,396.0811642437591
41792,117.15523897118327
41793,133.93088111232777
41794,352.84656913325205
41795,296.68320893923567
41796,154.91905491674063
41797,179.82009273657616
41798,509.44309130965877
41799,135.11125012324302
41800,225.20048096187716
41801,127.22544992824865
41802,230.67446576701536
41803,223.97557522769858
41804,205.03130287327713
41805,193.28562187525202
41806,351.5212169879896
41807,214.0629300226605
41808,223.94785681056115
41809,139.6963085105822
41810,289.34985723347927
41811,144.27463170401035
41812,426.2091377113718
41813,187.26335744544662
41814,154.9472635074601
41815,107.47377210582634
41816,228.94020660075498
41817,98.45406797951362
41818,332.31522078069
41819,141.28773357028894
41820,430.456899916434
41821,242.45780478060163
41822,291.6478236786994
41823,226.90198064813583
41824,203.36434655049416
41825,477.7983208995564
41826,320.76715918695777
41827,105.33799858467864
41828,387.8190338561846
41829,126.6207618049192
41830,232.91779470333674
41831,313.8508798359766
41832,211.00617243874987
41833,243.9798711948177
41834,201.63568121074468
41835,178.9578873019159
41836,265.87696700403126
41837,345.54947939900677
41838,623.9612448491251
41839,1512.0530921501977
41840,434.46763284601616
41841,199.53416842688443
41842,346.9984980805169
41843,192.97278984715027
41844,143.0046561230675
41845,190.39827087658685
41846,202.6095551225576
41847,204.80149604732628
41848,146.30965887025494
41849,148.62593955983948
41850,147.73239447479963
41851,1112.5303666074728
41852,262.2703784925381
41853,243.3354632097216
41854,188.04659948977638
41855,383.0497996930523
41856,257.695706565039
41857,353.87520039961305
41858,183.68335837906181
41859,157.7252789019349
41860,136.32381627872425
41861,142.4719569912158
41862,345.0198464331035
41863,239.9787085495949
41864,240.38319871791978
41865,98.50498772947336
41866,353.79573076667543
41867,243.7371119620919
41868,619.8862616190828
41869,170.29080660549437
41870,421.58548949695717
41871,99.8164602831703
41872,185.6506854690554
41873,380.11722548228545
41874,159.31934383535486
41875,209.51796132351802
41876,330.008500459656
41877,279.5522485355731
41878,239.2476970152773
41879,640.6886371585583
41880,419.7868265499034
41881,193.91145302593839
41882,186.14129924859475
41883,193.13066768267458
41884,314.4297836882102
41885,236.93279506626655
41886,919.0452311846552
41887,323.0701120393465
41888,375.1775440239407
41889,219.2770896935888
41890,179.01204407202425
41891,263.02475400735284
41892,237.65524251083494
41893,130.7906680401825
41894,180.89248443451766
41895,371.1202591703709
41896,329.847417970238
41897,97.55227516895492
41898,261.67060674839047
41899,113.36352707543116
41900,234.20258654538733
41901,480.1976493162481
41902,314.3997666234598
41903,342.9107227608148
41904,151.75040254673547
41905,187.2617968656364
41906,193.41414400401254
41907,1299.8998889853042
41908,835.7280579534118
41909,258.0765667197129
41910,156.34171787364582
41911,182.3804312455096
41912,102.33546857742567
41913,198.9535283992727
41914,123.97422417617493
41915,246.01409277908397
41916,207.9016529090295
41917,126.90739387692793
41918,217.88184007747066
41919,91.54247053089478
41920,214.1123818807188
41921,128.55222156302807
41922,117.4213813717754
41923,127.98357548367052
41924,363.9796736709739
41925,224.2597498840065
41926,296.07459018744163
41927,225.06570027844913
41928,341.3936062661352
41929,128.64132179917263
41930,117.06331232882135
41931,203.37359566806072
41932,160.56072427350833
41933,307.173840871899
41934,206.19509454304077
41935,153.2949587069684
41936,202.8417720254909
41937,128.5985057809675
41938,359.8660666629476
41939,144.0063373756346
41940,539.01471443648
41941,138.67428473302678
41942,242.9318068598976
41943,175.33668219385186
41944,129.7565173141549
41945,187.901766606896
41946,164.67079232096887
41947,151.3439788662269
41948,180.0132310734064
41949,190.65405485842268
41950,207.85424254408707
41951,105.74936632014042
41952,175.7986517257609
41953,289.53349733090135
41954,167.14375076506525
41955,225.92181269454287
41956,90.19941580093749
41957,215.64377584180522
41958,255.48323177970863
41959,181.4865928248689
41960,474.9557211702651
41961,523.5432586246054
41962,305.00333392638606
41963,193.23743815120991
41964,295.695401212314
41965,158.0770855365763
41966,273.1970121880584
41967,228.97843466323832
41968,411.3009300329139
41969,359.6967660095865
41970,149.50575726672886
41971,556.4323421696877
41972,226.6365377110182
41973,168.0494792470682
41974,683.8632339484967
41975,247.83240386740985
41976,546.2332443218071
41977,108.02602931986678
41978,151.51658789867042
41979,331.7482257022237
41980,97.12353683927995
41981,287.31145535389527
41982,135.50045987244894
41983,253.13253086164872
41984,121.98000090687233
41985,417.5957810066633
41986,192.19558193461472
41987,153.65318601256624
41988,189.55688335438484
41989,242.95861122032974
41990,90.35645976847843
41991,985.1792465174407
41992,312.6927122502956
41993,269.2794978388811
41994,285.3071583379904
41995,314.7723583067666
41996,202.10230505039158
41997,320.5805649113488
41998,260.5421836673686
41999,231.39648420428892
42000,113.45140211475518
42001,155.72185454759068
42002,224.531695751089
42003,238.80347896557814
42004,157.1169360048893
42005,285.28802434782284
42006,197.0989147633112
42007,171.07311345095766
42008,192.96622078665425
42009,186.64499163890213
42010,384.23864384287407
42011,144.15252190641067
42012,186.65286707824728
42013,254.83009644791736
42014,414.1848484724466
42015,171.62702341775815
42016,251.1786982621074
42017,184.70553027071858
42018,248.64968933632665
42019,152.41934722370448
42020,312.98414316368564
42021,240.22316095019258
42022,262.46613015396747
42023,225.12204837881032
42024,303.7757567386158
42025,106.54658817678181
42026,313.5625060156355
42027,164.52962708883695
42028,164.86684108923683
42029,211.11749040639137
42030,179.6030325757965
42031,342.6331815319132
42032,145.59552230237102
42033,149.02833113518994
42034,167.62466069890854
42035,93.69916689125965
42036,200.50281152244517
42037,228.6186707044888
42038,356.5696091271926
42039,106.23294972066009
42040,396.784027017562
42041,470.4077976981771
42042,210.4467630158551
42043,405.20212224745035
42044,213.32104191820827
42045,125.80845994384055
42046,177.20983875799197
42047,174.96214715567456
42048,121.05859076780436
42049,235.48929278797772
42050,316.2633266893789
42051,128.68933807939914
42052,230.96538070190314
42053,240.32510372853147
42054,343.87041768387866
42055,275.081515774998
42056,327.2541838036329
42057,182.53570998317105
42058,161.13482703082806
42059,909.0608945601317
42060,244.8332460791306
42061,153.8223888498697
42062,137.56178518520304
42063,206.145571185303
42064,172.0581866829582
42065,205.71846766188816
42066,256.4239382081831
42067,131.91528876045894
42068,112.15707158214266
42069,272.1151778367039
42070,132.9966837276753
42071,141.45698531226031
42072,654.054434026954
42073,391.8156523822152
42074,94.86106439279783
42075,136.50847595877735
42076,221.8527260542925
42077,350.21218833023755
42078,461.2479951825586
42079,127.35189219931019
42080,796.0991553526313
42081,286.9568156075247
42082,5807.978596921081
42083,119.55523604351438
42084,964.4730132625999
42085,236.25617639279903
42086,206.02613396448479
42087,625.9563810940662
42088,184.65017458112314
42089,352.7068926478129
42090,232.59466358362678
42091,189.93629023945442
42092,596.6622206756701
42093,174.19586152787173
42094,289.9098122088211
42095,145.831666771358
42096,118.02051436985508
42097,168.59094975457373
42098,236.0102993464359
42099,247.70714539007594
42100,345.2003562486493
42101,184.6141742125525
42102,233.3499293050947
42103,143.0450139830134
42104,310.0862382007034
42105,123.77544771791574
42106,324.06077564256884
42107,132.78212466458717
42108,222.93858943376526
42109,304.18109363124034
42110,161.1757262318773
42111,160.16595023279666
42112,323.2297121990722
42113,146.55850750473175
42114,391.6092529369104
42115,227.02201760347097
42116,220.75085202843078
42117,267.6262332745855
42118,166.06125467596766
42119,201.17139435476875
42120,315.32587218438255
42121,296.7143286098947
42122,335.0756878892602
42123,186.4538625325508
42124,415.05439251056157
42125,136.98066558560305
42126,187.37041358335307
42127,167.16774722608014
42128,117.37708068055228
42129,179.42148053507034
42130,146.36836749694567
42131,463.5618334041113
42132,339.5074465109437
42133,168.978566789093
42134,388.90496569325654
42135,149.07267944779954
42136,178.46110078209853
42137,100.04133557176792
42138,222.79829989666445
42139,160.7308342457384
42140,220.33433157800195
42141,277.70131173769886
42142,121.1021773744692
42143,305.2999919758542
42144,95.95797570817354
42145,138.70674565653923
42146,459.3501287960696
42147,138.35291696673517
42148,146.94820581533824
42149,253.2555913101807
42150,95.23593011634148
42151,173.7443817012673
42152,374.33608097839726
42153,113.5823568676526
42154,157.19869997036153
42155,656.435693444775
42156,344.3755429603781
42157,113.79432126842056
42158,177.6470621034218
42159,132.20820307545588
42160,213.1839640259269
42161,365.8653478266478
42162,227.13793031945286
42163,495.1830176844029
42164,642.5125411136089
42165,116.75281385782212
42166,639.0636338538425
42167,440.6323550633293
42168,316.3515981285555
42169,684.6941769167956
42170,262.2193894553731
42171,201.4743237867448
42172,151.43555427147882
42173,136.54317730992895
42174,214.88973269665036
42175,562.9919003360116
42176,352.063148438072
42177,184.317054303063
42178,652.3944857503276
42179,144.2385411397168
42180,272.0376154864523
42181,228.7982984429727
42182,256.6200350887505
42183,219.56725680903514
42184,207.44850406155857
42185,414.12617430618945
42186,196.8426879715417
42187,251.07257457298957
42188,199.84331449077948
42189,183.23853223127503
42190,330.76414059124176
42191,226.451069840657
42192,193.4044428104218
42193,159.1924790580791
42194,146.062809977238
42195,594.0094618853411
42196,216.08323097592202
42197,227.56509397736363
42198,199.14550871649107
42199,187.0163924799677
42200,187.45425011459983
42201,459.20471686653576
42202,128.03164898188248
42203,213.94236139488729
42204,135.00615540551053
42205,204.60387978617445
42206,189.8068759741009
42207,766.0019769875738
42208,232.5992866900912
42209,145.76014919074046
42210,539.5577349979271
42211,157.7431029335391
42212,264.7221415319014
42213,325.5849711203917
42214,362.71027702101713
42215,237.97777095125082
42216,145.38540449702685
42217,188.91776327873652
42218,87.28476008910356
42219,240.1314781403831
42220,249.1681556654897
42221,198.66466005392965
42222,207.09864926579746
42223,158.64510576180336
42224,172.48921334914579
42225,165.83760458054786
42226,154.40515136907194
42227,149.3158114393586
42228,355.4042307318474
42229,182.8825527072555
42230,325.54768689645596
42231,231.63359006647485
42232,112.92492270356664
42233,109.72258457665644
42234,346.74467842769724
42235,321.34656363914246
42236,198.6385470615264
42237,161.42114200099917
42238,153.36450600594887
42239,221.27728543963076
42240,276.70258619631784
42241,152.02762331978528
42242,204.78183148815265
42243,101.8553466734273
42244,310.19747522330715
42245,212.93528966306684
42246,288.116848948944
42247,1633.627735972223
42248,170.6641546303935
42249,149.07160867331115
42250,165.99379122182734
42251,130.97309201063337
42252,182.54439463912541
42253,182.4791055560639
42254,285.78050654722836
42255,194.2837588631547
42256,157.86380946245643
42257,194.82450859122667
42258,140.1697890109448
42259,216.05441682628657
42260,125.13714024847374
42261,126.39258919239221
42262,362.77484381387546
42263,117.980651483038
42264,199.86921530339083
42265,187.34385494758976
42266,167.20702261341117
42267,132.22829292324053
42268,308.1228831371044
42269,140.07476739447716
42270,354.6528265070835
42271,180.7376475670779
42272,440.3054399871142
42273,277.1115268680991
42274,166.37151406914373
42275,242.88322272337535
42276,290.02648743881207
42277,226.3745067909429
42278,389.01215255905873
42279,191.31481588282585
42280,173.81557439578415
42281,160.88207999620494
42282,150.182326942599
42283,271.0075558390322
42284,569.3424593041366
42285,266.6884758168189
42286,718.7939692401147
42287,356.4077792476862
42288,371.3987929031632
42289,362.2398733249718
42290,138.6238229684161
42291,323.63104829123097
42292,439.68037082870717
42293,184.19296371044456
42294,132.87497806450324
42295,169.7379020413484
42296,194.62010571763773
42297,231.21795466522883
42298,210.0503504892286
42299,74.63304351335759
42300,249.02442999498092
42301,232.58989161111376
42302,346.9767131737193
42303,217.82100893537267
42304,184.97592019843876
42305,109.3661797226815
42306,173.80351151170598
42307,279.82428172315645
42308,300.8405379286103
42309,257.2414421672606
42310,134.62232746299674
42311,211.5226741137592
42312,620.9020796741713
42313,446.0426199824395
42314,302.91271077893873
42315,424.9305343076542
42316,218.50938613006443
42317,245.1269973986229
42318,160.1782771005116
42319,686.5412055260937
42320,673.5626568040994
42321,455.1536083898463
42322,803.6444728047153
42323,470.71331465553345
42324,312.5210421741463
42325,195.98253339852633
42326,185.59648994896227
42327,230.4221126488467
42328,323.35035491317495
42329,233.49039466270955
42330,130.87003014373715
42331,135.00130126295227
42332,123.90288701341707
42333,312.54148665497115
42334,145.42291734581488
42335,336.2692757936156
42336,190.09644193428065
42337,128.14859787801453
42338,153.9134096347829
42339,170.80031494217226
42340,141.47974056911772
42341,1726.2917988231752
42342,158.68881326405125
42343,429.9154420689812
42344,99.92817861953195
42345,232.61268100964529
42346,147.64396677823066
42347,189.81712771649308
42348,327.9478040602344
42349,189.98208968442083
42350,155.74344416712526
42351,215.9482454306263
42352,336.96244645400634
42353,184.5149856624393
42354,245.00646626706344
42355,183.8193728491059
42356,235.19820500192355
42357,129.86621588043957
42358,240.27726624245344
42359,268.6142960707089
42360,111.8003836027609
42361,168.8067534057938
42362,266.0015489698129
42363,161.8116012136695
42364,232.16538848497453
42365,206.7241548540076
42366,649.0485764685218
42367,196.96768121188805
42368,274.31724910315836
42369,317.5384040307481
42370,121.72872402060426
42371,188.0849761169029
42372,345.989507632362
42373,318.4229973826591
42374,307.71489520662
42375,261.4814904504286
42376,164.6914311830847
42377,390.9868970561942
42378,427.70556559342623
42379,242.82473730039658
42380,265.4004073588415
42381,236.32100767352765
42382,143.16996349781994
42383,228.21026340304425
42384,169.0506699932591
42385,133.45768136775496
42386,244.38831876229563
42387,356.4183642670625
42388,240.44500929569674
42389,182.48086450325195
42390,151.63484606826955
42391,136.43158921023186
42392,179.23643166006565
42393,376.4879251319367
42394,346.25715135825715
42395,372.13079793144146
42396,127.97129297024954
42397,147.65926387190132
42398,260.3981256755494
42399,551.9602032681428
42400,622.1587436898573
42401,556.8891759217662
42402,145.3300237159866
42403,328.3397770039398
42404,329.8893262680773
42405,359.0277365357127
42406,809.8375661982466
42407,202.03305773124066
42408,233.12926451529964
42409,169.00952965367938
42410,157.08989533423892
42411,238.01319847894572
42412,575.1737796275953
42413,174.34874036073612
42414,207.10634446048803
42415,331.8162738101561
42416,499.9864440046185
42417,202.64440128749564
42418,134.59723410424425
42419,184.85723854783043
42420,243.1466961940975
42421,203.97846473681994
42422,256.641513684905
42423,268.544759372111
42424,238.45264523622583
42425,759.3543576760165
42426,255.05856459873905
42427,263.48303781519
42428,204.8105395718162
42429,167.70349381680592
42430,571.1595871775958
42431,250.91273071456953
42432,189.69443005640886
42433,211.33610899618327
42434,177.30400259516477
42435,212.25204022928142
42436,105.26236224366158
42437,134.36764966889157
42438,566.2406438662722
42439,248.1171543287643
42440,160.66585464830644
42441,110.51285392571782
42442,241.69526468943877
42443,569.195534833617
42444,156.07267967195082
42445,161.91583803785636
42446,259.0347527277706
42447,159.27897080513188
42448,355.3548341313825
42449,250.44897274600214
42450,357.78201130588144
42451,174.96749617651898
42452,208.6943359594734
42453,693.3734117570773
42454,390.44564074357453
42455,273.5387895427367
42456,179.9426659748666
42457,143.95518752202906
42458,307.5870455928323
42459,135.71835971185922
42460,1652.0727847751564
42461,144.81925570216094
42462,142.67452835025173
42463,153.20078999375383
42464,214.42042319620288
42465,112.90906298240226
42466,175.78252164485082
42467,238.3052103438268
42468,300.7065251015284
42469,416.23298206903394
42470,235.88344158044853
42471,110.35507884659319
42472,143.65877067546822
42473,206.87995247917132
42474,140.19230431507225
42475,246.8067384865873
42476,325.72546933164745
42477,502.97875516941804
42478,193.22481545456958
42479,1235.0404381638978
42480,246.41433811935724
42481,171.62380263709008
42482,228.62748345133792
42483,497.7626432817244
42484,185.12404774339723
42485,472.8621002870543
42486,206.09493256817058
42487,254.56536591684102
42488,136.28085791077973
42489,168.93271220196831
42490,199.94789194074485
42491,180.48820482754928
42492,196.53904420001794
42493,261.9073460353381
42494,282.36351467743657
42495,271.69260701709686
42496,277.6652117526609
42497,176.11310738431968
42498,1006.8424184590718
42499,247.31103812239942
42500,197.5237667177983
42501,386.5495151189879
42502,398.13334002628665
42503,274.16223103665106
42504,249.78957795052457
42505,413.45515672719296
42506,185.93446359352515
42507,322.25644000668245
42508,188.43727653751696
42509,113.93574283374275
42510,229.38374431316512
42511,276.87891295911044
42512,778.6745431649393
42513,720.5579596843992
42514,279.65213428823074
42515,365.53397902223685
42516,364.8718566877839
42517,985.8812445923106
42518,245.69916201208153
42519,197.7623911450218
42520,199.60320344270974
42521,99.44066446802344
42522,218.37101271037662
42523,105.76383209404757
42524,356.8652240901539
42525,259.2281388065688
42526,406.08693833476974
42527,279.7423349476965
42528,144.62893115991184
42529,188.8632550717484
42530,282.82163069461296
42531,232.64276095793937
42532,237.0938436890566
42533,150.68885457654062
42534,423.8197478271151
42535,149.6455003238043
42536,377.0881896939154
42537,243.151872433839
42538,183.79422120166504
42539,168.70330245205707
42540,327.5568413224517
42541,352.52871254644236
42542,240.95403265219016
42543,477.24436566442563
42544,285.3109712343574
42545,178.23360421885093
42546,300.46885381464875
42547,265.46795581768384
42548,152.97204723468568
42549,243.83126192637818
42550,202.85004753124326
42551,215.49580737672812
42552,217.9642319080681
42553,180.7378463540371
42554,262.68678340920513
42555,261.85936657423315
42556,238.08728254821534
42557,156.19975828470317
42558,218.62940316145583
42559,293.0054412248319
42560,228.17008759157616
42561,526.0302369889304
42562,194.92554674988577
42563,451.6621919426599
42564,210.18661869626132
42565,455.7431805376605
42566,126.144501237292
42567,338.49356935790496
42568,141.09900778545304
42569,439.72964430133936
42570,242.37195415220089
42571,255.65436818256285
42572,202.08574416117892
42573,108.9737719395082
42574,267.7652573413049
42575,154.27412099388542
42576,175.23255634682545
42577,125.95298810295466
42578,314.68980550647916
42579,411.3443794657768
42580,153.8108696386003
42581,263.8710660527834
42582,166.9734980078436
42583,320.7668022363036
42584,1115.3948570123625
42585,193.68518941827486
42586,327.4232735181819
42587,231.96138548614542
42588,78.3619150477448
42589,235.05971937945682
42590,138.63973123881365
42591,205.1228226550148
42592,147.677237615004
42593,178.8142275573446
42594,180.66880238388424
42595,131.74542620197383
42596,686.5395814148839
42597,163.89182446698143
42598,221.99041210314087
42599,191.56070955188775
42600,159.65066614107477
42601,217.63011895913047
42602,181.13987069426008
42603,185.7945602217285
42604,399.01635976448995
42605,219.5215951048296
42606,438.5506972552416
42607,171.62376748648924
42608,126.15623714914035
42609,321.04420488434096
42610,238.67901229676582
42611,837.0202244789056
42612,257.405857445951
42613,326.38820633112954
42614,228.00826411767707
42615,178.59018000627862
42616,214.4237783895923
42617,393.25032660021003
42618,376.79745119586545
42619,283.0442756521301
42620,272.4956335134666
42621,151.40803688867638
42622,170.54044765895443
42623,234.69987393532386
42624,596.1820316140182
42625,553.1752606374221
42626,299.7776766091363
42627,151.82957623701427
42628,338.85723292505713
42629,196.8700761813222
42630,235.55128690021922
42631,373.69603483778496
42632,207.09121532815647
42633,133.98631109631685
42634,211.71882736110888
42635,764.13895525221
42636,130.1179808040784
42637,123.47804834814548
42638,213.46442012659674
42639,219.4005620053208
42640,220.30066751752105
42641,148.5427779819838
42642,129.04634260631684
42643,128.46294548567886
42644,136.64422313282765
42645,525.4119723483778
42646,414.3788342007588
42647,223.85456503824787
42648,326.9098166483085
42649,687.8060382655461
42650,126.13013314911235
42651,220.9132320466954
42652,111.72085014427253
42653,174.2461106320793
42654,108.8923894487513
42655,146.98785819946383
42656,141.66966975774204
42657,140.24233481457796
42658,409.5287036109236
42659,146.81058490190406
42660,582.8864533946333
42661,229.2566651811782
42662,291.97678839065975
42663,192.18598430242596
42664,146.0073805012206
42665,191.50004063248446
42666,692.9926718071179
42667,301.473116770628
42668,156.77277975001041
42669,206.1572309451946
42670,173.26415219181962
42671,127.97232086957644
42672,353.50681585673277
42673,411.14979317403237
42674,162.39086558851022
42675,217.27854473385102
42676,409.8863160966131
42677,309.89889440481204
42678,167.4525774442292
42679,261.41631094158043
42680,1013.8935429322678
42681,179.22621437702912
42682,160.28595244672056
42683,140.5051536943393
42684,200.21943107440302
42685,212.35689979802055
42686,191.0081499334314
42687,186.8848397573063
42688,119.0013911502318
42689,785.1287368470778
42690,110.55461581466321
42691,177.3188467686447
42692,659.3174165975411
42693,232.09756309734016
42694,702.0765037057755
42695,464.10058347221013
42696,360.4977343815955
42697,225.66245912159184
42698,163.4009185231256
42699,190.82299250704727
42700,213.45014788420607
42701,227.86460156415046
42702,273.936822873632
42703,220.08585381185202
42704,176.81264529573406
42705,112.50654549351734
42706,201.19974211060133
42707,400.7165364472796
42708,518.914290036841
42709,89.4790259240818
42710,157.31001271018692
42711,298.16973413615733
42712,226.34885747589556
42713,131.76599434537903
42714,134.95010635297206
42715,226.2961018119176
42716,264.10769830648394
42717,243.43627815550406
42718,311.6275245622979
42719,299.3553789494033
42720,245.8693850079384
42721,189.77574065682734
42722,173.2474787351704
42723,205.86538449104594
42724,234.15646147183344
42725,402.119250886357
42726,449.68329706155276
42727,276.75740077983943
42728,160.03490260971466
42729,229.4865984368079
42730,753.2088760460125
42731,222.42160152182674
42732,342.2458305938516
42733,155.36047571099286
42734,184.91831986263756
42735,256.23715098041373
42736,379.1670423708659
42737,131.06348249391567
42738,146.67968864993335
42739,352.35893324322876
42740,341.60876311052186
42741,351.19825415294156
42742,280.82520332834935
42743,258.37849986569665
42744,219.36430396056977
42745,597.6364374088015
42746,224.7422144344739
42747,140.55433031753043
42748,257.0304734429285
42749,179.2725782364487
42750,169.3079657856114
42751,101.12949927849891
42752,183.02008094471395
42753,388.891660103392
42754,448.4136151602296
42755,204.55511201184743
42756,304.9984720803448
42757,216.02175982964818
42758,191.32748902999487
42759,156.13048360499874
42760,769.2174468672166
42761,303.24606720406973
42762,297.0225453094752
42763,388.41129127104534
42764,358.1742270356743
42765,154.74054541566142
42766,264.2173364430898
42767,136.93915771745918
42768,779.572920619354
42769,294.11793368145703
42770,214.77316138239388
42771,230.90541881436374
42772,106.173902186334
42773,280.8286437325038
42774,592.3343100059708
42775,484.47625543954643
42776,239.32951629545408
42777,258.4814886427521
42778,140.94391042937266
42779,483.0664887166837
42780,220.91667460943776
42781,222.79791205677867
42782,591.120878575634
42783,170.01911145123444
42784,153.56065280631412
42785,202.68631700553607
42786,135.9998394755758
42787,180.4888550876094
42788,248.4944172466545
42789,195.62199814983063
42790,223.37955963062797
42791,175.96767591428613
42792,309.0313544528589
42793,593.8347234233823
42794,140.07298393377977
42795,383.0114041001238
42796,234.2228343700809
42797,290.06505559695836
42798,202.08103662203047
42799,236.07646439310548
42800,112.93779793400417
42801,275.3829139752853
42802,186.40337682506714
42803,345.62480148931195
42804,240.12979253533055
42805,523.473403666261
42806,234.39333315730312
42807,244.5560772568741
42808,166.07019510607222
42809,191.8879192118327
42810,227.28679340411176
42811,216.67983697802032
42812,233.46177023424124
42813,142.21410897266966
42814,161.1301321868755
42815,906.4995832170661
42816,145.18651109795337
42817,825.343732280481
42818,172.89126214944173
42819,224.12795226144323
42820,147.84349653255416
42821,155.5025485454145
42822,240.7435495680628
42823,120.23972136963225
42824,166.22088564001615
42825,145.87445555343936
42826,828.6370698038012
42827,180.9853923302966
42828,305.96448106258765
42829,155.235162985291
42830,119.09122760905107
42831,220.58962949234393
42832,395.6410461386736
42833,1721.5356955446446
42834,158.63351809797217
42835,204.2894237929645
42836,425.02190211585577
42837,111.18797394281144
42838,1198.6560008198448
42839,155.2526140517578
42840,212.20672944268549
42841,246.4999426153489
42842,178.18535942667566
42843,258.3745039889619
42844,276.561827384224
42845,301.8404359740815
42846,206.68182791143965
42847,517.0780808672757
42848,185.41830326262675
42849,293.29826959680264
42850,729.533345908813
42851,225.5950559497143
42852,318.5968727382402
42853,223.38325629704272
42854,160.20927656937073
42855,215.78102517952397
42856,263.44032417730864
42857,290.1214268615635
42858,171.73809560468064
42859,223.23433394095613
42860,224.77606410261475
42861,167.37213562552236
42862,185.84466631401008
42863,491.5636792197107
42864,196.8466398744477
42865,429.1506758139065
42866,153.4719496939688
42867,153.7059854075869
42868,516.4701310452574
42869,208.41421232254282
42870,186.40037224370852
42871,246.45344331836594
42872,383.70186371617086
42873,126.66721137014379
42874,158.8251707266232
42875,365.866473824947
42876,152.9463428994295
42877,547.6222481448265
42878,140.4621439242302
42879,170.2643900829745
42880,172.89910032754585
42881,355.56866587750267
42882,279.4356335399779
42883,276.7071902060792
42884,287.67551872081407
42885,446.864922572962
42886,635.6346545120521
42887,165.12226246931198
42888,125.31586151080388
42889,214.40540393062017
42890,291.689023148076
42891,142.50175981574816
42892,406.78355384707834
42893,155.0690394391163
42894,224.22334745005537
42895,118.90237813854655
42896,141.49272218717863
42897,182.5383522510293
42898,207.35866072168545
42899,232.45172420130098
42900,166.51863775497318
42901,103.01649602007072
42902,167.84298807359104
42903,569.0536221775051
42904,251.1886083333705
42905,164.57572821149398
42906,223.06293042904818
42907,626.9733600442556
42908,224.1762731440316
42909,250.11788283722532
42910,385.45435171599854
42911,113.43030695972638
42912,181.54855577348232
42913,237.39343990425948
42914,198.0030322854212
42915,1203.1540986599966
42916,344.0367635005511
42917,159.73165675961425
42918,289.51497354918484
42919,194.21225733973742
42920,195.38236370187963
42921,165.93913686212818
42922,179.86959998197193
42923,187.84180300482947
42924,229.31050067082356
42925,223.20291736653857
42926,247.34021924923965
42927,176.5422897449804
42928,198.80319737944532
42929,218.40742405706263
42930,137.77559641742576
42931,349.4497604171437
42932,627.8912406521781
42933,273.2825839500638
42934,410.547565993847
42935,432.57110027937307
42936,325.06787262258746
42937,168.38002324144722
42938,396.65218510170286
42939,89.92248881965384
42940,288.2103935777583
42941,111.65081410904759
42942,345.79506658243184
42943,197.5907237434236
42944,643.8737819075022
42945,246.7196892072921
42946,305.3484716174373
42947,129.81791499645638
42948,284.68149981723576
42949,183.95365493997284
42950,434.43875417086736
42951,171.81257745192278
42952,228.37747011721552
42953,289.9207317817356
42954,303.5644324416506
42955,231.70472901741775
42956,429.11161404606526
42957,245.58575296778483
42958,267.1853439011656
42959,147.32053538790723
42960,207.59705843319765
42961,179.0256039572488
42962,304.5352159970491
42963,504.8770925454604
42964,316.77169204926895
42965,240.22338501603835
42966,102.93864911733674
42967,179.8333625654972
42968,214.44256856140046
42969,131.78018085113325
42970,140.7089522479792
42971,237.51754800032427
42972,183.69430307428652
42973,205.10949043673656
42974,405.4072551423439
42975,315.59549343434617
42976,151.3373410534245
42977,319.1961679210435
42978,258.94798374998396
42979,252.35611116250797
42980,272.74796949153927
42981,202.79890566040604
42982,104.1533496599652
42983,214.6746551335425
42984,192.65561169863662
42985,252.01980145887038
42986,330.491608797121
42987,190.2770154825014
42988,374.6959036269244
42989,245.8899214116258
42990,174.68365960103068
42991,728.6957802414361
42992,363.90152993816025
42993,166.49640897479512
42994,534.083773041889
42995,212.77363640916883
42996,339.4273520347559
42997,120.46073545942858
42998,187.08505419036567
42999,274.4435015787512
43000,303.94767567427135
43001,373.66499486488436
43002,514.5296296227664
43003,1050.7653661014142
43004,190.93874301980466
43005,158.00997700303213
43006,314.164415525465
43007,243.54992147237135
43008,179.90009879048162
43009,115.78931325341065
43010,224.52055942122536
43011,348.80335691576147
43012,254.03907832950037
43013,139.1423730641326
43014,156.56965965029644
43015,328.9277945106718
43016,199.4831009526825
43017,394.9885328133366
43018,520.5890665855189
43019,339.8873513704664
43020,780.8503020916247
43021,189.03484486984502
43022,186.07284900280717
43023,351.5870538593337
43024,181.53328007743858
43025,199.5522346814828
43026,887.8712762221106
43027,458.300791748562
43028,203.87393881847703
43029,351.68806889411735
43030,243.47601623882312
43031,243.89733184628057
43032,299.4974911330532
43033,114.08955063530524
43034,206.20633633512028
43035,196.50758274685114
43036,733.7726848557016
43037,202.5945023344605
43038,210.71111663542356
43039,329.67035412594555
43040,149.19118850046792
43041,217.96984697303276
43042,218.80150019520647
43043,386.20526055060304
43044,445.6412254099749
43045,159.7028529322812
43046,210.92372580241585
43047,190.56564715287382
43048,339.05738818649144
43049,146.96652020750327
43050,202.56716235855816
43051,308.84498579403794
43052,216.1790068014654
43053,174.09174587394153
43054,221.16029346182268
43055,149.51233321718956
43056,147.6800908558095
43057,154.3528602018462
43058,103.12055952094832
43059,170.53924599494923
43060,334.5646015785478
43061,293.1167476530899
43062,215.56092428849513
43063,550.072245066507
43064,261.1465329881765
43065,1240.4536704769175
43066,201.0113475455436
43067,204.02136710274291
43068,246.33789911868814
43069,269.6842924779948
43070,132.72324322534035
43071,239.70642171393843
43072,258.5845178177078
43073,209.53768946156822
43074,277.5963841027966
43075,303.43262658532933
43076,1113.903239758029
43077,150.8908471782217
43078,392.7601344600736
43079,264.3582770538731
43080,139.66685910509202
43081,218.58677158504747
43082,463.956874329127
43083,241.4156905161193
43084,162.21249234844356
43085,231.0641681567986
43086,405.3146791903481
43087,108.86215208447797
43088,179.26986494488338
43089,323.1522309331758
43090,172.58698667543166
43091,140.21844668265086
43092,165.27713885806986
43093,478.2368186066569
43094,129.33216066055002
43095,733.7535110294265
43096,210.33445526857884
43097,187.93758926351467
43098,221.3829693052043
43099,145.98236467484864
43100,174.7779188468163
43101,169.18607761821855
43102,244.2598185088313
43103,225.907411392891
43104,143.0894660719938
43105,232.39260549806522
43106,225.80013519863653
43107,211.49043651234524
43108,92.8783774223477
43109,277.3893544173136
43110,274.53836584502244
43111,259.28799616167123
43112,362.2713325255183
43113,325.3692302773867
43114,106.24305936719077
43115,278.3042567029102
43116,169.05304989345814
43117,115.83262563312654
43118,295.51633150978273
43119,527.3146270174915
43120,148.72467615581974
43121,596.18897879906
43122,237.1554634272068
43123,196.9776148247102
43124,412.7744574573226
43125,216.04894204164543
43126,454.0234433905825
43127,276.1010297076108
43128,107.9994133105416
43129,401.178337317088
43130,269.02964764723623
43131,433.48075542703384
43132,153.30588937430204
43133,180.76535458584183
43134,142.89467327014611
43135,191.0099995031267
43136,686.8486691799752
43137,206.06023817080356
43138,202.17009884506402
43139,313.1318461132804
43140,229.7354723534157
43141,172.5776567275653
43142,247.79091068806244
43143,139.08167510915086
43144,461.8733276869923
43145,291.92766247392984
43146,415.2987403630623
43147,210.5958564534355
43148,321.14227749774443
43149,140.2140158448088
43150,206.11098606783025
43151,184.43968275198463
43152,120.73914317949057
43153,239.48985416610037
43154,116.30085654955718
43155,749.6761951361838
43156,193.00849576657603
43157,92.2800720151011
43158,136.97529178372238
43159,163.29593388911968
43160,108.04304290703006
43161,140.675225576675
43162,288.62399832041734
43163,398.6180859056549
43164,251.169915668773
43165,217.0676794677037
43166,247.49311921022425
43167,265.1622130733949
43168,161.89527921234384
43169,232.14595434862736
43170,213.61780378724995
43171,129.29349361676202
43172,345.09235054043154
43173,132.41106445018315
43174,160.98681909408924
43175,137.84981571241295
43176,604.9042289698513
43177,121.99021712363427
43178,112.43475285719677
43179,376.24743418285976
43180,178.9954566225337
43181,181.0528559065356
43182,161.6496850102189
43183,191.30618999937343
43184,306.87283072302546
43185,206.25252780404324
43186,252.35210166308784
43187,150.09981807629302
43188,262.79051324998295
43189,338.3132511047551
43190,256.5448947739584
43191,450.0117770040768
43192,158.34060818554514
43193,185.4554863916678
43194,215.68088592090294
43195,172.02160683807494
43196,241.76876930143834
43197,246.27506752390818
43198,188.5868655337131
43199,228.4551106579099
43200,193.69932059542614
43201,1029.5164158331586
43202,182.36842768035424
43203,369.0730426001423
43204,415.6923406383365
43205,109.51863307217842
43206,211.3402317825566
43207,114.01436799487655
43208,1444.593431547904
43209,262.158630363321
43210,204.74153727642283
43211,131.93568832737017
43212,194.55393290676082
43213,174.6260571913279
43214,98.48655339545304
43215,202.11171386345143
43216,458.30414948575753
43217,567.7319304127611
43218,163.13625608772813
43219,316.4727081024753
43220,398.64856754769767
43221,430.38005325579934
43222,130.40183068032013
43223,126.3651444355041
43224,144.18377989304398
43225,127.61158867024724
43226,221.37806459731345
43227,250.46911220675105
43228,137.23853338904146
43229,195.14561291761777
43230,222.18676289920728
43231,151.76860274463274
43232,484.89683972607685
43233,175.5160211526298
43234,753.4732492252818
43235,205.05175187498665
43236,290.8725848807137
43237,313.23047705551
43238,175.16940172402414
43239,147.44470885455215
43240,571.665363812688
43241,654.5288143612864
43242,269.7352720348251
43243,227.0858304172084
43244,176.29320898538856
43245,290.48184410302196
43246,444.5696446702671
43247,142.05979850967014
43248,448.14513744637367
43249,690.3794195544369
43250,179.34150546653686
43251,326.429670428527
43252,428.2430240722971
43253,194.1567394735419
43254,412.5337576704091
43255,241.15205322804147
43256,181.13822857753104
43257,185.22154975975843
43258,290.77489661745994
43259,210.93126038630442
43260,171.1713269131745
43261,173.12853608872018
43262,170.1109941378842
43263,439.4619849456859
43264,384.7823449226082
43265,443.9821013355396
43266,160.7019246570847
43267,148.2341590290613
43268,332.66278646717456
43269,240.00158173777066
43270,303.92298762850817
43271,349.38842417034164
43272,581.4037181591102
43273,266.4130600247838
43274,134.7534441563197
43275,615.0167617334054
43276,133.25962013649666
43277,204.97011868490506
43278,156.14397910745114
43279,215.5788718612568
43280,215.50366043787704
43281,389.14972292283665
43282,209.98568520841496
43283,165.7755035854254
43284,108.42696876304315
43285,165.5390796840747
43286,143.71468817039977
43287,184.25111987911234
43288,69.13117274555015
43289,180.20605441497472
43290,210.2670052107455
43291,368.67052829885625
43292,1165.1122907748854
43293,167.27400919686838
43294,218.5951754866805
43295,240.5325374226715
43296,250.0115505815327
43297,498.9492758953044
43298,325.68425250108555
43299,533.0850046265168
43300,201.98595185027193
43301,310.66808579517135
43302,274.8916001482663
43303,173.95580977331466
43304,324.14049402941106
43305,238.31952292542385
43306,256.18362285818307
43307,387.08916119359714
43308,179.31824278214225
43309,193.14473137434257
43310,230.8252337780753
43311,232.15782416785206
43312,194.37349586252202
43313,508.38029817247354
43314,429.5230975398521
43315,332.04181001203733
43316,220.51140886955005
43317,183.89179497653063
43318,224.457778613126
43319,151.23028480761036
43320,88.19402590736067
43321,165.1751602696578
43322,771.8467388186687
43323,229.7042524897522
43324,219.09452507190426
43325,131.5343851108114
43326,143.97920502776853
43327,239.99391925918422
43328,303.92494054921093
43329,312.39379699021373
43330,536.6876992061984
43331,207.12010103482007
43332,199.14847594384463
43333,100.58689859966827
43334,190.63475810081488
43335,108.69299582432978
43336,177.48867482735005
43337,147.31321283594363
43338,417.9225720356492
43339,167.53105655978217
43340,264.9359141306399
43341,179.0702194509505
43342,188.5067427376447
43343,146.5189653777516
43344,1514.38461683701
43345,248.62621666645543
43346,195.02014097057238
43347,393.8287877414898
43348,129.51967528065336
43349,152.42120622126316
43350,128.27075877170685
43351,153.23467483586887
43352,213.05793249603315
43353,165.36655674964578
43354,306.0735125984906
43355,212.79793712460605
43356,247.7479199837502
43357,191.70534889845968
43358,320.3426130358654
43359,374.8104297469327
43360,76.90157685017599
43361,203.6323403084306
43362,79.90940901767154
43363,251.39230440971897
43364,160.98500622523954
43365,182.4825685407445
43366,331.3931992163591
43367,130.7552126463294
43368,184.82585428985593
43369,102.10196707142117
43370,762.0200905293706
43371,231.6428045714116
43372,259.87536359606185
43373,258.36677577637397
43374,211.36874662256696
43375,233.90556983436133
43376,98.58598058453416
43377,168.8906916673005
43378,121.48533103498313
43379,248.90437998900995
43380,309.996737485001
43381,521.4881766015957
43382,300.23100304403187
43383,412.12364636329966
43384,163.3406389331297
43385,258.8736634767732
43386,442.7592999528692
43387,222.43247421297784
43388,217.74370085080722
43389,215.87210181065723
43390,354.6868464404798
43391,259.24604843884345
43392,520.0909001578642
43393,166.13487495284556
43394,195.6261160132361
43395,258.6735713208868
43396,177.6055266696044
43397,244.9133749687286
43398,163.6618354511743
43399,269.46384245766956
43400,324.8157367536085
43401,144.76805441556905
43402,233.49970431381308
43403,358.1588682499895
43404,571.2527209213939
43405,142.20328270538562
43406,222.6385336439929
43407,118.9660697819118
43408,160.03349431420924
43409,603.4674331668026
43410,241.62437774221414
43411,507.5039736907456
43412,330.77617145092466
43413,150.0397623680047
43414,143.46952239243672
43415,249.25863954895
43416,522.4386348051762
43417,303.0426420711219
43418,629.5183091474836
43419,210.64146079125172
43420,206.55662466138358
43421,111.04947929505097
43422,211.49770605842653
43423,176.96270504109572
43424,627.2773955770665
43425,168.64784795165104
43426,802.0436798681648
43427,148.45526467235752
43428,222.8335308241023
43429,247.3082542133987
43430,381.8911492051143
43431,139.36003459532435
43432,428.4897597127761
43433,433.64568702611325
43434,156.30412854920934
43435,250.52807150757994
43436,243.6894939554521
43437,372.3312651414473
43438,269.6114314221938
43439,128.50173670797446
43440,180.6303785852789
43441,477.55697558704117
43442,404.2957973323272
43443,159.19159440362267
43444,221.56008985189777
43445,391.73801816598564
43446,239.50722487974713
43447,153.53442296512176
43448,177.7165629822346
43449,199.4427273688891
43450,203.89537858721266
43451,224.6194649215936
43452,102.3779470354537
43453,180.8610196681865
43454,242.85153268535953
43455,318.9277607240911
43456,126.36861527484567
43457,217.1605172171015
43458,280.9303297141493
43459,171.2273119199072
43460,611.3863889417652
43461,136.74637817184902
43462,161.86727624219594
43463,152.71182644111087
43464,273.4253998788599
43465,141.9180788359628
43466,256.71802098927867
43467,450.73795464298155
43468,151.6291868235533
43469,373.5298802010708
43470,143.32870423202158
43471,200.2788005704865
43472,345.8025374419679
43473,793.5699765110603
43474,760.9931362115228
43475,150.74484560028188
43476,183.0887169705653
43477,265.2753417108628
43478,177.15584232805975
43479,172.35680614774463
43480,182.6203881724993
43481,207.93873080908338
43482,199.02872173921085
43483,151.4065336804596
43484,133.93868877782975
43485,113.82077336078912
43486,335.71711676410973
43487,140.12152228908997
43488,216.59959941005883
43489,372.05470507588785
43490,202.7965117277176
43491,188.2031137148659
43492,153.9905794899582
43493,119.86017489807811
43494,199.76746729215918
43495,156.27358704825292
43496,217.8406948853531
43497,152.16039386945636
43498,348.286459304556
43499,501.15642016654004
43500,240.4636044511148
43501,213.14480147732436
43502,339.3409229093316
43503,102.38015402652451
43504,145.22353019704977
43505,455.79041760072573
43506,303.5238615276081
43507,410.6352634079723
43508,181.81213969762538
43509,154.8060745285682
43510,484.4316252736414
43511,124.2165171171244
43512,178.4871827248943
43513,177.81264294416366
43514,219.37014708526613
43515,503.9798439244652
43516,270.8501329537978
43517,179.75037707164367
43518,347.8034533356518
43519,177.2523854765688
43520,223.61524574662846
43521,774.6246580161765
43522,477.5234410033537
43523,173.39689993398778
43524,73.9767862531909
43525,139.36885329906
43526,313.7657408824225
43527,676.0974643519518
43528,769.8204328996432
43529,192.73120956373307
43530,424.6179058135084
43531,323.21867005778506
43532,168.8524870092786
43533,178.27049141898723
43534,278.99090898765036
43535,942.6934345033585
43536,190.0946451205435
43537,251.07625481103454
43538,593.1576237700755
43539,159.2161213886877
43540,347.1138924436032
43541,202.58700368178552
43542,298.1898421912224
43543,181.12808388641855
43544,254.37109620871968
43545,344.1015747455676
43546,101.33624412020247
43547,262.12833927300454
43548,530.956101575003
43549,542.0603422889473
43550,146.42917899699756
43551,392.18792447442695
43552,224.23629367832234
43553,380.0712814181523
43554,204.0985062423308
43555,193.9658725708813
43556,1806.9826051350847
43557,638.5715481383165
43558,297.0577866467637
43559,241.2652406153332
43560,205.2689786735627
43561,317.7398091939496
43562,334.94143284746946
43563,158.47667775906748
43564,853.7868039497644
43565,184.6115914813305
43566,381.0082340041582
43567,373.27066744587904
43568,183.57944285494594
43569,229.60604421303472
43570,374.96065440880864
43571,200.4225967167774
43572,233.75273614851355
43573,400.6511859657197
43574,368.5064940983107
43575,188.19740413025013
43576,125.75357279095466
43577,777.6946026957145
43578,228.19109689068154
43579,170.52358325516707
43580,214.472055426927
43581,135.35609486530774
43582,151.27913028795103
43583,311.48621779406574
43584,125.26655687031251
43585,93.31727535527294
43586,181.75619393357783
43587,235.97947612311364
43588,262.3464165909236
43589,199.26962326768734
43590,525.367760055338
43591,218.88047821883242
43592,157.02672793905728
43593,138.50638595013936
43594,126.42201996201885
43595,397.3595058999571
43596,274.32514916289665
43597,200.71991196560612
43598,202.69932240117086
43599,429.3026848658151
43600,266.761770123003
43601,121.69689416882137
43602,773.4837276501047
43603,139.30185060513483
43604,167.73319358042693
43605,121.35986241060472
43606,193.65807734681823
43607,393.976597282327
43608,119.78654052453298
43609,112.62622750652291
43610,77.99575140234269
43611,85.76296026488534
43612,313.1844417338931
43613,204.12123439700284
43614,439.92843246863583
43615,255.2093511089638
43616,720.864787008513
43617,260.2429653187198
43618,214.7230530954291
43619,199.60348037112314
43620,182.05689620974732
43621,207.29066850950485
43622,266.362704716013
43623,428.17972263855836
43624,446.8654706140736
43625,599.4283949877682
43626,143.3583784598454
43627,259.2481454863722
43628,152.42223658507612
43629,130.8997786707651
43630,383.81603249376974
43631,242.96153462119585
43632,139.66231057826408
43633,248.5898871384057
43634,292.5940884824115
43635,181.99764959505248
43636,132.55257989077188
43637,309.07678882572543
43638,267.7502489650925
43639,264.14690215921837
43640,258.5069246464036
43641,156.17101901373832
43642,398.2295035944662
43643,176.64058891269002
43644,280.83204418942654
43645,218.12706065211512
43646,141.05457054687827
43647,397.11332484135806
43648,350.8790247909268
43649,182.49919936938863
43650,222.51200354819
43651,125.93265047626744
43652,628.1018301431117
43653,423.2344518892837
43654,253.57782648047106
43655,367.83620068971163
43656,244.1268029939122
43657,187.95694779190265
43658,564.3596711155998
43659,140.70493316136123
43660,202.48023754705636
43661,248.07706387530166
43662,200.68026337242335
43663,216.84264384225844
43664,146.1058658021954
43665,211.4673650075555
43666,280.89873799827603
43667,413.8408262321395
43668,253.1826227635416
43669,178.79638069213308
43670,443.1479888721949
43671,445.0344748109219
43672,219.1530097345924
43673,237.9240404700704
43674,1282.8280363040526
43675,236.05266138014903
43676,156.3443696770529
43677,822.0828179504937
43678,165.93972733062213
43679,285.3760711285257
43680,423.59822681200717
43681,130.26004206199238
43682,133.93369073688694
43683,245.1608231768678
43684,140.70314108977712
43685,166.21143237493317
43686,199.9916882322164
43687,167.68619152547893
43688,979.7229546554772
43689,318.1213917459296
43690,289.26155700372107
43691,347.03597149647123
43692,312.42148768131295
43693,143.5990644132973
43694,126.19596009891268
43695,296.59094823417735
43696,430.72720367126715
43697,220.6794658345959
43698,183.79244869618947
43699,365.78224941597364
43700,229.61940262658666
43701,99.00617437292516
43702,121.13469300992959
43703,308.29342641107183
43704,480.5885814419004
43705,253.63384923183202
43706,376.3875931496408
43707,244.96109379876793
43708,258.48526188477217
43709,252.2340131799066
43710,498.53538671901316
43711,234.17177785419995
43712,388.8552685935104
43713,142.77625112580657
43714,222.5460386196157
43715,130.09300135436996
43716,261.7759384577856
43717,192.08922124945224
43718,161.89020670266189
43719,186.04048518770844
43720,288.1595032921327
43721,175.7552022595406
43722,259.1567083086492
43723,298.33376047458034
43724,195.7179931263047
43725,591.2183393820859
43726,261.4338104940949
43727,227.03549464899965
43728,259.211940430617
43729,223.2142897841629
43730,451.50723450840735
43731,181.780217071159
43732,180.153589416996
43733,525.6408909730746
43734,335.2676393413956
43735,360.88189748744753
43736,213.2505543259434
43737,278.2006892843875
43738,229.83677260903428
43739,145.13370306951188
43740,296.0959430115982
43741,178.85826277208918
43742,688.9955610588662
43743,639.0605904362783
43744,253.8068740669103
43745,184.48173376847183
43746,286.3460085087808
43747,158.61215067207388
43748,306.90797262761834
43749,194.922365771182
43750,191.01894505306413
43751,217.67557277210128
43752,213.32007728793607
43753,159.1932236373196
43754,105.54035782171667
43755,259.3577514041177
43756,148.37582284016094
43757,293.38295553819927
43758,344.28306473035195
43759,175.7718125703822
43760,138.4200239713785
43761,166.53990970665345
43762,123.14118318670923
43763,649.1911650225564
43764,352.7420537508742
43765,338.3168354600315
43766,178.16715985919296
43767,155.53007278156917
43768,265.3605018028838
43769,177.57884639081652
43770,469.05922037306107
43771,456.56934830921483
43772,241.97015464552442
43773,131.77908730429493
43774,277.68631678604055
43775,305.21821580853623
43776,319.3131899024396
43777,149.75256730379863
43778,632.3972096470524
43779,339.6738692802784
43780,311.2578797853
43781,175.15218172162452
43782,154.709087360078
43783,224.86369377947867
43784,163.97922978587758
43785,243.00013407625198
43786,176.25903607764903
43787,160.64465232389622
43788,268.7375177069072
43789,236.7704819632163
43790,134.58509992158005
43791,105.80423099136995
43792,234.71075815078657
43793,167.14460561168826
43794,155.46441583178628
43795,581.4048983905332
43796,176.99367091830212
43797,333.2702582881545
43798,588.0139445860049
43799,175.48915142083789
43800,907.4078897138752
43801,469.7846768457909
43802,568.9679873154745
43803,433.1444502141046
43804,244.01619654794825
43805,311.2806572448944
43806,181.97763406858277
43807,136.15453216209528
43808,161.0181015563967
43809,734.8580260556415
43810,223.3431759797274
43811,146.46686396587603
43812,332.2954660630725
43813,275.5900638862052
43814,228.99773128080784
43815,206.93688373304258
43816,298.3941161642217
43817,155.8505923814977
43818,178.91982748165879
43819,170.27577316918632
43820,190.70979745348308
43821,151.12333656141297
43822,458.56135768294837
43823,390.0331607011143
43824,314.2236879945352
43825,194.11820937224434
43826,186.80572459695534
43827,870.5220011167302
43828,69.3018037635338
43829,201.78756170574857
43830,167.80477438543576
43831,206.18972044229292
43832,306.5475497595286
43833,128.2620109509715
43834,138.95862790400426
43835,150.51707121950764
43836,513.8766889822057
43837,141.54381706625338
43838,147.60528081131298
43839,188.93912347024502
43840,709.4950390684506
43841,301.4929624239227
43842,160.2295335297615
43843,1683.5733302353783
43844,268.1601652901988
43845,217.20811835140816
43846,307.09265724512886
43847,277.5040533956026
43848,433.72164264298533
43849,235.33847921002712
43850,266.1676964459705
43851,165.4491568024888
43852,216.86603981881257
43853,410.1469751881946
43854,466.7767882287158
43855,229.46278948836365
43856,144.50227768144288
43857,442.2181684118292
43858,156.10351863945183
43859,518.9636875507003
43860,129.99876218549156
43861,266.67674218586745
43862,327.61354287599266
43863,1424.19210527721
43864,236.30437927200143
43865,236.62831809148327
43866,162.16301913963414
43867,201.50723103063268
43868,389.18849242216066
43869,171.16690407284273
43870,361.1734384715762
43871,241.82971888715616
43872,148.67725497702838
43873,205.26355341773788
43874,303.18931074104296
43875,143.86649691477166
43876,360.709508826915
43877,868.3161353252342
43878,243.81170061526922
43879,127.60740872060467
43880,434.4412990249966
43881,331.6432396382558
43882,161.04264411076977
43883,310.66963988086263
43884,190.56007477853427
43885,265.6032301520502
43886,285.0160193059583
43887,275.3968854887021
43888,193.33503856781553
43889,220.0302144435567
43890,184.15101287994557
43891,258.4179602981019
43892,143.69474947779477
43893,186.35877572707162
43894,319.45529093231534
43895,528.7696114724388
43896,174.34242109753453
43897,206.31229590312824
43898,273.90617582887137
43899,166.95927187257746
43900,200.1056628913531
43901,179.06378196052947
43902,180.89220396936273
43903,325.42238386007324
43904,424.8648940343862
43905,185.13383589591243
43906,162.72219376454723
43907,234.4010421341847
43908,139.08451221245696
43909,134.47717201224566
43910,254.02118880987086
43911,141.48627337876889
43912,131.4332917964868
43913,140.63965635047774
43914,211.2323107770033
43915,341.84422012251537
43916,193.50255349610572
43917,292.8150540735989
43918,214.94837578719188
43919,516.0868123222417
43920,203.788908867884
43921,94.54346442255815
43922,296.22556389467815
43923,196.63508558714165
43924,187.18205633312462
43925,139.45407249340187
43926,329.32698321750075
43927,174.80527371020736
43928,314.0483429483008
43929,138.0223285561037
43930,234.8802196652511
43931,109.34908878679889
43932,294.1362898392029
43933,289.73206368713807
43934,215.32627349144767
43935,280.6903292834795
43936,904.4855124551285
43937,331.91977781097285
43938,171.64088492019877
43939,279.9988227179854
43940,235.09388266279856
43941,354.84907730985714
43942,123.14765265559507
43943,328.11890212799784
43944,206.89667009035742
43945,148.36228578282004
43946,204.33801646954186
43947,230.04564871662183
43948,168.7848753463016
43949,888.884922380935
43950,116.41273031129974
43951,188.11032331325814
43952,332.1616914870061
43953,188.3261110912142
43954,160.20414520180336
43955,663.3459468677876
43956,273.8262208643944
43957,359.60159880452767
43958,172.56367760825444
43959,209.11929915825428
43960,478.2645744309917
43961,189.87175960092972
43962,207.05526770750976
43963,143.22695428359822
43964,311.6746410839056
43965,440.68161423100986
43966,256.84003115596175
43967,245.1248790531569
43968,145.08876716039674
43969,185.94569280918378
43970,352.41252416268827
43971,141.73866638975983
43972,746.7471949934132
43973,201.18080221113982
43974,152.09507032885418
43975,242.30722786679948
43976,119.96185625572923
43977,365.9891651177685
43978,254.85984066551862
43979,258.44181366101907
43980,287.19719029839314
43981,291.0910524170589
43982,318.24152640241823
43983,164.94832968461785
43984,517.6776296803197
43985,383.498527267475
43986,122.946792151333
43987,255.41084271259803
43988,230.88036281913546
43989,232.10640169381776
43990,442.7985879739448
43991,187.39074420969027
43992,122.14701813969516
43993,168.15077804949468
43994,130.08546506202785
43995,282.4600700931775
43996,201.5229487968227
43997,218.70657383263415
43998,293.8257720832718
43999,144.94007120254432
44000,257.3339016334181
44001,333.6587519066865
44002,158.91705364496977
44003,334.9229322893111
44004,380.2689017249537
44005,395.3595908524915
44006,243.3670552180017
44007,431.59391043783563
44008,215.5042224700244
44009,375.52937620804767
44010,197.9230461177409
44011,253.80725417951393
44012,202.42576525622718
44013,743.1581128579934
44014,249.92314693003743
44015,200.76590491670441
44016,374.5112019711129
44017,359.54002221504487
44018,258.3409604713794
44019,152.8298998430268
44020,124.39315537306902
44021,117.54863998480388
44022,950.392770228401
44023,156.97374468851407
44024,193.06062995001992
44025,176.92491073422724
44026,169.7286974421822
44027,521.6843575924047
44028,162.1180981761203
44029,341.7106534139916
44030,237.2949421714074
44031,270.87884090290794
44032,357.75971996462016
44033,663.5462670333071
44034,107.11475728434093
44035,223.0697047399869
44036,228.35181120641968
44037,97.5583716731783
44038,239.2016637347156
44039,140.88903154564073
44040,363.57225561282485
44041,463.1763813422527
44042,132.54991220486036
44043,150.78971787369622
44044,178.5014547960772
44045,214.05023266422072
44046,297.32738504968154
44047,221.6191638125086
44048,285.00675246265894
44049,182.4509033465855
44050,216.5885778753311
44051,295.8774175855676
44052,314.57861538671875
44053,226.05149879455098
44054,215.30632202734276
44055,258.3395236603768
44056,346.111039284466
44057,324.89236800723035
44058,294.32961339023825
44059,125.31619984753539
44060,134.6762272402297
44061,217.79765194551337
44062,125.42749659778111
44063,271.6039565583223
44064,386.681150946865
44065,280.00772585421464
44066,192.5703008662093
44067,188.51664511965788
44068,133.72077279245096
44069,156.98605644113815
44070,679.1041194596967
44071,169.07474984155186
44072,137.66403320530264
44073,220.5643832862356
44074,567.133498483008
44075,208.89020483922656
44076,203.9031765482504
44077,209.11432883324704
44078,159.190646793409
44079,265.70022963879813
44080,173.47076812109378
44081,241.52528868288476
44082,138.66895572004398
44083,285.5500338756289
44084,239.92633949370597
44085,789.3744829264496
44086,172.8152754805086
44087,417.5162664149385
44088,124.46639298282889
44089,147.71772525799923
44090,150.0960376664859
44091,126.65362933203902
44092,140.42403130883204
44093,327.4311918317884
44094,479.7528394840238
44095,227.16935652851166
44096,628.7112112354513
44097,220.14850331313286
44098,169.6812340232373
44099,178.92124549112359
44100,779.9586932788303
44101,123.73572488436339
44102,123.3533051971657
44103,694.4250242552789
44104,128.18389486958694
44105,225.41393765560133
44106,200.2693752516933
44107,123.90472248808199
44108,235.3812793471312
44109,195.62614053367673
44110,332.505962265447
44111,227.73727872514723
44112,359.2123925312887
44113,254.6438063286586
44114,132.22283555150165
44115,190.67588533622433
44116,505.88136084940726
44117,147.2846705986778
44118,184.63551405523685
44119,190.0676621568733
44120,673.5754580337375
44121,151.9103495707967
44122,111.8943164358383
44123,411.6002542124288
44124,172.7936798885574
44125,151.24779974552433
44126,185.88438898488704
44127,321.97336124277473
44128,269.1045051495531
44129,212.19136519314162
44130,133.26902595263812
44131,281.04485955491543
44132,256.0853968867817
44133,186.05267030103457
44134,254.549496945672
44135,297.6829370157704
44136,260.2558660993099
44137,376.7336019287574
44138,199.25130425835926
44139,247.83342424794316
44140,134.7983956068499
44141,152.24562671240506
44142,267.9249248465576
44143,260.3976507670095
44144,171.397841952264
44145,483.99003328472816
44146,369.10587845993996
44147,219.31048616843333
44148,200.30105344028087
44149,480.7024636168318
44150,203.81071451945434
44151,594.0538197075235
44152,204.01686060929046
44153,123.81304381550709
44154,97.46504964422603
44155,339.27667123090157
44156,229.6912990611211
44157,175.66220078719323
44158,192.21547698629462
44159,144.7808137575453
44160,320.56929330420996
44161,195.35362604662095
44162,714.6195385699375
44163,1030.830894340119
44164,183.8940747904431
44165,94.38967984565326
44166,477.3909162298561
44167,338.54546788597816
44168,165.8163726557931
44169,196.5364065244395
44170,214.62197908594067
44171,133.85219189645596
44172,381.3886902262859
44173,305.18844297399244
44174,76.44639407985477
44175,108.92202491935267
44176,221.58441877662173
44177,177.54223229178572
44178,104.41577834029943
44179,245.3971193741625
44180,143.20886202181774
44181,263.18065285624607
44182,208.53436943223818
44183,323.83340222735677
44184,247.78205004191057
44185,225.6040790848704
44186,590.8110357379195
44187,208.03011485843956
44188,98.8191044453641
44189,253.90261465915157
44190,224.54149962971817
44191,216.52697725793382
44192,329.29281461999307
44193,232.32580375971742
44194,230.6766607656926
44195,341.5548799340196
44196,444.7485828268585
44197,123.23885324193272
44198,215.08337391916822
44199,170.64833267843602
44200,170.02361165152212
44201,228.8628412710452
44202,1000.3123733003666
44203,372.4555368643663
44204,129.95842172930745
44205,543.5169648439388
44206,117.36044537294401
44207,333.0166125345579
44208,151.30685136185804
44209,79.4133703484973
44210,671.7621327522913
44211,605.6226178603084
44212,189.30415843072538
44213,143.54378736435058
44214,219.36459249974845
44215,428.5408319297831
44216,165.93705363863236
44217,381.05161096375707
44218,727.1062609506262
44219,189.20321301666758
44220,210.65490807368883
44221,215.41309305732025
44222,193.07275762463166
44223,251.4639275877973
44224,152.28124710323618
44225,231.70190533766
44226,447.6116180555707
44227,181.0076666297552
44228,136.47243680249755
44229,225.49256674765545
44230,468.60371173897636
44231,209.5969852083606
44232,163.43085407517538
44233,286.1871396289456
44234,201.1997033174763
44235,235.24518504379762
44236,157.77704096449895
44237,162.1793280531973
44238,437.8559475774466
44239,374.5314252114959
44240,161.2177423599386
44241,707.9071682397042
44242,538.39536733022
44243,278.3000492749969
44244,159.61538315525024
44245,143.28304407582857
44246,312.5100549725862
44247,259.0496168307493
44248,167.5285902442366
44249,165.677222694264
44250,113.80938445483439
44251,133.16084980764379
44252,192.5037524639235
44253,369.8493307656157
44254,469.72178561843043
44255,203.68228249792998
44256,218.0298835432168
44257,456.54731755821354
44258,286.1733738871255
44259,270.1156542265939
44260,145.46464679600396
44261,200.6092762916839
44262,502.92140131894405
44263,315.77545029009315
44264,154.27383652096992
44265,200.0068009273563
44266,135.29153215537556
44267,239.37797297943484
44268,200.28982313076483
44269,501.2198797880399
44270,270.40189146120235
44271,425.2342859752797
44272,114.86747381967317
44273,134.55943667884048
44274,690.9841752634686
44275,188.12033137062105
44276,190.4883266597423
44277,237.02425593228148
44278,463.9626251858141
44279,247.9177348388071
44280,106.4648570899548
44281,166.51357566091673
44282,179.33566922921926
44283,155.60175680188595
44284,116.78715962346118
44285,189.36983892826808
44286,442.942838042035
44287,179.76638377322587
44288,245.71746218257024
44289,286.8229919436627
44290,319.18978207601145
44291,153.66108402231694
44292,1547.2083781586098
44293,271.5422912095279
44294,192.25475091206712
44295,217.85576737724762
44296,109.30323966020114
44297,217.85950708669438
44298,180.45384001672943
44299,274.62291390187596
44300,156.61598399729633
44301,110.27879176134955
44302,268.6522856484037
44303,142.03163700391994
44304,257.6985254251557
44305,476.29266448047196
44306,160.2485190295215
44307,622.8440123391949
44308,210.68000978005344
44309,651.507132804445
44310,185.28801294416306
44311,185.1172797321241
44312,408.8141464310366
44313,141.54258531468537
44314,126.83193287789337
44315,176.64474645923025
44316,272.5331508236792
44317,210.25292215008233
44318,261.98479646234216
44319,155.3600423018574
44320,162.2965847648357
44321,140.9608139701203
44322,249.3545852192351
44323,272.6923242309905
44324,203.5865759328712
44325,224.53068764869224
44326,131.76571978341997
44327,174.572441933055
44328,156.243242611213
44329,251.7309362216428
44330,140.5704669092603
44331,324.02233188579044
44332,309.19653517718166
44333,228.19045128019667
44334,156.55268977952812
44335,176.16725842411407
44336,154.3707241903035
44337,731.3231681065926
44338,108.3623196501255
44339,107.99260732337926
44340,314.55044546946283
44341,319.9898227907806
44342,120.04535703997142
44343,995.4783853741745
44344,127.83560569703121
44345,244.43401347071014
44346,432.3982591575339
44347,178.36964705942347
44348,870.0973118375049
44349,173.31914810188078
44350,182.46817055624513
44351,677.1617662477676
44352,372.9641042249387
44353,166.1391094304925
44354,109.82477017322105
44355,144.51470212404882
44356,245.07380642491788
44357,138.3583476373016
44358,238.51845893874088
44359,162.43846321566122
44360,271.72905913269216
44361,98.31830874413762
44362,208.59852769073282
44363,148.62486749602505
44364,109.61841302342233
44365,173.38112740173835
44366,280.6327902593514
44367,124.32185782037382
44368,265.1489077504862
44369,226.24588472363962
44370,175.65208348404303
44371,223.33725593886948
44372,176.1163452033674
44373,223.61862004260098
44374,314.4775657202751
44375,1455.880723150618
44376,440.28789454388397
44377,93.24330306354943
44378,138.721487489212
44379,201.85612045545057
44380,385.1560967498784
44381,212.36971419094368
44382,291.46570361202555
44383,146.7327980882731
44384,239.79491320699387
44385,254.5597683228986
44386,79.50858818296192
44387,133.05193105028246
44388,204.06988760680403
44389,351.0001505488204
44390,262.93084430661145
44391,288.06908473392156
44392,224.91516192461773
44393,168.5615316011448
44394,536.7957287331427
44395,194.6960167121991
44396,189.2510627836107
44397,244.7011759859073
44398,613.623848408991
44399,296.9559625791533
44400,396.8034907032971
44401,229.02735441641622
44402,250.7639334930607
44403,146.86926264828622
44404,498.632819332939
44405,327.80962498468733
44406,126.5338170201621
44407,653.8454190965798
44408,212.21206408660217
44409,284.5493818190155
44410,280.8748378854495
44411,335.7087073131765
44412,143.30517550230917
44413,240.68407959258667
44414,170.38334758521128
44415,425.9980931922854
44416,175.90303442720682
44417,393.9831254528473
44418,431.5629506746254
44419,498.6898152539659
44420,148.7290366126156
44421,261.7866772342602
44422,1263.2361590860228
44423,285.96828816610025
44424,156.83572382341268
44425,181.06461860633271
44426,292.659445633121
44427,243.82291475201114
44428,264.5297181285672
44429,136.57244031205636
44430,545.2202325902728
44431,265.09693150900773
44432,173.56779270826075
44433,205.52269406943748
44434,602.6745680590623
44435,108.94968352313458
44436,179.45541867107505
44437,83.49840596343553
44438,133.51801855954955
44439,121.58318438265822
44440,192.10572077748697
44441,227.4740017424404
44442,156.22739319268192
44443,162.30268257193538
44444,208.74689960950698
44445,363.42691229904875
44446,532.9454145502523
44447,222.17628375883257
44448,414.4292858014504
44449,332.90475920251635
44450,200.39093479352576
44451,211.54556156236646
44452,289.74618209613857
44453,157.06443011555837
44454,384.64755330518676
44455,345.5818497010757
44456,215.93178326038577
44457,450.9977615437301
44458,240.04142468641575
44459,217.80185796975056
44460,689.5926753937456
44461,211.02347556493612
44462,239.3128996861212
44463,1046.0669326559218
44464,121.18844464216072
44465,492.6504996236433
44466,382.5865873293008
44467,129.60396964752726
44468,106.17686827878632
44469,220.71983369454398
44470,674.5442438660453
44471,567.8648725903802
44472,401.14931051353096
44473,399.51345442023785
44474,138.35288023378186
44475,164.1437368285186
44476,232.81535207744858
44477,147.8829145055413
44478,157.0870436208467
44479,198.71057482205805
44480,153.65858890742362
44481,402.4162877180098
44482,368.1794413614449
44483,232.3603736771945
44484,189.77925821312644
44485,213.50848155421355
44486,276.7270314621655
44487,231.05554978239897
44488,155.34119077386936
44489,243.9301298573126
44490,283.79099307258844
44491,201.49197880462208
44492,230.57187338963047
44493,225.41334268513748
44494,234.51805158418637
44495,372.5533428595558
44496,209.53156966061397
44497,124.04132032478309
44498,351.804052538499
44499,163.56826188685494
44500,421.6327115784059
44501,276.97126415164905
44502,259.4897204392277
44503,227.46064549824735
44504,135.94775728505653
44505,119.50435293583638
44506,398.2338112933976
44507,285.67463458327256
44508,220.33324417201544
44509,261.28999707735846
44510,185.74217449893308
44511,150.98460549219703
44512,421.7009111654105
44513,188.97347934350105
44514,569.3084099285323
44515,350.8106090110568
44516,235.11536670834138
44517,238.64342310653382
44518,112.26779224096714
44519,189.79807266866624
44520,178.28915258719653
44521,159.4586653362783
44522,179.33793960991312
44523,188.71060876665823
44524,370.1629258979058
44525,260.4447008891085
44526,269.8093690824
44527,380.968310868214
44528,295.5383661509231
44529,303.26344428813576
44530,117.38823124181397
44531,180.22123785532352
44532,144.36762959249222
44533,209.73095812803277
44534,138.88572081120236
44535,233.25670751787848
44536,261.879853223601
44537,230.5926872269578
44538,295.62084600564816
44539,340.77871548857587
44540,170.92219263894168
44541,115.35295838352154
44542,281.4108206848237
44543,136.4622159313042
44544,333.97087672517995
44545,233.8246966527474
44546,209.46598701420746
44547,155.27444004253806
44548,349.3376044497749
44549,141.6706829554008
44550,400.82037106512826
44551,361.9734597488126
44552,232.6948869786242
44553,153.0826040698081
44554,756.068062507783
44555,385.2572255763901
44556,189.45222332564828
44557,174.15319118113516
44558,494.9646502911165
44559,234.31868439338655
44560,287.3183402359028
44561,187.98397127088614
44562,161.35888323651704
44563,334.7067240680283
44564,820.4684722634139
44565,155.14012991093753
44566,150.3545276761184
44567,276.01606919303595
44568,322.0644235859013
44569,289.52079637622205
44570,170.00465856359475
44571,152.19810574736078
44572,135.8412107080826
44573,558.888691690229
44574,176.58581050842582
44575,310.4311251426143
44576,147.42526461804565
44577,300.1075152329688
44578,415.90236214423703
44579,294.46723838501913
44580,137.65726654429972
44581,201.10474443688707
44582,360.78503542114674
44583,172.0863142554963
44584,183.67416151857492
44585,141.46780241065076
44586,593.5079170625629
44587,196.08495775434923
44588,181.60396359337523
44589,140.7490539454806
44590,468.176669253465
44591,251.66028954021579
44592,205.64151290891826
44593,134.31288780576864
44594,173.15738831066426
44595,243.60775203292752
44596,217.73680495180025
44597,361.31440320519545
44598,471.8066666313485
44599,230.0345498820419
44600,219.93429594928816
44601,169.59967454489714
44602,268.8764308720867
44603,192.15068749225688
44604,190.35107122969018
44605,207.41066357650845
44606,333.8594069036753
44607,632.6399538929755
44608,109.33065589835145
44609,391.0674988369333
44610,1085.5715344667938
44611,372.7115494034968
44612,234.43445530691915
44613,162.8398487317402
44614,211.944239192288
44615,139.6014047764156
44616,301.10237987884034
44617,240.65146208573736
44618,264.58938964931656
44619,158.81320442498262
44620,336.0806021445698
44621,223.94444272014613
44622,221.3056738051452
44623,268.181573888011
44624,187.92445992832057
44625,385.4660685583121
44626,235.1819984069908
44627,308.4281310567961
44628,343.1097015085901
44629,159.01423583048606
44630,324.22611537500086
44631,290.94640347644554
44632,165.0570985196956
44633,175.6997595622029
44634,160.38299388947848
44635,75.0030796145115
44636,224.98318851584952
44637,217.76114837998762
44638,159.79775228049238
44639,305.23402311950247
44640,168.1358753086181
44641,159.1037797720489
44642,224.1120015815776
44643,416.36713854864104
44644,138.5629906374486
44645,269.8697320319258
44646,242.01094575338328
44647,108.13499944513538
44648,183.03363163882892
44649,177.13303594265372
44650,159.25454756217061
44651,236.55988562070036
44652,296.5232223708457
44653,261.04694256907976
44654,253.53371947347804
44655,322.48800609217324
44656,274.27347756280255
44657,280.8704150578988
44658,189.62288661182868
44659,155.02420647571557
44660,267.18915112348986
44661,731.760413024041
44662,170.24340735653658
44663,201.89271086959025
44664,228.5001982282563
44665,186.29692077547563
44666,124.29485262060965
44667,305.3375934135177
44668,159.86103330108858
44669,209.04178783412303
44670,379.8157023223902
44671,178.6868078007431
44672,121.681230957851
44673,486.26584551567163
44674,155.66025229820445
44675,325.2565592664091
44676,178.42386364021613
44677,176.0926013768428
44678,197.6816814403113
44679,137.5429250863221
44680,237.59743213169546
44681,169.83807596215067
44682,227.77847357186283
44683,163.08868835795636
44684,138.27978149340032
44685,239.17669995677724
44686,233.85070032095982
44687,172.14336286544352
44688,762.414502786571
44689,380.3674830656074
44690,231.74134859757942
44691,332.8232911843966
44692,426.8350207655876
44693,132.456485517725
44694,186.39545303004738
44695,151.40190572663684
44696,269.47214303214093
44697,244.01017780328982
44698,194.67494315990788
44699,232.38637991470222
44700,156.36604088038365
44701,299.41577939640365
44702,290.7923334340585
44703,363.94367693216685
44704,369.16521079955623
44705,125.78122469177173
44706,168.44519136578933
44707,210.1721194523187
44708,137.5126085859034
44709,362.43052613883674
44710,205.36318822052874
44711,419.7633052323778
44712,180.32612806433207
44713,306.13770620127366
44714,222.62198337788416
44715,285.2699192319565
44716,254.95306201507603
44717,110.5037410491751
44718,117.48922212397885
44719,1217.5934415717243
44720,343.4877910677649
44721,254.44037539906506
44722,187.11123572800253
44723,165.81017358122187
44724,177.6257709787113
44725,129.1375926499167
44726,351.94697359598405
44727,294.9624118801743
44728,609.6215280231016
44729,223.09113646556622
44730,270.63437250158483
44731,118.07075748112187
44732,144.48930676719093
44733,231.2823543353258
44734,270.77617197842255
44735,178.49504449623544
44736,159.08475839565634
44737,297.9989073194983
44738,241.7876411275506
44739,607.2901703665982
44740,185.26857180442215
44741,426.5692847421319
44742,676.5533314944568
44743,171.50498910335165
44744,112.66931268287189
44745,384.34285173874105
44746,95.25098413423505
44747,249.9217801009199
44748,249.5071037493008
44749,240.21994483514004
44750,107.44982699519315
44751,214.6776828022835
44752,153.5206911326617
44753,251.65713568089495
44754,258.18763936371323
44755,235.34836909828937
44756,220.49858124900993
44757,299.50231224254765
44758,381.04236527356005
44759,155.46154138993597
44760,327.05115896225186
44761,229.60094416162616
44762,673.6585582672867
44763,253.95672529352584
44764,112.51799746277604
44765,407.1742294047715
44766,172.71377530535628
44767,950.1291743526168
44768,206.15890869737942
44769,548.5402404769214
44770,480.2911999530082
44771,176.70825846072384
44772,214.40472409717282
44773,258.066335024792
44774,148.32772430640983
44775,221.22313898182716
44776,206.42084360829784
44777,219.41497120845057
44778,149.95232267865978
44779,233.1357217942848
44780,354.7217595725391
44781,407.8260010198369
44782,443.7386063631315
44783,160.45317252604207
44784,325.4349987678152
44785,129.029315579272
44786,229.43314217226413
44787,310.9943754714908
44788,110.41639140668092
44789,988.846371749779
44790,319.147912616876
44791,415.11320208841056
44792,238.35877249305526
44793,228.0039008912851
44794,311.69439223493646
44795,279.63707632314015
44796,956.9819656510901
44797,264.7057138892486
44798,575.3644355367636
44799,144.35708480900968
44800,225.48570532528146
44801,133.78457913374723
44802,850.8234088630279
44803,285.53088355900263
44804,747.6449960288754
44805,297.7920668546518
44806,158.5856154325357
44807,152.00698791047364
44808,252.66583892443805
44809,399.1727375364241
44810,229.56237285840896
44811,162.0542290541326
44812,344.4947105857784
44813,2133.668212979119
44814,220.42653799512468
44815,237.04330804169356
44816,640.8929995335577
44817,273.24579456415165
44818,157.93509627197753
44819,166.42052584743917
44820,1753.2174056792292
44821,299.1299969754615
44822,357.08281613842126
44823,166.93997787526675
44824,224.17342897533246
44825,210.85330210042062
44826,458.63224509631766
44827,158.1266359832428
44828,418.7715409781808
44829,121.17956286508306
44830,173.72043486397888
44831,158.10646850071868
44832,164.34066445869573
44833,188.19320944697517
44834,189.60415380785577
44835,232.66698835467076
44836,135.4093658763074
44837,201.77522066701513
44838,466.8429551119753
44839,165.51372370461166
44840,173.87335137436966
44841,281.5263760961813
44842,230.57395125967201
44843,380.1239098204872
44844,125.3061816255416
44845,151.40144053618818
44846,160.45564157809744
44847,348.7713945763135
44848,156.27394795413377
44849,306.6618906767384
44850,141.77472733374802
44851,104.17093820785082
44852,139.6930100774998
44853,327.772595820602
44854,136.48259523846687
44855,186.3796124992561
44856,397.0862567865729
44857,665.9748428056234
44858,411.68545325742787
44859,285.16763774421094
44860,153.2649505570297
44861,295.03133668946947
44862,164.32509596465866
44863,115.09806959550507
44864,419.5927062639801
44865,146.0439048066932
44866,194.42324313663687
44867,233.38681697601157
44868,424.5684705000497
44869,95.16024603493058
44870,224.5958603451964
44871,270.08529248974514
44872,214.86172127141222
44873,114.70483911849222
44874,367.702494585514
44875,175.86788258504635
44876,267.4803797864825
44877,277.9146739489141
44878,331.30150252896004
44879,162.18633697156167
44880,140.93093713008298
44881,123.93827600461769
44882,203.77973199726
44883,517.4289081217999
44884,232.2127110164102
44885,302.0393347683896
44886,317.3965072407163
44887,268.89002531041626
44888,195.59821529153243
44889,225.3688917924989
44890,132.94125018808373
44891,842.8828516100291
44892,288.67451555949594
44893,190.51585699723012
44894,234.88449944560344
44895,138.32832458428618
44896,190.68258412307586
44897,91.70998921618518
44898,213.11626802923223
44899,232.08074105346128
44900,167.46098706848628
44901,211.71271936496169
44902,191.3067091354727
44903,172.2884589626099
44904,454.00668575843315
44905,232.94722752780524
44906,227.47568228344556
44907,185.5839828286819
44908,139.87651413352452
44909,352.8083715988662
44910,293.24171775507
44911,110.48502089085919
44912,272.5771373140415
44913,141.44750203764784
44914,334.5751360286216
44915,263.0036771010969
44916,340.38908273492234
44917,228.8525981496531
44918,256.2146501028606
44919,532.6435902788439
44920,112.90818791319312
44921,299.8859374051115
44922,215.3880375131773
44923,298.7128117100809
44924,289.61390506930536
44925,362.37858316301737
44926,266.8987929024274
44927,176.78271243586354
44928,326.9266529927511
44929,193.71756318567705
44930,870.2585633359998
44931,191.0036595236514
44932,131.18639949773
44933,145.08499564919978
44934,211.16283463357007
44935,195.6980564052594
44936,236.0512107957167
44937,447.62798299782025
44938,129.64961620818275
44939,195.80434158099092
44940,203.36513910893513
44941,184.142648716428
44942,119.78820459974865
44943,389.56467122360505
44944,247.8778436417844
44945,130.40576483414182
44946,378.2853789919292
44947,256.86528206130487
44948,243.31568476617184
44949,172.08318761819982
44950,260.8895916455659
44951,126.52462200165988
44952,222.23071329904536
44953,149.1307867866413
44954,286.98706460835933
44955,314.47627001166927
44956,183.03384990295356
44957,218.60170088389492
44958,196.47606607012347
44959,148.20385633429288
44960,161.45411953917042
44961,308.39280874099217
44962,196.78718262201323
44963,230.7237305932155
44964,118.15780587359468
44965,132.62445118513745
44966,179.03630356221578
44967,192.56014624577915
44968,199.85769780448015
44969,131.2409347021384
44970,233.32026856749573
44971,199.3663859722593
44972,224.88720831338802
44973,290.5823508266327
44974,183.11519999235793
44975,165.0753085691609
44976,192.3981489555522
44977,287.6796041402116
44978,238.30742360426157
44979,199.2459720913694
44980,289.0173836319836
44981,814.8666556264976
44982,211.20511033749779
44983,223.80168384670554
44984,159.13950299969903
44985,510.0263498602635
44986,140.24748890727074
44987,134.56519722844448
44988,145.01450259669548
44989,239.96982015221283
44990,153.35273291984583
44991,151.77322433116854
44992,178.8619543942329
44993,209.44841206158162
44994,559.7286239481817
44995,781.3732947972303
44996,234.20743799770193
44997,196.49253233654116
44998,314.0726599985617
44999,143.2748888403385
45000,152.76961168916353
45001,319.5156243902761
45002,510.05926471011367
45003,161.5859750198079
45004,277.79361888653057
45005,344.66517917417275
45006,100.97110926126511
45007,342.61858628650083
45008,152.53808230640664
45009,290.4238926566077
45010,678.6389515450774
45011,149.91943183878462
45012,176.32901574134908
45013,234.27366121687427
45014,89.08021503626841
45015,184.8532226782175
45016,1079.1798353967033
45017,272.1088988294856
45018,659.096705705548
45019,232.60019891219912
45020,333.07327262389583
45021,153.23593876706116
45022,218.74258641479844
45023,302.9291474144056
45024,108.78158067030401
45025,893.64128371413
45026,362.89316972739346
45027,198.54643933691906
45028,185.184596462588
45029,156.13924436002154
45030,175.34487489594252
45031,209.55340944965036
45032,259.10935732341477
45033,155.70596858159925
45034,216.04078586945508
45035,130.68268815914925
45036,207.5411126761053
45037,193.42777298269917
45038,339.8337846480209
45039,223.5770899798893
45040,241.4147202115957
45041,180.51153697809474
45042,176.04761565100543
45043,235.3153589402977
45044,174.50584541002465
45045,245.82170774656475
45046,162.53531880744788
45047,196.37357554978715
45048,214.70197635866396
45049,144.91466956053432
45050,907.8267220566617
45051,533.4438962011534
45052,665.4868850801598
45053,117.78678184089648
45054,101.88029399343561
45055,318.45316901727506
45056,264.8713483992692
45057,150.10114475387607
45058,219.26964688827144
45059,180.78243188582837
45060,483.6285687265298
45061,419.20011117520744
45062,424.2495783321423
45063,160.93571725247668
45064,174.00428701969898
45065,150.41564446001095
45066,274.78121427870093
45067,298.3939751222591
45068,178.11090147256164
45069,261.78050581887936
45070,262.17843155738626
45071,150.79530117394856
45072,217.4459203918709
45073,221.01982998424654
45074,268.12204537216195
45075,328.1771307850193
45076,158.20512490090582
45077,202.11990261573828
45078,191.33020057611955
45079,537.4146246441334
45080,229.64992560964805
45081,245.77472790622068
45082,268.2525434674617
45083,177.7005629577023
45084,188.49119998732317
45085,148.21505070331244
45086,150.32819967146548
45087,155.32339156677128
45088,270.45400284447595
45089,269.1209033630074
45090,408.0528310799582
45091,215.5065043893816
45092,257.6953153990063
45093,327.3905424603203
45094,235.2222999870069
45095,229.72398233250675
45096,207.35360735439536
45097,377.66830096447273
45098,236.057287660132
45099,256.2366680625812
45100,421.87561060724954
45101,266.16467283476277
45102,365.3416846195175
45103,224.05209159356812
45104,195.05607342528836
45105,176.89927225340733
45106,353.4408653295592
45107,744.3917298868334
45108,216.45357256750503
45109,237.97947314990213
45110,337.64161992381935
45111,113.78157531715512
45112,413.55741370374847
45113,202.5551606529851
45114,240.8173749015968
45115,186.7957091041519
45116,191.2109941793652
45117,510.000883183452
45118,115.03860120868725
45119,222.88619164265072
45120,195.93500194471096
45121,277.98800908651174
45122,221.5613128839385
45123,171.5493698113238
45124,118.52873254549492
45125,136.51902118921106
45126,474.7307841164418
45127,370.7598700938816
45128,187.24513874322173
45129,217.3996787791376
45130,208.97209624798154
45131,247.78498606536238
45132,266.69815405497513
45133,117.21061567855722
45134,202.44764919403258
45135,173.30215421754679
45136,210.18912760464806
45137,564.9009896756871
45138,167.00220456637953
45139,243.36548219423744
45140,150.47059701560252
45141,658.0552048740112
45142,190.4148150327858
45143,222.9044234580462
45144,326.9353981680705
45145,177.41508157036492
45146,238.85585747826627
45147,90.63300217970504
45148,385.2399349973845
45149,155.48578131892086
45150,171.58018781175804
45151,223.79068385835043
45152,245.44176752140072
45153,309.1627836913683
45154,483.35920126589156
45155,382.0939502721436
45156,413.27252784745025
45157,179.06521320908257
45158,885.2321886213815
45159,135.97279150522354
45160,200.90854437397687
45161,140.04441463702173
45162,352.7164699237231
45163,250.73871825816377
45164,238.07305776307106
45165,312.48354555893076
45166,168.28086156761137
45167,683.848821813507
45168,233.15787033120705
45169,628.74694740834
45170,453.388365798763
45171,129.8285159007388
45172,160.1156428578172
45173,1093.006294074869
45174,188.26262042199036
45175,204.63162691113695
45176,201.54585820267002
45177,259.95238622623685
45178,378.9444887894802
45179,236.2110697083117
45180,138.3879645818008
45181,528.221561003394
45182,238.8594806945352
45183,369.02552594988765
45184,170.42199720689018
45185,137.9747806935996
45186,210.52913411494745
45187,448.38041091538
45188,155.82892796144768
45189,418.0721350593089
45190,219.36602011973494
45191,167.83454196444205
45192,181.06675580821553
45193,415.4802418453463
45194,228.5502189358411
45195,368.68026682353116
45196,210.47726616688672
45197,161.30580257505665
45198,544.4460258571019
45199,299.62859114453147
45200,208.59581160250136
45201,319.42815829343033
45202,172.3564245853247
45203,393.50814559981615
45204,372.3525256001814
45205,248.12452250598105
45206,325.7515150972155
45207,233.28988214659213
45208,279.47004995299574
45209,167.49952752843578
45210,177.77265335906685
45211,265.9765911562262
45212,276.75012808248925
45213,361.7235048392888
45214,234.6406434425871
45215,171.72729202688325
45216,119.4227898126045
45217,101.32066963154652
45218,480.75061071490063
45219,289.9523952456933
45220,335.57566573799096
45221,176.4511992169288
45222,196.18399687179542
45223,147.70424520897245
45224,140.36587033517293
45225,180.59576752963287
45226,147.15267042305717
45227,262.9917669661662
45228,172.56039901678687
45229,283.78463371732016
45230,397.731114210721
45231,239.1405197068594
45232,510.15403278819696
45233,138.38952060955964
45234,111.22013897238585
45235,161.89731546890172
45236,244.02024018714297
45237,98.82772513026451
45238,211.74837521894338
45239,161.02125469030324
45240,545.2811328223556
45241,181.75689015630377
45242,242.24981878101852
45243,164.11436759934995
45244,179.53208481199357
45245,269.6657208875887
45246,229.56506498886844
45247,196.26352764608808
45248,115.11695559390358
45249,201.79035975253845
45250,146.88241385136757
45251,167.20438068582976
45252,281.66451281035376
45253,242.34538351140074
45254,155.98179224815917
45255,144.21007469606332
45256,143.15535482953655
45257,275.57381386246675
45258,163.27472338241927
45259,217.62097035751518
45260,292.0386421790442
45261,142.47734382715223
45262,202.74244715198932
45263,98.47237239424904
45264,303.59809520032286
45265,153.55941524879623
45266,103.99988369776787
45267,180.76331576035528
45268,450.47474590037734
45269,864.0125719812131
45270,303.70670584428007
45271,192.28832103481503
45272,232.14010824901283
45273,292.51090472838575
45274,464.6363794791994
45275,165.16013359524595
45276,426.9295896786285
45277,308.75982673669023
45278,491.32408468133394
45279,276.8386051968744
45280,195.58349026420615
45281,163.72584599668102
45282,204.93047157349187
45283,368.09628722446956
45284,379.07517327901405
45285,208.68574403052935
45286,136.68681771778233
45287,110.36190473377277
45288,259.72635511897363
45289,204.48334092099032
45290,190.5167917322607
45291,180.05650607452316
45292,214.69074689178345
45293,456.91211733459323
45294,596.4970513842577
45295,165.90145726972636
45296,184.05550882894224
45297,257.59008380781296
45298,251.57073638069085
45299,143.19153310918944
45300,228.72797953376914
45301,243.14802595501192
45302,216.46713099860798
45303,136.31458572995155
45304,274.8674953691006
45305,237.08562811521585
45306,872.2166841924512
45307,232.1277326242612
45308,637.0017914683708
45309,125.88163530286364
45310,321.5278576960758
45311,220.59257043029532
45312,224.02263078122073
45313,210.5081686485112
45314,164.58645183401106
45315,147.38825220209833
45316,622.1031921467196
45317,305.7364002832038
45318,614.6885038622311
45319,208.12078243515856
45320,224.4372878421367
45321,422.4976733816771
45322,269.02857887679767
45323,95.63792548682227
45324,481.4799342368154
45325,952.7091271054508
45326,152.8672841702044
45327,219.05178375814262
45328,272.2222354466659
45329,465.0365390953057
45330,140.92011176592536
45331,304.81229736042945
45332,210.60335815973315
45333,192.79103155864897
45334,352.7194024439569
45335,188.27991181524064
45336,205.0864327045021
45337,256.8945394811022
45338,170.94123147732796
45339,168.24762535006633
45340,229.56409735024855
45341,169.27706820235267
45342,201.48251813956267
45343,274.7986526613954
45344,253.52992733926425
45345,247.84181521009404
45346,278.07776721038795
45347,181.38910192055806
45348,159.90596349256947
45349,136.65178754427677
45350,250.0874618206902
45351,159.33267773396824
45352,130.31799372319475
45353,214.38063517779065
45354,317.70845477937445
45355,311.73450449551933
45356,219.04323706312124
45357,152.4469306331897
45358,134.4022283354894
45359,140.81234712977852
45360,205.21137395758282
45361,222.1968552586681
45362,258.46962306832097
45363,532.9585935915069
45364,337.79740337508554
45365,231.1333088910905
45366,243.31436269039023
45367,231.25359280986623
45368,353.8791208404358
45369,145.79059811854597
45370,254.9006585951397
45371,161.2855972079854
45372,188.0767500215952
45373,420.48710770349123
45374,309.13453364581216
45375,277.8947860480922
45376,210.6470684461104
45377,275.8167634535358
45378,310.1064790840699
45379,334.7472967583944
45380,211.74250487797207
45381,223.42188086579458
45382,115.43727517438218
45383,267.1636814378046
45384,232.93200611512034
45385,256.5340088690332
45386,165.44343041522674
45387,157.30073645028062
45388,280.90855249494456
45389,192.14637790384646
45390,180.46369979988214
45391,696.6102656219656
45392,214.10844225459553
45393,189.92679423102027
45394,178.66386784497382
45395,187.66870396589712
45396,330.3538590291263
45397,107.75031374987023
45398,851.0431668101072
45399,480.4387392287193
45400,328.80587416546064
45401,151.53269828164213
45402,1096.4307090438479
45403,305.6824267974528
45404,347.1010938494702
45405,188.66044112916154
45406,400.59201064367124
45407,160.25861358873428
45408,156.0753534867713
45409,188.7611855976282
45410,193.81646297606977
45411,323.34538026352635
45412,377.3314153348481
45413,486.29660172350935
45414,208.04090138675414
45415,144.37088622300192
45416,165.0622131868021
45417,141.266252231682
45418,108.92154501265145
45419,228.57987488487998
45420,266.9829607248806
45421,791.252607123804
45422,386.35129889459364
45423,404.26738158398535
45424,181.81112993147445
45425,131.5727562185649
45426,317.1055905989535
45427,249.75776438334577
45428,144.0040289641866
45429,510.7740348890219
45430,285.31235517652834
45431,185.5475771370642
45432,250.97174525573922
45433,409.20413557127796
45434,190.9386000267003
45435,382.543374222267
45436,223.33084070957344
45437,235.5381767789674
45438,205.03422116074185
45439,196.56474182507563
45440,143.59407045964224
45441,475.5186048272302
45442,153.23511094783242
45443,1115.8729627627285
45444,217.9988526837599
45445,179.39308625027454
45446,209.81184568945724
45447,194.28956331350264
45448,134.68971127240633
45449,331.4635508201187
45450,209.58142262119873
45451,207.22636031129824
45452,211.50091203639974
45453,215.80233975163162
45454,267.2098598716366
45455,129.73510978490702
45456,926.357071845202
45457,165.01848091431532
45458,141.18511821670057
45459,147.9741714734255
45460,349.1253157652759
45461,266.6009983197262
45462,164.86745292344338
45463,174.60632380255356
45464,336.838218224773
45465,111.60813499658738
45466,208.6998305032494
45467,472.28118811015776
45468,675.0898727910863
45469,169.57964886988924
45470,303.56676877394887
45471,162.4316017387058
45472,217.3302997424717
45473,675.3407069836813
45474,824.6890854599916
45475,134.24529865383641
45476,219.19140922988817
45477,137.87990074190606
45478,262.8330508308236
45479,254.15380326961684
45480,186.89982955565694
45481,191.40144943540918
45482,417.41658762337465
45483,200.45943782439923
45484,192.44500784417926
45485,212.9125881253338
45486,160.13644349534601
45487,342.01397916611126
45488,151.76867761535044
45489,254.7925660528391
45490,521.2957105833374
45491,200.4903101125764
45492,282.28486482775907
45493,379.87167450033235
45494,169.25399835453678
45495,129.34641849983893
45496,548.3464136504164
45497,153.78666257212615
45498,198.5955256880926
45499,253.63561944659972
45500,177.85624183812513
45501,211.83013987243285
45502,248.7554851139037
45503,256.315450356435
45504,188.63370794215476
45505,175.16675129571775
45506,655.5465205082081
45507,91.1279583053336
45508,510.6793900786232
45509,117.62938270347634
45510,208.92057463506592
45511,269.2895362054908
45512,227.60876391779485
45513,138.95702095616878
45514,132.87588014674049
45515,222.64779915456486
45516,157.83264601786107
45517,732.9863114015923
45518,404.44375042154115
45519,137.28159386807687
45520,196.8679456499086
45521,221.1927789118292
45522,846.8120907439503
45523,118.73668280893213
45524,201.06920166941353
45525,393.55231987982825
45526,242.8948676400925
45527,132.131966577263
45528,419.991974048946
45529,336.1658705085993
45530,154.3850752778147
45531,693.1827813643482
45532,411.2760946967225
45533,209.22643904152065
45534,133.4635413742373
45535,126.66698848254268
45536,318.5755968879214
45537,216.56672755216985
45538,142.9471429538534
45539,222.51351919012438
45540,197.01687268411257
45541,257.80507632346644
45542,249.19885434702496
45543,317.46307171993533
45544,219.98816988660892
45545,438.2905034921547
45546,309.31740863973744
45547,262.06768004391904
45548,194.1764031014279
45549,274.03559463265003
45550,1134.044285887529
45551,161.7309098983659
45552,247.11149788474074
45553,131.08906867661477
45554,198.33234582211662
45555,552.540683284076
45556,227.40664356333383
45557,125.23759867565664
45558,380.44299302376305
45559,616.3997220211068
45560,224.44894542830352
45561,398.2948049636425
45562,115.62501963244185
45563,288.7708076954677
45564,222.64055035427273
45565,243.92441894757724
45566,204.5764004971251
45567,187.53509883831745
45568,211.90557516954945
45569,155.14897922307904
45570,344.21662468231375
45571,227.54646268328128
45572,287.45549692830554
45573,560.8260557038406
45574,511.5024953940937
45575,302.0282902942642
45576,427.946544472485
45577,230.42892856229437
45578,442.3742116743706
45579,113.29993726035258
45580,168.78035756810687
45581,272.1390359717817
45582,175.14445500781164
45583,243.30617659516133
45584,331.0855810848708
45585,225.2058486934141
45586,246.08991704336145
45587,258.15657648687784
45588,200.13937185153802
45589,389.75476984000244
45590,399.6743838305844
45591,294.218110756764
45592,240.69131235865413
45593,329.18699115192504
45594,203.79426447664488
45595,275.68869001936474
45596,264.25360254632915
45597,95.70651363591975
45598,690.1998054563823
45599,301.59618784321145
45600,184.06117348510008
45601,198.63865217471553
45602,275.7839594635566
45603,283.75286670458064
45604,142.5003311583036
45605,334.6015351413913
45606,147.0636371675734
45607,177.40153008485692
45608,520.9855455483706
45609,119.90980723882669
45610,138.83419242573726
45611,731.9573414292009
45612,316.6881308096876
45613,212.80071264502257
45614,236.4140759717724
45615,231.31617442613873
45616,962.3853275673322
45617,182.42706348142087
45618,148.70637016266437
45619,134.36797515100022
45620,451.0189947733192
45621,139.08695547086836
45622,106.16616103864067
45623,250.70484152372725
45624,554.6554518234748
45625,127.26675982192285
45626,216.9272273625687
45627,200.67091506836283
45628,229.6357621454746
45629,143.85070175223495
45630,538.3678850326748
45631,439.2985562738891
45632,445.3702361079765
45633,217.7504887370963
45634,238.93481387933306
45635,213.50025667566848
45636,309.947454298639
45637,869.2581531529304
45638,190.69097696378986
45639,793.1062306140727
45640,144.35991067761944
45641,227.7620685910958
45642,210.77795969585662
45643,341.5762836610992
45644,431.8954528944163
45645,394.6749411715456
45646,159.04235448552896
45647,253.63556719794616
45648,207.95825876243427
45649,369.0792207702712
45650,140.98702144049838
45651,238.43084549011303
45652,422.59441397596925
45653,114.06653040239205
45654,270.9409059547341
45655,174.02137282254503
45656,201.959865853112
45657,253.06700952479358
45658,168.68333151126458
45659,131.38648906336772
45660,401.83050299526803
45661,695.455202516963
45662,198.48540881461346
45663,165.56996920005273
45664,215.9191408166678
45665,195.80926501944444
45666,176.4310213519
45667,149.9872740075573
45668,159.051711101447
45669,128.9883902534655
45670,157.72562120371924
45671,122.70049223002852
45672,181.25113166712094
45673,206.69247936158027
45674,256.5064463238749
45675,275.0313168082176
45676,195.22014267982576
45677,539.7290443171642
45678,175.00967701053636
45679,254.76036478222937
45680,291.84080361543704
45681,335.77608353004825
45682,329.17861008537807
45683,223.59625473631002
45684,225.23639450202933
45685,215.1856246384246
45686,236.7775954139728
45687,245.1455089990853
45688,269.25510204725714
45689,427.21623452333915
45690,137.6475587878707
45691,227.5456102331349
45692,167.1011424570951
45693,315.71657874410164
45694,167.68940085534436
45695,204.0579347792077
45696,159.69097809986351
45697,667.8550123115559
45698,163.66756749485907
45699,236.32457724988356
45700,577.8584907597387
45701,314.09454173933716
45702,325.29392376980303
45703,598.9782146885607
45704,127.56128855174416
45705,222.4144862828669
45706,250.30748316039555
45707,254.80299998273296
45708,263.05795440892837
45709,151.31210032053775
45710,234.91667930914844
45711,129.1911747469938
45712,489.94505651832065
45713,341.5497018989563
45714,168.83234543309672
45715,463.7169536302216
45716,259.2893849295758
45717,248.39450537626632
45718,434.5539323019184
45719,1567.0871609593046
45720,199.0024490861438
45721,224.80099342512145
45722,1536.9043168434287
45723,221.28788483333605
45724,221.18545482447036
45725,200.10976265679534
45726,2551.128521832414
45727,537.6751683981821
45728,342.993367825662
45729,230.0304027081435
45730,154.08597998075567
45731,137.25202647372012
45732,147.41950304273243
45733,146.92079588956787
45734,182.3848608338307
45735,205.9791665221029
45736,449.72295577517076
45737,247.013985201613
45738,382.4156690233858
45739,283.0551938270919
45740,191.13384984532524
45741,234.15429215416333
45742,154.42860332193354
45743,188.267917170093
45744,259.21117200031307
45745,425.54069515165804
45746,182.1561490114661
45747,560.4530996930637
45748,184.0045095741003
45749,812.4660887838803
45750,262.87177347348234
45751,446.5723995700772
45752,229.9213655313114
45753,253.07901326139918
45754,174.86063585957427
45755,163.65565287194696
45756,229.19587945543182
45757,272.39657544589227
45758,110.41563421021374
45759,138.26617023467315
45760,311.81465731512134
45761,1046.0167354205673
45762,316.0508480416736
45763,413.0373957790842
45764,272.0285310328825
45765,268.8942746774261
45766,121.97249056741869
45767,244.33151223022085
45768,185.73147005756232
45769,383.25986903064023
45770,266.26958002932713
45771,608.5475058487841
45772,145.74438676099294
45773,349.23417143491054
45774,162.33888957497717
45775,195.635216820839
45776,177.59331709304513
45777,133.2204785742144
45778,359.11448352579083
45779,361.60751921453067
45780,143.97753953302157
45781,284.01470035889736
45782,442.5410404884631
45783,221.91120759694712
45784,201.935478224609
45785,189.20552250392814
45786,133.4603032507602
45787,407.0251990269765
45788,200.36792051110808
45789,128.55916844159697
45790,101.66463957303196
45791,291.5267846961583
45792,106.32503447418209
45793,338.9817163425002
45794,246.19426841366507
45795,289.87752175910464
45796,239.4108801999749
45797,378.72966563053683
45798,185.38025737958003
45799,236.2358472382004
45800,143.39997358437202
45801,140.26982158890016
45802,267.2743472447565
45803,157.16394318453308
45804,223.90540617625487
45805,201.42405243903787
45806,186.89514694295048
45807,642.5565709502656
45808,192.08755664335416
45809,250.78652732468356
45810,547.1782819860591
45811,225.19954228003706
45812,243.29077302135246
45813,117.71256085149541
45814,231.39547984236344
45815,139.45233373067626
45816,204.66847858249145
45817,207.10588826029772
45818,212.83836002090914
45819,133.04721879076084
45820,234.39379338463854
45821,200.65245737713565
45822,220.22603989930917
45823,368.416465347552
45824,131.76813844211233
45825,433.9892508813154
45826,119.84949652481848
45827,433.85910661584256
45828,124.79308774472807
45829,184.65871509090002
45830,162.5906026134155
45831,169.5025243183531
45832,267.0445405349927
45833,227.59535554244292
45834,248.4403855633829
45835,152.8079505920832
45836,153.95476042116877
45837,141.2564193630562
45838,237.57850652804308
45839,158.2008389745757
45840,135.037192505635
45841,195.76938592936716
45842,439.7013447569027
45843,197.96442935645132
45844,256.5310995763409
45845,794.7722092301699
45846,258.8546371165828
45847,221.46946379777802
45848,229.31533622815317
45849,388.5786521033204
45850,329.0812706168611
45851,210.5109485120505
45852,221.1790417115029
45853,399.39405119458974
45854,221.20999547429406
45855,123.8318540975239
45856,338.948986037079
45857,155.73820454395286
45858,116.45656894032885
45859,217.6717208884583
45860,385.16523532545233
45861,280.5494879202591
45862,136.21473377994093
45863,323.6270877719675
45864,190.10883959762987
45865,157.02299688097423
45866,145.96108723642584
45867,256.65640061642466
45868,233.3823021543804
45869,213.002489235486
45870,136.93249506002496
45871,626.8491869664807
45872,625.7586638024906
45873,127.14342959862793
45874,520.289447824094
45875,153.24614114428252
45876,153.68391664965492
45877,135.08969459363317
45878,152.97021363670723
45879,207.51900520491714
45880,228.29759734122277
45881,299.157168997306
45882,375.08499622704034
45883,173.88066228124575
45884,628.192605812869
45885,257.57725972929705
45886,135.69209697054237
45887,148.7052554878706
45888,742.5109438363842
45889,199.85341820485488
45890,182.68320362548877
45891,204.37765577723025
45892,361.96360953026664
45893,164.17825399408173
45894,480.59139201857005
45895,191.04022414356757
45896,341.73848261290317
45897,118.04683996611904
45898,120.92100477345319
45899,239.5960609808433
45900,161.8130988254564
45901,146.14795663682145
45902,138.28406821043245
45903,198.21152622017064
45904,155.59923527436644
45905,160.25746588559977
45906,376.97290138189976
45907,279.5898412963784
45908,292.3295102148222
45909,137.37423102393456
45910,97.0971840643547
45911,243.3353629034143
45912,346.2785274173158
45913,246.41698832970044
45914,521.856882544401
45915,425.4178443301871
45916,185.58484353193847
45917,134.2649282680016
45918,613.7194374860785
45919,240.18049597728225
45920,126.49855694286536
45921,229.35832555485297
45922,145.69315700486288
45923,124.7971030994025
45924,253.43536921138448
45925,253.14707973450203
45926,138.58187479693984
45927,657.1667931595574
45928,200.22258319841546
45929,181.5401545868276
45930,445.0724891436182
45931,369.9477585657942
45932,101.65717057284236
45933,412.86783449207616
45934,194.49327384542042
45935,171.9778727099429
45936,176.25587732793772
45937,174.36822759128154
45938,238.91539081255956
45939,241.1429156547
45940,151.27269584552252
45941,350.40620406596366
45942,145.00093608584956
45943,359.7609593414619
45944,414.7578181101033
45945,142.35153042040284
45946,312.56147277105333
45947,151.6172223328429
45948,98.0201650664658
45949,325.85363960808525
45950,153.03878658939783
45951,185.7673780502421
45952,429.28743353788377
45953,143.82161040987154
45954,390.2384417376753
45955,220.780717717439
45956,411.11226208849496
45957,224.5425320953944
45958,182.7679184213636
45959,168.98124592536362
45960,442.05395795965467
45961,204.98658190313859
45962,335.09804152128095
45963,243.7818720850737
45964,164.51158906203256
45965,274.1397192249376
45966,423.4879461771426
45967,183.49759806209764
45968,340.1721191095704
45969,352.19178678400084
45970,115.2291772052433
45971,379.9093522941238
45972,184.1627118974149
45973,338.72223351733453
45974,122.69184364711893
45975,168.93271220196831
45976,307.0515356535176
45977,492.6181492328867
45978,299.80621037958747
45979,131.61520814839298
45980,136.1045957564096
45981,457.99736643985597
45982,419.2294154472291
45983,245.875909331883
45984,222.54599164475437
45985,185.44416203104964
45986,215.98375331594303
45987,343.0683697733506
45988,177.52801121633442
45989,160.71592082845436
45990,1096.2525976809943
45991,156.1576482147525
45992,262.6459190028255
45993,158.2661657967497
45994,498.5515986373881
45995,186.03079071885276
45996,239.09248431421435
45997,137.58627010914086
45998,472.13494856565313
45999,275.6197520768473
46000,259.8681938663535
46001,226.4610103272788
46002,162.1133699941808
46003,160.68821150026335
46004,243.38022354797207
46005,393.96718207062213
46006,196.14014779176563
46007,129.8616609804928
46008,385.9693088164396
46009,209.5910074229948
46010,120.53896315827673
46011,292.77858883938
46012,388.4175379685214
46013,564.0016776636962
46014,169.84781341709868
46015,131.53137454337843
46016,171.98002225253276
46017,175.25365033823752
46018,356.6461996497642
46019,401.00096852439106
46020,250.39131703787575
46021,158.71415991561605
46022,178.3538858908144
46023,371.77336097549573
46024,922.6354860643345
46025,203.30279011777913
46026,193.39755564209108
46027,246.70218277620637
46028,233.72985502400218
46029,149.62783365776394
46030,180.93696330106084
46031,381.03142982548627
46032,208.92823966645523
46033,451.5313351414695
46034,169.94066949921609
46035,281.02863394560774
46036,233.1257031485468
46037,165.97579803320482
46038,119.63367903279985
46039,337.236303036967
46040,171.73954455023258
46041,233.1923529270175
46042,68.58448676549418
46043,478.0310537112885
46044,207.17102861403876
46045,182.66333961895316
46046,191.5997153689399
46047,237.49877431288874
46048,189.66965677698227
46049,170.40252276016946
46050,312.16717244281153
46051,164.7783948914854
46052,185.04116843315407
46053,564.7681209131304
46054,177.07450504618532
46055,139.82431707046968
46056,148.24489942843036
46057,138.03795898898568
46058,162.38705011102925
46059,270.5288766443338
46060,160.82129917414008
46061,491.24758861564277
46062,438.9477566444105
46063,368.42283230289036
46064,897.7229075445035
46065,267.5998300324467
46066,195.97585852706288
46067,172.94219512630312
46068,250.19811182070313
46069,435.61834613880643
46070,174.01314513825417
46071,207.7411764609472
46072,220.9424419748506
46073,114.6504350879566
46074,234.0401200285359
46075,170.96423428614284
46076,239.01161148436807
46077,523.2180982995824
46078,166.2850379145808
46079,166.64847540964448
46080,281.2237656405111
46081,196.21279857141613
46082,227.43142062636494
46083,126.8552198277311
46084,177.2273265397637
46085,489.6985594606241
46086,228.51198820976768
46087,127.08887216428934
46088,208.24744067331153
46089,244.50503077962594
46090,260.01635007727396
46091,168.16622955202496
46092,205.14065084486953
46093,361.5031005259668
46094,156.59077984022326
46095,250.5264440637048
46096,211.6688693333671
46097,259.3957358032582
46098,178.8162170845443
46099,285.82084187997356
46100,602.1368462536002
46101,304.0266375985562
46102,319.89984259173497
46103,166.24123076778983
46104,164.2141093554924
46105,276.2285534612936
46106,241.3170773801325
46107,284.10325125137194
46108,338.7910922368605
46109,1126.3330541561422
46110,266.1053163338086
46111,194.75726630987006
46112,1003.3245139520619
46113,151.4933650263277
46114,324.053264967362
46115,176.68527747976592
46116,347.7608529543369
46117,119.15014833059178
46118,118.24929240881963
46119,464.4175575975401
46120,245.71068328767413
46121,113.49365144228086
46122,202.55111233662672
46123,430.16259231234477
46124,450.607186511897
46125,163.4765725838251
46126,258.85782734633995
46127,147.73637538002978
46128,453.41742088945966
46129,296.6464961225807
46130,353.6281428718859
46131,189.5660625901768
46132,238.65227036240952
46133,142.81254731428356
46134,124.83763216814305
46135,193.55334725522042
46136,196.42937547828407
46137,278.4822219277856
46138,312.6663551965306
46139,120.09880186633805
46140,178.8103145528625
46141,190.2973041862149
46142,675.7216818953892
46143,227.6969118503431
46144,262.32039375002546
46145,287.20922623272395
46146,236.92702460372155
46147,472.387551352333
46148,203.50402596183767
46149,231.01883949512134
46150,323.6747397595023
46151,206.90385481122058
46152,218.16789603124545
46153,233.85807894838234
46154,374.3721644051538
46155,142.3078064079703
46156,344.1947788035938
46157,106.15063942252652
46158,237.17017472201272
46159,189.6716963864329
46160,162.60509998587884
46161,412.641448020334
46162,242.3094767736559
46163,288.34117732455854
46164,247.18193373995734
46165,191.38875776917212
46166,225.1840152419379
46167,273.8191591781706
46168,321.69893849070553
46169,181.2926219229802
46170,136.9799428026221
46171,249.57400728517763
46172,740.5530952256801
46173,304.15834235031264
46174,117.34846542554125
46175,155.28074101737417
46176,160.62718410476612
46177,529.9931196659343
46178,381.85711485692576
46179,270.26127589661985
46180,332.89381007045364
46181,593.2514887041168
46182,107.57934483082019
46183,197.63333321606575
46184,149.89167872785302
46185,277.3583446706319
46186,533.4720991179149
46187,244.06553089321082
46188,3033.66815398993
46189,459.6128944345558
46190,178.1053239680403
46191,300.8797258308863
46192,130.20381326480577
46193,138.91260510796417
46194,145.13270481341274
46195,100.92229303814946
46196,175.3570551661351
46197,126.53623907226735
46198,344.18467333953487
46199,220.94338267597536
46200,195.30335747329548
46201,320.1691673141993
46202,246.8061862337205
46203,198.56341827805483
46204,105.65140836622855
46205,348.44414439275533
46206,322.8048498047657
46207,223.06341473150232
46208,230.60955433340922
46209,423.3946938428642
46210,232.3692879456979
46211,250.947493895175
46212,150.1860424602236
46213,184.92147878187652
46214,453.21603951262756
46215,172.7902182800371
46216,136.0753328607707
46217,184.71504791775737
46218,177.45092740942215
46219,201.95768382617865
46220,193.47679413848775
46221,321.9429693250372
46222,688.9954257008993
46223,127.54430863040416
46224,462.69188691805834
46225,232.9399055865586
46226,193.26188351624944
46227,195.4615542859559
46228,420.5338411957991
46229,211.65809207319217
46230,370.6456423542197
46231,250.11149253617486
46232,346.9330688474746
46233,161.10928790873913
46234,113.45514344018815
46235,149.55655422889222
46236,216.77789691053735
46237,419.2407099934329
46238,245.54194397443482
46239,69.70719836220468
46240,272.4029172892005
46241,442.97005951932385
46242,216.04036340465544
46243,167.7155553029451
46244,180.49045538183103
46245,160.27859181634054
46246,355.112537950019
46247,416.489931759221
46248,266.81899128134705
46249,191.66192635423116
46250,81.52207242779929
46251,409.4094331998575
46252,395.66736119514434
46253,96.08868216448752
46254,1046.5417642905982
46255,370.13613986557573
46256,179.7850362324128
46257,364.9969801048761
46258,162.85215229180707
46259,235.81162670015507
46260,169.9201741903499
46261,577.4907850294543
46262,151.3837191959698
46263,247.34483368410463
46264,101.16690545773952
46265,332.5144711258057
46266,200.29639423880187
46267,184.30906184894297
46268,628.5751558491298
46269,188.22848900706634
46270,198.8333409060267
46271,130.00563257492732
46272,208.5348332149098
46273,241.60216207449415
46274,168.32718562357155
46275,170.42868999269544
46276,132.89612945018868
46277,332.23716264871035
46278,151.2067674692964
46279,114.43766381834406
46280,117.84807216813448
46281,259.6602055266591
46282,199.2643340080576
46283,325.1384106744521
46284,149.27712737902644
46285,282.4144911341453
46286,203.41148756127544
46287,189.43464479902383
46288,1378.8694050424515
46289,240.7216801119617
46290,129.33176146252893
46291,127.2388801224884
46292,1082.9020218118935
46293,223.3602680898461
46294,159.86318879737644
46295,341.0625909619775
46296,227.9467864702051
46297,319.70138035128406
46298,366.44631035943706
46299,419.86090686267863
46300,173.28540755165673
46301,131.50666033659516
46302,164.49706820231825
46303,474.37088449100804
46304,196.37642710014887
46305,176.81232627381314
46306,213.8466908561887
46307,366.5253979412962
46308,222.10177608151946
46309,461.9971219813441
46310,207.6312384808102
46311,408.4842369502022
46312,290.02247251388985
46313,147.43860919702638
46314,460.42635855303973
46315,151.82663532159683
46316,145.03014771834182
46317,230.06948239688478
46318,279.37678149239065
46319,223.95760410684147
46320,182.342252361845
46321,242.9758255778211
46322,276.2178363615006
46323,181.3491936469053
46324,125.2071501597812
46325,284.0792139860488
46326,228.38830851872183
46327,105.6176548592438
46328,300.62444952802986
46329,214.55468843795765
46330,145.69403216077308
46331,162.36624425434303
46332,263.47823830311347
46333,140.38839385644442
46334,213.5192163862155
46335,216.7073968399688
46336,295.6683089288077
46337,302.9409475348651
46338,505.78060620774806
46339,233.20113709914398
46340,230.46644710069947
46341,186.24113047674572
46342,229.4857563230977
46343,576.1049288196275
46344,438.4891834409163
46345,242.19736170104989
46346,162.79303462055782
46347,250.38303658193922
46348,178.9267850114369
46349,405.5398579465463
46350,146.60974878595061
46351,235.7534925598187
46352,210.56057689951695
46353,165.08051340051432
46354,134.21955966047045
46355,200.75201610745538
46356,187.84071826637367
46357,134.9037179120144
46358,370.821014551457
46359,213.68318762918554
46360,218.60855307396528
46361,207.5573437596593
46362,484.95636743394675
46363,272.6514992207591
46364,166.9040758089642
46365,252.68910373433553
46366,181.89503337560654
46367,237.45414226009177
46368,168.6317317814343
46369,287.77003151583637
46370,295.06826492687105
46371,438.9950019170674
46372,376.4342986931448
46373,187.46689495235987
46374,976.8268384402294
46375,234.06779533009163
46376,92.6040434521802
46377,177.75189931112078
46378,170.60620997016716
46379,191.1530656180682
46380,181.44151057574052
46381,212.67978904787208
46382,209.39293378048524
46383,130.88310645614524
46384,142.70363097755785
46385,435.67934452803615
46386,176.02800536628914
46387,218.52729025276304
46388,494.30753137285103
46389,240.18043630921068
46390,366.73867921661576
46391,467.7194605963992
46392,299.52723482164845
46393,167.01991413152757
46394,295.15761592998933
46395,242.63835333457962
46396,235.65841713880425
46397,191.44962196793801
46398,377.2613028395214
46399,349.32004495934905
46400,663.3183735201524
46401,343.179530874456
46402,170.17059242715746
46403,175.42061183048475
46404,239.27518581144489
46405,228.56851306898258
46406,240.1476863859342
46407,339.39486881339445
46408,590.9407556892336
46409,270.0585074198909
46410,167.47105495315645
46411,180.31606193812814
46412,169.2509974532384
46413,174.81996657138293
46414,191.22827478482188
46415,183.68418014787557
46416,341.42753875260684
46417,131.45104175610746
46418,1174.2991880890672
46419,89.61143807377245
46420,163.26033931328163
46421,353.71016201739786
46422,194.11587009615386
46423,388.2554700296334
46424,132.53361117165184
46425,358.6540483156122
46426,321.47368877507483
46427,167.98720786252443
46428,235.08757490106643
46429,89.32351294459963
46430,260.92971856125087
46431,219.5132465010174
46432,176.58286542481525
46433,124.03502950831141
46434,298.36644500064074
46435,282.21690913405445
46436,259.67621130138394
46437,286.35103708338005
46438,238.91959728997819
46439,697.6180617451951
46440,102.74370079566573
46441,360.45294469465625
46442,146.8953581827249
46443,155.45290501563588
46444,259.57214897759764
46445,259.53554737973093
46446,249.5880623058335
46447,224.14645541047904
46448,683.733147151279
46449,238.51438725758427
46450,474.195771173342
46451,155.1829418003709
46452,140.24725040611122
46453,286.41830873491193
46454,124.8081554086966
46455,145.47256465978924
46456,789.1328628183393
46457,321.2272174691902
46458,213.68861775333417
46459,326.44516051306834
46460,460.65065658421025
46461,128.5109131199167
46462,136.51300728924514
46463,332.07282528644396
46464,159.8201373470104
46465,141.14677034954462
46466,732.3446247667307
46467,305.9216960025725
46468,201.44339942769187
46469,480.3275658196502
46470,926.0490900090593
46471,234.78159897768055
46472,280.2308145756475
46473,260.0490310217988
46474,238.89181723934922
46475,166.5927239384595
46476,202.31734635005517
46477,144.11805885107228
46478,446.49477784014334
46479,550.9951353343744
46480,207.88562844632793
46481,141.10471555911644
46482,193.91449106836424
46483,301.75617927772
46484,161.88983602719344
46485,196.85966522021135
46486,205.98296262751902
46487,238.54703223841477
46488,265.22872161890416
46489,117.12784299294287
46490,429.2333114844458
46491,224.03894768427514
46492,271.3541510399411
46493,260.91438024216257
46494,450.96899278368556
46495,187.96570613312053
46496,246.93278978236467
46497,221.9551747755494
46498,1018.7610611309351
46499,409.9637005629284
46500,283.37415382303607
46501,185.6617775871
46502,160.9262659446021
46503,390.7368437453054
46504,129.8210081873401
46505,169.89590180393262
46506,217.3219607677083
46507,131.92816438327765
46508,474.5503957654395
46509,324.1607068301968
46510,116.40194034795647
46511,118.205589891995
46512,120.45461854658768
46513,98.52578589780344
46514,297.0690562973355
46515,211.81546873096897
46516,229.0363707260877
46517,143.34094081821948
46518,158.02656159797175
46519,596.2044225585084
46520,129.26010168682836
46521,226.26616583136908
46522,178.84463860387336
46523,153.03417439175692
46524,130.47624942482148
46525,466.7366042119513
46526,149.2298399979665
46527,1404.5157845355561
46528,180.18640248099362
46529,158.17048231681235
46530,223.90549382963007
46531,320.3333892966727
46532,238.7823870856269
46533,528.5788518439848
46534,176.7136387246505
46535,243.11565875167074
46536,157.32052747948165
46537,595.4508133997358
46538,558.9043131155587
46539,172.0039217330056
46540,940.5654068158755
46541,314.1115206481627
46542,120.24673558356608
46543,128.71986354687817
46544,251.79363435695348
46545,290.9257939479052
46546,178.27104299532337
46547,367.23823416509794
46548,170.0543690177641
46549,224.3430129641835
46550,225.93913736375066
46551,167.47359463614
46552,243.28756893918143
46553,346.8977837093824
46554,198.76134483054327
46555,266.83066545290507
46556,517.5440737249701
46557,148.43609736901044
46558,568.3964332471957
46559,105.45897381560914
46560,343.1146900717414
46561,354.8197927283562
46562,133.30463090825268
46563,187.99840006672162
46564,197.98157861563527
46565,117.76197282028717
46566,137.49029710945806
46567,273.0254759412452
46568,156.57265680823164
46569,444.14182531800554
46570,184.3181728822556
46571,131.58218614734835
46572,352.025656038901
46573,237.65062940597733
46574,179.50797905920376
46575,201.22005882346997
46576,227.67733582246956
46577,205.98430092250484
46578,687.2804221865205
46579,195.09423908045957
46580,204.79072122828507
46581,159.23081961864636
46582,144.53905103361808
46583,324.5857238831702
46584,398.2078596770268
46585,1442.391670780169
46586,209.6828183857921
46587,150.51294947484195
46588,267.1354535425605
46589,254.07526148149572
46590,249.9244616558927
46591,174.1052684005843
46592,319.60770409386623
46593,137.18330192126012
46594,192.00631673402034
46595,159.4930082236973
46596,273.3589528231198
46597,186.6092461287993
46598,231.96395682891705
46599,404.7651784689249
46600,371.0699264009785
46601,361.6834808962452
46602,276.90080840663194
46603,183.31606731802768
46604,336.5790703009115
46605,212.46726930546401
46606,206.05547007155656
46607,68.69228555241762
46608,273.27028925409184
46609,237.56875969219828
46610,275.5088520522528
46611,385.48220622447445
46612,146.9754000916519
46613,168.51347263715996
46614,124.83129516816142
46615,279.2732834137634
46616,189.44000920267047
46617,307.5768277453671
46618,440.59843579577785
46619,154.39271546024372
46620,229.70592077264885
46621,230.49279947590753
46622,218.16126947830494
46623,96.73901132535899
46624,168.07568520290718
46625,261.5704024855808
46626,292.5241597309484
46627,336.32232157347113
46628,207.6951333214816
46629,233.05651568005408
46630,287.58490206201924
46631,246.0288154820874
46632,240.6904582568868
46633,335.82965354666567
46634,356.41262016987287
46635,222.65076517765013
46636,621.0525045569262
46637,268.5323541617046
46638,119.08624500186265
46639,342.54479869529814
46640,486.2425873218726
46641,286.5695139132555
46642,1302.5973410927086
46643,478.55635247062844
46644,258.4302963877461
46645,529.4791662888493
46646,153.28316344847045
46647,266.0158985022811
46648,225.48147092739634
46649,362.3007691234806
46650,279.9168053330518
46651,133.29643988648962
46652,181.0695422325644
46653,170.25007795057647
46654,434.0195995700143
46655,572.4029353085067
46656,169.1395546019875
46657,160.5400945337393
46658,268.8735936646314
46659,426.81177093701604
46660,342.3881396110664
46661,210.86276884852245
46662,239.4870747810903
46663,209.54266411891265
46664,243.41724879509167
46665,143.0927074409221
46666,125.74060050971823
46667,269.2098809601792
46668,223.4595427708819
46669,287.67136337226435
46670,214.7230530954291
46671,519.337158875867
46672,98.7077740287798
46673,294.3375573444158
46674,97.94195109866924
46675,369.7370158154632
46676,162.2216403130316
46677,387.4212613752134
46678,125.95974789999107
46679,141.1222000005766
46680,219.70674174375753
46681,287.99741529664936
46682,194.51770452746345
46683,139.38684469468515
46684,177.35509886939914
46685,346.2604762274696
46686,172.38539238502264
46687,324.0824171470382
46688,297.6675330173075
46689,134.79999186089475
46690,149.36674898499717
46691,189.0220699911135
46692,97.62793418135857
46693,140.21651627236457
46694,483.6415960986596
46695,286.3156196187472
46696,205.10495074504973
46697,125.32043779250928
46698,160.3781043768533
46699,685.0622888129413
46700,93.8090220441286
46701,151.36896830072362
46702,253.08466905351645
46703,153.34143805749076
46704,214.94932526376584
46705,144.68251833517465
46706,235.74409913529226
46707,705.4518063407711
46708,193.77140726700873
46709,171.48919373140487
46710,150.64397055191557
46711,237.15205869768857
46712,159.06261054969002
46713,252.12666779974603
46714,258.5927889367833
46715,640.2393876432637
46716,253.8687142542691
46717,295.4956115521409
46718,474.07860061093396
46719,187.24192316002302
46720,169.6215710037489
46721,338.9968104220218
46722,259.2639481649028
46723,273.7118370395297
46724,129.9522105424433
46725,443.1236947702935
46726,180.50933668145143
46727,174.2144145547727
46728,233.6033314719869
46729,167.74293343543505
46730,156.22115445162788
46731,372.6386818241526
46732,221.36247474260327
46733,148.35043439611727
46734,681.3691164479977
46735,138.23080814015708
46736,227.22025895634175
46737,265.41261601878307
46738,202.07920764495213
46739,213.87731808374122
46740,273.86807970376196
46741,158.6919575387956
46742,125.65806951101467
46743,219.19512381959586
46744,226.52034430169246
46745,233.0942109640189
46746,254.44372486898757
46747,258.8190080371316
46748,611.5218928779291
46749,201.96850549918267
46750,174.0085696006648
46751,127.38533498685845
46752,230.7518090501553
46753,213.3862605573139
46754,273.7767554017811
46755,358.2066735762254
46756,169.8310580834725
46757,170.71643211857034
46758,172.4436924369114
46759,471.6787324974947
46760,147.13451955321554
46761,156.20795466089646
46762,694.7389971672364
46763,256.421398364218
46764,201.8667610825036
46765,680.7890843224083
46766,264.15941945358696
46767,103.94384915834692
46768,121.6313231334469
46769,213.69461859072965
46770,376.2473151054135
46771,168.16375159409182
46772,421.4289143698685
46773,271.7213034294143
46774,223.9169832112094
46775,306.53008034267157
46776,173.8291165302228
46777,446.5223498308973
46778,170.17109369542328
46779,201.96022356737342
46780,441.1697590905023
46781,209.4101515616987
46782,533.856012827419
46783,183.39465296477613
46784,177.22186250411218
46785,983.215153294246
46786,229.50635165151033
46787,490.0047951298604
46788,137.40604595717346
46789,234.94456520411276
46790,334.7795156596361
46791,387.5973082736353
46792,88.72708887564364
46793,567.6137061369964
46794,162.764739309417
46795,150.49407233365997
46796,167.96473293529218
46797,309.5267451209147
46798,181.37427051484343
46799,173.59222171568297
46800,107.01088540895955
46801,187.90226812163579
46802,259.06200327415615
46803,223.24471982616296
46804,157.8830778954749
46805,167.15585940419788
46806,564.229655549182
46807,163.40259347472775
46808,208.886805274839
46809,202.02842743000974
46810,309.91844647170717
46811,120.7023531305565
46812,385.2774415047946
46813,181.93145895096214
46814,154.99682670805885
46815,455.203995911242
46816,199.48977193958535
46817,404.2327478410836
46818,344.775418787098
46819,250.13567119861546
46820,738.7081639720843
46821,145.2865058301592
46822,140.4217775405162
46823,132.64553102297023
46824,233.97720902381403
46825,254.64085993999078
46826,311.135217943696
46827,175.5318240016599
46828,348.79109633445324
46829,549.1746267377608
46830,242.63898234845536
46831,168.6914092182716
46832,166.77449702966723
46833,704.2373716105802
46834,251.3186950455252
46835,154.78845250685043
46836,149.30119046079514
46837,178.01833283303785
46838,322.6789311504414
46839,261.7386058771582
46840,423.0754388855758
46841,155.08792331084481
46842,490.3394569259563
46843,738.3995954915749
46844,91.74397972408954
46845,221.58631815903954
46846,140.65364441489356
46847,222.12518992121016
46848,329.93607583933004
46849,173.1301568358587
46850,386.33153863298025
46851,326.16143393144415
46852,166.86534730575403
46853,274.19265034893493
46854,184.01957238430631
46855,95.42614388262186
46856,691.2258203743033
46857,355.85457342721156
46858,213.90286914602945
46859,194.2357247211588
46860,146.42014079479156
46861,446.26397007073297
46862,170.93851792845902
46863,220.42373839770673
46864,213.14443367825518
46865,244.88666022372394
46866,191.5945142301778
46867,162.37184590384206
46868,191.95549065996065
46869,207.12697281749047
46870,236.61405682045404
46871,424.02155173927883
46872,373.90198695657574
46873,321.971035562973
46874,191.61351227718748
46875,206.71207181558393
46876,249.19584016336427
46877,319.70802160153147
46878,564.326133799681
46879,204.3716005872314
46880,416.0539960997278
46881,128.3856394935574
46882,314.8807458087731
46883,201.69276148844313
46884,95.82236031834606
46885,287.1965605623926
46886,259.6882053516711
46887,152.7616945121806
46888,274.51230032106247
46889,252.06176491476694
46890,279.93029050670384
46891,340.70389932073135
46892,240.53211415813544
46893,544.0968029158366
46894,144.32380753263502
46895,306.35964153969684
46896,607.3232720961468
46897,182.97466220334286
46898,166.2285513317017
46899,183.2130573495344
46900,249.93712953004473
46901,314.6564705920258
46902,207.73877908595688
46903,139.7014871535642
46904,299.45654450782746
46905,200.91901778445612
46906,192.861944886825
46907,121.07203419566703
46908,176.04539920922693
46909,141.257508687116
46910,174.49140254852853
46911,212.24168246781113
46912,211.6582992090615
46913,303.39119354353653
46914,254.6753453796188
46915,173.43626226077131
46916,165.37864806143227
46917,202.8791731351038
46918,220.18145796659508
46919,151.89333322910016
46920,184.70305392533925
46921,277.70223305860816
46922,374.9087287429988
46923,286.66438657694346
46924,269.9364886512063
46925,233.31497091619264
46926,400.808100545354
46927,235.24109822223576
46928,249.25219774734472
46929,117.3392237600194
46930,353.38735021553464
46931,147.92451222118444
46932,186.33027237189046
46933,389.71793215113183
46934,148.89656730386233
46935,244.2132451692335
46936,296.24890650290257
46937,149.02013197194873
46938,215.4350775241077
46939,353.3410590523793
46940,173.1481163496781
46941,316.78364988274154
46942,173.13090458192818
46943,313.3840415679558
46944,166.26628966626726
46945,152.2878040231061
46946,323.4140735342702
46947,215.86002267296317
46948,436.3050153248736
46949,254.87131574002294
46950,188.65956717424086
46951,123.94674720308856
46952,197.8251942958199
46953,225.8604323182296
46954,151.78378055716462
46955,192.13975584680466
46956,371.80960354530566
46957,225.746645817562
46958,148.99709198344942
46959,281.29952752447207
46960,172.04119957792543
46961,165.62811797351722
46962,174.915345179458
46963,248.54018554954894
46964,361.57756389156947
46965,196.86515648605692
46966,426.8478729421222
46967,496.9321839886585
46968,371.645162805795
46969,192.74401510130852
46970,149.4500164561883
46971,178.35498839516995
46972,294.1896205379263
46973,329.0255506448579
46974,147.27588155306182
46975,190.82023980397767
46976,232.61040700918198
46977,179.9677017111484
46978,128.05122302203137
46979,337.95677784545734
46980,150.6147903909008
46981,382.2822662252358
46982,129.7565173141549
46983,242.1673880584305
46984,257.5290996383563
46985,171.25247313432902
46986,205.15834586967932
46987,197.69597903028628
46988,242.5281699317882
46989,221.95870753988825
46990,225.11301944526375
46991,467.38777548825703
46992,174.8986785359111
46993,175.9466814551711
46994,718.3587309553589
46995,162.62427091101057
46996,163.88282513948968
46997,121.78740476620746
46998,149.529991296754
46999,134.94347199752835
47000,163.7441761049987
47001,345.26714242451135
47002,160.3749189874635
47003,255.22462445924376
47004,288.740517223737
47005,173.37348000828496
47006,284.6885462947798
47007,173.5756521648373
47008,397.349621524244
47009,117.88664222507542
47010,276.7586858308289
47011,336.18443206129484
47012,184.3670993980345
47013,145.95116992226644
47014,167.88380942741554
47015,238.580473709262
47016,195.01694685929652
47017,199.79734032159553
47018,165.20743659508267
47019,228.9383391877469
47020,208.32777373980596
47021,240.59795904238507
47022,168.10828106708522
47023,441.352913585758
47024,288.7306535141415
47025,176.63408623041428
47026,159.30323127942643
47027,231.1773643741183
47028,437.13901587957
47029,132.6753563704291
47030,127.67914870850962
47031,210.1435854106815
47032,260.1279667716304
47033,353.3331718469616
47034,176.01434307220262
47035,346.42875585798276
47036,215.71033621189062
47037,82.92636097260502
47038,165.47346586632625
47039,250.61379694309284
47040,390.23556765763067
47041,843.6019350832746
47042,169.2338160286913
47043,158.36952483026576
47044,271.31091928481675
47045,161.8071414702084
47046,678.7586149956172
47047,340.004877857195
47048,132.93850831639352
47049,163.81260835564444
47050,159.4732623470095
47051,378.1511853520355
47052,247.99613234256157
47053,149.95172415217496
47054,149.4620810627357
47055,131.74312969738736
47056,164.44285919382227
47057,210.94627595583563
47058,233.6255313451686
47059,309.04328442270725
47060,308.5249785276201
47061,253.49498789305653
47062,278.57147121892586
47063,157.75048213760843
47064,173.524448579321
47065,137.87028310313147
47066,303.78576316057826
47067,140.49968229493493
47068,249.99206825634045
47069,565.6580770077843
47070,180.48416170243726
47071,178.47746913411976
47072,255.87404734668687
47073,194.13673877468872
47074,217.7748967456443
47075,231.78369521814335
47076,183.89427286816868
47077,182.6590211784563
47078,184.66273427345035
47079,156.64421849140177
47080,124.95199710822187
47081,368.17404748278807
47082,167.61704105479296
47083,497.49145916679333
47084,282.9373501892552
47085,242.2866218078159
47086,147.49005808971165
47087,209.5996043468582
47088,228.05550835051227
47089,238.59565320424474
47090,250.0224925341933
47091,198.23794720681332
47092,154.91194838346723
47093,191.08027990105174
47094,246.58155854491838
47095,128.33950659452233
47096,144.53218141510507
47097,232.46825011764238
47098,375.1203354799378
47099,405.4788651960244
47100,428.37848777829015
47101,245.68638832716064
47102,177.39706408189807
47103,249.48179008370553
47104,265.15114675809855
47105,331.5849069157962
47106,143.4717744236309
47107,168.67444286020773
47108,283.49077185144694
47109,147.59438317987835
47110,908.8187609404896
47111,191.46828904307122
47112,167.15878786870968
47113,146.37339821897024
47114,216.64330244872582
47115,683.2107352122463
47116,119.55675101564503
47117,234.41836689793465
47118,179.65410644752077
47119,143.70868428726172
47120,242.15118650711258
47121,314.54699768170303
47122,257.6182080599003
47123,277.95779888021565
47124,721.2873203606418
47125,287.1420053635519
47126,219.20170744481274
47127,192.5680675477259
47128,309.1601178169124
47129,231.72873986554234
47130,332.5534047429272
47131,392.77784687815296
47132,679.1477321126486
47133,136.79356822185733
47134,314.72197647320024
47135,226.56003542852304
47136,279.2244274021515
47137,263.46935932133977
47138,198.23998835362175
47139,164.38385951857651
47140,301.19974460547326
47141,233.29407143990704
47142,377.0255539509569
47143,593.2858944576257
47144,181.2831766393709
47145,253.18226812218148
47146,305.4600602060521
47147,157.31399796013136
47148,189.16789577737478
47149,177.2628691049012
47150,231.51217499862028
47151,227.28288872708467
47152,456.4275255417499
47153,547.6146015862001
47154,321.3364774134741
47155,243.9961942865604
47156,138.50417015877434
47157,177.07948631035288
47158,120.77332008141153
47159,296.80126794092837
47160,190.59856394359963
47161,1050.0057547559481
47162,306.10369903256907
47163,239.0791535284795
47164,173.35025288577535
47165,192.17769359247083
47166,137.59927835903162
47167,223.8196442370367
47168,414.16282388584665
47169,220.38816759613744
47170,161.7127159401812
47171,132.10431782569594
47172,138.67545491007522
47173,144.88417669289674
47174,355.4127593645858
47175,160.3158497141161
47176,232.48409934327853
47177,235.29544767337038
47178,211.85631479617226
47179,238.05848905215097
47180,188.68771068619623
47181,310.47790307276244
47182,211.8677521707901
47183,303.85538368381646
47184,141.6153065907112
47185,133.94961265892164
47186,394.48574579012535
47187,443.77490720314574
47188,187.74855928215297
47189,216.56526616838588
47190,334.99590878034235
47191,251.5109574917101
47192,171.4301036941544
47193,446.35888112686644
47194,181.68609758635841
47195,156.8787697448362
47196,258.87431895579414
47197,188.73196620011723
47198,262.09024625677137
47199,349.74781873819165
47200,188.26736976637903
47201,182.6912445236437
47202,299.7424198834152
47203,256.99582008390905
47204,306.9709857226666
47205,433.3444569276842
47206,152.13137224553603
47207,92.69461185586272
47208,182.8907958716828
47209,534.7705402203993
47210,134.30601981706806
47211,211.71505392158573
47212,135.53835884201368
47213,243.30213151336002
47214,182.29918807781254
47215,168.24673625605487
47216,218.95417954826544
47217,512.9174712052854
47218,268.3651772276733
47219,207.48011008545512
47220,116.6870528025843
47221,336.07799208085316
47222,208.0518621393868
47223,228.06769177809193
47224,262.76253303806635
47225,208.44898496829734
47226,427.8373689215585
47227,310.37764690352145
47228,160.40726797534083
47229,131.53390350912883
47230,207.79880794616727
47231,337.765292026089
47232,229.7479514384589
47233,246.44213885365934
47234,242.07871256162446
47235,237.8294447140383
47236,212.22150770345655
47237,213.64549273305238
47238,216.68092494173723
47239,183.89379361444747
47240,211.00049145723676
47241,189.7544447881806
47242,214.84583354568923
47243,161.89424058696292
47244,149.2980768848969
47245,254.64755549869966
47246,280.1757729488632
47247,710.7163502996738
47248,378.6063944586022
47249,323.2051630813827
47250,142.02181903987207
47251,193.62195569480446
47252,248.07964998989326
47253,165.51407458219524
47254,248.62842961248867
47255,175.6304710586222
47256,291.7908290591183
47257,324.1558422250889
47258,124.21208713851425
47259,222.85514792087707
47260,284.438456153895
47261,148.9524941154166
47262,139.84034398218552
47263,280.0757823068946
47264,135.1625805523175
47265,224.91727964818858
47266,380.1765740207031
47267,230.61327935719663
47268,310.9149447635331
47269,242.8275888720791
47270,174.82013217242692
47271,174.11376738393605
47272,286.7379169691216
47273,233.52323894608702
47274,255.187286719937
47275,212.7169837197519
47276,240.3255482780886
47277,253.851887006674
47278,124.18553305005597
47279,181.62754847767337
47280,192.54555259097393
47281,323.96364373124493
47282,308.65199014812964
47283,377.1871266551449
47284,350.64053679437905
47285,162.3305806627598
47286,333.9645300105634
47287,795.5773833979374
47288,239.60321494372334
47289,263.2195025685354
47290,228.40551791999746
47291,197.50281976408016
47292,364.81535315414004
47293,406.77339102475594
47294,250.9884506296318
47295,250.3546478655726
47296,226.98991075448924
47297,173.23809706806304
47298,263.06565816041234
47299,171.8410817790819
47300,240.01621022804656
47301,198.59537160803671
47302,193.78974097699088
47303,174.96419775742154
47304,267.52008152939345
47305,230.19059532060368
47306,292.4725745735811
47307,250.2222083938843
47308,281.84625109147055
47309,329.21617003422045
47310,422.80941291280345
47311,627.6284188725692
47312,205.8379481244431
47313,213.984142592431
47314,1105.5547419954737
47315,228.79724367142757
47316,477.5650933191671
47317,236.68656943680895
47318,194.73272015149368
47319,454.4171463963333
47320,211.6793915789035
47321,284.66280611595175
47322,334.9900746963496
47323,191.66726268248664
47324,250.7012673452712
47325,150.50117600110576
47326,172.5421830996012
47327,168.06959903020123
47328,288.0943394299361
47329,182.13218609494868
47330,560.4371017617223
47331,236.22274891851995
47332,401.7676016912863
47333,161.35145366434645
47334,171.8140008332888
47335,271.7411706098765
47336,357.9747450161617
47337,381.98204703586555
47338,139.7092125981372
47339,323.9120736100493
47340,146.28507327852185
47341,242.69734064606953
47342,250.46911220675105
47343,136.24501763524435
47344,247.26207844463818
47345,296.739468653758
47346,173.9967688876983
47347,177.64702429192573
47348,136.41298059592708
47349,169.90953720149696
47350,274.89319761225175
47351,151.4841969824098
47352,381.62959008380346
47353,147.80396107050365
47354,184.38631228929881
47355,299.5024001233091
47356,186.50464342246164
47357,172.77718646507094
47358,152.0312472581471
47359,154.4803186323295
47360,405.869140466543
47361,212.32843628366976
47362,175.1580927934682
47363,168.35876829834345
47364,413.8327001435198
47365,108.07091193690363
47366,192.55369822110623
47367,152.9274349756601
47368,117.91711627280104
47369,368.0766973432393
47370,189.82534894467153
47371,273.3079861354107
47372,656.3919816263568
47373,167.76377415560978
47374,352.3207759614862
47375,217.0643223355432
47376,222.97007822675556
47377,440.46023664797144
47378,250.39272591418143
47379,231.4310126324139
47380,248.31428912856538
47381,866.5348663313815
47382,344.3447187249957
47383,103.55321554642275
47384,393.49465575536544
47385,130.3700190879233
47386,141.6650129662881
47387,173.61879101822828
47388,271.23692929540647
47389,155.94661150777034
47390,208.8877456715857
47391,1042.379685735994
47392,229.5960016868067
47393,154.61372143761608
47394,240.07846151985805
47395,193.60851765035613
47396,228.7345307838122
47397,212.4846848545978
47398,130.62233990347053
47399,122.52637415966521
47400,272.2952065558661
47401,223.04673552491406
47402,334.2126663855454
47403,120.59805599149105
47404,208.33901225472545
47405,299.2388823929308
47406,138.12678892430168
47407,211.6250925632702
47408,1015.1508207955932
47409,297.32191824990207
47410,642.5333033543034
47411,538.5887862678468
47412,402.6954928086183
47413,224.61243207193152
47414,118.86574696181272
47415,437.3173200657058
47416,301.61145454559056
47417,131.8180008068758
47418,203.8689057241512
47419,186.25185242307595
47420,150.6839295757619
47421,209.552027989279
47422,505.63912584561865
47423,249.81781546047682
47424,332.35295542183275
47425,292.52150103788637
47426,153.05989973072803
47427,301.8346261160874
47428,381.1153789198874
47429,500.9089329034499
47430,469.38103598770675
47431,224.1592830131211
47432,287.04784994858096
47433,149.1429878160009
47434,177.90972039132328
47435,331.8373140005189
47436,243.6988787106489
47437,137.19362868416786
47438,314.4763907020935
47439,376.3370179388022
47440,198.00576053466622
47441,260.68491510466885
47442,150.0451611502437
47443,216.72957351607536
47444,270.2275033194473
47445,322.74461132998096
47446,115.86714773617118
47447,119.04706865597663
47448,135.36191436123042
47449,274.13073507320115
47450,229.21898724675688
47451,204.20600611564146
47452,580.5963157254398
47453,206.06814660446167
47454,154.21916898641027
47455,400.8439147320526
47456,247.8939081733953
47457,413.7428482817994
47458,465.06731178637443
47459,360.67713371530215
47460,229.65368333504043
47461,196.78394218805718
47462,296.1812537464442
47463,455.61055184983326
47464,136.13454169015253
47465,364.70245388397717
47466,365.1083361056923
47467,343.95775780523246
47468,330.38505059376115
47469,7753.006298166701
47470,240.93336605781957
47471,332.73076886746526
47472,244.73448150466754
47473,140.83897077295
47474,379.56593482319096
47475,199.38150631064656
47476,541.1050283832042
47477,206.85224129196703
47478,222.16968449874656
47479,476.33406203336295
47480,169.89094333683346
47481,145.49011611009922
47482,352.5249253914794
47483,342.1708646766845
47484,780.425104904021
47485,225.74449452864212
47486,1104.9414080721695
47487,133.49318470186893
47488,556.1226064010018
47489,230.22824863955537
47490,310.8947883544826
47491,191.12331501689562
47492,236.2538772421654
47493,137.69734637642705
47494,297.6157769422437
47495,102.79787135033466
47496,167.43972535304175
47497,216.73142711978932
47498,156.6671704393532
47499,161.56180351591567
47500,131.0807244971544
47501,227.6368888685961
47502,199.5337699665513
47503,284.56160170537714
47504,178.78955894411882
47505,142.9475375219066
47506,198.92269056949826
47507,299.77219380952323
47508,164.44658118913455
47509,210.3351706616537
47510,1159.2421804831806
47511,855.6936716678035
47512,280.59940758532053
47513,189.66676396126917
47514,349.6671869370442
47515,563.9948253870144
47516,392.5505772241198
47517,698.3675465422345
47518,337.9090340655294
47519,171.81182572570162
47520,202.1128362402964
47521,140.38302463546134
47522,340.99056341205767
47523,476.4526066867806
47524,207.4484184487376
47525,383.61167636008685
47526,188.92002938740433
47527,224.19503566164153
47528,238.05762900151055
47529,494.26886994778147
47530,252.8971744065774
47531,222.68546103789097
47532,360.6000120153007
47533,225.23793876169702
47534,268.18557218363884
47535,158.75361350945172
47536,318.7855199554959
47537,300.75802674668046
47538,347.56567273165604
47539,233.3852353764118
47540,1187.1545352429548
47541,152.86003292875384
47542,271.2628305398178
47543,369.8996947575588
47544,198.9328469269416
47545,292.67076033685066
47546,511.8097550534149
47547,294.5150946934824
47548,269.10818357937217
47549,977.2262784270513
47550,401.92290733028597
47551,145.38147110505375
47552,98.99102059742368
47553,147.39560124167127
47554,199.23033912276654
47555,225.72977659651656
47556,699.5293012544921
47557,195.2606294875819
47558,212.84980556773013
47559,232.90484523657014
47560,140.02896488160212
47561,134.346090405741
47562,139.0361464197253
47563,107.55988847088918
47564,157.66533906690714
47565,215.04569020271867
47566,284.2069370839249
47567,148.09130833849454
47568,272.8268636147973
47569,160.9491668752841
47570,157.83346307706336
47571,494.01715680731394
47572,177.08330227435158
47573,133.93010037591424
47574,137.28455666854376
47575,285.7777861441152
47576,171.50259046585472
47577,125.9453349208212
47578,238.8880486498233
47579,126.04993039291173
47580,229.07336619955575
47581,152.62246464715756
47582,239.16747403871832
47583,265.6161627962298
47584,737.7448749309359
47585,164.3231906177603
47586,243.8915554542706
47587,138.84987680117487
47588,203.6321516205923
47589,326.6541262380765
47590,210.02071810416294
47591,144.33719557171787
47592,96.51487921587237
47593,210.00954532872632
47594,171.11247040269083
47595,174.43286394219444
47596,239.45196491467857
47597,221.86835986303964
47598,121.76945909290559
47599,361.38937203071214
47600,266.86507837141073
47601,245.11988953290515
47602,204.17556273895877
47603,154.13173399909184
47604,469.48905318643915
47605,729.6120275706743
47606,339.5164560004206
47607,179.8534621694557
47608,202.63469765609287
47609,307.56859214970655
47610,477.40121134520683
47611,215.53971732869238
47612,650.418052951247
47613,225.03415160678446
47614,640.456416102469
47615,277.21876739341593
47616,171.02938518060384
47617,234.90387677188886
47618,237.64567473794975
47619,252.79287015181035
47620,630.0916793096366
47621,397.6534083318802
47622,200.8546882268715
47623,343.2579268960049
47624,206.47047700871153
47625,197.69834275532625
47626,215.07353978328854
47627,138.13030479172542
47628,227.48131942022982
47629,227.91444581228637
47630,179.1273581663362
47631,234.6657618840083
47632,177.17901196209016
47633,132.0737313225721
47634,207.48505667880585
47635,157.5173872774058
47636,214.66449767613324
47637,552.44332894721
47638,163.24681374523811
47639,115.04251157377493
47640,302.7673606863839
47641,125.4028936788518
47642,201.0232965097048
47643,427.07852765548733
47644,233.12220652733131
47645,332.77362692623234
47646,154.33720120543137
47647,181.6232117593172
47648,291.4125204338328
47649,223.78607108205966
47650,319.5475683780702
47651,241.41075746042128
47652,157.86816736534087
47653,213.29550598954282
47654,472.4534382072283
47655,498.71487364459017
47656,193.0370727785191
47657,169.89902373017208
47658,250.6009370152721
47659,241.01903108067472
47660,236.0193917401296
47661,224.4649420869298
47662,188.3579725197846
47663,469.4187763555992
47664,217.55018738735765
47665,335.63015329395915
47666,354.8123157276736
47667,351.3843274561161
47668,194.0286943068731
47669,167.41321444930054
47670,170.9988468906807
47671,277.5142510732723
47672,198.87968189044844
47673,162.91150525242077
47674,212.37248927143122
47675,193.8490205266491
47676,448.8600810443977
47677,297.02178854740276
47678,236.38354456415203
47679,145.2036789089231
47680,1111.282424481918
47681,445.91506889216805
47682,253.404605856653
47683,127.56770075962764
47684,209.12469775954395
47685,137.2723647761885
47686,498.31860733059307
47687,433.70682347977777
47688,220.70371872534045
47689,203.46125893346937
47690,373.5728386832752
47691,170.11634951362544
47692,183.08437012726188
47693,297.8610709406599
47694,122.56694385350752
47695,594.385841674205
47696,362.5376107900123
47697,216.23036879163666
47698,232.19732857671698
47699,196.31858447944003
47700,233.4303068495112
47701,367.00728639386654
47702,231.84492855012218
47703,341.6472932887256
47704,251.1794197392799
47705,223.91918789079966
47706,485.9110011314916
47707,393.4712122043876
47708,279.34791309001315
47709,256.46416945245863
47710,202.7960156685065
47711,361.540171155781
47712,462.79203192244074
47713,177.8573384174047
47714,120.7210951868145
47715,133.00427491324893
47716,246.26149656036532
47717,187.51466504886906
47718,101.56605840353443
47719,285.2225820866129
47720,394.56341284687204
47721,157.68247475529927
47722,181.30444146452012
47723,210.77982598669556
47724,368.6154990931835
47725,198.34961845717328
47726,340.8817961774005
47727,218.4979500439827
47728,247.74974994655324
47729,139.1770802211396
47730,213.67185333118678
47731,149.73281785607773
47732,169.24600741195042
47733,381.8276154523129
47734,154.44561227006835
47735,223.7634214477108
47736,360.674506780446
47737,143.62165208947474
47738,445.1368196993571
47739,479.48764320582404
47740,332.7425971530324
47741,174.34439133714335
47742,882.6065681341349
47743,128.2742363616604
47744,248.4857743726644
47745,490.0923729036079
47746,242.428460192467
47747,158.5173153724929
47748,198.9781236718814
47749,246.5847703316516
47750,248.91495371721822
47751,322.1120248001764
47752,349.66221647309766
47753,206.46683830393448
47754,261.75545998633135
47755,99.13604872576623
47756,269.10041324060745
47757,424.873179473562
47758,154.60122168626575
47759,146.34242277617486
47760,295.95106994777734
47761,137.7044333045122
47762,209.90588485794933
47763,182.882566234044
47764,207.2081067959347
47765,222.41904478442825
47766,258.77709744406434
47767,222.21305312533124
47768,466.76760066222175
47769,187.495963111457
47770,178.77780972391787
47771,326.23001084543444
47772,220.9114093016732
47773,119.57398852635924
47774,313.88940801737664
47775,325.0595131229485
47776,593.7419023104642
47777,264.5787433834905
47778,173.38100041754598
47779,182.59464833378354
47780,135.39723184438964
47781,158.04625745631813
47782,843.9977379379912
47783,287.78776696352844
47784,1219.930635243983
47785,228.75062361275974
47786,584.7037555056008
47787,238.41056699754603
47788,369.5942202998329
47789,347.2229467579584
47790,104.73437046774774
47791,334.60747803874693
47792,134.27431002784124
47793,125.98689741654306
47794,304.56245562600907
47795,503.083886489546
47796,234.42640075139866
47797,173.25796130584078
47798,109.07492034440877
47799,143.08467839439905
47800,169.20982324198224
47801,301.2486004458173
47802,298.9932569199249
47803,248.76417219898235
47804,217.0210062799601
47805,255.89460371234014
47806,150.2433105076608
47807,1079.357085365113
47808,236.93745653576912
47809,172.6067602999492
47810,535.4867868744359
47811,487.0768679121744
47812,285.7669149587717
47813,310.29285466793687
47814,131.6740586127558
47815,390.4930319819149
47816,241.65824627342295
47817,221.81897036550845
47818,146.99937836961843
47819,435.20176968307413
47820,128.3214561295258
47821,259.92158147011423
47822,173.47620264202146
47823,111.89627949073204
47824,290.0808806476566
47825,221.98247956031867
47826,383.8464454975891
47827,568.7109773454744
47828,327.39320372436487
47829,279.0055775920507
47830,200.81638900047852
47831,242.14865732057683
47832,137.39779701470087
47833,317.97554578852436
47834,229.5609448939332
47835,147.27738055095088
47836,492.54471827272994
47837,160.2100954830941
47838,205.62725016379113
47839,135.89108390830734
47840,130.96127229312327
47841,289.17395403846234
47842,247.20216828065384
47843,157.92880515394165
47844,445.68607138308937
47845,216.78518563910475
47846,157.43502424754476
47847,136.67049657814033
47848,396.82851615672894
47849,183.3025542312762
47850,243.42524871815672
47851,519.9798236748644
47852,129.74849721377817
47853,700.8417541563086
47854,195.65820743640714
47855,227.8032635435939
47856,304.21839619005266
47857,492.38532262703814
47858,135.18905351090336
47859,125.70546164209983
47860,253.0193271172579
47861,141.77828567390995
47862,273.6400317662271
47863,146.76630090316084
47864,188.2112049641634
47865,297.95845294323345
47866,231.93731272123415
47867,295.9656779924593
47868,207.6359447237749
47869,220.75056878655786
47870,255.13751871772786
47871,167.65730069555607
47872,216.94665702904786
47873,206.4662348741176
47874,149.79181470300568
47875,274.792629130123
47876,199.82006936396527
47877,220.54497690241888
47878,323.1064641868582
47879,1976.4696730253431
47880,193.6248302557956
47881,137.63270048191785
47882,202.66582250470498
47883,100.11928079419981
47884,90.60043686044514
47885,198.37442025217354
47886,130.00550671881058
47887,286.4841256859724
47888,388.8027597715803
47889,150.7044335869382
47890,914.7224827687048
47891,390.4411199067026
47892,205.1462329396819
47893,192.1829724884979
47894,269.7138759293814
47895,160.24024747022838
47896,194.32197877759214
47897,328.28240054570153
47898,451.2552039534375
47899,160.98291969911602
47900,258.57697672588785
47901,416.459532004459
47902,237.9274659783485
47903,232.72492795041583
47904,304.64054040066486
47905,291.6114141677534
47906,474.6427291615301
47907,496.0588492699067
47908,207.7640851654774
47909,388.72569821684453
47910,337.15306988919224
47911,479.5264231730424
47912,284.13315091216833
47913,304.284633333827
47914,178.7365307628699
47915,157.2168194453647
47916,209.03935094445293
47917,282.1283411970854
47918,493.6676389601914
47919,166.66629960621376
47920,280.79269920332894
47921,147.8326821348661
47922,99.15411513412145
47923,175.16810966416315
47924,354.3398773537778
47925,231.9894635194641
47926,566.9231892409213
47927,375.327209885012
47928,743.0859757992127
47929,153.04341235512265
47930,228.9657177798511
47931,179.89710381529787
47932,241.16819232683517
47933,189.54567798715917
47934,263.9997049923717
47935,160.62410335184472
47936,252.09283171347516
47937,259.2840770370866
47938,744.5105554461255
47939,252.6916462841367
47940,707.3023823139488
47941,313.3604824990243
47942,796.8728783127491
47943,140.2409002123643
47944,226.22459238457932
47945,479.6264180714883
47946,303.4361421561856
47947,154.1832702656511
47948,150.00057377345246
47949,171.8896644150787
47950,223.7797805191877
47951,268.5818253745309
47952,183.45759383494652
47953,182.77983914687488
47954,320.6534656032026
47955,295.15543590437096
47956,156.28829843166542
47957,463.7012386542721
47958,138.78456465508674
47959,165.2653723724981
47960,115.49018050369625
47961,507.31215887387896
47962,128.02822102379167
47963,193.190979312145
47964,510.7719636685904
47965,339.6315037590954
47966,180.054338634742
47967,473.557439127997
47968,724.883237404527
47969,140.56956747509932
47970,338.145255613935
47971,126.55077018607291
47972,446.9416485270058
47973,274.6254334174761
47974,103.6496490642848
47975,513.2048030915246
47976,169.1904632564203
47977,158.70164263588285
47978,287.81363627680855
47979,240.91932081763977
47980,339.3621962288377
47981,120.42827768271457
47982,226.23690021500556
47983,249.6825878593425
47984,266.6555866548901
47985,244.32132602726642
47986,596.4589564755838
47987,315.8200599765323
47988,411.73927604623333
47989,542.0973210773742
47990,185.05097581941578
47991,919.4127610928264
47992,611.6616734215909
47993,103.18695765560811
47994,358.2263830076852
47995,544.9498019078407
47996,161.37366016977637
47997,361.16668885462605
47998,341.207374543028
47999,226.62341697492704
48000,161.51241159285323
48001,92.19725544515369
48002,342.82667997226486
48003,140.55843683738198
48004,312.9339678980869
48005,145.05784625991635
48006,223.62913201870754
48007,245.99307424971101
48008,244.19928193592926
48009,126.22872621645337
48010,520.1678302001275
48011,120.44992131432649
48012,284.9280144900058
48013,285.86920805215317
48014,153.20732529926744
48015,198.74759354617242
48016,134.02680948531327
48017,194.92800208943314
48018,232.37324670917576
48019,169.01436405825376
48020,205.66940749961006
48021,307.91598810627505
48022,325.70123691280304
48023,218.5898842734058
48024,141.51977977748226
48025,129.23235206063947
48026,270.5485429371043
48027,381.3795108828324
48028,260.75317667028355
48029,147.16450794945538
48030,151.89951950737202
48031,342.3691804164692
48032,167.98292820615276
48033,396.2195158657103
48034,525.1146310915702
48035,322.62485502249007
48036,162.81494263738284
48037,375.3448444170817
48038,348.5807197197101
48039,301.16678415102155
48040,269.21286203221194
48041,256.7235838880448
48042,473.43036654209493
48043,180.73202993537268
48044,144.37756992153322
48045,469.006374985544
48046,182.7105418867865
48047,149.8919572032977
48048,277.63504953968175
48049,311.4402761512484
48050,164.76855896344256
48051,95.04788908872521
48052,149.15276789763578
48053,224.59641063264638
48054,226.26605927346313
48055,112.49881105294847
48056,105.01870954923375
48057,279.58464184850635
48058,167.9259707961865
48059,172.2074599663575
48060,381.03007870231465
48061,157.3362427078995
48062,168.0281649743503
48063,255.43285444744447
48064,447.5784551619379
48065,138.68675411580267
48066,284.10834634865336
48067,185.67244545577512
48068,150.34829747350423
48069,209.6491626426666
48070,273.6994889568214
48071,365.6546776440458
48072,183.3476684108997
48073,227.03577679194188
48074,459.91208121432123
48075,280.5895025259857
48076,1324.7361361846242
48077,153.10215045793086
48078,181.45102050870375
48079,435.4972551841533
48080,244.985566546459
48081,572.8072680727138
48082,200.84761976539886
48083,398.275600916028
48084,176.75714431697787
48085,114.75822971094725
48086,127.01662657501387
48087,223.80239161634896
48088,88.9942586305105
48089,524.1739680117745
48090,247.70487637777808
48091,392.832213912849
48092,365.4237361114412
48093,317.52058185706915
48094,197.9418152443889
48095,187.43632254016782
48096,316.86825307829815
48097,784.5922046905362
48098,209.72199905344337
48099,322.5865768274682
48100,242.5543793493037
48101,344.8057539012832
48102,190.24819025222152
48103,299.2465294867598
48104,276.85639247542457
48105,132.61477460296527
48106,378.6449498326206
48107,255.8625066372532
48108,231.308924211522
48109,189.81705047493372
48110,209.64781766891485
48111,162.1620749263213
48112,1419.627708550605
48113,247.95571925955107
48114,216.6116370122901
48115,122.26085065236057
48116,130.5682308664904
48117,170.20522044148666
48118,124.36335652664489
48119,209.94473606811175
48120,89.29775908808044
48121,111.56456603609774
48122,294.8555141554504
48123,107.3881144606541
48124,693.4987012091882
48125,138.3138060914531
48126,364.31817490815257
48127,206.24450140328264
48128,138.568574294286
48129,174.51787483241253
48130,141.25004085416575
48131,140.0831627170958
48132,168.13968739767654
48133,194.8378032739074
48134,148.94671848686235
48135,354.8214669904265
48136,288.69875840817843
48137,148.9356784008757
48138,156.34266331717498
48139,171.0293186031074
48140,567.8876422404904
48141,235.9053439626678
48142,227.92860028886895
48143,321.56797655245526
48144,452.0955341860775
48145,383.1303103672318
48146,226.8063591642939
48147,219.51453802823613
48148,284.35354354397657
48149,432.1868075906272
48150,137.26204752124406
48151,193.73359567959915
48152,185.73915662997666
48153,138.1618442094202
48154,259.16732190582474
48155,262.7378987284369
48156,249.74744626615345
48157,164.8572197404126
48158,209.27115248785927
48159,246.42303621627846
48160,200.8918301949774
48161,97.70732534965452
48162,263.5308177189974
48163,217.67610889666122
48164,394.6047677565765
48165,318.436953291078
48166,204.1364034119506
48167,341.61231553819925
48168,129.62179299326672
48169,143.26641848745047
48170,173.2948916550545
48171,130.40183068032013
48172,373.693876136008
48173,207.31743982649408
48174,123.05477748490112
48175,486.6924784142424
48176,143.74904057177127
48177,225.84460840614034
48178,411.12247473636205
48179,178.78747063015365
48180,210.66109864575483
48181,221.9355754386354
48182,580.3572757079515
48183,339.3660056397314
48184,347.4657275945718
48185,155.77785417910155
48186,134.84323531369355
48187,149.73141590766647
48188,239.5361690238596
48189,420.31873036124273
48190,221.94143327779307
48191,356.77357167616697
48192,155.48562970502775
48193,166.77561422077756
48194,205.1280978307693
48195,470.3284614738155
48196,260.322611534115
48197,221.5116337284693
48198,175.66360376791926
48199,137.33266521433833
48200,169.3414938440378
48201,301.15319667708184
48202,192.4352210654657
48203,466.2958697283093
48204,158.69487969474713
48205,209.87863301932157
48206,219.61977566190808
48207,250.73755784064514
48208,381.62403587458283
48209,131.92757768739764
48210,124.35577234130746
48211,455.86065933186194
48212,977.991533513902
48213,121.35900157596235
48214,168.01663404487778
48215,420.79839928272594
48216,495.3235096281146
48217,202.13347320301412
48218,310.45225194882926
48219,329.3061161254768
48220,150.1443128606424
48221,192.59111176740458
48222,113.9034124990329
48223,382.60798007620167
48224,425.26272550886574
48225,156.99531608715594
48226,197.41342146577512
48227,243.71549961338303
48228,184.86555433560744
48229,228.8018252627114
48230,170.56015381638312
48231,367.72793887141756
48232,171.52428406292825
48233,229.65746408987616
48234,169.31392249757107
48235,148.17802699450039
48236,157.6813102921537
48237,482.54606634133046
48238,244.90644745805312
48239,131.13010665017003
48240,608.5566359095723
48241,310.9032605562955
48242,233.18443818911695
48243,199.87399962673297
48244,420.65539563849694
48245,143.83606433461827
48246,672.6431210447304
48247,364.0173490124722
48248,217.5053109521875
48249,282.442895146712
48250,175.6785093456468
48251,279.51203993990384
48252,243.44887091844652
48253,184.69959910627654
48254,229.66336549720853
48255,406.22867910046017
48256,157.44707151074172
48257,123.6150499761712
48258,245.1275918971409
48259,188.40922956686717
48260,335.3737128131397
48261,184.42514675762374
48262,135.82932826742922
48263,995.5590828319658
48264,156.15100114074355
48265,208.5662786145376
48266,152.9852928492894
48267,408.88436935234023
48268,247.80395923863446
48269,193.63445306076954
48270,129.77884947307282
48271,379.0169076442058
48272,275.2678296172248
48273,263.2903275372466
48274,224.45481445454877
48275,226.7698009231046
48276,219.4912095436414
48277,256.9718979959272
48278,351.76337505808476
48279,185.81142097629936
48280,176.80787129710066
48281,237.05364091228776
48282,724.7402019416203
48283,161.04702672806906
48284,209.3566369229318
48285,478.05924877143303
48286,181.71554338314183
48287,508.59363836228897
48288,140.90475458940918
48289,332.698635358643
48290,138.87260636707273
48291,268.5705192892401
48292,141.38253012846786
48293,1016.9964844931118
48294,365.3596322712453
48295,143.85732322462601
48296,353.5302603447144
48297,134.78359630653665
48298,648.8039471871623
48299,367.45202901038994
48300,194.46394555412908
48301,595.2973126202897
48302,218.65133908309446
48303,966.4321268045179
48304,775.6929599586322
48305,229.6493543075456
48306,140.19237433052913
48307,439.15506200862785
48308,315.32451306573574
48309,136.59239382244323
48310,188.6235981264967
48311,301.829578474397
48312,256.77360768401144
48313,193.1878085482402
48314,133.32600843324434
48315,188.1444266197377
48316,646.470609344074
48317,172.3655315284005
48318,77.65804027046568
48319,226.5314058471129
48320,159.85412073329115
48321,221.63674226058393
48322,418.5624609170569
48323,649.2320792845638
48324,305.4553435470822
48325,196.6535982077547
48326,310.23168490481595
48327,307.4941288934156
48328,152.26466219588747
48329,295.08013936908634
48330,135.73941034390768
48331,148.26601953643518
48332,293.8251078709121
48333,123.81976743057243
48334,276.0285778756203
48335,222.57790359465085
48336,214.20581101546685
48337,306.9902135764936
48338,212.03812196039212
48339,341.52689028818
48340,159.83587672032982
48341,648.8115640199863
48342,201.010902425173
48343,211.6647755296914
48344,224.40470248443378
48345,360.212124439163
48346,248.87052018809044
48347,194.15196142429693
48348,241.98541354010064
48349,262.7872421092751
48350,355.9224123973108
48351,510.94475954289913
48352,221.3444197381472
48353,466.40786121730315
48354,215.51072181748705
48355,258.8044040211503
48356,413.2878757468853
48357,180.95613035135682
48358,262.0799077919012
48359,230.9594786877107
48360,448.5696245488049
48361,311.40341655340916
48362,317.51383011238204
48363,191.5992825919233
48364,294.23929907220537
48365,101.26639369606279
48366,160.35023753073807
48367,211.9077429476474
48368,177.46434463774153
48369,354.77462896989186
48370,184.44965017015932
48371,383.7735901222562
48372,262.95310546002133
48373,301.61508222027624
48374,428.79912791741333
48375,307.06957907466506
48376,261.5334656453149
48377,203.95609353090882
48378,371.4678642922339
48379,276.0192543841581
48380,258.3922216453234
48381,164.73836167869598
48382,134.61387179298595
48383,210.08609347050216
48384,140.95966372012424
48385,161.06757984392289
48386,135.8853612214013
48387,158.4215704525833
48388,397.5023700489004
48389,291.0573749502345
48390,445.6195832926615
48391,322.6750918846109
48392,202.97161758839914
48393,172.14596508351735
48394,241.73199579899756
48395,142.86737707024977
48396,231.78101815653693
48397,447.62578714388053
48398,222.98114746458262
48399,201.9533781791649
48400,270.59239173917643
48401,206.45169361718183
48402,160.99524785684983
48403,224.27473421294462
48404,244.50267198660393
48405,161.44885461738738
48406,169.68722414109905
48407,219.59455075620545
48408,201.08927247718884
48409,215.22182252179016
48410,289.3373975100119
48411,202.82079178193655
48412,880.7522011355151
48413,354.4154114846896
48414,543.5046224026089
48415,472.1537551360841
48416,207.01819937210482
48417,230.83890928545983
48418,237.3223206059604
48419,433.73928483061724
48420,170.60105385590163
48421,146.33616761684013
48422,319.42727618268975
48423,219.86366585183976
48424,310.367266153344
48425,357.4020170060776
48426,874.1135997412113
48427,186.08830087337327
48428,238.62315325233618
48429,169.0709656396872
48430,304.16826255292057
48431,115.52562845884601
48432,305.64068462038995
48433,269.9512818767289
48434,1141.2114982790686
48435,160.4923597389322
48436,117.27901985146057
48437,460.00820197621135
48438,541.7638249373605
48439,285.2053810806344
48440,131.1977402706108
48441,192.46768048522742
48442,348.24867060443205
48443,563.2020357552921
48444,201.92335043356448
48445,298.9369385009985
48446,341.73467916167834
48447,319.2777672549443
48448,129.20139211413127
48449,191.29449768930974
48450,512.3285013867342
48451,214.99147966756996
48452,138.77570575692766
48453,264.38169554105644
48454,183.1879597623531
48455,106.87677212360911
48456,150.05513716672928
48457,154.5137806977376
48458,150.91106072910316
48459,432.66445253272076
48460,206.6083693451576
48461,175.149590121796
48462,202.43078345927086
48463,265.1603998909011
48464,213.55281361083752
48465,222.63212359648742
48466,264.5686659891378
48467,199.10077844684275
48468,374.4512331231709
48469,103.90548368907973
48470,541.7983801162426
48471,170.51251238205515
48472,276.6717912087056
48473,226.32503248857338
48474,180.64964659168527
48475,333.2240752677127
48476,231.50369594118487
48477,226.54647034877644
48478,664.0220374157527
48479,313.2693668379145
48480,189.94018427354874
48481,414.3459630458217
48482,149.1420376052989
48483,206.34520351399098
48484,559.7858254531958
48485,285.4427830262256
48486,436.6097911733109
48487,145.1963634826401
48488,185.28045264190445
48489,173.9488131548665
48490,210.3997297293764
48491,224.89403111420276
48492,166.95826874724034
48493,186.55527011321635
48494,205.48732808323018
48495,531.5013905527439
48496,104.26630516109567
48497,194.4036697247639
48498,143.6037834973596
48499,195.58244047034785
48500,363.35432994741836
48501,298.987617645778
48502,133.53573165434858
48503,269.0373824045156
48504,267.15110270308776
48505,295.65564701853634
48506,203.3091857360605
48507,492.45375902151807
48508,296.3460855704263
48509,256.8169714382648
48510,1010.8048563531381
48511,182.01956886254828
48512,173.93374909956145
48513,262.26200229992276
48514,249.59708122328755
48515,143.20921119371087
48516,197.48096362531362
48517,521.008127977212
48518,607.6878619727875
48519,370.7706719275493
48520,214.8054197980604
48521,219.64612882147082
48522,159.11835699994353
48523,234.45255990635616
48524,257.98104573898013
48525,251.62076745364385
48526,333.93912617326123
48527,452.42380341495397
48528,739.8790532972706
48529,369.3628225503706
48530,502.2635489660438
48531,213.81743627725547
48532,204.79189938175585
48533,185.28966610776047
48534,117.41231136453541
48535,130.88739381949924
48536,305.1176799973002
48537,147.44295347660517
48538,391.25026517181027
48539,212.3885425132367
48540,124.61582282582451
48541,560.8126399795707
48542,148.2560237557522
48543,343.51236783331615
48544,207.24061420465614
48545,1003.1965511533347
48546,236.74346343372238
48547,413.69415131368726
48548,317.86433000287195
48549,135.30318789558302
48550,169.79474385386828
48551,391.8633299891657
48552,279.3302720057352
48553,136.59528426778616
48554,161.07539209439875
48555,246.82791333894107
48556,170.27284680014242
48557,322.1889112995973
48558,196.48831127769824
48559,203.06571381192856
48560,138.52807889784089
48561,143.7033057955995
48562,137.24960487951762
48563,323.19533534423437
48564,203.69421336739055
48565,366.7368347249125
48566,220.0814726915387
48567,113.89344709642356
48568,175.04162759940013
48569,122.31402709062807
48570,157.05307759091224
48571,537.2435393679491
48572,325.5032637485785
48573,457.5456307146374
48574,180.7991497177688
48575,168.1249552569598
48576,149.15981703475978
48577,210.63500572311102
48578,177.5098092758547
48579,186.082311182287
48580,222.9432905584174
48581,125.09502123215022
48582,212.76239996916013
48583,404.91269670153315
48584,381.6667473803812
48585,607.2135422637374
48586,288.86392515911615
48587,124.92641035404543
48588,153.00858458407313
48589,156.15193440966073
48590,262.6937787322006
48591,119.36759117275051
48592,207.93536886552934
48593,386.17067830199505
48594,148.7708626597236
48595,151.58226732043948
48596,175.05128653112104
48597,150.89417271237235
48598,152.39164517329738
48599,272.2910272477649
48600,108.70920484560381
48601,291.0854889496722
48602,698.2176840843745
48603,81.2632036013253
48604,274.1216004100712
48605,840.4531227388053
48606,250.62417344588312
48607,164.62899917924938
48608,200.4900984609498
48609,218.41955166616444
48610,415.35185027774133
48611,100.07547320416596
48612,233.42730428981665
48613,142.49799489280628
48614,168.6314881019585
48615,240.15642924479866
48616,148.93090309564073
48617,280.85129281903073
48618,500.7582729569492
48619,181.22268822144503
48620,244.14391405917138
48621,156.38976873136482
48622,177.14268141532557
48623,252.27908218016609
48624,147.5416554858515
48625,153.38762608480175
48626,189.81107220215185
48627,108.793615656503
48628,148.32581871697346
48629,673.9816507671268
48630,172.1372254508395
48631,249.1125826342643
48632,174.18118437875938
48633,183.55535674043713
48634,475.2843248469532
48635,144.08383916077366
48636,134.13615071687525
48637,553.3431943066618
48638,536.3944382588915
48639,343.9223143045112
48640,241.44021863413525
48641,303.054496747386
48642,146.7468015797551
48643,564.0686709655698
48644,397.0439089806615
48645,133.54722905603626
48646,310.1033454133843
48647,153.28278480151866
48648,128.9882886786176
48649,105.45039782561591
48650,196.49692239933032
48651,886.2050516218852
48652,405.5523599884589
48653,622.8929601749355
48654,141.23956097672203
48655,261.67208246682026
48656,314.4460382854534
48657,176.99096582856893
48658,200.67620821135705
48659,168.6318026167445
48660,127.61641505472522
48661,154.98393841821786
48662,639.7071427207184
48663,233.287761156122
48664,273.6708209076336
48665,174.4608831780733
48666,274.67213910093886
48667,245.46681871854452
48668,205.50581696252044
48669,329.1492462059092
48670,157.55806488379375
48671,316.7441059477398
48672,260.7244206288701
48673,116.15061461006295
48674,400.7190200335942
48675,238.99427324124025
48676,174.59823987524814
48677,515.785948995391
48678,373.15118494297235
48679,251.01068089542997
48680,227.00307683973625
48681,139.17173285626689
48682,448.9598557807527
48683,328.9217952111851
48684,178.367771572603
48685,404.7774582188267
48686,187.18153621294937
48687,322.2222501060106
48688,237.015279999547
48689,131.49708901132186
48690,222.28131392963013
48691,333.8235735024299
48692,108.6176861262346
48693,206.45360873835358
48694,232.14494189909556
48695,340.4395311154816
48696,149.41201009406862
48697,204.67444205819552
48698,422.97111105764145
48699,156.24157473780136
48700,261.17557040249187
48701,151.32337830908065
48702,162.46160706005273
48703,150.30512962411473
48704,219.80481222463143
48705,322.83522671917257
48706,139.8197666592525
48707,140.47960647450827
48708,294.7630823582152
48709,324.0560437784695
48710,397.6425783077514
48711,189.21541865232325
48712,364.96489550051
48713,91.45909101908896
48714,278.55048924376075
48715,140.19085785929377
48716,189.60415380785577
48717,155.9977538187156
48718,143.87866544869212
48719,82.48537851253396
48720,351.6336683321091
48721,169.56304805380205
48722,660.9869402870414
48723,266.99951216635884
48724,192.9490004939157
48725,230.9178027548108
48726,413.340430818501
48727,251.9279411320934
48728,293.9739296147704
48729,300.7828793563451
48730,367.8915574302995
48731,93.41856817326094
48732,631.4429490935687
48733,635.1789161711428
48734,113.07045816528601
48735,192.1359823656652
48736,239.95093786117462
48737,202.94523643784103
48738,175.87275866410386
48739,142.1687094681534
48740,1624.4614722360348
48741,372.93706062921905
48742,200.80523939982703
48743,272.819666576545
48744,274.82357393081776
48745,952.4781577551124
48746,152.44931957418004
48747,117.56863694787074
48748,140.92873977756506
48749,375.54444775431483
48750,255.39369522833687
48751,76.07668585623358
48752,391.78753705862164
48753,216.56256195053476
48754,431.68150073918173
48755,906.8518605861331
48756,464.6024174267526
48757,310.34184637957316
48758,252.43042578606108
48759,217.3931303457956
48760,267.6892044920783
48761,189.80417256711902
48762,225.80378394064832
48763,530.3342797282202
48764,338.9510974129174
48765,163.4653022751378
48766,211.69592697550968
48767,196.81704237290907
48768,226.84116892679668
48769,652.1389745700332
48770,166.7263698292621
48771,211.14436400125095
48772,673.1994276916247
48773,133.8071971592812
48774,322.97168502475745
48775,116.16891479776253
48776,703.7223769989279
48777,536.1090804776082
48778,155.80138326359307
48779,266.8865910186624
48780,338.0177984765646
48781,166.62734952023143
48782,380.9394037291882
48783,100.85142222844178
48784,188.2755178817584
48785,721.8888052793914
48786,165.06618679037865
48787,213.97245173741965
48788,482.2301935115375
48789,484.34369490271723
48790,224.48723681871326
48791,432.6199340369142
48792,158.53837180909647
48793,211.24717001473286
48794,222.1073502637792
48795,301.62462178835415
48796,159.37685880278244
48797,481.67331230308304
48798,133.75588659456025
48799,266.7120206128508
48800,262.6138742512934
48801,155.84645360962512
48802,341.19691002335986
48803,375.4663438939304
48804,211.47471427276741
48805,119.01921258037348
48806,307.0319815231753
48807,189.0447972033325
48808,294.4275576989408
48809,280.8546209177183
48810,364.5862873848281
48811,293.63573699408767
48812,131.02706674822744
48813,330.7183810119923
48814,202.41896285981778
48815,153.65246628316686
48816,220.09420571508034
48817,174.62272664255843
48818,219.0548873837758
48819,277.0031419113467
48820,428.3463933994638
48821,297.5617315262984
48822,74.01295879351865
48823,189.09025769594047
48824,164.55094307308056
48825,756.9094903668365
48826,322.90073447276075
48827,681.7064203524782
48828,243.59600114097628
48829,102.35423812647133
48830,142.17119040562974
48831,133.97444632185432
48832,264.41268531207044
48833,153.8144265193475
48834,232.90654567827391
48835,143.61767774685333
48836,219.3902741525466
48837,147.71781771696482
48838,237.35555740616655
48839,197.91055359984568
48840,194.72429310490725
48841,298.0647868334712
48842,229.79510256550748
48843,571.3802625355152
48844,446.4035344477427
48845,234.16354945338594
48846,144.68488590159222
48847,119.7578173571524
48848,157.85412671585252
48849,138.39001858240974
48850,170.06621657307238
48851,263.2279050880972
48852,532.7602607489115
48853,194.62767522079412
48854,238.85920099956155
48855,196.79744703733797
48856,169.52883005594362
48857,419.56471063450914
48858,143.20461190442967
48859,284.32526834253395
48860,784.013550556764
48861,176.0998568931126
48862,218.68002965762417
48863,160.93840874533038
48864,592.1031932161461
48865,258.2480637819673
48866,238.41182646732614
48867,203.3987676812326
48868,319.0074410261709
48869,402.2703427429896
48870,139.79453272651216
48871,317.69166645596636
48872,192.47469156127568
48873,226.4056463579582
48874,121.67338044610032
48875,299.26378802993133
48876,347.6402515801678
48877,744.8427863488233
48878,488.863639307665
48879,304.8706785116254
48880,217.618233698932
48881,159.4425360147748
48882,116.88855030185518
48883,235.31157657378023
48884,317.61860855463743
48885,120.39964520569981
48886,170.96448072069597
48887,143.8989674254998
48888,201.88156292054302
48889,137.58854478491654
48890,545.325544469263
48891,291.6623722921019
48892,170.51635805476016
48893,139.65071976550848
48894,115.96206373666443
48895,191.29643945518012
48896,168.14881903399902
48897,206.0895783490337
48898,173.00621680108443
48899,377.9888904074056
48900,186.46025661993318
48901,211.8766263335869
48902,319.69135414747643
48903,245.4656105609588
48904,139.54843894893648
48905,97.90950071941671
48906,118.41953120297129
48907,159.0327800693148
48908,136.73322157245335
48909,289.20062006764056
48910,188.6877428882845
48911,178.20163108987308
48912,424.15517381498887
48913,130.16922779849023
48914,351.0001505488204
48915,163.50505418172108
48916,260.6059190493746
48917,154.55290765631048
48918,357.32240340619876
48919,201.94128165539826
48920,369.9879693104381
48921,176.8127946293786
48922,130.38791781826052
48923,131.95744016813785
48924,224.73137718013706
48925,137.38178321663443
48926,130.48643692060276
48927,150.48515270164444
48928,95.80743850953247
48929,234.64008370904253
48930,267.794290944647
48931,211.51346873967668
48932,241.98443157276876
48933,152.2239409046117
48934,234.32868891838808
48935,177.75000209007487
48936,204.87656751443618
48937,951.3247417073327
48938,311.4979400513242
48939,123.48380181413981
48940,229.0229996643033
48941,159.26083828564447
48942,254.72023887020993
48943,203.63381479073402
48944,407.3396861175735
48945,250.50409175368299
48946,715.5511474767579
48947,155.91981404746267
48948,247.60741580551937
48949,488.36827129617427
48950,212.77524966071024
48951,172.97636871836568
48952,122.16146335284975
48953,141.91103954241137
48954,104.24503368408388
48955,167.80775350501244
48956,175.11369386305182
48957,368.31059081649823
48958,281.0744856548033
48959,96.46781643400604
48960,408.2258685731391
48961,188.50767335130604
48962,144.05591078548855
48963,180.25701352023512
48964,147.333537857546
48965,244.27089775444807
48966,83.48863418810954
48967,600.4686858352396
48968,225.05005494822632
48969,219.056863284176
48970,181.69313348330397
48971,199.34863362602664
48972,238.02941898640307
48973,144.2263988512961
48974,188.22676620636636
48975,304.8785440385538
48976,381.5074230710278
48977,204.55526136009522
48978,247.47314671593324
48979,243.0813223433199
48980,462.57919424314616
48981,235.59654811401913
48982,370.8915377768943
48983,233.79623646630859
48984,406.20856419025534
48985,262.7041693361914
48986,219.77266311762668
48987,322.55771230941036
48988,243.56062656932698
48989,230.11504897604925
48990,427.85248341208455
48991,580.6413669061648
48992,95.89111647941908
48993,444.90493290317704
48994,167.04557103713242
48995,777.1402314841837
48996,196.0745348464873
48997,548.6058547495089
48998,126.72451201420118
48999,160.95677154323064
49000,230.14677364003802
49001,120.51375394598806
49002,121.93865833245714
49003,365.1609760103688
49004,142.29797178375395
49005,151.35015642051954
49006,216.67918164946235
49007,221.98096617078096
49008,215.25836060665495
49009,97.42519423118675
49010,325.377724086304
49011,279.3223434579233
49012,398.550322860198
49013,147.62607901905912
49014,192.29585834035615
49015,233.5794231255828
49016,423.8804834729307
49017,164.47530896478912
49018,289.9879145955606
49019,421.9244204443254
49020,197.90343175147243
49021,371.9015613732968
49022,650.5125948348951
49023,194.59091927510875
49024,703.5503602393776
49025,173.64723260896312
49026,251.7125549977919
49027,163.54952666527888
49028,223.6610814395512
49029,712.7999783600553
49030,249.54112279086067
49031,339.51334539633143
49032,363.563620204734
49033,453.26820922547495
49034,131.90945931892145
49035,202.50115497084818
49036,231.68271819340856
49037,417.52978893034754
49038,409.3262559148406
49039,433.1245150224495
49040,245.8971514043266
49041,130.14558964842914
49042,215.81253016962083
49043,313.1175559062814
49044,364.7227014899818
49045,251.27074329306146
49046,199.58487408136332
49047,205.94156520690066
49048,230.4152402924238
49049,469.5013363067859
49050,161.668108743408
49051,237.63636842897063
49052,220.5812559406729
49053,208.01767492864334
49054,127.8621473000244
49055,239.56439383999276
49056,214.95893322786975
49057,153.26690092953638
49058,255.7846374852101
49059,203.76829449865784
49060,153.2796233291629
49061,226.44791357509098
49062,140.69487426601626
49063,543.6853519514947
49064,120.99031244125838
49065,301.8618600916461
49066,270.5961682650669
49067,302.9868065365553
49068,249.26457844326984
49069,214.71135569558595
49070,401.6788884941754
49071,231.32628254416724
49072,154.67000661631485
49073,412.3796138893015
49074,117.53577298613621
49075,266.2625127019458
49076,383.12911578257945
49077,226.250438646498
49078,166.92935033372075
49079,367.33964146852554
49080,595.6175500743897
49081,211.7171289266854
49082,206.03883417389605
49083,195.50659385490474
49084,139.40595634659155
49085,165.66805712597352
49086,105.59500497705493
49087,159.3824769225692
49088,228.1434033699737
49089,241.54237111040993
49090,297.9223788215926
49091,534.1818514197807
49092,205.82445019246802
49093,417.92944205630533
49094,196.16181481624196
49095,381.51560873733683
49096,228.98171494718895
49097,348.8149834084033
49098,368.2010834969974
49099,881.4546174590312
49100,146.01365129717183
49101,139.82754374109183
49102,208.80987874981025
49103,347.6252291241145
49104,189.82058645732883
49105,289.88488493957703
49106,307.2621314306234
49107,325.9783990288739
49108,144.44729993852104
49109,180.20792430063358
49110,151.7414870903853
49111,151.44179164805254
49112,190.2210522157339
49113,211.32544495370334
49114,677.4071839420548
49115,254.88164103200032
49116,277.5652621447435
49117,9089.612811229043
49118,132.52342528785275
49119,212.59101617347926
49120,161.17019255085327
49121,431.16359765280527
49122,221.43977946219988
49123,236.80842088554473
49124,261.04282079339737
49125,375.32665284541724
49126,211.4383125267522
49127,251.56534259546186
49128,528.323417770906
49129,158.8481267924796
49130,173.1978099163253
49131,142.44677692537564
49132,157.1223444588169
49133,134.11687345346644
49134,209.21911773382308
49135,162.05466275772295
49136,156.22082103360816
49137,234.78942367918054
49138,208.02360303572425
49139,222.8740974786065
49140,458.0742154089808
49141,112.6684131657465
49142,148.61235355567237
49143,683.0607029640418
49144,244.40885398554346
49145,203.3812940216565
49146,185.4582127844162
49147,216.89565399996496
49148,361.9543738891524
49149,130.91013593194378
49150,377.8732866712132
49151,127.58346089133119
49152,185.03821755692013
49153,210.84082538736928
49154,137.25686788775323
49155,119.30392090165626
49156,188.45993465682454
49157,166.87268770408937
49158,455.9614563831716
49159,152.10011798284012
49160,568.6805095780218
49161,232.16599826871328
49162,225.2096150804514
49163,262.63423133745766
49164,503.83609490132653
49165,237.4593209064975
49166,297.06621203497394
49167,439.58589755247806
49168,208.54728956047038
49169,261.88435455461536
49170,214.11715211256234
49171,163.05776348613972
49172,229.62017771221
49173,190.08693773323222
49174,202.8205340527318
49175,120.79613819027611
49176,138.00392498353096
49177,245.1875963430043
49178,262.94097036157757
49179,141.6648463988782
49180,184.23277365221688
49181,116.35018988023519
49182,187.53015675270177
49183,472.4534004281456
49184,226.87984307926612
49185,220.49941166373821
49186,995.5433383007065
49187,130.04540912446356
49188,1151.3736668160877
49189,541.6749263440726
49190,147.22269200321065
49191,293.68459814232665
49192,118.74407949998391
49193,396.90523402432467
49194,136.1007683680404
49195,217.6023118884854
49196,156.48603106805703
49197,233.6162665267792
49198,355.76669709147416
49199,129.7565173141549
49200,372.2120341257601
49201,136.12093100401881
49202,114.29276537216475
49203,889.244618165144
49204,290.21239132369976
49205,137.47531552266796
49206,112.24180473617261
49207,165.86884664461536
49208,242.06210408438398
49209,126.93557030689921
49210,397.55816056320634
49211,246.05845037947702
49212,224.1628109630514
49213,117.53950652644174
49214,144.42244122753414
49215,161.1548595832169
49216,332.126413718948
49217,210.2277459788183
49218,153.21920222551572
49219,361.9817711134874
49220,465.7123493042201
49221,349.92875857347
49222,208.08516061622046
49223,378.7899721197991
49224,123.94702040149843
49225,115.23348348025203
49226,112.07968692037437
49227,219.41392348618842
49228,368.1179951251516
49229,373.6824811469857
49230,195.1413503382737
49231,133.74650734389792
49232,631.767891877063
49233,210.78413193634074
49234,356.7725935420269
49235,228.59902298434733
49236,340.8737939897936
49237,139.5441644263927
49238,305.3440982424286
49239,221.6378087363642
49240,133.67778947414655
49241,227.9468579389163
49242,586.415247531636
49243,183.47819966283106
49244,148.31194805029088
49245,144.89559978445186
49246,143.62788477280012
49247,292.01954388462417
49248,278.84660130058097
49249,281.7031301439864
49250,186.01845001849827
49251,376.5396099870168
49252,244.2442978773594
49253,168.76760112814932
49254,429.8322889877392
49255,200.96206874752392
49256,363.8541275691924
49257,223.80589544920628
49258,317.7803045239866
49259,212.94678021578133
49260,172.99382487490774
49261,319.7826688442249
49262,250.73883624178268
49263,132.44706476246782
49264,183.46086511836643
49265,172.92022138973184
49266,251.7697337964919
49267,217.13003628779558
49268,159.67850033344467
49269,198.0159969816672
49270,177.99713644012218
49271,221.38291949728884
49272,637.8314110755042
49273,175.4222597330569
49274,163.8945728766407
49275,146.82469559599568
49276,141.85181611808164
49277,344.5144640308676
49278,159.09436014722579
49279,445.1029051732905
49280,229.08446478942219
49281,159.96222772906353
49282,407.8885906762825
49283,129.71291263931957
49284,232.91457958883467
49285,186.91611633386873
49286,154.0037297459095
49287,351.3623780719485
49288,536.061227456394
49289,614.5806732081384
49290,377.3933469984507
49291,163.90097460638424
49292,169.62275118688865
49293,149.52802451708558
49294,182.92782969516196
49295,170.53649829190715
49296,432.3572933767765
49297,447.3096477569454
49298,425.6071803598261
49299,276.87186284945386
49300,175.3169561502281
49301,399.31637453748726
49302,267.339593579004
49303,336.5811002124973
49304,176.07032862649712
49305,349.8499466183021
49306,173.0577375073557
49307,219.77756079541035
49308,169.94477759252257
49309,167.31561493501906
49310,246.09169553341616
49311,146.12480954555912
49312,233.02147604802423
49313,154.36270621476126
49314,199.12650133988245
49315,240.419819722154
49316,226.99592113900124
49317,144.97328363747266
49318,408.02842745604505
49319,177.41681655943367
49320,306.9149941983096
49321,218.012857431134
49322,176.6270167245847
49323,264.5607545598432
49324,100.3777630755892
49325,301.8322051378484
49326,423.04787558466904
49327,149.16260084356225
49328,188.58703982394022
49329,177.78984202343463
49330,202.41759758406403
49331,158.27706224921855
49332,176.70752323739106
49333,101.61441720705439
49334,182.47712832674992
49335,145.98503434812292
49336,213.711758239145
49337,250.33656488576128
49338,109.52612286619313
49339,132.85111221564262
49340,134.9030528379484
49341,233.5707074518383
49342,114.40926786785144
49343,192.00793720954997
49344,184.27475368935617
49345,211.4510361475114
49346,231.41635727260794
49347,181.4419001813984
49348,232.5848128771749
49349,141.72127464709382
49350,142.49578792284353
49351,218.53353163741818
49352,172.57876400381016
49353,231.07472914678502
49354,152.3520820431357
49355,140.80167475402527
49356,238.79073786863393
49357,360.82283719593875
49358,257.8115737547639
49359,502.76950999846235
49360,273.88892856717587
49361,144.77094437547663
49362,283.24768112926074
49363,172.8196427307704
49364,326.7852876010293
49365,111.64769921913421
49366,258.4544438112647
49367,125.08261979703869
49368,147.13759526629187
49369,205.24150016177526
49370,414.52099325080525
49371,138.70995087997213
49372,406.27540050939194
49373,264.9482160321366
49374,252.55342352568343
49375,155.2906753837358
49376,167.2622544164186
49377,212.85429322255806
49378,237.38821371258987
49379,177.80517017287127
49380,159.17747330176292
49381,188.04224311561038
49382,233.6188417275493
49383,175.0773172891415
49384,700.6103514343534
49385,133.89598869773252
49386,224.4608939248948
49387,225.1401325037702
49388,172.10924373404458
49389,191.47426205473226
49390,784.4046988424049
49391,315.5923080475381
49392,190.20858847862098
49393,115.15499501770859
49394,211.84032034794714
49395,202.61255114780582
49396,379.9687433556584
49397,303.4474160008847
49398,346.9594414711996
49399,177.69841095294686
49400,333.4532076124217
49401,943.08530835952
49402,230.08952282959143
49403,759.334240563507
49404,197.06290402549945
49405,157.0966353494023
49406,201.40920228111028
49407,258.2253976917747
49408,652.5474058713141
49409,544.5218720022748
49410,331.1750345988749
49411,133.72301469803497
49412,547.3538839049693
49413,378.1582739675033
49414,142.9120625565625
49415,185.14930020243975
49416,250.23891369104072
49417,386.92167689418386
49418,140.04570713891258
49419,261.867607851472
49420,283.50930311483563
49421,141.7397821728758
49422,186.96074488619303
49423,122.75479848553466
49424,216.12819516036268
49425,140.92470355576884
49426,216.24324536677136
49427,251.50904732125213
49428,566.1066325924803
49429,273.26303248413075
49430,166.50532145069286
49431,278.933126651662
49432,319.57962676061345
49433,479.1025498885534
49434,202.88278894083837
49435,148.02817328237495
49436,930.0028809881863
49437,233.32198949386586
49438,154.96759990163497
49439,405.93524606722764
49440,147.85395458357328
49441,277.1730665652323
49442,331.77111614227175
49443,830.0957012018895
49444,326.96212023480984
49445,136.72143562552037
49446,285.77947313758796
49447,123.61822886434524
49448,239.15269612530125
49449,246.21207710250067
49450,157.8956551843756
49451,598.618629077541
49452,323.2268991932401
49453,303.26680156301154
49454,129.7565173141549
49455,255.35428795731085
49456,209.8709544187916
49457,220.95088701650957
49458,164.26027257778608
49459,179.79913816040687
49460,160.26025040517368
49461,175.0572724244526
49462,411.4926321798158
49463,270.8367636569056
49464,347.80703459512046
49465,230.8753215247913
49466,263.91013278287136
49467,331.0062863860962
49468,131.31929088345652
49469,276.53169176794955
49470,118.88905321057334
49471,202.3531534288285
49472,134.71332379318787
49473,327.70382089464647
49474,125.93502611535615
49475,264.16051705151807
49476,211.0732992956114
49477,142.55100030321262
49478,183.449754815409
49479,389.42354931561636
49480,181.7523133377276
49481,253.39922447148973
49482,290.12834128321987
49483,140.68458924190335
49484,212.42981071805764
49485,285.9321756450282
49486,149.8631397346684
49487,140.71228463472656
49488,309.41737611603554
49489,404.0027271648336
49490,167.69657681000194
49491,233.2786311337917
49492,175.87528418955955
49493,188.64788893171539
49494,270.1591625182126
49495,309.5216852128278
49496,176.77902615377016
49497,122.88977479117946
49498,380.7061102950065
49499,182.93247213995102
49500,220.44512759024667
49501,215.92967748679914
49502,173.78662448772675
49503,221.2539089325258
49504,275.0158856585207
49505,112.82843916107026
49506,494.8174887063343
49507,189.52065322470912
49508,239.44189912658533
49509,190.93924106708798
49510,699.2085655107124
49511,251.79165092958834
49512,318.9253921095428
49513,425.0509084567206
49514,377.9517326605665
49515,172.35893572281068
49516,378.98869290508094
49517,138.00025575468976
49518,114.5224801460655
49519,381.5525595043673
49520,121.29773169060512
49521,245.46285619482137
49522,182.44733620144154
49523,123.2938243138075
49524,114.02585080135451
49525,334.49190052091615
49526,137.82849279211345
49527,96.11321161987662
49528,476.385871208896
49529,320.060501666
49530,200.84907285155015
49531,135.1082594740817
49532,161.06347709095766
49533,350.52238217537155
49534,229.70750026754106
49535,375.93717573330986
49536,192.56160660949564
49537,328.7140923237205
49538,545.0911087335571
49539,346.61828795427465
49540,124.57805637216438
49541,310.5580013509334
49542,196.08085010395493
49543,490.11339679319366
49544,188.85150414869034
49545,138.73659427504626
49546,202.12450767530441
49547,569.0740558765217
49548,338.1929590168524
49549,144.29117274470894
49550,804.7865127152538
49551,731.3850376080633
49552,340.68303497626385
49553,116.21112250441854
49554,249.24804216624733
49555,386.34692616801766
49556,231.1802730150228
49557,148.1753714277155
49558,1049.4151999361106
49559,141.35515985069836
49560,226.9941419166544
49561,254.56728526127648
49562,220.0394027927666
49563,180.6086181321125
49564,653.3702117868969
49565,250.58126527056157
49566,238.05545433524077
49567,151.23810874649826
49568,164.50273232387798
49569,217.03684051386142
49570,173.26415402189608
49571,176.9015337987887
49572,115.76311170456736
49573,197.29202081511588
49574,802.388760753325
49575,145.7063768282807
49576,311.3493408861398
49577,262.8249295618107
49578,124.97643555486819
49579,210.68736070290845
49580,143.3802933521688
49581,168.270285092498
49582,138.2430064173376
49583,890.7193779265192
49584,161.22883038470303
49585,75.11900463014908
49586,155.16173576325372
49587,134.44666589357303
49588,196.65060878018744
49589,133.90591781671975
49590,943.5903721920284
49591,351.9997137275406
49592,182.654396664984
49593,117.8240100273386
49594,767.0937542318234
49595,195.3569315223121
49596,202.76113045382544
49597,126.29894500816528
49598,257.5726380314113
49599,229.9865644617572
49600,134.1219820796954
49601,781.6406077107513
49602,275.1927253649085
49603,139.44422971990485
49604,335.5388251108427
49605,269.5133924051288
49606,222.79289851638643
49607,130.63055542200573
49608,158.96290767783915
49609,243.55943282668082
49610,325.37288362935766
49611,155.01909251240616
49612,170.06921031632973
49613,211.67563645947274
49614,141.6798707561105
49615,209.14351827287962
49616,143.03737783275673
49617,261.32515458208127
49618,113.88330478539147
49619,1367.8750673337381
49620,350.3797162757729
49621,251.10276931587416
49622,433.785281735667
49623,195.02633505237063
49624,508.8615640053114
49625,194.89325307487914
49626,375.47052778123077
49627,159.59076207993158
49628,214.08713600480215
49629,366.9759419238248
49630,150.91266631077275
49631,151.94142845857527
49632,103.13964159604647
49633,209.96677655940712
49634,360.42342874295247
49635,441.5098156066454
49636,299.67292388093483
49637,124.87479993399995
49638,148.29312288973045
49639,228.08368054477998
49640,284.0823740506892
49641,170.4317496482233
49642,155.7074803666032
49643,202.35781383567482
49644,244.60507727189378
49645,142.76958783789888
49646,360.42460338883086
49647,161.50753871692405
49648,188.15084394963114
49649,385.67056699961347
49650,210.63470339184704
49651,129.99197672413527
49652,252.1544102154261
49653,263.31477241215237
49654,133.27568544992272
49655,254.8933927320213
49656,244.95750290455794
49657,418.690029600171
49658,182.79419897607576
49659,85.29888108592907
49660,720.2968159192845
49661,231.95536407319804
49662,136.77493649239
49663,191.93753774328388
49664,373.2476520064415
49665,258.1485778991495
49666,345.1072769065403
49667,224.08844959510813
49668,155.9611853125076
49669,293.740221472266
49670,198.96756218841392
49671,404.06775529192856
49672,134.50312768762268
49673,203.8110360493288
49674,259.5612549267337
49675,141.82932033872578
49676,173.4629196897537
49677,277.52759913666426
49678,142.89024379643757
49679,180.08975246923043
49680,227.98173787144717
49681,246.2822667141882
49682,192.80321087133902
49683,446.2397738550634
49684,228.13200913484542
49685,319.67544208108507
49686,259.1912537755793
49687,202.46058983591507
49688,355.3525771438579
49689,258.09133782799995
49690,131.90630783533842
49691,125.75040931855924
49692,251.01594763799378
49693,431.4860207110689
49694,377.7841606764543
49695,189.7565661910309
49696,198.52214727091769
49697,130.54427163145152
49698,163.93462098220908
49699,669.5443731545232
49700,301.214454512125
49701,238.93633661000237
49702,398.10283293556773
49703,202.03714945732094
49704,373.52274765612685
49705,177.4239089485184
49706,312.1450253954687
49707,226.74702483647758
49708,189.47760738284637
49709,501.0264784936326
49710,386.1811446074645
49711,269.5278010865962
49712,176.04123501151722
49713,223.00195969699246
49714,234.02544630249702
49715,120.2189862399715
49716,114.78630786471042
49717,246.61585973091024
49718,151.57537882897526
49719,221.35998487227647
49720,322.4512014291672
49721,301.655211535561
49722,225.26958119821734
49723,324.33954786830606
49724,170.96241012369188
49725,181.202337567495
49726,190.17784005243433
49727,502.05262251780186
49728,373.0113139460476
49729,416.4144497892161
49730,237.09659839352793
49731,294.5419552689267
49732,603.3661783751328
49733,204.96544667064472
49734,630.5127726349609
49735,128.7754417130917
49736,176.10506059325692
49737,142.81794577106052
49738,162.01474296559778
49739,220.71652252168872
49740,454.61561027339985
49741,614.936911539134
49742,108.92743465828347
49743,192.45245619677672
49744,484.6367875315617
49745,99.92393729622852
49746,344.3430409106151
49747,205.25356915619227
49748,124.10549591776663
49749,155.0084770585331
49750,181.9583090691787
49751,370.9266495625348
49752,157.51794159363018
49753,367.77556881561196
49754,203.24136717771154
49755,631.8932754420811
49756,166.7840360306259
49757,405.49020183804816
49758,108.77016875384308
49759,214.0965368876619
49760,309.7708955248633
49761,401.4984742770786
49762,154.81057514080547
49763,157.590164967811
49764,205.39797028485665
49765,318.4015683933022
49766,174.25430167527892
49767,250.73080924257118
49768,206.5454417850129
49769,235.70080725135983
49770,114.52719244739122
49771,215.90610058780587
49772,246.30641060912237
49773,269.5615983738132
49774,129.51973196457084
49775,117.15760231049072
49776,403.4670738582554
49777,217.5242412271625
49778,124.72116350216075
49779,162.44973026949515
49780,189.4343044522292
49781,242.16594994715155
49782,512.687351825557
49783,255.37229703950942
49784,180.62702539500972
49785,457.0430110349714
49786,458.16993476773604
49787,149.94064409615538
49788,278.1412611640776
49789,372.5422819391555
49790,177.4895964081268
49791,149.9568284194525
49792,208.9493520457876
49793,164.49531779909404
49794,185.82500963018194
49795,185.02152577455948
49796,132.3379768064396
49797,120.11895924767903
49798,135.40692071009065
49799,120.1406103438275
49800,210.8273194066723
49801,198.50004537113807
49802,185.88658422296052
49803,127.09280649257468
49804,274.42720783436346
49805,623.2596730752572
49806,554.571756287224
49807,192.13276737508187
49808,199.4197713036704
49809,117.88806322591512
49810,237.34778322168972
49811,225.9702446512648
49812,179.9817624116472
49813,205.1898023844471
49814,206.73964380957435
49815,217.87984196077335
49816,223.99400970010632
49817,186.00565151291025
49818,204.08162477468372
49819,349.01539202823506
49820,146.74201043806409
49821,163.18982225354455
49822,123.11047797919136
49823,138.44340382979107
49824,145.17747499662818
49825,101.1952486917421
49826,168.7562166072679
49827,616.1937135509696
49828,315.51545875870016
49829,177.55134124769702
49830,198.15640610955563
49831,166.73712142871838
49832,106.99535679278395
49833,396.868817570974
49834,337.6850417192449
49835,192.24665727968218
49836,156.32321143137992
49837,197.033932283144
49838,316.71509880809964
49839,165.5859479733538
49840,293.46159680665784
49841,159.0105059166155
49842,222.13874730693328
49843,242.84836209242883
49844,329.4753456900576
49845,276.1096344736159
49846,151.28506982500042
49847,118.25003378291706
49848,460.524117678594
49849,189.89480188040906
49850,206.13039536438035
49851,131.0837092058357
49852,418.87818649720066
49853,187.25205873269124
49854,220.2519168442142
49855,734.5427736121042
49856,109.62646183603474
49857,516.9528229208429
49858,646.0572043266432
49859,761.7351267785834
49860,227.5822033499827
49861,99.34276419124255
49862,172.14406802617907
49863,145.1010880546238
49864,172.05016486973014
49865,139.65182459363882
49866,131.1839839568521
49867,234.78672891841202
49868,1174.6126600353414
49869,288.1449329100328
49870,189.32394987874335
49871,187.94359656138582
49872,195.1615852849483
49873,152.6071918186152
49874,344.9743361754797
49875,160.94664472675655
49876,253.26534930189692
49877,443.6303757203884
49878,298.2471980932984
49879,251.1640349973554
49880,147.7736085654083
49881,599.9492240624741
49882,133.3388460580257
49883,226.26305002119508
49884,89.01115636430185
49885,233.9490275416125
49886,200.85484172578904
49887,570.739861355552
49888,156.94495244095594
49889,266.30998471911937
49890,192.48866222294384
49891,429.02122752912067
49892,381.8672737100462
49893,218.3906144070399
49894,238.54743843699256
49895,159.22615350042935
49896,176.63969397987472
49897,530.6584711252891
49898,162.4784695340528
49899,259.0439876537409
49900,434.6119860780234
49901,392.4825871934037
49902,378.3159874353454
49903,115.57137280845126
49904,224.06086106048218
49905,195.13410896447175
49906,330.3687718668892
49907,101.86234207486203
49908,217.86357785702054
49909,174.82912539087252
49910,96.46303804058564
49911,315.35731406920615
49912,159.17968155805312
49913,163.7197720525416
49914,171.1248722487413
49915,528.8818481895335
49916,231.14870006081557
49917,185.89231703061256
49918,165.31702145684812
49919,262.663064456995
49920,270.69874496463984
49921,282.1700656770712
49922,83.91422867940895
49923,223.2736802797178
49924,221.67218680050547
49925,131.0130905325969
49926,245.33044856796025
49927,180.25469266692363
49928,259.2320344034106
49929,200.27495730667908
49930,178.546304868918
49931,145.6138238522302
49932,193.42134564405876
49933,308.9957871638111
49934,386.3404128705572
49935,215.23704726862533
49936,101.50662798212055
49937,495.4446789837387
49938,165.62746612515937
49939,161.06805209402728
49940,336.798770983174
49941,258.71517667186697
49942,259.381801049788
49943,155.95117546852293
49944,127.61357490007542
49945,308.8088272508907
49946,301.9584879989599
49947,166.04785822162452
49948,264.6273084882277
49949,228.21209209893283
49950,192.64411969387393
49951,167.55225383733685
49952,464.6340159756292
49953,281.50820800023035
49954,288.8215632304675
49955,350.68118145484505
49956,232.61762547939654
49957,252.37952769644704
49958,359.3186551406029
49959,220.25385172633642
49960,652.3002676017576
49961,139.95250077690943
49962,127.3471184744909
49963,114.15467351258505
49964,98.95113914768152
49965,211.65248151834427
49966,141.11627034894477
49967,2233.1029543031714
49968,171.15547719238515
49969,145.44697504136923
49970,144.08876837996647
49971,261.01331691539247
49972,224.9046444198247
49973,260.49684554826376
49974,365.67577678032274
49975,288.6737763119355
49976,171.22291320361228
49977,106.80016597434094
49978,227.14314426531737
49979,195.86442383610958
49980,143.44269388325867
49981,229.52551552767662
49982,159.59506124151727
49983,146.0874515644503
49984,172.84840469424154
49985,429.67533351589776
49986,77.003069070237
49987,161.7609248205228
49988,122.66171807600495
49989,296.5214351469358
49990,285.725514681201
49991,106.0260738380322
49992,284.7450021192246
49993,118.21443580716026
49994,432.9306978110557
49995,188.6003466127174
49996,374.2505714323142
49997,249.52565466268294
49998,93.32961763507063
49999,385.03873018962224
50000,352.4603544539998
50001,124.47450182755439
50002,186.47683778267682
50003,181.26243414040403
50004,163.46768602158716
50005,112.24286301799785
50006,298.1888787284963
50007,224.56912585160734
50008,441.91349525540534
50009,249.07301635375364
50010,222.37812431104751
50011,209.8592235299957
50012,250.9471802535254
50013,156.426322333234
50014,156.4647197462843
50015,111.10115910246856
50016,119.65703281150303
50017,415.89237409248335
50018,342.68603228168365
50019,254.60379710860238
50020,200.07555961210724
50021,250.90222682168516
50022,205.28094316996336
50023,485.7016609126727
50024,177.43145353485272
50025,339.15957792344267
50026,220.49419133887864
50027,442.4546051275502
50028,252.83225078986968
50029,188.80512397931813
50030,456.8187294852972
50031,196.2958778981352
50032,186.96679563886227
50033,135.43571347435073
50034,141.74880363029658
50035,307.67046069319366
50036,177.8898748792172
50037,455.96543975411066
50038,220.3193142643986
50039,180.54559252524743
50040,247.29757856505663
50041,99.11067304508407
50042,196.09919316150558
50043,151.65125352955477
50044,184.89231084948008
50045,211.79494421002727
50046,164.506086950968
50047,282.10935672277606
50048,280.667529496444
50049,165.2164268948877
50050,184.18850935335277
50051,149.49863463185818
50052,172.6390555336429
50053,265.12900941571445
50054,689.3420406268947
50055,272.9479775468384
50056,387.01579375663107
50057,206.62367480053067
50058,261.8339710622282
50059,135.31682054153833
50060,216.71390556734573
50061,148.64347615871506
50062,122.30803180124434
50063,399.4116574676887
50064,1428.7745151461431
50065,346.30436077921615
50066,152.89928261938536
50067,417.3067515480533
50068,154.52911580482578
50069,184.92401702894398
50070,218.79228449755846
50071,188.71515355001748
50072,194.02848024956776
50073,188.4487821219947
50074,95.77527885622628
50075,174.30842448930588
50076,377.6909087842269
50077,217.39965938828962
50078,465.7034383791686
50079,175.22392199101128
50080,131.39177183496534
50081,169.74453627367663
50082,355.3896610629346
50083,170.2778999548065
50084,258.4853364354106
50085,311.9098425612457
50086,135.34602285203385
50087,163.69656529379074
50088,420.5232378027191
50089,117.3861100011137
50090,344.70294146739207
50091,145.7682616996543
50092,278.21480934698593
50093,107.92686763054984
50094,221.41954756584659
50095,233.3613777716842
50096,240.34648584798867
50097,274.79510182403163
50098,175.46101940244566
50099,94.65866258028136
50100,142.21558851062392
50101,218.73432613320017
50102,407.6584587686253
50103,233.5517667196446
50104,266.5747367553041
50105,503.29868507065953
50106,278.9519491148812
50107,360.3302752786495
50108,123.64242041202536
50109,322.14716346356505
50110,234.35828003112084
50111,390.2256737063723
50112,540.1328047680519
50113,161.62607398477402
50114,322.7729536458677
50115,323.87873598855606
50116,615.8630729462751
50117,188.88921311569854
50118,151.85690479083033
50119,274.4617373038906
50120,500.8868103948133
50121,466.7380682694029
50122,671.794481509643
50123,568.4614263903406
50124,159.7920595656079
50125,167.14215705809903
50126,401.2867795114889
50127,192.52519285513438
50128,387.02782585499034
50129,354.1403374213694
50130,141.38681138410627
50131,203.74993962275846
50132,220.33005036219544
50133,216.5221233847128
50134,317.96402894197905
50135,467.9128010418243
50136,801.4265695575017
50137,248.34690178170223
50138,90.88329052196018
50139,307.9845631871333
50140,236.18847408542337
50141,356.47009537191576
50142,167.995762908189
50143,255.499000749257
50144,158.62707220093492
50145,390.1923807063694
50146,413.6172350900558
50147,167.74752467516936
50148,129.7135478957762
50149,198.3989621465121
50150,145.71540907343515
50151,299.5291469560095
50152,366.531375290474
50153,282.426587988281
50154,242.05010585174765
50155,258.47377548221476
50156,244.0586546792081
50157,335.8803663581091
50158,608.057217225747
50159,285.5935302267476
50160,834.7418526360675
50161,153.03633676083967
50162,203.818910789914
50163,192.41933254771493
50164,144.12091934466062
50165,290.7730251051975
50166,166.11984106242795
50167,233.45208344516618
50168,208.36343511439003
50169,280.8652830791486
50170,133.10026705105616
50171,330.58779794024326
50172,255.63173351408352
50173,300.3614734273999
50174,142.14105033251795
50175,336.26574008058725
50176,386.1739898703851
50177,158.38811661192022
50178,198.41535513951027
50179,274.8774166213748
50180,186.6771020233347
50181,426.51661257103376
50182,183.8676028727802
50183,512.5273658136111
50184,170.83168104293614
50185,259.04893617018945
50186,120.41855515697753
50187,280.7328624989167
50188,203.24872974853525
50189,152.86920911113174
50190,203.28311181162815
50191,189.45252431333955
50192,261.31966971483587
50193,241.29642988489928
50194,309.8354778266224
50195,292.5434469277907
50196,271.8451651745656
50197,198.3476894207001
50198,642.4599402553038
50199,144.53726240597408
50200,279.10400882513375
50201,264.4233469133342
50202,826.5056009900203
50203,146.4804730024083
50204,130.50595271015226
50205,141.2681121875482
50206,925.5180162517947
50207,249.575006981297
50208,364.53128378775887
50209,279.20313086947584
50210,167.01137725908782
50211,365.03400172087106
50212,189.14992234318237
50213,427.3430755118987
50214,231.98393063628004
50215,203.72985005731258
50216,187.9384413110243
50217,128.11683793807578
50218,153.29378793706792
50219,173.93382277000524
50220,96.18457598572778
50221,291.27596581307466
50222,181.2142433911732
50223,148.15786485886161
50224,437.96156638877534
50225,187.2772745735299
50226,232.9046448131179
50227,238.07205749989828
50228,408.87170222798363
50229,239.24864409460787
50230,338.2526337917749
50231,677.5832240212947
50232,502.8794713774284
50233,203.8387713623074
50234,150.24249289916997
50235,184.12326685247245
50236,172.16945612315996
50237,119.86073136819624
50238,244.70746884125688
50239,387.86114399951776
50240,239.19250568039567
50241,96.6326671202887
50242,444.20940194049734
50243,659.8151833599776
50244,511.3072003053168
50245,176.68477845733682
50246,210.6878992217229
50247,229.1756820678454
50248,236.35759005768827
50249,268.28107772751946
50250,404.56445812492245
50251,502.2942565945863
50252,345.6935640974144
50253,210.44131469150693
50254,347.8931571567554
50255,219.00380676391995
50256,139.5934367930138
50257,161.01725838403848
50258,366.18669510874975
50259,271.8067322091739
50260,252.7662800340832
50261,260.9007817523576
50262,129.02819667686282
50263,221.07120235828006
50264,150.35256375146835
50265,150.97845625485903
50266,298.0840547686844
50267,199.64004639105966
50268,166.89878324085916
50269,234.37056787327987
50270,142.73032114521942
50271,354.8698023254394
50272,232.46076790749981
50273,203.88134583340013
50274,281.71668103308684
50275,176.00665586168057
50276,229.56352623599244
50277,343.0047737346058
50278,173.94886787914567
50279,334.25488509297975
50280,224.08170951477877
50281,140.1490363638901
50282,173.7930537690104
50283,246.61698903905557
50284,308.9017916130007
50285,298.07615471583915
50286,501.1686625795528
50287,126.64396576033845
50288,327.4256803033471
50289,134.54590837934924
50290,207.6925147637368
50291,189.2446950022919
50292,141.81450407562951
50293,198.72099067505854
50294,358.3853836911039
50295,364.1355598602732
50296,217.96989426209527
50297,130.36960011490572
50298,205.80169861401683
50299,141.45627955685768
50300,229.4486941797919
50301,308.9186204063732
50302,394.03909213453295
50303,161.4894152103225
50304,296.731580998588
50305,147.779591289702
50306,422.68678493290906
50307,211.15363180754844
50308,141.73884765595923
50309,100.14913671942654
50310,203.79893205902687
50311,314.6943854847256
50312,194.4464752928013
50313,107.70598528230303
50314,212.34303839182405
50315,165.42633862362146
50316,168.5780965868591
50317,106.09640589475035
50318,189.8888218290848
50319,422.7552973703452
50320,171.0969508463214
50321,122.72000465403497
50322,214.162450532998
50323,265.1844278858912
50324,320.8275254583625
50325,714.9017445325362
50326,256.70576518569516
50327,208.89834348971345
50328,225.99540017433623
50329,218.22612580793478
50330,232.5693300635004
50331,192.81147218583678
50332,397.2815545281892
50333,175.49665702025885
50334,921.7343175757177
50335,555.1689197656731
50336,381.52384222133855
50337,274.1279462919256
50338,142.0577265405176
50339,348.041549533554
50340,105.63644240198366
50341,841.0876091741611
50342,266.7841149920165
50343,186.34231634332164
50344,201.14174417345419
50345,276.1541896872407
50346,589.2874197101467
50347,272.13041514029044
50348,193.7378363412698
50349,175.3591843954935
50350,132.3142007881978
50351,136.25011171815376
50352,770.7998402269712
50353,249.89143277001796
50354,614.7144414525459
50355,181.04321937219888
50356,536.8748937113211
50357,135.13460715817044
50358,156.89007232677082
50359,173.5908825528418
50360,929.0649876716652
50361,221.8662509089802
50362,125.96766314126482
50363,248.8720304532315
50364,789.8591174343811
50365,242.21056310879447
50366,237.12160929478338
50367,135.37394790257076
50368,141.37628241284202
50369,300.0614057073104
50370,193.0774488109964
50371,261.57159505629886
50372,154.515705354217
50373,309.7220383579084
50374,195.95008001156157
50375,258.76215206524216
50376,188.9313946623948
50377,125.5376396643149
50378,300.5466156103631
50379,121.07816644272171
50380,178.20542294233687
50381,153.08093135688145
50382,161.97397056394604
50383,683.9540847735681
50384,173.72802282638673
50385,162.44765428122926
50386,237.87877967281048
50387,229.54161690813226
50388,258.1062981771699
50389,183.38971751460872
50390,242.35892470267225
50391,315.1161971846136
50392,126.22375389783669
50393,315.61273014023493
50394,110.08277401488668
50395,352.309845512367
50396,483.5525313892389
50397,191.584055463136
50398,593.2903286048221
50399,420.4759997489315
50400,430.7644033726526
50401,149.03056606880884
50402,181.02532827526557
50403,366.0638366346167
50404,129.85685660271156
50405,183.7222963755372
50406,130.40183068032013
50407,307.37425467080243
50408,190.74529084374538
50409,149.89389944843361
50410,255.46500676572055
50411,152.64081128661715
50412,232.02615313991043
50413,750.9873772654527
50414,1156.3166539774593
50415,143.56050429132657
50416,205.44881598934995
50417,172.29837067849067
50418,170.8266833058749
50419,157.0972423245657
50420,223.1607183947831
50421,153.23273094734733
50422,467.6178360912533
50423,117.03925205189893
50424,169.38251944245388
50425,141.9836843553819
50426,248.43261139367436
50427,227.22960356829086
50428,327.02487512272717
50429,400.64194902698364
50430,400.66186746241453
50431,256.29982236708645
50432,350.92257506401654
50433,203.1696345561258
50434,254.59937106044603
50435,115.9701746111113
50436,242.20509393310485
50437,298.3671100105871
50438,564.7953808554556
50439,228.81328243415587
50440,221.044703993581
50441,296.7392652543807
50442,432.08629439749154
50443,287.0563900015941
50444,424.7177620726746
50445,139.8133459560637
50446,512.9463315940661
50447,195.2776213308263
50448,271.8280086391516
50449,168.43983274262945
50450,373.4995968121468
50451,139.55574602853534
50452,184.12053685417192
50453,272.7134699393061
50454,176.46828953736906
50455,602.1544985752705
50456,269.23847976118856
50457,187.17015836324234
50458,285.8528020917746
50459,220.9133461036828
50460,140.88394055781984
50461,175.48356141275215
50462,305.77497400169517
50463,191.0140311716993
50464,151.15501817613364
50465,1151.8116389796278
50466,266.6069555563442
50467,573.3818698937409
50468,188.1323442799575
50469,268.3188533628442
50470,122.1447223598797
50471,219.72773612269276
50472,179.98170725245677
50473,446.90935778172593
50474,246.77875610349162
50475,165.9199123420524
50476,235.77793763588247
50477,232.22406842847465
50478,240.7535224639771
50479,371.76660119815944
50480,192.75000364617568
50481,268.82908744590225
50482,177.69758838727108
50483,116.81025833863123
50484,251.65915177855743
50485,579.8084854551452
50486,117.37139088547181
50487,228.81293275334372
50488,160.01315429424483
50489,423.6381173437549
50490,229.69187902991453
50491,149.92899332128917
50492,164.6415387534901
50493,141.94234128899527
50494,136.94204380613692
50495,158.5916124944897
50496,185.74666308325376
50497,157.19816967809402
50498,135.39878925105344
50499,150.15340080190913
50500,396.79785513465237
50501,169.05476385709977
50502,194.12680002254712
50503,269.6038724407959
50504,298.2846760415439
50505,198.3516097619161
50506,209.32673190615344
50507,140.03731903482867
50508,365.77991958937906
50509,159.50001713709605
50510,386.6466211120352
50511,279.7996394934579
50512,112.12774231812669
50513,324.6943829576468
50514,250.65243212181082
50515,184.267237239162
50516,503.86397783512194
50517,299.54746870467136
50518,152.1150524867921
50519,254.05664111367435
50520,354.57478780252023
50521,256.2214785792512
50522,253.82897164878221
50523,223.53976498838105
50524,283.9764203941882
50525,340.0411466731096
50526,435.4602654278876
50527,166.54785024747713
50528,389.64885892489673
50529,456.69939621890967
50530,269.9367774495258
50531,125.46296138560635
50532,227.9323942805887
50533,142.31922476378585
50534,670.8300352167353
50535,195.9292662982076
50536,352.1316989617786
50537,199.3576578897307
50538,270.21397638588394
50539,217.81789965886688
50540,222.92493056604695
50541,235.009396655106
50542,255.4092716982127
50543,748.9088768579915
50544,307.8774971009181
50545,215.3474267684095
50546,149.84012280727973
50547,302.2095047367345
50548,199.70685745600053
50549,162.80340653500627
50550,143.9789962565055
50551,220.77099118461524
50552,150.99890665666325
50553,128.1558265466192
50554,205.21971469068438
50555,329.57036903781386
50556,252.23873369972802
50557,116.12015522985165
50558,149.35766786747885
50559,166.83503113438172
50560,214.2813790356298
50561,253.11999629184788
50562,219.49300633084232
50563,411.2650818586628
50564,212.43574379594733
50565,278.02031390216615
50566,311.4546009768925
50567,935.9319034321354
50568,104.79143469340158
50569,341.12089174740794
50570,838.47754745722
50571,142.6157736621298
50572,164.69900233849552
50573,556.591695250565
50574,416.23258961355504
50575,307.6851497757465
50576,1048.4928806141625
50577,382.80079553944665
50578,461.02428025484625
50579,191.05845833800433
50580,344.1010294239174
50581,210.7758570539474
50582,345.76728741967804
50583,125.4068429038609
50584,267.31581851995196
50585,334.0962109427091
50586,240.14424900521644
50587,696.0729127197985
50588,377.5961134577437
50589,202.9928057754347
50590,387.5227877092076
50591,265.4359604616486
50592,146.36371486945745
50593,283.62623452398714
50594,228.03575161947873
50595,216.29099361703447
50596,422.49601397997515
50597,239.03269594433948
50598,163.3958106599476
50599,221.41210729197797
50600,234.97088433733123
50601,214.17515420123323
50602,168.63880955853412
50603,265.5262099423086
50604,196.67385100513528
50605,198.5127361328122
50606,203.65398495948497
50607,199.15844698519874
50608,323.8577256009292
50609,232.4813788429448
50610,731.9756459765214
50611,211.51618359864665
50612,194.9508861541319
50613,356.84817271741656
50614,175.4285370929429
50615,119.4151455008834
50616,211.06899349481898
50617,250.84878410850328
50618,90.28773779891385
50619,240.2224361344883
50620,240.6383565791396
50621,115.91985682579923
50622,352.79004542734685
50623,139.7646595097726
50624,416.81461467206896
50625,156.35473072444861
50626,220.657949744745
50627,190.66976625557626
50628,242.89598252034318
50629,297.9770666424408
50630,204.5891563447049
50631,169.35000625082634
50632,284.6653968191205
50633,194.10994906064556
50634,128.97308482106413
50635,141.1240178255943
50636,179.4172995239845
50637,204.29762816657137
50638,178.83202323667751
50639,251.8641144050394
50640,231.4124115333034
50641,352.5650701658485
50642,549.9125763491262
50643,192.29776817724945
50644,203.0838487557381
50645,297.0939820167822
50646,104.47349750311776
50647,189.45454166460385
50648,233.02892241428606
50649,172.72063248912295
50650,211.80904926714524
50651,237.5277811093827
50652,161.82778337606925
50653,253.02218951953918
50654,664.0173560125673
50655,358.88825451796185
50656,242.19680925795166
50657,150.35256375146835
50658,253.94430989850247
50659,166.6152681956632
50660,343.50706467666464
50661,198.5827967798353
50662,125.81448968571584
50663,145.02069758025073
50664,293.16764083631824
50665,237.9399660031134
50666,280.55725753312356
50667,220.72764140044268
50668,234.96873572859926
50669,326.2419334656756
50670,394.7848307307569
50671,467.7165609744659
50672,209.9574919671546
50673,144.41148516327542
50674,139.97316025358535
50675,261.90504837244634
50676,320.80769518337274
50677,130.72625464922032
50678,156.00472020696697
50679,244.16774394945946
50680,184.44649277647702
50681,406.286742891627
50682,590.5230882856259
50683,579.0293164344961
50684,174.05216381606215
50685,190.14800153492519
50686,146.11555001871892
50687,272.0786700493502
50688,181.81628072079891
50689,574.9324240045372
50690,642.7938420155565
50691,189.9612933182888
50692,480.8258869592166
50693,334.92545031276705
50694,400.27887775427786
50695,141.8223339343067
50696,146.24171552840951
50697,192.53681927750057
50698,634.5428590422384
50699,203.30987842542405
50700,173.0614145226224
50701,507.04412033431663
50702,295.79121520549563
50703,467.1372932869579
50704,244.50497199707095
50705,280.19839043747686
50706,267.39124949794115
50707,87.6531409420482
50708,164.38385951857651
50709,201.38880826751648
50710,155.88062964721675
50711,183.60512054673163
50712,111.46419415358058
50713,131.8970120661635
50714,543.007573772975
50715,193.21607511514262
50716,227.7173169396557
50717,116.87107775983901
50718,131.74288253053842
50719,952.1347042524601
50720,250.16365176133678
50721,344.05773665978313
50722,492.8467525604219
50723,224.19982545800522
50724,177.95648455071534
50725,535.2719293880126
50726,550.7079468440776
50727,318.0608769700698
50728,132.24243467554072
50729,178.61030687322432
50730,105.02299474361995
50731,387.752560635869
50732,470.05550061634204
50733,198.73173095542413
50734,667.9827143767374
50735,230.57095351485634
50736,188.65931476900712
50737,112.40347868362105
50738,159.46362457399476
50739,154.74810664302248
50740,123.34008897354194
50741,282.9553308469735
50742,212.7303575026953
50743,141.44605508661834
50744,148.45688705678413
50745,128.59774843618104
50746,201.90339981780946
50747,314.23597008105924
50748,158.44357704061204
50749,322.12175777183154
50750,216.14514982155367
50751,136.24845067824594
50752,319.9722688698961
50753,290.4546341276061
50754,303.7078109792228
50755,128.84289044206804
50756,201.2143848447343
50757,575.7371223699647
50758,99.87018500193858
50759,235.12284834074555
50760,397.9807813376513
50761,400.7377031183931
50762,154.22599455255508
50763,152.58858401184838
50764,120.32225023160515
50765,197.36353315089048
50766,233.5194899410884
50767,181.968728562834
50768,223.12057529208897
50769,191.878497499101
50770,370.44531438494926
50771,140.54619439022812
50772,115.32888920543556
50773,140.56774259078114
50774,152.76179026568562
50775,161.39983245252068
50776,239.35903213260508
50777,431.38673209280273
50778,198.34294534883483
50779,141.3006255410671
50780,221.94377049754883
50781,160.3715302009771
50782,125.66025898789893
50783,112.60655818282288
50784,889.0144475919147
50785,205.68744636633954
50786,259.2301652608004
50787,359.58699318511157
50788,575.8821673191698
50789,111.33445116220184
50790,245.46398720947292
50791,378.791665753969
50792,379.61728333787016
50793,135.66542377430855
50794,261.26721423242515
50795,118.06076825839044
50796,124.97279722862487
50797,138.98522334675195
50798,372.2322554292601
50799,276.8609225753155
50800,645.8366629123685
50801,597.2383661944714
50802,385.87803344458223
50803,385.3896465943784
50804,314.41417350626057
50805,365.6531534666921
50806,236.79371623868286
50807,190.4940071366351
50808,455.7949638980648
50809,206.89110956567117
50810,272.2004425323225
50811,400.84891585772993
50812,281.9921319803704
50813,215.457846220753
50814,900.9247310958136
50815,424.5329366551712
50816,239.40149992337763
50817,184.11047996949003
50818,168.745906455957
50819,190.14741396750048
50820,145.28238539834965
50821,305.00621947584324
50822,285.242399619306
50823,166.1482121507768
50824,791.9701565598523
50825,155.66867720680023
50826,182.53769867962626
50827,260.88146616346614
50828,337.7717419240407
50829,244.29446396211887
50830,283.74068759777566
50831,220.10978116847568
50832,147.255406286354
50833,192.26142645046022
50834,172.98454837978963
50835,306.1310281700432
50836,344.2646812423282
50837,152.95263891538008
50838,338.5455125493277
50839,337.2047898217525
50840,917.9330669039164
50841,138.27304546352397
50842,179.57680109900926
50843,237.4141811038487
50844,360.9880181516976
50845,903.3100143315206
50846,507.4421085028072
50847,270.9706151913291
50848,207.50906305392115
50849,206.2727566368604
50850,158.1751896222629
50851,199.74191184420405
50852,127.3433503746548
50853,131.9553209407157
50854,640.758074440935
50855,172.20980726726145
50856,146.2228736017464
50857,249.34202616549823
50858,247.89580029238732
50859,612.7096255391417
50860,161.63550626263225
50861,245.63227297867226
50862,196.47703583490613
50863,211.69348314273032
50864,220.2437212506877
50865,503.2265011632416
50866,150.96018906715958
50867,234.35933541630072
50868,663.7703423431675
50869,233.0709975426381
50870,196.29052633929152
50871,357.904660504111
50872,287.2852150429718
50873,269.2875525994706
50874,415.61444309281666
50875,142.116725130707
50876,167.60140802300572
50877,140.27436697418563
50878,139.31344296853945
50879,151.7418022628919
50880,411.7240755725006
50881,153.44360793818961
50882,1300.077249350018
50883,248.66831290797893
50884,137.32932642524895
50885,195.7027014126476
50886,262.42477080197216
50887,154.19096494554884
50888,161.19244278740112
50889,532.7901131921546
50890,333.3034107714939
50891,444.49193833797204
50892,236.74392993498523
50893,396.0482100815226
50894,356.8398078923487
50895,312.46297437809574
50896,245.35514378430005
50897,380.03267101800975
50898,219.55622431191225
50899,326.3463062325606
50900,128.67695452869188
50901,1316.9382550004802
50902,234.31433254443593
50903,283.04810820681485
50904,260.4092341035319
50905,271.3877974313414
50906,248.57243655326684
50907,265.90247299035417
50908,280.1140123772468
50909,199.13915670933616
50910,355.5020459088053
50911,862.4520972301785
50912,178.90803188502946
50913,258.29863421220364
50914,105.28205449130809
50915,212.96252596366014
50916,185.12716794980673
50917,731.6976999725302
50918,158.65731352747417
50919,133.36367837671287
50920,276.97250477425484
50921,96.82427145703343
50922,289.80528147440464
50923,171.03421328076428
50924,138.07423222424052
50925,106.07257310005353
50926,177.91558499640848
50927,74.63085265415268
50928,112.22999134487452
50929,187.46727786499258
50930,364.7460274883608
50931,245.41112662363366
50932,301.95708818052213
50933,324.76029415620656
50934,328.32475634427675
50935,292.1643410699904
50936,179.06677860279376
50937,189.71467314912377
50938,495.57641981484346
50939,236.9852293043083
50940,160.5654609828267
50941,505.558194431104
50942,157.75531809024204
50943,472.2640238426401
50944,267.17842327592746
50945,160.51433248801672
50946,254.26145927635326
50947,228.31444892716746
50948,270.0229056460518
50949,190.5601525119709
50950,272.0676226094805
50951,207.17476396563342
50952,385.0811496749981
50953,270.20470750142493
50954,246.17054844167964
50955,292.6543792306791
50956,200.29177740298658
50957,181.32289802587235
50958,262.9581480843438
50959,191.5850583507717
50960,423.6219816397331
50961,714.3369535353903
50962,280.9517785987546
50963,220.93741569599945
50964,157.68374668892898
50965,168.1980426667719
50966,176.95528269279484
50967,536.8987524964505
50968,214.28623216074305
50969,205.25250430510462
50970,268.85563269412467
50971,166.99734141667682
50972,189.7684605631389
50973,346.34976217175233
50974,246.82912931273825
50975,193.94184921885054
50976,198.870498035991
50977,143.64195456059127
50978,442.9992699606584
50979,239.75091304503212
50980,450.58079912405947
50981,189.87206260736875
50982,215.29489772303296
50983,123.69158099134124
50984,180.5811025151404
50985,204.27169685928527
50986,488.70785988668075
50987,170.34340629547978
50988,341.5332174312782
50989,257.1421091361592
50990,434.04840720283596
50991,345.0273619589116
50992,234.26772634528004
50993,266.05729331838654
50994,206.94528414709868
50995,252.28067333514088
50996,181.19140513908638
50997,116.97242889972412
50998,224.3822140483187
50999,190.7600271719113
51000,116.05154034068596
51001,336.09774481741204
51002,278.9911840021166
51003,258.88393097767096
51004,134.36547575827757
51005,146.52775315220782
51006,134.85819649445813
51007,243.59981562823918
51008,175.26115126686426
51009,121.44706731053323
51010,192.85615025055375
51011,1607.5562951098068
51012,165.25864373061341
51013,160.24059520996764
51014,300.94056844789844
51015,280.0283024787673
51016,209.5022584190443
51017,308.2506070910209
51018,295.38605920071694
51019,152.42770048397063
51020,179.46120754744385
51021,151.3636152030986
51022,183.24493937392168
51023,161.91358129072657
51024,134.0801382803062
51025,87.08653698197377
51026,126.51696567856352
51027,126.05619619036341
51028,294.50811751348726
51029,231.83887707486937
51030,232.17099731189035
51031,401.1667365142572
51032,171.96403270384178
51033,69.29390221412658
51034,267.06403378115726
51035,196.91492200826684
51036,168.48959609842163
51037,392.6966633068983
51038,198.58712225737997
51039,230.29698372525277
51040,185.64193424701855
51041,134.65751256561552
51042,154.22214684949262
51043,98.3058463809312
51044,234.47294997050534
51045,188.00182663731954
51046,176.69418040902698
51047,104.2013698084242
51048,317.212588289972
51049,237.94147292728607
51050,187.37300999438193
51051,144.40622231102657
51052,287.8544388685898
51053,131.46592248290798
51054,265.10284511457314
51055,298.70475509981736
51056,257.1546478573053
51057,135.85081042610148
51058,230.58571517836526
51059,1250.7596664215816
51060,235.16242144775737
51061,193.0832113922455
51062,360.60197493336227
51063,172.05847202876242
51064,711.3801323255217
51065,154.51067586102533
51066,839.3830762424599
51067,158.455282390499
51068,262.4614145876071
51069,194.69574329635424
51070,187.64959920206357
51071,232.21186982099024
51072,217.81189032293562
51073,250.2644160633103
51074,422.4902264919169
51075,298.10206832001865
51076,698.5224397893116
51077,409.53042389298804
51078,124.8950084675001
51079,225.84975408399546
51080,317.9905581181292
51081,175.66880828751056
51082,451.05445288211376
51083,160.32001841665698
51084,318.323640457401
51085,389.92853055990787
51086,212.42726312242178
51087,145.85329563031127
51088,158.07589007923238
51089,275.32577950116985
51090,126.41555194380842
51091,429.31731823787493
51092,475.6634253867752
51093,219.5651245265788
51094,80.92028346874743
51095,134.73055278793612
51096,339.8406286416223
51097,201.80836188454865
51098,185.95683006060054
51099,248.17218798967963
51100,145.46215407809913
51101,680.6118309871794
51102,110.77476681559969
51103,227.33927884986673
51104,431.9777260940911
51105,398.3438207690917
51106,177.61747991063174
51107,250.93886383007896
51108,292.50412259905556
51109,284.63231839218315
51110,349.682567172528
51111,309.03213816942537
51112,188.99456838360152
51113,225.17171565042028
51114,225.3257474732201
51115,208.62698946281748
51116,199.5520203768333
51117,286.4049052576298
51118,95.11121134104489
51119,244.8846125320036
51120,284.22439527578683
51121,1311.148658235984
51122,356.8466390361669
51123,507.44567225607375
51124,279.63355486027655
51125,227.12297742183853
51126,305.50537258767577
51127,232.01337586557602
51128,266.46312851732483
51129,410.6189334382514
51130,318.10414595150553
51131,245.56577549095738
51132,602.2244062345212
51133,308.1243967577853
51134,130.76344905560697
51135,243.09116491635513
51136,297.62209594757985
51137,295.56979344943346
51138,178.83014555325315
51139,234.99497642842536
51140,101.58578535373412
51141,180.08693083602748
51142,986.6307433534503
51143,96.98108880054885
51144,146.84547982188852
51145,159.62070704962463
51146,111.01739339939546
51147,523.3477309590118
51148,211.32366942989364
51149,632.816784258522
51150,119.53303994118473
51151,217.66459139441915
51152,292.95770043520145
51153,372.68607996256213
51154,176.86494349551754
51155,875.784668666615
51156,115.82212950997157
51157,157.18097958594623
51158,191.21088663856057
51159,328.15534897899124
51160,331.68038373235083
51161,177.19442485509362
51162,226.4206515248264
51163,248.41619448459267
51164,294.46109506851707
51165,166.19374397964006
51166,187.0890734239329
51167,246.47795356435947
51168,213.99525417732264
51169,193.9058550715949
51170,361.96570628493026
51171,418.63845571563917
51172,263.2915185416283
51173,210.3274084861741
51174,227.11067639531646
51175,196.93692989347377
51176,134.2572642632231
51177,218.02214941236335
51178,393.7976384175825
51179,275.72519782085317
51180,261.4549128778874
51181,283.94935349523746
51182,246.21993519344718
51183,404.9679876889603
51184,374.1059651725955
51185,181.3418553723463
51186,128.34897546247862
51187,287.4961210468427
51188,451.83866539041117
51189,281.99353572719906
51190,305.1870350005378
51191,164.54275321376565
51192,217.65412432418844
51193,498.95373789908626
51194,139.75966553909754
51195,448.9184005434022
51196,211.24810053386915
51197,109.0308886586354
51198,341.0473232730542
51199,381.2423930765399
51200,317.23545505728544
51201,105.17390447017942
51202,411.3318029944534
51203,158.3727386062228
51204,514.5387295084448
51205,195.21539371308566
51206,281.4652229248583
51207,120.53446337526239
51208,166.39640200680049
51209,165.45074867427553
51210,330.1528372929155
51211,104.71607544779326
51212,400.75739582600676
51213,481.2145749644687
51214,116.74287634739818
51215,126.84955473903526
51216,316.997683660356
51217,229.01687188012698
51218,157.08949771292683
51219,139.21082393282242
51220,496.35824677338627
51221,186.14753249332938
51222,165.65809640346998
51223,118.04358617917711
51224,276.42059632377993
51225,157.09726833384875
51226,146.3978959323795
51227,215.66160800038077
51228,391.84928694665234
51229,214.55140420230612
51230,206.56704654276223
51231,161.508125200151
51232,224.72197257239912
51233,169.92029993325448
51234,154.1161424676791
51235,190.11821296180477
51236,696.6450839695904
51237,176.2687344635718
51238,105.48339951534845
51239,687.8017283874741
51240,212.90475660698394
51241,178.01593940207533
51242,302.75481428706627
51243,172.6102577914637
51244,219.54006612001325
51245,419.14940729090154
51246,334.0010243483719
51247,160.5127010392995
51248,158.1693343388049
51249,394.5842364915807
51250,172.91945375732402
51251,223.56877998425966
51252,545.9826426890845
51253,107.04742533358572
51254,119.34055255375105
51255,245.27883219827106
51256,149.76333955166993
51257,299.1298728219021
51258,160.21383293962407
51259,150.96796304545757
51260,172.66658686592024
51261,189.1736429692228
51262,248.15311476207268
51263,124.89823179567972
51264,122.02759419071133
51265,253.25773196693638
51266,99.86373036980808
51267,183.7254729176357
51268,229.98969086636558
51269,189.56745683544398
51270,553.4847299090575
51271,253.37600826497228
51272,364.81580182414075
51273,188.50005313484954
51274,102.47662141522645
51275,136.16386332424185
51276,434.59111424369127
51277,347.3418103930448
51278,163.30005787199823
51279,360.63869193736633
51280,560.4890224561252
51281,613.7929111228369
51282,207.43469665899866
51283,173.48586246731057
51284,102.49705666073609
51285,260.6516919549842
51286,233.83015672710917
51287,140.21373530247038
51288,107.7158211144725
51289,236.642809574398
51290,170.02004757307938
51291,355.0068802046456
51292,289.1510386692766
51293,180.85719738330243
51294,220.46719319993588
51295,212.2949588223244
51296,241.9002997381155
51297,130.99539754632661
51298,384.966479245456
51299,145.61581936477074
51300,544.8152046771236
51301,284.24109911080205
51302,128.64572527821812
51303,147.56900877071507
51304,325.19937658004983
51305,411.4327201089632
51306,180.2816385847293
51307,244.77210564995943
51308,173.452898668893
51309,225.65732177047596
51310,205.10551520556544
51311,320.21141897899014
51312,325.9324685214227
51313,144.65661705915946
51314,132.0989603858137
51315,277.4923757849237
51316,242.30709611630218
51317,164.8672581656942
51318,176.95788751102776
51319,390.9063019009934
51320,219.2703893107943
51321,135.47858497963094
51322,165.4688071387321
51323,131.6788040700539
51324,195.13045513786437
51325,144.97128899151755
51326,226.43430102635668
51327,352.0073550003949
51328,650.4154169472247
51329,156.28771506382716
51330,246.61299787242194
51331,189.0505161779808
51332,339.7481300997367
51333,352.7673033153479
51334,239.72169239300206
51335,194.99369980548963
51336,465.86738347644837
51337,267.9178637050943
51338,177.8854479908151
51339,256.48593866505996
51340,302.7583851516094
51341,134.27848135872543
51342,187.56318682027035
51343,184.06168719022244
51344,194.48987207028534
51345,284.46738857531676
51346,460.7825029263032
51347,185.210148922692
51348,209.61124988415347
51349,174.66261972609203
51350,547.2695640698785
51351,279.75085968234856
51352,243.16808942519
51353,177.60958511930005
51354,122.74043363534773
51355,503.376357535767
51356,215.1528896894514
51357,159.33712575702057
51358,394.03822295025736
51359,80.00682150436764
51360,229.58345173876336
51361,350.1501744908206
51362,241.47446723193548
51363,394.8439703688962
51364,495.53037466709867
51365,315.90307597037037
51366,141.12091176386016
51367,199.88705492668385
51368,410.6136195076916
51369,203.84273111182787
51370,244.98974981960868
51371,162.53449334242683
51372,199.461717931456
51373,134.8101387935165
51374,117.50294478909615
51375,322.6250104320224
51376,187.85217528228023
51377,167.7088543787234
51378,374.3323713263962
51379,501.61273346428504
51380,174.49824324385204
51381,236.0894147288358
51382,229.3609233220779
51383,131.92304871643483
51384,215.20083507154192
51385,144.11296478559976
51386,123.61744587560999
51387,135.20728127266324
51388,203.38560435546088
51389,608.9508849080863
51390,423.4199334800889
51391,322.6776354089943
51392,153.8277199448869
51393,190.034882636602
51394,168.10775726251495
51395,166.55243415567386
51396,308.80053808449316
51397,610.9623455062135
51398,213.189251974753
51399,155.86585167152998
51400,223.79549190122395
51401,446.91587107916484
51402,159.3484422504694
51403,436.7151015691479
51404,169.51907037671467
51405,196.14505901310872
51406,242.69171658470972
51407,139.33295224490283
51408,294.24416156583817
51409,203.2235030155191
51410,489.4719606324411
51411,234.14480226349744
51412,198.03823377828576
51413,147.2353167056163
51414,386.8155738350778
51415,99.38382192513517
51416,147.579392749834
51417,191.53410563342243
51418,351.8739333561564
51419,143.69910367364557
51420,397.37538344481874
51421,261.20716780208545
51422,140.7118266079745
51423,208.35559551928347
51424,542.8701183901928
51425,842.7909656556143
51426,607.5662581490103
51427,109.38769612662978
51428,584.7042687189405
51429,220.28705849971118
51430,381.14472168831975
51431,207.50715819737744
51432,215.8458194746949
51433,130.81635489090735
51434,824.7250208690166
51435,152.04708479693423
51436,795.6491154902766
51437,175.22499813658027
51438,174.97123152931266
51439,421.4170884428818
51440,196.89628324942566
51441,313.5246262593017
51442,132.5129979061239
51443,233.4844005655427
51444,256.3230323453747
51445,192.04650758815563
51446,135.8337872562494
51447,354.43784267831563
51448,130.21409884626576
51449,200.80192943805758
51450,210.53716883102737
51451,240.08650637782443
51452,250.54008505577042
51453,185.5879678161483
51454,193.21934693685
51455,154.71329938737856
51456,153.05184791490842
51457,154.68603363783785
51458,127.01311091898499
51459,448.8670650458882
51460,110.01020951436223
51461,317.7386796820767
51462,300.9924011324105
51463,146.44420221933555
51464,131.71972357196736
51465,247.39122590336862
51466,192.0055859734483
51467,1445.2391589332829
51468,264.0119703836898
51469,250.65341331933342
51470,146.2533072111305
51471,114.30137168402418
51472,303.5800337050705
51473,112.50440876802263
51474,277.82668949978614
51475,554.0207261140117
51476,118.47765853237001
51477,231.3040525645141
51478,472.9654733514592
51479,316.9263660789466
51480,332.2451930714717
51481,153.03375595624254
51482,175.6714320010444
51483,378.36784259334405
51484,194.40532279809918
51485,445.1383899069478
51486,217.21816982215879
51487,185.9859936106985
51488,216.02862280857147
51489,251.2861086182683
51490,265.12020134894414
51491,124.20267130668594
51492,297.45095629767997
51493,132.34170979813126
51494,197.81716972120918
51495,234.64200148473805
51496,215.53371511255352
51497,224.06184236444165
51498,141.5004705665477
51499,441.5334270396324
51500,148.67180374174475
51501,590.5901488640405
51502,106.80453770624977
51503,382.72279710826217
51504,176.13850760574903
51505,123.79298799956759
51506,344.26870293739626
51507,200.65687817759138
51508,148.2083817076503
51509,163.04083305159418
51510,162.91948581687885
51511,388.7790684514086
51512,187.88289695724717
51513,105.57502723158504
51514,314.0841618878561
51515,128.17110935513637
51516,189.1356668974852
51517,232.46604264664967
51518,375.7721127651298
51519,248.91162465318217
51520,173.09698804204635
51521,189.3971078812049
51522,236.2544058992112
51523,600.7045314363761
51524,282.8051146284614
51525,239.37674914218303
51526,374.1353354233158
51527,265.6410416073551
51528,175.66277284585206
51529,205.91134098150826
51530,153.3233029849346
51531,404.148214422232
51532,104.96842634878314
51533,263.9399583697035
51534,246.0617691560409
51535,2372.042412254108
51536,744.9263345013939
51537,354.93921254081295
51538,159.07695275453221
51539,310.0456629876427
51540,381.5514454342324
51541,280.37351349545963
51542,233.44359152753066
51543,94.9526983369107
51544,153.63890499399216
51545,123.81408983747656
51546,333.52822669653403
51547,175.25297759401903
51548,164.53087034555054
51549,139.4681000594739
51550,246.0541253849326
51551,141.75515082116718
51552,278.27104145754856
51553,160.5214536841209
51554,158.45544718284015
51555,226.17860414663332
51556,323.4625889184363
51557,173.20108732254778
51558,173.5803372241394
51559,239.8420371639097
51560,391.9056426668443
51561,352.7115780819521
51562,92.93905496534236
51563,143.91447654322593
51564,255.70456145873166
51565,224.8835608588696
51566,375.2022721368861
51567,558.6321134943724
51568,765.362532105729
51569,144.6219687775883
51570,238.5620059907047
51571,113.846453836025
51572,140.59056537470477
51573,229.89071147330216
51574,199.59742217362404
51575,570.1172891679819
51576,449.0740466594563
51577,203.01175204325608
51578,1436.5441016150885
51579,333.804277317793
51580,129.47501306553391
51581,260.09344281842687
51582,335.7968641117335
51583,436.3040810000497
51584,151.29662977166487
51585,198.78127140520368
51586,119.33885569907507
51587,181.93235188175075
51588,288.3779205829539
51589,218.83067251872683
51590,449.6362151993099
51591,192.1105597987072
51592,127.45819377514222
51593,407.86713548799094
51594,182.63588786667006
51595,312.94113820776204
51596,208.69481658557666
51597,193.57922249729606
51598,233.38135246460578
51599,873.8215263525566
51600,325.2250791538535
51601,399.9278998667314
51602,344.4713200537403
51603,151.48875698101642
51604,222.73326552026592
51605,331.2553752657589
51606,167.25342220217146
51607,164.26674337648853
51608,297.4725302383741
51609,206.06814660446167
51610,159.74307796318215
51611,242.44993491989345
51612,914.7988703712715
51613,263.3765833392093
51614,285.66836347030574
51615,267.61544244080625
51616,134.23014464111927
51617,196.33213984716951
51618,90.87446203559344
51619,117.29802967885475
51620,1185.2910978538534
51621,150.016392128051
51622,502.48804064206155
51623,370.63965245571075
51624,230.4841785852395
51625,151.39465960403237
51626,192.1316501708406
51627,160.0278186300807
51628,373.4386557171708
51629,148.26582227832324
51630,169.8213397405162
51631,125.99803516534794
51632,264.6218543222445
51633,362.3714787211221
51634,165.0758365830546
51635,242.55052962047955
51636,130.24048094603808
51637,154.8185915972271
51638,139.8118205685835
51639,206.41557897800325
51640,239.0785023444196
51641,158.04317908379693
51642,220.2114753372678
51643,271.52387082834935
51644,306.53972873291013
51645,165.51538454067858
51646,145.2815025729584
51647,159.12759333007375
51648,115.56362479741553
51649,215.284984673587
51650,245.22681863939533
51651,409.50613298091895
51652,173.4643490850397
51653,153.01467291840962
51654,148.9259197136435
51655,291.90562782174914
51656,175.97363645718187
51657,136.83781809067165
51658,230.2216539979781
51659,249.78218277311842
51660,146.08490683653844
51661,168.5926064775186
51662,839.2034499709897
51663,283.7437763649115
51664,540.3808206813782
51665,437.1423898846273
51666,167.42380787202944
51667,284.7804683661869
51668,122.72228734128073
51669,274.41200556221736
51670,682.2859579741485
51671,172.81916165764684
51672,242.65842693747055
51673,276.4146129302813
51674,156.57074428290548
51675,191.44801444042312
51676,1296.0124937674668
51677,150.4895786659069
51678,156.01149145637797
51679,281.2782123781352
51680,234.5719453688968
51681,150.11876216407924
51682,173.79122712699436
51683,234.33448578921832
51684,138.08533673332292
51685,110.6234791573888
51686,150.62072709833325
51687,249.94144944477466
51688,136.26057404847984
51689,163.54381503286208
51690,226.47585877806577
51691,162.29841853388268
51692,241.3103470231669
51693,529.7070238630058
51694,204.7013176043459
51695,461.2905958386185
51696,249.83967901457814
51697,536.0294296472387
51698,154.8276087318191
51699,198.71511974783775
51700,316.7335746095599
51701,138.7540575947374
51702,192.41951922631736
51703,176.16913764194146
51704,162.1929820308571
51705,157.02139460960566
51706,1030.8575412987411
51707,192.71112015331423
51708,280.3772868962324
