id,realSum
36196,391.08723636892273
36197,1060.9669329184062
36198,1058.1982096942172
36199,138.91870438556748
36200,311.39966363871304
36201,488.76779144573004
36202,8356.30363309309
36203,342.31483368586464
36204,591.3499812635423
36205,161.37035365189544
36206,227.8584747937677
36207,537.1916992061936
36208,262.9528968655497
36209,137.5044200088315
36210,127.66813869702415
36211,174.90816443617334
36212,192.23297939440636
36213,180.78873601132653
36214,82.54653317122617
36215,132.18937834507454
36216,217.29790635147972
36217,311.9960585081817
36218,207.9238382505918
36219,124.00195335932223
36220,312.30749694415033
36221,265.8247327373603
36222,182.30844600252502
36223,445.63779917420214
36224,419.4641301261836
36225,736.5538910513371
36226,352.6361631949298
36227,868.2823962605472
36228,977.5090501891649
36229,197.38988973864923
36230,231.2667060940615
36231,254.98609364241742
36232,189.38542537644662
36233,231.6990134991114
36234,165.87869720035127
36235,532.9732940383452
36236,140.08200020271542
36237,218.93781812824042
36238,177.8150277884007
36239,171.03335175022428
36240,233.20372779981628
36241,187.3550914024409
36242,136.6374551739767
36243,265.7867606983416
36244,193.87444912185958
36245,251.11215874197327
36246,253.1144106276504
36247,243.41009984635494
36248,221.9537563084169
36249,306.1681784652111
36250,256.76662670683373
36251,238.13952592218706
36252,345.34643473129586
36253,328.6871566335616
36254,305.77873405529715
36255,274.0644680176808
36256,190.36141977915725
36257,513.4629107627852
36258,181.511608237391
36259,366.87537238037635
36260,361.781601521056
36261,145.17292639984478
36262,99.52256262616973
36263,111.25326281765588
36264,102.28006502804817
36265,1037.7281579708913
36266,240.70798570412964
36267,677.3884472611397
36268,289.899005526221
36269,165.52819175492905
36270,467.267197944064
36271,218.50454857714078
36272,190.3409909120297
36273,596.0187760027129
36274,153.51837288576593
36275,200.46953989802478
36276,327.8343878824938
36277,267.602909156162
36278,155.2756548297627
36279,276.85364780353126
36280,137.073554650681
36281,160.62645723166872
36282,103.50844087225045
36283,115.42927792910973
36284,203.5964110377905
36285,140.1561085092488
36286,158.62433698260384
36287,282.3128410552348
36288,516.4334133231102
36289,61.635151797960056
36290,492.8356723270911
36291,226.74545157324627
36292,286.8964152805183
36293,570.572651544709
36294,130.91238146806074
36295,250.16711353292368
36296,468.4214999698039
36297,165.4113595506407
36298,135.08161085841627
36299,163.1342280706835
36300,159.2574562778625
36301,489.94062273066106
36302,161.82966169793588
36303,297.08126128270675
36304,256.53751007838133
36305,110.56845971249325
36306,128.46325876598587
36307,261.7792828908235
36308,288.3324579878094
36309,246.52072496921306
36310,220.57962130834284
36311,400.6691920787646
36312,116.92089415098113
36313,273.3359042606346
36314,244.52176450911043
36315,179.40780751059282
36316,577.7325368029578
36317,146.3919261096224
36318,103.2974794701726
36319,227.83737034536352
36320,554.425953305113
36321,333.05607892834536
36322,255.9409747286131
36323,221.56444423216456
36324,241.9555974665732
36325,241.59689631013643
36326,301.67755393816884
36327,241.6895213103654
36328,255.74978191424606
36329,182.22572648447746
36330,155.74619153227266
36331,117.47225180487463
36332,393.8885275894718
36333,267.3462457256878
36334,270.7439282006348
36335,214.84474188869603
36336,238.5938147928564
36337,237.54353468321494
36338,240.7115077212077
36339,204.88719507323592
36340,255.17676927735124
36341,173.0376138872117
36342,215.1994735458038
36343,146.90154136754612
36344,204.591361004501
36345,156.68944536111334
36346,209.8083932467967
36347,166.2018102046307
36348,269.1328044578944
36349,86.48750838148024
36350,222.23819123124395
36351,146.71144565216744
36352,162.13965098706382
36353,337.9863588817742
36354,335.2565783766408
36355,170.98716341785652
36356,233.51941274839942
36357,353.6342257309262
36358,235.34570951871245
36359,216.3435175655365
36360,251.28237850771734
36361,748.9646515048062
36362,230.31162617297787
36363,175.61913751102114
36364,343.55429922949884
36365,233.99053397132573
36366,204.19639022545127
36367,125.87776611916543
36368,339.3217427370273
36369,449.4591454475165
36370,437.30010626424286
36371,344.1746270014082
36372,261.356750612642
36373,194.57123023181327
36374,457.9858316237348
36375,143.69672728533334
36376,226.40680611364468
36377,253.91532852693035
36378,155.80209285882194
36379,200.48403002259144
36380,132.5496388283582
36381,236.01126683579741
36382,224.82095283294245
36383,120.17291899762316
36384,336.2393267528535
36385,126.04991159857785
36386,269.03994192801827
36387,97.20868785406968
36388,171.90068769525823
36389,232.53786427226734
36390,154.12872005772493
36391,655.3530149645773
36392,191.93091865706404
36393,142.46961171639512
36394,358.0113396640872
36395,555.2976780107172
36396,367.1327405220835
36397,226.71461726864004
36398,139.48149559422475
36399,357.24707984601594
36400,302.54073675808627
36401,138.96817272112412
36402,123.07425925716585
36403,233.52609251430894
36404,179.51941320041573
36405,206.77203393275744
36406,96.67920811894135
36407,180.64912647140252
36408,218.79308779166558
36409,243.8516047092179
36410,268.78238131535323
36411,225.609107570998
36412,211.12337472030163
36413,198.22936648375284
36414,186.60022641379504
36415,376.81642450312
36416,197.40449789103863
36417,426.5902917766252
36418,147.71459344656986
36419,311.37542839459206
36420,111.8011577528113
36421,346.35360350891165
36422,228.42461945100544
36423,249.4031133436403
36424,246.88036673599063
36425,196.74344465571028
36426,121.07534492310943
36427,185.63569580534013
36428,133.2115383377052
36429,1921.4942101116392
36430,337.94256412290844
36431,1039.6848664810343
36432,340.0752047962196
36433,137.14285023778592
36434,234.83341589018536
36435,299.2414750113275
36436,481.9503321614134
36437,204.60639059568635
36438,264.4472395581462
36439,196.71226153038108
36440,497.0748902278301
36441,265.77314902330926
36442,364.742691377115
36443,181.07000391979776
36444,191.38631549885034
36445,240.58224564426553
36446,240.5668915953645
36447,233.0023787708442
36448,183.20810776383422
36449,1038.2683259917897
36450,272.96669911648655
36451,150.94333484857415
36452,842.9320951519923
36453,319.11566742855274
36454,2458.5917759175295
36455,113.14613319866181
36456,142.2691923382395
36457,146.72795067515605
36458,417.11172596165414
36459,273.18291589701533
36460,118.08246039123601
36461,275.2390462921733
36462,453.9174237803213
36463,135.55339162807113
36464,208.18125954577337
36465,233.9614966189255
36466,112.04218990954466
36467,320.149205185057
36468,200.76477562107735
36469,144.7839660536161
36470,419.9008047049476
36471,350.5097252515009
36472,131.5303953923015
36473,147.6397858072508
36474,502.53149648130244
36475,250.47806396205004
36476,213.19606319167877
36477,494.3349543207533
36478,196.87599173351916
36479,167.95577615300584
36480,211.61614003232054
36481,380.72113108941164
36482,290.30834896709854
36483,178.75935771582576
36484,320.68161472791405
36485,163.75871928040547
36486,469.5481737945217
36487,316.5869638733581
36488,240.69571043312354
36489,316.23653803307633
36490,114.70951079028258
36491,143.96683595279492
36492,547.7913740961573
36493,373.6106992824127
36494,227.01775116294047
36495,207.56785563959204
36496,346.4708194897787
36497,194.6787300524419
36498,306.24583281936583
36499,748.5059598602637
36500,126.6313202721695
36501,159.06209647289836
36502,202.38329745815088
36503,213.71291853550815
36504,422.82217809106714
36505,201.9842107319099
36506,163.38984414709452
36507,985.8229651338538
36508,305.4603047040456
36509,171.86473309716754
36510,223.0939464330832
36511,342.43873070865834
36512,375.5747757759842
36513,406.2071776881157
36514,271.1179205544517
36515,219.52008821383427
36516,235.7898097752357
36517,187.7538259007928
36518,271.1393186429405
36519,176.17950252204307
36520,276.65078981364644
36521,203.3224130952992
36522,116.40687939556884
36523,235.93004418314752
36524,664.0474280620713
36525,188.71589456904908
36526,192.42895408529412
36527,181.9791718597733
36528,384.0862667294537
36529,216.54516208860866
36530,333.24569506479395
36531,111.80787379867994
36532,96.73589381534023
36533,303.4556319839882
36534,350.0359924277709
36535,184.63500570248814
36536,275.44845305668963
36537,328.9200264683122
36538,174.38401467285072
36539,213.98242390757514
36540,257.696732972938
36541,147.66146290936274
36542,211.24054764445935
36543,220.78661597924008
36544,134.86767090584567
36545,126.74129506758145
36546,677.8911860134455
36547,94.95495208189075
36548,117.4379091857939
36549,160.4927447368844
36550,441.98890068160676
36551,291.1759220817093
36552,136.26495472567416
36553,156.23547568466202
36554,231.5028548376863
36555,140.09453489855377
36556,134.25399518111197
36557,198.67483758312835
36558,190.5360936518113
36559,220.1824502600152
36560,176.8889395152832
36561,428.46577669768413
36562,310.12816230769675
36563,159.97160055328533
36564,136.94286533964333
36565,188.69005495528566
36566,290.2939151688411
36567,260.35071891018157
36568,80.28076343579167
36569,342.2806529589878
36570,129.25817549071076
36571,406.5910014105343
36572,214.69929351508645
36573,241.48239675134366
36574,136.69738063869602
36575,857.8835257861881
36576,253.48449623877497
36577,287.2655939650648
36578,107.36737645468715
36579,276.7699517624776
36580,167.8246786658183
36581,252.73666892781065
36582,318.182380932043
36583,191.09881367830354
36584,226.6969446244262
36585,253.73252726868031
36586,143.1456198273928
36587,698.6910390158046
36588,226.55725274427496
36589,148.61202935503763
36590,211.85484617795322
36591,248.2563484868839
36592,223.30467877045763
36593,511.6243122680411
36594,338.1726844000621
36595,219.1138059196018
36596,111.47048981113696
36597,176.8739619814575
36598,253.27118764014438
36599,165.74644464388075
36600,266.46706123084243
36601,355.74215486339887
36602,221.37098903889546
36603,146.399262587026
36604,793.2245529095999
36605,1652.3931287827675
36606,130.12809960149517
36607,645.4378108530757
36608,167.5732795007062
36609,125.96131029774371
36610,222.33863882534126
36611,185.51360656718055
36612,265.3145140519731
36613,220.83663799958796
36614,269.15686072522766
36615,219.22091163427368
36616,207.47138274757367
36617,296.2857325975388
36618,203.64562582054995
36619,380.7164214559323
36620,197.1508748131373
36621,212.166200082358
36622,139.6222402993201
36623,109.0681024702051
36624,142.9557690564282
36625,776.6191799590915
36626,244.29661354289888
36627,114.80045954665714
36628,373.6971819574098
36629,281.46704774295665
36630,118.54088974219677
36631,282.31639880592377
36632,229.60700154940065
36633,187.9483870946829
36634,96.75331829124772
36635,194.2100785683108
36636,433.6357298875004
36637,302.71203163150636
36638,225.91943585902635
36639,441.8385352769714
36640,177.72326742235165
36641,420.8502498594839
36642,187.11107430490028
36643,92.42552632364657
36644,115.02995281060252
36645,174.67607887503422
36646,254.340252750427
36647,245.90400641559785
36648,947.1163300383295
36649,154.02433133208322
36650,1032.6631107338467
36651,306.8716676441807
36652,178.7225615443497
36653,343.4556253309121
36654,414.966978605681
36655,170.6000037589938
36656,202.82770525615848
36657,284.5741803949502
36658,293.76695924166245
36659,177.32272884962424
36660,261.20714216627795
36661,209.35416010383892
36662,148.4734512003414
36663,109.34378314267705
36664,200.91833707320947
36665,145.12256147906234
36666,95.21677757417736
36667,252.44594641354965
36668,322.4384584657056
36669,103.429603680351
36670,129.85024843986037
36671,299.7795735183734
36672,762.6887809244048
36673,224.93327739539873
36674,213.77337488477485
36675,189.15788733729886
36676,651.6912342948588
36677,412.09193559476745
36678,231.8111258171029
36679,152.9768566355181
36680,305.26221272265485
36681,286.1695619126409
36682,302.06055664326465
36683,329.610926449451
36684,163.11659174880947
36685,500.7130782882593
36686,166.02009996433057
36687,326.2291684412784
36688,182.91445227933167
36689,184.5512764905702
36690,149.11174066559852
36691,2451.4263343918815
36692,354.6884825629314
36693,295.2144954518663
36694,205.4518646581284
36695,92.3540463526338
36696,130.18211774360435
36697,210.86587936709066
36698,215.68357772678965
36699,123.37340799722885
36700,229.87383900200743
36701,380.22820618411475
36702,176.45527906686877
36703,282.4213416444715
36704,156.16645003656245
36705,151.0218067281888
36706,121.04662458382602
36707,260.160194176375
36708,312.3149601667715
36709,575.7113761465291
36710,129.1763735759428
36711,251.98936645854758
36712,192.13151846256847
36713,115.25100812103067
36714,105.9397257095792
36715,102.32567464251223
36716,116.40687939556884
36717,178.3466601167687
36718,141.4103637627678
36719,213.32261065211512
36720,255.5425893230276
36721,269.41426693395164
36722,1081.4261302683688
36723,293.85724686498224
36724,464.08818835613835
36725,207.7350715949511
36726,154.24578871831068
36727,162.62302454451947
36728,209.02366245938342
36729,469.02377771246273
36730,166.049378353993
36731,298.9520740318737
36732,190.86658006879452
36733,118.21071216318903
36734,108.99163733102579
36735,204.85770297097795
36736,79.10545490532611
36737,311.75035902449054
36738,158.2070782108309
36739,85.41849929197247
36740,327.71999120862324
36741,116.48381233533479
36742,126.99372381226122
36743,138.27150244660982
36744,207.29098565560292
36745,194.5002146898297
36746,196.01726359897376
36747,115.95920548299749
36748,235.3337445810724
36749,488.7047791615162
36750,99.73871240504349
36751,256.0936150229873
36752,375.4066159235218
36753,515.6972034142642
36754,192.14635652409663
36755,744.2227549421572
36756,149.15081542771014
36757,260.9525564064458
36758,171.77812945607883
36759,155.59497617933795
36760,292.8572944295045
36761,270.28981847789765
36762,192.14605628057478
36763,107.61325138996924
36764,265.4241578939226
36765,181.64419876775426
36766,301.1845143380356
36767,432.14675475094134
36768,300.9831162033608
36769,192.7563741624676
36770,110.47722209874156
36771,122.94141580495933
36772,120.11622941692985
36773,190.30751407023777
36774,228.55594836754076
36775,210.5714177003615
36776,171.8543491476776
36777,80.64026464840725
36778,78.36568632869461
36779,207.55784996075474
36780,183.5198552313355
36781,350.5997328682469
36782,155.71570414639106
36783,214.34638727998797
36784,336.58864834381114
36785,488.8109226431241
36786,110.63960115112921
36787,356.6000680787583
36788,243.5532304967505
36789,496.1801712534644
36790,341.7459927104481
36791,527.792732968849
36792,167.41439814569776
36793,138.5178130181603
36794,227.82162069739326
36795,240.42905180958465
36796,195.84947210846897
36797,409.9019424135498
36798,680.4087233650858
36799,482.84479544911954
36800,238.81488277379384
36801,654.1275414156436
36802,366.74867855703883
36803,257.6481268526876
36804,206.6308342795575
36805,176.2344518296062
36806,534.7933219903945
36807,178.40728598618503
36808,290.64889351052625
36809,194.13797147170118
36810,361.75762010010146
36811,223.47546522083974
36812,261.2241190313975
36813,157.3422162488591
36814,482.3178441156619
36815,157.56019978958687
36816,164.0307797259954
36817,234.746703054289
36818,202.17602946894863
36819,161.14929208351012
36820,217.66623617104142
36821,313.72265529121876
36822,842.3023855754001
36823,361.8876340746096
36824,321.8664902098072
36825,217.15178543861026
36826,246.24934654250754
36827,147.8839814083207
36828,230.97999980172636
36829,236.1955754428139
36830,774.2173391252741
36831,345.366090202524
36832,346.6509765697545
36833,209.85050858088016
36834,224.7079424567494
36835,398.9267718163953
36836,197.37417399732777
36837,180.78680332695868
36838,220.3863973618343
36839,110.2320639627933
36840,296.4173143377043
36841,353.62719797874684
36842,175.81958631788783
36843,200.55358425868317
36844,289.7534709211193
36845,142.0658206342794
36846,810.8335398605652
36847,313.202586037839
36848,264.16556450843547
36849,284.81713841026175
36850,231.0269935871619
36851,151.60932987516483
36852,480.68037949954146
36853,228.5500829104597
36854,147.54116255465635
36855,239.41196425876544
36856,107.56956169487466
36857,174.11901831859544
36858,260.6898307857573
36859,202.0048596790027
36860,449.3952825284069
36861,237.60716316535465
36862,229.0588054700604
36863,177.0214915905619
36864,292.33451179919643
36865,231.66508963743522
36866,136.38367547059954
36867,141.37787564196677
36868,149.71327576504265
36869,270.5169543231595
36870,236.70227562504564
36871,140.06353740515797
36872,149.8330421194321
36873,294.3408840776914
36874,272.75965335463775
36875,282.5183900132177
36876,216.6368857802074
36877,290.80422082299066
36878,265.97622298725634
36879,96.39675174814617
36880,162.0613266962003
36881,93.73392157709567
36882,379.54676343187685
36883,486.0204036931508
36884,126.52803249437345
36885,145.49289676268776
36886,368.69173706223495
36887,165.47791226853323
36888,502.53419981358695
36889,159.32783548810565
36890,220.94722933567388
36891,172.71431797973213
36892,1156.2119917538116
36893,483.4510668547349
36894,288.54271867475245
36895,408.10055724579024
36896,145.07613268276805
36897,348.64713818355017
36898,140.9860382144542
36899,144.89326575393426
36900,300.16290318949086
36901,119.77829683685428
36902,122.22154518579569
36903,252.6404596790452
36904,92.33285591366027
36905,223.51419898387945
36906,144.84279570020902
36907,238.23656699371267
36908,205.3387868553154
36909,347.86780114228446
36910,267.62263180863863
36911,261.926728852856
36912,190.96935199193194
36913,148.56627549324588
36914,135.2499133397818
36915,113.93370302976392
36916,180.30372695439652
36917,199.39729693651026
36918,226.20617912186032
36919,233.42182028072284
36920,105.86530805583337
36921,572.6290900347875
36922,118.652758401526
36923,143.71895355766026
36924,128.27277199039327
36925,271.22144299632834
36926,103.19853422722504
36927,267.68785361701913
36928,194.26130961815952
36929,187.18933052941716
36930,251.96413975973235
36931,985.020090534493
36932,109.06786196145987
36933,78.00773068624531
36934,137.24193048429473
36935,144.9879494808132
36936,241.42388148373828
36937,541.6556240614503
36938,235.24585975513116
36939,343.6438191734603
36940,146.8405656976376
36941,158.13547675909413
36942,153.47571623848506
36943,845.6891616231344
36944,205.25092331373983
36945,129.88021492804543
36946,241.2037214046438
36947,167.78571815507905
36948,224.16421619455758
36949,204.66170093361976
36950,179.4158887233258
36951,93.82317779765829
36952,106.53460161432642
36953,261.463988750474
36954,92.48856701744498
36955,128.3455782133038
36956,164.27859786756977
36957,256.583809196535
36958,329.6769970689867
36959,128.94589578459323
36960,127.31128618485646
36961,76.48620276592503
36962,376.4365849902937
36963,107.81029186685569
36964,216.80664177520092
36965,179.18486497962087
36966,337.3027818792208
36967,109.45391588308918
36968,114.54591283821948
36969,456.3403240321387
36970,493.43215168532737
36971,371.1173110945092
36972,414.94532665695647
36973,198.46050694210604
36974,303.88220918009085
36975,2130.1154231102873
36976,287.52558173487165
36977,111.50865078637638
36978,379.1343367128292
36979,161.82450431641857
36980,196.99403884691608
36981,183.9844836475373
36982,220.14754698940163
36983,200.73551843162278
36984,133.73701068320435
36985,367.0154839903533
36986,153.15321951501764
36987,368.17732001763045
36988,188.02515447594092
36989,136.81235816817107
36990,112.13251443176023
36991,200.642506516289
36992,468.08794569597774
36993,173.61257993934768
36994,170.2375482348021
36995,162.1850210864355
36996,263.96063555162186
36997,1939.0626624872305
36998,158.65839185931847
36999,209.42490034363354
37000,251.42415417812262
37001,708.144053063721
37002,233.09587935355214
37003,378.77473939579164
37004,616.3232188082713
37005,119.18489472340217
37006,238.16002797044408
37007,815.2692046376661
37008,242.70310735189997
37009,501.97335715351176
37010,277.085765316266
37011,136.35904585793637
37012,109.95791835226466
37013,136.47646564118384
37014,221.71007550660894
37015,234.46119627186158
37016,865.245851020073
37017,220.7313662612233
37018,203.55526878885428
37019,127.67962659222957
37020,165.93082026943947
37021,169.6192139085361
37022,183.6445010708623
37023,613.6057637288422
37024,126.43492758957201
37025,188.23521963136167
37026,314.56903546571687
37027,262.6391173839293
37028,244.38779950905538
37029,327.0782701273807
37030,156.69115917034193
37031,129.8126809682521
37032,514.9438639906468
37033,524.3991954879729
37034,371.6828027567915
37035,170.81830887432383
37036,114.83353175431527
37037,299.5047128128422
37038,178.79401365298332
37039,237.2883002941522
37040,80.13343501204876
37041,199.66858437134738
37042,233.49542132176109
37043,321.3890013710443
37044,129.9816514079
37045,234.97807100404285
37046,223.33555741441225
37047,1017.7581729639163
37048,667.3574988948218
37049,100.05739804858815
37050,138.33156446479884
37051,400.7478197049696
37052,97.23012174608346
37053,564.8557303120291
37054,293.2667393168326
37055,118.42710484975684
37056,172.47733490553827
37057,104.09829917736892
37058,217.96476292604402
37059,141.58052819768085
37060,201.64687576942453
37061,688.9162854972565
37062,240.982577063815
37063,199.77690321947438
37064,243.6257176463275
37065,140.94219965170876
37066,204.78368618019383
37067,462.40667603593664
37068,215.65804926024288
37069,181.19533477752577
37070,653.1445943818782
37071,339.00887971013947
37072,122.99218696293103
37073,319.01732241527407
37074,153.25853345164987
37075,264.1080234826778
37076,318.5882643856912
37077,146.35293425230628
37078,111.09623320908592
37079,227.99291917780835
37080,151.53057528091222
37081,129.8256337455465
37082,185.3789716590691
37083,171.82166913575435
37084,654.0629302083129
37085,143.22833544468446
37086,581.2300140121889
37087,210.83684552608486
37088,244.0839561480001
37089,472.30247225580683
37090,275.0646676629824
37091,199.18423213267766
37092,172.4988441924501
37093,310.1341905399135
37094,215.02625128501566
37095,502.39063414154094
37096,185.99321272817028
37097,130.93860842916555
37098,243.46971895238377
37099,576.0623976517547
37100,87.75840787588714
37101,320.5277276062844
37102,416.51983767804154
37103,931.0383253439037
37104,100.59644532867587
37105,187.86115167339904
37106,159.69902292555105
37107,264.2854500061491
37108,353.8142047012912
37109,180.9861173615807
37110,240.56551120867164
37111,131.5455130702769
37112,286.45875008982057
37113,296.23043740537844
37114,321.7774522844888
37115,335.0614378792149
37116,103.37247399927526
37117,327.20279866968576
37118,170.70491627377118
37119,206.09440621418264
37120,430.2513401982954
37121,175.86342447228716
37122,167.8120190102421
37123,245.01215845519386
37124,113.3771341862111
37125,189.57055033608623
37126,193.03303423323717
37127,301.3533346866404
37128,269.0623947596682
37129,155.01928028104564
37130,337.29615610674216
37131,114.27370112538607
37132,931.8937397675523
37133,278.5599066275847
37134,110.63960115112921
37135,264.48240794804985
37136,177.12791883369403
37137,156.3448940961699
37138,374.31787956001637
37139,263.12739261528657
37140,67.00590972129093
37141,150.25121754228945
37142,192.31682357822137
37143,143.36508512021535
37144,256.0981960296205
37145,207.04013230436507
37146,264.1610293174411
37147,155.59955673370234
37148,235.1676856952487
37149,169.39109341859586
37150,207.6565036815789
37151,579.3304876653939
37152,236.5971491812142
37153,225.03220461209773
37154,147.51099274775765
37155,258.8868944851403
37156,867.6112104932688
37157,191.48794182007566
37158,385.97337817980485
37159,245.28300090803302
37160,384.21396739131507
37161,237.0280775426111
37162,1144.2389228189377
37163,173.8547395248378
37164,186.926580762975
37165,1255.451006468884
37166,212.80238496145424
37167,397.2869407178775
37168,96.71919794612774
37169,185.7101953429191
37170,130.7223870824431
37171,298.63674545463
37172,163.41752518943395
37173,247.70034903787032
37174,355.44020019421293
37175,287.38414646980493
37176,143.84507615197955
37177,253.70804485355342
37178,211.90872590957414
37179,226.56240763509797
37180,196.24804615366696
37181,248.87296401249432
37182,468.7478410828621
37183,1832.5473607106035
37184,237.20695250170695
37185,252.326680602012
37186,352.3169012930204
37187,252.0053239274018
37188,428.3715211021162
37189,464.3065781218241
37190,317.9504625454622
37191,502.2833701848746
37192,156.38001146508495
37193,265.72993968501856
37194,161.85281245365084
37195,685.6683516359841
37196,163.16123123922043
37197,287.701537409463
37198,682.7328830825511
37199,221.95524187259767
37200,105.16118161824092
37201,110.1060986132226
37202,113.73971238097002
37203,356.2670005964295
37204,282.86536298452427
37205,311.6419637875179
37206,207.1822800202971
37207,517.3954389287613
37208,249.95347384901686
37209,202.60345033337637
37210,223.78979150498864
37211,611.8931814999352
37212,635.3342431307494
37213,620.7882625619878
37214,487.8576257600194
37215,153.63341001199643
37216,202.46010367212818
37217,198.37354851488158
37218,260.7627239775619
37219,197.39458067823773
37220,120.05881246916941
37221,370.62559642061007
37222,127.97625649048533
37223,177.0406063791445
37224,208.77932047959743
37225,154.03580323597694
37226,846.6854346468187
37227,780.7373645819919
37228,214.21468449949876
37229,240.83389848533415
37230,147.5679729569982
37231,680.3094036572692
37232,207.36296381278802
37233,310.8437975210807
37234,108.47715820903595
37235,328.45979491219424
37236,132.77368593273846
37237,215.5068724061775
37238,225.87207788366933
37239,253.84721647609004
37240,269.0794354938084
37241,264.8802774107966
37242,159.22857564325403
37243,119.75470103357932
37244,141.30733153115645
37245,149.10526288545822
37246,204.76871261942253
37247,231.11120341767167
37248,167.2877367329023
37249,490.19268883571954
37250,202.10027035742473
37251,126.80058013740071
37252,139.64596371962247
37253,1337.4810974029103
37254,243.29227205196912
37255,101.52525273468459
37256,179.67160584621615
37257,394.1468396691994
37258,237.81228497352689
37259,636.4783119349936
37260,264.9023607002672
37261,376.5231586326733
37262,128.39376289952398
37263,364.20716735322264
37264,256.6362796558598
37265,227.77574259852165
37266,250.81180746235708
37267,194.81144071203107
37268,168.08292426235752
37269,199.88738796876018
37270,204.54687290677222
37271,282.8997774949515
37272,485.2385754584897
37273,269.2557378747651
37274,99.89718325501511
37275,1062.379600127641
37276,283.92585509462384
37277,503.1069246898732
37278,223.01384259909617
37279,201.6130384781559
37280,62.77172065535922
37281,850.4596891142194
37282,502.38851009431426
37283,1023.1980652198062
37284,103.20635393825346
37285,255.76402850431217
37286,215.20026569536148
37287,234.72470966071555
37288,246.84103482937368
37289,2076.263954439054
37290,124.71278004909259
37291,173.8894569594535
37292,147.1993277477043
37293,167.51628609536542
37294,181.19913539550396
37295,295.11573671352704
37296,146.56027891813045
37297,377.63471026571807
37298,143.35331157300652
37299,320.177155615512
37300,166.20556690414227
37301,153.54755341538527
37302,256.7327771244973
37303,126.37407972181236
37304,485.1997779634826
37305,284.789588204147
37306,357.74466475275136
37307,279.84293461617733
37308,223.64775803663863
37309,405.44271308427983
37310,132.4030738880664
37311,119.6665967226
37312,206.96189301917042
37313,191.12052592409876
37314,217.70480227467252
37315,252.97213548476677
37316,257.02441444909726
37317,252.39021361792427
37318,255.93646136565167
37319,135.43397405064923
37320,580.000879268558
37321,274.3743934010863
37322,145.1625159455655
37323,194.17186093089052
37324,175.80720488458542
37325,217.4128371944447
37326,175.30860103812412
37327,187.10637115047578
37328,195.5704937343133
37329,175.06235249763967
37330,203.5094253000742
37331,273.24841076834883
37332,106.6868460979597
37333,168.98632694575022
37334,543.122837337271
37335,208.8841885248208
37336,149.98079998218859
37337,381.797873738688
37338,213.86787457086152
37339,399.40673096519004
37340,497.6195447572492
37341,183.74915825426805
37342,374.0717238273073
37343,238.9746865019587
37344,284.91824293612495
37345,185.03414973034094
37346,338.8512365293175
37347,118.3917103828847
37348,228.4502721628094
37349,111.21540911464892
37350,219.01402446239453
37351,116.65135566922372
37352,179.24430537217518
37353,416.457232069603
37354,141.9382196456035
37355,654.4573900240367
37356,159.74958768546833
37357,151.61201057426183
37358,233.6661122205339
37359,101.57825823961312
37360,218.38346479512435
37361,266.7978989994214
37362,304.5162346297596
37363,113.19066778321354
37364,441.3444421506184
37365,145.81067132171128
37366,85.56536481279944
37367,305.4985521056865
37368,208.42596361693464
37369,645.6317259015576
37370,1234.3449482243311
37371,86.67583922087496
37372,150.78656423628993
37373,306.9515369778559
37374,217.53973817729974
37375,213.85111466641408
37376,183.537622887998
37377,398.125018658104
37378,248.6697799754702
37379,223.57367141635018
37380,126.40797971612979
37381,130.3096546597698
37382,244.89059744928215
37383,266.4474847399819
37384,363.21360012793633
37385,111.77517731344467
37386,269.4060214292488
37387,505.45602395423595
37388,168.790993254103
37389,314.6874628041427
37390,199.02554870699777
37391,95.20451826947875
37392,982.0177560589931
37393,186.8622261147606
37394,502.42543941098415
37395,131.68807322477682
37396,334.89074333874913
37397,197.3133087651022
37398,124.35231393460565
37399,191.1830042314754
37400,174.1275235734403
37401,128.9912371306298
37402,237.55751847800565
37403,463.30277691008297
37404,199.40101226937747
37405,258.59156298269977
37406,765.7977050783779
37407,485.60604401375036
37408,123.25221342054353
37409,367.48590724660335
37410,142.56815777268108
37411,573.3607168031946
37412,285.4829345932334
37413,283.88352103552
37414,290.4049145286006
37415,439.51228290782643
37416,334.9056280504907
37417,250.50057294420412
37418,510.9915412657399
37419,99.4655857405174
37420,79.78921329503531
37421,308.1349506350926
37422,113.99814534909316
37423,118.36019726050915
37424,270.8938255322662
37425,351.69562022063724
37426,204.72283006595586
37427,288.1049175196132
37428,369.3041835751992
37429,177.80059405037335
37430,97.70656738662714
37431,131.35783955772646
37432,1256.3290065958
37433,195.42371783900848
37434,136.2230899339857
37435,232.94029802936467
37436,272.39760271362684
37437,129.4337412954726
37438,192.14574698485552
37439,250.33843732897407
37440,200.03549155033727
37441,117.45005932527681
37442,512.2258489107537
37443,237.1886989099521
37444,162.48195775380975
37445,590.0598594880408
37446,1260.5806628550374
37447,148.27301127513877
37448,129.01618636385808
37449,229.18610016630845
37450,179.83212101086397
37451,250.27026455799685
37452,386.31862261383554
37453,260.9972954993864
37454,273.0836784167706
37455,240.25408541456352
37456,107.94517415041202
37457,248.60891415936163
37458,83.44714289543954
37459,183.2789784452887
37460,180.161600079982
37461,139.90669821250054
37462,198.42798610363036
37463,101.5341056751809
37464,147.406374199262
37465,136.35996971394135
37466,194.4170023112468
37467,515.7519023036323
37468,202.16812880079644
37469,118.55721657822974
37470,185.0408923448393
37471,114.08716882474063
37472,111.29994491907226
37473,124.49676646728669
37474,279.5459752689221
37475,371.1357570876645
37476,525.9536481833915
37477,334.78479493789
37478,168.80879571287232
37479,224.1560415282251
37480,556.2182884469602
37481,413.9928605883831
37482,166.23906724478562
37483,167.5556106808083
37484,124.52539542233282
37485,177.4349380437694
37486,419.71382289710937
37487,751.0481722387465
37488,199.36747450824805
37489,483.98883474825647
37490,285.2430841579049
37491,142.19005483285153
37492,473.66851854497395
37493,225.827345025063
37494,134.30159418378742
37495,182.14020712492876
37496,290.24196394764016
37497,140.49257010089104
37498,290.996989774252
37499,121.0241094585675
37500,185.89766989776237
37501,257.75743699373515
37502,309.21098695950576
37503,218.2967491468427
37504,143.72039219165
37505,269.19398012684445
37506,167.9670163437209
37507,406.42618043930514
37508,320.6897729650231
37509,203.6990024157925
37510,193.24213331814389
37511,277.2083703870704
37512,344.2461246527898
37513,180.6467728594119
37514,457.4913390303366
37515,198.16201358511907
37516,163.7084219334161
37517,189.48917062574242
37518,229.2354462407551
37519,407.46050515242314
37520,274.9035003365568
37521,904.9376110391031
37522,189.67676630435548
37523,248.35846604689712
37524,393.4058911462244
37525,189.88897390833336
37526,161.836299837195
37527,213.4930169184214
37528,178.6102396926727
37529,151.47289897933507
37530,140.65788599087807
37531,118.28621779209314
37532,153.54221456309327
37533,144.6735055989323
37534,131.9218266555475
37535,310.66677642097636
37536,230.29584393218326
37537,203.4396123966945
37538,220.22313494217792
37539,354.07024052374703
37540,137.10654753824872
37541,195.73841828747956
37542,136.43216438574927
37543,116.01749746164587
37544,120.72667138102177
37545,239.5807484186736
37546,377.16587958183527
37547,126.08417020247717
37548,279.7245648016647
37549,261.34826251394315
37550,177.98292682889576
37551,173.02923142315416
37552,382.8808146577718
37553,192.53232553874795
37554,287.6020344608236
37555,223.62534440533625
37556,136.58639808714562
37557,352.5423743735238
37558,918.4406056127266
37559,133.87084012805454
37560,224.2567964191922
37561,315.51353975184713
37562,149.46014086681024
37563,215.10559976377104
37564,176.69928183272808
37565,208.73306329251977
37566,516.9794781434998
37567,1199.7324845785283
37568,1073.5269552733926
37569,137.0976380845844
37570,356.70487078124654
37571,179.3748807504768
37572,210.60832076617484
37573,127.8510283534071
37574,386.46920202736294
37575,277.6428895846646
37576,249.66676989823355
37577,568.2018055476685
37578,175.56157825645366
37579,237.88253861704865
37580,322.3713855866572
37581,111.07863047715006
37582,200.8202916517221
37583,195.04373863605585
37584,339.687997043228
37585,249.40792484349313
37586,128.9967249154195
37587,97.29342052422108
37588,156.28943794535664
37589,265.2532393097117
37590,336.6955605444786
37591,162.60580565892587
37592,254.14545003125048
37593,191.52596126200086
37594,218.4377516200734
37595,119.57264612833167
37596,258.92389752385117
37597,193.78030438050175
37598,215.83467479706027
37599,170.77959034964678
37600,230.44532086245349
37601,143.91510173440145
37602,158.974825713647
37603,109.25054344379853
37604,542.4070340234382
37605,111.82697957095415
37606,143.55101915515837
37607,122.75734092313763
37608,227.09812605457674
37609,114.81120778682299
37610,186.39493821722075
37611,156.11026911582087
37612,284.2923335690515
37613,367.1417096939864
37614,439.83060832023995
37615,302.22740180552194
37616,797.4763508295787
37617,160.37823051732448
37618,147.3642363793004
37619,219.8834207949452
37620,308.74147794696455
37621,148.8296053043197
37622,237.23797710400194
37623,206.17441194892743
37624,815.9033780309683
37625,630.579052246857
37626,127.26174525900863
37627,151.7066856461646
37628,142.29916275276443
37629,233.1365196273802
37630,241.404140334328
37631,161.619220854409
37632,434.55507885529636
37633,650.6270890342757
37634,584.1390953684287
37635,926.7800534963684
37636,100.89458218979121
37637,300.89644320739205
37638,104.38912086736816
37639,219.8834207949452
37640,151.56276839055852
37641,171.70649511898574
37642,149.52244426757056
37643,110.75355309106294
37644,482.4099501293715
37645,141.4675459248247
37646,527.827798468837
37647,476.80287759960714
37648,297.911206546221
37649,109.32038596661974
37650,156.9210435564278
37651,225.8225868676095
37652,288.30943578177425
37653,144.61347788737416
37654,180.23518773877558
37655,288.5606964636903
37656,225.6311398037694
37657,227.4394420973082
37658,100.07616248320477
37659,117.37565686224234
37660,137.35032732206952
37661,160.54386823187158
37662,257.41887319610305
37663,169.40668629235228
37664,232.19074971036352
37665,267.2718355597927
37666,211.29244496240224
37667,143.9949393034883
37668,251.94029939079408
37669,173.02912627729447
37670,140.98002578483255
37671,200.60326101956082
37672,349.0405059854079
37673,144.2797825617104
37674,159.11480896128367
37675,218.8400580248324
37676,167.52314359419086
37677,221.60585603394892
37678,266.71536797604654
37679,733.171409642019
37680,185.97511573557153
37681,225.94781446334176
37682,156.132631477298
37683,294.80312495231504
37684,225.4945353868653
37685,455.2061720269703
37686,274.2142134730862
37687,149.5766984993263
37688,306.41701910695946
37689,110.42103521038575
37690,263.7296993378075
37691,267.2870929699627
37692,111.36165642173475
37693,111.50787413938154
37694,304.8817074654078
37695,289.89043807272225
37696,265.6309152168727
37697,386.6952303555616
37698,193.4061234609775
37699,487.48748355944184
37700,123.66062214592561
37701,149.7262444813078
37702,206.54939886050238
37703,247.11888265364092
37704,621.5068541429795
37705,178.58509995751814
37706,566.90832329487
37707,206.28377748068016
37708,208.66186291999188
37709,141.11291624083896
37710,167.2028877542941
37711,123.99679141783173
37712,144.9851655788373
37713,135.09859073611355
37714,131.08383979013095
37715,398.44463814423233
37716,230.05398255773918
37717,157.9127550122887
37718,301.79385332087844
37719,229.67188672717336
37720,174.89409856086368
37721,216.99838556968814
37722,220.43067727529623
37723,369.1105581580035
37724,285.5850475044874
37725,366.39536130221734
37726,697.0692730977624
37727,121.12590650256935
37728,157.12429194077285
37729,111.64242212321922
37730,464.9369581286134
37731,158.23191867652272
37732,172.7087385674707
37733,287.14498294576345
37734,194.9519935630168
37735,464.0476896868865
37736,104.67520741849754
37737,423.13641905021996
37738,312.0666391552721
37739,265.5680570785334
37740,216.13968463191702
37741,158.9599427059477
37742,168.8781918051618
37743,393.75466780474255
37744,305.5762963925095
37745,94.18339038237517
37746,223.69155171648163
37747,145.3762975171542
37748,228.53697167305367
37749,206.27435579485362
37750,353.2481157881595
37751,150.79201078559402
37752,148.94135478394924
37753,191.65034944331208
37754,183.7758683007753
37755,148.1405968648696
37756,200.7865698366479
37757,292.0131209434969
37758,173.01575257007218
37759,529.2644501553975
37760,150.2492021578376
37761,132.87707718514486
37762,486.73671855252394
37763,525.7980195597046
37764,351.8972822682447
37765,267.8174378398626
37766,130.75515423150912
37767,143.69947924641326
37768,183.83806544249146
37769,237.26212880416895
37770,116.52801922996166
37771,225.75689665021056
37772,259.83630947017497
37773,111.96534224100186
37774,657.3808682902276
37775,135.59871243123078
37776,260.51910886039906
37777,113.25796604296924
37778,216.93794406233906
37779,153.24371546680487
37780,148.8581111954665
37781,142.5561947288813
37782,270.18190403918936
37783,210.51716065373452
37784,235.68700327551335
37785,127.8243704707481
37786,246.01989129973418
37787,925.6064352073711
37788,68.5131040220053
37789,123.7852643873698
37790,161.2634867500687
37791,203.2362217213544
37792,277.7902111957122
37793,297.6720877996237
37794,231.86312227364752
37795,308.7374469398591
37796,2092.6943400664127
37797,106.7657291082347
37798,149.6613581765614
37799,368.40688979517665
37800,204.78410359866444
37801,287.1008297991141
37802,222.08105447596003
37803,83.92536840899672
37804,230.14249982757963
37805,255.61006305303596
37806,252.02194539347505
37807,137.37920615010947
37808,195.15126728467047
37809,203.21481123085965
37810,227.86661298062242
37811,284.62965458803285
37812,312.10971530317676
37813,236.21982861361093
37814,277.99753487528534
37815,118.2230999812646
37816,159.71040242781726
37817,330.762658748355
37818,201.12186435416712
37819,466.70944478760333
37820,184.94926967534937
37821,428.730383874652
37822,89.58482032678162
37823,188.47465919736374
37824,398.9969846827551
37825,156.2704362343813
37826,59.78022735811582
37827,156.0431021684816
37828,138.46912692610084
37829,196.8721913403263
37830,195.2324336875306
37831,117.64782948367747
37832,908.6152907743704
37833,369.2447591889362
37834,609.9853027873328
37835,143.94062496934075
37836,135.89405903335498
37837,334.37601410795463
37838,563.1787412543051
37839,131.0789852797719
37840,158.8770840370462
37841,135.01935517691115
37842,88.01023877722302
37843,173.36080809124263
37844,493.1151517209199
37845,295.82572501886403
37846,209.9867519680001
37847,163.08640675494752
37848,249.47531335371752
37849,213.80558845455775
37850,157.5561041677129
37851,121.08241212753293
37852,549.5129092746072
37853,150.7340125243852
37854,144.22312698957614
37855,394.09617877926877
37856,119.4204374085808
37857,102.53154003463068
37858,249.6613993209572
37859,161.9097527163622
37860,316.3045992100593
37861,260.1970209927949
37862,413.11718304224183
37863,308.0678699256778
37864,213.43238885098455
37865,320.0093082942717
37866,1360.1436020087829
37867,225.73687503372284
37868,336.15088951102257
37869,143.462426192594
37870,628.3015556378107
37871,164.81532124013057
37872,333.4757431168202
37873,205.09103577906515
37874,834.4272576989898
37875,921.6727644412583
37876,76.84348913322913
37877,282.8877304923412
37878,380.0786008151784
37879,190.59165523613495
37880,110.43457715868306
37881,267.5707817296112
37882,233.15521906746696
37883,214.02766883269328
37884,116.64582424994865
37885,223.86366476701244
37886,784.959277026235
37887,268.6191680854055
37888,340.32446195372427
37889,265.19021156822936
37890,274.32812214901327
37891,257.4924976713471
37892,183.2339679972118
37893,181.58004589465162
37894,184.42201210615045
37895,649.1890026431495
37896,353.5628598561574
37897,201.86832046693397
37898,266.1918098008231
37899,244.87026259087716
37900,393.56721174856574
37901,816.8247762172375
37902,210.52924019621187
37903,233.94056223553181
37904,542.7220232934739
37905,327.06966005277457
37906,85.91318055665516
37907,320.58149527949536
37908,349.5083658474462
37909,170.20282907747787
37910,183.509769468534
37911,255.8039162490781
37912,255.53804575644486
37913,227.80029950887578
37914,75.05303342143267
37915,316.45144620081663
37916,151.53372104874612
37917,94.57586052883808
37918,537.883664283457
37919,715.84055860211
37920,324.87108358639244
37921,168.53380748576583
37922,144.20975550807506
37923,126.3872488522453
37924,341.2722676741601
37925,89.36024428981374
37926,192.50753900412178
37927,172.36987835250613
37928,292.72376674351653
37929,185.64279392040075
37930,343.5159775425074
37931,209.55456117112954
37932,233.2271728625402
37933,672.3763134893017
37934,131.642435450431
37935,204.21530473058553
37936,230.46955185989881
37937,225.3749910281861
37938,186.3461465761631
37939,173.58205720013436
37940,230.30129614103123
37941,257.10409427577974
37942,187.19386427615262
37943,1237.1322376327696
37944,137.2011503584408
37945,343.0415112929789
37946,490.40452718001967
37947,111.03799467981058
37948,257.90474943236865
37949,368.14159320416604
37950,246.5216500804818
37951,187.34755899104724
37952,402.00549191446925
37953,148.99012284100746
37954,207.42525225944658
37955,113.00357567204745
37956,204.86381652894553
37957,99.28986218550932
37958,120.48530972776292
37959,803.0964248959954
37960,186.06870467199124
37961,223.37415391215737
37962,188.6191843608825
37963,220.86115226067867
37964,299.15558687885704
37965,275.33765280184963
37966,196.40359617079193
37967,365.8503523642601
37968,137.95354453806578
37969,177.71577087614796
37970,386.42075093540575
37971,427.07208533396783
37972,118.32070216188043
37973,205.74254582410438
37974,384.13658079203816
37975,229.77239999862744
37976,106.74148700575935
37977,192.62350198227938
37978,242.2633166133846
37979,209.27340681991978
37980,162.80609160363667
37981,366.44028980590986
37982,245.9855095642673
37983,211.98975238238708
37984,335.8407331634859
37985,129.7989363263126
37986,143.91734316644056
37987,276.7075764695928
37988,229.99211633712832
37989,189.4530149800949
37990,710.4642796182885
37991,172.71481648960557
37992,243.15850390307642
37993,260.61641180573486
37994,130.1019376597152
37995,145.8112587157296
37996,142.3714523741626
37997,212.28458536513472
37998,110.60511836928646
37999,136.30955801122758
38000,182.00517634632155
38001,207.5256781650457
38002,93.14518507034684
38003,106.1675954736777
38004,74.70537104892767
38005,188.81315956328348
38006,163.28852027545167
38007,489.7258148742844
38008,148.1602718755137
38009,234.28805154701644
38010,270.83497220878337
38011,326.45190281231476
38012,139.00336974105613
38013,235.50589661343463
38014,429.6882015279128
38015,347.8631571813393
38016,133.8957556342834
38017,150.63260822376608
38018,229.45163036962174
38019,250.6726376698814
38020,163.03543964437665
38021,216.48867663710914
38022,208.8288416634541
38023,205.7961089752265
38024,139.84726600830655
38025,130.21011829504474
38026,92.07920645749225
38027,308.0495038408869
38028,712.0412815895513
38029,154.7883435220798
38030,2012.0384892701748
38031,149.7045968318589
38032,67.55412595480048
38033,369.6934849278731
38034,172.3467320194726
38035,184.99192722092036
38036,176.48819597430358
38037,262.0171745730295
38038,102.0066795107019
38039,256.7943545831924
38040,214.74936665977418
38041,323.3452402925186
38042,477.3692553431084
38043,221.50589974899788
38044,287.73405979277396
38045,249.36688209789514
38046,163.20096980102792
38047,198.2826919576453
38048,503.5989080746942
38049,382.9733825504949
38050,248.88713907253634
38051,782.9572578517777
38052,187.2747479994907
38053,336.5827309806037
38054,568.0488645040626
38055,339.6186478387703
38056,245.3533099417052
38057,144.64756574669062
38058,143.8309808711877
38059,219.4068606406662
38060,462.9876951288843
38061,138.9676916991419
38062,780.6022829806664
38063,298.9362493459805
38064,71.62540430637806
38065,148.3201318432995
38066,250.17787830895023
38067,220.50769712413316
38068,468.95498777531566
38069,219.49156958374604
38070,452.3480008182892
38071,156.53029035001933
38072,355.14414457434214
38073,150.54344605948563
38074,496.99241807682455
38075,100.20088419486933
38076,232.31494861230706
38077,608.0797414858381
38078,174.4498401949114
38079,229.07232026721502
38080,330.16668603189515
38081,283.92059949682306
38082,408.35682409072155
38083,174.6042559411522
38084,344.6943782666227
38085,423.85608209876676
38086,361.5211038724154
38087,574.4936791113157
38088,181.7055821872749
38089,259.31920355527774
38090,186.53280705885487
38091,121.8238675941159
38092,114.44973235227248
38093,227.54447476748757
38094,416.3274294753095
38095,241.66624388752962
38096,275.0343205308502
38097,198.32743346452753
38098,284.0911221456085
38099,682.2578709029981
38100,349.0321567791663
38101,153.0424696960976
38102,171.32911324276145
38103,96.35630019413807
38104,166.75844443801506
38105,309.4397869968184
38106,229.43919469516592
38107,83.75190382506787
38108,167.8403383836349
38109,938.866131512893
38110,60.94923487073302
38111,689.6931058008706
38112,177.61417777802512
38113,223.84950596726839
38114,193.75838230560214
38115,633.7543447722879
38116,223.25580628601156
38117,154.1180347418028
38118,130.32926237245368
38119,360.96271596381564
38120,339.7941810205917
38121,137.90732690123738
38122,277.7594081644703
38123,313.7959648215312
38124,188.03402019892985
38125,234.3598420474015
38126,178.8265663794926
38127,415.70621808833823
38128,282.6117028788968
38129,188.06890560361316
38130,880.0415642875791
38131,449.0056835423261
38132,387.8744215100991
38133,191.73810098027533
38134,191.4958684072518
38135,402.0441245215085
38136,119.41129850494029
38137,166.53652261862962
38138,388.36932145952346
38139,231.11836636710632
38140,627.4089732809956
38141,403.503740227648
38142,367.69163643844473
38143,136.69228307793554
38144,130.20582007655196
38145,327.6466133926756
38146,320.22489822190147
38147,531.6293544755736
38148,215.66341541910333
38149,200.22494869651524
38150,173.62624850920398
38151,310.788657481869
38152,87.95309670450138
38153,225.62162972429277
38154,94.00183516400222
38155,264.69139265844194
38156,232.01556068743847
38157,121.4379662012439
38158,259.6812606217395
38159,222.4539934374936
38160,714.4930976617159
38161,261.7210374183393
38162,278.4799584863933
38163,412.0988427649349
38164,152.6449953852824
38165,153.2274628098337
38166,443.84383463099675
38167,206.14816564088684
38168,198.8525233062733
38169,651.0612989195187
38170,180.19312654547838
38171,358.9167670905588
38172,220.88337001924864
38173,200.34457790763364
38174,446.1586878213102
38175,208.3250453301509
38176,390.2675103315654
38177,249.1202039962307
38178,425.48989426818787
38179,212.35228714711496
38180,227.47370475216744
38181,177.30400970096534
38182,186.59477561399135
38183,290.3434438809283
38184,411.5330190575152
38185,106.19464595854674
38186,262.5640009200021
38187,202.22864106650596
38188,266.79040089634697
38189,395.36186075387525
38190,196.47581497167565
38191,192.0263355706772
38192,167.84063822019328
38193,386.6517568871917
38194,445.17217440751193
38195,132.92400370348224
38196,241.54308924386476
38197,93.86912895424075
38198,168.778889154496
38199,278.876924452539
38200,244.99461438622967
38201,125.87523089724606
38202,165.09400891105545
38203,250.4940706360024
38204,152.87962221249086
38205,187.9035402704956
38206,248.83876909097023
38207,181.7491079748667
38208,247.49010110005574
38209,152.63210675629236
38210,237.53270584739815
38211,421.2896484418958
38212,222.03872253606167
38213,502.23388972949454
38214,150.52412962275778
38215,127.20768010457384
38216,169.71344073321632
38217,193.97371014761958
38218,179.21181753666343
38219,243.14103742799728
38220,195.65155849006078
38221,458.94143887925384
38222,166.73981982861537
38223,117.58316642689451
38224,230.84571134136067
38225,140.90997218664018
38226,208.67549807270854
38227,135.9018151378082
38228,637.1070427519242
38229,146.4632848538793
38230,261.73858488419404
38231,175.1646469306234
38232,131.28580203256578
38233,163.65144124897674
38234,304.5944963996038
38235,350.7695903309455
38236,669.9781459645936
38237,253.45345188483927
38238,131.6659642200869
38239,271.7590596382151
38240,119.7754847269991
38241,112.5086035278435
38242,169.53094203093224
38243,226.30510801007915
38244,223.20333331227548
38245,188.84536149973653
38246,145.05805530046885
38247,411.7118920533031
38248,122.27566517042361
38249,334.1424520134035
38250,68.66139443818561
38251,235.1882374554142
38252,231.62881899928635
38253,385.92826594641497
38254,151.2198962547093
38255,126.7554038228855
38256,120.06373002824235
38257,223.8696118024442
38258,154.94053586896376
38259,241.18560259794504
38260,168.51473449057744
38261,99.33903938309858
38262,217.349598806417
38263,152.1283755553272
38264,281.6901205750826
38265,302.5259141298293
38266,230.85796358725494
38267,305.2242291724117
38268,160.8268168501742
38269,134.39968296428597
38270,856.6639411495497
38271,356.34314122672345
38272,160.5606814988747
38273,176.47020683672338
38274,223.16036391635873
38275,80.94540076734776
38276,171.21351482201385
38277,250.5433725491634
38278,171.03235507794554
38279,237.27992197107918
38280,273.02282824140224
38281,106.68336903807509
38282,918.409694362319
38283,307.3452606114321
38284,363.8051156755749
38285,944.6326374340099
38286,282.5417174188634
38287,224.17211838526285
38288,119.13958080665998
38289,212.3862728898259
38290,330.9822835397997
38291,870.6292262793482
38292,105.1928215657046
38293,131.60268962554844
38294,144.82654155801393
38295,213.251100690415
38296,146.02947079156075
38297,122.20111108029168
38298,289.06805536753023
38299,259.33374294647206
38300,119.79293993756657
38301,260.0136823198867
38302,272.1379483520525
38303,278.99053970324394
38304,128.16158854884026
38305,361.3790018198273
38306,272.3209824488107
38307,241.42186466320553
38308,275.6776676072741
38309,122.83183835174248
38310,401.20823296998844
38311,226.44540856114733
38312,229.53600010976862
38313,194.5073542857517
38314,104.13572688777927
38315,163.77119239376117
38316,146.5498150420176
38317,95.52162539312333
38318,261.9257909614145
38319,195.51621985240698
38320,508.0664508072177
38321,210.91372612248827
38322,170.6880830741221
38323,189.7275033125715
38324,514.9967976673248
38325,163.2153520731758
38326,400.4361711312184
38327,142.78766304540954
38328,174.77348126919136
38329,340.62570733134396
38330,349.2712292658667
38331,132.42954200472678
38332,125.59478447860916
38333,263.9261345830647
38334,196.1870912394897
38335,232.80533695970806
38336,324.4239001657692
38337,94.0981301454069
38338,156.7060964264547
38339,344.66972404357466
38340,237.55262758003002
38341,582.7552607632261
38342,442.0424241772605
38343,264.41289397752485
38344,132.8480272700291
38345,176.96157439370344
38346,213.75592673891416
38347,522.0900278969827
38348,429.31912868706934
38349,221.95901525369158
38350,87.87117438486267
38351,178.4679090486644
38352,148.26086540755702
38353,672.3606728475337
38354,117.79134093725169
38355,259.1450766181232
38356,214.56501781490283
38357,293.3495637607345
38358,275.8994022232737
38359,138.75464969281506
38360,273.00381277343394
38361,151.07404883113244
38362,856.1691334736856
38363,1229.0460233987965
38364,309.73464065892574
38365,167.15985693015088
38366,254.0991280631206
38367,91.75239566046969
38368,97.33185194785507
38369,247.37413902925087
38370,213.92761413224636
38371,279.5198995561585
38372,303.7840006110188
38373,235.21236773932824
38374,142.74221683401768
38375,1364.946568906639
38376,211.75874106945622
38377,251.97946293421626
38378,254.27528857664765
38379,189.76560638090598
38380,220.69391109607147
38381,220.14549421054508
38382,229.56966056922948
38383,355.52185536980585
38384,305.02425135584946
38385,282.3978263910084
38386,111.53200527103549
38387,271.1040492509223
38388,274.7070411819608
38389,368.4036375363286
38390,113.71631786152074
38391,271.35583064671886
38392,160.40378061055426
38393,192.62195077784327
38394,272.45757961013817
38395,671.2255673821021
38396,303.91522249911344
38397,202.60616125461632
38398,164.1312130076593
38399,207.6275974553327
38400,200.6821218308175
38401,182.20893952631812
38402,385.96902331005987
38403,165.11734424909488
38404,123.99569900842572
38405,205.9432232858441
38406,275.59679796897984
38407,347.75590370718066
38408,193.08036810443758
38409,149.30613957286354
38410,161.66177155055385
38411,177.41185976458746
38412,342.6951524516842
38413,153.58710828956097
38414,192.6757190928871
38415,126.38036974021092
38416,205.09278348826405
38417,930.4864133374386
38418,256.4915718986748
38419,109.18900768452588
38420,254.57444485308
38421,369.8464723373941
38422,94.4853807210408
38423,184.63441485983768
38424,864.1184975802344
38425,248.24743558034925
38426,158.0697991357876
38427,1000.3454211024346
38428,220.78762166590724
38429,248.41485643783122
38430,151.56215682945088
38431,127.96259123754518
38432,519.2706443725809
38433,146.54342097756287
38434,457.61658139880603
38435,391.9179927071615
38436,149.17768070921232
38437,204.00959365247238
38438,216.35422427370557
38439,203.07606681627257
38440,397.87958443028015
38441,373.46259031816584
38442,264.2510798672608
38443,328.4417122107956
38444,616.162619624494
38445,327.82547862265415
38446,238.98038358981933
38447,311.053509242035
38448,217.7805671819172
38449,258.5446924872558
38450,239.70421651203344
38451,704.0486700679592
38452,195.61289642980574
38453,225.1555852021751
38454,130.33091881494343
38455,152.26220118582458
38456,146.58681144909352
38457,269.8672654321323
38458,131.5384127882667
38459,1076.4866790392498
38460,195.56839781433615
38461,221.16599716592836
38462,662.2332703811225
38463,143.92845953134557
38464,193.26800690015267
38465,424.2177428688606
38466,300.7195344053799
38467,283.71343201533523
38468,501.517606094109
38469,174.82018372586154
38470,251.56018059546395
38471,199.23202601714522
38472,195.02644221601392
38473,217.97126234188931
38474,152.99540372113196
38475,228.5420264221891
38476,322.02845258287454
38477,260.3736539720634
38478,560.945487345054
38479,215.7584863734292
38480,179.58741453449372
38481,398.51143256461256
38482,410.25684486541195
38483,131.50369936481746
38484,177.73783051682554
38485,118.97999131895428
38486,127.527861244346
38487,286.3411146740991
38488,167.43337234166245
38489,209.5546940620864
38490,152.6067151110913
38491,375.1988727337055
38492,266.56901808380496
38493,107.24236085849344
38494,156.62741099960724
38495,456.8364471637697
38496,291.85034378809667
38497,349.6444090709771
38498,194.26319869635938
38499,303.88025522438943
38500,252.44919965166343
38501,203.82079447145128
38502,138.4472927134323
38503,196.98872379177794
38504,115.57376743100963
38505,326.39348760773714
38506,231.48903283906122
38507,160.23151592812246
38508,118.58012571736081
38509,211.87698206231596
38510,269.8577824469202
38511,484.15215984031124
38512,144.03758705840352
38513,123.73787316462945
38514,162.5470405543384
38515,712.7213651431036
38516,252.2451888010878
38517,179.7568221742608
38518,175.96590219297525
38519,333.7427684694156
38520,171.95581971688125
38521,170.57737833731463
38522,372.9232924463248
38523,223.05575360990028
38524,153.11877858380532
38525,293.7750956289014
38526,226.18963281995812
38527,714.6392995633636
38528,434.95236806019165
38529,281.2566049134881
38530,259.54112017142984
38531,515.4906944870895
38532,90.87354721269557
38533,152.25916085855113
38534,138.74816611442168
38535,186.73661823361726
38536,215.39214001966297
38537,134.35324484350622
38538,359.5479443843807
38539,179.79855302032087
38540,516.7337724239738
38541,101.17335809966752
38542,204.64227566898256
38543,135.96547071582233
38544,122.8512496529865
38545,342.6293513144305
38546,211.45501132507175
38547,316.3740857268047
38548,617.7531282396936
38549,198.43571915379312
38550,454.50481693122276
38551,1015.4803740220875
38552,108.34863547392622
38553,154.68298156777985
38554,172.55546817399727
38555,311.83287091268727
38556,462.9741916638363
38557,264.9285498699079
38558,129.13728324398429
38559,168.92280899944188
38560,402.84210487865164
38561,186.55511824276198
38562,195.20305065543994
38563,142.49643826628852
38564,255.07833225712457
38565,81.44909755401521
38566,417.7726113073337
38567,167.73908826680312
38568,239.69125223690813
38569,89.49347829748116
38570,199.25287257823857
38571,146.8024085490228
38572,193.0683185689495
38573,506.7597348026103
38574,256.7559332480282
38575,208.66504198821806
38576,235.2869642683712
38577,331.7524901455839
38578,176.8324465547253
38579,303.92445145163333
38580,166.10018606600127
38581,235.62995762766377
38582,137.3756933298202
38583,121.22615494658497
38584,132.31921109742325
38585,598.4311717511667
38586,133.49479912456647
38587,396.25934056495856
38588,171.9693863096166
38589,844.3817602142254
38590,240.48242902768465
38591,129.36647261710678
38592,160.3072161343866
38593,173.95431204240214
38594,413.47137626795706
38595,235.2488119452386
38596,78.90430326640615
38597,367.95683736873946
38598,234.50401127245615
38599,172.62554300687052
38600,155.56523782106234
38601,693.1990516674481
38602,308.0434437774028
38603,233.8660639102744
38604,159.3143793112543
38605,247.10305619145586
38606,232.12833736117028
38607,126.17594825247983
38608,119.58517780882424
38609,245.60497533186816
38610,267.867778998035
38611,134.08622391201055
38612,246.4560323583509
38613,88.87828842572425
38614,175.5422078613753
38615,122.29581876435083
38616,427.1997358897584
38617,121.6261877112021
38618,233.95735876461964
38619,470.2103909974723
38620,137.4803722596587
38621,168.0305966112263
38622,175.4434773815167
38623,125.9936471204185
38624,225.9321337086978
38625,1199.2860260651046
38626,229.57024808754093
38627,315.1817400099846
38628,298.3708410352809
38629,210.97115924217795
38630,190.16518611410254
38631,715.0708914876219
38632,126.53351909162974
38633,97.63135103700331
38634,146.52426187341342
38635,319.9637862853717
38636,121.25517870601993
38637,153.78067500257706
38638,198.59130013493476
38639,198.92557071956017
38640,446.65113685227817
38641,502.97348957262676
38642,204.28630896867702
38643,138.02149689633887
38644,271.11557680414353
38645,430.8277117863717
38646,131.87594177375303
38647,145.0374644223883
38648,199.59259826118608
38649,112.48367777803824
38650,223.06211076812022
38651,86.93613136511932
38652,215.6829799208445
38653,591.704864119961
38654,246.5997890316484
38655,189.07062430944384
38656,257.48439732830457
38657,207.05813947794033
38658,185.2400959374178
38659,308.85431230676295
38660,167.77115339348353
38661,456.86784600174866
38662,528.9972075061586
38663,1058.1877515951091
38664,198.9809017512307
38665,128.15838502384338
38666,382.03195240978926
38667,242.0691207427632
38668,236.00802671591345
38669,421.7390150900443
38670,168.8705015977794
38671,207.79079846198314
38672,199.07403584338635
38673,140.04463948017667
38674,202.13821917273077
38675,217.66386231149087
38676,248.03491381450038
38677,460.706815435592
38678,163.71509100601313
38679,177.48867587986362
38680,167.5704878304731
38681,192.12271902388122
38682,311.4436441988928
38683,626.6094176630755
38684,160.98409418392836
38685,363.53915728140305
38686,101.94972983829025
38687,217.222735513093
38688,135.34077662031237
38689,215.47828055001318
38690,633.7512552587845
38691,337.845544724963
38692,211.03904440211343
38693,89.4021858802174
38694,182.6278073547448
38695,113.85907606786581
38696,213.96596927578025
38697,156.03132764600724
38698,191.0455643676974
38699,161.0696180252213
38700,213.5493198779128
38701,228.0126694225364
38702,202.29397413395017
38703,82.86373244684529
38704,158.36973400522876
38705,528.1799011187425
38706,84.6050907520314
38707,181.85705042364486
38708,301.27176461386546
38709,226.9316474190812
38710,214.40925917278236
38711,198.1532058273655
38712,374.74186709125627
38713,511.96999430925865
38714,157.64156069566008
38715,1488.6398675640776
38716,252.94280886360875
38717,446.0560827678252
38718,255.5719304243283
38719,162.50507829212
38720,125.12746162065912
38721,309.0745797220461
38722,175.02971809478862
38723,99.59492811142313
38724,431.39731546354517
38725,213.1787044849751
38726,260.7995132896954
38727,1126.9193916733363
38728,654.6092886816693
38729,187.70728441636274
38730,237.351148835949
38731,351.68968528809523
38732,453.6390713021749
38733,1185.1126879999144
38734,182.11981209462652
38735,142.43197957305847
38736,559.4463310323289
38737,151.12382917282056
38738,241.81465117896337
38739,263.90878202544286
38740,235.22329449172148
38741,169.43014087016357
38742,845.3583419523166
38743,300.514127169348
38744,479.55882817358054
38745,164.81109005093816
38746,314.1757628798445
38747,139.87961241325968
38748,199.12769193423762
38749,285.7581651786855
38750,229.22890984434758
38751,221.5398242823342
38752,161.8933703497182
38753,559.264850586679
38754,205.64342666487485
38755,1259.623373887252
38756,139.48015894460724
38757,145.6671186657299
38758,169.33490298002658
38759,261.9910254543512
38760,476.897585288798
38761,318.1023641416652
38762,175.6474269615384
38763,684.3455581582598
38764,119.3948136889478
38765,232.76650804489014
38766,215.9099617709201
38767,263.18249647426063
38768,447.7128663851371
38769,672.302454864373
38770,102.12962153142067
38771,472.5661910905797
38772,262.77834988128075
38773,174.43678868364265
38774,568.0899731710988
38775,201.57481222139927
38776,470.7594549537471
38777,278.97730541533156
38778,467.8732263348957
38779,177.34628565462876
38780,347.10776408328786
38781,106.79899465553427
38782,911.1520645375127
38783,130.51311568071858
38784,110.84281107158853
38785,241.7669445815395
38786,219.4048562267733
38787,229.40805928908418
38788,161.79707704622362
38789,278.66721882758867
38790,204.10643132591778
38791,182.19250919188926
38792,196.43101962529198
38793,224.85328439194168
38794,110.96499800800171
38795,131.5614404818425
38796,188.44729099040572
38797,123.80859627048918
38798,195.58333683888674
38799,343.151918100141
38800,277.97492110451265
38801,303.64147571149795
38802,266.6778715803803
38803,194.5043799545246
38804,270.2303682914816
38805,235.21716612879945
38806,256.2938562602796
38807,535.0162494659714
38808,397.1672704348521
38809,224.54800459411078
38810,231.30690654060564
38811,343.65661352349673
38812,326.82676387154174
38813,200.804780615631
38814,189.48183133464673
38815,266.30067750737817
38816,239.74796274656435
38817,383.1993212901265
38818,278.75341635841636
38819,144.9475172214179
38820,160.3844249023017
38821,715.074210337296
38822,218.66689095361346
38823,267.4314662678258
38824,87.95819524664198
38825,166.16128016513568
38826,268.63638958682463
38827,452.66738418830164
38828,311.9540094810569
38829,173.64252449068476
38830,397.2550801335793
38831,180.490120586345
38832,209.8578292319593
38833,203.29195401284744
38834,238.79238002680592
38835,218.29794548598267
38836,225.10070935688765
38837,236.84709589551028
38838,145.63731684865988
38839,694.6093612192958
38840,98.73563334409313
38841,369.39815296617604
38842,191.88002835956308
38843,756.6639200001395
38844,104.84069542182286
38845,222.8248576079057
38846,155.21720674337107
38847,346.93188628834423
38848,306.82828724901265
38849,156.59739134258177
38850,166.27823753776192
38851,105.37812716723523
38852,174.00757354273847
38853,270.0757895079261
38854,162.28115714960666
38855,200.88231405466388
38856,269.3423863729432
38857,242.919790553468
38858,87.9750781278452
38859,225.88752709486752
38860,157.8964781358043
38861,338.38792700693955
38862,897.4174531628549
38863,224.03283939519616
38864,126.19332916921542
38865,270.46907305792394
38866,153.6239464062488
38867,338.12900290748036
38868,423.4578931031605
38869,81.54043611541246
38870,756.4996249804229
38871,295.58601588452314
38872,702.8039353192161
38873,239.26522750609465
38874,227.84771638009727
38875,335.34563761194426
38876,215.38874817783233
38877,214.77597013337592
38878,150.39966366213505
38879,262.2437786628095
38880,147.72091521856842
38881,337.84915474791785
38882,126.49491710338833
38883,142.72390795513212
38884,145.41815627199833
38885,200.59503734294483
38886,169.57400208860886
38887,678.8943775020185
38888,284.432729873069
38889,191.2655177323444
38890,143.48214574598168
38891,131.0520079923896
38892,322.39818809923855
38893,527.820924724342
38894,233.67651076246156
38895,220.4252700416518
38896,151.37080583032156
38897,233.301308699396
38898,168.9250976596507
38899,298.4989817747123
38900,93.65867654008257
38901,257.86265660538606
38902,128.65505429128302
38903,161.531542905526
38904,191.00512823679992
38905,165.91092939861898
38906,238.63923328845814
38907,304.4304852916654
38908,206.04784530550268
38909,346.60031196375274
38910,257.24813280535614
38911,128.48443586052437
38912,178.2087981095401
38913,356.6893749587042
38914,395.9768389168428
38915,276.4386775974375
38916,184.08244008268267
38917,241.34743583573308
38918,1399.6425328448804
38919,198.3644663714901
38920,226.00989781666675
38921,214.6549236574961
38922,193.11298614644937
38923,248.23922183546998
38924,218.23613166306927
38925,688.6594307140821
38926,546.8375451227835
38927,210.69668826257995
38928,162.16145956989712
38929,139.55740596074767
38930,179.8364058972116
38931,233.06730192521283
38932,103.15877536061585
38933,126.13051775488994
38934,481.6399862498137
38935,270.18267610080113
38936,429.6383619816476
38937,167.0974615287112
38938,294.90001165154194
38939,145.51177692882817
38940,84.23232050133971
38941,108.72578369208777
38942,162.00658444315934
38943,415.31737027651695
38944,153.78060411736502
38945,323.3421397604189
38946,585.3876863671132
38947,326.91946932938964
38948,141.00299168170326
38949,119.11283246458757
38950,206.6932963839484
38951,221.06698182565628
38952,215.41852187360405
38953,145.28300951365446
38954,221.27473697575954
38955,140.3579118501039
38956,255.48827747638998
38957,715.7665982289072
38958,240.98601293968534
38959,229.88050045821436
38960,162.1416134661528
38961,135.95382248296244
38962,161.4769324769666
38963,339.53973325917343
38964,261.58087501108355
38965,1082.9201930669954
38966,274.6166882484169
38967,260.4113046188465
38968,252.2553328865565
38969,1016.8966606100652
38970,203.46421422136683
38971,131.12639761164533
38972,176.97058466858874
38973,144.59733316212797
38974,460.32265454218134
38975,263.4676251416686
38976,181.28351662670357
38977,294.66349652010354
38978,127.8283405136468
38979,152.24746530596977
38980,427.5104134946417
38981,113.02369988811998
38982,132.2145719233125
38983,143.46737991471153
38984,248.92161405810964
38985,358.11915008996203
38986,599.3854249453976
38987,254.9134739704621
38988,422.80986834279287
38989,138.62166163984466
38990,153.8334236535013
38991,608.4092087775236
38992,192.27468795256613
38993,185.54740326110417
38994,242.92548777880535
38995,233.7127585950741
38996,316.28087082085756
38997,216.36375056678048
38998,141.8690589681039
38999,108.67724683470193
39000,228.46322319630372
39001,189.57985704236583
39002,201.00173540570543
39003,375.4088637521342
39004,111.4414232406772
39005,151.23632533230497
39006,167.68311767470576
39007,112.34088098408617
39008,536.2647495841568
39009,197.3874198048323
39010,131.39244819764573
39011,208.4255280538003
39012,235.1733397268185
39013,836.5520929868298
39014,303.40458387347877
39015,225.145154797184
39016,250.9807743838886
39017,194.4921248457308
39018,395.9252935167038
39019,166.7258102651823
39020,222.25802135836588
39021,273.93361584279717
39022,245.90248556300836
39023,172.6434788889769
39024,190.64525910331506
39025,235.32138879920413
39026,456.68229418019456
39027,271.89154480802637
39028,157.80793029967379
39029,289.11324807114266
39030,185.34425961290935
39031,966.684805985981
39032,133.65667853115642
39033,144.78074755085743
39034,328.95556742271765
39035,194.64009814568985
39036,134.85022872969
39037,155.50635972632156
39038,2202.59287361765
39039,315.11788934527806
39040,154.8867596021788
39041,305.21195372214413
39042,287.16342056629736
39043,365.4273131243042
39044,158.43343539932303
39045,138.30361975845838
39046,276.8549788141119
39047,192.7635441483792
39048,282.8154634955372
39049,443.79078130657234
39050,125.88193286365797
39051,708.1043764510503
39052,280.7590602424233
39053,129.1835218646528
39054,158.7901918572407
39055,866.8807320501195
39056,281.8730237041294
39057,343.62593190221594
39058,272.9478593653302
39059,393.6227389525651
39060,327.67944093561175
39061,332.3066001793921
39062,257.43832013111194
39063,157.3532025709435
39064,160.62038090250323
39065,194.88117041742746
39066,115.54867720982102
39067,193.91719761429027
39068,484.3290670718471
39069,178.4427627315253
39070,253.69026197025877
39071,1055.4837544005989
39072,153.42025591853155
39073,211.92836643085556
39074,245.01815491580632
39075,474.79774067805903
39076,313.7575945502236
39077,459.08020261652797
39078,214.63726309468524
39079,475.9681055794145
39080,200.45909923264813
39081,822.9334622813824
39082,213.6388823122946
39083,601.9369743050296
39084,100.54837693487451
39085,583.7540770366563
39086,107.54224560137995
39087,227.103797726005
39088,172.2406068476605
39089,162.2475547055354
39090,200.52029959781407
39091,135.66014414509638
39092,145.15812759837684
39093,146.77872589868718
39094,217.61005686222063
39095,192.00210928685226
39096,347.46033176133005
39097,548.5141401906417
39098,258.9145868148856
39099,424.24605617800114
39100,163.29642766249958
39101,409.54610323838614
39102,151.39582067464428
39103,116.03213241623192
39104,518.4811891414017
39105,252.61002913721944
39106,185.43317513876005
39107,563.5307182965907
39108,186.72546697502392
39109,290.0232933616177
39110,416.71256150516814
39111,143.56291436830577
39112,278.8062467996384
39113,162.85687871898594
39114,165.81710120643098
39115,176.39834692823163
39116,89.75457240395706
39117,564.323804396159
39118,245.29253770482507
39119,1147.1824960869026
39120,124.15988149614984
39121,156.1760926186868
39122,424.12455151629723
39123,285.1304515002061
39124,259.8051053385044
39125,209.0667662611443
39126,305.49342024453773
39127,658.1319413633847
39128,186.83446775208984
39129,146.37642884115672
39130,581.2052979207484
39131,288.216219453532
39132,119.55069052489078
39133,290.1597250018026
39134,152.34998381036434
39135,298.3455013859629
39136,214.9541400766657
39137,174.78455781572245
39138,395.27014836917266
39139,408.96075208043646
39140,123.40476139639523
39141,203.86238394006577
39142,224.4289974295917
39143,285.75072712342075
39144,170.71098116338032
39145,114.76829557939038
39146,170.66627019868983
39147,227.12020522319324
39148,196.7339496513684
39149,74.30664441025948
39150,260.79992494431684
39151,297.79610528310565
39152,426.89878315827184
39153,159.57730072926063
39154,113.99080972365338
39155,949.8574017805014
39156,195.56880415994837
39157,157.01241477581803
39158,625.5129927602378
39159,226.74747356667388
39160,156.8132713000534
39161,137.5058964801076
39162,328.26656562855084
39163,165.96889326756835
39164,393.2411587605725
39165,164.76324589458773
39166,80.09634166914957
39167,158.63372272239158
39168,78.98785190116838
39169,227.86661298062242
39170,74.01813136510619
39171,156.5307611256674
39172,308.1725618021169
39173,410.043432323443
39174,157.56732076379046
39175,134.3591197316933
39176,186.49273996917051
39177,95.81089962357817
39178,167.7176616459002
39179,155.71945504848057
39180,267.44662709564005
39181,191.274674407771
39182,163.45145447539716
39183,632.953003014262
39184,323.5447686915045
39185,519.9947818968994
39186,380.9116514686187
39187,1001.9106804113799
39188,112.49714187912625
39189,78.85355841042204
39190,412.64088987237363
39191,230.96638526128737
39192,216.40140738269687
39193,715.8287209430274
39194,179.73360047074308
39195,177.7050528353554
39196,178.90822654940547
39197,583.0067129178174
39198,193.3528529018059
39199,253.09490731299303
39200,466.4531602624767
39201,234.75480645074074
39202,142.78457050280787
39203,136.59816817362918
39204,139.18944748508008
39205,273.96253371099755
39206,260.20892485845746
39207,427.722376812867
39208,375.693004191256
39209,246.11363232237133
39210,109.286783922797
39211,340.05956529987424
39212,162.2247205067927
39213,258.78511900275026
39214,235.1452897506369
39215,96.80291866957431
39216,294.62774671615495
39217,212.25454460893246
39218,270.2616786166771
39219,182.80494668900587
39220,290.1947356590724
39221,366.9434915228633
39222,280.90932046375985
39223,511.1381553123188
39224,235.74158989993373
39225,392.61331817294774
39226,160.72293620094834
39227,364.2264240289804
39228,235.71017687531682
39229,128.30835286265156
39230,922.1300639636422
39231,253.33159674752943
39232,205.36222210176373
39233,79.72723568618673
39234,171.3590351198123
39235,661.8349524979652
39236,342.6592809633196
39237,218.2506130741519
39238,244.3275334384065
39239,285.0254311224623
39240,341.19588790734673
39241,183.27933191213026
39242,122.15754910464055
39243,256.43807496463177
39244,600.7295479108251
39245,54.89008334418539
39246,158.47403074702405
39247,210.3518338948652
39248,244.23672435237106
39249,264.8942794156835
39250,166.02191585919778
39251,241.1127837264651
39252,250.8267751318427
39253,172.59368529667145
39254,211.8206795303714
39255,294.99087070264943
39256,206.3580558791251
39257,143.8922431586259
39258,611.7148253995451
39259,287.57249451762726
39260,267.02783220025344
39261,159.2282963636705
39262,228.2065197599347
39263,267.2330265452416
39264,257.7062332150135
39265,166.05016287389486
39266,143.94236160085342
39267,135.87983286022603
39268,107.55987673847709
39269,245.23292417766854
39270,225.9006714791953
39271,240.13325289239444
39272,278.4665613527314
39273,249.4099043247835
39274,132.485577795374
39275,647.4646985950186
39276,243.9517450871119
39277,103.14591684288612
39278,111.4986157489862
39279,611.3327062533006
39280,205.20295304265187
39281,348.8401682872952
39282,421.8238317824666
39283,165.97472252591962
39284,332.7490186259713
39285,193.09803305034873
39286,255.13321932185852
39287,576.977013386231
39288,189.12517083780818
39289,120.33275880013525
39290,140.91565356560318
39291,187.8410737387926
39292,213.59038566921237
39293,159.55976297018174
39294,286.9837596188426
39295,242.5379292763479
39296,225.17091343817705
39297,175.2997433299875
39298,259.6995562986623
39299,174.78035879614083
39300,340.1335537762503
39301,429.4954947700116
39302,271.2668280436812
39303,569.678672786843
39304,164.00318232607597
39305,131.77877275379151
39306,194.3308402537757
39307,229.81868489856413
39308,182.059704022423
39309,257.57407826130896
39310,200.73503218086017
39311,137.97505264499526
39312,803.0304987630606
39313,222.532145387837
39314,135.38805674165377
39315,154.18064791533246
39316,1236.0743132645678
39317,103.89771322855799
39318,208.45451822071033
39319,266.82256721221177
39320,116.5136471076503
39321,460.2047060815912
39322,534.0376372566117
39323,314.1409646791558
39324,172.92825242796005
39325,128.29821347424084
39326,105.9968603867839
39327,372.7632930201575
39328,229.62700849187436
39329,751.8351041996755
39330,290.834241538651
39331,208.51037386892583
39332,288.39283322354026
39333,132.87133240496703
39334,260.11181833600244
39335,106.22145471004966
39336,483.466997120239
39337,171.70086958679823
39338,168.3725687544323
39339,80.00299269897178
39340,250.74183938442397
39341,210.90566272083265
39342,208.506084589819
39343,405.5837550188241
39344,199.34055695751255
39345,177.58273922962027
39346,735.2802310683437
39347,115.03743581596169
39348,126.57826314437914
39349,187.0868862758482
39350,158.24111943010737
39351,583.1856257489472
39352,197.4525368870923
39353,240.83433284194467
39354,269.28381859182264
39355,248.39716204008715
39356,181.27453801605995
39357,187.66344410947957
39358,132.487375178875
39359,137.32515801050104
39360,335.2727962263727
39361,186.14582292260567
39362,202.9274349859994
39363,183.27918501694225
39364,101.11039553398874
39365,122.00615040745245
39366,458.5025549325591
39367,148.9447293883381
39368,177.1740635976829
39369,267.23567472652195
39370,144.436674632737
39371,102.8098361363158
39372,224.07701940237106
39373,102.33433252237673
39374,218.12428603903612
39375,616.649658955759
39376,205.74159623561238
39377,376.09328599813324
39378,113.91253251090095
39379,143.80677254711563
39380,131.77471203990083
39381,203.84846318329323
39382,586.4354332596887
39383,154.74109743737407
39384,89.10176610390582
39385,160.08784410713372
39386,256.7371473830987
39387,104.69080932926953
39388,265.5316954894074
39389,292.18025916808597
39390,303.5595001607117
39391,246.38950660675033
39392,208.03775847858333
39393,134.75769662605535
39394,260.3737093929912
39395,171.9753671836418
39396,185.81926739033278
39397,365.2906353629533
39398,324.89313681915235
39399,568.17896741882
39400,152.16092078200083
39401,190.5145582970873
39402,107.35532533932668
39403,242.06487271145153
39404,293.3666500261296
39405,347.4443942984425
39406,192.6073324588131
39407,180.13876845714245
39408,82.61598869026086
39409,148.9437105263488
39410,374.93070238088796
39411,550.2821178976094
39412,197.10227937695223
39413,254.0726407549244
39414,553.6658909590487
39415,138.15943333132287
39416,545.6799840570185
39417,360.0252021130277
39418,182.6011486010345
39419,105.91990563048459
39420,178.14815475008112
39421,168.60157997867003
39422,168.16810724955485
39423,229.676725687234
39424,516.9753416132766
39425,209.00008686962303
39426,222.89174019098994
39427,170.41691710451005
39428,100.54373532444647
39429,179.62178212974152
39430,106.90808741678904
39431,564.0871237020508
39432,136.73443816618698
39433,637.5599540420552
39434,309.40917298321017
39435,1242.8760479128705
39436,299.7637574771924
39437,229.55363299565093
39438,206.23834579038916
39439,111.82285259601075
39440,154.07132628464174
39441,131.8141921637158
39442,262.5911765792746
39443,293.67840910100824
39444,264.7492161592956
39445,181.69842221313496
39446,163.83576037232675
39447,159.84087976196722
39448,290.09040229267003
39449,142.02584000730587
39450,248.2513765402492
39451,138.38380114056352
39452,286.8857994316283
39453,148.261538529688
39454,93.44007400035528
39455,312.1361797153311
39456,264.9129713621365
39457,368.3725021560538
39458,207.73069123955386
39459,194.7173462639511
39460,290.61425875039004
39461,161.8851708349138
39462,425.98851931414066
39463,129.91214770963686
39464,246.4742003398812
39465,124.43126481801751
39466,819.4418328657626
39467,95.66823843002058
39468,157.81975491800182
39469,298.8579955782858
39470,293.42867114361684
39471,527.912691482246
39472,104.18659798299657
39473,497.1887446962051
39474,386.0648254159261
39475,179.70030667810025
39476,789.3255203794039
39477,232.85216033854786
39478,159.09191744355422
39479,160.02663579855204
39480,209.50095469909544
39481,189.3701436352189
39482,117.28429186595798
39483,244.8581659215589
39484,341.41502895111813
39485,206.86900453504208
39486,278.7036205645971
39487,325.4702898240665
39488,207.33289863073148
39489,185.33468681368987
39490,121.89139125366732
39491,239.08306822016831
39492,238.60960658208808
39493,659.3736747026724
39494,327.21944049731104
39495,512.0685123804391
39496,254.0492279763105
39497,339.8900397985429
39498,579.675024814228
39499,174.3772090263589
39500,157.4942264250622
39501,214.0834792957424
39502,692.5265343722124
39503,219.52407748076374
39504,112.92364218202819
39505,198.7119619201347
39506,127.04245113495122
39507,115.43561198785277
39508,189.03371212715564
39509,180.54350629308232
39510,159.52485613432867
39511,185.74087866514964
39512,534.4012422661119
39513,216.98323359955825
39514,1064.8932916072
39515,262.6505623140415
39516,291.2261276524817
39517,156.44675595460333
39518,98.85854498459572
39519,909.6373069898314
39520,91.27242017483334
39521,209.38110731059072
39522,104.82435093628312
39523,184.81834249065864
39524,194.59789462177824
39525,261.2067533543128
39526,166.85003672247313
39527,264.40856968749995
39528,120.59560564720539
39529,363.3012167207325
39530,391.81903636390007
39531,981.4987342141438
39532,498.5109815183876
39533,188.1034461051239
39534,856.6639411495497
39535,147.46145941623408
39536,8484.158833070458
39537,322.40657522183943
39538,178.45550209749035
39539,338.3378283694805
39540,227.21777392466987
39541,114.83440102644404
39542,92.3701800312153
39543,505.20266779634215
39544,383.20022178585634
39545,277.8662418537363
39546,138.49179830073007
39547,113.99136996591326
39548,232.96451379276218
39549,291.71623181777693
39550,121.14029632388934
39551,172.32674789633342
39552,175.99331832269942
39553,166.55257474479177
39554,325.177321587482
39555,425.7039671332934
39556,131.74105337020202
39557,193.67646920675614
39558,87.0420834009015
39559,162.63257688198007
39560,371.2206937114226
39561,183.67470049096113
39562,253.38821770606617
39563,491.0742405400824
39564,277.00260034891045
39565,256.9731428195593
39566,191.16982885743994
39567,167.63085276049796
39568,121.14483844843757
39569,168.32324221034386
39570,226.46857559408966
39571,215.432666043358
39572,158.21699310939474
39573,110.16495959740782
39574,140.54429345150172
39575,203.42681922118018
39576,284.41003927436464
39577,144.2947433897144
39578,1199.9831446847934
39579,206.64277491165055
39580,345.5575224582312
39581,247.57244430281818
39582,186.4356805677743
39583,261.6989627803475
39584,132.22336685453544
39585,97.27595923191444
39586,126.86910062826456
39587,172.82094468405512
39588,73.24866779999452
39589,203.60628671991802
39590,150.33059579420237
39591,1100.302633782729
39592,103.94323446428768
39593,108.44305093024865
39594,108.38369626986756
39595,79.8387300641032
39596,387.9678613038781
39597,274.81944612015184
39598,229.60210434352842
39599,300.3310834636661
39600,240.89520117844017
39601,528.5131121361842
39602,186.3412656618016
39603,134.59975563036045
39604,245.1086679403547
39605,140.7320165113063
39606,123.98792085785539
39607,439.9573748154957
39608,204.31577450670048
39609,151.9410347622596
39610,151.52563226911886
39611,156.42889703429702
39612,185.29421553204867
39613,166.45270954610132
39614,241.7988187632407
39615,752.2771596953011
39616,117.49463442245364
39617,122.46184505084835
39618,113.62576570678941
39619,675.086578389948
39620,223.66216780381544
39621,134.29027810932058
39622,124.5761530066303
39623,298.52288961828776
39624,111.17634671238706
39625,173.9168636906831
39626,224.05571081365864
39627,148.18824698618275
39628,205.02689985545967
39629,105.09925226023039
39630,1195.8777037701636
39631,153.30642677404208
39632,172.11531743164093
39633,501.4741356033162
39634,114.8969219149701
39635,398.1599687543529
39636,287.6989469019571
39637,259.05089473547747
39638,149.60601407910823
39639,202.75319169591913
39640,351.62730040825454
39641,200.3743633804516
39642,136.65872872695513
39643,281.31326375154634
39644,234.59443670141604
39645,261.48679238572737
39646,158.7634277875684
39647,332.50059626910934
39648,239.34324165401623
39649,184.31919492240777
39650,274.18858740525445
39651,234.87272019661015
39652,212.94054018376116
39653,135.64422694951497
39654,239.83614227888813
39655,326.26179934647047
39656,296.5333001289997
39657,418.99139548536346
39658,236.80293129439792
39659,394.46065262349913
39660,239.15949975420952
39661,255.18838960736747
39662,235.4446474040855
39663,353.69022327531144
39664,132.11616561838895
39665,263.60267987682846
39666,153.98908611279305
39667,156.10104706357802
39668,744.0229753824767
39669,621.0572418534666
39670,191.87687773832317
39671,277.7269001363306
39672,101.20216963269299
39673,105.54217688080092
39674,337.1237959319776
39675,166.68685322277793
39676,271.68029121340703
39677,222.94738128548155
39678,241.50556994491873
39679,246.0127296107286
39680,221.67411163189604
39681,219.22022080929725
39682,165.44546274663315
39683,113.8490412541258
39684,263.9106577234179
39685,170.31650180798724
39686,189.81420802670937
39687,311.04673537587655
39688,101.62610965021916
39689,226.99118713912034
39690,205.51691770207444
39691,337.1675121475585
39692,193.14955759029462
39693,192.13692047846192
39694,106.6888662705858
39695,190.05369598358274
39696,148.2405611825333
39697,241.85910179816477
39698,529.9718441592408
39699,324.7570449152096
39700,255.9328101198884
39701,1627.2134758835664
39702,260.04546921702826
39703,761.1023871640989
39704,156.77329773113973
39705,593.340073883675
39706,164.3930944271185
39707,222.5973125242175
39708,162.8401579890807
39709,223.58430227175828
39710,128.81013297306734
39711,376.11811569663644
39712,137.6137095810411
39713,591.0999375327626
39714,269.8673336319776
39715,265.3579079171986
39716,228.15160080213442
39717,626.2542640765406
39718,214.61721139211804
39719,135.7747902773223
39720,448.76534597776816
39721,472.75199599499274
39722,186.38167951044716
39723,134.07383843168765
39724,143.7639189903971
39725,140.6998088353744
39726,203.35077483067235
39727,144.91567785369298
39728,213.9435359449564
39729,392.48965526783894
39730,248.61752655133245
39731,1058.8869351191113
39732,140.70238007077197
39733,291.544918149588
39734,199.98092372676456
39735,217.4400878130872
39736,177.3907329284746
39737,188.64695287481712
39738,272.70972569991864
39739,291.49249798725606
39740,282.8524433616084
39741,74.90296333288384
39742,109.48012181684123
39743,226.88811681071022
39744,91.16515237086112
39745,203.13577677397376
39746,374.0976554084724
39747,68.63765216797042
39748,152.6249226170163
39749,177.50554749561942
39750,306.1210859160564
39751,380.10727020916295
39752,144.03222051355814
39753,270.3839476909503
39754,121.52923028102929
39755,125.44294644333698
39756,227.48316789752562
39757,611.2911429502865
39758,81.37348531742252
39759,351.6573680217333
39760,975.5761268290164
39761,379.6708907006147
39762,171.81604631842495
39763,693.678825161595
39764,178.20746052884058
39765,168.22522797347213
39766,443.3468166361256
39767,198.81800728572767
39768,240.65209753832468
39769,249.4954829694961
39770,228.69192719593704
39771,448.65588407870126
39772,242.64105458903822
39773,201.7407587941714
39774,176.8292946087023
39775,263.3976382032027
39776,176.56856432430692
39777,211.72838341420692
39778,139.0176335861278
39779,238.67855903042027
39780,236.89761000920728
39781,621.7004271450523
39782,574.0500437625609
39783,306.6304784622141
39784,482.37399740821337
39785,178.92909563030662
39786,163.51127361431543
39787,319.7624223988048
39788,380.2634973896344
39789,209.45234468106298
39790,187.1332577950394
39791,174.13498156980765
39792,289.28714717319406
39793,199.2724511973522
39794,132.7359842168343
39795,185.82193962475478
39796,140.84318183655515
39797,1091.628320828661
39798,140.4710521756571
39799,135.78502503355958
39800,264.75732609829737
39801,285.85768324076554
39802,164.79944922124324
39803,649.3653508783954
39804,842.3023855754001
39805,405.23493942241635
39806,545.8492595439263
39807,459.5073617443973
39808,723.4368259013371
39809,108.20587285068288
39810,264.37763077812355
39811,140.65262847584475
39812,308.40153523175195
39813,209.31345633675997
39814,268.902838240007
39815,177.38711649499328
39816,163.680763893268
39817,228.9309080733553
39818,135.8190532962784
39819,903.9770478753051
39820,595.7975862443615
39821,128.76760476689591
39822,388.8673444316528
39823,393.03794679956195
39824,324.1735755695795
39825,236.28714994446048
39826,189.13611449248054
39827,436.0010815011924
39828,412.1746078045557
39829,275.23152244990155
39830,172.75091707105102
39831,228.19331944775496
39832,136.05232436502874
39833,430.73079355576715
39834,204.0977430403946
39835,296.03245530253406
39836,102.14619903131859
39837,150.6376547627011
39838,180.0068440341751
39839,340.59580619753535
39840,213.47401301470083
39841,234.21842624903508
39842,322.83051216024114
39843,232.05267089901352
39844,178.95940371689846
39845,74.24669529223057
39846,187.2458309018664
39847,107.35080101120349
39848,179.90213185205315
39849,452.811563156077
39850,301.04232778994566
39851,258.957607525834
39852,137.81803685406962
39853,251.6652847115337
39854,208.71331916748747
39855,222.1609908637028
39856,229.91676051622437
39857,274.5864294579394
39858,271.6111933628083
39859,247.32796846637154
39860,231.9983848742977
39861,584.201395557462
39862,475.3873006094009
39863,202.95963084692067
39864,284.3942653803991
39865,193.3743172097079
39866,137.5348989083911
39867,348.488366304439
39868,88.8080633182817
39869,380.19528679279335
39870,876.346847916274
39871,223.44526580677842
39872,295.28614035250587
39873,245.57219552096663
39874,883.7748241383885
39875,166.56139168251667
39876,226.02423096976375
39877,306.3758302103455
39878,192.52183472011265
39879,155.65836925239873
39880,127.47651916565096
39881,122.55744759375675
39882,182.12015329323833
39883,439.0789129107552
39884,243.42762124717547
39885,870.0125792863328
39886,157.86640808262678
39887,214.89572904041538
39888,147.76942899605785
39889,219.19885993058486
39890,258.40155357994973
39891,361.40657448491555
39892,118.34964764301706
39893,1226.330051106824
39894,243.88092270650435
39895,146.5698662206101
39896,252.44399916220598
39897,296.55502131342934
39898,231.0409564869595
39899,157.60697688916798
39900,344.335427199414
39901,377.01695225254485
39902,333.22231974730914
39903,150.15973065061485
39904,628.4382857610433
39905,288.82787452113536
39906,699.9871708159707
39907,284.7805874034077
39908,214.52035373105628
39909,324.4726370159262
39910,251.51421360492571
39911,301.45684700722666
39912,165.79680794240528
39913,142.8839438376876
39914,189.20967467142313
39915,137.50359416250558
39916,484.3860869278314
39917,119.89762438384108
39918,362.1381124552632
39919,1054.0849569838044
39920,129.11449737264775
39921,268.65098242352366
39922,168.7449755007314
39923,304.4436793782477
39924,177.8773063067535
39925,284.0367906382082
39926,307.96205238216356
39927,374.85457747915643
39928,330.57847682323535
39929,333.78451771853156
39930,137.09698500774255
39931,326.1583745062553
39932,716.4699272855462
39933,263.63765686132024
39934,368.1686919773603
39935,511.023194814799
39936,804.1846721823697
39937,134.2084074441079
39938,490.54112618517206
39939,136.70209272915707
39940,291.68897034107385
39941,202.58161878814636
39942,173.76938047789355
39943,346.09618192267357
39944,954.6133892385503
39945,522.6080035720402
39946,69.4339186927583
39947,350.9758945340537
39948,378.8870722476131
39949,353.27943683464775
39950,231.23641041841321
39951,192.20376049505325
39952,149.16049701159642
39953,224.90846436526445
39954,199.04817728882944
39955,397.2023653716558
39956,141.22718798876699
39957,375.83880040878375
39958,434.63359037804355
39959,89.1182081637544
39960,204.12957799148055
39961,179.03339476116784
39962,285.19259179241357
39963,252.9291614290226
39964,357.5029291686701
39965,485.84752036085575
39966,349.70580058163176
39967,784.5727718099763
39968,226.39725327331314
39969,148.54428562797582
39970,601.4570928165675
39971,314.98471454440187
39972,114.66740023503904
39973,147.19274202700223
39974,151.98125470739393
39975,159.20767673483866
39976,330.29585246090994
39977,232.6157720989272
39978,125.28149486956741
39979,134.48558847017676
39980,236.26984748783067
39981,109.42967913453803
39982,134.89150913119104
39983,210.92554108674872
39984,202.50972188263597
39985,190.15472358151933
39986,503.5989080746942
39987,551.7802485990563
39988,313.3393934102209
39989,164.0235628977191
39990,263.7906179753771
39991,456.8663614131996
39992,403.96897226282755
39993,89.33653128673231
39994,120.14650207296881
39995,248.89272124901834
39996,171.62497165339906
39997,173.81495753798205
39998,246.80569901190387
39999,320.3144404865417
40000,285.590771089697
40001,154.74374224616358
40002,112.07715763950465
40003,227.12538957021798
40004,143.3385658860069
40005,1057.334322178622
40006,174.63961501950686
40007,381.1249711885643
40008,185.22086945143803
40009,670.1297363765013
40010,669.3295252744241
40011,244.85677628095243
40012,553.2051595132181
40013,109.68651138860993
40014,191.19123381675016
40015,234.39471172352202
40016,122.92447862117989
40017,339.6485880764226
40018,141.6673282787858
40019,349.45552991878014
40020,483.5230910747731
40021,617.8945901564437
40022,230.81072047445815
40023,240.79986882202246
40024,145.88358288655175
40025,148.08185356411494
40026,172.12489962044464
40027,364.91837517417935
40028,240.88082826362754
40029,216.76039921625116
40030,148.55203517871874
40031,109.24845784709439
40032,316.7851248168314
40033,253.32948879751797
40034,653.1581109848127
40035,439.8505453410696
40036,1319.8069552452705
40037,149.9265160552641
40038,424.41770615428703
40039,196.1605817274542
40040,404.92049318901917
40041,460.20332220542036
40042,256.7240682478727
40043,98.15260045174828
40044,467.57547314335227
40045,467.7342786734214
40046,189.157394368946
40047,190.372923568165
40048,229.75768771171363
40049,130.5958913206432
40050,138.96735500610833
40051,237.1572542331914
40052,242.84150198672035
40053,149.14904220588446
40054,525.6240924352239
40055,140.73631952132325
40056,209.88672363779642
40057,170.87312160059847
40058,151.14752635776821
40059,361.1473439212712
40060,511.58849259057934
40061,720.6819110251682
40062,127.36038106087867
40063,253.47876440788292
40064,192.04711555320583
40065,181.45362117468503
40066,80.45891696859579
40067,232.59627658928534
40068,292.23469035611714
40069,311.09945840876367
40070,281.61800785695743
40071,793.9130158303725
40072,867.3781532526805
40073,157.56798933701
40074,622.8666689506174
40075,409.3310435376642
40076,144.75618477785667
40077,1016.3310105717233
40078,182.49786963758004
40079,220.9364480666507
40080,145.27165865038242
40081,237.8760368525316
40082,175.03282408947982
40083,396.5868559346058
40084,331.3954775423453
40085,215.48673700024074
40086,147.41272180466342
40087,190.28765679842746
40088,224.38595248084587
40089,193.27649430964703
40090,438.92460941439083
40091,329.3279606081997
40092,100.90014675022763
40093,354.53756657280314
40094,125.69974128056612
40095,664.1868921264423
40096,212.52369895160857
40097,2046.9709069342075
40098,158.03811151988097
40099,126.17594825247983
40100,115.00839316015208
40101,304.01964181258796
40102,226.84551549065628
40103,241.03291856972257
40104,273.832743346635
40105,482.20641083614834
40106,710.5962596850176
40107,178.24994607320622
40108,172.66720302283278
40109,86.99077226623821
40110,520.9555659099406
40111,716.9372865339271
40112,350.0985465623754
40113,181.98438704400934
40114,110.60933374744222
40115,239.01087412280415
40116,247.09738378296225
40117,123.07579844450315
40118,124.85145947514775
40119,123.61922540352072
40120,404.6882893940681
40121,146.15090588737786
40122,259.8270652120154
40123,135.87058861809976
40124,498.2909677852266
40125,538.0496308561801
40126,261.04960195964713
40127,1442.873146686951
40128,302.39586869279424
40129,153.68928080309934
40130,197.1478534554515
40131,111.28081858444804
40132,273.85422294002643
40133,164.48879374768077
40134,214.44251999462307
40135,316.99786397735977
40136,370.974866920399
40137,273.2100343392298
40138,178.27562043522673
40139,168.50332293221328
40140,132.4811288417469
40141,206.5732760894773
40142,202.6952908192122
40143,304.63953809369457
40144,229.04339725119218
40145,282.798090682167
40146,186.6317946952516
40147,310.0840149798001
40148,90.38187526623179
40149,351.9011303073485
40150,85.72219902598913
40151,159.87161352706457
40152,190.3234914069377
40153,178.8570883282789
40154,94.86392278376758
40155,647.8933439708974
40156,322.33952320312136
40157,502.31365804936576
40158,124.7992215877234
40159,310.383220032014
40160,769.1713534771567
40161,746.9113778855053
40162,239.3905047217723
40163,97.15111300732083
40164,197.82209802954455
40165,193.25036800948155
40166,285.4844647547502
40167,727.0808730743679
40168,353.0418321105098
40169,305.6765924790961
40170,330.4628595967773
40171,182.53038579999296
40172,393.09190666114506
40173,189.7099208018296
40174,137.69920013307083
40175,136.23142637533948
40176,212.18816455244018
40177,1357.6454668425679
40178,198.60585256655304
40179,140.26079994957905
40180,108.70562803571059
40181,324.17721540135807
40182,228.2525563005947
40183,190.4997624746989
40184,190.80716316297145
40185,139.3377684030623
40186,249.4621259132769
40187,209.78665352079327
40188,137.29065093070605
40189,126.87114372603344
40190,118.72235156520132
40191,239.25853736329847
40192,179.6771224626157
40193,127.24383028315988
40194,571.250736644499
40195,161.3259792216813
40196,282.31052392253775
40197,94.42028025776816
40198,129.0177081536707
40199,456.8678484846028
40200,475.9998583138787
40201,137.30189478619067
40202,102.56188943245796
40203,285.6426790833751
40204,262.98219708938717
40205,365.34227273803276
40206,315.46759659484877
40207,178.3603121291855
40208,257.9235992589289
40209,209.87537996867025
40210,371.23256555669053
40211,168.30912057549116
40212,286.3732326992007
40213,197.7673042155584
40214,119.36946848251145
40215,249.4150004050115
40216,133.83152933241516
40217,247.51549301295043
40218,586.3619336367236
40219,518.0884575953197
40220,378.6832852229532
40221,236.10769910929343
40222,214.45333315535834
40223,159.76923227121057
40224,213.76349774641113
40225,157.60508838982085
40226,113.28709211518313
40227,269.5209439396711
40228,185.7922295731983
40229,282.5230068246513
40230,1114.8204165147547
40231,217.82062274604684
40232,163.21445368565568
40233,201.7351305867462
40234,478.7565303917954
40235,111.50166607510164
40236,178.99721383565816
40237,520.2235340137167
40238,353.81796476716
40239,224.21808470045187
40240,155.45342002561753
40241,227.40306251342184
40242,882.4456456900843
40243,179.67168355768302
40244,216.77886804250036
40245,642.6347560461817
40246,266.2546123985346
40247,131.39814684327607
40248,282.5886258744806
40249,435.93199135695846
40250,529.6711003307453
40251,327.45735518860937
40252,492.51337301964935
40253,261.5867365523387
40254,99.61904112341111
40255,105.29571763611398
40256,232.60140397453043
40257,248.78243826524883
40258,144.95548035401526
40259,230.03049949997455
40260,265.27567850059756
40261,203.95252836849235
40262,100.28095487589297
40263,120.99306450957317
40264,144.05954756450163
40265,233.35696827985106
40266,101.5231357318146
40267,150.44095422503776
40268,335.38391416674295
40269,253.80380511330043
40270,259.7231062892619
40271,188.0770991178484
40272,102.86393082009417
40273,245.77545773829942
40274,168.9901030146354
40275,582.3667953869298
40276,113.89402032221255
40277,502.90930107028254
40278,191.93323464497902
40279,181.1550708068147
40280,156.5031045224276
40281,432.6709577532426
40282,694.9595237581685
40283,449.7550751869904
40284,133.32745739879766
40285,439.6019363007792
40286,219.76103510556234
40287,728.9409513895745
40288,521.4079701831305
40289,238.7704747920148
40290,420.51904468183466
40291,506.5478273235204
40292,210.98713972018118
40293,181.82573047150632
40294,137.56117040136968
40295,171.38046865055915
40296,559.4228501339408
40297,77.25103112669106
40298,228.48999873612416
40299,264.79073142840554
40300,128.0191714975503
40301,212.1858297100827
40302,586.8157060359156
40303,298.1271787391908
40304,178.58933806130787
40305,428.97105674495253
40306,214.4116762313291
40307,393.88442436198625
40308,223.26480296042863
40309,191.42844621072197
40310,132.39841589668825
40311,217.725325882058
40312,109.49995798786644
40313,205.80024023302522
40314,127.93153361291056
40315,158.06192767724733
40316,187.9488648148843
40317,200.65436235061534
40318,274.1237283013134
40319,425.8241684199105
40320,127.16249831993115
40321,151.33178353124032
40322,157.5160313204033
40323,127.40605125999683
40324,115.89801396840494
40325,372.5799226292702
40326,208.93481320337892
40327,563.2799003138741
40328,162.08537581179817
40329,359.74195564663466
40330,522.9054523353251
40331,256.3104705887395
40332,591.3876838918125
40333,396.4909573317562
40334,155.58228559862087
40335,173.02935760582065
40336,108.31319612745362
40337,277.919689698674
40338,150.7269270483268
40339,154.59501713023442
40340,217.23378918951065
40341,106.80281283328951
40342,221.90578577926792
40343,114.0466927950171
40344,693.9468402434705
40345,551.4117872534233
40346,131.6425174790761
40347,142.80995421887457
40348,157.31077007271725
40349,211.84871624609846
40350,241.5938671882176
40351,111.76325541996506
40352,250.87901300363367
40353,233.71499420637372
40354,207.06264418048278
40355,148.9457416617785
40356,585.9144357648347
40357,160.89110945231332
40358,159.35117689129643
40359,175.3125234086965
40360,186.71476762750785
40361,443.68236094552327
40362,173.17017253020865
40363,208.04657504376135
40364,184.60052983709684
40365,186.87239394667228
40366,263.52066295423697
40367,94.6757556781095
40368,211.01007051878366
40369,264.3456912637647
40370,266.098990007062
40371,116.31154253977192
40372,368.22337744454074
40373,247.3262868321448
40374,245.9959629151889
40375,460.3239096772382
40376,249.90361902153225
40377,214.36101931579884
40378,153.00471502961875
40379,149.65057472088094
40380,204.36608056293173
40381,500.4975366684126
40382,165.93029634811907
40383,149.32085435827415
40384,183.2207781182552
40385,139.37071647938626
40386,366.64879771225293
40387,117.45216237068998
40388,614.5499431030846
40389,221.10283470127646
40390,503.62373494987673
40391,339.6261088576171
40392,289.93524305059435
40393,259.0181675692131
40394,264.4392638717322
40395,153.17403818037732
40396,267.0730988091121
40397,70.72096210115566
40398,254.3165987196578
40399,221.32836928041755
40400,340.8632617298866
40401,251.02969926707658
40402,310.1047643737348
40403,182.2347866302049
40404,483.01217180584524
40405,135.52906316189754
40406,376.81770716475563
40407,259.39135836327813
40408,381.4478882104865
40409,248.28729584621223
40410,194.89469020766072
40411,147.27899005035997
40412,203.44105782036044
40413,135.69082478587416
40414,427.1233772513559
40415,217.21306877755939
40416,256.64311338292293
40417,167.98262180706013
40418,185.8350168478954
40419,101.20013728872524
40420,184.39837866607513
40421,134.4556346527704
40422,151.03634468746787
40423,525.7480397654317
40424,214.2328810239119
40425,407.96872958493447
40426,588.9536932924519
40427,269.0630537707539
40428,170.5524596808709
40429,225.95670471600957
40430,231.13602148964054
40431,167.7964723247588
40432,225.13950986444829
40433,218.04935942623763
40434,157.48920321577106
40435,370.0151186673688
40436,155.88818553817234
40437,257.8679473703904
40438,216.3176659213491
40439,176.14163746031767
40440,793.0199862219346
40441,845.7758534470042
40442,206.4999156639996
40443,230.8991831522363
40444,137.29432559836405
40445,191.94497322963778
40446,486.8856706614984
40447,82.19372416533945
40448,295.1381773955222
40449,226.95528436066004
40450,511.5977128188799
40451,221.65105899930236
40452,221.7480660161155
40453,133.88792281457037
40454,175.2420449722709
40455,151.37942203650024
40456,147.04138536705327
40457,217.19175949827812
40458,270.1876715181656
40459,177.0490530676764
40460,183.01013817404151
40461,624.3633919035052
40462,214.4825086647786
40463,176.80308637614397
40464,221.7123854365619
40465,99.33293076238871
40466,309.91852745984977
40467,248.53179708640997
40468,227.87423157010753
40469,147.0738295641169
40470,179.66093471592004
40471,320.6468105682257
40472,350.6460596422229
40473,102.12453912307463
40474,254.34403495481817
40475,277.27706057177977
40476,298.5502178095083
40477,161.89444405259061
40478,163.79621693649466
40479,343.56648669618534
40480,650.1645685313637
40481,212.78981282251405
40482,83.32889523407167
40483,167.78639381633332
40484,246.51608470669018
40485,398.23040956940486
40486,177.55604168965493
40487,380.0067085340097
40488,250.85836733326667
40489,112.58692194559104
40490,271.42320374497274
40491,239.7782488563077
40492,266.90796747122613
40493,239.7937483812569
40494,244.8987834039823
40495,365.4692939923027
40496,515.817699615805
40497,112.5727509054616
40498,189.43996769655368
40499,190.19161259266096
40500,318.18692177703065
40501,582.2918687065113
40502,201.0802974923855
40503,4165.699555189468
40504,145.77240824904518
40505,376.91335784735077
40506,250.4207430380428
40507,200.60680144779872
40508,330.0171787141411
40509,209.88853104217867
40510,169.56202221425278
40511,77.62449761711615
40512,109.88237698037194
40513,147.71046627011665
40514,276.9545081610212
40515,132.65686379132987
40516,148.3003064942024
40517,171.83441336872662
40518,113.98106795458897
40519,255.2442022954538
40520,724.2343028087608
40521,68.30338068873711
40522,125.006849999671
40523,264.16898633044235
40524,733.093863574986
40525,364.1156676053575
40526,127.97527089470853
40527,239.8115004153262
40528,138.31850073482926
40529,361.38611977235456
40530,551.715680394911
40531,138.81346869349338
40532,387.05250326742504
40533,84.0916168882757
40534,260.19107809033164
40535,154.27564450327066
40536,204.61054027950865
40537,185.64591264823048
40538,177.3024063848534
40539,135.14453896111664
40540,271.8450390024015
40541,183.88400589320125
40542,179.0633625305826
40543,266.00056438538246
40544,307.98319063941904
40545,161.65742122443137
40546,235.0302393095377
40547,488.5663917933726
40548,182.11163624176902
40549,223.09724481313563
40550,514.2495264714121
40551,256.7207322525861
40552,128.07082362877645
40553,260.61960421223347
40554,131.23355079051655
40555,172.91765619827729
40556,176.49404472022215
40557,256.76662670683373
40558,179.49562663341928
40559,526.1122806790445
40560,216.92269500827828
40561,154.02642642352725
40562,664.215449967296
40563,241.950022215052
40564,128.01910533480296
40565,154.29090799039773
40566,180.19568893501278
40567,126.59823555808802
40568,210.98904687535654
40569,640.3379397110273
40570,637.7411647514377
40571,246.11622682103527
40572,409.26897173873283
40573,334.0333680845659
40574,268.3617621312634
40575,187.98058633002532
40576,187.37122092606737
40577,337.80035013950976
40578,218.84561882789143
40579,722.362080481921
40580,252.6461360777933
40581,381.0544966112206
40582,311.8862435852198
40583,302.6905508245893
40584,204.1505578534558
40585,350.0099805554587
40586,265.1986678303796
40587,356.6392669355294
40588,240.1469702060349
40589,154.17138196212935
40590,194.00148562693332
40591,255.22153709589793
40592,207.3753196249664
40593,276.3801436025022
40594,221.80758264684656
40595,134.51497500063587
40596,368.3408352984952
40597,105.98193458893482
40598,358.8315341748156
40599,431.2987324317484
40600,166.70343374607677
40601,481.9112597022665
40602,151.6893513929601
40603,153.05464578096775
40604,510.7549657200568
40605,487.0901707552634
40606,233.55453911588864
40607,197.16315310763397
40608,217.60741569197276
40609,101.94089931504158
40610,630.8190678678773
40611,157.60766652869194
40612,119.28050285825582
40613,270.51438724705133
40614,1070.0091605586983
40615,217.22774331428917
40616,213.2627880286581
40617,192.96515267486998
40618,140.06541595503302
40619,339.43884728397137
40620,126.44823198162196
40621,414.4919009493171
40622,157.59909946863885
40623,503.57377176504633
40624,165.76489033102143
40625,139.9496187019454
40626,386.7375669116585
40627,202.36380670847615
40628,147.0545801267674
40629,237.34540579585348
40630,598.6217366057526
40631,664.9977836290085
40632,228.39285841934824
40633,193.98657183707297
40634,172.0023394328812
40635,253.64020588871375
40636,157.59541925224735
40637,108.18995097951847
40638,143.1613631941922
40639,164.3151988088334
40640,137.97404084044476
40641,187.6598178421389
40642,295.60854242235223
40643,176.20770317487518
40644,234.70745768762183
40645,1033.541379225441
40646,385.0058180244912
40647,196.42164553290516
40648,186.5524765222947
40649,72.26788649797882
40650,143.1688525645011
40651,269.89245390494875
40652,215.80811614338685
40653,457.0214754868821
40654,99.96178215565924
40655,244.17505896379365
40656,182.86183256325148
40657,245.25853267019872
40658,96.39892125085737
40659,260.26044913086764
40660,152.9320305541696
40661,206.50077580108064
40662,150.17278748023446
40663,183.65907750163055
40664,119.66489115944798
40665,116.62296973435959
40666,169.41188551038545
40667,155.94008964620863
40668,155.74868472339767
40669,226.57070091691466
40670,261.65407897114056
40671,520.4108129455514
40672,195.1208628488909
40673,400.8371862644905
40674,175.04710940660962
40675,134.196419772239
40676,489.27069057208405
40677,508.20080809457886
40678,309.43060420878624
40679,255.33896429612503
40680,254.9755041285328
40681,149.35166951811954
40682,278.43624392531865
40683,110.47930759250221
40684,267.6375006248136
40685,146.16579601272537
40686,222.56670760529587
40687,88.10451358711023
40688,287.9480379578398
40689,414.0800369848529
40690,194.1858249548248
40691,179.87280831088066
40692,405.05866198462553
40693,207.41010301706316
40694,84.43544421196037
40695,243.56643932848823
40696,259.2372152975559
40697,342.9584144912772
40698,132.12709644448452
40699,502.9977077358392
40700,189.16845069829685
40701,191.29363512364077
40702,240.8027692841088
40703,242.28123494831692
40704,1127.1269886287153
40705,303.06706121014406
40706,349.05910506732664
40707,249.61548895405897
40708,177.5204125274997
40709,145.6297588505987
40710,316.83786699962013
40711,252.37287912343996
40712,172.65953285636652
40713,323.5561514217378
40714,141.8135943395134
40715,163.08677137699456
40716,135.19453512926327
40717,163.22025031213374
40718,370.6588330796764
40719,277.98175269322047
40720,562.9658426623541
40721,821.6435949308508
40722,233.89153436596453
40723,157.79582321249907
40724,131.36508392166814
40725,168.73464423916857
40726,291.84885274417377
40727,230.7544987216804
40728,177.79868465363126
40729,295.09491446181744
40730,342.8126462082728
40731,211.4356921727803
40732,343.23824589049457
40733,410.1794673269294
40734,333.193802726968
40735,186.8565623759768
40736,197.1420819545951
40737,235.79444596817453
40738,152.87854670940877
40739,355.17884576865833
40740,110.32241422672782
40741,543.9690922133948
40742,204.42899855324833
40743,927.8905972133999
40744,391.0762144356329
40745,134.80906678401033
40746,193.7743987413436
40747,199.75411427585857
40748,253.80445651995
40749,113.94448138399436
40750,266.29804697497616
40751,197.55174199135953
40752,173.55247020064198
40753,219.87169753182283
40754,171.61345630569
40755,366.3525951221083
40756,249.40422716414946
40757,339.6850872483429
40758,278.7240403031436
40759,852.1131138184473
40760,675.2402895536792
40761,170.39413259001475
40762,99.1352422703372
40763,158.04069396268125
40764,365.37620984642945
40765,217.4748323790496
40766,240.8660468293645
40767,208.61055302276404
40768,187.32671812284596
40769,125.8254961201564
40770,148.8068509048478
40771,525.1566565275657
40772,260.0854813872431
40773,144.3140911048288
40774,201.3725155789013
40775,112.61942616374594
40776,186.40573525640437
40777,469.92404883809616
40778,283.0147388840507
40779,108.78113102366638
40780,343.7059809652386
40781,231.98598847187384
40782,247.09108343456296
40783,249.96121265831493
40784,181.11609186063424
40785,119.06498292816947
40786,308.11812214655237
40787,142.8119898402559
40788,354.6786896574818
40789,143.19758633704816
40790,173.70593617647697
40791,189.8067081028325
40792,174.87339844862777
40793,188.17459284545632
40794,704.9639567931529
40795,357.32421985779837
40796,127.26518977446044
40797,130.34716608078676
40798,299.16027880540634
40799,995.0993705103206
40800,171.56936854398694
40801,319.7320751603433
40802,258.132566900084
40803,201.30758671707474
40804,379.1529685764383
40805,98.02962975740571
40806,210.08992868762525
40807,124.28941689063245
40808,136.6632917835961
40809,213.81055295225866
40810,132.3009957327854
40811,223.1235213788982
40812,153.08613098259866
40813,243.48770690061366
40814,241.56596505104463
40815,179.81874915560468
40816,1069.1146514697616
40817,151.13988051131534
40818,156.00839895125225
40819,93.30982809019523
40820,281.1254447937786
40821,348.9222659222602
40822,224.28681646498387
40823,126.87830290857966
40824,327.53125223386786
40825,230.4830714105411
40826,97.5361300375059
40827,180.85542798744262
40828,192.52086385815278
40829,243.00912625959114
40830,78.55009937816274
40831,357.5177732660309
40832,235.43556096967782
40833,215.7506373188427
40834,311.80284477381565
40835,233.26265498787933
40836,349.8969763102536
40837,750.3060948891809
40838,196.923667298676
40839,476.3936454276488
40840,228.6458478589409
40841,120.50387610188032
40842,150.73663003409501
40843,229.01892517647846
40844,803.0944029152676
40845,797.1802465264174
40846,89.0306124515093
40847,440.6206089179229
40848,143.4736488744178
40849,206.21942726286983
40850,597.7795071579154
40851,336.07032086679084
40852,120.44323864123439
40853,137.61207039914004
40854,188.63570467896255
40855,382.9247871318962
40856,359.25315425576724
40857,291.3862501736691
40858,226.95594857165983
40859,116.70497686204264
40860,157.67587704288607
40861,270.38676177631623
40862,258.85075112577505
40863,117.18741648343527
40864,207.63512813428503
40865,193.65350684000595
40866,292.08481313247603
40867,496.0563655753898
40868,232.71797934109864
40869,198.81053215430123
40870,128.29124088771496
40871,159.5419512386329
40872,176.7701653679109
40873,102.91216765896723
40874,166.6011207591972
40875,205.032152123229
40876,254.53335688371038
40877,214.59804692257902
40878,149.08950335736185
40879,144.9396007764568
40880,106.99966035132238
40881,215.0901459544127
40882,283.4321747845031
40883,361.44249882762347
40884,212.79521335788553
40885,190.3992603094858
40886,1205.9130735067292
40887,321.0432002668542
40888,231.5298838250002
40889,176.82832436433034
40890,185.75338152720624
40891,190.64764554090772
40892,313.4611321705021
40893,338.1119497490546
40894,249.0057335454142
40895,300.9273339117216
40896,441.6874383849318
40897,624.8947876983401
40898,172.06392811772736
40899,191.1695778036725
40900,130.72614234298723
40901,250.99621261617548
40902,217.57992585691636
40903,347.59496684313234
40904,129.11001088556904
40905,236.2766002465441
40906,214.35022418635754
40907,128.34454142577133
40908,343.6996556112487
40909,910.1783378298903
40910,324.8388272696616
40911,281.5550420609616
40912,161.68460714844974
40913,498.41321136092085
40914,188.83998924571063
40915,271.64719645956495
40916,291.0501210730103
40917,370.8856216838672
40918,124.4191189395018
40919,258.52819119268867
40920,223.52555091061026
40921,333.97002503737644
40922,224.20765650768243
40923,100.80759848458581
40924,373.21976104352854
40925,97.22690024115562
40926,175.26614983493548
40927,324.12444905244325
40928,246.62613452294903
40929,100.50265731864332
40930,282.45939970788766
40931,226.65417784511348
40932,159.2667040794585
40933,157.41780782920253
40934,606.174961825348
40935,120.25387078836884
40936,403.85359836510577
40937,421.81328601625705
40938,270.5165339354053
40939,224.34510819006692
40940,196.39351590296812
40941,366.70390761714
40942,136.10116854433429
40943,156.05389280301304
40944,324.4980289284504
40945,290.73064641105793
40946,158.99789468433818
40947,216.01626487413498
40948,110.56843888906964
40949,138.01124497022474
40950,263.7168833101302
40951,167.26115872432229
40952,120.63991476396639
40953,259.0694333270961
40954,263.7656593094491
40955,308.43088451553103
40956,378.8397978856749
40957,267.94473559702567
40958,149.17010086151987
40959,309.43825420065207
40960,223.68638642961812
40961,230.03891704144078
40962,392.25175512122644
40963,155.3450208590478
40964,208.68937351245256
40965,319.42081629531
40966,109.01871964250815
40967,255.32191374293828
40968,133.89053812979424
40969,261.04829443616836
40970,127.4643021424557
40971,317.01721407726643
40972,179.53125930398267
40973,212.0326331519675
40974,588.5005007358561
40975,225.42217309220226
40976,364.2578975788061
40977,223.2233245239153
40978,161.7116231529306
40979,373.46962498479115
40980,188.34152227167544
40981,466.8084539439844
40982,226.39700030796533
40983,143.39105989551683
40984,252.51402092397825
40985,165.91400778741763
40986,206.89343992683885
40987,188.23072284895332
40988,100.64986104935313
40989,303.6825892859222
40990,126.14255945032104
40991,213.40537763644394
40992,208.07922388949262
40993,286.38004856726275
40994,173.2382824847122
40995,288.81614650663283
40996,265.1782389994266
40997,189.41960511773655
40998,162.32406489960138
40999,457.52993378389505
41000,335.03710459573097
41001,90.92732231936975
41002,263.6476939434137
41003,83.82458199510239
41004,138.22115949156247
41005,314.5076145208343
41006,193.13243890087233
41007,200.99967920937738
41008,326.73316365784444
41009,1534.3003133856776
41010,274.2911707642066
41011,121.26548179801135
41012,392.4383501580456
41013,124.44825415880516
41014,171.77505905357197
41015,163.32660301405036
41016,682.7868271531212
41017,256.8200085522318
41018,239.80609720991544
41019,147.4652954612866
41020,229.65398138762703
41021,117.00396777225536
41022,133.04810196115852
41023,185.2704901359533
41024,427.1382240310321
41025,568.1227975101228
41026,222.20541893416038
41027,161.47775881748848
41028,166.4819841756907
41029,215.9705420831893
41030,169.54456632479844
41031,99.49003297947426
41032,386.00652991218954
41033,489.18355189139936
41034,318.0477420149663
41035,201.20720975044532
41036,286.26090309797127
41037,202.9713578144068
41038,578.8340396559965
41039,174.94973361846496
41040,284.0605585183923
41041,242.99947568214006
41042,210.1073950001726
41043,166.53859269425817
41044,211.51847057820942
41045,912.188595208006
41046,196.80934765012142
41047,192.11253513919192
41048,469.60639517861375
41049,209.2218166697245
41050,123.78425428545572
41051,255.10868877787306
41052,221.736522236327
41053,227.4470592246915
41054,442.19615945394196
41055,114.35061922083756
41056,473.83932011243934
41057,308.8045960701597
41058,174.34678491095258
41059,200.34441475623572
41060,210.22706987892806
41061,251.23037159072763
41062,161.372263691493
41063,446.09338371815016
41064,153.7241834312168
41065,181.61864628971824
41066,508.0391383970081
41067,973.2502325407688
41068,159.28519317782786
41069,179.46272662646558
41070,182.44467008084766
41071,333.7991495430808
41072,283.8402703949442
41073,114.02663068867854
41074,252.69138045570793
41075,173.28296477087042
41076,110.79294649251013
41077,265.3468098215501
41078,502.67658913251756
41079,545.3799387517839
41080,405.1284894449276
41081,168.67806810590076
41082,93.266231543268
41083,222.1668601882384
41084,306.27861227448653
41085,329.3984555504749
41086,128.67280187581503
41087,351.01679261990074
41088,231.25401603137146
41089,142.37192586574244
41090,367.2666932038154
41091,490.73347718476754
41092,210.72171602037574
41093,276.1755653945881
41094,120.0588818536407
41095,202.0756025574103
41096,263.4845894890508
41097,76.39241119386087
41098,128.14839722296756
41099,268.3216390414431
41100,212.19059611953196
41101,173.47052631051116
41102,237.6993969152911
41103,255.6041573401468
41104,343.6484396935518
41105,407.09556272777155
41106,318.1637505574675
41107,122.4030002735027
41108,267.9580588162142
41109,726.890290975658
41110,1217.616669816387
41111,98.01712051979116
41112,995.846212171177
41113,161.6102672532484
41114,558.954235072083
41115,206.59068055121097
41116,194.77681389903069
41117,166.9079351830105
41118,234.59273196925164
41119,280.72067457210693
41120,259.511704008751
41121,86.85979763505729
41122,135.93235080008617
41123,132.78549290444968
41124,315.2004102382177
41125,276.80993387481317
41126,182.9842106437813
41127,77.1029812108813
41128,139.8620363592396
41129,476.31048435490186
41130,182.5792983496916
41131,539.2300142340636
41132,164.16964781468386
41133,115.12879667946544
41134,246.27211999059833
41135,127.5523193452576
41136,357.1896578579878
41137,272.3762486414226
41138,318.2704449912133
41139,303.4693943706301
41140,98.2386116109708
41141,215.7814046462086
41142,240.96089299936398
41143,336.0651249120247
41144,133.23488334725917
41145,129.7334592094141
41146,156.96186492746415
41147,304.71488045343034
41148,166.57483974964254
41149,516.9079062734797
41150,116.06497539525932
41151,240.34693895445173
41152,164.3165370701361
41153,284.27812585759534
41154,255.7008932805838
41155,164.82433933834537
41156,481.4766766475314
41157,202.62256031425923
41158,120.92177421271475
41159,337.23859025578525
41160,207.6103677887273
41161,203.3454395872936
41162,559.9028100868999
41163,176.4605037627299
41164,170.88718671012637
41165,163.59276106032476
41166,633.3735099980742
41167,339.3890365692716
41168,565.2358121010279
41169,260.46040791537143
41170,673.7075336055443
41171,127.41589448914219
41172,157.72486548804955
41173,298.3564593378274
41174,196.6455058465214
41175,156.4906171915616
41176,264.55275075783715
41177,292.75669515559076
41178,188.92104901995208
41179,231.16767575039185
41180,127.81373331014885
41181,241.0965281813646
41182,128.63245608047112
41183,298.93072970011207
41184,289.9700475835252
41185,173.0478668264461
41186,232.62411191440626
41187,439.1952312066506
41188,546.3040873464521
41189,409.7777827274642
41190,156.41616780873753
41191,257.2422187622931
41192,607.1790860943735
41193,127.94252803099748
41194,425.2379237456914
41195,205.17253963939146
41196,237.3537263991524
41197,324.3527012275774
41198,192.5064287005874
41199,213.3834226530133
41200,169.37376869175958
41201,281.8821445217362
41202,919.8727867529375
41203,140.06046033507621
41204,158.66124814576392
41205,229.2560673644357
41206,1228.2363060882624
41207,197.79401914337058
41208,119.51625226475126
41209,123.1238905731723
41210,171.05689632408323
41211,214.75941761938046
41212,172.1710491257497
41213,107.27210063881348
41214,120.22570090135794
41215,238.03706800932275
41216,138.51666376106516
41217,293.50846157798264
41218,178.46649843316837
41219,533.0100503136671
41220,111.34050055261461
41221,210.86680273975747
41222,183.49744978459384
41223,480.73292529913556
41224,477.27552189670024
41225,749.0320853862904
41226,307.9641331855933
41227,166.5970175223314
41228,185.31785866244434
41229,247.77283166405704
41230,196.23227650139586
41231,138.14617824444835
41232,248.36040307432242
41233,758.1840356270347
41234,164.80456293421602
41235,260.2909532914437
41236,314.77287790747374
41237,252.03275432437778
41238,227.08224954880936
41239,213.21242893456989
41240,166.13393977136758
41241,250.78593876703178
41242,195.79035631967085
41243,174.4310332908897
41244,216.55971307531337
41245,193.25988493016283
41246,189.12997496908008
41247,130.98983112339653
41248,204.943402101642
41249,364.85000996486195
41250,199.54626298501674
41251,181.32078953927487
41252,493.4804262649055
41253,546.5757971933745
41254,90.32889890175917
41255,214.99293994474925
41256,271.79381878083734
41257,203.61155272678567
41258,289.3682864300073
41259,304.8001550348945
41260,342.4912353851613
41261,379.57932675683645
41262,143.85309509210407
41263,931.0997857807504
41264,483.6848670950114
41265,133.55784225474073
41266,76.904234542892
41267,223.91141021333468
41268,194.7654831402944
41269,182.2905252462016
41270,130.90026094840567
41271,257.65008502709594
41272,517.0789869348921
41273,310.64459790395944
41274,107.20632262648003
41275,604.8672917412663
41276,542.7850876148894
41277,108.3027974096592
41278,200.5193452756577
41279,282.4790439259414
41280,162.23263327199103
41281,151.50311903271648
41282,116.34047489584017
41283,155.71488087408403
41284,173.3786430324544
41285,136.90365624824423
41286,185.33265550320064
41287,122.08828113504187
41288,315.38393514626574
41289,342.4992703481323
41290,319.5951598030886
41291,504.04686197538905
41292,303.40708518005755
41293,161.89474567830993
41294,422.02707324997857
41295,163.10852067364212
41296,90.8947590382473
41297,168.08127404649457
41298,389.7257515510283
41299,371.48115391896584
41300,124.91436111449961
41301,427.04365604868565
41302,197.45980944625992
41303,212.02956290518117
41304,240.1420759180883
41305,195.13827096091066
41306,145.52479671659276
41307,501.6474137996958
41308,173.07624558605784
41309,206.04784530550268
41310,478.51687896426375
41311,116.27701197921556
41312,254.70762489704475
41313,394.42862453739735
41314,296.89658494164036
41315,109.01347710454057
41316,90.48163340146375
41317,257.2109877095463
41318,170.70685063990155
41319,156.57161388728278
41320,162.22673365921352
41321,401.2011243940664
41322,209.26513449202247
41323,281.9796062430627
41324,469.002247645611
41325,219.6117115167493
41326,323.32225429618046
41327,318.07446387981264
41328,138.87712059103146
41329,264.91146369361894
41330,508.3221150032003
41331,584.8742630916454
41332,276.0225625021018
41333,120.18221639333997
41334,1094.2281619153596
41335,214.54460361574425
41336,282.59485325560377
41337,786.9210678393692
41338,497.3298627037369
41339,642.5842618654112
41340,223.27118614359532
41341,271.1777262446837
41342,446.37443555513113
41343,306.81714352748196
41344,236.01025308281407
41345,185.2400959374178
41346,109.60903490500756
41347,93.54965888216823
41348,211.64945214520745
41349,1473.4400282689003
41350,244.2977831523775
41351,206.81923472425194
41352,272.686554407592
41353,294.81865277586206
41354,525.3436684377681
41355,258.2239771989946
41356,786.2263807115327
41357,228.9230582828079
41358,621.1236644187738
41359,191.19467804052704
41360,392.2586161808093
41361,121.21620773408762
41362,231.49037453796907
41363,376.397705411721
41364,229.82493046378974
41365,115.51750881797395
41366,173.28095540428902
41367,407.46735997762715
41368,319.5406660898608
41369,236.10338434984223
41370,76.82106297846599
41371,142.6462667778992
41372,245.64875348965654
41373,852.0263651279274
41374,251.09569210266147
41375,278.42526442394194
41376,204.0580433404358
41377,301.5287264096688
41378,244.1260840824116
41379,224.1965834257379
41380,157.42928178945434
41381,230.50047372713323
41382,1611.7967631203433
41383,317.6270062139955
41384,260.0317844191081
41385,201.75804875808572
41386,316.93621627407873
41387,265.10670662067963
41388,213.25867102955183
41389,222.027225842211
41390,483.6771457988483
41391,711.9075154375398
41392,260.6617379070949
41393,133.73974255466416
41394,205.64706779392725
41395,152.86336967689093
41396,200.74771126897372
41397,183.32782625259605
41398,181.3606278332316
41399,119.20632347801721
41400,300.26914842142867
41401,159.55549191224569
41402,123.62925609849121
41403,248.58989998206513
41404,491.1010335197025
41405,96.44589304299856
41406,158.59638903070584
41407,217.66536099488852
41408,142.74647310590686
41409,138.38423866932203
41410,346.28980222473314
41411,143.5418862871248
41412,270.81752516611215
41413,507.06400121846417
41414,237.02428561272674
41415,143.38144482116886
41416,357.34087545521515
41417,316.68486578438166
41418,309.6720829027939
41419,154.8098136218284
41420,181.6809624539648
41421,205.88036327282492
41422,122.2398391658638
41423,448.70841025829486
41424,260.05487902473345
41425,119.67598942968503
41426,1365.5411213335651
41427,500.24028665734545
41428,155.8932641298692
41429,169.60994162791084
41430,129.54814523165044
41431,143.70103438370984
41432,306.07185133647675
41433,136.4886679310299
41434,254.67158568091295
41435,198.69033675761492
41436,338.5357769850105
41437,179.48169232329892
41438,788.7354371416296
41439,103.79997018967815
41440,92.06737522346079
41441,71.39914345400388
41442,200.70602555533245
41443,136.5395614407219
41444,232.23164934580274
41445,170.4010736663603
41446,273.55559092875825
41447,269.64354579967363
41448,358.4031842610454
41449,156.2210689495694
41450,968.1203177074971
41451,456.33359878554916
41452,219.54482455649318
41453,78.4980765056453
41454,543.4576764879989
41455,111.34018832638981
41456,397.4599896699926
41457,234.1383893441286
41458,209.31055286578948
41459,352.6570812186565
41460,118.06415405020083
41461,156.14431962838583
41462,128.10913316918325
41463,201.07476034999044
41464,113.94653740632786
41465,104.33569994125361
41466,318.09729192371736
41467,170.1695093651693
41468,253.8188797306256
41469,213.0649994428066
41470,189.67776200025315
41471,232.46662665000608
41472,163.23005658830886
41473,263.38815587330333
41474,368.52153681350916
41475,844.3270954107579
41476,112.14442389838243
41477,564.2784916799109
41478,448.8873630546386
41479,681.289595091712
41480,621.2866740904792
41481,522.2600893634888
41482,1092.405988574517
41483,387.1489858675445
41484,490.013376070337
41485,602.429593117756
41486,153.92365804772945
41487,180.42754845615795
41488,232.70737880862177
41489,442.7273957010462
41490,364.0110167444617
41491,424.61493827212865
41492,335.6593187401994
41493,279.18138072830254
41494,389.13488149369937
41495,190.1408240228862
41496,118.69407134415876
41497,125.93804869630164
41498,699.8776278013144
41499,689.7462895439875
41500,310.14165298213965
41501,282.9258163468173
41502,128.0571633948375
41503,610.9293178981075
41504,213.5745990042983
41505,102.77944426988508
41506,123.42916248426725
41507,267.8457021686566
41508,187.64445403838005
41509,157.27244084667504
41510,243.5462290273165
41511,265.9247585156374
41512,135.86744432180242
41513,159.04470993753748
41514,136.06261446748306
41515,74.45823515698429
41516,147.86260565452693
41517,452.1929483646151
41518,125.77960930158314
41519,299.1599707057886
41520,567.9892416329037
41521,396.16820004829987
41522,94.67474559328214
41523,368.6800059417902
41524,246.88651168831703
41525,154.66349428657298
41526,117.39930467975189
41527,163.34210435687763
41528,210.80530558948396
41529,252.28286243039543
41530,188.5603847719228
41531,167.4409145248461
41532,159.46003140565728
41533,224.00041869360783
41534,646.9360785365061
41535,170.9047246278584
41536,94.84439212460381
41537,294.7321846492815
41538,267.4023860728257
41539,308.60191896046916
41540,191.31790806908774
41541,261.2496042985181
41542,177.30033282305436
41543,421.6396680081085
41544,157.25615119655257
41545,349.0834507712677
41546,138.90569683581865
41547,321.05407833983776
41548,138.24909843694024
41549,244.1065532291838
41550,169.57468212784173
41551,332.5752157504739
41552,271.9928424645548
41553,430.05102884972143
41554,292.5771507521965
41555,897.3278845865339
41556,529.7039329953988
41557,259.82080507505214
41558,135.0953985421981
41559,191.13455567062562
41560,665.4330734566748
41561,279.0550307331075
41562,191.2336437572042
41563,145.3283066020356
41564,164.4787559423753
41565,122.50925925339662
41566,220.72823628996468
41567,138.94257320083778
41568,250.44964642400976
41569,145.11089832174986
41570,233.85666246465252
41571,118.69167954987354
41572,563.5034248373544
41573,152.5683717310014
41574,342.5984821498993
41575,129.74181428066163
41576,143.25211092055318
41577,260.2123465125857
41578,207.78403743597752
41579,152.67899459209988
41580,554.0264929040078
41581,266.7588427575354
41582,231.69201078204222
41583,178.0185260968913
41584,258.7950538854301
41585,426.13464350260557
41586,154.6826281726826
41587,640.3612143281184
41588,246.9166880118025
41589,258.43864464949024
41590,232.00287925161822
41591,266.39282981947923
41592,502.20988800589663
41593,263.610283667506
41594,244.4280288961634
41595,930.3680947782874
41596,269.8920114854857
41597,154.47285164955483
41598,202.32170354205712
41599,112.66786650507622
41600,256.65019715704113
41601,318.25219758135904
41602,443.8460342164625
41603,681.8795989705885
41604,360.61330287231743
41605,311.3530313411097
41606,218.43685684043683
41607,187.57191467749345
41608,164.78743340098433
41609,154.66687720770145
41610,156.02189161319802
41611,110.73271234741904
41612,474.1128770250185
41613,313.34456159349133
41614,254.2237587309731
41615,143.04308548991014
41616,179.28561020836116
41617,401.76042427613083
41618,143.01494198176152
41619,309.34939348085896
41620,378.3396799635869
41621,467.73694834250097
41622,166.0122907367619
41623,424.5657195258467
41624,179.66766217830966
41625,175.27733424621056
41626,159.78745249617307
41627,416.56161984271665
41628,268.64344762407825
41629,132.01534750168324
41630,140.3397013021259
41631,79.10976001059623
41632,275.4985398101891
41633,201.09751660336593
41634,224.32262949298183
41635,440.6633314870692
41636,168.46655744185927
41637,181.08385227565412
41638,159.07770888130523
41639,207.59436799664263
41640,193.39678055287808
41641,200.02883818347263
41642,993.0712064649141
41643,1047.642141715523
41644,700.0535577012799
41645,264.18203517688886
41646,272.5241123137952
41647,201.92136799600138
41648,204.85048157773596
41649,202.06139482863435
41650,126.23313377328353
41651,470.2644574470461
41652,269.50755311122884
41653,276.2286377887686
41654,760.0432049893083
41655,138.78153314275096
41656,314.947405168083
41657,160.7388450188972
41658,568.4102357601441
41659,141.24672586872705
41660,233.79841125083624
41661,122.75519822266197
41662,150.76682592307594
41663,251.70485214704271
41664,519.4284629888766
41665,218.18043333392976
41666,136.93510027776256
41667,79.15148650730822
41668,157.73059869629543
41669,348.62246137430196
41670,253.3294887998999
41671,1422.6009956791897
41672,176.40044135520182
41673,143.8897397189978
41674,195.83202795299604
41675,193.2051325770993
41676,129.70605849554354
41677,465.373435035633
41678,184.71939870149868
41679,214.75072703612733
41680,110.87473827863764
41681,146.03411702274275
41682,105.61038478748529
41683,190.0540026111679
41684,713.3443611973032
41685,104.13387478547529
41686,323.4803566290232
41687,421.23254909266774
41688,144.64914621469995
41689,127.63964674796202
41690,146.48328857331813
41691,1758.2069752874056
41692,404.4066659326178
41693,227.39744650618792
41694,102.82952104664102
41695,260.2780613806462
41696,1201.3119795751934
41697,164.1095015873935
41698,450.29543527609235
41699,182.9636796249927
41700,303.04225109291957
41701,69.48918489281353
41702,245.0448535961142
41703,406.9197076759457
41704,173.64449936892447
41705,177.98396532403132
41706,138.782666088711
41707,307.1688166492395
41708,291.37005400392536
41709,211.51542592653522
41710,172.41862047672453
41711,245.21430031623674
41712,208.85440428148874
41713,553.65763075833
41714,109.25794202138367
41715,81.91061117326946
41716,207.25404715575914
41717,208.27111034601862
41718,246.65028275357136
41719,178.410795498908
41720,245.8192568841684
41721,149.42705308568375
41722,105.2651725177839
41723,227.4722705770428
41724,129.60635855433145
41725,116.40687939556884
41726,203.0978442819373
41727,204.1100933480307
41728,328.0822260162987
41729,171.93467286227332
41730,288.5130639996017
41731,149.1052629018266
41732,376.61587474759955
41733,117.15080455381825
41734,556.475772334994
41735,288.04020065090145
41736,203.88040784663605
41737,226.7635045299248
41738,189.05981414382555
41739,272.00056246689564
41740,210.67303398771526
41741,211.8892992236526
41742,258.0061909444999
41743,483.8088419340077
41744,134.84028330084635
41745,1091.4035591813777
41746,870.756340110903
41747,228.08447692649804
41748,265.59334654954705
41749,175.495637027313
41750,128.83205615893058
41751,305.2834113805579
41752,233.3798747817044
41753,152.30720741927868
41754,190.77373711133475
41755,343.2752265726381
41756,59.55146667514493
41757,700.5040362079949
41758,280.63412662998604
41759,119.93696353740654
41760,471.5572249687833
41761,1222.3257593335445
41762,180.3184845664454
41763,1032.2864455798335
41764,212.46978483394935
41765,331.4773595146988
41766,228.47627372011627
41767,336.12488648805567
41768,1347.277564286505
41769,327.23885902695065
41770,442.5790656748112
41771,185.0144191753929
41772,381.9505503745274
41773,206.17714696009847
41774,373.6618413423846
41775,197.14343259328834
41776,416.1318647359978
41777,129.53477655930618
41778,184.82266154898187
41779,240.23783592253514
41780,191.27474557373864
41781,229.23887109711634
41782,121.32648661700475
41783,429.6602490085577
41784,147.72615387520344
41785,275.20008793521004
41786,369.2645242030017
41787,257.3531886694544
41788,274.5917237409415
41789,130.67671443496562
41790,205.45351579564922
41791,290.5441655165033
41792,116.62317407469367
41793,139.11273356319512
41794,382.6814279079039
41795,243.84190479665648
41796,159.87353240135937
41797,159.42789645622415
41798,360.8169124847531
41799,135.7116717435382
41800,257.6022755345808
41801,120.48371641299761
41802,221.7201470267073
41803,231.9129372657503
41804,204.44805688075206
41805,182.84049100960758
41806,367.2125600765771
41807,208.74829178592867
41808,226.61743389328217
41809,130.89111426944484
41810,340.6300036699729
41811,123.28364502514626
41812,221.45329419800854
41813,165.09353627710422
41814,160.51536470831715
41815,99.94946871741251
41816,209.73243351292567
41817,87.48999580743423
41818,209.23815746418407
41819,112.73198670421951
41820,457.77338392900407
41821,284.6130124807292
41822,331.17371421354693
41823,287.3693557174143
41824,159.60857142301
41825,497.6041681261274
41826,341.7171934341752
41827,95.66744823515319
41828,393.2747675197861
41829,123.92382556184324
41830,203.71996327152283
41831,178.94396833826173
41832,119.147816691889
41833,333.4825891256123
41834,218.66924233820126
41835,165.5861763530759
41836,390.8385681895741
41837,270.053857107595
41838,712.9382831353392
41839,2084.794864958477
41840,419.56930991005845
41841,200.08590165812743
41842,255.08517152684325
41843,191.9984989453012
41844,182.45478071089786
41845,178.7920828637521
41846,204.02543455243182
41847,228.8309764113791
41848,132.69017128678644
41849,154.20729351662422
41850,145.51735240239918
41851,1471.315839055324
41852,244.27803057015652
41853,289.1135511595838
41854,182.2696690197662
41855,360.4766486834992
41856,268.0193662725376
41857,503.5573510935834
41858,238.5068726628052
41859,160.62092490243413
41860,123.80501821608131
41861,150.19630130343845
41862,322.85010576139405
41863,216.92034861494358
41864,233.47299401648166
41865,87.18278502051172
41866,383.1863189959131
41867,245.02951752159018
41868,592.1767766950667
41869,150.91644917474918
41870,453.7933331951183
41871,93.99914159947674
41872,200.2954784066022
41873,252.31837738304785
41874,138.60045412263912
41875,220.8339024830153
41876,321.3239579443352
41877,278.591999516103
41878,279.0279853155774
41879,654.152595405769
41880,438.5960110336653
41881,219.1635876802625
41882,169.18141620883915
41883,183.08916762850836
41884,362.94690823075047
41885,243.74437017701877
41886,806.002752610173
41887,432.5567907099974
41888,397.31083613840417
41889,230.47685010062673
41890,175.9797155983571
41891,254.81694199335445
41892,257.6103620230011
41893,127.30494837815688
41894,154.55115523790386
41895,473.47875507385095
41896,363.10865835730567
41897,95.94702248134817
41898,283.6864420379291
41899,106.77995837248137
41900,263.74270622459375
41901,497.80440085098246
41902,322.02246220512905
41903,271.75540492257574
41904,119.61252721388692
41905,150.0109812889151
41906,158.8891583138337
41907,2212.7663899105355
41908,1114.6191277370776
41909,290.87070819720867
41910,138.62630523378107
41911,158.34258965586625
41912,92.58569300821682
41913,207.78772098323296
41914,92.88621880255081
41915,304.77362714952966
41916,212.82322576525598
41917,98.9940754014545
41918,199.31280796629633
41919,85.59550524384044
41920,233.88911232678353
41921,119.60759211555315
41922,102.57060957515557
41923,119.46786386270641
41924,359.0273380858169
41925,241.21954906562104
41926,249.8022152838276
41927,246.89454971402603
41928,319.86743763600134
41929,115.1577001613926
41930,111.05053660229656
41931,229.73344388173388
41932,139.07726212797698
41933,396.43171653924736
41934,174.33266868569376
41935,149.75698952314553
41936,197.56531285430086
41937,128.67914978633308
41938,323.7120820740656
41939,110.9300525955314
41940,540.094889344822
41941,134.00607883719064
41942,720.219167118994
41943,190.45906681749662
41944,110.63960115112921
41945,170.3408978118231
41946,151.65507150013073
41947,141.37688804934152
41948,166.59827167654
41949,170.30856713220422
41950,198.4202044918899
41951,91.31678307367032
41952,150.05495851401668
41953,268.96293638337534
41954,115.67108839500237
41955,258.2511016403736
41956,69.64440161261908
41957,202.65339432376942
41958,215.61150335790074
41959,193.69370283879246
41960,561.9345737411929
41961,503.104245869029
41962,270.7444336885128
41963,191.5992794664813
41964,237.7838840686557
41965,146.3783515844642
41966,321.3439233542046
41967,254.06783049422106
41968,416.08146938974676
41969,383.26552345043586
41970,111.11649236646062
41971,647.2545523529894
41972,236.96078441262793
41973,212.07006635088902
41974,544.4848078861845
41975,284.1058517914507
41976,641.7253028050476
41977,99.84172609126865
41978,142.62724349181389
41979,316.88171008879294
41980,82.95071233031577
41981,307.92524816362993
41982,137.06972978368074
41983,210.45943645838335
41984,95.26656045606741
41985,349.06301524423327
41986,222.02328785883435
41987,158.80079509244763
41988,165.41305923724167
41989,300.55853198817726
41990,81.34967611854722
41991,992.5047129167551
41992,278.13164124395473
41993,191.60105922038161
41994,276.02389654402566
41995,244.4010995298622
41996,164.9254172579248
41997,346.9220039214388
41998,310.59508349814126
41999,228.60367250301445
42000,99.3706573563467
42001,151.52207198845878
42002,222.85096901045426
42003,218.18745514798448
42004,149.56348912605702
42005,199.54626298501674
42006,202.93437817298883
42007,157.21567004576912
42008,222.00265823781638
42009,176.04656357174892
42010,432.4545954748326
42011,142.79568145655676
42012,181.750492232637
42013,258.8595378896749
42014,583.0100478795191
42015,162.44507284799272
42016,258.87780538950744
42017,210.24055420305467
42018,251.33634838380482
42019,135.18077718590095
42020,214.60587751048993
42021,230.06119046480404
42022,235.80910568979803
42023,273.7165246709573
42024,290.54911019507483
42025,102.7979281654765
42026,302.7298123588657
42027,129.90139135266455
42028,132.40766286536703
42029,161.5816534068965
42030,163.69035722397723
42031,395.9510654079019
42032,122.23662623206172
42033,131.16986811970853
42034,187.15390081220843
42035,75.55446953380684
42036,200.07086714959365
42037,206.95612760488905
42038,579.1594353149052
42039,89.14567292601983
42040,401.13426820398564
42041,487.9616071085422
42042,228.1202263132133
42043,264.7889905473961
42044,243.10507118425366
42045,127.76827846291387
42046,167.42017578801327
42047,168.50295732394164
42048,101.5798191876143
42049,219.5062966263104
42050,249.1976153559755
42051,125.82715502045801
42052,242.53196804163423
42053,272.72602877668106
42054,314.4283622576774
42055,302.3398088045548
42056,299.1952288974768
42057,141.8620873901851
42058,190.3512853572004
42059,1069.591773758346
42060,186.64589583955188
42061,163.67281820542385
42062,141.17196067137084
42063,183.25568140210763
42064,121.10251473828448
42065,245.47757986501676
42066,220.11697030402198
42067,113.18661514842667
42068,102.31246124099671
42069,286.4887623395387
42070,158.8559645610796
42071,148.48761079690908
42072,909.9967810703115
42073,243.69138413169205
42074,76.82285037993026
42075,130.86992499875964
42076,208.47272334255658
42077,394.30025310950236
42078,253.0349634989719
42079,111.16774386497647
42080,804.0594735135702
42081,340.44251386658595
42082,7398.603990358616
42083,110.81593799077788
42084,848.7891881555036
42085,226.92210094776647
42086,243.34170421691158
42087,559.8247526741537
42088,197.19301328482678
42089,304.52827972846376
42090,239.70865084640718
42091,195.72621938534792
42092,414.6844908982963
42093,169.91785492549388
42094,247.17486643146688
42095,133.19677033737838
42096,108.61250346025565
42097,169.0588556137257
42098,252.25976537762585
42099,252.224769541496
42100,378.7738223949506
42101,291.51852107358576
42102,225.03734185110656
42103,129.63799803321447
42104,297.18879920973393
42105,92.45375642628527
42106,233.2374458731924
42107,104.1469988621228
42108,221.51253273135714
42109,308.3617210460586
42110,149.10002380312477
42111,138.56129632715525
42112,327.8301623543751
42113,123.33922487389624
42114,440.4997883346275
42115,254.49847308661344
42116,168.10197163889742
42117,321.2650698953846
42118,170.5178541403429
42119,222.3016705805817
42120,282.2791909962633
42121,273.66105351988824
42122,308.5948754794548
42123,149.17291626114218
42124,398.1098716167273
42125,142.13364545908493
42126,169.6923736181534
42127,286.8244388196911
42128,86.07159297334312
42129,159.590115889487
42130,115.17641430336995
42131,576.3323548113377
42132,538.5478612562589
42133,171.20831298953328
42134,381.7533832393141
42135,116.5195390773452
42136,171.09481559155594
42137,108.08158401287916
42138,184.73338472411703
42139,145.89626931136223
42140,237.69368226054948
42141,202.49287117684725
42142,117.20285768973993
42143,197.4028464737476
42144,84.86405785503051
42145,130.26073484231972
42146,530.5734853573844
42147,117.10765772855133
42148,136.05858749468916
42149,247.11377711701775
42150,85.83162513629186
42151,155.31912871565044
42152,373.926847352565
42153,95.68917066867036
42154,140.60013497842755
42155,699.316360841173
42156,318.79470774650946
42157,106.02995275307092
42158,152.37477064690535
42159,127.04756321032274
42160,198.0648115701954
42161,469.9814293453386
42162,203.58738685933994
42163,386.58341204067705
42164,617.0004975107346
42165,103.9029838324109
42166,716.7009872668291
42167,484.74197538159115
42168,226.97024956916917
42169,600.8258608465794
42170,350.0164850461833
42171,184.77615614302474
42172,148.63658248561552
42173,132.52618453799
42174,222.92553625213318
42175,546.4535202046194
42176,306.45356240118895
42177,163.131215791702
42178,610.6760887154137
42179,127.23116902322967
42180,166.2601273029344
42181,219.19985102590434
42182,232.46474874818628
42183,262.9158890053707
42184,175.90301550860104
42185,436.6713611776039
42186,204.86201120242868
42187,122.64677627912734
42188,178.7861919594475
42189,183.04993809303375
42190,339.58856463138096
42191,235.64220638347632
42192,209.56244583866388
42193,115.44544738019268
42194,126.26872218361059
42195,581.9195191816056
42196,275.062791786874
42197,248.89039784088803
42198,189.23570261060487
42199,208.8680636552912
42200,180.72502062284215
42201,311.02668810082343
42202,118.82507452415989
42203,206.76806412099322
42204,148.78533535795435
42205,203.72303108248906
42206,174.67866575858045
42207,1011.9730590020042
42208,230.18047280908303
42209,104.27355553393713
42210,526.5547982494613
42211,145.75977597535731
42212,257.85581406197315
42213,301.30041618106145
42214,242.90745117576154
42215,218.16168662112213
42216,139.3410245770262
42217,183.6218057074547
42218,81.01201841794736
42219,160.26359926858692
42220,289.61060143237006
42221,213.06077948771997
42222,206.18139077393386
42223,133.08820879794544
42224,159.76211926512866
42225,123.14653453340898
42226,144.27813159589934
42227,145.08294924013333
42228,420.57998471118174
42229,150.30883761547773
42230,297.78233789827584
42231,244.06860129606517
42232,104.25476582757219
42233,102.35348221144268
42234,412.4297650392641
42235,320.66464928193966
42236,197.75484013893552
42237,159.72431654001232
42238,178.81708379375416
42239,214.27852403745715
42240,251.8944605607162
42241,126.59823808000822
42242,193.7884957502766
42243,87.33203742471454
42244,310.01572146162727
42245,191.268964156239
42246,288.54642602903016
42247,1064.8932916072
42248,150.55707093087554
42249,156.04267063693763
42250,154.672714457661
42251,115.24648999425581
42252,185.545057926918
42253,186.198132472965
42254,344.7082056055449
42255,221.42655223759903
42256,184.53805494350962
42257,162.42516408321012
42258,133.28401413976243
42259,248.01410592168384
42260,120.30360171248691
42261,101.17171224234013
42262,374.2165049977434
42263,121.8674456169508
42264,174.93211894913412
42265,190.5136839109974
42266,162.5055282854684
42267,131.54252653247895
42268,382.9014338218048
42269,148.23009610922907
42270,380.4102623861233
42271,182.93366375204997
42272,422.63352008161
42273,535.1840943992688
42274,133.77430467746407
42275,262.6700624629759
42276,231.6629922145679
42277,219.50985719357158
42278,260.36693881552037
42279,195.8580809710793
42280,155.90369338091747
42281,141.00003513515784
42282,161.81221296165097
42283,427.85079065749176
42284,604.3479502720401
42285,269.64603446655565
42286,899.9966633870589
42287,368.9444747103268
42288,328.29011319964246
42289,374.10957897143055
42290,113.07706476897901
42291,310.34643410096845
42292,482.3125278976187
42293,149.89860987523517
42294,149.4180236251774
42295,153.00599816709692
42296,156.3683381085394
42297,221.6929902246719
42298,178.34922517532814
42299,61.622996856476064
42300,230.82702020078023
42301,248.9849555502284
42302,224.916019538281
42303,267.97392443661806
42304,177.72787042962852
42305,120.2558275620364
42306,165.7692357189171
42307,194.8218232074104
42308,282.84269298460487
42309,286.89184295696083
42310,112.44520853182317
42311,208.16338615181013
42312,624.6211620026046
42313,446.7556974903341
42314,350.5389322535654
42315,547.7180953857568
42316,232.5653075349404
42317,252.08437527547252
42318,146.721649678972
42319,788.221591320792
42320,804.778104732904
42321,483.13424721678695
42322,933.7403163117925
42323,532.077352769418
42324,313.80467791872024
42325,209.1211710082838
42326,190.62828428679427
42327,260.97885480251176
42328,457.9858316237348
42329,256.3856843411955
42330,111.39731529822481
42331,122.61559770323908
42332,130.55556581471177
42333,314.6600833591508
42334,135.17326996792585
42335,334.22987985804684
42336,181.93674323269522
42337,121.5747600746501
42338,173.72573853823957
42339,171.34629663699988
42340,132.6506776059981
42341,1847.5250091513292
42342,162.11273212395844
42343,399.40885503458077
42344,100.67827063225994
42345,241.67788992094262
42346,153.66319794682664
42347,237.41004261785505
42348,291.52682284179195
42349,145.34784997714357
42350,156.34136892402407
42351,249.38657088957333
42352,272.81303121621636
42353,152.92628738424497
42354,272.13046976886505
42355,203.3201268422193
42356,185.36338798511983
42357,99.5602429578424
42358,220.01928551350656
42359,278.7648640545977
42360,97.88690466108898
42361,149.43194629738824
42362,213.61907520862138
42363,163.690204634844
42364,245.40022222677834
42365,194.8344654284683
42366,694.1286743706336
42367,170.76018095708122
42368,228.01951604213903
42369,274.84457734201567
42370,103.00358739620127
42371,201.3112834629926
42372,243.6924841589718
42373,330.84111968620624
42374,352.61034067983724
42375,272.81906006699705
42376,147.3543673449276
42377,375.740209481733
42378,511.714534970502
42379,224.6434790330711
42380,246.85711871479845
42381,234.34426876531077
42382,149.98073524648987
42383,208.39128580829112
42384,139.93170128510266
42385,125.27296467546901
42386,233.7092595883007
42387,265.11641444983854
42388,251.85748602876563
42389,137.65122710314702
42390,153.1299816739945
42391,122.96546537596441
42392,217.08441562176176
42393,362.5327783073886
42394,341.9975647012125
42395,377.64733737998745
42396,109.63668342351357
42397,182.26431201415724
42398,177.7491955628571
42399,555.976248836171
42400,567.1897375901094
42401,567.1884084429743
42402,141.26724994603333
42403,306.49207092442293
42404,373.60630717194823
42405,400.47953772251924
42406,765.0876417135703
42407,201.06035299450218
42408,276.31618629713853
42409,162.76936021075
42410,181.89564179850143
42411,224.75849160519374
42412,450.45637325463423
42413,181.40546321615545
42414,176.84817258499947
42415,462.684838120652
42416,367.08054518440906
42417,180.76604292820628
42418,130.6843499076759
42419,160.59841467930985
42420,230.4971485882922
42421,212.12031081395654
42422,268.42386177797727
42423,300.55840006439183
42424,229.76451264336063
42425,520.0796270577111
42426,220.26754827060677
42427,248.89932603283975
42428,175.4769943261088
42429,145.40627470036398
42430,466.77369696399956
42431,195.83408044483048
42432,194.21708344047556
42433,208.94006714226242
42434,127.78877306533343
42435,225.00424068452634
42436,97.22118640118093
42437,113.69554041449572
42438,555.4628826969374
42439,315.55784135209245
42440,139.9569719527756
42441,92.54240355660502
42442,241.51731074784774
42443,433.4455880779949
42444,134.79581868630927
42445,154.28571082113604
42446,292.21031509047896
42447,158.7172798493032
42448,200.67096360950393
42449,257.1641611132743
42450,265.94792629597265
42451,155.3119457203678
42452,194.29865336734233
42453,1323.7155741993697
42454,405.18800725113545
42455,319.2064755975921
42456,162.5399204040764
42457,130.7822597438268
42458,284.4089440144506
42459,138.64677389974565
42460,1060.6200138564234
42461,113.34877902111471
42462,118.99101430877201
42463,148.67020694851087
42464,223.68801798960124
42465,106.32013637866449
42466,205.6756061730587
42467,252.66779755434612
42468,228.73509911086165
42469,278.93957624821735
42470,230.89067893602675
42471,95.72711207227472
42472,142.4338354677865
42473,204.33962547665823
42474,140.06925641663642
42475,243.65623633353482
42476,343.53324308171216
42477,606.2881151379937
42478,176.5513232695485
42479,1229.4642179316625
42480,266.6802856060991
42481,178.6239355590342
42482,218.7598237367597
42483,434.37324046387477
42484,172.39597480615694
42485,436.366288844971
42486,221.31770579626163
42487,318.6242467480782
42488,133.5191960185539
42489,165.01384667025596
42490,186.0885050580258
42491,174.64215071576254
42492,187.05986690811395
42493,312.233094300536
42494,395.3482729801043
42495,347.7392634791478
42496,238.89534781054246
42497,134.98693831482117
42498,2723.4134757550178
42499,208.71891489692217
42500,245.50897640332767
42501,303.2224833855933
42502,342.5508101678168
42503,168.35909917974067
42504,256.00962918333954
42505,388.36906911459346
42506,204.457373667713
42507,391.67499001531064
42508,185.86356967922382
42509,93.67534939643463
42510,276.53616947302544
42511,239.66796973966194
42512,606.4240535576922
42513,844.0490289968285
42514,390.7353622472529
42515,286.26788505320417
42516,340.05719934507334
42517,1189.38553706376
42518,258.7504615016315
42519,203.95763764638653
42520,186.76730572070028
42521,113.44047264996466
42522,177.14962351611584
42523,115.52356929832004
42524,303.14871405660676
42525,275.9319477364319
42526,355.8428973955653
42527,212.93499001650164
42528,153.82648914230356
42529,173.499000185348
42530,281.5092273180604
42531,321.40185831985593
42532,237.76263714388656
42533,148.0132144009678
42534,341.59510018458536
42535,142.18287974386934
42536,316.63459756221044
42537,234.48159440105948
42538,160.79215489522076
42539,139.9303922245546
42540,299.1736505987083
42541,505.09567631572304
42542,277.67290699475456
42543,395.9263070263525
42544,183.57468224759677
42545,135.7324160080595
42546,382.81715570509306
42547,309.4076064169255
42548,132.65077245073445
42549,188.61169757627422
42550,187.92671130574732
42551,147.80046010429862
42552,259.35092769576795
42553,166.85076228762333
42554,253.60469314306374
42555,240.0831376550927
42556,169.80414647698709
42557,147.38424457954827
42558,191.7831402493031
42559,239.69964125152126
42560,283.5967545293993
42561,500.203791819707
42562,175.34257714092283
42563,475.991733797941
42564,227.7951968042961
42565,441.10331773134254
42566,126.1493011914021
42567,342.2815138385645
42568,131.24420982134043
42569,417.309358162086
42570,279.59638906120136
42571,227.55333431432229
42572,209.7905516304435
42573,108.16310010127852
42574,235.32094953767782
42575,146.4013572460881
42576,170.63956247039062
42577,116.25961419426042
42578,257.5347016826374
42579,355.0337520027294
42580,159.24565729358645
42581,307.2041070773753
42582,148.78671922076157
42583,340.8341511705952
42584,730.6296101765166
42585,204.5717338231927
42586,262.8224719957325
42587,187.81645349000334
42588,69.55132929890837
42589,246.3122421542183
42590,140.37154913244922
42591,196.87511749354587
42592,156.9776240603069
42593,175.6203629058284
42594,208.1417542436681
42595,132.72838348916085
42596,642.6300849081246
42597,146.65582507910267
42598,217.89117490557393
42599,185.4712234387083
42600,159.32706176240015
42601,250.28577717395308
42602,148.62854986156884
42603,169.43921701704238
42604,179.88581381615168
42605,217.1037250797511
42606,216.62558516954022
42607,144.05823106738026
42608,124.7471441077802
42609,314.29182697494025
42610,249.54541395283178
42611,1040.8590538831281
42612,396.1163484361729
42613,237.70268327715664
42614,201.19671786304735
42615,165.945825656172
42616,217.53711544118238
42617,326.1350099105714
42618,347.90315172666175
42619,196.56955598275874
42620,286.74903171672645
42621,146.8654735754976
42622,174.77223996493836
42623,252.67473741790718
42624,689.7216451681842
42625,601.0691253646118
42626,312.78174907450466
42627,137.08870408206545
42628,237.28035157262084
42629,202.07402333927024
42630,180.6896002863289
42631,353.8989195479871
42632,169.48415562847111
42633,121.49219231065237
42634,252.28370020209155
42635,919.006719280896
42636,113.05798162113648
42637,89.84904304783116
42638,207.97640317513674
42639,295.7347967269456
42640,239.54300993641755
42641,145.45805740870998
42642,135.79809305098516
42643,124.27347752443063
42644,97.45445839121255
42645,468.6475783976576
42646,457.55314042042306
42647,226.12391433901584
42648,434.59877841923395
42649,973.7020067400299
42650,114.32296052801735
42651,218.56219434761442
42652,81.61282786422088
42653,132.99093965210767
42654,84.9147065126489
42655,155.36785884619775
42656,162.30365583122688
42657,130.92154567288802
42658,252.2501760402732
42659,169.40901331125062
42660,262.636821696587
42661,211.85398120492889
42662,336.49304073847475
42663,148.8837927501258
42664,138.8490919125283
42665,201.39484459268465
42666,627.3745059158441
42667,318.63366518044626
42668,147.23894302299712
42669,182.7514802227674
42670,160.66721444992092
42671,120.81078927562004
42672,482.7895552203633
42673,457.4330452129935
42674,163.58168464421348
42675,218.88929702646942
42676,346.8563362978364
42677,304.0020440893683
42678,160.90270014167166
42679,295.56076321502337
42680,1175.3265458042
42681,152.3557748173422
42682,191.12705517437226
42683,128.85142775045068
42684,203.5049350764509
42685,204.8703961374936
42686,203.2946447836317
42687,135.4416894156823
42688,97.93211718816251
42689,981.3074102726611
42690,85.13194391850782
42691,175.16657537224464
42692,640.3606596056017
42693,224.18657628916642
42694,752.1186510186391
42695,252.58343484072486
42696,354.0236102589499
42697,203.47603368327867
42698,151.26107433670708
42699,189.52557714156768
42700,159.18953027600483
42701,244.60852871701874
42702,305.05897036728567
42703,193.58545967481544
42704,178.65793485734847
42705,117.27708824542384
42706,216.59881136714702
42707,365.2234099087441
42708,789.6340465211598
42709,83.99153496878056
42710,157.80892338637167
42711,233.35367207651962
42712,204.32490527063084
42713,134.84137375122918
42714,143.90037803008676
42715,230.67344015332384
42716,295.35803782332846
42717,253.65338458957225
42718,292.9127096251662
42719,336.65451935467837
42720,279.43955071065176
42721,174.35568965444529
42722,196.41434391478643
42723,181.37681909817138
42724,233.5839937424369
42725,401.672740833021
42726,391.8705455888364
42727,264.30063623526235
42728,182.39993257898257
42729,239.17047183815745
42730,743.4684762422896
42731,224.81667689437154
42732,343.3747441885106
42733,162.37722014607758
42734,216.1645740276884
42735,304.07080117756203
42736,331.4073808820012
42737,138.7016834132842
42738,124.99399383360445
42739,457.51980497711423
42740,242.15427096987102
42741,329.1002539694815
42742,245.15979212838602
42743,359.22384902143887
42744,147.63179080555673
42745,708.1099934690601
42746,218.59718499743911
42747,152.5925237971132
42748,276.1474337541847
42749,168.68139240658272
42750,153.44759863914302
42751,79.39082856978689
42752,186.51545364257703
42753,428.6500566003677
42754,427.0070646800653
42755,224.01406223529492
42756,253.6943031471895
42757,197.65794501573
42758,203.24859685015542
42759,153.42570334858132
42760,809.2041611407766
42761,285.97512481184356
42762,313.0585180741586
42763,470.65525239111554
42764,351.36735548029895
42765,136.47498905480967
42766,257.24938489251883
42767,132.49307864102488
42768,862.0543870096687
42769,219.98854330611755
42770,186.6556757968563
42771,258.91190861636784
42772,122.17561839353344
42773,293.64872003981696
42774,712.0138621776675
42775,467.2750665393229
42776,216.17868621642882
42777,310.9788106044513
42778,141.50072001473694
42779,558.5287452362288
42780,207.920205022701
42781,221.76312098238924
42782,739.910064753876
42783,181.22944168318517
42784,110.70306431142484
42785,248.73876672755483
42786,126.26717631938972
42787,145.34604993625473
42788,245.2946404675913
42789,205.1816314141688
42790,207.48276239733516
42791,252.29985298854223
42792,270.30067404320476
42793,642.1557371145678
42794,150.81068366572038
42795,395.66657701726473
42796,344.82628283179406
42797,292.56626454634784
42798,219.04804921078036
42799,231.43431872945476
42800,119.94285292966268
42801,319.2045427299042
42802,162.80305452196242
42803,257.09629847659966
42804,240.1696743643343
42805,701.3917362108806
42806,195.03292052442856
42807,381.2705221658735
42808,177.26373108307232
42809,233.7062990122809
42810,224.13761445029849
42811,242.3313560079668
42812,219.82196176062092
42813,138.41425810679206
42814,145.41694292109602
42815,755.5346213445573
42816,118.56165468448658
42817,855.7391863300235
42818,133.75021253532486
42819,244.72730801502644
42820,149.91195312119237
42821,140.52424939198733
42822,257.888314215272
42823,89.92932314056014
42824,137.65404919233907
42825,136.1199963448977
42826,854.2540973811156
42827,177.124058327606
42828,210.21628381326468
42829,111.4791804358237
42830,99.28986218550932
42831,218.2562531774696
42832,280.2175624988944
42833,2087.9242492081244
42834,185.13088071482576
42835,214.05050282551525
42836,525.1880168853461
42837,107.45783116453016
42838,1624.7348184783752
42839,139.54049797915096
42840,251.13924728413255
42841,265.9093875787388
42842,180.57543708186938
42843,267.23849254359254
42844,313.5070845207524
42845,254.2000499652759
42846,190.23243791305893
42847,451.0184010721678
42848,323.0191248619972
42849,334.14407814607165
42850,579.7422216639817
42851,226.071472955603
42852,318.5147576865723
42853,246.53977770285044
42854,111.30438056795093
42855,188.71180696906848
42856,138.99207982037524
42857,341.0614731046197
42858,213.5275873148476
42859,202.08297528305863
42860,249.76080774411048
42861,157.8162074222299
42862,178.58254224331344
42863,450.9360647130347
42864,182.07657496603684
42865,402.6680953612036
42866,125.64028679762211
42867,154.90995012462795
42868,500.90180614211687
42869,183.88060748470357
42870,170.25241768250464
42871,248.23776261219172
42872,426.54137885624067
42873,111.35343437557484
42874,146.44467784564307
42875,351.41389119287953
42876,160.46804492952663
42877,309.02648524738765
42878,78.14341905790582
42879,152.20355572640165
42880,161.91244790561382
42881,416.2847094361866
42882,391.8370400654077
42883,306.6896644565512
42884,329.2871561144516
42885,518.1905348197487
42886,510.5616160898638
42887,156.89305864004362
42888,122.41633178957336
42889,239.53757841259204
42890,261.0268679426083
42891,134.0269893631575
42892,428.42788076087675
42893,126.35088052931775
42894,252.03411204799562
42895,96.89974897033198
42896,182.21605057743653
42897,160.33621382812973
42898,300.1736596160905
42899,234.8316638325959
42900,156.80347364432004
42901,101.2051095924425
42902,144.07396868426395
42903,586.4721889627632
42904,262.10657771132543
42905,165.07257600727507
42906,239.53067328624232
42907,621.6283504935172
42908,256.28099740381913
42909,264.1479377243022
42910,278.9706159803595
42911,94.16010672664243
42912,149.49758030840584
42913,280.85648492767444
42914,186.74086480898958
42915,1421.9933563421964
42916,396.196971089108
42917,165.26134696720842
42918,295.8457194037934
42919,218.19982835435943
42920,197.09135345249305
42921,170.10536099886338
42922,153.55382250443273
42923,197.8653753861913
42924,370.9135048469419
42925,190.19673146611183
42926,105.56735118272503
42927,219.15497332014078
42928,202.5501694898274
42929,172.65503268763572
42930,125.11603054048294
42931,415.0695829237282
42932,604.1998768972259
42933,251.56462327208465
42934,464.3723750354404
42935,570.1392136670212
42936,451.48742736594585
42937,166.42893145837024
42938,458.88628803214243
42939,77.22544225170368
42940,265.4206284320575
42941,96.40367961151696
42942,292.3390744734001
42943,168.76050629273806
42944,732.4550624573093
42945,276.05359711638044
42946,236.53009827791652
42947,109.82031037429397
42948,285.74244020901295
42949,147.77726529094397
42950,466.6047492603408
42951,173.13042590496477
42952,187.34392434235227
42953,259.29566100867504
42954,345.62490446925295
42955,202.08217286280885
42956,247.81297477148317
42957,244.26526075330432
42958,313.2231721916812
42959,156.22913253511095
42960,190.9719316269915
42961,185.50225209990532
42962,301.9358779938051
42963,481.43835984690344
42964,258.83766220513394
42965,213.1054097126475
42966,105.56859901250365
42967,135.00286417025492
42968,224.8146262237471
42969,121.94430845711437
42970,145.93704440452174
42971,259.7975922609172
42972,194.72958610420696
42973,199.17698828896212
42974,436.1744313680212
42975,395.64205563051
42976,229.94231109703108
42977,353.65690381869814
42978,243.91396529154437
42979,190.2189070434155
42980,340.55387619966916
42981,187.21371999499954
42982,95.02091688006777
42983,196.66780557627663
42984,195.7971156379267
42985,242.6050886467782
42986,211.67512639185
42987,158.5721499471886
42988,260.87994326315936
42989,305.4337411436059
42990,144.28440557962458
42991,658.5177355575333
42992,274.1170803561394
42993,124.43777469528787
42994,503.45869226287203
42995,303.8960472047658
42996,356.27355143651675
42997,108.81158842739312
42998,146.68271104793328
42999,272.20169265800627
43000,224.40187888130305
43001,262.0067004537594
43002,533.1176970936788
43003,902.0779566265192
43004,159.33176785697847
43005,131.19748336030443
43006,327.376933307429
43007,270.074747547116
43008,161.91962856604226
43009,101.75472991780681
43010,350.63759761628114
43011,248.3370533530878
43012,241.52922883836317
43013,139.81108225241113
43014,152.12662467638393
43015,339.9712621417283
43016,180.1975670413697
43017,252.0253172120405
43018,576.4730852757958
43019,323.0184726765797
43020,769.8414339830209
43021,207.32997900417624
43022,174.94790149620184
43023,309.42768771010253
43024,143.88021009004814
43025,174.75452091545898
43026,897.6438162435602
43027,498.70473563281234
43028,231.21751358826026
43029,337.0775316029612
43030,253.15927237173307
43031,241.14808960809248
43032,322.9955749379348
43033,93.60034958221073
43034,231.19270003173708
43035,194.18644881017323
43036,798.429243328347
43037,205.72628151594756
43038,212.66717159007882
43039,354.8721848322348
43040,141.92860565736132
43041,221.54466021117204
43042,213.4260370228379
43043,510.74056682432047
43044,275.97136786053073
43045,160.6269103429085
43046,217.14992691588387
43047,185.13407701259933
43048,358.77438089685796
43049,128.49053659677503
43050,222.55239434053814
43051,296.38715364195605
43052,226.59323113031417
43053,157.95194003585976
43054,232.45534457502265
43055,114.68661395437258
43056,150.88286088265275
43057,140.28732500830503
43058,93.7768743209077
43059,157.312426464687
43060,242.2753690189674
43061,291.77102791112594
43062,255.99122442345967
43063,593.9900778763573
43064,254.2392812631769
43065,1556.4837170364808
43066,197.0768518898455
43067,153.732364419613
43068,204.47760725997387
43069,241.7022576228857
43070,134.73273305324489
43071,240.143000553141
43072,207.30917712165353
43073,186.60831361619742
43074,258.17485643224506
43075,214.2407377537153
43076,1610.9643884147333
43077,194.46758382887154
43078,343.2960580049067
43079,286.33350308523586
43080,146.1521022097491
43081,242.81407894881022
43082,562.0318450411523
43083,255.272291954296
43084,195.2322401478784
43085,251.86474734423052
43086,268.0919736086843
43087,96.21199493636723
43088,165.59530088781992
43089,179.27957977775273
43090,170.19763313389873
43091,133.9001611051132
43092,167.29629890081907
43093,694.3073545508864
43094,120.55076051556385
43095,625.5919550068601
43096,173.35298433281565
43097,230.64917339063635
43098,220.85918623805188
43099,141.9482763345737
43100,187.13492365494247
43101,182.32129008601842
43102,240.1295592051331
43103,249.84419672399437
43104,165.0519038775615
43105,213.3709552245899
43106,240.2119711200731
43107,220.8510035942413
43108,82.74003701026305
43109,138.788878631057
43110,269.78985166979305
43111,252.30573302318
43112,653.2387279065471
43113,311.8401181548267
43114,113.64746599617597
43115,249.06226617830887
43116,158.64834043960192
43117,116.64030802687799
43118,315.14955859739126
43119,473.80213990632143
43120,142.73389979566136
43121,654.9791359749145
43122,204.3583730910662
43123,193.5613420740484
43124,378.48330471358804
43125,214.22501743264985
43126,395.3248075502051
43127,164.33494554731055
43128,92.95035862828828
43129,444.8404907048439
43130,163.0316710716768
43131,128.06473506036951
43132,133.34815919827162
43133,164.92351665319552
43134,131.65013557488862
43135,217.94493378075103
43136,700.7672239000254
43137,158.44457208626898
43138,159.3103655856913
43139,266.0823284642858
43140,253.4736590373157
43141,144.2030018927978
43142,326.82072091956775
43143,136.12520933658158
43144,449.0066745490569
43145,178.29527526416206
43146,589.5720018078064
43147,204.3552969916321
43148,469.10502146802656
43149,135.14542581622476
43150,196.0933138823092
43151,167.47856447341084
43152,121.08270414123542
43153,267.0528456656023
43154,102.30529652889989
43155,664.5387786204809
43156,184.28021613037288
43157,86.43565723631585
43158,109.63382191868736
43159,147.75393829842608
43160,88.40418304114544
43161,129.9267040439443
43162,261.5545733516008
43163,403.30569300340414
43164,272.66294859248626
43165,203.48819343232654
43166,271.0155154707088
43167,483.73525838605445
43168,166.3993043104106
43169,224.8292697120442
43170,204.23654016667862
43171,94.3318450606604
43172,369.51970394212583
43173,128.04280223362656
43174,202.42021110146342
43175,138.83003004170942
43176,621.7517902044102
43177,147.77725051195858
43178,84.9606290399447
43179,558.0809888749629
43180,135.52600515127298
43181,168.11196403596466
43182,139.443668991704
43183,191.4940503120202
43184,368.13071340833244
43185,174.20185475219546
43186,253.3881015963066
43187,348.61178278078796
43188,278.93742401834936
43189,418.41555797269945
43190,285.23406976385405
43191,526.3715582137544
43192,151.6463914103214
43193,177.66132639591396
43194,209.19020254357457
43195,156.77575379397018
43196,228.33160327384383
43197,233.0210693230706
43198,194.77973449818518
43199,229.45219746507377
43200,156.42264771677395
43201,761.0750010658564
43202,160.82421879702886
43203,327.11951112904455
43204,461.485049046758
43205,115.44427439935758
43206,189.63808134725176
43207,105.71746436267408
43208,1421.2909100787076
43209,293.27021407860957
43210,163.37111600872504
43211,114.17271142002588
43212,178.83052897548126
43213,145.59616755942054
43214,100.3802949166239
43215,215.18269066834262
43216,562.743038426622
43217,450.748118185874
43218,152.01561251974184
43219,275.75936715697964
43220,439.32391425689826
43221,553.6961525280024
43222,116.40687939556884
43223,94.24387149952128
43224,144.15063159166542
43225,111.29779766549873
43226,206.8759149302424
43227,219.6614370244262
43228,171.50348814494032
43229,269.1255558108136
43230,232.76587947282846
43231,128.17358048436807
43232,525.5608996375571
43233,165.29360967313426
43234,826.3541122163845
43235,227.00555278764742
43236,349.8167593126236
43237,286.53726292040056
43238,143.3831259985349
43239,141.68424430196015
43240,621.5060776050326
43241,800.00147493914
43242,219.68883555517408
43243,259.07012164355194
43244,176.4764206210217
43245,277.75668693992316
43246,581.6882171293767
43247,140.1018720481958
43248,394.22498362226946
43249,761.744889388713
43250,182.0826157399836
43251,472.0280394571272
43252,224.09468584324736
43253,201.2670790545702
43254,306.4789032710415
43255,275.3842681249794
43256,145.42070890584202
43257,215.01580183229694
43258,307.8733737822843
43259,185.60684218703955
43260,180.67513944060866
43261,149.16870350591074
43262,170.8717925892875
43263,490.0747461495278
43264,336.14557941412073
43265,222.12455422138737
43266,135.51056690941283
43267,146.17975950668344
43268,340.06363060053235
43269,213.34833569383508
43270,329.4411142898472
43271,379.0014395623765
43272,484.85167707091335
43273,280.1293694842161
43274,139.79688350720895
43275,645.1584772797461
43276,130.82471901408422
43277,186.68695401911828
43278,123.51281022186906
43279,188.88845645171645
43280,247.17195707431236
43281,252.7517381838078
43282,193.36028698205132
43283,123.38939739820601
43284,114.27851668153195
43285,181.64531612587658
43286,165.17447966443208
43287,179.62300046285662
43288,58.75575850638962
43289,151.4561416311479
43290,195.3696712467275
43291,271.9496546431678
43292,934.1266095997541
43293,180.80560705282156
43294,204.60148714348426
43295,233.9542347515778
43296,261.4635216496542
43297,669.0316962645061
43298,234.118898165663
43299,495.3385055996499
43300,201.59101206043988
43301,327.9674074902934
43302,314.866633937218
43303,164.23068822851025
43304,226.6439147722145
43305,303.96085992767684
43306,266.8340869977002
43307,189.9910660182744
43308,198.3275834461912
43309,133.28518655277324
43310,238.82024405192203
43311,173.05147096116434
43312,177.18404535654687
43313,564.4766131934941
43314,262.63136939583546
43315,249.91845967542352
43316,214.3899425983583
43317,182.76478213787365
43318,209.52035405835503
43319,132.05790524357965
43320,55.53452879214478
43321,140.71825122007408
43322,755.4308441123138
43323,224.19394529595266
43324,255.38084981912894
43325,129.86611877233713
43326,149.80482317576198
43327,256.66203736379555
43328,500.39184340095693
43329,159.74358212883766
43330,482.10831254958015
43331,220.52751746750633
43332,221.16625942912614
43333,83.20645183426943
43334,216.50573021119584
43335,106.86553532177963
43336,167.69184494093238
43337,128.2564632063632
43338,410.27829846025855
43339,175.86956348081821
43340,222.36908631268545
43341,173.02142856592897
43342,227.3427453361647
43343,157.29495317011052
43344,2092.1816426883756
43345,185.71245192614538
43346,188.62229296265915
43347,436.7767238957293
43348,132.52692795680105
43349,142.72459058037825
43350,120.97067904558949
43351,105.01873190362602
43352,186.12633368299674
43353,145.98272878048058
43354,288.23850398536496
43355,220.75826468671394
43356,254.74439409431727
43357,226.64485452100442
43358,236.90379262034324
43359,348.6949070587845
43360,62.157876275679065
43361,239.7790052402709
43362,63.023713346051075
43363,224.01604138597335
43364,135.16409605108916
43365,172.808799508295
43366,380.8434564078595
43367,129.07299872399608
43368,207.43406857943103
43369,89.2620560177317
43370,671.8075580381177
43371,239.22946860431895
43372,265.9079392566326
43373,303.35140732807054
43374,154.40067554417075
43375,213.47266135430885
43376,83.89139707541857
43377,124.4828498041211
43378,102.1702761467455
43379,263.5660072089494
43380,322.68549390638356
43381,271.60706959403217
43382,291.3978840978062
43383,342.42939885367286
43384,125.6513763368621
43385,236.98455078672114
43386,633.0504191526277
43387,206.2478116018665
43388,175.76786687664108
43389,223.70058930604455
43390,438.1492329180705
43391,327.4213815076128
43392,508.3483720891439
43393,147.70759281981566
43394,147.83571748554638
43395,236.3303247521966
43396,216.9088374789891
43397,237.67899361117188
43398,143.20243272214026
43399,221.29327189394425
43400,344.853651949959
43401,147.42884080915775
43402,204.55702104657067
43403,353.79654276695436
43404,312.6583074981971
43405,142.10795542377087
43406,227.46328808321056
43407,99.80064919820992
43408,136.84656936172703
43409,615.659662028308
43410,227.75910970664228
43411,602.6988282301069
43412,374.7718075998349
43413,133.6555428773604
43414,126.62788616725689
43415,208.7154474179686
43416,521.206958921983
43417,240.3424263162774
43418,369.86131419301086
43419,282.3823045147185
43420,186.32321256684597
43421,97.82299479159317
43422,190.10406712646977
43423,153.91107883854426
43424,623.5561016973296
43425,167.9381700265107
43426,687.727551489028
43427,132.47670008325312
43428,248.35000809443326
43429,221.21430247432326
43430,439.8193602822265
43431,152.0314898119421
43432,473.30434253399164
43433,466.9732364051685
43434,137.2805705116131
43435,287.7632217804439
43436,238.698260222067
43437,307.29300744605956
43438,288.3829975512279
43439,118.1577718116024
43440,203.02443036952607
43441,476.897585288798
43442,357.9380198523198
43443,163.81954410316985
43444,244.20497243509865
43445,458.95271318290577
43446,245.96190379345165
43447,130.7510764918878
43448,165.8546637112732
43449,213.94149117825665
43450,214.28635858753196
43451,290.38541766573223
43452,89.37664739743045
43453,134.2912630748169
43454,244.90248214386276
43455,302.0792401223301
43456,112.92427843688698
43457,224.66889382259288
43458,275.3604845314256
43459,174.7339596361041
43460,660.2586264019691
43461,109.26000046911754
43462,152.23085588189548
43463,165.06186326770916
43464,246.05501329665807
43465,118.36647858718294
43466,252.24468423355927
43467,643.1812131754766
43468,131.225848162436
43469,226.83024890349057
43470,115.20250593086419
43471,199.30444281975736
43472,352.1384323823588
43473,692.1555516999794
43474,679.8814731051261
43475,119.33284842664492
43476,209.94145046239322
43477,289.04426248793254
43478,177.95133163239603
43479,188.9085160085947
43480,180.8653110570807
43481,201.73397406901069
43482,189.20213558319048
43483,145.97537508884326
43484,130.19194642838815
43485,103.09724994312424
43486,275.9027069225969
43487,143.96319846934782
43488,198.72959048226866
43489,263.3457140300316
43490,207.40292231632574
43491,201.51065309087292
43492,122.38341345642726
43493,144.9630676056177
43494,221.83961022152664
43495,153.10160049820976
43496,202.7220774478241
43497,137.23809888920823
43498,252.2995011591959
43499,510.33504041282583
43500,297.10144985692403
43501,171.92489690383917
43502,360.7838933607358
43503,120.60899982270291
43504,145.65579884399492
43505,440.1750326918901
43506,303.68269441071567
43507,361.57123574214063
43508,157.6379498950303
43509,150.2405124220164
43510,504.286660887706
43511,110.67257807547257
43512,163.07321630831714
43513,187.3691745971549
43514,213.017864329574
43515,417.02287756566164
43516,220.08570597110244
43517,156.95666272902176
43518,309.7888219193739
43519,160.9938437419191
43520,208.5790124299247
43521,702.0174618539422
43522,630.1488710565361
43523,197.7946247384731
43524,65.0941490903999
43525,187.579302435892
43526,232.57508920558348
43527,595.6480829066871
43528,614.2691893131555
43529,207.95741086028656
43530,398.6174184099503
43531,257.989181443455
43532,167.78975317749294
43533,153.27629747689335
43534,200.7319909052139
43535,1215.3914909216676
43536,192.08351221845038
43537,223.54121162154811
43538,488.85867540744977
43539,136.830695719409
43540,333.6509033526481
43541,226.46046882247626
43542,267.88560703322435
43543,154.21175447708507
43544,246.27138412106808
43545,226.26918992859348
43546,72.60638931085197
43547,237.1292568997894
43548,541.54795707621
43549,768.2145654093089
43550,150.39186137950242
43551,378.70854055355016
43552,225.55235828349694
43553,283.94157390365604
43554,150.0617651014201
43555,182.18282380805485
43556,1894.178593605335
43557,758.838529111467
43558,317.5891556776344
43559,225.60953721559127
43560,176.53894167334823
43561,355.8747192566095
43562,430.6609057726725
43563,148.1126951677427
43564,1202.9527819027514
43565,199.42310624683557
43566,291.54101660882833
43567,355.0823248768902
43568,169.86067749392507
43569,256.8163248980704
43570,263.29554347132876
43571,157.68374045634073
43572,247.8183713556521
43573,254.86009748302718
43574,463.6272047956892
43575,165.96339137426162
43576,115.92091114480043
43577,825.8803982380552
43578,230.1627359559305
43579,152.04151364738019
43580,242.86028803483111
43581,120.84946854131346
43582,124.53812446882992
43583,312.0384199041783
43584,118.16791723369923
43585,85.50339447343977
43586,162.993143308413
43587,225.83847762562561
43588,245.12068805063677
43589,183.39213544907
43590,561.7128721545387
43591,185.00147289783618
43592,148.12168318316722
43593,117.45769766181066
43594,102.7213276738359
43595,412.5924507686759
43596,228.38423988455122
43597,211.10781438163357
43598,178.78658400572655
43599,211.69100906701203
43600,267.53667852215045
43601,117.31358803181325
43602,238.3386335517236
43603,132.9780684185913
43604,187.03664135143634
43605,115.22615800142087
43606,167.71580644074703
43607,410.32812933078407
43608,117.30180432941609
43609,110.36282529639803
43610,56.22328122101825
43611,72.96398082902836
43612,323.6063289226599
43613,194.09660997987936
43614,534.5839415105713
43615,261.6113743202275
43616,638.8694105193371
43617,220.6373892669393
43618,194.5261730029765
43619,176.7025161907349
43620,215.04676690482722
43621,185.30151166614468
43622,185.39198426090067
43623,355.56524533384794
43624,469.44115119954546
43625,494.840438310366
43626,127.7065924518588
43627,153.9137592712249
43628,139.9326550191309
43629,128.85325145245193
43630,333.84808334948946
43631,244.33645227319232
43632,111.6472913842732
43633,211.6968231590156
43634,214.53173302477424
43635,167.3054725821493
43636,110.04454385934892
43637,281.66620682115905
43638,272.79600081108157
43639,250.6728116141966
43640,208.97779296888345
43641,160.01037702110273
43642,221.90497272648537
43643,171.9143333469875
43644,384.9376172143272
43645,278.5169914091279
43646,150.31083581527352
43647,421.6485020847316
43648,311.8730470430544
43649,159.86449560962888
43650,200.20329894716795
43651,105.01458639927694
43652,833.2626124851346
43653,612.26883768031
43654,260.738355853578
43655,498.5892785398552
43656,253.22808162017384
43657,172.58485426311103
43658,478.8786880953783
43659,126.52938232204335
43660,210.8609823953442
43661,302.29029740699605
43662,236.43572636972212
43663,194.2734277255963
43664,152.7910953194152
43665,161.4899745452707
43666,292.61751656680474
43667,456.73481980316126
43668,234.28888401555835
43669,175.9253576195004
43670,482.5649915145351
43671,384.8599700577184
43672,200.76412387633485
43673,243.25469796185504
43674,2154.9216088321264
43675,264.2466797858368
43676,160.58382119140447
43677,618.4906923295179
43678,142.27352648286623
43679,243.72677614754932
43680,192.2792460073692
43681,115.07358328222789
43682,127.93507102587012
43683,270.1832206024156
43684,112.36333565778767
43685,155.5779670375084
43686,122.90766441821103
43687,205.49820378641246
43688,1077.4351105224532
43689,297.5969382921799
43690,288.96030296534286
43691,342.82435921502884
43692,372.318519706982
43693,125.78447481448283
43694,117.91685056314869
43695,380.4681330481583
43696,425.8433082847697
43697,213.03998150863183
43698,182.6351805627538
43699,440.0311790018692
43700,209.02572851120877
43701,71.62540430637806
43702,107.58566330844235
43703,354.45698633587335
43704,432.31788466553735
43705,260.4941126991412
43706,391.86997366303314
43707,246.3958877108534
43708,269.0570555727212
43709,317.91491420700123
43710,646.5080980179091
43711,258.3758760221269
43712,510.65438809778675
43713,122.59425798514037
43714,235.85563275026777
43715,146.30597473614813
43716,392.9201614318572
43717,167.06489806319587
43718,154.0539111549464
43719,216.42651273474675
43720,212.10970841956575
43721,145.57526660092606
43722,233.69242424133947
43723,194.18628687050455
43724,166.39321425315237
43725,641.9626254689404
43726,205.60637570071842
43727,172.77221266393892
43728,241.5461023775053
43729,224.82849834433983
43730,409.42107115742965
43731,189.55040109899434
43732,198.55131861979265
43733,446.2586242197624
43734,400.9006700047832
43735,196.52884543421564
43736,198.99953748399125
43737,313.58572160406123
43738,217.49751988407277
43739,135.9547268502199
43740,328.45555701064694
43741,166.52074520240166
43742,666.7745485113915
43743,422.6755455310338
43744,305.03259713384205
43745,216.85998031030965
43746,255.25587451863896
43747,236.1910603862808
43748,311.2351954870299
43749,186.2094248932673
43750,153.80277594391126
43751,243.87068975688217
43752,238.94121012742033
43753,138.00685380340641
43754,89.82958069077769
43755,270.833155602925
43756,130.91892657602833
43757,302.4287290935375
43758,290.42680366648483
43759,197.10548859091028
43760,100.33356880681065
43761,155.31045894285438
43762,114.74883250942516
43763,546.8903962563847
43764,331.21055346028584
43765,349.5372079481337
43766,183.05218142027945
43767,178.79180921551125
43768,379.4289914825138
43769,173.49739888698744
43770,268.2999758198325
43771,217.8127000720247
43772,240.29429168411383
43773,104.94612214063123
43774,281.78197628220215
43775,307.39829784115256
43776,285.10851517174484
43777,140.57781871658466
43778,644.811584533541
43779,276.9233833435956
43780,301.37452229043555
43781,165.12834072226607
43782,143.92312187146223
43783,207.05886628998059
43784,157.09716745090995
43785,253.98644807062811
43786,157.5533750075952
43787,115.01474625148597
43788,304.06784510917686
43789,235.3051250104349
43790,112.84265735907279
43791,115.13728316861311
43792,177.2210052654412
43793,146.5096480553958
43794,149.31589428924158
43795,665.5063458863731
43796,181.30843474216098
43797,199.62422104571047
43798,599.3437146432079
43799,141.25460230775076
43800,1045.7375823672833
43801,783.7888280074017
43802,586.3106654789622
43803,518.917829146632
43804,230.74059389113484
43805,371.86282911311173
43806,152.20805757543798
43807,123.14284374039248
43808,160.2562579263693
43809,694.6081884973698
43810,182.71411009940687
43811,131.09388955445624
43812,253.34819180289372
43813,186.01722518963336
43814,272.5286482096658
43815,185.07665152764795
43816,295.04834433702837
43817,134.84392058230554
43818,188.07649631688005
43819,149.64980236702363
43820,178.97154683900723
43821,144.24589177644256
43822,436.20680579628635
43823,529.6197438373935
43824,328.2590250204865
43825,205.27729170805293
43826,174.40853816803946
43827,927.9093753691129
43828,59.47575823488122
43829,201.51811899240488
43830,137.47904877713427
43831,138.5545660775224
43832,215.89579238483245
43833,113.41283716368507
43834,136.96304515154293
43835,147.03309296058586
43836,444.55488382259796
43837,147.15559696764106
43838,128.39078072221204
43839,118.14796133101764
43840,782.6965526400664
43841,309.8671628619623
43842,144.33786790237193
43843,1723.4964776660147
43844,236.6469655259447
43845,207.11663529324758
43846,288.3153734084975
43847,271.5284156426748
43848,428.94614122828136
43849,268.3306027103832
43850,311.3583593107705
43851,130.15817404057924
43852,194.1483032713995
43853,421.5385831068525
43854,451.7901656974537
43855,212.29270080053456
43856,135.4819772343849
43857,528.8183538443709
43858,163.54060736170408
43859,268.4540721162946
43860,109.77373336450505
43861,307.2387344134414
43862,234.391942742305
43863,1266.3949212021637
43864,236.76066266622456
43865,199.04953299408797
43866,171.16902529429066
43867,215.6540004648206
43868,363.2857140354249
43869,173.0282261293908
43870,375.90376382083355
43871,181.1419945185364
43872,117.18144822885391
43873,216.00904602957624
43874,325.611700840662
43875,125.06603344723361
43876,363.14712738308623
43877,1069.2103719463876
43878,235.18060758429291
43879,132.7236444603242
43880,239.02145650835624
43881,230.67936890929542
43882,179.74009936722052
43883,304.7391138278523
43884,203.20766254183232
43885,250.01987906771816
43886,222.64963457155602
43887,318.3078746788834
43888,235.42788292273858
43889,224.18514561459423
43890,162.59817900319086
43891,264.69938670395914
43892,117.84024527280363
43893,166.58268026944853
43894,302.8325295334758
43895,173.6000074356363
43896,178.6868915298289
43897,208.6579618220981
43898,332.05991934326636
43899,157.86093899091168
43900,234.81740044602645
43901,163.86253905220136
43902,191.139776440654
43903,278.17383347173666
43904,417.2596741055008
43905,177.92932615843588
43906,141.78089081930102
43907,250.41103450441295
43908,152.64268424266103
43909,111.20967002930843
43910,220.64511996430642
43911,149.74631330347216
43912,118.80747652563575
43913,108.72434408359021
43914,218.13200083069754
43915,296.1500879824909
43916,188.776723676575
43917,380.56820549772175
43918,214.8700019528456
43919,288.2436090519693
43920,219.50493029250836
43921,85.05438713483169
43922,253.85214892545207
43923,180.11735367649214
43924,127.14028481386303
43925,125.85728982472945
43926,289.43314902928574
43927,196.78732908823042
43928,317.0527013517806
43929,115.14433899579552
43930,266.9256975070511
43931,106.49346090445185
43932,300.19991646237753
43933,337.7079487519355
43934,223.14306256891507
43935,286.87007138291364
43936,952.3971724857198
43937,358.1567441370684
43938,132.94837607828498
43939,246.86022633516072
43940,329.641677439514
43941,447.27343605293686
43942,122.60010412625016
43943,229.41525246999333
43944,258.58395115776256
43945,129.15191777465017
43946,202.6573613800746
43947,220.22891295444649
43948,134.3343231114451
43949,768.6504276983165
43950,89.54612844658291
43951,205.71441818365992
43952,298.1453991905587
43953,183.59072258000748
43954,164.2776207386946
43955,562.9267901395523
43956,306.3314661546596
43957,455.7485297501497
43958,176.48470572330456
43959,202.08368934380184
43960,493.652533427069
43961,128.05798623684322
43962,166.3193785969613
43963,113.46284464260668
43964,324.29953726013696
43965,458.85853159185007
43966,291.42458571269293
43967,242.5354427011365
43968,133.1606090358794
43969,179.87285650541548
43970,226.26235066065362
43971,117.49593466019456
43972,743.7825728835163
43973,198.34224837112754
43974,133.98763383037917
43975,192.34087427268045
43976,121.82071592048884
43977,417.2137513672837
43978,188.63036333389073
43979,279.1118739222144
43980,264.5777950912333
43981,314.57640633429946
43982,282.596814170646
43983,178.44781314868777
43984,312.62224591384813
43985,439.72029279086547
43986,96.25360798073021
43987,260.9507510748819
43988,188.84414697151095
43989,215.577568463958
43990,511.49069019919835
43991,196.17283362379192
43992,104.71919635924706
43993,159.3049041828216
43994,134.36813836702706
43995,291.44304657288666
43996,189.9613153891412
43997,236.29072268858928
43998,243.09063840841569
43999,96.12523071982356
44000,257.1045367395371
44001,314.6388729312826
44002,138.89368795369978
44003,333.6879704839704
44004,289.2756208507706
44005,435.2100386859343
44006,256.5099389855895
44007,419.7764363662763
44008,346.9184908778869
44009,300.8178517547845
44010,145.83888157895228
44011,276.15498661190395
44012,236.65573475829206
44013,798.1380977301301
44014,317.8035810392792
44015,213.49506032555652
44016,335.80458505708316
44017,443.6441769519703
44018,228.4560812561359
44019,158.99281344842902
44020,102.93966163259613
44021,87.18009145677199
44022,655.2082907636941
44023,145.43513533164668
44024,180.58376310903108
44025,180.94135236078534
44026,137.03740327923222
44027,581.1112570644852
44028,125.13067179380154
44029,345.5259565881386
44030,276.7897721653832
44031,260.57862331116604
44032,580.2322212935541
44033,631.8448143312827
44034,99.05938954833356
44035,230.12625115814498
44036,211.50305445722609
44037,77.21437939383337
44038,258.5630212259918
44039,141.11832041217633
44040,319.64472951245943
44041,440.73276225348854
44042,116.0531916881139
44043,139.83137678303117
44044,171.01009338747494
44045,224.8264124314476
44046,301.13732541607163
44047,185.33115958622938
44048,267.99230206426813
44049,174.75098044031608
44050,233.9582933031572
44051,359.0615679276475
44052,231.75059889253083
44053,223.79200047842895
44054,209.76911198808168
44055,214.64112385090363
44056,275.90056498910315
44057,373.6889321598952
44058,406.83082690728986
44059,118.96797091627276
44060,126.22035079415255
44061,244.67671576332114
44062,107.56394092734571
44063,303.26479407700964
44064,349.8554035686373
44065,254.89706781071123
44066,175.45066653147126
44067,175.72613437802974
44068,117.05831908954949
44069,131.78802079007178
44070,460.5178247170953
44071,150.81045452716526
44072,119.1937449876402
44073,201.92130536911813
44074,586.1018821486601
44075,169.94445368438767
44076,225.89770646999148
44077,186.6407996303286
44078,137.88730826544966
44079,361.17732317633505
44080,143.67961800724512
44081,230.86447992743945
44082,126.49908297498699
44083,222.75775572072033
44084,244.0294529776654
44085,751.25038205132
44086,143.81699436070443
44087,453.84351691085726
44088,94.59766870791186
44089,156.85652907702016
44090,142.03958525243905
44091,102.28204849925082
44092,128.64619616126598
44093,249.03091792634555
44094,525.1710528789082
44095,228.20573037614858
44096,391.5095012813015
44097,241.9498581805842
44098,148.51000869868588
44099,177.08613380271925
44100,1074.3086185060467
44101,111.41526030346813
44102,135.1628377708622
44103,776.8057212440715
44104,132.55445610854252
44105,241.85907095562217
44106,195.72049211631705
44107,99.06691653479811
44108,225.0497439688634
44109,196.51452550166576
44110,350.7109255532723
44111,274.71662652292423
44112,294.95368046637947
44113,248.28128619408142
44114,130.80296500940864
44115,154.14027392028328
44116,502.38575850810764
44117,155.38117415900757
44118,162.47059624380594
44119,180.97209282366634
44120,793.1705783303796
44121,164.7262267270621
44122,93.07322619684575
44123,410.16834323132554
44124,178.26127356319904
44125,132.42035501148672
44126,155.02242154586588
44127,458.76135286888916
44128,277.0735870964461
44129,169.265732335159
44130,134.36669529583796
44131,245.92178842021883
44132,220.54983379316573
44133,188.3474351652174
44134,272.5116812937451
44135,365.5377800423808
44136,213.99505024831686
44137,229.12967723813773
44138,176.55060976269235
44139,269.80471865780237
44140,120.14438315803145
44141,133.63745480981234
44142,263.7605095822162
44143,270.74203744806624
44144,185.48754882303044
44145,509.69708471529026
44146,433.5626657771967
44147,195.46728619242666
44148,203.8601143590856
44149,438.83239439681836
44150,237.5515083237808
44151,617.114850968539
44152,194.52938415872467
44153,116.28951688376557
44154,77.1307826567274
44155,269.4719792610225
44156,230.79110565032926
44157,157.91852998806667
44158,147.3988968404458
44159,156.5367895961447
44160,258.3886328608802
44161,182.33440252150976
44162,777.2427877346839
44163,967.1604941696896
44164,172.06131198676565
44165,80.54785933283229
44166,494.7534611287178
44167,294.5068883575992
44168,125.21925378298276
44169,234.95803738126264
44170,201.46941867633998
44171,159.16570051107573
44172,583.37022924066
44173,369.33707785535904
44174,50.02369953102839
44175,98.61509549850511
44176,223.4410907416669
44177,138.2225201515932
44178,87.04272898651217
44179,215.6115810415032
44180,150.82138890340335
44181,279.44630288785714
44182,235.89975679169532
44183,334.6194578817553
44184,263.9442477772041
44185,208.69519271235478
44186,655.8217519529292
44187,137.37686321422024
44188,88.81705241959968
44189,231.01959084646248
44190,195.21577064589462
44191,229.96610883883415
44192,311.3179936314654
44193,217.92298744677552
44194,175.6523577767615
44195,314.2187452889353
44196,445.7797983998541
44197,118.82142635591093
44198,156.09009006880643
44199,179.31312593435356
44200,175.64665972899266
44201,185.2529987980578
44202,867.9279518351833
44203,272.3519230812842
44204,111.59764924648218
44205,571.3145684837692
44206,103.9063126484686
44207,279.81779231789943
44208,142.5796342731574
44209,68.03621830631313
44210,747.6435905373784
44211,582.0864721551688
44212,202.72291118469232
44213,142.32980307803595
44214,172.58422647026407
44215,563.4157538532622
44216,168.45717606799158
44217,226.52912986910994
44218,705.8104633283438
44219,190.04880897709324
44220,193.43509744492206
44221,228.67109546921844
44222,181.8117826058595
44223,234.28850829365854
44224,159.19039670206425
44225,233.34952459676518
44226,536.1025502579193
44227,172.66155800660084
44228,114.54037152190976
44229,224.43532294629568
44230,412.088615073708
44231,313.71641020925495
44232,183.59281817995307
44233,304.64890477021834
44234,168.44251528666547
44235,203.7412512811116
44236,146.1114644288031
44237,133.70742694063992
44238,498.44339253965666
44239,439.8927675825713
44240,142.40481021446064
44241,744.9137687734346
44242,514.2837524309876
44243,232.59627658928534
44244,147.44787348794313
44245,160.71513801366473
44246,303.8808447931114
44247,270.38549672787167
44248,160.54332537405844
44249,176.9887663377148
44250,111.21107445943375
44251,125.04256632795254
44252,168.94690110347625
44253,347.0359040035323
44254,547.9924271217399
44255,185.4110015924443
44256,235.53162036247963
44257,626.6882730046025
44258,277.2109218641448
44259,158.34059286966814
44260,168.1998379148385
44261,227.30701990008652
44262,452.99377705164306
44263,380.7646311243231
44264,167.4537546660343
44265,164.46216589450603
44266,112.23367680009275
44267,242.77062976641474
44268,215.0513528686377
44269,574.6006006498716
44270,237.77190531498337
44271,341.7749086318036
44272,100.21419571097124
44273,151.1630096521952
44274,660.9586901509683
44275,196.4925048356288
44276,188.43326866010818
44277,223.98945656154743
44278,456.28036820125374
44279,201.2279202406827
44280,100.78435891680309
44281,200.5836572870636
44282,141.30531156902694
44283,164.45660878709907
44284,97.76662231383781
44285,184.87909838843575
44286,226.18185776978646
44287,177.75514554989795
44288,265.3587127995344
44289,243.76980188018945
44290,273.9269200403528
44291,163.93995319534096
44292,1864.6563028954508
44293,201.64059105215725
44294,169.68004065841444
44295,142.33441247922744
44296,117.48241688517071
44297,217.15866700968147
44298,179.3842111458341
44299,308.8483556673644
44300,169.7501566754235
44301,89.83945848066327
44302,364.0647721441985
44303,135.73369901140023
44304,260.9945868142156
44305,315.90552422910804
44306,168.36339010835297
44307,390.623409751145
44308,218.46031823130355
44309,610.088011473788
44310,163.44062337509118
44311,127.04655436745828
44312,424.674921518351
44313,124.31057877407633
44314,98.88801141656799
44315,165.74921122902828
44316,336.92703783565145
44317,252.36044366345408
44318,214.12665632306172
44319,230.7747257312495
44320,122.88705041028444
44321,117.52015662149647
44322,251.59832557370268
44323,275.1659272930223
44324,181.0538583744681
44325,170.60929439396546
44326,125.8596826836443
44327,298.7082325437817
44328,166.1388132290697
44329,298.94430273770246
44330,126.25463677993066
44331,405.22294782346006
44332,328.5300925894311
44333,250.0683028797534
44334,168.6265036678866
44335,162.1193211240478
44336,161.78679452883583
44337,758.4010391992183
44338,98.40879722636319
44339,102.55745237938324
44340,283.66268753429773
44341,268.29136581944147
44342,100.12570486741845
44343,507.08903835691524
44344,103.08747274407587
44345,268.09433517623046
44346,360.73590936701265
44347,103.52692415631219
44348,811.710012137394
44349,175.18532087644064
44350,200.59746495369563
44351,653.755593312068
44352,346.1542125597302
44353,166.29888949730477
44354,120.87044153376266
44355,160.07314013147968
44356,270.85718956479843
44357,111.85268916015596
44358,176.72387446174866
44359,165.63389443496118
44360,270.3582704362886
44361,97.24587910135135
44362,188.25742386970333
44363,145.7480333121696
44364,106.95447109907957
44365,141.7347623470723
44366,274.2622250453494
44367,115.35881029964025
44368,216.8778397358983
44369,248.9106483181964
44370,179.9579844917722
44371,226.13617318169597
44372,186.7265125511907
44373,258.9347966504579
44374,397.0850338767226
44375,1820.6385776662207
44376,419.87048888754106
44377,85.72489259377855
44378,136.62018622867558
44379,185.2872999181023
44380,274.1427156432287
44381,187.20119583029583
44382,327.7631860624806
44383,119.86167905092435
44384,279.6760771516935
44385,175.53772987356717
44386,65.30925193284097
44387,100.70323420727689
44388,208.21651077037376
44389,423.21812533238733
44390,266.35276238635043
44391,304.879058986905
44392,218.86720029562792
44393,131.55457836057914
44394,673.3193824470004
44395,155.28712216066538
44396,174.1861193619714
44397,249.00623002900983
44398,720.4939985831452
44399,184.7747388717573
44400,251.4739910299694
44401,244.9039433439053
44402,238.07697862223068
44403,107.15720405716364
44404,597.9121146965897
44405,268.5815800631733
44406,148.28352023440175
44407,594.9775561760038
44408,209.4065749435454
44409,265.65969830371705
44410,269.70690139316537
44411,265.44832124371925
44412,113.86284144490264
44413,233.96350812136723
44414,167.15334788402345
44415,546.2172841101419
44416,201.85857229966294
44417,333.3450599656005
44418,435.92715683575244
44419,451.16646128271753
44420,110.21497824439642
44421,273.78265469919467
44422,1967.3576515019379
44423,260.3801308258725
44424,127.74062095733339
44425,180.9185246826909
44426,258.0612520411464
44427,234.41257257734048
44428,214.01107230628077
44429,121.2890985974549
44430,946.12884972089
44431,289.9443863498747
44432,180.36784039678594
44433,213.41115538142319
44434,592.8366767773184
44435,111.13037791884989
44436,168.72289026669554
44437,73.23376352783998
44438,135.8234183017963
44439,101.1487378195778
44440,147.93965767449134
44441,235.55333948848457
44442,173.65413201674812
44443,182.56123986535636
44444,184.28276348146534
44445,225.125167173215
44446,452.68065421553916
44447,214.3876058710224
44448,411.7752475861246
44449,431.37366353284204
44450,250.50889592600024
44451,191.08171919858393
44452,194.99075133691366
44453,149.71715717876123
44454,252.7517381838078
44455,429.74977746642435
44456,190.59317042282277
44457,391.9959136859381
44458,214.98401154273458
44459,219.8624328934014
44460,743.8037502457651
44461,184.01667153432166
44462,323.255542293357
44463,1021.254708722138
44464,103.2026838001501
44465,799.0042409034528
44466,404.0250414046582
44467,144.19734273826444
44468,92.65481182444427
44469,214.47386561015264
44470,890.249644215807
44471,689.5006486555227
44472,415.6977672545382
44473,340.63343109318566
44474,126.33442617249261
44475,174.30446141294385
44476,211.20362148842742
44477,142.30208757266328
44478,143.93072840152027
44479,177.85939607902384
44480,125.59860192720107
44481,444.7320819821267
44482,315.2004102382177
44483,260.8556073418912
44484,196.38115553736947
44485,244.11002811356664
44486,338.5815317129366
44487,207.81320943678102
44488,107.28821589404627
44489,246.2685927141512
44490,204.14277610981978
44491,196.9269603353989
44492,188.16420168609469
44493,252.68350616254108
44494,207.7436427947823
44495,457.8467811983618
44496,125.73412590359699
44497,121.46834098048406
44498,359.63297184868594
44499,144.40538154597013
44500,435.1713503758799
44501,391.6340907321231
44502,280.358684240895
44503,245.1620219961007
44504,121.63864167203985
44505,120.4076532901413
44506,214.77597013337592
44507,230.70350599611254
44508,218.37862336588347
44509,246.12706176463607
44510,203.68022265487102
44511,132.46840628500948
44512,455.75665995580556
44513,212.37226965768002
44514,722.022041233722
44515,317.5429618253117
44516,234.6141829483585
44517,264.5859225653157
44518,100.75231266133534
44519,166.11457047702837
44520,163.6010358794076
44521,123.42009386705678
44522,186.8143634154023
44523,242.7457455788693
44524,369.304618070304
44525,266.62123763179
44526,293.28724518115587
44527,387.8209224097506
44528,214.01839443967393
44529,307.97565786997075
44530,102.59700328968205
44531,153.0279163720014
44532,121.1686902393975
44533,203.06554467373962
44534,109.3835793951436
44535,237.2730609676812
44536,221.28439169764061
44537,253.8386476616383
44538,501.46292601988915
44539,427.39624476533436
44540,135.32111516121975
44541,109.54365290843765
44542,397.5550771158667
44543,121.01308194722446
44544,318.60573797602376
44545,279.20525291759486
44546,266.5158850551917
44547,141.40378138366358
44548,235.94627361995214
44549,129.94329503480628
44550,422.6483931422218
44551,364.8248594194597
44552,223.48113725332058
44553,128.47491551256948
44554,719.793828438047
44555,233.40158826902692
44556,216.89576983955735
44557,150.7173204782388
44558,464.8779812723486
44559,220.1365263959337
44560,237.90006793477065
44561,159.2674795633994
44562,192.37423282924422
44563,815.9701961076255
44564,984.1264358586083
44565,145.17987388822692
44566,161.38447156792887
44567,304.96945168472615
44568,231.37061308668117
44569,291.99252557233245
44570,167.67264985812008
44571,106.13853888759448
44572,123.38364911143911
44573,424.02774692693345
44574,171.21689748259394
44575,305.96546169588595
44576,145.3642368625439
44577,276.28627565478257
44578,553.7673359559717
44579,302.85443429878825
44580,99.31554408917258
44581,200.5144826155477
44582,321.58799805954425
44583,164.2214549939635
44584,170.04704373696654
44585,110.91175549476183
44586,544.8772765840375
44587,178.580618063307
44588,193.6712026563545
44589,124.34718894445821
44590,252.03036298914185
44591,256.99861930295
44592,293.93121696471786
44593,130.14379987502744
44594,175.46405637397768
44595,270.8854127872518
44596,280.96379108768247
44597,252.1300280743568
44598,313.243758260264
44599,201.60620461292302
44600,230.5825068744706
44601,166.86467069556832
44602,286.4478543801322
44603,201.07064279610785
44604,183.6778607329723
44605,185.1284060906281
44606,207.706225222394
44607,508.5391171379734
44608,107.04768769249323
44609,349.9488357868011
44610,1380.2600673352297
44611,500.240334956119
44612,238.59885240837366
44613,103.0728084058501
44614,213.5871314367098
44615,121.88461143167075
44616,275.7847628033267
44617,251.16652601643796
44618,278.20268199460105
44619,129.86029343707426
44620,372.12826105490666
44621,231.06662458326122
44622,178.46828192743956
44623,273.93449312707247
44624,212.3889053358627
44625,198.35283490975343
44626,262.8387691252348
44627,274.1454417868636
44628,295.25265781447405
44629,158.7976529059116
44630,374.424057293902
44631,291.2374381243447
44632,151.270550705558
44633,181.44985292941752
44634,156.8335173956145
44635,63.193023190190814
44636,245.01352854591508
44637,237.1348788217708
44638,156.0468179623226
44639,362.3898658014972
44640,158.12900939051758
44641,162.9820651338719
44642,259.013927836401
44643,554.6253294455787
44644,134.92907477178716
44645,296.54149498649394
44646,223.65565241139623
44647,100.32230467225956
44648,163.99054943325777
44649,167.6062112411566
44650,131.97422109874748
44651,207.4057601893473
44652,294.05264239958655
44653,250.5548071788803
44654,269.4106809149037
44655,329.62666435517457
44656,211.1468760869155
44657,244.36413542947534
44658,193.14595329676413
44659,169.4100975044514
44660,259.74901261722596
44661,709.5875686944178
44662,122.95083548747411
44663,205.12697632020866
44664,238.77808539850562
44665,312.2390968797313
44666,108.08006960456973
44667,355.3525707759287
44668,162.75665964722182
44669,181.0790420336839
44670,342.1828944969813
44671,155.29308327514318
44672,115.22321272866787
44673,551.2192829740354
44674,143.23110090483544
44675,255.71848283598356
44676,208.33858572443626
44677,188.45701684222738
44678,220.77114680371582
44679,112.29999648486321
44680,247.5768779401699
44681,130.50917396389625
44682,229.28472724419242
44683,154.7526590043501
44684,109.20084845850354
44685,253.08083604809138
44686,200.16531118875668
44687,186.98710991674906
44688,834.5345735866962
44689,201.53572429162529
44690,215.7438486429389
44691,346.19567860544083
44692,466.7293266709801
44693,127.6134402309401
44694,186.63247974442962
44695,130.52033303378943
44696,298.42452385348935
44697,224.70414832420192
44698,200.7387117121833
44699,207.64320812151945
44700,120.99664604038117
44701,316.52229388593946
44702,308.7082656918333
44703,369.8918663721884
44704,373.57046716834833
44705,144.97465459995266
44706,176.89942419833417
44707,217.86290419334904
44708,106.01657272841516
44709,357.19663228124074
44710,218.82068511809342
44711,388.2244055311166
44712,186.8198331890282
44713,276.4412452559309
44714,211.41219934708465
44715,341.0218931195797
44716,262.76276723794905
44717,105.61083754650197
44718,83.67677596640611
44719,1190.6897528460445
44720,509.19570644790247
44721,303.0893844353365
44722,187.5366123162866
44723,156.5005911776485
44724,186.03252436696908
44725,97.06865208853134
44726,331.41978719324646
44727,301.31413739893105
44728,668.2104851262077
44729,211.49348872030052
44730,259.49336859469423
44731,115.98604493963677
44732,153.32756043104158
44733,208.53140190340932
44734,312.9191234481964
44735,149.87479433347494
44736,156.27536477115845
44737,277.4750057560135
44738,235.8351647376223
44739,721.0263613415198
44740,191.3365325549595
44741,230.84327219330862
44742,735.4703418169106
44743,173.978293937339
44744,112.40377188110608
44745,354.82581345652846
44746,86.94313872010882
44747,178.23448710938123
44748,212.57404850080792
44749,305.8781293890156
44750,75.3081044719143
44751,205.92875647374854
44752,223.55065216090784
44753,323.96548429423564
44754,235.64871440935778
44755,278.81735623386635
44756,251.17675231110067
44757,179.1190481547201
44758,412.9896183664621
44759,162.1844451825243
44760,313.23975654220163
44761,226.60791082924607
44762,678.1137755686764
44763,211.75024037522408
44764,98.45401443842482
44765,498.1826106123509
44766,179.74249777032526
44767,898.2887434335113
44768,175.6591101696167
44769,613.792530106285
44770,552.6537329496923
44771,174.1619265114737
44772,193.6705863030913
44773,278.24815276083143
44774,174.64874685966484
44775,177.41830203111758
44776,158.4759446374191
44777,208.81275374591615
44778,151.7076005457713
44779,190.8015203198192
44780,188.89939044310336
44781,501.90587066804125
44782,280.6819152343829
44783,144.4730736545441
44784,289.1258121190556
44785,121.66995311513205
44786,204.19574344019156
44787,240.6274884354696
44788,100.99240771902768
44789,1060.4268222477342
44790,351.0633164816146
44791,267.132563239309
44792,204.11198007795284
44793,193.22415273280686
44794,338.25057218298537
44795,234.24329452560326
44796,1179.8464664773933
44797,238.6955192948492
44798,517.1567557093548
44799,127.54134623670821
44800,232.06070030710117
44801,131.7725257613323
44802,787.3175869815782
44803,234.91421026929584
44804,730.470645205684
44805,402.10345617351993
44806,158.33766431836597
44807,141.28026936820697
44808,191.9493684569994
44809,272.66772979519703
44810,197.6315553653119
44811,150.4484629958899
44812,128.93695164216376
44813,1779.5523694878814
44814,136.48753627666375
44815,228.52126947288554
44816,308.6795283930042
44817,239.48270045677208
44818,116.1920542052789
44819,136.7451822241539
44820,2418.1419755019615
44821,269.3641006050699
44822,434.93205436898535
44823,157.7042308874459
44824,204.80202653471423
44825,214.32094285372006
44826,415.2659599106829
44827,152.3399555014534
44828,452.3568930748383
44829,108.83529333880759
44830,149.5135700932478
44831,155.0890884011638
44832,176.27654995578357
44833,183.66993453658645
44834,186.78277283358264
44835,284.8324018606607
44836,116.33755528778387
44837,178.90399384726962
44838,486.29849206513177
44839,153.77306100086258
44840,177.9348179779975
44841,303.3963727410498
44842,241.88765269695807
44843,557.9679371511334
44844,108.50815286375772
44845,123.16890346207812
44846,147.1211854069782
44847,327.6690299003689
44848,133.24186318548246
44849,369.7599788226762
44850,120.00229140115277
44851,93.3107363304249
44852,137.34347604924557
44853,396.42376047533514
44854,119.73008043033671
44855,165.15831943969673
44856,201.8806528862392
44857,845.70186818193
44858,428.1732099948918
44859,259.03160690203265
44860,140.05761915363414
44861,244.40448526439909
44862,248.4170507477957
44863,85.41936528166478
44864,368.62555500782173
44865,185.83235713519062
44866,165.620860919657
44867,226.96995171360805
44868,482.3926385941964
44869,90.40831529836598
44870,186.21118704498474
44871,286.0784951210286
44872,221.36579312073485
44873,101.05137757201588
44874,469.2641886667292
44875,166.72970101044072
44876,195.20717563014037
44877,332.5599221588262
44878,252.7911550524645
44879,132.7350224187984
44880,119.98110166957076
44881,160.93460822903427
44882,186.65138472270488
44883,490.7646659702223
44884,242.9517121225836
44885,343.3667571588252
44886,357.12214801785774
44887,251.32380941368908
44888,185.31164380939262
44889,236.24288782346338
44890,127.64878361233319
44891,855.5665600585232
44892,273.39484717687463
44893,194.49433067041147
44894,230.55806545853662
44895,130.9295048495673
44896,167.08762211499453
44897,83.36763782081846
44898,244.24962234408795
44899,233.7034589494569
44900,154.27977967589558
44901,217.60071394997095
44902,168.0147866951064
44903,154.5041237335921
44904,438.4325566373988
44905,170.90823415937967
44906,270.50662146075285
44907,131.5079680095634
44908,109.1426250699577
44909,376.406344445196
44910,214.49728196521073
44911,87.50289306029786
44912,227.78466904991546
44913,127.22865145115216
44914,279.65085994004573
44915,267.82115484076706
44916,490.8485961551308
44917,205.0097660536566
44918,202.95538887983514
44919,754.5500481421171
44920,117.48354378808392
44921,219.0847086368038
44922,219.72860033112502
44923,385.69467045829293
44924,251.5802496891791
44925,371.72707255745746
44926,359.42172573375404
44927,170.01286409532207
44928,222.4984584330058
44929,193.55465686261763
44930,966.3878305967207
44931,155.91925211176942
44932,127.02273797878851
44933,144.3897913778532
44934,192.9276989256485
44935,149.33350959210344
44936,232.4326242570088
44937,307.99148861554124
44938,124.9139392016041
44939,168.01056855340613
44940,186.05460852494426
44941,177.15141732260506
44942,107.69917850103869
44943,459.0960706825126
44944,266.39478716726757
44945,142.6420439825936
44946,445.61813011373397
44947,263.6741227066206
44948,249.01902918795014
44949,185.18240988926013
44950,278.3235369794859
44951,116.09691403240787
44952,249.14593296118016
44953,142.7783206523391
44954,265.58024613767407
44955,427.7667574896977
44956,169.7072156347085
44957,199.97664083558257
44958,178.92550363797199
44959,116.60289098280197
44960,124.28660790772572
44961,252.88389385746382
44962,184.80976866201325
44963,335.6015708041583
44964,113.3226906087779
44965,101.85651322879323
44966,155.80242284062876
44967,196.2596048658258
44968,218.92183349751687
44969,128.79926543500846
44970,247.47858904597317
44971,225.6827441459389
44972,192.17936298938704
44973,264.5420258578854
44974,168.38137256499434
44975,185.67571281804692
44976,160.42482840190902
44977,316.0679620438226
44978,242.7323298612283
44979,213.3562888298983
44980,282.750206078615
44981,739.869901154326
44982,193.85736892553308
44983,229.4828900982204
44984,139.0332896716857
44985,617.9980489019346
44986,127.02485471188645
44987,137.65673978161647
44988,156.79295778865477
44989,284.4119459286975
44990,128.39854712996743
44991,116.04582313684335
44992,165.52004218301505
44993,182.99744177780423
44994,512.4785612220758
44995,835.7741862025096
44996,222.5051098289003
44997,178.7852926176937
44998,250.4796237239343
44999,125.88007252479434
45000,159.2825011554918
45001,292.99187736576334
45002,488.52312560736624
45003,147.05353420750382
45004,214.90252075566937
45005,523.7679216108806
45006,82.91834144124432
45007,394.11349218335357
45008,168.90634393051508
45009,312.80944092738235
45010,442.3063198487012
45011,122.07921580135513
45012,183.20816144938166
45013,261.7061267335023
45014,70.69946167724905
45015,195.98798099196736
45016,1074.7667873521534
45017,250.83148263004867
45018,607.5787626692722
45019,273.71996046136866
45020,268.0568478852697
45021,121.59828147252132
45022,250.53991871571088
45023,273.9890302832659
45024,98.04809992663377
45025,1005.6142292714333
45026,337.37597689027143
45027,158.71961159699615
45028,210.0831870924008
45029,151.74942008883798
45030,152.22614272910724
45031,210.68569586119898
45032,242.63340936572104
45033,151.36264033100454
45034,222.9819623500413
45035,117.4655665845832
45036,207.51283837640986
45037,195.8662843194654
45038,299.6319532655793
45039,230.26076560857217
45040,251.33446945843983
45041,270.2889117009228
45042,155.06353751290058
45043,273.5459314910281
45044,197.67336906721283
45045,269.9957357076001
45046,189.60768712660135
45047,201.1967249903096
45048,176.7438645938227
45049,134.99805701511778
45050,909.0604649795185
45051,649.5766886413725
45052,689.7500134421186
45053,124.24523883393339
45054,151.72733717481108
45055,342.8465800819879
45056,278.2315582180825
45057,131.03326207132494
45058,275.7844482144639
45059,273.0734515641602
45060,579.0554866223548
45061,394.56783368347743
45062,477.0796286477049
45063,139.50370070881655
45064,171.05715540995226
45065,156.39481053178642
45066,236.3604557801519
45067,281.58374039468305
45068,193.80125592271796
45069,252.635837700973
45070,286.4760799251456
45071,136.24640046626982
45072,216.10927064413417
45073,202.22952866132653
45074,259.58053326365376
45075,281.70333854671753
45076,134.32219140915456
45077,182.66080247400225
45078,184.77398885760698
45079,512.4312048007217
45080,208.28509973508304
45081,212.41129387759827
45082,303.54861852443025
45083,154.6133686508505
45084,159.0546970555018
45085,130.98641976507955
45086,142.1330363493772
45087,143.38089209997872
45088,248.20515210743127
45089,259.4074683715738
45090,399.24192491147596
45091,239.45596516744644
45092,300.55136780765645
45093,243.75996810632378
45094,240.44568080138694
45095,180.67354024920004
45096,236.3432693282414
45097,284.5829542900486
45098,254.00686445617927
45099,231.53691960919434
45100,228.6454763290846
45101,241.3927111196846
45102,286.5917162691504
45103,223.27786158687445
45104,236.34355661982258
45105,186.3424959029401
45106,202.81720194006667
45107,1404.2562583884946
45108,218.91932267940533
45109,199.51181270280426
45110,454.13853699903433
45111,108.48561887248098
45112,422.13470118801047
45113,194.6643260047662
45114,228.21034590558085
45115,196.37098978610686
45116,204.0767219537019
45117,578.0653596252229
45118,80.92386474183436
45119,234.03384587081726
45120,175.68889662977801
45121,263.08122159359215
45122,222.01571948928216
45123,147.88022563728097
45124,109.62288079011677
45125,147.6585709003707
45126,517.1146128304194
45127,375.6159566206177
45128,164.21770637316706
45129,215.0195874274594
45130,211.26448519460013
45131,262.04051416644177
45132,248.3897761754068
45133,84.1917635382226
45134,194.646583105044
45135,187.60779841160604
45136,118.55620126172856
45137,285.0497194740577
45138,166.61931995277197
45139,261.8463778713066
45140,135.044417089392
45141,630.2781628932684
45142,184.3213806957309
45143,160.38055783207633
45144,328.233343443369
45145,196.24863127460495
45146,202.698033172106
45147,84.47411233852559
45148,416.25736288762084
45149,124.7385919328009
45150,132.6422221120419
45151,216.12115168849385
45152,250.24645816951875
45153,356.22697223634503
45154,549.729389026225
45155,404.31552844259033
45156,373.9723187309079
45157,174.6713249653542
45158,1310.404126852366
45159,126.53704873577324
45160,154.17787236234318
45161,83.75322888640771
45162,344.8087312321246
45163,240.351988667811
45164,245.08524170639296
45165,411.25014773739133
45166,156.4227188821525
45167,573.2766368514347
45168,231.13688004974992
45169,666.2699509566654
45170,494.6815334635466
45171,121.8236888954573
45172,143.9171624192974
45173,870.0587548069648
45174,195.5799843000428
45175,243.86716996593026
45176,209.7018105411136
45177,251.869337191112
45178,392.096849583213
45179,250.21466071663394
45180,109.94303032069854
45181,763.9339522884446
45182,297.69780449162477
45183,267.6825263331916
45184,165.8402501728451
45185,152.02220664461734
45186,188.40615662397548
45187,364.1268993667914
45188,112.81578889629971
45189,471.22988114783004
45190,227.8174467902502
45191,184.5443143119365
45192,153.9640377751822
45193,396.5923847120116
45194,295.7863460149619
45195,326.2770228576342
45196,240.77102230213032
45197,142.20266761724716
45198,213.73503659818988
45199,262.9796025467583
45200,211.0720906182891
45201,327.6999684607563
45202,184.36528400371017
45203,426.69888602179935
45204,372.70385617393333
45205,257.6268462624479
45206,301.5614164899199
45207,231.83448801583495
45208,306.05869234008543
45209,196.9839702245697
45210,186.08579796108438
45211,238.9742724609292
45212,297.8294824357665
45213,336.9430592942918
45214,206.35060443682661
45215,141.62662868613884
45216,97.2749923972851
45217,95.66496768238468
45218,414.00910949168446
45219,355.0446658534036
45220,444.790865463281
45221,188.78764209995805
45222,175.43904543203317
45223,117.24839831050247
45224,139.8395512889661
45225,191.15803260504902
45226,142.29180635037304
45227,271.6593822459384
45228,150.00465743595635
45229,324.6013561100806
45230,396.7609515656574
45231,213.43377104658228
45232,431.80110234180955
45233,112.26614383417721
45234,107.12140891746789
45235,153.45182532584394
45236,234.80440272476343
45237,81.05660655004634
45238,208.8623395735911
45239,158.86072460157823
45240,455.87103428560994
45241,217.47994777221413
45242,247.1524530725137
45243,184.55942542901818
45244,124.51088705805473
45245,461.06330632284124
45246,245.8860734930602
45247,184.33139742829098
45248,106.21042165439069
45249,162.28927462729797
45250,118.72235156520132
45251,176.18408859678664
45252,153.05805912649907
45253,270.43469964267274
45254,131.13257346120588
45255,132.62972843130686
45256,104.19435092094605
45257,307.38808784809095
45258,217.21395442771237
45259,229.24406832863187
45260,356.70234957507023
45261,113.70349913168293
45262,130.1393264822704
45263,76.35916392999613
45264,287.9041247104668
45265,154.35419061553773
45266,79.34974595844216
45267,165.18952290483347
45268,598.640694039956
45269,805.0760497025739
45270,279.34524087395687
45271,248.7837284410783
45272,201.02071621448803
45273,212.64960369975446
45274,507.04927780025014
45275,144.1024262582982
45276,364.3132252158468
45277,272.6466153054605
45278,425.54783374217675
45279,269.99781147787246
45280,165.44692975744803
45281,160.58149950837577
45282,214.3365174176188
45283,365.24311465402974
45284,361.2514714252068
45285,220.73097332738533
45286,121.07950307817883
45287,97.73478382349192
45288,219.2043465639581
45289,191.63012536833725
45290,152.9522133419051
45291,177.51634972954082
45292,205.98447035284352
45293,533.789955230829
45294,598.8223654076842
45295,135.2517145653651
45296,146.11168131890108
45297,300.9350774241111
45298,212.70372521715973
45299,136.50791659322502
45300,228.7187100253244
45301,267.9970552652162
45302,218.63965128305807
45303,111.2851560309796
45304,236.46701443364088
45305,230.69395617350057
45306,865.7227458880756
45307,439.2328846549449
45308,487.9072510520119
45309,119.89532265556622
45310,341.8080976856733
45311,270.7217259391603
45312,136.06452694991884
45313,216.1053079528176
45314,149.86514888047074
45315,163.15637800890732
45316,594.4639667900422
45317,331.07422120898997
45318,600.925767504797
45319,218.53219742177265
45320,225.1808218367171
45321,255.77689398251246
45322,253.3812180373783
45323,84.50658321128303
45324,433.1204815227008
45325,944.8379611448133
45326,157.46171376801473
45327,223.21416410055264
45328,163.60577889775627
45329,599.3854249453976
45330,137.9502373809995
45331,336.0605750068305
45332,233.37330774107122
45333,202.2422914796174
45334,371.67424169665605
45335,169.50496417750878
45336,193.22847821753422
45337,284.84942418041044
45338,196.7367122848627
45339,194.74984992819935
45340,182.72635520124004
45341,146.654445511277
45342,205.72978562639682
45343,258.61777406310165
45344,233.33464058304784
45345,289.4353631656828
45346,298.4534045231545
45347,176.14609714209354
45348,155.51653562117951
45349,97.60186678001595
45350,194.6031309148201
45351,161.4932209936566
45352,146.6432919764966
45353,225.50470229257752
45354,312.5807798828849
45355,361.5923179422128
45356,214.05247556533237
45357,134.01881430527789
45358,131.8820903446439
45359,149.23533857419633
45360,220.8886930192787
45361,230.94734657585337
45362,291.4875269161563
45363,707.474023317205
45364,293.48151745681014
45365,208.98639845311973
45366,231.88478459562327
45367,248.3990083389235
45368,325.44731004724855
45369,109.07987881605287
45370,250.1834238564464
45371,157.1490555279456
45372,159.1597124380883
45373,352.6818313408441
45374,229.9031623827151
45375,311.9426339633522
45376,218.06388761326173
45377,218.31364398245393
45378,277.89918588499546
45379,320.9346838589871
45380,263.5658158119848
45381,249.9765776594529
45382,98.99512877183393
45383,251.34894637492386
45384,239.9940075588202
45385,230.599120798683
45386,149.30629728232068
45387,139.62446029172563
45388,219.71246991987067
45389,171.5204681357472
45390,158.80320277350847
45391,935.5448784965923
45392,230.5979004046342
45393,207.64163919072763
45394,115.57370914856362
45395,171.6284256027391
45396,256.376023286371
45397,87.02320705722214
45398,558.8156165184929
45399,468.5129452703181
45400,315.26465409982063
45401,148.44502026186785
45402,1359.099319130224
45403,382.58397163795087
45404,473.06547310402317
45405,140.3570271625366
45406,435.7542461576369
45407,185.26028369538776
45408,133.51589249385154
45409,176.6415048246514
45410,181.0464352881278
45411,298.0992873092582
45412,460.210154037666
45413,540.9218370800086
45414,170.12712098305352
45415,163.0834938748121
45416,144.5720431481517
45417,165.67882411716533
45418,110.99704927376906
45419,264.78291110354985
45420,310.6646100268453
45421,763.0570500748742
45422,293.70760685658865
45423,247.33212174253026
45424,172.93780126639257
45425,113.39525431445716
45426,322.98329236239755
45427,260.1855598451251
45428,151.03823035155511
45429,477.78939604269596
45430,298.1225895246919
45431,193.24318469329052
45432,253.15198170225813
45433,487.0878549825545
45434,191.03587500759122
45435,425.5238514828006
45436,236.5975265461816
45437,243.18229170405988
45438,217.70614414735678
45439,171.80643221747923
45440,132.57489836103926
45441,465.09322605662726
45442,150.94901412164518
45443,1380.9437338508399
45444,230.15466685244607
45445,162.1095037392971
45446,201.88480703216257
45447,201.61995906681528
45448,131.12744348893895
45449,375.4300067272372
45450,226.3937659576725
45451,253.87072741736827
45452,184.35447488636902
45453,222.1646293722151
45454,266.3328694080164
45455,121.11553309959727
45456,698.0033501958603
45457,144.92458526287118
45458,150.9624142072963
45459,97.12660684159258
45460,225.0516351561584
45461,285.1402821493659
45462,183.48901376086218
45463,167.51788468678882
45464,235.01445944610177
45465,103.89402459864331
45466,202.39137947314128
45467,403.1431412516818
45468,709.3766981206094
45469,175.45385476502162
45470,281.1420253158652
45471,174.15960778502085
45472,203.95348228727997
45473,1864.157652578389
45474,927.5155596225952
45475,100.5890641592787
45476,243.15370415722006
45477,131.13384845439074
45478,277.9537138662968
45479,199.43716072528554
45480,203.02882469607127
45481,151.88703431010606
45482,466.73942269402386
45483,217.80785245260415
45484,166.37292861983192
45485,228.35135696167842
45486,143.07327414259615
45487,324.1061438553141
45488,164.62765482986444
45489,186.2291590869865
45490,627.0668066410958
45491,168.1252649470242
45492,233.01346330205195
45493,358.35058547910614
45494,175.22153843288962
45495,142.7343709007588
45496,499.5063005996069
45497,116.92372549087132
45498,193.899393228657
45499,262.54310644879
45500,180.5592893105131
45501,192.9738581322594
45502,266.23193229445707
45503,278.96919037107716
45504,152.60766788975897
45505,198.0983959132235
45506,731.1815222549063
45507,78.341636632782
45508,684.8868396743666
45509,83.23020624752684
45510,155.2820720870684
45511,241.34018213518428
45512,190.19236457986386
45513,127.31365451061522
45514,126.97139033360496
45515,202.5122567256778
45516,148.18843333767225
45517,470.94112399369436
45518,392.7265573195594
45519,121.72344213468783
45520,159.22158056028132
45521,197.36715177943745
45522,891.8595689612897
45523,103.17578652662182
45524,169.16304897073132
45525,516.0976812263083
45526,173.62973602056016
45527,101.37090180715342
45528,342.9839017057085
45529,251.2900482552156
45530,195.19205695904918
45531,605.9944668391004
45532,264.72968502801973
45533,212.01038379156745
45534,122.68875287699606
45535,110.95428810469726
45536,279.2892800519077
45537,227.11756538576924
45538,117.69729177966539
45539,221.95284144859474
45540,157.05931291765933
45541,262.4095487602821
45542,241.3998073152507
45543,423.62033377516184
45544,222.78907979566887
45545,389.4441384770937
45546,274.7105283892493
45547,244.28861297873138
45548,181.45793575182063
45549,203.25953011520954
45550,1053.823575889334
45551,174.45214896295354
45552,167.62374870581738
45553,108.72856889561419
45554,139.60500947126965
45555,661.7294338503123
45556,166.46722388514627
45557,111.41708648036315
45558,432.3635961172426
45559,497.1538175977369
45560,143.97958128547666
45561,345.67173344657084
45562,107.04108498356895
45563,255.74956457335762
45564,160.7336341475685
45565,258.19577130245483
45566,221.0670639588249
45567,176.6708934970387
45568,197.37204678900432
45569,231.00111620978402
45570,398.7794501879329
45571,206.0549352410965
45572,306.56112540049065
45573,487.235813546694
45574,475.46188274787636
45575,301.66820789115394
45576,552.074480576909
45577,227.84747712962042
45578,484.72679321393616
45579,119.27749791484392
45580,172.14012514295834
45581,294.0277769849105
45582,186.9453116099005
45583,238.41903106834087
45584,273.9383507164436
45585,178.89531324542202
45586,164.49056913221062
45587,225.07346615517218
45588,232.37342174868445
45589,434.6238057882978
45590,391.60252485065587
45591,321.739609783786
45592,233.88342041818396
45593,284.64353494896
45594,210.16009863813127
45595,222.1109904472885
45596,210.86754460084148
45597,83.22964067129512
45598,700.1508468247407
45599,239.457941260119
45600,172.3824919107755
45601,203.6204542666748
45602,282.76640883396954
45603,268.99518721311557
45604,125.34225239176952
45605,322.5287939020909
45606,155.08747989443478
45607,221.14947468830803
45608,289.4944773993832
45609,83.41099652941942
45610,121.42343919264476
45611,904.4037533983991
45612,397.2507629146372
45613,234.7782896468041
45614,196.75655792480134
45615,196.30957676380535
45616,811.5053503508643
45617,149.973689309374
45618,115.60015994511923
45619,149.19456200846963
45620,634.9913588640638
45621,125.62752929425838
45622,85.29932072675926
45623,262.8249478615777
45624,567.6809181603045
45625,114.07406781932221
45626,244.82965104729166
45627,223.76674384049352
45628,244.64446502679593
45629,128.04386851827763
45630,622.9632740968409
45631,236.89057066528716
45632,449.01701593842193
45633,273.41933088338897
45634,242.20410379247653
45635,192.35193089561267
45636,332.4341120126032
45637,1048.7586135067113
45638,189.35536267959736
45639,716.6045849045777
45640,164.87974916534324
45641,246.87999877657742
45642,205.2221433254716
45643,445.51358941537586
45644,457.1550474481976
45645,373.34761410712434
45646,157.6119191219547
45647,244.59983840499018
45648,197.34933717865258
45649,409.80573490201
45650,140.42313838124747
45651,221.6360697017154
45652,440.6837970360425
45653,108.72206394884523
45654,263.7387370719742
45655,165.98942770844633
45656,177.42455912598547
45657,284.58409497811346
45658,171.96446595936908
45659,125.04244759245661
45660,429.0117224164011
45661,748.543504081344
45662,181.3967365273977
45663,148.0284740431999
45664,167.041255324483
45665,182.03207847362094
45666,163.77485678313926
45667,108.68422127140057
45668,156.91709238597022
45669,115.47578931191089
45670,110.86205625468735
45671,131.34542931015633
45672,176.87013608779384
45673,230.34788724613145
45674,287.86416054257444
45675,256.6738551277856
45676,161.54453454146432
45677,503.91356975246475
45678,162.2508488458873
45679,250.76097601996696
45680,269.83292870749284
45681,246.0359611786348
45682,405.62140340889005
45683,187.75465028788602
45684,232.0346019420546
45685,212.26535218249097
45686,221.41398700098134
45687,240.20551047235003
45688,226.73887392955726
45689,477.43331647072927
45690,96.4429563222271
45691,229.2959842648804
45692,171.76798665494414
45693,381.7131965295329
45694,163.26801342463307
45695,172.3341610550887
45696,115.15973455136674
45697,849.4819772738637
45698,161.13488869405103
45699,226.8581947116836
45700,545.0807275108127
45701,367.73400350912056
45702,308.37228747689005
45703,418.18526054517827
45704,131.0455783488709
45705,263.17502461997043
45706,208.8338052757457
45707,287.3523471449313
45708,226.23671538269878
45709,126.05401631603301
45710,178.19958482187985
45711,113.23191892129502
45712,564.0704602698061
45713,437.8430920368034
45714,165.25116496917207
45715,229.59316907538764
45716,250.72984087502158
45717,267.0087487524769
45718,513.9131077482363
45719,1097.6046725731555
45720,179.3119632715744
45721,223.47422143919658
45722,1020.7935245227347
45723,241.2551369884494
45724,181.65834578930006
45725,202.13311275503818
45726,6264.349327362425
45727,543.1956163487827
45728,351.3085457802559
45729,160.63928301613214
45730,189.03446184077424
45731,119.07979753941741
45732,141.37722441419228
45733,216.82131194604094
45734,178.01248081750882
45735,194.9540630657133
45736,380.2092861257999
45737,253.0175657073378
45738,360.950195920669
45739,281.81082270911463
45740,142.81014877902066
45741,198.3593872014738
45742,146.81141280170644
45743,239.21127901313295
45744,302.18441915678665
45745,477.0534633167303
45746,195.92053978519914
45747,446.09338371815016
45748,172.7633904962065
45749,811.9722030396928
45750,223.2932769269495
45751,499.17390264113453
45752,232.8757310433417
45753,248.9162849049262
45754,201.19313016880278
45755,138.05964499890163
45756,242.88415386917154
45757,221.72822965445272
45758,110.48511041612895
45759,127.75782602261192
45760,417.2448595313013
45761,1078.2435330457195
45762,442.86959072675
45763,381.32305460088327
45764,264.03093766268506
45765,236.2374769170999
45766,133.12570729792648
45767,230.05594345084342
45768,182.3727152945441
45769,388.0297057255141
45770,248.7765247655603
45771,732.4090233318116
45772,148.44105848042514
45773,314.1281280305225
45774,144.64567613839742
45775,186.76167671169767
45776,171.22803720094117
45777,121.16053055133875
45778,418.50009795186054
45779,435.00415344731056
45780,163.01030851295565
45781,298.08850835059513
45782,553.7803753276281
45783,207.93474280580787
45784,208.31852387218984
45785,171.54375261332402
45786,140.94114236426543
45787,227.63680409981473
45788,501.72482740919884
45789,120.1473036326236
45790,92.72594859084548
45791,222.11368578834345
45792,94.15219384781318
45793,172.15590970055285
45794,207.89242644010653
45795,300.9512051784076
45796,277.8007051130562
45797,415.9308780200344
45798,191.660139108724
45799,285.46880568485244
45800,153.9398093574022
45801,144.00420834049226
45802,282.6108274932481
45803,143.4633481154738
45804,220.642188607786
45805,178.166067606431
45806,132.64859664100436
45807,648.9870789454649
45808,205.02984447432996
45809,220.59575698769092
45810,537.1261360259867
45811,222.89609736571953
45812,227.13031574180906
45813,121.51963896841362
45814,240.96162487762584
45815,173.3670570478279
45816,183.0450740623564
45817,217.3579508181748
45818,218.88338898449973
45819,118.22281879935146
45820,224.38784141099038
45821,132.234228441192
45822,263.05960828756565
45823,366.40460219958965
45824,129.9186587121745
45825,565.15779657831
45826,130.48295980261497
45827,476.360218938113
45828,110.03949452303998
45829,164.52209686830778
45830,137.99534548965667
45831,161.26883765284055
45832,282.17839966526935
45833,177.64878215566324
45834,284.50431361413285
45835,137.7128822037993
45836,171.9794112515643
45837,105.27702294525571
45838,258.21865268507554
45839,128.47438654900216
45840,139.04469101805196
45841,187.79492824154647
45842,514.7760948626604
45843,188.18036571237107
45844,276.01487420006885
45845,1004.1638869851907
45846,258.70795358224177
45847,324.6913234821945
45848,244.42493503386945
45849,369.31094788111574
45850,401.16984551590775
45851,197.77608774084436
45852,179.4018629551942
45853,672.1527584360741
45854,220.4218993652521
45855,114.7939291167273
45856,249.82538288078965
45857,147.21734217252083
45858,102.54649891374677
45859,242.2734640026431
45860,189.8085835890463
45861,287.4098572484812
45862,130.32642716526746
45863,320.5514519561168
45864,180.44047011096865
45865,134.43541605493527
45866,114.85693963209916
45867,247.27547271180376
45868,187.33936234828556
45869,233.41263629593593
45870,118.27480817436374
45871,752.429870899428
45872,644.1674984702998
45873,109.76280193549793
45874,495.2746599748366
45875,146.69582027221273
45876,131.7454516233823
45877,132.64653252261238
45878,145.72357192211783
45879,185.5168294062423
45880,207.582879301868
45881,277.24797499248604
45882,379.81467467323523
45883,172.0462261650272
45884,555.759849432739
45885,268.30225753070494
45886,117.68461328598283
45887,134.05255667878694
45888,864.8730647363757
45889,157.54780379308343
45890,213.38364879127604
45891,183.82456705691843
45892,359.0020854104461
45893,195.62799486952022
45894,330.06907103924533
45895,167.0247956292709
45896,334.83898394351064
45897,116.03019066433549
45898,117.69342889404227
45899,249.77874671703506
45900,167.4129516424288
45901,148.2209487526532
45902,94.42851802666884
45903,154.35024681588382
45904,168.29777292547487
45905,253.62670546460413
45906,389.8441638246706
45907,269.89763560777817
45908,286.04715233111693
45909,161.39728961967623
45910,78.50565554814456
45911,259.78229725373484
45912,370.7785369276884
45913,263.9689057055212
45914,426.3974122870848
45915,412.7650013248379
45916,196.37970178115765
45917,114.26665356081485
45918,748.6385842253574
45919,292.27199606563653
45920,110.95561145388974
45921,237.50791923723017
45922,146.71279258581453
45923,118.03511112894037
45924,280.84471493530646
45925,283.5684578510545
45926,145.63462756371592
45927,690.5340925162984
45928,209.1195325869239
45929,259.1327076353373
45930,675.0237712412262
45931,213.82822953719304
45932,100.04346129096659
45933,499.5014592439834
45934,159.84670307767038
45935,178.83828500664166
45936,164.8428545710597
45937,376.84798783257617
45938,223.88533979094956
45939,184.96864865549688
45940,147.63387557176998
45941,438.0081909712861
45942,130.36064304567728
45943,365.7557330416598
45944,607.9389445442924
45945,121.90379930773157
45946,288.49405533191543
45947,132.03852382346875
45948,91.58219548183892
45949,325.26253786096345
45950,150.99836658942425
45951,170.54442550178618
45952,252.04380239369922
45953,132.64368364258618
45954,562.766501830297
45955,188.42212950415828
45956,441.05786802702966
45957,175.36940048430642
45958,155.3449723232733
45959,204.70195404621876
45960,420.80916901993015
45961,173.0879902720482
45962,250.62970034577373
45963,179.5800470911326
45964,152.7179290493803
45965,274.23137092939925
45966,497.15951386116257
45967,145.07457087417373
45968,401.54959219197474
45969,382.75609126510756
45970,103.25807482302768
45971,383.30613406680646
45972,170.8414559025499
45973,215.305320719316
45974,109.35248934524456
45975,165.01384667025596
45976,302.17328164193435
45977,602.455625826124
45978,327.4267228450134
45979,113.08678017212215
45980,129.15730932562226
45981,532.2951785940019
45982,268.46622018085213
45983,235.93004418314752
45984,230.9672978011362
45985,201.31256096623082
45986,182.6632210988877
45987,342.3813698409257
45988,180.30190657898112
45989,138.5183117921802
45990,1418.0186752311376
45991,163.82022156570395
45992,260.03974036334137
45993,156.95909693749533
45994,278.9403414963259
45995,154.43714073574114
45996,256.9028313006252
45997,147.0032074072623
45998,471.4705795225
45999,279.6509077746847
46000,234.04988376865782
46001,234.19147313749338
46002,137.53754763151056
46003,137.8064029323532
46004,329.2922847230108
46005,430.283345570835
46006,173.78511769844013
46007,110.01196388845341
46008,418.00852790597185
46009,226.16599184435265
46010,97.12771814924429
46011,291.9928079383753
46012,523.243332417999
46013,547.4320179758768
46014,135.2187407371747
46015,129.80750009606334
46016,153.5761151757471
46017,128.16881904439884
46018,409.0515547118221
46019,377.0203804403937
46020,269.09187953483485
46021,156.05569028196746
46022,171.91767367567758
46023,356.07355375592175
46024,1130.3319207003874
46025,183.67985786104333
46026,201.11034044559082
46027,254.41126310424377
46028,174.47504420855998
46029,108.8179856531701
46030,192.10480555693417
46031,323.98030168290506
46032,253.0293510503441
46033,392.00808285773826
46034,175.88223865292755
46035,264.9156152406646
46036,226.16297878883083
46037,169.0401211513323
46038,111.42786740275255
46039,314.2266039127677
46040,167.08404986167878
46041,216.046258211871
46042,51.664369635080405
46043,369.6512058055417
46044,262.2713468779574
46045,207.1193625140063
46046,196.13396206159692
46047,224.50699087852303
46048,202.30645872273809
46049,128.20591182090328
46050,224.11137746157772
46051,142.33436423978267
46052,205.7352250559109
46053,524.9462460143068
46054,185.13003834740465
46055,171.30186939658202
46056,166.74111845811947
46057,137.94583061337232
46058,151.23672898330852
46059,338.6958777743537
46060,148.38429847989045
46061,506.68868798456623
46062,400.04034384644916
46063,310.8462551002041
46064,1084.92136345577
46065,248.22516321847039
46066,177.8120365940719
46067,187.78924234129758
46068,230.65584909447466
46069,433.1724948443948
46070,144.86141373561293
46071,185.4053642751563
46072,195.43093474217872
46073,85.16641457600973
46074,211.59204456342175
46075,169.12937727945712
46076,236.15853003238897
46077,463.1500995411142
46078,177.85872720734113
46079,169.55206544622038
46080,315.608912816862
46081,212.02673036332564
46082,205.61428744583293
46083,122.42549899018296
46084,169.0105431438406
46085,390.8595656769491
46086,248.31624427739584
46087,105.85944306431381
46088,215.48745022465127
46089,242.0960547346874
46090,240.76697246510705
46091,174.7594641060083
46092,182.3348923687446
46093,353.8256806445944
46094,145.95068883857255
46095,266.6520706352141
46096,262.9558649687381
46097,296.95555022104145
46098,172.46564425889986
46099,253.00912129617737
46100,881.7398777902564
46101,280.61341303700794
46102,279.0815636807502
46103,146.06393872547144
46104,178.27268325851986
46105,302.6717203248603
46106,229.6783012185333
46107,291.6634813969418
46108,255.49327963421746
46109,1220.587089025408
46110,320.3343611182506
46111,204.93183775676482
46112,1074.3492729544475
46113,134.81090835301774
46114,274.9852367582119
46115,141.9587757920775
46116,307.99618185310055
46117,117.54792825189212
46118,108.54371838516057
46119,533.1651500440908
46120,231.30685128841085
46121,103.25992232091767
46122,214.4465652267238
46123,437.30803775262586
46124,521.2047688257566
46125,115.64713744641409
46126,262.65741121737517
46127,127.95038667552978
46128,408.67323449909526
46129,193.2888124921183
46130,274.69540488259736
46131,199.359871244132
46132,239.75377167984473
46133,115.88056301007917
46134,118.76557956353274
46135,170.02636778680017
46136,175.6060830132395
46137,277.06887518157083
46138,225.7516057143693
46139,107.34775362627893
46140,183.32866014250118
46141,172.4650189530085
46142,657.144026033537
46143,234.59164228955385
46144,242.90763319813192
46145,281.2228231713685
46146,243.08394967938307
46147,569.9495359323032
46148,200.80155378976195
46149,238.33780151521353
46150,423.72816761027514
46151,253.67403035323986
46152,227.30976293721568
46153,187.47665611479334
46154,366.34933447771004
46155,143.05162342736656
46156,386.8670116070211
46157,91.72423184378897
46158,184.86683440238033
46159,184.97663323959299
46160,141.95011554429092
46161,194.4389570922289
46162,263.2404641187429
46163,299.80236814145945
46164,208.8935436341041
46165,148.58492458263058
46166,224.55678810193643
46167,290.25397076124875
46168,233.50173807633382
46169,180.24572895556298
46170,104.7867352952771
46171,239.82620646288146
46172,916.7076569981062
46173,199.38580327358457
46174,87.56580044359782
46175,107.37096367079991
46176,142.14138142315625
46177,515.4597455824755
46178,308.6779703540241
46179,305.2330556864141
46180,340.60079571483374
46181,581.3900409971233
46182,100.44445951470892
46183,162.63770744104318
46184,148.76629555497823
46185,253.4490564059312
46186,794.7656241570058
46187,357.06532974706636
46188,6788.878041425895
46189,558.392670738754
46190,259.2602191056414
46191,253.9162668935555
46192,131.25081843387093
46193,121.90725135116652
46194,136.65826240764474
46195,91.0868198982489
46196,185.1473345320984
46197,125.20096170384711
46198,397.00809618684644
46199,227.09858667119758
46200,162.6373649494963
46201,364.59234874213854
46202,282.4713102043485
46203,209.09508970478169
46204,102.31929934814251
46205,334.1161471512119
46206,357.80550076393604
46207,257.39745726858735
46208,251.6244177607953
46209,538.4049113339516
46210,271.11008934547596
46211,268.58875339830195
46212,162.0599219421934
46213,182.20901331930415
46214,500.5329212192113
46215,159.48529393858098
46216,106.36385867786487
46217,190.8880511612268
46218,158.8824253659261
46219,177.92723668119098
46220,168.98804379229514
46221,309.8971091303994
46222,628.87272534653
46223,111.78625685697831
46224,444.9347417243616
46225,239.0236430304922
46226,233.74940801982564
46227,97.63951833189903
46228,322.2172461788589
46229,202.4086517762324
46230,361.93043927345946
46231,271.2411319281731
46232,313.4842142224389
46233,260.39484096648107
46234,96.72748314658864
46235,151.9315667019581
46236,227.76128461262383
46237,480.4543741000029
46238,224.15222967695078
46239,58.200114381542896
46240,277.0522937918716
46241,459.00070895535686
46242,231.54682391137712
46243,147.63022391425548
46244,157.69806917048044
46245,187.07096478040523
46246,292.8587747103039
46247,223.43424228789016
46248,322.0629347977402
46249,167.19102415835303
46250,69.09710726457143
46251,305.5049049640774
46252,399.8645095124386
46253,100.56494846453442
46254,1145.3670940450004
46255,295.4526262759852
46256,192.83642739023054
46257,285.5079522357576
46258,135.47429894424639
46259,247.74969721115116
46260,176.67367348089616
46261,506.40907328720436
46262,136.25939121538968
46263,230.23352045331492
46264,94.56305881681226
46265,302.2199130045142
46266,205.26833231885047
46267,187.0775638611619
46268,784.6529809788632
46269,166.11898447248015
46270,218.66177347469244
46271,115.76040884547862
46272,187.44291254449286
46273,252.9091826173454
46274,139.4612030792808
46275,184.07539336881243
46276,118.56098727730516
46277,309.4125363767473
46278,134.97015058183027
46279,106.56650144599466
46280,119.05921102434633
46281,231.5969809687194
46282,175.2113247691126
46283,267.3711001285695
46284,159.37378295839892
46285,345.51985624713797
46286,216.82467781633972
46287,191.82960482821574
46288,1542.5311596142633
46289,274.12861918207375
46290,112.1761826443636
46291,126.71538415635737
46292,1085.1081990016212
46293,243.3413909543057
46294,150.72412729176813
46295,572.014867576952
46296,206.31852212652285
46297,239.11594823578685
46298,471.84267744653454
46299,435.5516365178365
46300,242.6105424473041
46301,119.93649572309154
46302,121.39075073014764
46303,595.0898163106139
46304,203.68734811803085
46305,168.57191127152467
46306,187.15090220993136
46307,313.13325344840194
46308,174.3957666588437
46309,520.9953235107391
46310,201.85980878520397
46311,402.9879224013558
46312,219.92999578536794
46313,149.58068724354433
46314,409.6351134287961
46315,122.50568136984973
46316,140.0140508549339
46317,271.6308747129532
46318,220.7295987459334
46319,212.41263177461508
46320,176.53819735977055
46321,281.3889951745453
46322,248.57422958343935
46323,181.01498990433862
46324,108.53481751024667
46325,244.48259824447823
46326,280.4677964274956
46327,105.97199301217148
46328,326.4881172555638
46329,212.24828543726292
46330,115.65792916905903
46331,137.37819714786283
46332,254.67923344825576
46333,127.05163354557564
46334,212.18409461120848
46335,217.71953299263083
46336,290.22088086898566
46337,359.96488346182156
46338,622.7009457153317
46339,227.19189555119831
46340,196.48146064414516
46341,224.2186359799408
46342,216.25400510746456
46343,458.0827113070194
46344,412.18229067387296
46345,198.18174120863486
46346,142.04641821102263
46347,209.51045237313315
46348,182.34467627021468
46349,364.7592456615673
46350,198.04111251852316
46351,244.87300832634799
46352,182.55356601911777
46353,174.50122170337144
46354,135.21965041330583
46355,177.92137752797126
46356,178.1474898109448
46357,123.22729442707352
46358,476.7076152846072
46359,207.91216376173023
46360,273.1579347046833
46361,193.22541168518526
46362,470.0631152202562
46363,262.776769953812
46364,157.21750439364058
46365,248.48689697275228
46366,181.32583042123588
46367,252.4379036238697
46368,163.3243285852339
46369,339.1600133826791
46370,299.919933963875
46371,397.0791801573969
46372,255.09526302801947
46373,170.5006159351195
46374,984.044040484586
46375,248.7698337759776
46376,89.72031629456507
46377,143.8999047677942
46378,139.61739862491643
46379,179.51948957523362
46380,193.9087433348067
46381,183.14588813311715
46382,196.65901079376314
46383,109.24583758277312
46384,125.11740001748042
46385,393.25417258595684
46386,184.52464305053692
46387,225.15253863153038
46388,472.3269890938796
46389,260.8020330395934
46390,322.02097625155795
46391,419.7817372921164
46392,196.93199824774462
46393,144.06852538983028
46394,273.457354214941
46395,236.64882589401554
46396,198.62284545057472
46397,162.61350695262675
46398,357.99307240697834
46399,349.4444249031375
46400,666.8715027196598
46401,334.4952498780987
46402,171.968282596389
46403,172.3536576229703
46404,220.1194345745282
46405,235.0898348503074
46406,248.1636403391649
46407,324.8389931332498
46408,534.957886668303
46409,282.99716755351096
46410,153.1252043731765
46411,150.611638056153
46412,128.0668921584358
46413,199.1088633581124
46414,209.44047664651933
46415,190.70676273655215
46416,283.56423562311244
46417,137.23755676257304
46418,1316.2475975507175
46419,77.57510345273244
46420,149.15969244701083
46421,319.5199569724558
46422,181.84946526162588
46423,364.15403056667054
46424,111.64999801135723
46425,248.8512997608598
46426,252.31505341099754
46427,142.498376400984
46428,215.15325594072306
46429,86.51511742889976
46430,256.5614200335026
46431,269.0396178572412
46432,197.44297836435112
46433,98.9676377718876
46434,211.23950930266736
46435,330.63266486463215
46436,300.4429785308698
46437,287.4825373938018
46438,180.2815564281324
46439,789.68332819874
46440,95.06377344245459
46441,310.380763891092
46442,127.11202970302152
46443,148.2026931876552
46444,242.6399087385964
46445,272.6714272013235
46446,266.3005578554232
46447,237.23992258659493
46448,668.261575012024
46449,192.82541266722822
46450,556.5059975335449
46451,144.44575730395354
46452,146.79499952053334
46453,264.01539902145834
46454,137.95086785860147
46455,158.96083080707322
46456,685.9630207546273
46457,346.1894241915606
46458,173.85344570875583
46459,341.7543177229659
46460,462.90125545336537
46461,146.20270958893963
46462,133.74805465372702
46463,332.4492314066088
46464,164.3105114679904
46465,128.33693701517208
46466,790.9969523576898
46467,241.39910733875215
46468,207.10354070819326
46469,589.4021005575974
46470,962.5759071092225
46471,208.03494041935386
46472,310.8944624610409
46473,246.58819501526895
46474,236.01596315665628
46475,154.3123775314264
46476,118.6951713410301
46477,132.40686435769197
46478,545.877971645222
46479,598.4432691165663
46480,228.5712068010582
46481,120.55471577221498
46482,145.30998363392547
46483,267.86262392955615
46484,135.84612599079918
46485,178.19238210071435
46486,218.32097200632168
46487,253.13275384883457
46488,315.0553042258382
46489,104.23019189093482
46490,442.39142150379564
46491,232.28431926048918
46492,244.28147532935728
46493,268.9469547155158
46494,594.4560200025026
46495,177.2024041454244
46496,280.5127185634074
46497,221.8992138785754
46498,1110.996501532754
46499,364.7072554010882
46500,168.8759979004939
46501,160.14662155999557
46502,133.27266281268265
46503,284.0140351314427
46504,134.828776403087
46505,158.93263658184526
46506,198.74248179004397
46507,119.92620608717903
46508,483.88818429349527
46509,255.41944084722437
46510,109.93962167110803
46511,101.71760308694641
46512,115.67440902189355
46513,116.10439280315846
46514,300.0242314282062
46515,175.65795246274732
46516,265.9846779038589
46517,132.73246516439386
46518,135.43508031594746
46519,631.6201233101783
46520,123.03734288652494
46521,258.3352862706282
46522,195.11423706089158
46523,169.7439830206139
46524,120.32190900108836
46525,529.6503975630596
46526,163.0314038304626
46527,1222.4940287134352
46528,191.18265502485403
46529,157.28968721284738
46530,267.15245974938296
46531,260.67223043534676
46532,222.99266380552
46533,629.6420959212845
46534,189.00281311754142
46535,217.4579848620427
46536,188.2886290274377
46537,483.66815323025554
46538,636.9914330677001
46539,172.9300919280078
46540,1141.5434392704396
46541,248.355164011762
46542,113.4468782669583
46543,123.77222921289571
46544,236.2664442629657
46545,298.6263836353936
46546,156.5498816392734
46547,359.30066958875244
46548,202.94829354824378
46549,212.36380574686984
46550,220.70236183963345
46551,177.96035552180138
46552,237.38505441698993
46553,204.52444415309043
46554,174.15684949938054
46555,239.61833793593883
46556,466.3464760659249
46557,144.249988082784
46558,227.66817863232382
46559,90.84649142973005
46560,514.5999107642834
46561,421.24511343904214
46562,147.3056552031552
46563,179.19009867046032
46564,165.32413579743547
46565,131.19579269535328
46566,109.69236915364108
46567,265.68019957651944
46568,155.27238965816179
46569,431.36434584111197
46570,202.07082343735726
46571,130.72146918551857
46572,341.4321990400436
46573,248.54287207779458
46574,166.19358666808841
46575,203.45564660919425
46576,697.4493311205221
46577,221.4759401897513
46578,943.233410884988
46579,181.24787302296272
46580,194.41271520236586
46581,151.6380903304345
46582,131.15381272243613
46583,238.5522732677771
46584,303.46590298906307
46585,1766.8947751547169
46586,225.9283980587014
46587,131.1745093491672
46588,264.35013829632476
46589,280.0380676583134
46590,229.57691426512127
46591,174.78381741781504
46592,220.3316795848953
46593,132.72288679635565
46594,167.24575693797328
46595,162.1391962637971
46596,263.93485977380294
46597,176.20966311955428
46598,211.53009583462577
46599,350.51458899782364
46600,400.87479043371115
46601,338.83540613417176
46602,369.2780114323072
46603,152.72287388308195
46604,378.11887787761316
46605,187.2950547533082
46606,189.47027600894404
46607,58.96556803347112
46608,250.65211226099876
46609,220.57414409021126
46610,234.19724151230284
46611,426.08399762066813
46612,156.833896498458
46613,161.31775391557997
46614,108.50776621825939
46615,288.5765808731501
46616,190.23737131884224
46617,389.169228656587
46618,130.29183278089693
46619,131.48530970092338
46620,276.83343919074383
46621,214.09073239495098
46622,214.9309568788436
46623,84.50850718677565
46624,181.26573442133795
46625,305.31004346875966
46626,340.3637747736456
46627,286.17327741266905
46628,201.63954823565308
46629,197.87177790303133
46630,268.946594942857
46631,197.49838196783284
46632,347.7783320824424
46633,237.28820465604704
46634,294.7066455316531
46635,212.08512532345958
46636,549.5323137917497
46637,239.95876555121353
46638,127.66371042232876
46639,404.47565196619473
46640,384.5358430380956
46641,361.37918487081214
46642,1243.8954180257556
46643,733.5893455866677
46644,222.17851531215052
46645,523.9593747254235
46646,144.2736228573743
46647,310.5403257791372
46648,276.570846466458
46649,475.10856828241015
46650,280.811018114367
46651,141.77033042091986
46652,186.90219330770566
46653,137.93017698725703
46654,413.8557608731702
46655,631.1490341123956
46656,182.16088518235162
46657,140.37204107491826
46658,365.1928042419568
46659,375.3443451113886
46660,198.1622441683822
46661,242.52997903656953
46662,277.12037920977065
46663,209.98588688651714
46664,247.69372173636847
46665,91.06624258039034
46666,137.498416141239
46667,235.91785741748782
46668,247.17743299751425
46669,280.81644054876864
46670,194.5261730029765
46671,522.4103232021514
46672,109.41648633895973
46673,237.83644598335292
46674,95.87795176861208
46675,386.4926835587638
46676,168.53852165387374
46677,529.9817824663627
46678,104.27824398879072
46679,139.38693940988418
46680,210.35693501113892
46681,286.5057607309313
46682,198.35549419199322
46683,132.47375512712503
46684,160.45419400515644
46685,415.71380857218867
46686,132.80675010996669
46687,303.0086039804981
46688,190.0935837502872
46689,140.52359118159148
46690,130.84013137177408
46691,149.3478587427698
46692,83.61265609084953
46693,133.25718817217862
46694,499.13669325325867
46695,270.16757162376604
46696,206.74951092731928
46697,115.84088533808637
46698,142.8007823606327
46699,767.734198684133
46700,83.55335706798132
46701,120.55480285027477
46702,267.7841109890604
46703,127.2023174303109
46704,189.44538358883332
46705,108.95143719161746
46706,278.73241735389234
46707,489.493997137394
46708,184.17139454353938
46709,175.39934301917154
46710,153.86827175034068
46711,238.81637417418978
46712,261.4653800629045
46713,317.47232370798764
46714,406.1021504373981
46715,215.77711163634265
46716,289.9788706364503
46717,273.8930892649245
46718,232.29023139942436
46719,159.97877599893226
46720,137.38065242865542
46721,191.5646955971099
46722,209.6969966444961
46723,301.3897780170169
46724,112.82405855917203
46725,440.8924826870083
46726,217.31351299106996
46727,166.00029816998168
46728,227.05869541892108
46729,123.49339065529638
46730,129.8895176801546
46731,433.1937778759446
46732,189.98366233650643
46733,137.741837921905
46734,676.603632551906
46735,119.43973297306762
46736,204.02419825039755
46737,243.95412386006927
46738,306.5252975032071
46739,209.1780886671014
46740,298.8218019674244
46741,141.2773704935808
46742,113.02788450613811
46743,177.6467884431866
46744,252.41052112316115
46745,243.1859876373796
46746,122.98324920474302
46747,232.55473232126266
46748,672.5780971358753
46749,144.79941049508696
46750,176.57832523414163
46751,130.43029229754805
46752,264.77248883288
46753,195.39382033103925
46754,283.53313636202193
46755,195.91800826083764
46756,147.96098167690386
46757,124.63906785840975
46758,142.09039529896606
46759,424.9042184150652
46760,126.26137277830514
46761,163.09554026547545
46762,690.7879610860876
46763,249.12277808031118
46764,179.14250040321093
46765,962.4591766260247
46766,174.52210459400564
46767,102.44693320157697
46768,108.30094917455335
46769,195.74841355533607
46770,422.27959645564226
46771,152.4168933118477
46772,465.13784951232367
46773,232.01680145094218
46774,223.62022209535778
46775,342.2983047745313
46776,157.16594961516194
46777,477.5893775046163
46778,135.55811918706155
46779,189.81369207596492
46780,602.8011199636572
46781,117.33904594327205
46782,408.66268810244406
46783,179.97645806066458
46784,178.49840147438286
46785,1048.078146535337
46786,230.82616311715455
46787,498.5328011949323
46788,136.05662294899383
46789,178.06219318765952
46790,295.7195780281406
46791,303.76316647769113
46792,77.79162013690936
46793,595.6442464575557
46794,164.26950770967605
46795,161.4185545506635
46796,151.05467747382977
46797,322.22998040552244
46798,171.3134883129642
46799,147.27863766702598
46800,97.37187064178597
46801,174.3078691018598
46802,233.25960873464632
46803,190.21347590634272
46804,168.67187906820888
46805,170.9592898450325
46806,795.7697149833326
46807,132.04028279309583
46808,189.24971264774692
46809,245.56567742311069
46810,305.8155668166225
46811,85.54115293018279
46812,387.33290295028775
46813,136.45061471427834
46814,129.90546527611653
46815,506.4522796738766
46816,206.21337408293797
46817,396.76128949002697
46818,362.1806141936596
46819,243.5110400223267
46820,874.5930492340907
46821,138.02194319329183
46822,154.11625126095078
46823,120.51412127408578
46824,214.80234018577514
46825,232.86099925697994
46826,326.14279583009466
46827,161.59768386616554
46828,326.2456066404757
46829,569.5926492321207
46830,371.2701431540084
46831,186.6172992586464
46832,160.57167200457326
46833,654.647785977198
46834,227.66009579274956
46835,144.01226987628652
46836,133.40212258077258
46837,169.83667457587427
46838,307.69778779462433
46839,380.5121740164741
46840,407.5102774812585
46841,143.62965366776317
46842,918.2743512400835
46843,587.4698111293911
46844,86.3785151635942
46845,229.79598070235917
46846,147.525971640468
46847,217.98458410729532
46848,227.00003269941305
46849,182.44702047189406
46850,377.27322034710517
46851,236.07200927385892
46852,138.77774725222596
46853,199.87357786104448
46854,144.2595681270936
46855,89.75345677852806
46856,735.8479717821882
46857,255.16139278877966
46858,190.20838358368397
46859,177.82085945477849
46860,147.39441580655205
46861,460.0235982485857
46862,142.2997254867294
46863,201.5428068472712
46864,228.77944342453617
46865,269.224294947474
46866,193.13152115065301
46867,151.3300268093465
46868,224.2933020778795
46869,207.65150690242137
46870,239.99263232538877
46871,338.2666263411952
46872,321.5378918116575
46873,236.31678730790162
46874,194.01584243708888
46875,249.13026138598477
46876,242.71461256100181
46877,343.8033175426113
46878,625.9608135683659
46879,200.72138183589158
46880,485.5725346343611
46881,133.8445014023049
46882,327.98443393382394
46883,191.3628703005953
46884,77.50600597970667
46885,231.95367251896326
46886,279.0268374468373
46887,160.96614602579913
46888,296.0342987110862
46889,262.02187976570116
46890,202.24523599211716
46891,336.1087733930409
46892,228.02594461073573
46893,283.2376486647187
46894,121.49920323626945
46895,244.21401367982557
46896,791.4084253983773
46897,160.6442409102865
46898,154.15316769451638
46899,147.07720155854457
46900,278.2483488064133
46901,280.9258922871901
46902,201.2249861220571
46903,121.55648441874406
46904,294.344394043136
46905,229.98961249244505
46906,175.64136593818984
46907,130.92009320958735
46908,179.40917313245964
46909,123.51217386498463
46910,140.81192142392473
46911,246.83445268435776
46912,226.99390762880049
46913,280.59082520558087
46914,229.33356390338636
46915,161.00663920196186
46916,159.1204308580941
46917,175.9150965372042
46918,245.2890942718527
46919,149.65595821717739
46920,156.7330744136758
46921,229.57394885704105
46922,219.4776549269718
46923,279.6070025577759
46924,291.8078802297055
46925,304.41541238590645
46926,463.33294231489754
46927,290.22349034162085
46928,307.2484979711968
46929,105.4881107874168
46930,291.222513035018
46931,116.17412818099436
46932,167.88800585353877
46933,347.6510075691507
46934,159.30767924734306
46935,305.08759770326384
46936,249.79808381522975
46937,138.38950727809092
46938,219.56955193737292
46939,323.87764713688085
46940,148.9147701736371
46941,263.81953651501937
46942,176.41789502390736
46943,305.4690206594584
46944,158.92053794500046
46945,158.11065534442812
46946,316.18854950028634
46947,190.22928067248395
46948,224.28608962579662
46949,244.01990516371143
46950,174.98533383864395
46951,136.21387471314497
46952,196.80966940672366
46953,232.751152223791
46954,130.7504487932865
46955,165.12801345507006
46956,338.83696276504776
46957,200.22313303372366
46958,134.78321608627533
46959,243.74365907771113
46960,164.21176479426327
46961,175.7302741405141
46962,189.09637110881567
46963,225.67547906680818
46964,322.763283924376
46965,202.39993557427624
46966,491.8595224899623
46967,615.5152766892672
46968,349.6240163238516
46969,148.37601907952373
46970,139.50196685747989
46971,185.76386793960805
46972,370.411317641535
46973,476.2349482401415
46974,128.12696580121062
46975,179.7058475377697
46976,236.27044776687194
46977,173.81774554976144
46978,130.28644058464792
46979,223.60182819117546
46980,138.7057287395952
46981,366.91688331733025
46982,110.63960115112921
46983,221.14116397403694
46984,313.8309442807546
46985,157.2569922466517
46986,215.4893164570296
46987,193.31183419041272
46988,204.6432792457301
46989,140.82451538619856
46990,176.18305349082567
46991,444.05676883125835
46992,121.19494895631536
46993,155.98669651285573
46994,809.6318166702284
46995,160.87561292568378
46996,176.99170376768805
46997,117.90219986257435
46998,156.01966466196458
46999,115.42927792910973
47000,144.24079022513672
47001,249.89885537789405
47002,151.3649300589894
47003,280.65615151377415
47004,718.1056524124095
47005,153.47227028227456
47006,378.2719608076976
47007,181.06282970171372
47008,380.0445627485029
47009,110.01537820609781
47010,223.27019551194684
47011,333.78736582255664
47012,235.78128602333302
47013,149.03147845264422
47014,165.3071879105216
47015,260.31931783710917
47016,178.96374605182618
47017,191.66028798505775
47018,191.10254942868767
47019,237.96509518004126
47020,114.48121998330434
47021,143.51497192743963
47022,163.9185439880161
47023,521.9124995514965
47024,206.87101219978888
47025,214.09481075437833
47026,119.81235119144851
47027,284.43300289784577
47028,561.289382239613
47029,127.23225026344764
47030,120.1330055968581
47031,215.58504215363243
47032,257.0067584431108
47033,188.52265685404757
47034,174.83906014270764
47035,378.59825131535297
47036,232.95503568185086
47037,63.46935417100925
47038,142.78847847024613
47039,207.54442635420727
47040,247.90590272713678
47041,1191.1852260858282
47042,163.20033351569913
47043,181.6167128851157
47044,260.35092839979427
47045,148.2805658614732
47046,458.15357693316764
47047,442.7150916345224
47048,123.63396626020052
47049,172.17272199176486
47050,112.34561188315564
47051,475.9636385440038
47052,222.93985415113073
47053,122.63560255670245
47054,125.34799647324657
47055,144.79074785137038
47056,165.87731449448444
47057,222.94032843011055
47058,214.95832967081347
47059,249.73110831888198
47060,367.3166943026496
47061,293.69382657720934
47062,203.7735866048855
47063,141.93069525010043
47064,216.86482274629464
47065,147.6284936964374
47066,255.0508649339725
47067,113.79068234449903
47068,251.7331573591551
47069,529.5277343593224
47070,179.20667114983544
47071,175.17092698107524
47072,210.73979855847804
47073,186.96178544080408
47074,170.37770923518016
47075,220.5913770606693
47076,180.71105929230225
47077,162.55811365402732
47078,122.80355904921682
47079,110.65137320542823
47080,95.2437132307698
47081,351.0166890552193
47082,107.27210063881348
47083,648.7693650275432
47084,380.73452912704704
47085,206.53044568466703
47086,176.19901307342033
47087,206.1099021613922
47088,222.09220126804234
47089,240.4922379868136
47090,204.20505292122408
47091,280.7827127634088
47092,139.80944460651858
47093,184.58033309502918
47094,235.41931810217497
47095,112.77680570978295
47096,137.12178150578015
47097,339.9748090410966
47098,260.4728896923258
47099,427.2019235950151
47100,448.50020080734737
47101,271.0588981994333
47102,133.01741850448008
47103,225.4409946836671
47104,147.9410107672834
47105,412.39838269445573
47106,152.23792788132545
47107,161.63700177485302
47108,371.3078758375166
47109,134.87653750756044
47110,917.2345379566738
47111,166.64306907939093
47112,170.39612222380842
47113,115.25402727741049
47114,146.0086768530979
47115,700.8818254266856
47116,99.69918862951619
47117,162.05198559782275
47118,159.3047870164056
47119,133.16866048415548
47120,255.29006256439433
47121,266.6095358149312
47122,260.0609396767948
47123,259.41915470302933
47124,590.0836816937004
47125,352.1566949287443
47126,253.9835340996928
47127,236.14950225497037
47128,303.60379787489575
47129,185.73587538461751
47130,187.36873392290627
47131,251.40622014464526
47132,561.2607153486906
47133,137.07108009126677
47134,195.96736575983135
47135,251.18088943696577
47136,293.6770737983876
47137,261.0409190183752
47138,170.70871521695872
47139,160.0932145171619
47140,329.76670604162643
47141,211.61260677792754
47142,195.82369333213455
47143,633.2738775992802
47144,191.79520429930164
47145,208.08755015613687
47146,351.5649478798469
47147,125.57643749142902
47148,151.82032903499478
47149,191.90351539492426
47150,214.94020172631883
47151,185.37123764950547
47152,462.48251191951834
47153,495.54215599459707
47154,340.73246247421855
47155,197.87200019496544
47156,106.46604133623184
47157,158.048173707082
47158,115.27306772320684
47159,398.3786371155803
47160,162.7081610225955
47161,1246.2955775129192
47162,375.46715663522224
47163,224.89502347736973
47164,123.29386894789766
47165,204.2970645077733
47166,128.41814928987728
47167,214.06931736709987
47168,506.31414243185736
47169,209.8420039865575
47170,158.78030726028427
47171,135.69870345746446
47172,120.51349214931204
47173,159.80491701698705
47174,293.0456349629721
47175,143.1478759361837
47176,255.50926310211142
47177,214.79878359513378
47178,194.4237043249206
47179,211.71576823134225
47180,120.09058054359753
47181,289.13443158440134
47182,232.73206470007898
47183,280.86867316900805
47184,106.16796330781972
47185,192.60234577587698
47186,432.2919134582581
47187,406.58487033659793
47188,191.1008808540798
47189,201.59207338580995
47190,369.3846657572247
47191,258.2164903578664
47192,147.76839873993478
47193,674.98266257419
47194,171.45055492495564
47195,136.60298914768128
47196,276.9159230801857
47197,122.02408979189299
47198,224.04593122124476
47199,362.2135159644282
47200,179.27529902467933
47201,130.8056678177547
47202,290.0674918964068
47203,266.91213298431006
47204,483.48609501041176
47205,490.14220604295616
47206,162.0719274472715
47207,72.90622308773739
47208,173.68191940947148
47209,636.5010028105593
47210,133.8991197094577
47211,227.54836031738657
47212,138.01972126327473
47213,242.43147649055848
47214,178.97159526993926
47215,169.92250089804787
47216,270.144918896816
47217,409.33122151602583
47218,239.95876555121353
47219,221.84986328754005
47220,107.4523704774643
47221,256.06280402904264
47222,175.36763878263557
47223,239.37000196364482
47224,250.0300428989554
47225,187.38867154123602
47226,366.39652806939824
47227,301.1639227892461
47228,174.91067087465245
47229,118.89343315895508
47230,189.9137451230093
47231,379.42556424338346
47232,229.20290041276564
47233,374.70204679954156
47234,232.03468319948792
47235,222.87232753289672
47236,216.23004870890833
47237,181.23990392664513
47238,225.96469498256548
47239,176.38893087415042
47240,258.7657573846849
47241,150.14567390876178
47242,332.67532689121464
47243,214.10985327777584
47244,153.90880439973483
47245,288.0207653073949
47246,363.56556982740165
47247,856.5486732088348
47248,356.64137291990966
47249,305.9522305347695
47250,161.69749008913013
47251,170.40102538074294
47252,181.27531952530896
47253,161.05603668337662
47254,246.91390743480997
47255,173.36121776262652
47256,341.178128731569
47257,221.28326904989873
47258,100.33488254429847
47259,227.65901393178245
47260,280.69378710020453
47261,118.2332640416138
47262,146.91388476767503
47263,262.848940703059
47264,114.27080263163624
47265,228.6987651275028
47266,409.4456224040637
47267,217.33735717437185
47268,351.8575739099088
47269,245.00705812417002
47270,150.672957132698
47271,159.32697444603966
47272,234.1120970950353
47273,285.66984894102194
47274,219.62113166380334
47275,245.83378332452835
47276,269.40647054931515
47277,224.95857733710594
47278,129.3354929148276
47279,151.72735946842494
47280,193.35465503559143
47281,251.21561849263333
47282,307.9504422194498
47283,371.9442253159497
47284,349.6879411236563
47285,136.34295625956958
47286,381.2570582953821
47287,805.1794692449686
47288,230.96572685570055
47289,129.75909572462768
47290,253.77068343655557
47291,202.60909442759976
47292,268.8134135249603
47293,375.36027148169086
47294,327.24409493797054
47295,250.21869388186641
47296,227.14926048403026
47297,184.2306440102743
47298,274.63359277443607
47299,161.0918707045892
47300,263.49182562336927
47301,222.09549251970807
47302,135.41005195591208
47303,130.09797157638465
47304,229.17157370472103
47305,240.46630230276006
47306,261.6323105467384
47307,207.41109747025914
47308,286.9897370667965
47309,395.4088784221685
47310,394.7449379986881
47311,726.2587099733174
47312,199.52911641496783
47313,229.96795716788716
47314,1492.6817610033654
47315,226.55431920486515
47316,658.3088950150185
47317,214.83436304511642
47318,253.41357101022652
47319,394.5103881031023
47320,194.4676294443247
47321,254.96218312076772
47322,374.2937427712426
47323,183.92869650860013
47324,321.1590083856809
47325,136.70772275154613
47326,173.6574792798573
47327,163.6035926254457
47328,275.71335557530904
47329,184.72074956167012
47330,512.2945809445548
47331,248.37622373509257
47332,265.1552978370921
47333,144.221732080646
47334,180.5491915991919
47335,263.77144257914495
47336,343.1199076424083
47337,370.18638360203033
47338,129.12805826267711
47339,368.228829738296
47340,96.38981483203484
47341,467.9547020489409
47342,219.6614370244262
47343,121.87865279268941
47344,234.0795022147186
47345,388.60814191791775
47346,137.95364482867564
47347,143.3219929806852
47348,117.86918407773472
47349,166.8264136540094
47350,292.72439434577234
47351,147.31513817801908
47352,393.39028613460215
47353,102.58487192197197
47354,141.54244035408573
47355,364.42207871915184
47356,201.52339515196982
47357,178.56644259041704
47358,175.40489348917257
47359,167.54063575868324
47360,264.741928758664
47361,190.06981103959097
47362,175.03398750825787
47363,167.91497862483092
47364,223.72421760829255
47365,86.34941736047966
47366,354.975451491321
47367,159.7378612611851
47368,131.32014950083504
47369,449.8976099645108
47370,177.01257910421938
47371,305.963670069538
47372,891.8745685662988
47373,156.160244043747
47374,371.18205364084565
47375,220.64606990661315
47376,237.91486757343603
47377,419.68426579940353
47378,226.07217480101787
47379,230.0630844042449
47380,250.62266976139279
47381,576.1317197327534
47382,312.635661178587
47383,93.73204570302993
47384,412.5842649530858
47385,118.79836541355346
47386,129.42815957426126
47387,291.2716600739462
47388,222.09827975051266
47389,139.34863888841755
47390,232.68956048463215
47391,805.2399814100951
47392,191.9742947722875
47393,109.40383618357934
47394,290.3652387745065
47395,207.5646486737548
47396,190.78777432107034
47397,178.78359904774007
47398,160.8060160458903
47399,114.62631375697119
47400,268.11492202335785
47401,308.27127672564086
47402,292.0032584033427
47403,112.12317036069628
47404,162.45060501755339
47405,317.05111639930163
47406,114.28544037252675
47407,218.2920561205253
47408,1046.5439686026864
47409,396.2198741340742
47410,728.3616681587673
47411,553.8662209577785
47412,175.8106606351143
47413,190.66303383214628
47414,104.71180667711721
47415,437.9680640859201
47416,259.97930180593244
47417,94.9467591172041
47418,203.4525682657526
47419,201.46531251283446
47420,132.4558953157025
47421,196.14742569020592
47422,606.2850879555256
47423,213.33754674662907
47424,315.94196793926363
47425,287.33269347692726
47426,129.21704767036243
47427,316.0008435182664
47428,362.53633766654474
47429,533.7770101797645
47430,551.0368087509235
47431,195.93790426687164
47432,245.42061895772943
47433,139.23355757327633
47434,173.57598768833589
47435,359.1729068046997
47436,231.89383585439637
47437,132.39205658693194
47438,367.2944088285877
47439,299.348207951246
47440,210.73462255427066
47441,314.4297252997156
47442,133.46024858243345
47443,224.2751216367599
47444,316.3748223308434
47445,254.4033971037787
47446,114.25975793413768
47447,107.39857654667995
47448,124.326954384402
47449,238.96148535295956
47450,205.86512444941252
47451,177.3986804690977
47452,681.9244464994028
47453,223.35668087088902
47454,155.7669315380886
47455,346.10528554564655
47456,289.8287193388405
47457,291.3131961484816
47458,553.1543784536387
47459,257.200130961476
47460,247.24206342426243
47461,164.15046322220914
47462,347.2008129053855
47463,432.17023144154746
47464,149.3106450343219
47465,392.7357816446403
47466,408.212078313833
47467,272.30432405158075
47468,310.02193768567247
47469,5758.566411672339
47470,217.41946253045404
47471,344.62741967354236
47472,264.6319609199593
47473,148.13083284560867
47474,408.4849802934071
47475,194.17273137317878
47476,538.2756262120047
47477,219.5500552836349
47478,255.21469032442536
47479,571.0307680218594
47480,169.6047889708444
47481,149.89531073301708
47482,503.29558574699064
47483,381.79412090318215
47484,966.8280819622917
47485,219.43489751375301
47486,1256.0072285898532
47487,125.15916665677796
47488,588.6361944242427
47489,202.6393331551716
47490,337.0095019148419
47491,189.75328119259956
47492,243.83813342059943
47493,106.91599516571947
47494,298.08330467996797
47495,117.86769916031007
47496,119.41108722555913
47497,226.5131062694162
47498,183.90027627254338
47499,142.87001197011975
47500,110.41102403515299
47501,181.74940318951215
47502,203.23583680460862
47503,275.1318778476797
47504,157.21071079595876
47505,149.5647563483861
47506,163.59084908286616
47507,285.49420409577135
47508,191.71511377798168
47509,215.01171906832886
47510,1333.7544050190227
47511,1032.9714508795826
47512,233.93256230979006
47513,198.41666633935682
47514,293.18452468087037
47515,549.3280199408321
47516,351.49919068869207
47517,465.3838613313998
47518,208.1388396275864
47519,136.63505583692032
47520,191.14292532912643
47521,129.4844592499061
47522,361.938259924466
47523,562.3313827307211
47524,199.89044017797008
47525,346.0834130920601
47526,175.26721020379736
47527,184.3021901042466
47528,269.1004835575731
47529,337.96463547797543
47530,223.78886253858667
47531,259.8994413174998
47532,489.74975776350163
47533,215.57347175133313
47534,353.5791733140001
47535,169.2464074334706
47536,499.80118007509134
47537,226.72893627465248
47538,322.2162540381551
47539,259.5396672242651
47540,1036.479306394739
47541,141.4715747305952
47542,237.91985635472167
47543,353.4509924359604
47544,231.75701107395116
47545,296.46347420181036
47546,565.1741627196247
47547,294.80899314880565
47548,299.4152831061496
47549,1119.3408908459573
47550,358.839899720483
47551,220.3372617460134
47552,106.62917492528287
47553,141.50624825792752
47554,206.03135477302527
47555,192.04706522130894
47556,678.2378386896576
47557,184.45400968140976
47558,194.23397770127013
47559,191.98959506670684
47560,173.38855188517672
47561,128.2326765163684
47562,128.31166457071765
47563,98.58282081169997
47564,171.02904768371292
47565,227.7930056081039
47566,263.4763228246285
47567,138.04982262709936
47568,269.379883434965
47569,126.46046465570771
47570,163.35498242528524
47571,753.033668300097
47572,210.76262183600178
47573,75.64784442472546
47574,136.0290115590315
47575,246.04855489442198
47576,203.03101710450366
47577,120.11335716075071
47578,231.29343856057324
47579,97.7104455630851
47580,274.39649549195235
47581,184.48607455014815
47582,232.53976153299877
47583,210.40865547833386
47584,744.9230038677852
47585,168.38754426266127
47586,195.47507808908955
47587,115.30478678419169
47588,277.9525372001201
47589,332.35310893425947
47590,210.89774579045755
47591,145.5733248876633
47592,93.79688367870685
47593,211.44536090457655
47594,125.81749894385945
47595,153.43537806738885
47596,272.1728193269202
47597,222.24316492880837
47598,123.04833370803246
47599,322.92889557631787
47600,255.04102719068132
47601,223.20959865999546
47602,191.22428129052207
47603,132.00256343808385
47604,591.9749042608391
47605,347.91333116524913
47606,345.6812060314471
47607,189.45289004958093
47608,203.47120320424628
47609,293.2306519127689
47610,449.2672958024643
47611,180.2721266968209
47612,647.0675900761685
47613,246.80748655422747
47614,546.692329680338
47615,249.70370342455243
47616,181.55876886141849
47617,202.43788619794918
47618,217.33096561005354
47619,259.50068647984256
47620,528.4044964815295
47621,405.2032592451334
47622,201.27341884692416
47623,342.00512387082847
47624,135.33358661309606
47625,200.14266106152033
47626,202.72903630861646
47627,122.13919682664127
47628,144.24981689300336
47629,157.698645910258
47630,159.70750932665797
47631,218.37179046688775
47632,163.15573375242644
47633,114.03256570139398
47634,182.83547267305005
47635,162.72025104925098
47636,219.15604359382144
47637,613.85490524887
47638,147.3166390666587
47639,100.70847704264783
47640,259.1649613400653
47641,106.64798999672185
47642,155.1120524798454
47643,351.22665255492615
47644,265.0484173942408
47645,366.1869500112691
47646,140.0618084795312
47647,179.87619588115828
47648,277.47119051401796
47649,228.00504216466308
47650,346.7528338723042
47651,245.87990155640384
47652,156.96708231165493
47653,209.19675486087738
47654,317.53752624150553
47655,478.5696321850997
47656,203.60295261841173
47657,160.9804944191392
47658,240.1514972509834
47659,231.63929938653672
47660,226.60270717754545
47661,208.2079308548644
47662,188.71991831986006
47663,542.8444411159929
47664,228.57346378973668
47665,363.1837923474009
47666,397.02505876485804
47667,345.0963741437181
47668,221.98791640327434
47669,149.12447766512824
47670,194.7265033993221
47671,238.79988780019372
47672,196.0858700368555
47673,173.68746487386673
47674,223.2103260297559
47675,209.59516454070823
47676,279.0193039219656
47677,275.6013811879313
47678,260.3413664180807
47679,133.09663629742198
47680,1359.6874784378597
47681,380.00904723077025
47682,268.31954921418514
47683,127.92783721203158
47684,240.30918372871318
47685,114.41324306320222
47686,438.1368808134059
47687,217.5375511106388
47688,201.74697628300422
47689,215.47303185047542
47690,364.3308925551489
47691,151.75317224323345
47692,181.6652835186173
47693,292.8431912282408
47694,107.41997711154265
47695,557.4766400967151
47696,300.33528072356506
47697,204.97006278533667
47698,177.85400280856047
47699,177.9863476252676
47700,190.86680598030765
47701,282.8036096443579
47702,270.60529336680577
47703,352.59500137935225
47704,496.42541954064694
47705,237.72068086102277
47706,603.7887851498346
47707,403.0838357531611
47708,298.39350096665123
47709,238.3675652398392
47710,308.7251131923665
47711,377.79024777171617
47712,496.5914784229275
47713,146.67514016449726
47714,111.95628697466383
47715,128.05231988101738
47716,280.9270098237244
47717,231.37165193585105
47718,95.24020199254076
47719,269.6880623831461
47720,416.09967108579326
47721,133.88067119727762
47722,186.58058542335172
47723,194.61961241807614
47724,425.0657640620049
47725,176.4244404501646
47726,281.9137632020071
47727,185.81233401925334
47728,215.50588760806554
47729,133.86963764797295
47730,170.35187081697347
47731,179.1093812067544
47732,159.58450487700492
47733,365.1345160106094
47734,154.26999592969509
47735,239.8272568935192
47736,304.5620508520117
47737,127.52213149718716
47738,400.4226488817709
47739,371.0163516100956
47740,240.1170304574732
47741,176.99928684740246
47742,1123.2777676089588
47743,132.42848139990872
47744,267.8783909143086
47745,506.2103600120921
47746,184.6344621686983
47747,129.78859703627387
47748,200.71783640761697
47749,299.162139172169
47750,280.64917970172434
47751,364.59990540420915
47752,277.00815178698645
47753,208.38834014443736
47754,238.4367918295783
47755,80.39153632387057
47756,294.55399652491667
47757,494.2814836922006
47758,186.35313445489845
47759,140.12412095659684
47760,313.70326484213547
47761,136.57390000218732
47762,224.48988541062263
47763,158.00037604273996
47764,186.8302492755949
47765,188.70319930077994
47766,315.4303418833648
47767,205.7540543544056
47768,621.5731296406815
47769,167.87168165499807
47770,164.20189063542657
47771,371.5755046659626
47772,220.74637042525686
47773,105.73138062345961
47774,268.10847936672855
47775,319.08984839470537
47776,624.2790096919484
47777,258.3449987188876
47778,160.5092302305518
47779,185.23127978413447
47780,133.41429694349978
47781,102.53488309062735
47782,757.7392299254078
47783,249.89130006045724
47784,1225.3166570531378
47785,217.7902514823277
47786,459.3623961187756
47787,207.47555292842858
47788,414.3331376643679
47789,345.53556676714
47790,96.12946345765022
47791,418.3399481586255
47792,147.26585043832984
47793,103.97047529993684
47794,232.45494769148343
47795,683.6018477545181
47796,204.33955419411373
47797,208.1635500211334
47798,101.01508812999339
47799,146.768009738818
47800,161.34201964051806
47801,271.97615239120483
47802,292.0136138713075
47803,220.44262735385797
47804,227.00061699792928
47805,312.248860225702
47806,160.78033759324464
47807,882.9469856539683
47808,439.0162810162421
47809,172.1060846023814
47810,403.7953585868426
47811,600.1251212986305
47812,250.5839252388484
47813,216.50620885784184
47814,133.48402372457153
47815,468.3878212146955
47816,240.1005977819784
47817,222.46562469086402
47818,112.93542716234188
47819,453.2335936861671
47820,119.1126877797187
47821,334.757662600957
47822,140.96996174630502
47823,109.98519723106135
47824,252.25089174893438
47825,206.52535032881642
47826,263.80387427128244
47827,631.5450038838717
47828,290.0256444527064
47829,399.4704714269308
47830,203.86703581866578
47831,257.7889948154349
47832,141.32643757028575
47833,226.26175776226825
47834,213.17920617764503
47835,143.61709753115514
47836,282.94140798772617
47837,123.01445375738244
47838,222.19412986576427
47839,138.4295876787916
47840,137.33365932312378
47841,275.50860802425046
47842,235.59141933347937
47843,165.75069244925842
47844,396.8565744767225
47845,208.69201837517892
47846,137.25333111487714
47847,136.6002433115688
47848,486.0640684816265
47849,172.8132309301155
47850,247.0736262068049
47851,654.6671437018414
47852,133.67966523246804
47853,704.3424631872787
47854,200.0012150775902
47855,259.8163177508223
47856,333.3179533595636
47857,567.9991860013942
47858,143.18949962200315
47859,110.1796185718631
47860,351.33118675215667
47861,109.52692956301726
47862,285.56795332596926
47863,134.19915700626026
47864,214.77391683571426
47865,359.88460679507523
47866,213.49574690594437
47867,290.9944767886067
47868,239.9327884764984
47869,232.46878955631365
47870,265.8031217273592
47871,152.73398832638708
47872,267.93117044685073
47873,203.17293691601662
47874,153.83521974087316
47875,317.0140355245071
47876,194.58144658649826
47877,206.55201204819423
47878,325.9626680648604
47879,2380.3012182315124
47880,197.61669804544306
47881,150.57295092980738
47882,191.16997496889547
47883,97.79932989544152
47884,86.4003041921802
47885,191.28812879743188
47886,102.01345219324818
47887,264.89543686952095
47888,494.6795289463818
47889,117.07442029372412
47890,1100.5214279491659
47891,350.98560787251546
47892,180.41136359800956
47893,175.12148903369032
47894,214.17795119189563
47895,144.1508058833163
47896,185.6679034273524
47897,386.86421433912165
47898,298.5747753180426
47899,205.24543377710918
47900,250.78819559245372
47901,527.2808879796116
47902,252.6601972498565
47903,213.7069247221248
47904,280.4047638716982
47905,247.4259492293876
47906,624.6624468722669
47907,514.5169992780997
47908,206.4240092659103
47909,389.08570837812005
47910,339.55135519531757
47911,388.62184819546394
47912,319.1731130015416
47913,239.20051745993257
47914,185.13771629789414
47915,139.90265966031495
47916,185.01181749133838
47917,259.12068278051913
47918,527.1441292698041
47919,146.056026291316
47920,253.01301728906046
47921,147.38101885692097
47922,102.5307463547629
47923,168.502471457989
47924,314.2902138725169
47925,249.15965509889378
47926,449.8485869843058
47927,346.30428877253786
47928,569.3526328428792
47929,177.6681391064526
47930,183.0046042402963
47931,124.45937912741023
47932,210.60924966083795
47933,191.60505551725015
47934,237.3837152548447
47935,139.00136994281252
47936,229.04774018170266
47937,237.62627746334306
47938,949.8129418481466
47939,301.60343419673836
47940,563.6791851672458
47941,343.96580314026943
47942,851.1854926210364
47943,135.89492539004377
47944,191.03836241063146
47945,387.95306399899334
47946,232.99395840669095
47947,136.26469966973298
47948,167.65675569308246
47949,233.95187527939447
47950,182.9381685492194
47951,236.2574363313209
47952,157.67223952979663
47953,187.3122808522838
47954,311.60222074561483
47955,267.97276494982077
47956,161.85061243688176
47957,628.4655471922573
47958,122.2053033246971
47959,174.38804686200646
47960,91.0492829565418
47961,733.9419859282426
47962,112.78612026767114
47963,182.4183188637891
47964,500.56796717689065
47965,225.41504686958314
47966,154.39427234942383
47967,461.73774683833847
47968,752.1686474795978
47969,121.84185320763187
47970,319.66278906314886
47971,98.90321082831237
47972,415.5211797593577
47973,248.3035663333762
47974,99.9337883305562
47975,490.83358213666247
47976,239.08695128689726
47977,135.44476067547134
47978,327.2574422125588
47979,244.0560400042635
47980,228.23674644037538
47981,100.50832241379057
47982,167.6319023392018
47983,265.6900971059459
47984,263.64658324724127
47985,315.49685722746125
47986,552.4515631246094
47987,230.34921723426532
47988,382.4176903189676
47989,510.99023790010506
47990,171.85745429886268
47991,1279.7872812463447
47992,750.1268823207758
47993,85.62207154093059
47994,347.74875820461847
47995,321.78074105234305
47996,167.73683191118596
47997,304.9723421834181
47998,306.9350832339278
47999,291.3343071632971
48000,153.22458336676044
48001,79.92429887629727
48002,254.4405108972725
48003,136.14650748562852
48004,195.49770423263547
48005,168.2735733597523
48006,211.12413973406387
48007,256.3254731228997
48008,231.13817368017217
48009,132.4665209832018
48010,565.0147971013522
48011,137.02192722282865
48012,295.2772545033838
48013,258.66830857528805
48014,176.7001036668776
48015,251.90904081471004
48016,100.73508518044454
48017,193.4422455055343
48018,257.92518886527
48019,206.8639841997776
48020,203.08667717261235
48021,365.3763773548855
48022,194.48027966644102
48023,253.3117783435024
48024,123.11357674241243
48025,112.72396251834452
48026,225.09493846733534
48027,413.07786922319553
48028,275.48674723487073
48029,146.827989040461
48030,140.89493798902933
48031,313.68688794907155
48032,184.4475664939654
48033,371.4032663406602
48034,500.64474576857526
48035,267.1764684600984
48036,166.0221848237295
48037,407.5760799759081
48038,448.67927270055384
48039,274.08597991902184
48040,268.3264934864721
48041,291.6976298528494
48042,468.92056872873366
48043,159.8528346785931
48044,104.52122212669565
48045,458.7581519633793
48046,220.03670907666304
48047,153.2772113555752
48048,348.0180322495902
48049,616.7790887262025
48050,119.65774904752978
48051,85.11018242266672
48052,166.91531969726591
48053,256.3817915176015
48054,202.54082738974193
48055,89.41892554134257
48056,100.21055218479907
48057,314.2742781905169
48058,171.49958853186203
48059,160.1749842012432
48060,439.507568613753
48061,151.63968423369985
48062,178.9433123724636
48063,230.91903021742598
48064,475.86532433565606
48065,136.8450257647141
48066,264.32305956734484
48067,199.09315107542068
48068,186.92511260388588
48069,183.9644629023154
48070,306.48989931606894
48071,429.808333185693
48072,193.65966458450828
48073,260.43128469507445
48074,227.16106854956297
48075,367.58356769628534
48076,1695.64854247863
48077,164.44877507313248
48078,200.70670632562704
48079,437.03175332737965
48080,318.0343743693375
48081,668.1051272109343
48082,203.15937556612323
48083,447.4457202902301
48084,169.242838687875
48085,86.1588933613973
48086,124.46907420620572
48087,300.38740282405075
48088,83.77710790204253
48089,502.9690885897816
48090,256.84617548584737
48091,423.7507109554655
48092,392.8683616329413
48093,281.7239599974351
48094,176.37767449391467
48095,194.90212233706708
48096,406.9547633780398
48097,611.9297540748388
48098,198.03553483560626
48099,466.57494586480504
48100,239.06128936180835
48101,331.1393663490337
48102,194.88620241741583
48103,239.0956480603585
48104,298.68300790354914
48105,140.47874928361986
48106,438.0229486214925
48107,292.2494844511776
48108,253.09896968331896
48109,192.51099610242048
48110,213.16723429778355
48111,142.20328763129703
48112,1420.3196864200047
48113,210.92319435897198
48114,230.10231888206016
48115,124.05626024847935
48116,154.59266898148692
48117,157.39451878965588
48118,87.92957610738131
48119,170.1815253248438
48120,72.45190869375814
48121,114.13772978092416
48122,189.73559835835368
48123,98.66180000077232
48124,810.3518658388772
48125,97.8385273605338
48126,337.19400832670186
48127,200.9798485220935
48128,119.19500386155393
48129,171.85451469229866
48130,145.24796522795165
48131,144.67552123802827
48132,161.48980063243846
48133,194.44953842255273
48134,125.60533998724068
48135,306.60556425644506
48136,298.4380092268643
48137,122.95458796924821
48138,155.95729619692983
48139,169.77631095928257
48140,660.4837260099573
48141,255.6807497487476
48142,253.44435072033144
48143,382.40551048676673
48144,527.5541648002667
48145,329.2400849919136
48146,254.56245662937374
48147,229.37982612024544
48148,290.3286765947842
48149,407.30782413161205
48150,142.1295530525338
48151,191.26947810246855
48152,204.19054147953736
48153,118.90804465233721
48154,253.37113250207358
48155,245.72399511192017
48156,255.44743630857872
48157,169.41632059156393
48158,239.80547040496498
48159,262.01721291392323
48160,206.5380878302178
48161,88.41862768767456
48162,307.13418298645445
48163,204.44971665346915
48164,422.106340973165
48165,350.9039157087004
48166,221.83961022152664
48167,453.0516108845323
48168,124.0548706634676
48169,140.03973355380788
48170,174.6073125000341
48171,116.40687939556884
48172,392.6387241455075
48173,199.80029283001758
48174,121.07836161622784
48175,415.86408115921665
48176,153.61926801637904
48177,167.19350584747698
48178,629.1498640709573
48179,182.55965074772567
48180,224.52957971092877
48181,227.76771649160167
48182,528.9198732007634
48183,440.6522983611866
48184,291.1588032012938
48185,129.72007043665712
48186,125.22940942301189
48187,142.6218772165133
48188,226.4491454551699
48189,465.8778837703412
48190,216.21046062979147
48191,359.625925360488
48192,169.3796230911432
48193,200.77513025259543
48194,223.9838660679135
48195,371.54654054780093
48196,239.52727526726125
48197,231.66163926995216
48198,177.81843200362886
48199,131.35158662670017
48200,142.95407273690577
48201,262.48540125987296
48202,180.9781132838057
48203,498.5804170076116
48204,157.28604803491223
48205,171.93982173645375
48206,254.50457131834068
48207,238.75802833255423
48208,409.5279968779757
48209,133.90853255019854
48210,118.28240589383421
48211,269.7417194598753
48212,1153.118730256008
48213,119.44095817575699
48214,142.99035867171682
48215,389.48332034733517
48216,241.65615238343574
48217,200.87972304887202
48218,326.9127934267834
48219,233.05269000359363
48220,147.2267460018676
48221,185.23479356455263
48222,112.93902899656298
48223,396.1224366908688
48224,426.95435602604556
48225,154.26624735789161
48226,195.22117577857972
48227,245.6455012453824
48228,183.5407737872008
48229,234.43122032879296
48230,158.7711695395803
48231,436.1838764120866
48232,187.3038329997001
48233,241.65720215084085
48234,113.53975820401236
48235,141.99061281317566
48236,167.42698336230268
48237,395.796473527658
48238,276.88901600083756
48239,161.80970597008954
48240,675.2746099858168
48241,318.25753273910345
48242,225.03431973435752
48243,207.66120217719515
48244,219.8830846979076
48245,101.1864839388895
48246,733.0614544499971
48247,471.11243148199657
48248,191.82469637217457
48249,280.82964885107685
48250,158.52397207287197
48251,227.30106824854366
48252,239.54294090011678
48253,183.74152717362477
48254,264.94170228033636
48255,495.68044361248064
48256,210.025426574378
48257,136.60971546381418
48258,183.0905788152495
48259,182.5194043543886
48260,219.72233802939365
48261,169.09633466143046
48262,119.3245025268841
48263,1344.7967972807535
48264,140.47111352397792
48265,208.88367071311566
48266,138.0843482858739
48267,418.27007426449154
48268,247.71745493486284
48269,161.75713334966312
48270,137.00110017551157
48271,373.10771212077094
48272,320.301178534074
48273,257.6390773541885
48274,224.87912140024733
48275,290.4175139998901
48276,320.03691838870964
48277,195.94446928264344
48278,386.59163519573957
48279,157.47380556932717
48280,173.48345396461332
48281,267.8004015629689
48282,650.2720738595464
48283,153.56228933045475
48284,215.78038729253834
48285,579.2837673017643
48286,156.43753690325647
48287,572.5886228531525
48288,139.37116352768845
48289,325.88520960796745
48290,140.38376944181374
48291,216.52821150580755
48292,134.76760595964748
48293,840.4505997178427
48294,573.5432953310569
48295,152.99813211667941
48296,275.51028194893536
48297,125.13709768324145
48298,689.4638811474946
48299,342.7067918461596
48300,190.42988013499743
48301,650.958089971348
48302,184.24734516492455
48303,1061.0093784383628
48304,563.1279453549879
48305,221.01721832421993
48306,120.81056863145639
48307,457.88826523612823
48308,331.64956335937813
48309,141.58374045606044
48310,190.22951454197548
48311,294.31644719367665
48312,248.80574979583503
48313,165.8681879679809
48314,133.16537038470076
48315,140.7536810335187
48316,730.5658466603841
48317,224.6505808417077
48318,67.71657816648379
48319,217.15178543861026
48320,157.6606402917692
48321,184.72337923816602
48322,289.53431732618924
48323,682.67751332703
48324,340.0172495210174
48325,200.28094032124042
48326,301.1960547714471
48327,271.05432745001906
48328,100.27097453812013
48329,351.1317076046409
48330,134.28584165848164
48331,144.62441706724715
48332,340.9451819824043
48333,105.49542426760297
48334,244.00960681214752
48335,244.3500025085988
48336,187.19031952821433
48337,214.7668351515366
48338,243.43552013731258
48339,334.1404872051143
48340,126.54682612643462
48341,723.8506435731734
48342,196.29076259367775
48343,250.33102256847425
48344,229.58723296847313
48345,249.6106974726215
48346,275.03545513401133
48347,234.43857839211242
48348,307.31504578853185
48349,361.1989497566706
48350,402.2399276339722
48351,469.3656995942715
48352,179.9413862289822
48353,272.662994937811
48354,211.03129728927712
48355,228.25513587932554
48356,338.0324163037379
48357,159.45996524956342
48358,265.1231531801726
48359,224.57639975819754
48360,398.89590901482154
48361,294.9370629935124
48362,374.49904006288983
48363,189.13248519756561
48364,370.411317641535
48365,122.86873058554906
48366,151.67540669646962
48367,196.6526912756788
48368,162.55248937399907
48369,432.20785893858795
48370,159.05577553521113
48371,529.9817824663627
48372,257.91284949183034
48373,290.7656930474364
48374,512.084214182367
48375,346.3393537349138
48376,210.94740231441145
48377,183.05981126772625
48378,418.0477202036932
48379,283.24339719732365
48380,224.3374873904236
48381,164.62082655396821
48382,149.17014797361836
48383,241.57530700170463
48384,125.95653652481641
48385,131.47025482751152
48386,138.11204519870853
48387,140.9003532121054
48388,219.59535726280734
48389,371.6772481626722
48390,497.40883090174157
48391,301.54521696373365
48392,233.6184288012267
48393,140.9483423891396
48394,310.0509117996841
48395,116.87603037751676
48396,212.1179133914219
48397,439.5002989139546
48398,232.10702505925087
48399,195.1230530579046
48400,282.1713994010059
48401,232.92663826230333
48402,159.37496307793091
48403,188.63121713579667
48404,250.96824404185057
48405,142.60785079685837
48406,128.0124125534702
48407,230.88364967023654
48408,223.18070452217216
48409,264.1148717658965
48410,250.1770174246515
48411,163.61641241056955
48412,1075.6173589756074
48413,313.9735749548244
48414,856.3843512499878
48415,587.1869761214111
48416,201.89782719152274
48417,107.77569615699234
48418,234.4963716159461
48419,377.7031745848311
48420,157.96248146086631
48421,134.20426510656912
48422,305.14737359821646
48423,202.50385925974652
48424,379.27752422820174
48425,269.8046119927571
48426,905.6838725935114
48427,173.34605850022686
48428,270.6491662471503
48429,183.16401783068216
48430,501.1589918913715
48431,132.33897220757032
48432,253.28486390525168
48433,377.93283076514274
48434,1373.900757007257
48435,142.7769919970523
48436,100.57244504673206
48437,314.8931214924906
48438,503.56011751570713
48439,251.57261570812753
48440,92.3330415577866
48441,133.8047976097605
48442,240.43656290644753
48443,531.1628734963222
48444,202.10266365191404
48445,237.28849161712014
48446,329.84509703711103
48447,396.03276489956056
48448,142.82669618502226
48449,213.6520799712134
48450,564.8479819733171
48451,211.2357834863869
48452,119.75556126615943
48453,315.9900628045156
48454,187.73743049338356
48455,107.73863428167282
48456,152.75146679114505
48457,144.0165105853082
48458,132.3547430539779
48459,557.0770911403924
48460,233.16581475266645
48461,193.1481270165829
48462,158.38613585951813
48463,228.9403706459513
48464,205.55524403243217
48465,240.4833377369054
48466,194.3423464812067
48467,163.01032229021746
48468,508.8913017917339
48469,113.06274198356304
48470,243.49663246773355
48471,173.27271784661713
48472,265.85744658257266
48473,196.42141285314267
48474,139.13259745771072
48475,245.28390109109307
48476,189.2770646208754
48477,327.54045208793553
48478,817.9731085726438
48479,225.8023023711592
48480,180.24849397869286
48481,396.3765489062831
48482,124.37966848793482
48483,199.0958805646233
48484,652.8667889033242
48485,149.27497653911703
48486,491.5095718408646
48487,139.87700957598182
48488,178.34364183838505
48489,186.41723338697477
48490,201.2427358347084
48491,197.6850261217768
48492,153.89759723903055
48493,182.6222727544801
48494,205.50758438926883
48495,558.6692854328588
48496,114.69100334152354
48497,209.37563416394124
48498,145.217820364587
48499,189.42607004273154
48500,225.00459521960298
48501,295.7832864058473
48502,103.35144217553581
48503,152.67820510824956
48504,226.5796456291967
48505,315.3416884568124
48506,163.70928573663736
48507,403.7249571779359
48508,304.6620691531418
48509,242.9279023354066
48510,1160.037175973067
48511,161.5021161244904
48512,158.5310065118967
48513,277.9719172183499
48514,238.892758174215
48515,124.48981460589138
48516,202.4454781490133
48517,520.6658151913821
48518,594.2976411765336
48519,446.51799826424224
48520,196.3794434909895
48521,184.1763032144803
48522,146.12276352883566
48523,119.19133929131401
48524,315.77603026096756
48525,288.283735926498
48526,239.93315014199675
48527,444.66810600121227
48528,669.3946522763085
48529,391.4048509382391
48530,462.627187912736
48531,196.51764968132588
48532,171.0941016248956
48533,164.0027781440261
48534,124.605743747373
48535,128.58942691305765
48536,232.97774504189425
48537,128.74073291815606
48538,409.01283927022035
48539,220.28522473267589
48540,121.56380715010282
48541,646.7569642163022
48542,138.44868192160197
48543,318.76070144336524
48544,224.07662357471253
48545,1166.1724506591697
48546,259.52188341500795
48547,265.13033213261724
48548,377.90663544150215
48549,141.72251152427611
48550,129.98786479496178
48551,377.81650864159474
48552,275.58498780576883
48553,131.87416321390384
48554,163.9459019532634
48555,228.72016656620082
48556,146.93664235890105
48557,321.326001534895
48558,159.1284085147542
48559,225.54067414759726
48560,143.26084771400008
48561,126.30889067499322
48562,158.96273095017972
48563,445.45150578342003
48564,193.72617748799567
48565,336.82425795703637
48566,206.95192104899684
48567,76.55697924492668
48568,170.680195590992
48569,126.26002598416486
48570,170.5957805331785
48571,543.2776738794134
48572,203.78991814853404
48573,556.3166370883806
48574,170.91501619984967
48575,124.79018882379258
48576,153.1706196904216
48577,191.2876600243639
48578,198.73176884855258
48579,165.3876219890493
48580,212.4310856119537
48581,119.03039946126029
48582,168.4732674817116
48583,299.24765390868305
48584,398.5662876306406
48585,483.4263024979689
48586,232.7496100704902
48587,125.85266679513316
48588,138.4393712070035
48589,122.20682615518479
48590,243.56526451631515
48591,104.80947891555638
48592,183.69320915527524
48593,330.9406696316705
48594,134.07996000948887
48595,154.3471431998507
48596,189.24737143035472
48597,220.08985770890948
48598,223.57132727927396
48599,285.712026531184
48600,86.96267363042557
48601,265.97529239965155
48602,566.2465883912569
48603,76.13007490715158
48604,245.70990019696595
48605,863.1268152976413
48606,361.57930411702404
48607,173.58688906973305
48608,180.4510894731735
48609,171.88087252185977
48610,498.60839283179746
48611,88.28767603798909
48612,215.982743691464
48613,142.70144280312803
48614,165.86259080886174
48615,232.19584758803157
48616,157.71385073384218
48617,249.8824479481335
48618,453.1844274805411
48619,159.90043145716706
48620,179.9249297615689
48621,149.40866148682306
48622,166.35640360831837
48623,183.25610362953373
48624,113.28858317754843
48625,140.3098171768368
48626,173.60816074240026
48627,102.0505461253401
48628,139.43082375279357
48629,722.4481040539812
48630,159.50340604381174
48631,247.6035401691575
48632,168.61112650451577
48633,143.3338736197053
48634,615.1689421960291
48635,138.00662316161166
48636,159.0502541350205
48637,613.719611421475
48638,295.9096614605883
48639,386.46202701170245
48640,192.29648347070633
48641,298.58582297754606
48642,130.50637150821848
48643,690.2193782516894
48644,466.8093228688612
48645,118.27922609458875
48646,272.42582063310977
48647,146.38641739196152
48648,150.08631687086398
48649,98.58493720318327
48650,195.21545265123572
48651,1095.974747134619
48652,208.76119400824314
48653,643.9243912985165
48654,118.47615038001827
48655,191.5654129808092
48656,332.3661893616004
48657,149.89934218172365
48658,192.83395509960604
48659,161.40235476277346
48660,115.28007717014063
48661,132.1063659657546
48662,696.5931506303148
48663,200.72779713076855
48664,271.2212334757995
48665,176.26947851749406
48666,279.04603922420506
48667,237.41888171887663
48668,229.20864020780533
48669,245.80443048193945
48670,169.09421387986907
48671,366.3210612474355
48672,252.66855329218478
48673,106.90890582378078
48674,413.6596076490581
48675,198.36416990178532
48676,166.79705320524985
48677,488.0023500196823
48678,420.72689430670977
48679,217.99874724386297
48680,252.74532871603085
48681,125.33538389405513
48682,495.56595407579874
48683,275.6314756714691
48684,127.82823564489648
48685,398.7495486892413
48686,190.33527292855547
48687,335.18720366071113
48688,298.0242431918926
48689,106.17216908251471
48690,232.5483158007685
48691,413.83661211508087
48692,101.90231545239143
48693,138.7560692155114
48694,182.2583778198351
48695,247.8245967380975
48696,165.0536625208319
48697,321.5624661896907
48698,459.8157131795799
48699,134.9819506107075
48700,277.1122366134764
48701,133.49677614849074
48702,157.73296961061388
48703,126.14859044952694
48704,228.7485912935538
48705,349.73358809880773
48706,132.78733335613066
48707,167.85195102410975
48708,299.9617061545146
48709,336.7336966613903
48710,549.1646216109579
48711,170.82285658958685
48712,512.9028141542956
48713,74.94949515231924
48714,290.3833907143472
48715,141.32391275031097
48716,186.78277283358264
48717,145.56338269693228
48718,161.47428449544026
48719,73.25656940401666
48720,236.1808174211025
48721,158.48223911381658
48722,973.3888985691899
48723,270.1196987338291
48724,195.51403549329928
48725,220.17522479759933
48726,406.3079246966129
48727,274.90537284918963
48728,347.82504056814787
48729,315.00360915284733
48730,350.53463223064125
48731,83.588278407735
48732,813.4970839683718
48733,568.0643944438408
48734,123.05683798132958
48735,203.72004270529854
48736,187.93124848938953
48737,175.1505333640692
48738,192.24616936619375
48739,136.16730428616566
48740,2790.66393251052
48741,288.9975210058933
48742,189.98046765968553
48743,352.2217419197667
48744,252.91252966984774
48745,811.2750986567331
48746,151.512685333885
48747,114.01127650249023
48748,135.51350278349898
48749,401.68602108462164
48750,166.1170287816287
48751,68.74888721805239
48752,411.9140143061566
48753,242.71891852631302
48754,497.09854407099914
48755,931.3548555545132
48756,432.80562750185277
48757,383.3421411274723
48758,226.44026820997644
48759,243.1631206650249
48760,316.55506547986244
48761,186.1981823413595
48762,201.01070944239626
48763,543.4029727685981
48764,364.5649969368519
48765,176.77926061960403
48766,242.94382489891188
48767,217.6203772574884
48768,256.852592957861
48769,542.5563442764176
48770,144.19985872089478
48771,189.20642806933134
48772,722.6500807925896
48773,132.18012744769737
48774,434.86954312130484
48775,101.82252191102275
48776,1196.365328211178
48777,799.2698888856163
48778,156.59410408905345
48779,221.3862150669807
48780,310.964130348802
48781,180.26164801271452
48782,407.08228150774056
48783,86.78861054432629
48784,201.27012563463617
48785,739.0337193805004
48786,161.04617629807285
48787,189.23969934610096
48788,338.41978584667487
48789,530.0076113798806
48790,189.17276978700306
48791,838.3828593071836
48792,177.28727087225295
48793,203.3835242087064
48794,199.45971712817533
48795,327.78107335088447
48796,160.88961280090325
48797,557.4890751601154
48798,116.60802587098108
48799,271.352534105521
48800,323.58096743328576
48801,150.17721826216433
48802,323.84178242453504
48803,197.6581950111119
48804,203.22975317288967
48805,104.79202130840896
48806,251.5620800694191
48807,218.11737258697005
48808,326.6862168295561
48809,246.63950751004887
48810,285.2945773608133
48811,389.84662497902553
48812,129.55688861681685
48813,374.68265800077734
48814,181.74531474343144
48815,143.9414428425584
48816,225.52607516042957
48817,155.204973798612
48818,180.75348934010708
48819,284.519830238937
48820,388.58473443468785
48821,258.34187973633425
48822,54.374673912496114
48823,173.79994440514287
48824,181.36193402110996
48825,764.7876660887581
48826,333.8901165941882
48827,700.0013632185301
48828,232.56824993641172
48829,114.46375116892762
48830,117.51510289451926
48831,118.53776553774735
48832,304.95061409172564
48833,164.36410971541878
48834,245.6578766481163
48835,147.9187972259084
48836,200.62121588900243
48837,155.70275028830625
48838,228.65006406750982
48839,183.19623690983016
48840,161.4914829697279
48841,223.74583540626162
48842,256.3610564985047
48843,494.9374529079204
48844,477.7253835558692
48845,247.37534137103472
48846,128.59558792254782
48847,107.57121858286217
48848,152.9435174430438
48849,128.34684106973344
48850,188.00337197792646
48851,255.9126941591348
48852,516.8749335777326
48853,189.16775598258593
48854,248.55278882877076
48855,192.35243581342365
48856,123.27471461527169
48857,375.41995962366576
48858,128.2476406856195
48859,225.17906825636263
48860,767.392997054718
48861,159.0330245546384
48862,249.31448845172142
48863,179.292775106418
48864,675.6431955713484
48865,386.2549001759439
48866,164.89831838312784
48867,191.52724442075893
48868,379.06677128715154
48869,377.677818591882
48870,122.86521934465569
48871,252.21332218887568
48872,230.66842937694483
48873,201.4141957708495
48874,113.98065324532116
48875,247.29633085416378
48876,222.32240227836564
48877,812.0508185860643
48878,607.3560528275194
48879,308.43094039746506
48880,211.7192385448235
48881,144.82408072490665
48882,105.41410242569717
48883,187.4345333361862
48884,332.4243613273383
48885,96.57287607108833
48886,165.61436757148093
48887,150.69696701450673
48888,216.98613753578942
48889,113.10732492815079
48890,599.0181594054002
48891,245.8263997755358
48892,175.75307633957763
48893,116.3669585728881
48894,99.93292677918234
48895,171.16339177017952
48896,153.27571803524197
48897,201.85542003278135
48898,143.2256006518998
48899,296.05197343984247
48900,188.20103404181444
48901,192.84346525390777
48902,438.02861311492313
48903,243.909554162649
48904,140.82278527413882
48905,95.26506937496092
48906,128.75296911640893
48907,131.36805806901202
48908,117.6020147359841
48909,309.915197315378
48910,165.3143185773264
48911,167.19434053789743
48912,213.40969513131762
48913,121.36906293930211
48914,423.21812533238733
48915,155.28786196164313
48916,222.17336099435747
48917,177.8820426069955
48918,273.8597708776302
48919,323.95962079385276
48920,327.54146236447224
48921,195.84015343175722
48922,125.48582424572956
48923,120.9773183714088
48924,247.63220617317873
48925,120.13956273714415
48926,119.58022737193915
48927,149.0056041548324
48928,94.61947939100315
48929,243.46764826706038
48930,201.59385007775157
48931,182.79632560002074
48932,224.90836036951256
48933,128.9457343223251
48934,249.3191421642014
48935,182.63159798487607
48936,225.8221929243837
48937,793.351690400468
48938,347.69971580836443
48939,120.8053424464712
48940,189.51780504088168
48941,153.41811087834162
48942,264.9360349654966
48943,190.26499584141968
48944,461.1348096039671
48945,229.13683651000747
48946,737.744603223874
48947,189.0458555556287
48948,229.36410622665917
48949,528.5708068164623
48950,171.75880600332775
48951,188.65150652724225
48952,102.73469913863578
48953,107.24477474301126
48954,95.6205238576966
48955,142.36345156933666
48956,164.4826270225409
48957,371.813734865805
48958,311.05415995220636
48959,83.86142234807845
48960,443.430580953949
48961,206.58480455646642
48962,136.42775548207334
48963,156.4509051323988
48964,130.59703220841698
48965,222.73992172828588
48966,74.37629788757754
48967,597.9973805585582
48968,226.64256809273456
48969,194.90057041482748
48970,191.24627285707976
48971,183.28322233635734
48972,222.47199620909146
48973,120.38950326787668
48974,205.82322687581922
48975,348.1645470119824
48976,330.4403641470257
48977,206.71697938763128
48978,285.53981949797657
48979,239.6002593187384
48980,382.27933395312425
48981,243.32382273868123
48982,342.6338693497327
48983,213.77147063755217
48984,408.0080243042912
48985,300.46511168252033
48986,270.26844658431696
48987,359.300880092154
48988,248.6792016036755
48989,260.1543095809697
48990,332.06515691400125
48991,596.0858279303214
48992,93.84642602943177
48993,459.05016333561474
48994,121.39242267519029
48995,1061.1689721506045
48996,213.70051730560917
48997,334.8959191800269
48998,119.34453652841582
48999,184.0484837861351
49000,219.0370003888127
49001,143.79698922970383
49002,101.96500276113125
49003,269.0312009727032
49004,115.1750398593142
49005,217.21981802193577
49006,215.19844335265344
49007,242.00618303583815
49008,189.31409737025433
49009,105.94212327678123
49010,230.30091356432843
49011,272.5403728531155
49012,474.32070009764163
49013,120.16390106480954
49014,160.1814145183913
49015,224.722694376243
49016,522.5773215246111
49017,144.52052635626242
49018,353.8825547933204
49019,519.9854974649667
49020,175.1281771800178
49021,371.4847546840951
49022,799.8042412539396
49023,315.59922541621216
49024,640.9080306436786
49025,177.34831405047365
49026,214.7636688880722
49027,156.81199562855053
49028,187.7892693333151
49029,792.8803637937983
49030,232.2308771478609
49031,268.4330771795267
49032,259.7890359429806
49033,422.5867930617799
49034,120.29797199548827
49035,200.2227425091216
49036,235.65597247859043
49037,416.539155197475
49038,347.6906561491799
49039,250.8785922515615
49040,265.03146499609886
49041,129.08931611219742
49042,195.14043623136283
49043,303.92577296135437
49044,359.6067626276075
49045,232.3391675895267
49046,196.7797981279653
49047,170.2834162043303
49048,188.20324079767104
49049,231.6833062836471
49050,154.07828026592264
49051,343.83377763013186
49052,206.96046898840274
49053,196.78102005313255
49054,139.06870042895167
49055,228.5224752940857
49056,220.09016174347485
49057,120.21873254688346
49058,252.83072591524947
49059,231.04730386781281
49060,126.11353931230774
49061,246.17168303758956
49062,151.25120395412432
49063,630.8422799874982
49064,125.92357794781499
49065,315.5222152885491
49066,231.26896053252952
49067,333.43520993130005
49068,205.61085896924544
49069,238.00874431145303
49070,493.76330977479614
49071,172.1801003035537
49072,133.5260782230084
49073,421.08866371005877
49074,106.52148037886198
49075,161.45163115107525
49076,719.4637380725762
49077,258.1029034996294
49078,127.83835996701545
49079,324.15592739739395
49080,730.8699501368242
49081,213.6124939867626
49082,201.83239681902674
49083,177.08414023732712
49084,161.96155574954818
49085,169.31149099643312
49086,105.70871202734736
49087,150.8093975705099
49088,249.2885427504114
49089,216.19074171939732
49090,231.62042762282985
49091,551.9930789173445
49092,241.2270385019301
49093,504.5821624525552
49094,241.5102179855683
49095,389.00795587456844
49096,185.01303833589014
49097,318.55273093124623
49098,499.085518346493
49099,892.9637310389023
49100,161.1423658207007
49101,135.11745562059735
49102,231.74980400460896
49103,329.01557869287825
49104,142.8396094726038
49105,298.21109241396505
49106,295.38920763464824
49107,303.4288114506972
49108,131.01032147482007
49109,179.97939081740617
49110,123.68751638788054
49111,167.69174283091212
49112,166.7331366950333
49113,216.31815031161977
49114,590.3872720310607
49115,267.6535500058684
49116,265.22053391662365
49117,12835.512615457565
49118,110.08804996390437
49119,246.6578642587247
49120,164.66934145731756
49121,458.5130543288596
49122,248.046055636571
49123,267.860534839766
49124,337.05774648557355
49125,470.67362738029715
49126,227.87680341785097
49127,284.9888236705995
49128,531.0894815399599
49129,163.46622006255947
49130,185.15122749806554
49131,129.21577744733798
49132,155.96250155323227
49133,119.11877029732865
49134,227.25746267145914
49135,145.7575691964142
49136,150.56260944258244
49137,251.68557205027727
49138,200.45859959477426
49139,165.46614426556013
49140,343.5038294674694
49141,109.92157306869744
49142,140.09684954390158
49143,706.40480785252
49144,242.008441337707
49145,200.05125483143212
49146,139.2810636079851
49147,229.46182881144887
49148,348.21088966330336
49149,128.7640479795393
49150,364.93788483885425
49151,113.03139577143422
49152,207.62880428489285
49153,212.8802290613923
49154,123.75104852189472
49155,127.00566268328214
49156,174.03478115683498
49157,144.08505536599893
49158,480.56569361705726
49159,140.97693952872936
49160,525.1738419282987
49161,261.4703720621113
49162,286.8396757621262
49163,273.2197223239309
49164,711.9815188464979
49165,247.9027838594106
49166,167.70062788449366
49167,421.73317607933103
49168,198.4680593381761
49169,205.62340555979097
49170,151.3750483680669
49171,157.83807457270356
49172,227.3687460907868
49173,185.4717572607852
49174,169.57488484267896
49175,104.45488412327494
49176,142.91976395411288
49177,210.64460278419193
49178,195.75301618366132
49179,139.78474419520114
49180,229.12657413704926
49181,114.81991378237475
49182,210.47746515470155
49183,287.86534500065886
49184,217.26814141118635
49185,227.55772291885162
49186,1054.9358206656395
49187,90.78346350142967
49188,1310.8476489047289
49189,595.825172116732
49190,152.6206419498156
49191,231.25508746841058
49192,122.3060639851567
49193,390.2916617466748
49194,118.40924725401362
49195,206.39590784743484
49196,148.1423914033286
49197,236.05263804573303
49198,474.10187066307884
49199,110.63960115112921
49200,436.5294529648783
49201,116.51833007308905
49202,105.81013855082736
49203,1039.535363198353
49204,254.16357318770983
49205,114.45740572372077
49206,98.12722085490344
49207,180.89707074963877
49208,241.47805920325823
49209,125.83880428724501
49210,433.74887547664565
49211,247.08315466600914
49212,248.3637773522292
49213,107.23893086331873
49214,120.2035027972933
49215,139.6548762166754
49216,291.3131005084387
49217,147.6920866213476
49218,151.80635245751145
49219,606.7154453913456
49220,451.55645862971755
49221,235.38104379374204
49222,202.77918122904083
49223,648.1275192474732
49224,123.20996495826198
49225,99.99298800992648
49226,91.80941698837638
49227,256.61155907250395
49228,439.25243543829123
49229,371.60697904146167
49230,218.62425021995517
49231,115.4892952248173
49232,555.1341270358805
49233,203.4727892550113
49234,356.1890130905546
49235,224.44100827799613
49236,299.0208581003308
49237,142.03387330417053
49238,339.839892400317
49239,221.19176788161724
49240,112.69898447762355
49241,256.12562772335247
49242,589.2901120000365
49243,172.87306811221634
49244,127.64687249046477
49245,120.56654960952268
49246,115.78268072883782
49247,228.92115134060134
49248,250.20964627643355
49249,216.80885837036172
49250,188.88184170613792
49251,349.3800143578602
49252,226.70567206061264
49253,170.94439296472228
49254,327.5608160191522
49255,231.13883383296846
49256,322.4030746394896
49257,257.64965931130513
49258,289.8465044604381
49259,242.3835751821632
49260,155.41192387274668
49261,342.80027336908836
49262,241.28837095360944
49263,124.26338831150042
49264,180.84026187963815
49265,190.37377932945813
49266,202.6475115908382
49267,264.1774544815574
49268,120.32248097972044
49269,203.64782941646004
49270,192.0853290256939
49271,225.14468011273456
49272,1671.197095578993
49273,176.95819688062724
49274,143.69802638378889
49275,166.84528810129888
49276,142.71198852847317
49277,382.7744188861458
49278,159.6544533026497
49279,387.3711233426495
49280,224.25294272705347
49281,175.79778668574448
49282,392.31940248805887
49283,136.19903567724057
49284,249.29979800716424
49285,182.65850566056272
49286,178.56482829876535
49287,394.19604276383814
49288,663.254485941424
49289,601.4081370010969
49290,367.1531573607916
49291,144.20640780197843
49292,170.41983648199525
49293,104.8135386237501
49294,149.47142727922852
49295,149.06061893782888
49296,280.4355581487511
49297,520.0635987128647
49298,393.5302892293921
49299,301.3675880074621
49300,159.12564333781705
49301,507.3420571969074
49302,288.4697849890816
49303,378.98953061660194
49304,363.8659015329745
49305,345.154131052805
49306,176.67326236277438
49307,210.04859993947906
49308,155.91844491227403
49309,143.76964597166506
49310,269.61500865577716
49311,141.6398166908415
49312,235.22453677300584
49313,149.20926551951044
49314,202.9690142692029
49315,287.06394445440964
49316,219.8194218568766
49317,138.0035396779126
49318,487.87605859132645
49319,163.1754472053884
49320,304.0694624547849
49321,219.08837829253648
49322,197.9728746583293
49323,291.1346481592548
49324,105.18628951154774
49325,262.1814856017974
49326,483.98667963484104
49327,128.1540533835073
49328,189.67725277102736
49329,205.5297453550628
49330,189.94130244782428
49331,139.33407657111184
49332,138.42169420763707
49333,113.44047264996466
49334,168.36014655881888
49335,133.47775215063126
49336,219.6174100831648
49337,253.0478888343189
49338,105.89918767762651
49339,126.85456909749439
49340,147.81307284193542
49341,207.60549463226536
49342,109.59888691656718
49343,218.83299671194115
49344,172.14283286429043
49345,135.45991858859261
49346,242.17295726131334
49347,181.74167967750077
49348,221.79242959063993
49349,108.81616978089961
49350,129.4154143476771
49351,252.1678311379229
49352,172.1992399713906
49353,226.34189918298173
49354,155.0573245144844
49355,135.56830317566354
49356,215.94257625921787
49357,474.6120216239833
49358,282.10818708626925
49359,503.3951529686931
49360,339.17310862154244
49361,104.21264271634801
49362,255.6058711513332
49363,143.65705129170527
49364,353.5871976324476
49365,98.89578332099774
49366,288.7445724276227
49367,92.99567298974293
49368,105.36798773619856
49369,200.48199451494716
49370,268.48248137797736
49371,133.39560136659773
49372,426.6207394414212
49373,372.3206161695643
49374,262.19757025467965
49375,125.17090432746396
49376,128.4742812727929
49377,186.08185178122056
49378,299.79078028649144
49379,140.6379273007924
49380,158.57970181754516
49381,184.68354676147752
49382,215.88141740566408
49383,169.08822486769222
49384,796.5452579548628
49385,134.12390573742283
49386,231.96456182674265
49387,206.12672016897503
49388,180.58416335747438
49389,220.974594925338
49390,718.1905657263142
49391,351.6883269617381
49392,214.31520642524225
49393,104.91294838538029
49394,201.39227738340546
49395,230.86238659657693
49396,271.9428905179399
49397,280.0360446547018
49398,270.68596866176387
49399,199.3315053650826
49400,232.5830763147382
49401,728.3185599434743
49402,256.27458844590285
49403,698.8947761508397
49404,179.84014909657026
49405,142.86677827179017
49406,191.84469727116993
49407,231.97505931697964
49408,729.4140809432507
49409,511.0417995385432
49410,326.7475788987909
49411,126.33677084489501
49412,594.1823999213636
49413,387.0274393923851
49414,121.66737799124684
49415,167.11569697781945
49416,364.25066184862453
49417,249.98797024831725
49418,124.9040976451262
49419,291.7796527920737
49420,345.26444529464146
49421,138.53565599610482
49422,216.91485047338816
49423,107.08916073894717
49424,172.43765633982648
49425,135.29474617331655
49426,171.66599795792305
49427,205.7512786309935
49428,796.3229304276266
49429,235.70632248183423
49430,182.94245149929588
49431,165.2279616981791
49432,269.371490345792
49433,457.9805643657782
49434,178.28608333370317
49435,178.188413138704
49436,978.0325481578249
49437,216.78555779395495
49438,176.46010598712016
49439,511.61510837690787
49440,145.62718693410775
49441,286.15531691182275
49442,262.83884529277657
49443,482.76060664774457
49444,286.29512328191976
49445,131.28059238956143
49446,330.7696306159049
49447,81.98781069013197
49448,261.64252041707744
49449,232.58510154823233
49450,178.62513412734776
49451,1489.709261242178
49452,351.8459468346659
49453,380.76130662025275
49454,110.63960115112921
49455,260.05655561162536
49456,223.62562358362038
49457,183.89453862893012
49458,151.17326174217123
49459,184.90241423255412
49460,146.5697129203286
49461,107.0568567072467
49462,216.84750260789107
49463,235.89704282633963
49464,415.54430958306546
49465,255.27138595447303
49466,308.89629655068524
49467,303.8071291653076
49468,115.09526634549412
49469,247.72827311481913
49470,116.14529249824558
49471,192.2547250135956
49472,111.1809966194375
49473,376.7526550624173
49474,104.15740268000783
49475,289.41355443058023
49476,230.11430880769782
49477,119.65793592746111
49478,217.97940090833177
49479,289.8048070729893
49480,173.9717184343388
49481,211.53565425590207
49482,274.4346481634684
49483,114.8860956311333
49484,612.2585957892983
49485,285.19233967348345
49486,141.10106732375812
49487,139.97094160847607
49488,322.4151343443126
49489,268.3900322385479
49490,153.2139977692845
49491,272.1679520731122
49492,189.12449313316185
49493,167.52802216570817
49494,239.4928397896346
49495,326.62279839453373
49496,183.90542595328793
49497,127.21316343472573
49498,225.73668367980454
49499,165.91593203342612
49500,199.32353589040352
49501,232.5618845617756
49502,173.2001998592665
49503,235.56196371494175
49504,276.3694468858577
49505,100.247034512228
49506,496.0304909102663
49507,165.5840659568097
49508,199.14982465541908
49509,210.88822178542307
49510,741.7252815908502
49511,289.3036833970466
49512,288.3180745925986
49513,219.1411438694185
49514,409.52038790927736
49515,125.02637815647368
49516,435.2632982987488
49517,132.90226808104282
49518,113.28006961260073
49519,428.56543299234596
49520,114.95837404836264
49521,213.37017412367595
49522,149.63606287326178
49523,113.49334229320223
49524,91.74773635777959
49525,388.24225777939085
49526,117.2319274903682
49527,98.00168401964662
49528,541.9666870473731
49529,242.21376779491123
49530,179.2787354579016
49531,126.59849340923984
49532,167.58715178007475
49533,337.3071870530398
49534,244.51697447506103
49535,324.3038724913201
49536,238.8720199855463
49537,295.32648611787647
49538,795.239147649977
49539,278.4574318548262
49540,96.56721597544637
49541,385.7014749036724
49542,193.52620334378133
49543,485.4015332338656
49544,176.24326667485727
49545,144.0178240070486
49546,207.05867313607385
49547,519.5950069054202
49548,220.92391761480013
49549,131.7887972084262
49550,729.9926883052087
49551,662.0714448520154
49552,373.5087556515627
49553,122.24795988389923
49554,255.11654605069782
49555,410.46577805096746
49556,271.34954399995627
49557,127.90566588016057
49558,1180.301371098733
49559,125.47103292507923
49560,271.2202760597081
49561,231.17129484224213
49562,245.18503674746458
49563,214.88114018688796
49564,690.9715451946855
49565,241.43672123856786
49566,253.61104655652562
49567,148.43509225271796
49568,176.12348931958957
49569,207.50826512688997
49570,195.37463188644023
49571,147.58262445030803
49572,98.5706478955672
49573,197.50005935441263
49574,663.527521420178
49575,136.91961878042153
49576,362.1842760694171
49577,364.24563609167444
49578,118.09161275393244
49579,246.49091353761816
49580,135.40845964851138
49581,183.31971821871713
49582,159.75291597553056
49583,579.9852309671376
49584,150.31324291586915
49585,68.17106927817285
49586,153.6667682973576
49587,123.60591143992643
49588,173.49538689353315
49589,123.85971359957476
49590,943.0868039885838
49591,479.73356730816414
49592,274.9824288664045
49593,109.19224697533843
49594,857.9270907248936
49595,203.54508476074486
49596,168.5205475827403
49597,123.40927448244437
49598,212.65669943703176
49599,267.4747194807884
49600,109.49682685097785
49601,797.7029276722801
49602,259.0718798361054
49603,142.351669940797
49604,318.7509562530171
49605,303.273730005523
49606,282.42781998557615
49607,110.78149883839068
49608,146.87416644985396
49609,254.30076556391808
49610,417.3067626770115
49611,117.77861139183415
49612,136.93140456217156
49613,228.04859484850155
49614,106.33106758003262
49615,296.5862755306214
49616,105.61954511089726
49617,262.52163245544403
49618,95.82289452799905
49619,1762.8980150455218
49620,272.68576256210395
49621,219.0035830733787
49622,515.8492652714247
49623,220.2352105240045
49624,520.4766207829244
49625,199.9877734017567
49626,307.87156451324523
49627,178.97435739327014
49628,218.48081239507943
49629,167.87060921928426
49630,141.6161860296516
49631,164.81221994444292
49632,94.14522200758005
49633,204.57309158709785
49634,372.5333339127449
49635,231.33794725039027
49636,330.990931654497
49637,117.9426770015227
49638,133.84746843341787
49639,241.2445787261817
49640,277.9630702479775
49641,150.66151528071325
49642,203.36656859666107
49643,152.15719259878904
49644,257.2222749044749
49645,127.77019798485757
49646,365.27381808986064
49647,149.80049144506825
49648,180.32475969795397
49649,293.2594830373153
49650,249.3813158759436
49651,126.4284544346072
49652,245.56065606970478
49653,329.94494444390057
49654,116.44312123772116
49655,244.0674002971885
49656,262.05502083041193
49657,346.56069158460446
49658,171.10404488792418
49659,60.90802583350614
49660,710.627467290791
49661,217.60286998655744
49662,111.55958761559516
49663,176.22002156463506
49664,424.21315150178606
49665,210.69870207765462
49666,261.94629489515796
49667,192.76290120979974
49668,137.2867429738784
49669,452.0184043078021
49670,207.34119450070193
49671,405.8671867344617
49672,109.3243382343331
49673,182.98686031268224
49674,264.55151931404714
49675,137.82855073800735
49676,144.72909821261032
49677,316.0499422966993
49678,116.36965138132804
49679,148.9443379306344
49680,206.38633837329647
49681,261.694640973585
49682,164.93034158172216
49683,578.2604545027946
49684,249.11565715877737
49685,216.85974632927073
49686,210.37946967444591
49687,203.66934028645193
49688,241.55881353801527
49689,334.0766616678412
49690,152.1709277129636
49691,116.27363521877973
49692,257.46555071948063
49693,502.39725450507825
49694,373.8701244803581
49695,182.11625547892064
49696,198.57084272279997
49697,118.96014523295212
49698,135.17416494453477
49699,839.9751047995981
49700,232.96693613037732
49701,282.32158635732634
49702,265.6273028635903
49703,198.3222671411433
49704,516.1483688356187
49705,208.1483764407124
49706,334.171313615003
49707,215.9114460040558
49708,197.8511618238714
49709,598.6356755622691
49710,139.25846530814735
49711,339.2155389663607
49712,139.45079094009816
49713,212.60983141800153
49714,233.645621254736
49715,65.59698744173822
49716,95.61510203049602
49717,257.47006679371765
49718,144.02726855010772
49719,218.41306110394683
49720,300.29057028482976
49721,309.76738847280944
49722,175.63197883671864
49723,306.08924086038354
49724,159.9489222354768
49725,157.25889409508738
49726,188.76864841405893
49727,425.53283722286284
49728,512.0567463269996
49729,432.8653378480691
49730,230.7800491862477
49731,340.7225651003219
49732,516.3919761657851
49733,163.72594521196774
49734,503.0471550900677
49735,108.77127224940816
49736,165.3336491623495
49737,117.64188334039487
49738,137.10458866189416
49739,218.1991425291257
49740,678.9260271269088
49741,669.7533191903956
49742,111.71948499879474
49743,232.50359127095845
49744,485.93622973723245
49745,91.68457983897225
49746,450.01773513048425
49747,195.17161363204352
49748,103.94580632701789
49749,259.8616294787972
49750,187.87192066791349
49751,458.6644564273632
49752,145.0556358445785
49753,424.6366888626992
49754,177.8561165539655
49755,1671.4069409139065
49756,140.84636971132144
49757,399.1903204339718
49758,107.10314640587232
49759,165.9195815178247
49760,327.5599211516432
49761,341.22227244509196
49762,139.43283882192864
49763,195.0643225843179
49764,237.12517519190578
49765,343.3000405941383
49766,142.39879632845094
49767,303.57742863993315
49768,372.44687971575564
49769,229.08681679399334
49770,113.85907606786581
49771,175.31932829536
49772,335.69047346720464
49773,273.9572899405724
49774,146.65807313125467
49775,98.77434563129057
49776,408.5002083761084
49777,223.36451043119655
49778,126.62907083157788
49779,157.38020826415433
49780,206.29015991376548
49781,266.58735733736756
49782,425.7709259132797
49783,271.77960428666205
49784,178.44861082576426
49785,421.0468373704474
49786,403.83142017052677
49787,133.7795464332825
49788,332.85135695212574
49789,194.29834562018928
49790,172.97142128708632
49791,130.21495000387156
49792,246.589798479755
49793,151.61663666437286
49794,163.81901671220126
49795,175.07245030332598
49796,134.17487161029084
49797,115.48007129293319
49798,132.74959531890636
49799,115.96087958382061
49800,249.39432000514012
49801,128.6925796834987
49802,178.42388844057348
49803,122.79894900716826
49804,242.53875252104012
49805,662.7472784082623
49806,701.2202716311209
49807,190.0127817361593
49808,173.83369687377112
49809,102.78002147616843
49810,191.52201206922066
49811,204.55845022618203
49812,169.52350792565332
49813,213.46934553089426
49814,176.5554614707853
49815,201.76356641509892
49816,223.44161126838918
49817,185.10874173940132
49818,212.01409812810056
49819,333.3995592990165
49820,135.24400785965076
49821,149.4472976221644
49822,103.98196906728468
49823,160.36482150546124
49824,139.99587485082617
49825,91.79078293286513
49826,170.90564405689358
49827,709.5517462373147
49828,319.95577291114665
49829,156.5801571293399
49830,166.92658790098469
49831,142.1523521668403
49832,86.21969823918128
49833,315.67060338961215
49834,379.8991765372366
49835,214.04904697898777
49836,143.77002558062344
49837,190.25202374456285
49838,351.5304499114746
49839,169.74461569659957
49840,228.22588969478812
49841,150.07880290235445
49842,234.33006617083225
49843,249.70534472490698
49844,185.11961964788568
49845,257.9977928966133
49846,149.26834881884454
49847,114.05115088910568
49848,482.7309346880907
49849,198.39600711926062
49850,182.63978267697115
49851,142.4130303011725
49852,467.83954058325253
49853,154.68851212347565
49854,177.98942602350888
49855,650.5498253947051
49856,92.23957377420268
49857,682.1442831185954
49858,693.3788047110822
49859,716.3741267122327
49860,216.48966501220988
49861,85.77631084028704
49862,143.43869093004702
49863,124.30595115896092
49864,163.75087318336958
49865,106.21221868856304
49866,122.08503708344048
49867,248.3331242533979
49868,1620.80143724554
49869,327.2290685472561
49870,188.4552065802342
49871,201.20499625147178
49872,173.22590373492199
49873,136.88318849260793
49874,260.17514707716185
49875,156.42144828619948
49876,255.65268796250209
49877,291.6809382415259
49878,305.4846029980951
49879,306.42851920462795
49880,128.3029630748739
49881,521.658510157447
49882,145.38776323667003
49883,232.40298060630005
49884,79.10545490532611
49885,330.2064302760264
49886,207.63469367438648
49887,618.2432167534284
49888,117.44076235458171
49889,364.78368594225685
49890,129.5167549192595
49891,493.0960905939446
49892,201.53572429162529
49893,364.2750677081898
49894,214.6910863090736
49895,162.09969819250477
49896,161.83206034816854
49897,536.7376860061134
49898,158.27103760322578
49899,232.84702000036862
49900,351.20183032229073
49901,351.36489350931896
49902,327.22708028120087
49903,112.7282734411656
49904,118.41133676583203
49905,139.67072810913317
49906,172.96227357302914
49907,90.53944886649414
49908,231.9846524528127
49909,194.9283100438617
49910,87.53540162912533
49911,259.4651317466298
49912,153.8620076434331
49913,142.88365551366502
49914,191.2761846770843
49915,527.5175734232115
49916,178.58103039250395
49917,185.61053992797474
49918,146.93744219455917
49919,230.8961662983573
49920,248.11916863641278
49921,202.5089891860675
49922,74.36886773472054
49923,157.07007335069892
49924,332.57881102577954
49925,130.3120626918503
49926,259.365069682553
49927,206.02520723985816
49928,257.762242151683
49929,232.46224269009537
49930,179.41614415768422
49931,151.2017227921931
49932,195.08112286330072
49933,269.95953213988906
49934,452.54255672002944
49935,306.4226305147407
49936,86.87235157398783
49937,548.5715326360234
49938,187.2658478931619
49939,159.9080272191343
49940,251.79491045227985
49941,284.26786320248186
49942,279.6103000242612
49943,126.02021440363698
49944,153.97744223084186
49945,304.3497280193782
49946,336.05624824329624
49947,165.1514336633308
49948,214.18304865753507
49949,190.35359931768494
49950,210.42533612443984
49951,164.59295869746825
49952,242.16885821596247
49953,292.3723770058075
49954,326.60229792830955
49955,367.0089054834562
49956,227.0511008268321
49957,273.5106689973564
49958,346.7183334797495
49959,199.1197620870481
49960,799.3780973280358
49961,124.27174162036206
49962,120.41352140545233
49963,90.34854239836848
49964,76.632487994454
49965,241.3630448293183
49966,121.49430223419289
49967,2518.310378760272
49968,171.6829871279841
49969,110.96727740366364
49970,123.475724176732
49971,258.66134216558163
49972,227.8955865558984
49973,255.0814450578551
49974,365.61747347257676
49975,308.74502552248595
49976,183.41592874583523
49977,92.70445038978617
49978,203.06206591679646
49979,173.1878258806459
49980,118.4557112243613
49981,234.27851690034936
49982,146.511227778239
49983,126.1092259276537
49984,163.55597003766567
49985,438.71847384397137
49986,57.62484108753291
49987,168.92785305590618
49988,105.68885790624411
49989,289.4571405959983
49990,357.81384149700426
49991,98.06147156016225
49992,257.1372757648869
49993,94.08224076901448
49994,428.3980173150045
49995,175.35986789873618
49996,311.9690667988324
49997,227.39861562754737
49998,85.65115622888743
49999,442.46895772799877
50000,548.2367951901023
50001,90.13724178708937
50002,262.24169231957796
50003,181.30091441788434
50004,143.7017737186897
50005,98.11409534125882
50006,328.5126062297846
50007,204.4924544338466
50008,476.09678300486667
50009,175.63977360812413
50010,216.28035490853915
50011,189.99432229458125
50012,257.7914562482358
50013,147.61429362661178
50014,157.78950861492328
50015,108.47907739026707
50016,114.60358275097857
50017,411.9670198263365
50018,227.54002257512153
50019,315.17480963998236
50020,214.21929927423187
50021,283.061845514368
50022,164.15935041637943
50023,558.5081619654705
50024,151.10423346621607
50025,320.5256082384013
50026,207.15054178187287
50027,475.0966065295767
50028,239.63412085821042
50029,289.16707181029716
50030,231.1917878189452
50031,138.88111685511177
50032,154.36230510799078
50033,102.96901432269449
50034,125.42389621947942
50035,254.44459965201023
50036,169.4678018370977
50037,478.10250550451957
50038,228.8832358277366
50039,165.28903378484995
50040,258.3472146459762
50041,83.77776032014168
50042,156.6287047740457
50043,149.85350593175252
50044,190.41506671346372
50045,222.3694941255324
50046,177.34032747265755
50047,286.2161731255963
50048,310.5966161983188
50049,163.44657214364995
50050,162.63086785751415
50051,136.68157856145305
50052,168.88350611036003
50053,310.96061525899114
50054,709.398768462109
50055,216.39342063530162
50056,348.2999290860855
50057,209.92018251862933
50058,248.82693625073816
50059,108.06542293052142
50060,209.88842279703587
50061,126.91413566899449
50062,107.20309435573107
50063,447.4713535714083
50064,1569.260830184974
50065,320.2564390002479
50066,160.68132349590758
50067,557.5087053799465
50068,169.97729681736226
50069,186.4800583545665
50070,198.2803136318559
50071,221.2980236467386
50072,212.66841361883172
50073,182.4333884663161
50074,96.50290710794505
50075,198.05196906004235
50076,468.0157105972739
50077,244.92529899318458
50078,508.2084717354401
50079,179.37025820452376
50080,113.31218721765293
50081,259.05930795884854
50082,232.58431983594056
50083,168.56347422207878
50084,267.3490771296966
50085,384.6316862946654
50086,105.34490317113277
50087,159.23093451911367
50088,469.8481459420969
50089,111.71713018575856
50090,216.51389699763996
50091,185.84485999724728
50092,280.1308418684299
50093,65.77067769491646
50094,180.37163826685276
50095,273.5955646687212
50096,205.88650748634984
50097,242.63681831243832
50098,170.33238071780173
50099,110.67139934413217
50100,151.68415965535786
50101,228.09801710246336
50102,347.59117590472187
50103,253.82663889138078
50104,293.85967790743183
50105,451.1022040624328
50106,261.4821682677135
50107,509.6567394243598
50108,122.45081122005759
50109,330.3360448746458
50110,314.22087049814616
50111,320.40302776293134
50112,565.0450348155764
50113,140.34498197252125
50114,327.77450131892346
50115,284.17687601405953
50116,893.3880076362357
50117,190.1149405474348
50118,131.9764277278361
50119,481.5927588606639
50120,348.3839090955235
50121,599.8082078377737
50122,724.4945688034101
50123,594.2756162230507
50124,144.8185743216907
50125,196.85439380732518
50126,406.86254007889875
50127,201.61516898052304
50128,208.49384088396906
50129,303.5595961869436
50130,124.45656663811575
50131,187.4050983586659
50132,246.9288685152203
50133,232.58389296822523
50134,363.9795408935556
50135,695.5609162236249
50136,607.2558820196705
50137,254.42200181962153
50138,88.04674621743614
50139,368.88373202051696
50140,222.4441908502907
50141,353.02997102192114
50142,177.25545127568802
50143,254.04877754608506
50144,134.40745410077375
50145,397.3009883201589
50146,621.9625044896552
50147,159.2810155255658
50148,111.54314855058027
50149,217.72662746083756
50150,137.63780704778006
50151,337.7297570168509
50152,370.06333416358973
50153,280.36385458329255
50154,197.5824407700866
50155,269.0212365591952
50156,227.0794495152082
50157,378.40957995718486
50158,550.4907061150651
50159,271.9068875110039
50160,687.6460129038192
50161,140.18611534425435
50162,187.15330463712843
50163,187.11316092594492
50164,138.35923095164156
50165,292.31733128631487
50166,176.50282726971398
50167,277.08213118775586
50168,151.05823757485658
50169,302.56019352915695
50170,113.87910117118913
50171,310.48969115673077
50172,273.0208601818054
50173,324.11780012149023
50174,220.19464706256102
50175,295.8762061161492
50176,289.33205676483897
50177,268.94731148322086
50178,138.92205286496187
50179,302.95318376715977
50180,172.687251926075
50181,411.9028348242633
50182,119.93348787425799
50183,492.6221817430957
50184,178.48249731406875
50185,189.2058127832047
50186,103.46640552345815
50187,247.183529604711
50188,192.97812280753436
50189,160.41815870169015
50190,185.9844672608998
50191,178.06883685369948
50192,309.68653414286143
50193,246.4040570217992
50194,417.94308769072296
50195,298.5454573432467
50196,270.40302391261264
50197,161.15290623578178
50198,856.3436386395945
50199,128.42316457032214
50200,340.5544554829204
50201,280.1155612482955
50202,725.5424417407858
50203,151.17719684759268
50204,118.82377435551503
50205,116.02078781259425
50206,1023.436445815543
50207,251.67432044447997
50208,322.32790559932533
50209,268.5553816097094
50210,135.2366561781509
50211,370.42429445319397
50212,158.44182052918907
50213,418.24671610393943
50214,209.86584424724853
50215,327.68496484859685
50216,191.8262002914026
50217,126.81239935946026
50218,137.47228175087164
50219,183.87379775320647
50220,78.32898649812822
50221,294.9766473404975
50222,163.053715682778
50223,140.5955694254539
50224,495.33518674778605
50225,162.0514135505736
50226,226.69556800591081
50227,280.7159433956713
50228,497.84738633980015
50229,158.82678647989277
50230,311.0280767804559
50231,885.9674383161373
50232,472.1164256320596
50233,179.26079324666824
50234,132.9329350211227
50235,176.15160143917768
50236,165.73570053943456
50237,92.00503852829857
50238,238.47460214899363
50239,237.34971022834762
50240,223.04601163113944
50241,91.67613359441708
50242,434.5137562761714
50243,654.790139087826
50244,427.55200482416046
50245,173.96035161389003
50246,226.9431526641613
50247,220.34803889682522
50248,231.80721447030828
50249,253.0270355684125
50250,412.23343504694066
50251,529.4277114437372
50252,239.94504443411537
50253,182.09978053119815
50254,279.2268523185388
50255,201.64185279800805
50256,140.619751587387
50257,180.57510475684433
50258,381.8315832033253
50259,222.15334061607285
50260,228.07744772725383
50261,301.1069260454122
50262,110.1743914245252
50263,199.4049276677938
50264,180.26936980632283
50265,133.9752119813169
50266,336.5783787145534
50267,163.64888223292405
50268,135.31819881654
50269,326.69804992286765
50270,173.15845208933877
50271,491.0899776925245
50272,215.77740337562494
50273,197.20035031456686
50274,319.89753139345174
50275,213.36890370280707
50276,260.1168891161759
50277,341.0349098793084
50278,176.44475129150794
50279,302.32298027588206
50280,265.63501778787344
50281,139.26625480796054
50282,171.86446331198206
50283,259.4636625371824
50284,293.54962325638263
50285,279.50419305714354
50286,604.0605286655419
50287,122.91842078523551
50288,359.9524665985224
50289,100.71881840866031
50290,219.5529102648784
50291,196.49216403470115
50292,132.55042204751928
50293,222.89188753332925
50294,355.96057276001574
50295,562.8176767607977
50296,245.5375305738654
50297,114.40584466180425
50298,194.04190930892082
50299,156.64599436305377
50300,182.72635520124004
50301,248.44957656662618
50302,373.51242543185697
50303,161.35247718111017
50304,321.58962417639555
50305,142.4736288885568
50306,627.8243300599339
50307,195.2868863211
50308,115.88187028183735
50309,123.23058226172306
50310,199.07250196448987
50311,372.5519348825377
50312,112.12235962087385
50313,118.2115402431962
50314,199.9233375247532
50315,153.98018136999286
50316,146.60104538636105
50317,96.29100869229799
50318,263.71658008519313
50319,295.1522246570436
50320,123.77031752532838
50321,127.5522641445784
50322,207.16033761605308
50323,268.9557292973074
50324,246.2703930077804
50325,621.62000329811
50326,256.973903315224
50327,202.61766850652447
50328,257.3290039996453
50329,221.033468433458
50330,250.0786256130191
50331,193.83721640218286
50332,451.4463967419115
50333,184.20511134498372
50334,983.6292003669072
50335,543.4123316887495
50336,446.8303339494226
50337,265.1964647632375
50338,146.43013853445441
50339,210.30379052936578
50340,77.29239086387736
50341,1117.4710366113188
50342,371.358613983785
50343,185.60912312344632
50344,175.49076262264137
50345,187.0885327379495
50346,571.3934958228483
50347,269.5448134439645
50348,192.11270410187606
50349,167.30660015681755
50350,102.93345243108601
50351,103.6875887706551
50352,750.1167266684165
50353,234.73339669950172
50354,644.0232978539204
50355,193.87624217009952
50356,683.5916193433184
50357,122.13270184414915
50358,120.65764010866177
50359,163.22123254369947
50360,1055.4002884426254
50361,201.8209678086453
50362,124.08298163140317
50363,253.5924160232776
50364,948.8228002276151
50365,197.51880493175693
50366,260.8645389300898
50367,102.1203710816936
50368,135.45677314890412
50369,309.96123697002054
50370,219.25375440283142
50371,260.3692559593175
50372,144.5329925167571
50373,307.48790911648314
50374,150.9159919986995
50375,266.90787181718065
50376,134.10410628417543
50377,111.36812229897372
50378,290.4509974755317
50379,148.88006155600675
50380,162.24043563267742
50381,142.11877877551134
50382,131.92093278856007
50383,725.8852325534482
50384,122.06811627189903
50385,180.35572343103004
50386,235.82333769827449
50387,252.41434611597623
50388,231.32957636311178
50389,159.49026331909096
50390,256.2567912291903
50391,373.1233531216968
50392,124.61844109708503
50393,406.0889073915212
50394,92.57607312009488
50395,357.8746586415035
50396,473.873673000472
50397,155.73205237814537
50398,609.9171824324285
50399,532.9954678533212
50400,438.28333447846603
50401,179.41214536248768
50402,170.70377866244166
50403,467.34778420874255
50404,130.71567164872292
50405,193.77812564639922
50406,116.40687939556884
50407,389.834741094766
50408,182.94814983950974
50409,149.68256773740578
50410,248.9654871247119
50411,114.6039102144702
50412,222.81659711165938
50413,858.4597799018085
50414,1939.0890198719596
50415,125.27387205465918
50416,171.78088712741288
50417,152.3179730736335
50418,163.55715534177804
50419,159.58231953605602
50420,193.20047594072207
50421,134.99164356783552
50422,516.3611606857199
50423,123.7852643873698
50424,164.0879746541773
50425,136.92842514296245
50426,225.58668872167098
50427,190.1192190395278
50428,312.47369513760367
50429,371.2379156307278
50430,417.85062496588574
50431,219.78551944332798
50432,449.4511445085177
50433,155.13278949926652
50434,333.4825891256123
50435,94.04780193848755
50436,182.62224448859044
50437,404.39707321849136
50438,588.6849385323125
50439,276.77009395699963
50440,235.711200675687
50441,236.09080692452545
50442,482.5987630146751
50443,268.6961812910924
50444,272.1500499494486
50445,121.4753399968753
50446,573.9862708407642
50447,189.95610356077722
50448,256.956278836905
50449,91.22488889497993
50450,376.29835222424
50451,116.12981920801623
50452,187.6712250976466
50453,280.7651271747791
50454,129.2551269730562
50455,553.425538324513
50456,316.64521718126093
50457,180.49717880668186
50458,242.43029060121432
50459,227.166822520526
50460,124.0974295134785
50461,171.73372802162507
50462,238.01393212146118
50463,201.24887684900435
50464,154.58698804998494
50465,1598.1549614475343
50466,311.937672903736
50467,586.1176676396753
50468,166.34315304050153
50469,293.69749094509507
50470,120.68239151088125
50471,217.84484775750803
50472,173.52957596350706
50473,451.9561770643675
50474,299.69237147575245
50475,191.19062128621
50476,234.4777240740552
50477,189.64389569474426
50478,268.2298778625129
50479,423.3085030732728
50480,140.8018696211612
50481,321.6609144862404
50482,180.17424256098082
50483,100.93558172371213
50484,253.65309496662863
50485,616.0462369726209
50486,74.42942486477367
50487,273.6746184246656
50488,150.48410464199006
50489,511.39869322149
50490,237.2942226312138
50491,168.91072966348673
50492,158.28757018458546
50493,170.1405068338179
50494,134.2969973569824
50495,165.53650793777973
50496,206.4489984384858
50497,128.10659438146203
50498,140.36497469089377
50499,132.72093111602987
50500,481.99363863834657
50501,147.71454003788082
50502,185.51071605344939
50503,320.4805551860372
50504,308.4320669722513
50505,192.0071469387951
50506,169.5826410778952
50507,108.16790373908619
50508,307.02385199160864
50509,155.3039134792873
50510,376.40339559663187
50511,328.6267510505548
50512,101.528667788621
50513,443.1334026187421
50514,205.6160786786146
50515,190.82333765772736
50516,614.2931301242153
50517,347.43296410174355
50518,139.34178906091927
50519,266.3145505046404
50520,460.10392688503646
50521,223.75554429679758
50522,193.56878068327168
50523,260.3715730826736
50524,343.80907931276784
50525,342.1973026358175
50526,461.2939073152364
50527,129.12196321748772
50528,344.1655866337204
50529,638.4556264423669
50530,231.74329803835138
50531,104.0140399048301
50532,220.409800059382
50533,136.65124016221037
50534,865.2068018053299
50535,203.96316268765793
50536,410.91039570166134
50537,185.49460058679935
50538,234.55336487339983
50539,240.01916886605642
50540,224.46750170466345
50541,257.48509993317174
50542,222.40209242804463
50543,750.1482807853229
50544,327.83151398871183
50545,202.51770743714
50546,136.82315813662365
50547,196.04871952965917
50548,196.1861665906431
50549,123.4597294587406
50550,124.76471617794925
50551,266.80875746061446
50552,141.54791120797174
50553,130.16472558761475
50554,179.72970530697677
50555,373.26537075479024
50556,223.78890710330916
50557,124.90468143152881
50558,127.64687249046477
50559,167.08364603793774
50560,218.25651893880033
50561,227.35611106645817
50562,225.83302735108788
50563,425.3470669233167
50564,149.40617818314846
50565,317.7151317455095
50566,202.63229439466792
50567,957.2815433504937
50568,85.98397812873868
50569,489.18172235545893
50570,878.983889804718
50571,142.8558986223239
50572,173.5198866099329
50573,621.7900883581888
50574,469.81527162122245
50575,386.25249678134213
50576,922.078915535342
50577,374.7476594242205
50578,514.1579031453354
50579,177.3855278976982
50580,237.090624275022
50581,199.98965206313719
50582,376.0003110553852
50583,91.3404960596628
50584,305.31972679878726
50585,425.9784411473819
50586,235.85255702389767
50587,829.9532044922829
50588,336.2982079287764
50589,193.90373705618836
50590,340.1700744395748
50591,259.0717411686877
50592,135.09092920154373
50593,314.1860411375599
50594,219.77699817525897
50595,179.65486726654512
50596,422.1618976534273
50597,242.03130766865794
50598,167.35626466853387
50599,264.942241018902
50600,233.70541640084133
50601,212.05252462330841
50602,170.46211645320284
50603,398.81510928606133
50604,155.86501625937626
50605,211.4802530794232
50606,204.40084523936864
50607,217.30514132477168
50608,219.29527628376675
50609,192.530464135025
50610,637.1809496389819
50611,258.608135692382
50612,200.3617942743249
50613,367.4129722102939
50614,176.78275665963196
50615,123.16285836908106
50616,212.62699663965495
50617,206.8559561185967
50618,79.09525783664847
50619,246.7605566950521
50620,251.54787047545273
50621,119.94396865973171
50622,314.68861306639985
50623,148.95921534105221
50624,425.095074231179
50625,179.38699380561837
50626,169.9181791236649
50627,246.64755313275606
50628,281.81354717339616
50629,292.2170315055018
50630,201.7585237220123
50631,196.15212386970182
50632,353.29331744537984
50633,152.25102798898615
50634,115.61234359284924
50635,130.78656313916053
50636,182.7130223867653
50637,179.59617369451644
50638,177.34793419449056
50639,291.3982702788562
50640,252.40716747862987
50641,352.9930723953817
50642,482.9814129845236
50643,193.44849164042444
50644,204.48110038355918
50645,304.29823107153186
50646,104.40101890288352
50647,166.17727463323175
50648,229.22275956720796
50649,139.77820762767857
50650,191.2689982016795
50651,215.32456681629688
50652,153.75705498824465
50653,266.2073882851938
50654,861.5269895140327
50655,333.17768502389305
50656,282.6126005275214
50657,180.26936980632283
50658,138.55840784765175
50659,172.70873854717854
50660,339.0939374369872
50661,245.72942628668153
50662,118.31684021586874
50663,142.7082133585849
50664,336.3012617561054
50665,287.963228648679
50666,259.5418862431675
50667,197.7919127135215
50668,253.16913894499427
50669,310.7548392222916
50670,429.32123343175476
50671,414.12657267475583
50672,154.97758192765065
50673,126.14026584820377
50674,128.72303890828812
50675,216.37021789293658
50676,362.77850830570577
50677,121.29323438814212
50678,166.5744029186129
50679,259.9489087538902
50680,158.7493214461101
50681,491.9536554871693
50682,624.0568255895225
50683,486.675004671195
50684,173.72037544649936
50685,196.46592265303784
50686,147.50795565396433
50687,354.7284048338663
50688,147.23886985745156
50689,701.8782890198448
50690,649.9477332853398
50691,229.25434668263586
50692,433.04737927990556
50693,223.56414049384327
50694,314.72621697374836
50695,122.62719678523483
50696,138.03491670238114
50697,187.70954925764872
50698,591.2771078537531
50699,160.0320356019699
50700,179.01419193699476
50701,507.08095552976346
50702,264.4985309967337
50703,398.81106381830773
50704,234.42237176828655
50705,263.9724942956329
50706,248.27285751867447
50707,79.78678272564225
50708,160.0932145171619
50709,183.79169486149502
50710,136.3873902264864
50711,172.0451252239596
50712,95.87854151971666
50713,185.66549173795005
50714,624.2794923957299
50715,167.60267253453424
50716,119.19133929131401
50717,128.32132524351468
50718,117.89457825358907
50719,799.3812744602236
50720,226.4177956548437
50721,280.5626345836438
50722,338.00974628785116
50723,252.0349814700353
50724,199.06991098046024
50725,730.2205275961261
50726,754.6470290519678
50727,220.32213691564166
50728,144.94332329283935
50729,194.46369408987383
50730,96.88837560349994
50731,351.8202817332727
50732,762.3371159281991
50733,222.22993075302819
50734,632.2062432560364
50735,202.55449893918828
50736,156.33353527401118
50737,93.0176274968055
50738,173.96269373288655
50739,191.81360062813675
50740,130.0317875624102
50741,260.5349216880258
50742,197.8275026482108
50743,118.6442812694559
50744,150.10617304435658
50745,111.95431354630102
50746,217.14245262131794
50747,290.8013923480521
50748,195.0269753175382
50749,216.11589241038723
50750,268.47854475634136
50751,128.378611600117
50752,347.8693994674311
50753,370.0109103904771
50754,283.13070737707244
50755,120.60629021631745
50756,196.60310181887687
50757,636.0573333454647
50758,105.24896301314462
50759,240.96497700312395
50760,331.339315516383
50761,425.08331039098124
50762,131.2332735999207
50763,178.69321431082406
50764,129.4845608100317
50765,222.94977194908384
50766,330.0656148626514
50767,233.78201853861867
50768,223.12591737137558
50769,199.31059203709017
50770,321.7572851084593
50771,129.97556447253783
50772,121.02907331673465
50773,116.96745798513716
50774,140.8390113420616
50775,135.4568212182971
50776,205.19405613672606
50777,489.38365080346836
50778,196.1474481815471
50779,179.36115657386674
50780,208.369244430477
50781,156.97114812085306
50782,107.83313621315261
50783,93.52272818268052
50784,1123.7963080526147
50785,249.68224675042407
50786,331.99549995526684
50787,383.50512040155957
50788,500.49208177951556
50789,92.64560392843408
50790,232.22381858259135
50791,364.9042381339482
50792,304.32502009104877
50793,131.30992347878046
50794,234.50675512077123
50795,125.65320411305241
50796,111.62836507756198
50797,142.98020680206656
50798,212.6079226789571
50799,260.0483267393044
50800,728.0021747512333
50801,636.9498639272553
50802,392.7499259767465
50803,367.8592485401347
50804,180.46710104700244
50805,457.13028346994827
50806,210.72714197278813
50807,159.6029060855518
50808,296.4481460951793
50809,197.69195942563306
50810,233.72160173222474
50811,262.68919227705527
50812,264.8298823856323
50813,202.66160612042722
50814,1634.9278051101635
50815,429.41834301940617
50816,230.7577065049206
50817,173.2737165363998
50818,239.4011845845676
50819,174.57352198383845
50820,147.57237228846498
50821,484.44188245845487
50822,292.7122367128515
50823,176.44039696702305
50824,911.444264577953
50825,159.42141992441415
50826,145.96415719716057
50827,245.32897907949487
50828,318.1240569095227
50829,197.06118247475246
50830,283.7704985303735
50831,249.89954900303886
50832,136.33006562315643
50833,190.28489461658108
50834,190.69660660744424
50835,333.75658251845465
50836,388.7015758612704
50837,153.2357496970409
50838,826.948474063218
50839,311.60129615238134
50840,1039.6915280795247
50841,138.90160655161162
50842,178.52288996845328
50843,229.06314102543598
50844,252.04260669010927
50845,932.3594380854486
50846,261.92745106176335
50847,253.38483855640501
50848,175.8420668502711
50849,202.8594534369272
50850,128.39542345245047
50851,199.70998512499278
50852,121.29085848592518
50853,109.82312056539692
50854,606.284108407358
50855,183.1631332051189
50856,159.54783673506756
50857,227.73547348779803
50858,240.58191543660357
50859,654.2491511004736
50860,185.2655032549876
50861,248.78881913614597
50862,204.958056262131
50863,271.3983253823061
50864,282.8254186289916
50865,591.1913975643271
50866,119.98416223061243
50867,274.22273456495424
50868,712.5134442860606
50869,227.78729908994998
50870,166.32595159986124
50871,400.1869288885085
50872,310.5479525752859
50873,226.51372956859905
50874,454.3787642793084
50875,151.65304040251627
50876,142.17752639302782
50877,122.830761751244
50878,118.1538816256708
50879,108.60121652407564
50880,317.69626416424694
50881,131.5595021259779
50882,1418.1941012375682
50883,234.2286074203254
50884,125.06880082570103
50885,212.2689949514588
50886,219.0199023084577
50887,163.53924451330673
50888,156.13182090423416
50889,458.1023586464261
50890,311.27874319438916
50891,440.9618035751035
50892,267.78201930931783
50893,397.4027490707882
50894,446.04114012350294
50895,391.6393357859596
50896,291.6433056205271
50897,405.77784636313385
50898,216.28104941819325
50899,293.67729300973724
50900,112.75975309806553
50901,2212.7724723839347
50902,311.5572413847511
50903,269.38632978401176
50904,277.18302771969655
50905,270.661346819212
50906,277.25696074557436
50907,239.2615004202784
50908,273.37031868657704
50909,144.7114800308071
50910,356.1978426786951
50911,798.8270269364036
50912,186.22230722253838
50913,281.58083235700894
50914,99.16958523515241
50915,216.67236165266024
50916,180.47315422680316
50917,751.3849888844002
50918,143.45683163228438
50919,138.50146306160497
50920,271.20394080460477
50921,82.40391848866997
50922,265.8546451127653
50923,164.51891533625619
50924,114.32209857490679
50925,104.32382173157444
50926,158.00475584135293
50927,64.89247074473732
50928,90.11391066069311
50929,218.63268972124976
50930,361.3440319321391
50931,237.18484157781975
50932,361.24177775010173
50933,355.2384051025655
50934,377.23303015599373
50935,380.7979187604885
50936,166.1172744887955
50937,196.93575038858043
50938,486.3296158272092
50939,218.54659302352897
50940,159.77116836324893
50941,495.0612557480301
50942,181.66050895019723
50943,518.5231798801993
50944,243.29831140958188
50945,120.26847257566
50946,292.8378946654252
50947,226.638526762762
50948,228.51186807242848
50949,195.17776040549188
50950,146.33098322492168
50951,220.07817240512216
50952,320.64130969800715
50953,407.9065413710484
50954,232.59776730217547
50955,226.14216131003838
50956,190.0925084567945
50957,183.9033899711819
50958,253.83908145371507
50959,192.6535306774837
50960,546.4232043667914
50961,1178.032318699871
50962,309.55653939618054
50963,216.58936929478114
50964,154.1674019831369
50965,150.29131532639724
50966,127.30807559131668
50967,234.41475622514497
50968,195.7168572666955
50969,177.15053077611225
50970,259.7645272259105
50971,172.9729989411144
50972,166.13596298596596
50973,199.38106838565312
50974,272.2695187659484
50975,175.64014341883538
50976,187.06282142153103
50977,133.60174249919683
50978,425.3652091744455
50979,239.38370872964083
50980,744.3469394873637
50981,213.72966392866817
50982,209.5782822877054
50983,105.29678483262543
50984,216.43624202471855
50985,183.04865001066528
50986,265.52667481005795
50987,194.7276127885117
50988,365.6294415602609
50989,289.9110090555157
50990,453.3620740600407
50991,408.77372000805343
50992,250.4336041862623
50993,298.65808967371413
50994,184.59175261566048
50995,231.65194361265392
50996,199.89538058565836
50997,102.30447884484072
50998,228.07430044862272
50999,245.55722359779347
51000,122.7480973083191
51001,240.1482615205278
51002,247.34157287389183
51003,257.78843008724346
51004,123.87611910809349
51005,123.05509019160712
51006,102.89345625643612
51007,210.7366875656744
51008,132.14070190820928
51009,96.3434318343936
51010,219.5568726867615
51011,1686.327453436554
51012,147.78497055582383
51013,150.33120037078885
51014,286.5190645243223
51015,333.07911924240756
51016,250.62291592846665
51017,398.5395019098521
51018,385.9758089081984
51019,130.92443216589928
51020,166.79813350114955
51021,155.1636212254337
51022,187.3879376570698
51023,150.4516846593626
51024,122.45257467159715
51025,78.85379891009416
51026,104.03430450257478
51027,104.67066455496725
51028,268.4237946636302
51029,253.06608798981767
51030,257.95339627116533
51031,322.6246204175337
51032,130.35806143554493
51033,59.486436298867254
51034,310.98625713880557
51035,176.95700397068003
51036,160.22148577573057
51037,319.23055436483907
51038,186.1347686406655
51039,283.43017892395784
51040,186.66591882010695
51041,117.61004875759365
51042,204.49424195679882
51043,98.39600279827404
51044,349.5925699866583
51045,200.34898431154718
51046,128.57702573905235
51047,88.99550662669155
51048,375.26873053528595
51049,199.6011191659331
51050,196.27226886928185
51051,130.20505909209663
51052,288.54226717717626
51053,104.36978044333306
51054,274.6097745695602
51055,233.2872277440278
51056,214.68395089055767
51057,117.95984814993426
51058,269.5335627666856
51059,1634.984321845105
51060,244.59244759396367
51061,158.67228991455264
51062,309.36302456746125
51063,205.2247551552683
51064,666.875874797011
51065,138.89771706496757
51066,913.0057356511101
51067,187.79715939940493
51068,236.1190248748291
51069,231.6885626312908
51070,223.37140620929986
51071,227.16861407304134
51072,229.30547668760062
51073,279.3394607707497
51074,317.94355110084956
51075,298.5914191142261
51076,821.3287946618441
51077,504.7943488994861
51078,105.96282455800888
51079,213.82349872718925
51080,200.18551916026288
51081,160.24019981638764
51082,415.26755898971385
51083,142.42164362213543
51084,295.5906392553964
51085,397.41177551321664
51086,189.22298092228095
51087,155.4434350457502
51088,175.3159300801229
51089,368.03005021169963
51090,113.24299228031941
51091,347.6800248791903
51092,374.13255146352674
51093,201.79647725777863
51094,68.39262725858393
51095,129.02489411224104
51096,295.49047154550425
51097,287.24601666396217
51098,196.04207719367622
51099,238.28828827291306
51100,192.33678321693262
51101,487.96035202054554
51102,101.11998161076356
51103,208.646484407328
51104,419.8928849804589
51105,375.3469360708704
51106,183.46967846400642
51107,263.66817716812454
51108,313.3506505081456
51109,245.76052619963173
51110,346.01379240981146
51111,242.7656439931462
51112,170.2561613194501
51113,215.23707058618533
51114,219.70574845632925
51115,183.20077474181028
51116,143.50554461055012
51117,307.49861588844357
51118,95.20405709663936
51119,337.4705448977861
51120,294.80562210835217
51121,2156.1519115533297
51122,398.9969846827551
51123,508.3454239347077
51124,293.276256934287
51125,201.51929746500235
51126,473.5752644370038
51127,236.95820648457266
51128,297.4073775443702
51129,425.6204111790852
51130,323.32792966875996
51131,249.64881563752195
51132,400.850647907019
51133,303.6853904190701
51134,94.24954425385666
51135,238.8503172364614
51136,355.87546409825575
51137,270.0819729629822
51138,114.10267962254912
51139,232.08406143698522
51140,100.41406709307638
51141,165.07741288778791
51142,1106.7369437621503
51143,80.9768577671135
51144,120.16029040551705
51145,162.74951987284436
51146,84.03561664177761
51147,677.5188223602637
51148,207.15633127585568
51149,799.5476068756549
51150,120.68380440304195
51151,216.22596041433485
51152,201.682086744417
51153,426.72081874170675
51154,161.56983432113267
51155,1031.3378785681916
51156,85.86048617198985
51157,162.90711686725624
51158,187.92159271440588
51159,306.20489339129534
51160,429.00852101490256
51161,146.36222130368554
51162,229.5313260741573
51163,236.24959269419074
51164,258.83112485804526
51165,183.9916951254394
51166,177.90270280691922
51167,167.7479683231672
51168,189.7829719382598
51169,194.8098391903112
51170,225.62570141118294
51171,452.90027448873303
51172,226.76706937637687
51173,229.81361522644934
51174,240.23985032015645
51175,171.50075995459758
51176,141.78448637109474
51177,210.02389603595378
51178,407.59376785853567
51179,259.4376096288399
51180,311.5211544784856
51181,293.31236849927905
51182,248.23601112540655
51183,290.19547827555704
51184,470.1464864394721
51185,190.66010329161784
51186,115.26970643538995
51187,297.3132286491126
51188,261.89325473343575
51189,258.04563809510773
51190,309.25517229454124
51191,147.13811319778358
51192,189.20336551591944
51193,474.5541109885507
51194,175.00442610565494
51195,548.0933695881212
51196,330.45724037662853
51197,87.75377789977253
51198,277.4694543337386
51199,427.27269493446323
51200,300.0212271985041
51201,78.45996112651937
51202,491.1272306964704
51203,140.68514073640821
51204,542.6022808091353
51205,184.5275200291427
51206,201.84444779813245
51207,122.23169094532032
51208,196.88656900918633
51209,137.59190495259068
51210,465.2690286023017
51211,102.47242587817925
51212,268.2529746822496
51213,674.9589027625185
51214,111.45155238100392
51215,136.57012966157575
51216,323.0517936716114
51217,215.96289755568634
51218,135.25794186229476
51219,122.53375099289755
51220,545.6809495048218
51221,173.53793848837432
51222,133.56199317031175
51223,104.38205515994503
51224,280.9714013538204
51225,123.12127129697895
51226,150.5410263404597
51227,162.22560175278983
51228,395.57240729205705
51229,241.47818193119792
51230,255.155984431081
51231,162.84407180190837
51232,241.29948953822083
51233,159.7087049703731
51234,144.0064843297805
51235,183.50271782249638
51236,777.4686626000251
51237,153.78744991292427
51238,95.90022177976783
51239,690.1073067218449
51240,202.1168700506586
51241,199.39811852111376
51242,204.65911680882655
51243,170.14622124662523
51244,211.74131601770648
51245,346.9804725106713
51246,448.79627078733927
51247,143.92244944232448
51248,171.2149639899589
51249,336.19542760774
51250,166.5869264775189
51251,202.21673257167515
51252,593.5597152141062
51253,99.06963471784917
51254,115.36296548649234
51255,267.4415868735869
51256,152.26030513760898
51257,374.21787675402487
51258,163.80616296345798
51259,136.12828501479186
51260,149.41603778179748
51261,168.7957834093178
51262,256.90379175765645
51263,104.45033650985673
51264,113.8976849773173
51265,248.0911846510878
51266,94.52813866385677
51267,218.1763324092259
51268,217.05484538799837
51269,229.0744883220395
51270,455.2408445021995
51271,254.48523525412517
51272,404.6037789929385
51273,189.71418207416775
51274,122.86873058554906
51275,136.8942871671209
51276,119.9204396111279
51277,388.03259408042436
51278,151.30751038974773
51279,251.71436974708823
51280,766.4962043223798
51281,769.8068529507656
51282,232.02570195185316
51283,194.30317824542536
51284,98.57725059432622
51285,297.5933530487398
51286,186.04355583676653
51287,141.76631404178093
51288,115.28472873158664
51289,205.40703843709903
51290,157.28938489887997
51291,418.72693560502324
51292,346.14162101088095
51293,157.9749110824568
51294,274.1177342665848
51295,218.09413434306222
51296,268.13330952795843
51297,100.07652910838732
51298,314.65527345400494
51299,127.00326332685907
51300,621.1412025914483
51301,259.7306580157641
51302,122.26232700559794
51303,149.5780496149438
51304,231.70210228216536
51305,497.97358327997773
51306,187.26960699350212
51307,266.071633880145
51308,161.71072987724443
51309,159.10283301424377
51310,191.09168233066433
51311,293.68242785399985
51312,362.00476668056103
51313,132.31717429592175
51314,130.03381534725574
51315,297.4985713103337
51316,206.2025703131483
51317,144.8388204516891
51318,159.8325806475897
51319,303.0203805982526
51320,213.87280433127967
51321,120.63086319169994
51322,141.1243280966959
51323,116.728881981773
51324,182.9604959530943
51325,138.5563338894086
51326,269.89736491346406
51327,375.9986552397143
51328,735.3628848149881
51329,159.2052641953036
51330,275.9962185603826
51331,210.2786770457548
51332,333.94150343001166
51333,249.63025872898402
51334,219.53291212276272
51335,170.04215659813488
51336,461.7634766634015
51337,315.54650457324107
51338,157.54515868832078
51339,244.18263547178992
51340,376.07667272200297
51341,113.52511930135843
51342,215.26950046276738
51343,162.9852445013564
51344,190.58836867543965
51345,309.71498377910774
51346,539.2426996428558
51347,202.11314888713008
51348,235.44415855627602
51349,181.05617744853146
51350,451.65377819687836
51351,260.55445709775546
51352,194.1516122346082
51353,128.8605613502287
51354,113.09758268434351
51355,486.11717963833854
51356,233.67887963147385
51357,155.51038352772918
51358,529.6197438373935
51359,72.30078647980841
51360,244.7197758210537
51361,456.61471116812004
51362,201.6127636890013
51363,332.8456927358163
51364,515.0179598793146
51365,455.5709685310156
51366,157.8873452274399
51367,185.92233905482396
51368,396.59657200382037
51369,173.0975019247695
51370,235.56460807877679
51371,150.51793136026268
51372,247.17276459782292
51373,144.51826483016322
51374,124.96393987551977
51375,261.16040908799476
51376,205.27818580911455
51377,174.4612798341959
51378,332.6603399415662
51379,623.6513080508388
51380,160.9238080188559
51381,214.11481478762752
51382,218.22297428547154
51383,121.90140380356347
51384,192.038455964634
51385,101.07946280174458
51386,90.67095259183114
51387,137.24954743425562
51388,200.78010142534254
51389,611.0550496962808
51390,476.88870551352375
51391,429.8831424853668
51392,155.3948227942724
51393,167.8640064226207
51394,175.16795089253063
51395,161.60720754258807
51396,447.72140743735775
51397,610.9550991693513
51398,197.22584080752887
51399,132.50967760791835
51400,211.50163738252056
51401,504.1002082048087
51402,134.11083177431797
51403,513.1585431417725
51404,192.06959060852017
51405,164.9494357779094
51406,192.17913876832858
51407,107.70827444812457
51408,312.6863964432472
51409,213.88410600901037
51410,542.2740801559779
51411,231.90171542587441
51412,219.65447166705567
51413,143.02708357824875
51414,340.1747400671581
51415,123.0956634799394
51416,131.48680286363017
51417,193.53706730947454
51418,258.5790555860277
51419,108.92055274489385
51420,229.0201533277308
51421,264.33723468450427
51422,125.30466457391697
51423,181.17923399209658
51424,433.0038313157617
51425,805.9867257004543
51426,400.1006242394483
51427,124.34010208963498
51428,600.250772865232
51429,234.5678968876245
51430,430.6634635904981
51431,211.74356065291929
51432,193.58581836274507
51433,124.21985455254786
51434,1012.2527993457236
51435,126.10929445234288
51436,771.5887270148575
51437,191.98704047465097
51438,161.98721762229434
51439,335.9387399108184
51440,155.04701549257896
51441,238.65375927335964
51442,148.49906457485173
51443,234.3919102502662
51444,427.0150297978224
51445,200.31355472057817
51446,83.43415757313277
51447,263.9095947998259
51448,115.91682030231583
51449,182.93151489069288
51450,135.29714001266893
51451,403.80499921581196
51452,275.24867565724685
51453,190.54896541670968
51454,206.12304359392417
51455,136.1116910417343
51456,132.113502951096
51457,195.8312779816412
51458,131.5444952516332
51459,530.4568573693936
51460,102.08371576669019
51461,370.70631742822985
51462,307.6974857111048
51463,134.07383843168765
51464,131.7665758650777
51465,214.54573518355016
51466,200.86199349663914
51467,1244.4239164593027
51468,396.76564136348736
51469,246.7156962720471
51470,134.30739758060307
51471,116.56237163131149
51472,216.15450115088154
51473,99.4539969221512
51474,281.1620030417492
51475,455.98290628764227
51476,124.45220891971191
51477,284.6163471910507
51478,508.12486186346246
51479,249.8470263995684
51480,242.65127592627553
51481,138.38043451599472
51482,163.68355461454982
51483,454.794524708248
51484,220.77087766592786
51485,507.0751524760253
51486,211.10194024859646
51487,121.37017271287613
51488,213.869482045311
51489,251.4108115425435
51490,314.9763900475615
51491,103.08006544588696
51492,328.2271201446244
51493,111.43541557231579
51494,164.38584533468864
51495,221.5775009895946
51496,243.20560595611587
51497,195.7627729310632
51498,127.62518280913467
51499,494.5224558701314
51500,153.51837288576593
51501,326.45401655478446
51502,92.14783915153984
51503,357.3774966049247
51504,269.7693047393082
51505,128.92889366915188
51506,482.9975071630297
51507,152.7434231704063
51508,131.1469621764432
51509,172.03737690614287
51510,135.07931440742175
51511,436.7725953679366
51512,188.6326319171402
51513,89.99089355846992
51514,440.7525889375247
51515,121.13134893295107
51516,156.38531328119961
51517,278.21498075129415
51518,304.67344287095585
51519,285.93458306879955
51520,172.99192150040565
51521,173.25034013224476
51522,238.47090924507458
51523,375.49017551902375
51524,352.32370914339305
51525,205.37746742911887
51526,604.6942658687612
51527,275.34466610066977
51528,132.2756626535776
51529,190.00716027588567
51530,177.65397968372304
51531,420.4371776336819
51532,66.91459328566313
51533,309.6540503596923
51534,207.01341247259893
51535,2479.880351008622
51536,781.4566845407895
51537,255.42316520189004
51538,156.7521606533193
51539,341.9682535683897
51540,330.91278781276543
51541,277.95233050825084
51542,190.84929783279904
51543,86.04561930745906
51544,163.44462805606761
51545,113.92594262182733
51546,289.4631064944795
51547,142.53707278264218
51548,153.20102192651473
51549,119.17658508326343
51550,249.05643459610067
51551,155.472221262512
51552,271.94370789136485
51553,161.51835115793568
51554,150.36073068232076
51555,194.9528882894885
51556,346.1906180843075
51557,174.30472050682562
51558,164.17089887762674
51559,243.84599107448474
51560,576.8612707682886
51561,360.8044473317105
51562,92.17925318355711
51563,138.6390633869958
51564,275.142666821941
51565,187.17813081071216
51566,365.3601639711414
51567,668.5752311387243
51568,709.888735573485
51569,168.22575707898864
51570,273.09770859906814
51571,116.63002865138692
51572,128.05307093285575
51573,215.91360324417076
51574,202.37904536490194
51575,612.8173631092804
51576,446.7845650892425
51577,158.49694895689748
51578,1553.3381654697162
51579,328.4489779616591
51580,133.27681272006208
51581,237.98652935404266
51582,321.0277381011916
51583,502.052339637755
51584,138.01319754212727
51585,158.15276684874667
51586,104.81616470142659
51587,137.6921243338323
51588,248.84471659002494
51589,199.5194572933519
51590,594.8831621207321
51591,160.04292480502923
51592,106.82876734742791
51593,374.3683387608381
51594,204.540862835478
51595,371.0467284003087
51596,218.95485650702244
51597,191.40544332206886
51598,248.60502461485606
51599,984.4507453076001
51600,582.808866237266
51601,257.5433377974165
51602,309.2013804931424
51603,185.32368338392922
51604,219.12986688304582
51605,739.3283212959901
51606,182.08638882638425
51607,117.17244321358822
51608,307.81932552503923
51609,223.35668087088902
51610,146.41590276762335
51611,326.32303664943413
51612,1067.903247062339
51613,325.57170335637795
51614,293.97781832148627
51615,320.7565616210958
51616,119.42794388574166
51617,153.675021486467
51618,89.03730499236075
51619,116.18498401043695
51620,1151.9715263996256
51621,154.0739777206623
51622,542.9052243385883
51623,253.51816645425103
51624,187.9075380369257
51625,139.95708707316365
51626,182.94185464339785
51627,155.1640914258036
51628,414.85347084949103
51629,136.69502578492057
51630,167.2990566729394
51631,117.24138027223087
51632,168.44026086724065
51633,484.2390637187173
51634,130.35182988597776
51635,229.95443443569982
51636,104.33214976538447
51637,129.03489401137435
51638,120.33143979400595
51639,221.17360533361938
51640,208.1384097823699
51641,145.005316535927
51642,346.33972675837344
51643,283.80386190740745
51644,272.42524670619764
51645,182.69362759164707
51646,149.72427965721997
51647,159.31815386123083
51648,91.85614312984384
51649,233.68071008106435
51650,241.61226277555423
51651,245.3745610870305
51652,184.79151276989194
51653,173.9165770135744
51654,168.10704382634415
51655,256.67264657333664
51656,179.42057849113382
51657,119.76528662874269
51658,221.68573999908472
51659,316.57407222432016
51660,143.70913694860155
51661,163.11814215791244
51662,1045.8364668736772
51663,335.4859051618969
51664,432.79434510038885
51665,235.83866279779957
51666,162.73140047719022
51667,380.27344597380454
51668,120.47463753168643
51669,336.36927629396337
51670,719.1744299205483
51671,220.73260540151597
51672,233.60127981688154
51673,249.9397985855485
51674,165.9112429745806
51675,225.67777193497392
51676,1883.8691875083184
51677,186.61835213341874
51678,155.76585526755017
51679,214.51196417655993
51680,212.18985528809623
51681,140.18353911264313
51682,149.95290393561422
51683,260.51910886039906
51684,117.88977576446582
51685,97.71714894578538
51686,140.21299954000824
51687,258.4221562414688
51688,117.33491945847172
51689,154.28607644784353
51690,193.61966849730254
51691,141.8569127751226
51692,285.8634486958533
51693,592.5036855148454
51694,195.4171198453921
51695,506.56977613557046
51696,288.2258174109198
51697,510.14713947813857
51698,131.57784614035455
51699,172.460016625608
51700,291.44011342557326
51701,124.63037065207794
51702,190.18984284689424
51703,152.74974515027205
51704,160.23084359179398
51705,142.87390451450966
51706,1086.6801175662529
51707,174.55178367205326
51708,240.77069774644946
