id,realSum
36196,405.05976668182717
36197,748.0490915334066
36198,942.5855465632721
36199,195.3010353196146
36200,382.721940922511
36201,874.3735684049631
36202,1504.0892770720798
36203,312.0140899608168
36204,684.0328863234869
36205,239.7316745399747
36206,328.06552092166646
36207,465.38860221763906
36208,263.00653535152657
36209,215.7914233789223
36210,181.37863813606825
36211,403.96501382614053
36212,240.85884382947634
36213,157.3570617262512
36214,138.4821587674851
36215,178.18061277234276
36216,352.7379628448728
36217,227.96253668982666
36218,447.5730509419856
36219,141.02996296133443
36220,461.87159125128863
36221,338.17681274754113
36222,212.85354032317827
36223,419.31316027555886
36224,277.49660791562087
36225,818.2799669990617
36226,395.21110595359437
36227,569.6818794878045
36228,1580.449919041562
36229,267.87382489786233
36230,305.1872668758258
36231,255.78755013748025
36232,199.65327134220828
36233,234.155647243244
36234,142.92090407099786
36235,485.85375447349816
36236,158.3430206002909
36237,219.87188468060594
36238,184.3729805388313
36239,228.3741798509168
36240,457.88490213121366
36241,248.04155762706876
36242,142.48131930718964
36243,258.68521287334664
36244,233.28162217384096
36245,224.81490317022178
36246,414.03365956101817
36247,235.36636579322538
36248,420.8061499140894
36249,408.5504871460801
36250,314.45690598539085
36251,294.46982141929055
36252,369.38128061956985
36253,1061.712275523695
36254,377.0677346043809
36255,318.774110999918
36256,215.9339485899126
36257,282.5842706522303
36258,190.93443938412793
36259,391.98928039567653
36260,338.7033178304518
36261,193.02629224941188
36262,151.4331322563027
36263,155.54615166525414
36264,124.7757422790982
36265,682.318229364452
36266,256.1884685813801
36267,282.6599597162988
36268,261.59513458260267
36269,209.04358357876276
36270,484.91894850027023
36271,250.47352473609965
36272,308.6127533859963
36273,455.9439850899595
36274,138.96598936782928
36275,322.52408050708743
36276,316.2668359058551
36277,232.02662738818086
36278,149.52463015464883
36279,326.28154458095537
36280,188.35809768869504
36281,180.7490526911176
36282,133.59405083465555
36283,140.47208127539946
36284,213.34985947289914
36285,196.6428704339114
36286,350.7278109474613
36287,382.6198960595557
36288,196.8698530504398
36289,87.74910614986804
36290,697.3949383880166
36291,241.0232358939097
36292,305.47895655600325
36293,536.2298782565026
36294,162.61087261746886
36295,296.33052983223837
36296,579.5655411659973
36297,197.42850482679756
36298,343.94962355345956
36299,156.15490326366913
36300,152.72361450035328
36301,624.1953250055016
36302,242.72921443075944
36303,258.06563403570544
36304,232.9322916184356
36305,150.69591505523553
36306,136.23543555815732
36307,358.526819905351
36308,338.6995642343668
36309,313.5638634311025
36310,226.20432321354002
36311,446.53348073750175
36312,411.79706696202106
36313,344.05944268860554
36314,238.32624391294047
36315,175.76781304916867
36316,633.2346753122343
36317,185.40435582733744
36318,137.42637080726075
36319,203.31607355436358
36320,1017.6426951947177
36321,354.39898517841146
36322,270.51599906015537
36323,276.82742281766576
36324,320.39209171817697
36325,315.936014976157
36326,230.81279252091545
36327,289.85303379491364
36328,360.3120273611795
36329,148.78918329791296
36330,128.5620020988018
36331,212.99778162262845
36332,425.66745330169175
36333,303.071429850989
36334,397.48046829461214
36335,265.92403908955663
36336,287.42180649300144
36337,213.099373190381
36338,257.2798652647514
36339,168.1115786572631
36340,228.09521585376123
36341,179.05283932259388
36342,231.18693267516662
36343,165.31156184429372
36344,227.041100498898
36345,150.08974386412393
36346,215.0786034469322
36347,227.08057683868537
36348,307.786336031756
36349,112.19039415327632
36350,244.1107368297379
36351,180.34445209576282
36352,205.8424802931649
36353,357.20943315662714
36354,223.57611486582005
36355,221.42090037841936
36356,243.20485189941215
36357,261.4818169408839
36358,541.4636949742895
36359,286.3175484200499
36360,310.11116889989904
36361,352.3760857459497
36362,368.5549145296155
36363,221.94263142511846
36364,398.8863017335292
36365,302.37274285432113
36366,271.0549427067086
36367,255.72451047514448
36368,251.78640513880606
36369,535.0479818544756
36370,631.4124730346517
36371,267.5054250971103
36372,263.86837142306314
36373,245.73680035451218
36374,315.458103930802
36375,154.40459748475558
36376,289.6410016520493
36377,228.66932823445052
36378,163.21232607470031
36379,240.35558461648787
36380,152.99170979106827
36381,299.37951416501517
36382,258.3587121510246
36383,156.16477173965538
36384,476.7902917083553
36385,153.7375003468928
36386,336.6231130142814
36387,127.19546484695884
36388,159.64415088253955
36389,227.44738986229063
36390,162.36048433054486
36391,663.1132440270765
36392,252.74588646414028
36393,127.68958707937233
36394,177.5092412426656
36395,562.6340548616214
36396,491.45741101190134
36397,188.1794683978286
36398,133.41382346911217
36399,425.6236630324705
36400,306.3025564712125
36401,166.4510902371755
36402,203.23810511360273
36403,230.71397033989572
36404,195.51362080666746
36405,216.4382018813351
36406,142.24714868626083
36407,222.4530371196498
36408,193.40807485083246
36409,317.6382173339813
36410,215.8189373413992
36411,252.61261545892992
36412,177.87130616904096
36413,272.84184874077056
36414,188.24411451053646
36415,927.7923281327793
36416,198.64405091276456
36417,482.3700689469905
36418,154.66339911783837
36419,272.8221521372415
36420,153.66580485572328
36421,754.2535994605123
36422,246.72743160849902
36423,217.66168923919926
36424,214.54668242518738
36425,163.67977218728845
36426,131.34130848597155
36427,284.42766674891203
36428,259.1487880773162
36429,1542.85699773554
36430,382.9087568771265
36431,977.8059490818243
36432,505.92551836530964
36433,139.3726244806307
36434,253.7334463201836
36435,369.5124349833435
36436,282.2889396912724
36437,262.5992009112226
36438,268.5917967045045
36439,200.81587924947956
36440,669.8059215362066
36441,366.5697828709146
36442,359.0815692162979
36443,208.39129979496897
36444,243.7973732020501
36445,294.0270200416638
36446,374.9941082081084
36447,207.73157141663756
36448,214.604205376357
36449,1407.240988034968
36450,303.7611433668961
36451,146.45778387479436
36452,819.5016551765303
36453,445.8538359282971
36454,1416.508345369889
36455,130.18743290203844
36456,142.54670456874297
36457,161.1304788026872
36458,512.4321480658417
36459,321.63565975347507
36460,197.038299915915
36461,329.54073503173237
36462,485.6895479653213
36463,150.73128608712142
36464,313.2258446797648
36465,259.2729668739472
36466,132.27113902252916
36467,348.1500099824866
36468,238.0520897894008
36469,191.21401740359536
36470,519.1964131003714
36471,523.3156227949299
36472,174.2246740602149
36473,135.72889791471422
36474,528.7812495541908
36475,356.902772753924
36476,209.71396545640235
36477,428.77148438817295
36478,229.54318188644797
36479,185.07572970618247
36480,230.5688089771458
36481,503.16979777301015
36482,429.668281657683
36483,210.11233339098575
36484,477.00802705508346
36485,161.96602482244396
36486,530.523270525535
36487,444.0651278912238
36488,180.31469969567945
36489,359.5071074436669
36490,161.92291746557527
36491,169.59390558184833
36492,682.3171791379845
36493,324.4763850762273
36494,254.27887972262644
36495,243.05816103763038
36496,416.9749382610736
36497,192.69267231593548
36498,195.2012182481099
36499,892.3580905837704
36500,159.39207579974845
36501,151.53448528216938
36502,196.50893197766706
36503,289.0475476154049
36504,540.3110248398303
36505,197.41054702972238
36506,205.78256174805787
36507,496.9934406918867
36508,546.1248642516584
36509,217.35257170055596
36510,238.1580725965575
36511,352.4207871916627
36512,363.5543085748811
36513,1496.505442795698
36514,194.7143663997755
36515,388.93967014081045
36516,242.22347094987447
36517,190.74614842047043
36518,233.25776164118312
36519,251.63983275944142
36520,226.31886174673875
36521,228.2255567729341
36522,140.59721566107905
36523,243.69562072407467
36524,1557.3822502611483
36525,169.38448927818408
36526,199.75348660118976
36527,267.78393296371297
36528,391.52572081002586
36529,208.2714710047244
36530,285.706325952533
36531,180.07127165721764
36532,229.77605061377753
36533,223.374616326001
36534,243.88896549554457
36535,195.61540918947372
36536,246.53922070617438
36537,361.54885386426736
36538,212.20258160789166
36539,404.968804980162
36540,245.82360011743563
36541,122.18285235230536
36542,297.7849680311577
36543,262.74150462937587
36544,148.7413829165169
36545,143.38702337062728
36546,2431.5262090137317
36547,129.7277941972762
36548,136.33969418777457
36549,162.93679230676793
36550,428.24396548373466
36551,251.99236392778636
36552,180.25082723240936
36553,209.940441530461
36554,394.5417862243567
36555,176.56996043198149
36556,153.40112877088268
36557,266.8011349902361
36558,204.24207222624503
36559,387.16363330290926
36560,156.49707482988254
36561,496.5750741664892
36562,266.6900908099555
36563,188.13583509438902
36564,148.12680481732298
36565,202.93009464712657
36566,348.55854028627596
36567,219.11244991931324
36568,124.19166211806011
36569,334.64722022815675
36570,161.7899160211696
36571,199.01956258158555
36572,236.18467441827048
36573,285.3489691495682
36574,213.34110543968748
36575,717.6946603121145
36576,421.09557982808656
36577,289.8839715629248
36578,223.7436005749859
36579,271.8195038681197
36580,132.0757950335924
36581,309.29848034249204
36582,304.92435939603456
36583,313.8074290471432
36584,279.7272516531391
36585,412.2949838857375
36586,211.1819591879295
36587,581.7604116696933
36588,179.67402751085837
36589,177.88050797234456
36590,212.4134140274957
36591,217.21583797709243
36592,261.39862102483585
36593,357.54357340026064
36594,595.4301738210968
36595,265.83719572869643
36596,134.92855584700231
36597,217.0925876308877
36598,276.1673963435669
36599,171.39991508455162
36600,327.13002356965063
36601,158.61564448933552
36602,332.17633597722477
36603,138.9831413367289
36604,721.187796019659
36605,2666.8649386312177
36606,137.40305645127407
36607,1586.7445668871069
36608,190.5457144034739
36609,181.76277583840536
36610,379.1538315924354
36611,225.899143454586
36612,465.56382271581845
36613,254.19751431233206
36614,256.8952899536001
36615,214.16484862817563
36616,242.00173144301522
36617,368.54124094371326
36618,199.03982520390204
36619,449.15816026867117
36620,256.86906695889706
36621,178.63147025558038
36622,144.55587555045636
36623,116.80980951896659
36624,151.36398097777214
36625,734.4622857581556
36626,262.44396939387434
36627,251.58331272370685
36628,295.81925615365685
36629,359.27728639997844
36630,126.56442832256049
36631,435.98196791279213
36632,227.80209443037333
36633,246.24397195854178
36634,173.04432181499402
36635,268.15355969099215
36636,346.0568733986519
36637,341.3500843802404
36638,278.7806172066564
36639,304.26676671398315
36640,195.18810525260463
36641,591.2657444950296
36642,235.01678201216123
36643,127.44018218482931
36644,133.17984813933901
36645,235.00668096374366
36646,259.9945536870834
36647,365.36797242447915
36648,876.8515882021292
36649,157.36307259338386
36650,1171.1738782166099
36651,420.131878833527
36652,171.45212715192974
36653,320.0235964394715
36654,364.1626768515747
36655,178.26391214298727
36656,437.41755472776276
36657,262.60380467305555
36658,231.9846038602451
36659,160.14717990966778
36660,249.3597116018747
36661,201.4604214345728
36662,184.72925868620464
36663,150.94655217046994
36664,190.31121657096537
36665,162.09106251927366
36666,120.78848581343725
36667,342.7908833469151
36668,437.1847096086147
36669,133.8474960827592
36670,192.8062078733267
36671,302.50937851094847
36672,544.7146854878062
36673,254.20876463348313
36674,225.38524575797626
36675,202.6669688041414
36676,325.467365441126
36677,406.59864188202084
36678,232.580827126782
36679,178.73358399267292
36680,289.89339411446747
36681,593.409493318572
36682,242.29888447549018
36683,469.3274738000177
36684,185.7521760842935
36685,880.6142036245795
36686,225.96874011657962
36687,275.7824705962876
36688,180.81332233538083
36689,243.44738338986735
36690,197.00248512405807
36691,1524.1814240255128
36692,276.17195181522163
36693,484.52155078161576
36694,167.1277519833531
36695,157.4088356481653
36696,148.7025314293256
36697,232.39694212964574
36698,257.5152519518123
36699,209.52696412181734
36700,201.54757870480506
36701,478.2567233502488
36702,137.6937413830636
36703,317.3301045284279
36704,171.77457991870455
36705,179.1356325236104
36706,143.64754107814412
36707,337.1024062726982
36708,311.3102657331795
36709,597.8447454166434
36710,144.23214068169293
36711,210.48714687757024
36712,219.02950837312343
36713,149.10167261393775
36714,175.75094626095748
36715,136.33946788443833
36716,140.59721566107905
36717,166.129734419875
36718,170.85457199707784
36719,188.2323933215486
36720,329.89319255329735
36721,377.0403569811263
36722,1245.3011519923357
36723,296.7295705125974
36724,609.5754660865507
36725,263.5096388198746
36726,154.91255057329346
36727,279.63527992121357
36728,223.08095977540015
36729,1052.8068512341863
36730,158.40476195592157
36731,343.2136176035715
36732,222.8401497699278
36733,154.6333890544049
36734,113.26009779167516
36735,170.67750290823383
36736,124.82806362351342
36737,442.60987718571414
36738,145.48231654248886
36739,89.20869811770696
36740,287.8759397429351
36741,138.30266343662547
36742,153.55862509390636
36743,146.91144754344919
36744,398.54340637157316
36745,145.32611436635258
36746,197.69241941850203
36747,122.51801997697379
36748,217.27242512268816
36749,579.8084319302243
36750,123.48075956816103
36751,287.59842067635867
36752,524.4898851239587
36753,553.8819791106675
36754,265.4860706054865
36755,505.6022955209076
36756,169.26601565711587
36757,353.6514388248979
36758,613.1467976845676
36759,202.42336014691512
36760,265.40343169067705
36761,245.97060640108396
36762,234.75434632160844
36763,115.77857893945637
36764,337.2809753565164
36765,181.78459944830323
36766,308.4910812289214
36767,869.2456614118248
36768,259.05821506920387
36769,195.83039131062182
36770,132.83608356916855
36771,170.30391127046903
36772,130.94395549785665
36773,421.1344908448323
36774,176.87987079891826
36775,287.2347535429016
36776,155.95111702859668
36777,102.91319420783738
36778,109.98665959884896
36779,268.38213648164276
36780,185.24622428619503
36781,271.62390722924965
36782,188.84803642815712
36783,268.80169287679155
36784,339.2047391430988
36785,422.5486415116765
36786,136.7803321295177
36787,316.19308733630976
36788,294.0136202850305
36789,530.3864704998108
36790,405.06033648622184
36791,649.925776212745
36792,159.71757136024513
36793,159.5924980094996
36794,194.88858302156353
36795,259.47693141348367
36796,405.03807562760886
36797,595.8078813606274
36798,545.5379768007849
36799,302.26516176438076
36800,255.8504216388864
36801,697.8575886524233
36802,373.9950913231726
36803,335.0857088288535
36804,266.61247563790647
36805,193.90248430598712
36806,956.0859347948967
36807,205.79837388041128
36808,244.86093497244667
36809,254.06766587246932
36810,368.24890381670457
36811,361.13691997242637
36812,258.00887057416156
36813,161.15776057727413
36814,1038.2337000204825
36815,137.72892906456974
36816,195.29185598812245
36817,254.0027472515676
36818,232.56384823619032
36819,141.2167475668487
36820,235.62986519468387
36821,294.52226116679276
36822,620.4043750812747
36823,462.8752429976952
36824,437.8809644965247
36825,373.42699584194406
36826,285.68740072874226
36827,189.7718656689736
36828,211.54184993010549
36829,356.9320895248418
36830,1405.0487990840652
36831,455.8933594055531
36832,195.63209618976546
36833,220.104625639843
36834,253.30882474698197
36835,394.6843447241794
36836,225.41164541740423
36837,198.03683194745017
36838,215.36333056716575
36839,159.6041737978939
36840,292.98299052383754
36841,217.58849909462975
36842,157.08698288467596
36843,260.063275128391
36844,327.3110796349156
36845,166.11389515441584
36846,581.0856123233951
36847,219.7158709627764
36848,271.0756178821616
36849,183.72495259267328
36850,269.5071863101325
36851,129.47465010914746
36852,576.5427627235973
36853,207.13217465619022
36854,157.16176272248248
36855,300.2970089614907
36856,113.91283771155759
36857,316.278622362846
36858,405.62541220645505
36859,342.85761927036197
36860,382.07956736363485
36861,453.1242165260672
36862,203.61074831033014
36863,152.85136317972774
36864,243.39029498278873
36865,219.68658034210895
36866,144.6984389415381
36867,172.22938392981595
36868,195.7879781367957
36869,188.64126027811807
36870,269.09756489428537
36871,144.15222254595867
36872,176.02278910160115
36873,320.0603504635913
36874,404.1871521456326
36875,289.45058524419835
36876,252.02218154266845
36877,479.20605275380177
36878,258.3554846671018
36879,136.10212852530515
36880,175.5271158124731
36881,119.6587553473776
36882,383.0351783546456
36883,507.86086566555673
36884,128.14074945768726
36885,190.50857441897043
36886,260.42326781239206
36887,195.5703169956234
36888,494.02686668532283
36889,182.02500934963152
36890,340.2341626916379
36891,264.8326236488944
36892,1119.140303927976
36893,487.0426162489094
36894,280.65435577326616
36895,289.3863097320852
36896,141.26795436283044
36897,443.99886527927475
36898,162.3351683443075
36899,154.16244288156113
36900,275.45340657591044
36901,128.1552954213309
36902,155.50106097080226
36903,287.7343223989361
36904,128.9222241468145
36905,226.4870965016049
36906,163.36454547249633
36907,480.88051782494864
36908,232.4261777369667
36909,287.74392942644437
36910,248.5644859216725
36911,405.638282307289
36912,183.86873387166423
36913,183.74996266305084
36914,117.31142661076892
36915,138.1463254390479
36916,207.5640119174703
36917,210.11208481116066
36918,250.95858119413006
36919,294.87531019275406
36920,127.77636236723295
36921,359.0756659922295
36922,153.85213748754327
36923,166.8497376840602
36924,166.59420095476673
36925,180.67357677873014
36926,150.56737970562344
36927,292.1220345696076
36928,170.33317432358658
36929,184.65553853250364
36930,259.62255926891453
36931,674.760902908972
36932,139.074592626359
36933,183.85751638492917
36934,148.1102659798377
36935,228.0705109145004
36936,178.34543279202387
36937,322.4062972409834
36938,355.04611935075974
36939,312.6507836254847
36940,167.7677693875063
36941,154.5250479786323
36942,173.95096934795163
36943,1448.438280379564
36944,171.51271023865047
36945,359.2242350471845
36946,196.19448135594195
36947,169.92624076302428
36948,251.91800793273444
36949,216.5526824252626
36950,234.42067220090112
36951,124.92564036077185
36952,125.60878375957313
36953,259.25103690750285
36954,129.08699609461718
36955,160.44959269053177
36956,138.67503391184684
36957,239.88712369860093
36958,211.8129346873826
36959,183.32277095087744
36960,169.40032171684908
36961,129.27994578089695
36962,172.16749794396526
36963,145.4075003253061
36964,348.40396086567114
36965,148.9633325839914
36966,276.1627815516519
36967,208.58068967693305
36968,163.82665037818148
36969,413.7949232395468
36970,615.9334367150462
36971,239.13030043582378
36972,448.3215728740747
36973,221.98041320537547
36974,301.79937170414297
36975,1949.4215430616744
36976,577.0259986409561
36977,117.45473341439065
36978,304.09228796348714
36979,325.2920642712052
36980,179.50892168370186
36981,225.60226349602632
36982,185.88194418093096
36983,143.73213458678867
36984,157.5324891873168
36985,633.870157814651
36986,133.49769114826927
36987,602.6606427230854
36988,279.79781154244927
36989,164.75747728823413
36990,111.3435684767066
36991,315.3363773938949
36992,400.5321112624688
36993,157.55564786989692
36994,237.6498956179065
36995,155.89348992962434
36996,278.7014132470683
36997,1484.9391770948275
36998,219.23530664359726
36999,226.80717802291994
37000,208.43276145648997
37001,854.4768527182314
37002,196.21715327847028
37003,524.6631369673576
37004,896.9315339032767
37005,99.77693727222966
37006,273.3243777626955
37007,897.4238742975261
37008,286.47510289217496
37009,805.1755438218244
37010,203.7383900125873
37011,301.1103852855797
37012,133.09823219552484
37013,154.47207696053636
37014,259.85468261243875
37015,446.8878083669832
37016,757.3047714082269
37017,252.414818802523
37018,457.0874850624612
37019,180.98570640639127
37020,145.5521660884304
37021,183.85128771248887
37022,222.8387175742494
37023,637.3423657856144
37024,167.87779685298008
37025,164.30692229502176
37026,319.6655258222685
37027,312.20187692196004
37028,336.34602941748943
37029,244.9041081272065
37030,253.35523534927486
37031,210.89803478673775
37032,495.31419645487927
37033,520.8493386694655
37034,283.93629201959453
37035,219.721108129997
37036,118.40209135128414
37037,231.85187493434054
37038,235.83291636831902
37039,377.2827683389842
37040,113.38711360531441
37041,157.67173277532154
37042,265.0508165787692
37043,263.4849896152768
37044,149.70626484253873
37045,290.04200162124397
37046,251.28035459984696
37047,255.5710180126366
37048,509.5233985370037
37049,148.9222158702042
37050,156.1104913899103
37051,362.4201670546228
37052,140.6741233501038
37053,389.3495775983054
37054,711.3581493632435
37055,153.32441820725404
37056,171.3399032277538
37057,129.8035657995308
37058,198.58828230323817
37059,183.03564052572682
37060,212.4161625296331
37061,235.53724354548962
37062,177.76369963887012
37063,166.1365962252322
37064,314.06789336340165
37065,178.1466332003379
37066,238.5681359876716
37067,619.5014444062342
37068,168.47982877679996
37069,248.78012459119464
37070,1235.8868121611201
37071,403.39799370105203
37072,100.14291846253147
37073,316.59603981722546
37074,193.69648912774937
37075,247.37168715632882
37076,365.72365696458144
37077,208.51065319469674
37078,136.79466180458215
37079,238.0019807851182
37080,172.24671987312246
37081,149.0545852120945
37082,198.58556968053546
37083,229.58305627407591
37084,724.8697319474792
37085,169.65103356053524
37086,411.3176987565314
37087,285.67146813319516
37088,384.0274853745743
37089,517.47634197107
37090,223.8172815903786
37091,134.4133047848689
37092,161.88266969242468
37093,366.10035444984123
37094,272.713264385019
37095,513.4591406392086
37096,206.7564646519028
37097,208.96644954709367
37098,212.68894673350434
37099,882.1807061769749
37100,160.6478837863984
37101,363.75576046184017
37102,388.72359029713596
37103,576.1939869745135
37104,125.0202230604758
37105,234.19759404635866
37106,238.81101062012428
37107,282.45830437447404
37108,249.8860064576395
37109,168.10487225188777
37110,202.0485109655315
37111,155.3901015232139
37112,217.48563626204933
37113,347.1153656911616
37114,266.5376296176093
37115,359.53235226624736
37116,236.99790955511367
37117,448.289571123932
37118,208.12413840337194
37119,316.6376520104306
37120,469.69409983292053
37121,193.0686427058627
37122,243.03333124291694
37123,269.64260471931664
37124,131.66841715220775
37125,214.6700494321075
37126,195.71618047081589
37127,361.5091202816601
37128,248.884399342666
37129,339.6437022032973
37130,303.3365410946362
37131,462.56558513311563
37132,909.7083041281925
37133,231.82780289678422
37134,136.7803321295177
37135,316.684892435233
37136,210.02431871026965
37137,154.62400612087634
37138,899.1559853947689
37139,249.7837024203265
37140,98.84374151123694
37141,172.6136772225271
37142,348.74597331530765
37143,241.61335243341796
37144,456.21978693858614
37145,188.4330867741804
37146,296.84461162248414
37147,198.6668177859806
37148,728.1941235281431
37149,227.35079563384795
37150,218.91575472581144
37151,733.7641879856237
37152,328.8496183346869
37153,237.05946966529766
37154,214.62792020477795
37155,319.7782663934265
37156,703.0383150061828
37157,184.49758501427323
37158,449.54665297285584
37159,268.2284985703354
37160,402.5972236346328
37161,270.1719334392232
37162,1271.5204683493027
37163,199.7228965270984
37164,212.40354072532318
37165,614.3582775225659
37166,233.4090981472684
37167,575.3815461801105
37168,117.80822087877665
37169,199.13458781821654
37170,178.27610130433789
37171,254.9616788203122
37172,177.4855176867228
37173,203.60848170957615
37174,285.628819917912
37175,218.52848327323414
37176,212.85410915944487
37177,188.29815781565972
37178,162.88688324693686
37179,291.46551404125927
37180,238.51226888351894
37181,279.69516578381837
37182,358.6385803792882
37183,876.9749797822601
37184,243.19323912363473
37185,258.9530322823357
37186,306.2083424812855
37187,432.1952650919188
37188,387.8091249185513
37189,1639.4555350777453
37190,247.78615079623756
37191,1283.9927842680254
37192,186.6401925646313
37193,514.3633699830096
37194,176.8649874102337
37195,187.14470801868703
37196,161.3590382502019
37197,379.55185087389174
37198,1430.9804390121617
37199,246.14145389156656
37200,152.47454848658646
37201,137.19532378521504
37202,120.44529033482553
37203,441.0559324052969
37204,254.67943547059323
37205,405.1413342024905
37206,262.0918482428862
37207,399.1763709511041
37208,325.0524749233376
37209,232.47453647013035
37210,354.8909491466641
37211,753.7472013099951
37212,887.4690476658781
37213,642.8413184869241
37214,1068.3242166643993
37215,204.63541797389763
37216,304.3779031743994
37217,210.46232295883198
37218,257.9023670348657
37219,210.05169167391725
37220,188.2274802464424
37221,465.10552242762833
37222,170.55949352745338
37223,212.7002783317033
37224,449.95616940810186
37225,169.84557661566413
37226,1376.3122337451227
37227,1224.999896214295
37228,234.09343916612477
37229,252.64060002063448
37230,219.2093606742799
37231,753.7334265046283
37232,180.61929329921557
37233,368.6619163274668
37234,175.99181223347338
37235,383.6698546578016
37236,230.88525247610983
37237,209.3304676439024
37238,191.26540545371978
37239,463.6800201362815
37240,256.02161036976685
37241,294.15352026756517
37242,160.0384518597744
37243,644.7867826427528
37244,243.40896275983766
37245,191.94613714271716
37246,225.42763030801805
37247,308.23894369776986
37248,307.10857048974697
37249,473.4066796958709
37250,304.322499981271
37251,134.74983667176247
37252,169.51269165724568
37253,1870.7035967700353
37254,295.4941586280011
37255,128.57113859698
37256,156.2805242369923
37257,346.0004226663401
37258,272.1767704323293
37259,391.3773406220916
37260,299.04104794327486
37261,745.2620552860989
37262,155.73973195973724
37263,1123.199138743608
37264,261.4906458610554
37265,244.55553036941706
37266,687.022231406707
37267,208.3906946675223
37268,219.79665962374642
37269,237.6222665143856
37270,266.1430055698395
37271,264.2370550024049
37272,854.150206234155
37273,242.8840699390033
37274,187.36561162976002
37275,909.3319095349974
37276,270.62739941205047
37277,809.0201908529452
37278,286.2242688233423
37279,185.91049817683046
37280,105.15737003797307
37281,366.80710330198605
37282,1029.266365966381
37283,909.3880623630948
37284,215.664467989522
37285,479.9299521485411
37286,259.5645983686765
37287,275.5972324674845
37288,271.88177750341146
37289,1807.7938529709581
37290,135.0054438130257
37291,189.71500531798787
37292,231.36460662834838
37293,201.85487297793523
37294,213.6987876819055
37295,435.64578897481505
37296,157.52664067860556
37297,455.80384590597987
37298,171.13888072792733
37299,312.51117708368935
37300,344.9021503722537
37301,247.40138624835754
37302,400.6010718967535
37303,190.21855435125931
37304,563.3543236569336
37305,330.5343453036272
37306,421.18105621158975
37307,330.388703909292
37308,240.50068145483462
37309,371.39127945257076
37310,193.61743538254473
37311,134.0399413197793
37312,360.16077690453034
37313,537.7369520065491
37314,493.40744571568933
37315,258.80903233337074
37316,330.2912979897401
37317,412.63038014188305
37318,248.70594764012358
37319,128.4943748424671
37320,541.5298158919111
37321,227.76537529477423
37322,155.03632512877925
37323,235.11555751032333
37324,216.099470799974
37325,222.40086857255667
37326,218.58794090041724
37327,243.85880706904024
37328,465.90030663915434
37329,208.99756834035648
37330,234.99933059169612
37331,1680.6796390024997
37332,151.36658413315135
37333,183.50354966105087
37334,905.5184894011472
37335,240.03119245955844
37336,180.77122215506296
37337,363.1137072984385
37338,193.5746315470169
37339,509.0159688161929
37340,375.9148240825985
37341,381.0644795201237
37342,226.95412458670413
37343,394.8809564809834
37344,432.4196558524336
37345,219.9114623108649
37346,244.60843173531705
37347,140.62995800522606
37348,313.52471047498454
37349,129.8562412331847
37350,250.61913638922113
37351,142.31566424990658
37352,214.69100956723491
37353,433.34806267911785
37354,152.06703059529244
37355,576.7751222856355
37356,223.2553881302203
37357,171.75433716137212
37358,266.0767460141944
37359,161.48727354927624
37360,249.356516547662
37361,306.6693463629848
37362,341.75298586243207
37363,133.76724226388538
37364,434.3944971309234
37365,128.6773743855594
37366,147.06121589623473
37367,415.25838438870966
37368,260.04075212739025
37369,1206.882773304333
37370,1070.5241216627971
37371,139.2737231506888
37372,214.97427377629487
37373,378.4074211279202
37374,235.23994052189417
37375,239.28696155735983
37376,193.0673536267202
37377,482.31187047382065
37378,292.23229941527865
37379,207.3368768345274
37380,195.21798414419544
37381,227.48503527113004
37382,263.183514739813
37383,245.86928512286252
37384,1089.9076340373579
37385,132.6133006101977
37386,245.06242203164652
37387,519.9955009435545
37388,232.3476739978361
37389,221.04580099856855
37390,288.2963700630641
37391,135.89573640263555
37392,1477.6656444316493
37393,334.42244366540086
37394,1407.9660138251093
37395,197.33468276185053
37396,362.33363730429835
37397,178.9507732429192
37398,200.29303031204367
37399,249.04785883744776
37400,217.6135665186895
37401,167.1521213667991
37402,273.2787052965612
37403,468.8613074538165
37404,300.2377079359962
37405,480.657812113114
37406,487.9811451054565
37407,591.9824212873763
37408,150.74480365107797
37409,259.3468265692233
37410,158.18087931539137
37411,720.4930520708891
37412,318.6724737851125
37413,207.09732925146213
37414,256.2520454187688
37415,366.0589281228475
37416,325.7616590469296
37417,287.1694892205039
37418,490.95096859397444
37419,286.73187391693386
37420,112.18488375083695
37421,284.61090008498
37422,136.44539324852778
37423,123.27288396089784
37424,356.82363543833765
37425,349.2949651423296
37426,222.07211587827473
37427,224.50563743462052
37428,436.9649690589261
37429,151.15554433924387
37430,143.4815942058128
37431,219.70630344061794
37432,1058.0364968700499
37433,151.35981603645553
37434,164.96985212739568
37435,243.6177585207129
37436,738.5079941504307
37437,167.27117754060941
37438,198.90355888619794
37439,240.39883754699386
37440,213.13620285868748
37441,130.9674336336362
37442,1036.4734919236594
37443,281.7657701312413
37444,182.97317340843088
37445,440.5474694940766
37446,1124.25457362406
37447,170.47867515689026
37448,182.3553988938691
37449,280.5151697107588
37450,146.47473476140533
37451,209.632883283448
37452,245.59723589400093
37453,267.5107397980191
37454,386.3684813878538
37455,260.82206683452875
37456,109.64335301930603
37457,284.68430201287333
37458,149.02087425215302
37459,243.23821441615834
37460,214.40012366705847
37461,193.49137497527747
37462,253.11652743060588
37463,139.6678332537311
37464,177.8154083190939
37465,176.71191637457898
37466,262.04071203708145
37467,303.41684388618893
37468,256.6526124009721
37469,165.33149293927409
37470,254.7152242826003
37471,122.93981129836591
37472,139.36771124078766
37473,165.6701729099263
37474,278.6844198689684
37475,583.6363018951635
37476,545.3172883724749
37477,704.7496084541538
37478,190.78743476650385
37479,226.09920671278087
37480,701.5578827550456
37481,353.6663329600272
37482,230.9504720111362
37483,193.71391419736912
37484,161.79201421538016
37485,195.29161153753935
37486,456.45437807620397
37487,580.2392911173846
37488,201.61960401262402
37489,544.0288684214144
37490,451.6075499339699
37491,159.88864872944558
37492,384.03234563498046
37493,154.3862845511935
37494,152.1604671746487
37495,173.93016492711263
37496,247.98415369993748
37497,192.67908381748694
37498,325.8540787511126
37499,149.47394564268907
37500,392.7806697311006
37501,268.6832843317522
37502,371.94754766059447
37503,172.66187539846706
37504,136.71839667384387
37505,190.64883328674003
37506,235.8335950309839
37507,600.5583741037425
37508,449.86471597991005
37509,232.15234569248045
37510,416.681361929152
37511,381.1639635164557
37512,576.4446391015915
37513,194.69491573026295
37514,626.1358823772915
37515,190.63432694703897
37516,149.9809144306387
37517,178.23867091868019
37518,176.1768282656852
37519,492.2430468598141
37520,370.5172397000701
37521,1004.6352401511906
37522,182.75776735996843
37523,398.168357157845
37524,408.08261112909895
37525,148.67886698807257
37526,183.84116129977684
37527,267.7182183760983
37528,231.36005138705227
37529,156.87407313857912
37530,162.64790859491157
37531,232.62077362894973
37532,166.02585585492773
37533,164.88232401313488
37534,164.83613601388225
37535,375.99730516642376
37536,275.3870478966125
37537,220.53608554962497
37538,339.2715987321993
37539,518.2332479818215
37540,144.63018495279624
37541,217.90133400908408
37542,153.64077094361193
37543,179.0897098287102
37544,474.68790199541826
37545,262.80758632132074
37546,329.8616351989343
37547,187.04743122675978
37548,225.59430703881716
37549,166.4832390309523
37550,160.66713810816327
37551,179.0690945311057
37552,285.6972607685203
37553,233.78149273203206
37554,229.97037800360232
37555,299.12532046140063
37556,152.53949654484376
37557,336.618340564184
37558,2979.912340648312
37559,124.21149060722625
37560,236.77634811104542
37561,446.73970441886684
37562,182.03239389407625
37563,269.5021272095466
37564,499.160922164453
37565,207.62773099165557
37566,475.22811809918
37567,1006.2640535200971
37568,1128.1104825892007
37569,157.92879806580072
37570,356.1823197763394
37571,157.67337865826434
37572,218.51526129714418
37573,154.4852882241521
37574,324.0992513745098
37575,308.1497930758452
37576,349.9007010675134
37577,603.2308334067158
37578,214.36116341703504
37579,272.95602197668006
37580,370.331341570908
37581,126.04933548685156
37582,190.95230085903285
37583,210.05077364922175
37584,327.3013435817519
37585,225.31844680013336
37586,176.98487914625858
37587,114.45186503618706
37588,153.30339470839834
37589,147.07208591829453
37590,389.9540469739749
37591,162.51111890043677
37592,359.89076938768176
37593,248.90920260308312
37594,268.18896316118526
37595,143.64911528956532
37596,234.17645983797672
37597,178.61876386650334
37598,200.45041650664334
37599,211.3875584262213
37600,224.61995876324724
37601,237.97603734348203
37602,146.38355999918195
37603,164.68203976379363
37604,742.2176885109363
37605,158.1138748491779
37606,150.46289197773535
37607,156.20172373427147
37608,303.2198145977828
37609,190.28277340732612
37610,214.86117065394382
37611,164.39301865270284
37612,225.52464166085213
37613,409.0258148449094
37614,780.2551380384563
37615,320.23274376859234
37616,805.8056423373534
37617,181.7077511559477
37618,209.770748265226
37619,253.30917012743865
37620,332.70938793137896
37621,161.98487708803242
37622,248.23586015503645
37623,333.8301622459581
37624,677.4599960970176
37625,537.2437310821832
37626,139.1684347707623
37627,135.1148012358684
37628,160.7402606162725
37629,310.8060534229299
37630,237.69095059060422
37631,173.81501193075354
37632,417.01384683870384
37633,552.2159398587453
37634,625.7267654183763
37635,1023.9187615912904
37636,133.90023524970465
37637,445.38553895276004
37638,153.40700801444598
37639,253.03645607957074
37640,229.15180051656324
37641,162.32483371180447
37642,136.886281503193
37643,149.68714332817783
37644,600.4135256750245
37645,191.77949274880677
37646,344.600887087762
37647,499.2697544651983
37648,264.4541662885047
37649,105.53922426725741
37650,278.6173799542465
37651,211.92116726412587
37652,551.0527865113729
37653,149.88356712739503
37654,238.5516399208585
37655,342.30461877320636
37656,241.9962993293619
37657,213.60405407279973
37658,207.21093926138715
37659,124.23553300776956
37660,148.80150360884457
37661,181.50862612349138
37662,293.9141382270144
37663,161.8533875620161
37664,292.6957937602933
37665,486.51849265358607
37666,319.8159040479869
37667,157.5840827083752
37668,298.5259861225448
37669,168.81452920637963
37670,157.4303703893784
37671,272.40346368713006
37672,341.0521811226738
37673,170.0656369530143
37674,182.24049718388946
37675,189.38301663040983
37676,197.49292132908707
37677,230.54076784221567
37678,309.363802637967
37679,594.014291569639
37680,240.53746287895171
37681,217.8478028798047
37682,133.7503566361038
37683,231.05584393241818
37684,319.53470458349
37685,457.7060856909971
37686,301.4886962797879
37687,146.3663727640468
37688,336.1841170789035
37689,145.47503867610334
37690,265.1118687110568
37691,194.37998682625093
37692,133.89088449988037
37693,138.2625886770436
37694,300.26263431458955
37695,188.96901294431
37696,291.3760723734241
37697,475.9858259776735
37698,306.24201598959456
37699,422.2890734967671
37700,254.25615497645023
37701,198.12142412503653
37702,209.2891926594119
37703,247.13174748841854
37704,555.106098238066
37705,167.6589831066823
37706,355.0138947942602
37707,166.41892835044456
37708,199.60710152587544
37709,140.85707646975231
37710,223.60018661867298
37711,165.64599215046476
37712,152.4869257280773
37713,174.65681238131077
37714,143.16743493021102
37715,543.0094732076897
37716,313.5803799129681
37717,153.74006760958088
37718,272.01923093668046
37719,226.01776285843337
37720,182.84706450857874
37721,258.1398492556616
37722,212.70020924997482
37723,435.81519388151753
37724,393.2031452597328
37725,441.7232480746459
37726,375.7294901293649
37727,207.298897673868
37728,180.47493023154456
37729,126.53788390984568
37730,338.7158768491415
37731,166.41073515682518
37732,156.82842897784778
37733,252.09794640484876
37734,197.58649405104765
37735,449.27508076
37736,148.75077370998343
37737,308.45060448479296
37738,260.9959909493355
37739,226.01422833746346
37740,194.18879612216895
37741,140.85345930108048
37742,157.88058688261708
37743,456.50941632188136
37744,317.4930747053958
37745,146.09118699734225
37746,282.11639493332024
37747,149.820948428822
37748,211.65169141317944
37749,216.25974182260785
37750,235.01261708060835
37751,184.72665536466906
37752,158.2635733161944
37753,247.17762159348266
37754,214.9645194809875
37755,153.41518998328718
37756,249.83366116962597
37757,419.6524019529205
37758,222.0754581733133
37759,362.56035125794597
37760,259.05296886376357
37761,164.3878298087437
37762,579.8427327589059
37763,830.7617299438122
37764,439.3975068030551
37765,375.8442032584368
37766,123.11428831570073
37767,186.61006128474781
37768,214.74819001452704
37769,259.20491752947686
37770,150.4891706982544
37771,287.63386467222733
37772,314.86762742879205
37773,271.72717910371995
37774,806.6228242130046
37775,153.39743988939446
37776,464.2103926897456
37777,162.76088478862073
37778,190.93792722031583
37779,207.0133342670165
37780,214.4775903268542
37781,140.45240995455435
37782,276.30506564188323
37783,221.275832574899
37784,484.62740155810286
37785,129.4700985900369
37786,288.01268425766756
37787,1711.344813680213
37788,74.52506909246566
37789,109.30523762787676
37790,251.19450246232563
37791,373.0042606051143
37792,280.3303289758168
37793,423.4917526937646
37794,376.57325047779244
37795,377.4636785520978
37796,1875.1708050655056
37797,149.79491135251047
37798,158.48844931618717
37799,360.2817096777358
37800,239.22522878998217
37801,248.1995898558138
37802,170.57721552059306
37803,106.20205348034611
37804,208.69446558923312
37805,312.3257518779425
37806,445.480160898677
37807,148.41795514294157
37808,245.49013748176208
37809,214.22461342562738
37810,340.4487672466955
37811,302.21344955702074
37812,205.17560688650204
37813,251.07516503202012
37814,345.68841053019423
37815,141.5693869060379
37816,163.1002045109204
37817,726.8828139443567
37818,336.7019807331012
37819,554.9610062923266
37820,199.4116551438849
37821,590.4548458592532
37822,125.39077918729147
37823,214.87385588231038
37824,578.7632059578253
37825,185.4444349856414
37826,110.63562836589774
37827,208.87396797250776
37828,249.40751497611822
37829,197.50400675357565
37830,141.0736865203051
37831,132.81048795599037
37832,936.8251486115469
37833,428.6061818262332
37834,647.4629388973315
37835,171.09467877574986
37836,180.32167235750367
37837,530.3701802950828
37838,382.006561306902
37839,208.78919579687175
37840,190.46055914998084
37841,168.12411523538245
37842,111.63220406415819
37843,148.3595665794788
37844,368.8004927921975
37845,275.63799872586674
37846,258.95463878290536
37847,204.95161588538534
37848,136.83122039840225
37849,283.6252511342928
37850,198.68468975599512
37851,168.28133242347
37852,369.1280243838089
37853,204.38143501418998
37854,165.28755114139045
37855,347.8065908660577
37856,158.0030497433433
37857,138.64264021925504
37858,241.3709223987655
37859,170.63562847792514
37860,418.68220909757974
37861,389.8545869810014
37862,575.7852159031395
37863,406.4352871428898
37864,259.56647307136143
37865,438.87428294789845
37866,1236.896533966873
37867,271.6531588249103
37868,569.359144463673
37869,147.7339305181367
37870,349.47960340636206
37871,159.22739745156346
37872,303.49545166464236
37873,141.87638458583388
37874,641.304115005326
37875,1734.1235506981573
37876,150.8160933887869
37877,284.623897560666
37878,241.11625523424112
37879,150.5453685305351
37880,118.78660132152837
37881,194.85771912602834
37882,230.81260175559768
37883,315.41691439906197
37884,122.52228242312478
37885,268.5770137008347
37886,939.8963423474402
37887,242.7317121261699
37888,211.42101990257527
37889,466.8531421290266
37890,226.49484475771342
37891,278.5128091361147
37892,173.8115613328049
37893,158.46817323793235
37894,178.9530444914749
37895,626.3474382639073
37896,459.4427612254744
37897,320.99247658113234
37898,410.2073974030222
37899,179.78534224660115
37900,400.2426134609692
37901,467.7144543833931
37902,210.13101820132547
37903,211.86805080599208
37904,455.9366076973088
37905,224.1075881060377
37906,175.71101016928424
37907,332.5966997351889
37908,298.56962142739394
37909,204.33928931105018
37910,162.62618343316865
37911,440.55997260261904
37912,325.8980226068036
37913,243.77334808721756
37914,110.8715344337083
37915,257.8272814224042
37916,180.52667313767608
37917,91.90342389272496
37918,526.2151429791285
37919,483.06320253548125
37920,241.52324704646423
37921,153.0955508270205
37922,165.45976312456298
37923,151.5470813480906
37924,468.6461774911936
37925,159.4679615775762
37926,258.16664281792623
37927,235.78063018439875
37928,337.7206689665312
37929,307.0855752250972
37930,561.6856277181446
37931,227.32225099139242
37932,219.03357541336104
37933,739.8235503659248
37934,129.45981080889314
37935,245.43121006744818
37936,227.79559799663468
37937,334.3293460971833
37938,211.9165034005524
37939,172.7515830186544
37940,266.5851341692569
37941,344.5479251569886
37942,176.01575161430904
37943,1569.140422150574
37944,143.71859117447252
37945,605.9900010500343
37946,367.65359231309964
37947,116.27506925868524
37948,282.6225357580127
37949,442.118926188453
37950,332.558140613608
37951,173.4663903114978
37952,472.1221830654505
37953,151.49878440963468
37954,317.71714695250853
37955,119.41736099736345
37956,459.9393720061876
37957,129.97452097267936
37958,154.28334976909048
37959,719.9233601185298
37960,201.65377794385952
37961,231.47665161393044
37962,193.442394003736
37963,197.60834496276448
37964,301.26523394331
37965,338.5532051237305
37966,433.32362785049537
37967,363.21093031863677
37968,158.19868829541372
37969,160.98917530483666
37970,341.4897508000894
37971,313.0324240380723
37972,166.561504016078
37973,251.09494772676553
37974,347.7598971718921
37975,232.41099059246363
37976,123.68566485613904
37977,234.323510778685
37978,473.5233974112781
37979,173.0214834067235
37980,159.93987509492868
37981,790.8910877936187
37982,408.2076223528471
37983,329.5539891556024
37984,245.91874988609393
37985,135.41150519975062
37986,157.78206209403135
37987,271.60270185489117
37988,270.63462564132817
37989,212.51124416749752
37990,686.2303024897109
37991,231.8379223601391
37992,254.16485208964136
37993,242.75681540176427
37994,155.51512040297123
37995,244.29022942097754
37996,197.38420978643884
37997,222.35176452336515
37998,180.16387108987163
37999,172.87989219688086
38000,174.41039950366815
38001,269.4553839746885
38002,119.12386758353215
38003,191.3528195355625
38004,89.11984317194688
38005,199.99997979181356
38006,174.5095943295384
38007,456.908199922486
38008,170.71074152243506
38009,175.68731767933699
38010,446.9976897021982
38011,548.7729168773685
38012,156.36184092381555
38013,216.57607784552147
38014,398.5514001755301
38015,201.7763076059497
38016,132.7260679418103
38017,152.28171686201927
38018,252.8309727411798
38019,539.7473225498712
38020,173.31740140152615
38021,268.24155116270344
38022,246.65750568652228
38023,462.1186485827194
38024,279.6244267366666
38025,165.57807214735087
38026,131.20983704283134
38027,285.50115230763936
38028,1899.533471530249
38029,191.86271999718943
38030,3225.3455825880555
38031,138.35862970939672
38032,167.9976652040504
38033,423.9792728265223
38034,202.40901064815688
38035,171.90756916273585
38036,182.07546901621077
38037,334.75309052497806
38038,122.13248109560095
38039,344.36286548647365
38040,309.99207490005466
38041,249.1262968296253
38042,697.2670770468583
38043,144.2676889001629
38044,582.5280811141395
38045,167.31143716000514
38046,159.71112245569117
38047,205.78741660914122
38048,494.75541963656184
38049,428.6928445764101
38050,289.2219743638352
38051,1103.4363322199017
38052,167.52692256007515
38053,488.6148278374244
38054,446.01584160934425
38055,323.8314910067888
38056,339.78344342485514
38057,147.04403154093805
38058,160.69112126252455
38059,228.5485613786111
38060,399.2059667010612
38061,196.67854886875537
38062,532.3382895037034
38063,433.6104319979314
38064,105.56459654371452
38065,155.71541186143227
38066,378.23909313907944
38067,189.2424084062811
38068,237.48434528337552
38069,219.22596930810298
38070,516.7142877382003
38071,317.97146136558223
38072,539.5349831363056
38073,158.59244714799115
38074,270.9923685342455
38075,175.4199292690819
38076,226.7095856383788
38077,570.63501194811
38078,176.54653134058037
38079,239.7772622604767
38080,321.482452760685
38081,175.79287882821646
38082,439.33776925423615
38083,186.05596180555864
38084,323.6912061540614
38085,407.8583936252959
38086,421.7848618182306
38087,367.8902755138851
38088,231.41644960778868
38089,399.53376594634994
38090,218.1028720770848
38091,139.55422754759672
38092,129.78063059124958
38093,229.106334880697
38094,510.4442716696153
38095,385.504200600117
38096,233.84133431298477
38097,258.5571785426017
38098,325.36193566245066
38099,1445.496391419739
38100,528.7756220215251
38101,182.6917042687549
38102,176.06005949127683
38103,164.97182137069828
38104,220.904447149361
38105,267.6320776718174
38106,380.0717162436379
38107,112.47187854278225
38108,224.81358156841233
38109,708.9731064132314
38110,102.55354516697452
38111,419.8950726040222
38112,228.03137860152606
38113,234.45501273785854
38114,262.11551439075316
38115,600.7254965254697
38116,226.59111082977557
38117,165.45554301339118
38118,125.01318472703107
38119,243.371637942533
38120,270.42755721954654
38121,156.8899587686887
38122,330.3138518959036
38123,409.378217505173
38124,271.3239051841865
38125,387.8625656411837
38126,213.96502647877045
38127,433.4530128688759
38128,226.36805967571695
38129,228.23181118789446
38130,325.86372789096134
38131,309.07951095652106
38132,407.44333110557494
38133,182.8693014378172
38134,243.94712053495627
38135,250.63968642224714
38136,144.5048841488325
38137,151.23138604624003
38138,300.67911174341253
38139,288.577105572295
38140,1245.5168596380931
38141,465.6204312930789
38142,422.67913442027526
38143,160.76464747711378
38144,169.64857636978283
38145,341.43277257074527
38146,281.5573905667729
38147,519.6362054577663
38148,183.73347062393944
38149,248.38563406991784
38150,177.45781818769842
38151,276.53578768527404
38152,111.08468346433912
38153,241.5742912529232
38154,173.16361711114928
38155,257.9373343779618
38156,268.57664631291937
38157,155.0796565776319
38158,922.5894839442301
38159,265.61701134613503
38160,1208.8353916643593
38161,245.74479291989934
38162,272.85177745302576
38163,419.05818376424065
38164,191.40977520412108
38165,149.75358446645222
38166,400.6408947099157
38167,213.588318719761
38168,196.51050765293513
38169,485.9923028143151
38170,248.34890326587148
38171,470.7408554948873
38172,181.0716728484207
38173,249.72591379231392
38174,456.47741855349466
38175,253.07551732054336
38176,376.32752303170713
38177,397.10964913728986
38178,289.93849263401273
38179,485.74159942681706
38180,205.5425235285834
38181,198.87049098011457
38182,278.36745899254845
38183,401.6929247059699
38184,438.1901281968372
38185,248.22722067234915
38186,316.0396083788667
38187,262.6811071892731
38188,208.41403951726502
38189,403.28450412318284
38190,323.60651225196807
38191,199.7383985374846
38192,180.40877756930234
38193,365.8700301378277
38194,350.3587272080722
38195,114.7622716267977
38196,492.84216109598856
38197,147.29446173414408
38198,194.7065190635459
38199,281.9333832251777
38200,246.2701176857518
38201,141.86707088633872
38202,169.66454859662568
38203,483.0035811838557
38204,161.69620342539767
38205,185.51644616453186
38206,472.4058692367116
38207,206.7768160356395
38208,404.83228059321624
38209,154.20416190275455
38210,268.96795436808975
38211,329.40623955941425
38212,171.0914478183498
38213,690.2558889698486
38214,144.5219288413035
38215,140.04883314501853
38216,158.69366933317352
38217,217.46666874744116
38218,195.95249498259324
38219,225.542306146607
38220,138.74402021079814
38221,352.71107529945834
38222,184.75830351034298
38223,169.01590461561005
38224,305.67433458384005
38225,148.8446714924106
38226,210.17282988892308
38227,211.29763151441023
38228,1070.6603663406718
38229,174.07882722220228
38230,271.97919772010664
38231,255.9331961439003
38232,173.0401872076721
38233,535.4414770153139
38234,249.15494709538206
38235,387.83177393655933
38236,838.4988657520918
38237,176.4838654153603
38238,141.83934442100968
38239,303.97146130879736
38240,120.65911500561039
38241,166.4058530146364
38242,193.19241829959648
38243,283.180982516397
38244,447.14038995657364
38245,173.16305131432838
38246,152.12170870619104
38247,604.2577592703446
38248,125.58743637671652
38249,198.06050515455763
38250,113.50310291221177
38251,258.0561550483789
38252,192.8497503716588
38253,463.9391299165507
38254,172.6527113320728
38255,195.99727128897416
38256,176.82349347288488
38257,284.82837354053584
38258,177.1132157782258
38259,269.11014044705627
38260,172.07909399724653
38261,127.17555236058989
38262,180.59693648428888
38263,178.24410782945014
38264,274.41725836345734
38265,212.01321548689265
38266,334.8509350475419
38267,242.7485532503713
38268,230.20212308070893
38269,226.92240194256843
38270,914.8523263666196
38271,341.88439758983185
38272,254.8084596933372
38273,217.47891757319292
38274,217.03018983772333
38275,112.72087310723688
38276,208.24606582704797
38277,384.80259465460784
38278,161.52903849828684
38279,289.0575074574497
38280,399.533776909231
38281,127.43516521918639
38282,1083.4668032947745
38283,224.17363834547422
38284,430.3980084779049
38285,852.0673844594006
38286,276.02044600017916
38287,340.0632329059113
38288,148.26833007138617
38289,159.22413242804828
38290,263.3519800015605
38291,1332.4779707915263
38292,139.68211263935342
38293,161.9152267185729
38294,206.33830111761173
38295,420.92827768728296
38296,169.7138683419593
38297,161.35438709279174
38298,563.2843228852942
38299,380.9281470421509
38300,152.02248758151615
38301,266.0013480178616
38302,241.30580540076105
38303,322.30569666094436
38304,165.36713278242485
38305,481.33963150925484
38306,348.7866869798412
38307,234.18525346700858
38308,329.31503560804674
38309,140.47692741739525
38310,323.59544652662476
38311,189.1139529951753
38312,221.75512659532944
38313,168.67362380845083
38314,121.74984636573441
38315,225.4588315607141
38316,160.61731946173163
38317,152.92875763375417
38318,339.3174123099032
38319,176.377923026633
38320,569.0132035504367
38321,233.03389478302154
38322,192.07379049603335
38323,139.9494445219221
38324,720.8585119723801
38325,261.8166210414016
38326,335.90648681430827
38327,215.58443188096302
38328,205.16763265032105
38329,312.0516723436366
38330,354.76827220840687
38331,157.5406613095983
38332,122.0308993883908
38333,196.9388251259949
38334,238.3353134157599
38335,241.11649480646565
38336,258.17481233761987
38337,126.06852437091332
38338,140.98083984352843
38339,380.1390594611629
38340,208.29444792126742
38341,411.66128217244795
38342,366.29872935729003
38343,246.7148976706392
38344,181.67070964032862
38345,227.22782587092252
38346,238.68768755955912
38347,1199.5348994332046
38348,774.7002851925457
38349,228.49648368945222
38350,130.06259468805996
38351,331.70311202838974
38352,155.36306258147653
38353,548.7051772949161
38354,127.90318021237562
38355,243.1961038995678
38356,300.1032648285716
38357,289.4325732361031
38358,231.52114605781318
38359,128.49945777702118
38360,240.9016782820451
38361,147.32138004082026
38362,563.9951735511667
38363,411.0721786344987
38364,318.2142343496668
38365,224.20358323397875
38366,242.88471206774716
38367,106.1504463265757
38368,147.76460551960346
38369,291.59137609347283
38370,467.93516833444824
38371,530.4320639183246
38372,419.08500885878686
38373,455.5851659042638
38374,212.49393822755758
38375,1732.8756704449481
38376,173.46793923326987
38377,228.40750284090794
38378,237.3983203863745
38379,168.88067137168434
38380,205.97251071932055
38381,249.99902507439464
38382,244.51967530347218
38383,568.6509701739808
38384,312.66382818146667
38385,273.2516364383441
38386,129.85581894802817
38387,316.85067880836715
38388,672.80729289442
38389,378.28724354476515
38390,177.38339020025248
38391,291.52979010467396
38392,199.180336476551
38393,236.2265000696342
38394,314.695119763859
38395,1143.6069144302267
38396,196.04863262115614
38397,167.97972911367017
38398,206.2667367519959
38399,252.9795913477874
38400,240.92361825690494
38401,164.8230392919003
38402,370.1886800640842
38403,170.29274760497447
38404,155.74145454438036
38405,168.17485680555313
38406,275.3189567830738
38407,305.4209614202245
38408,213.58805413466953
38409,152.5815791001035
38410,206.95459051837042
38411,150.10611727547717
38412,256.1853605506034
38413,205.83723109769676
38414,238.7166582954441
38415,304.0085695308812
38416,312.9032186697238
38417,2505.320320088146
38418,225.51193025346896
38419,165.3388811801165
38420,423.66417724788977
38421,285.107485925662
38422,147.97137749335383
38423,138.88928345170385
38424,631.6459650800289
38425,280.95231901534686
38426,145.1187569838784
38427,837.1026276382195
38428,179.761011606231
38429,494.52561573931627
38430,192.85387864254176
38431,154.25399096112645
38432,479.7798824169071
38433,143.23818013221145
38434,310.95723483782916
38435,427.03356579175585
38436,213.44259875078765
38437,236.47678180270006
38438,243.48280719623727
38439,219.2084673978947
38440,200.29854634021802
38441,417.4749339219951
38442,315.87566484497194
38443,350.1270395205168
38444,488.93543181014826
38445,238.75161704418923
38446,263.98313647549304
38447,398.5327986347208
38448,249.08033467230996
38449,454.40578966442234
38450,216.21439918097008
38451,1510.6182017917401
38452,197.9003835767067
38453,460.594194629739
38454,131.2849315993626
38455,152.8944450598182
38456,162.2442287604229
38457,338.36148858911054
38458,129.88018026800327
38459,1449.0693985790522
38460,260.10835772182594
38461,264.21407881919714
38462,625.8974578616061
38463,168.9220594210967
38464,165.38741938402498
38465,439.38123434015574
38466,268.0390537969735
38467,437.52495993037394
38468,855.7288526964801
38469,209.87230227501198
38470,310.1337082214092
38471,227.61651628180718
38472,198.54618444357223
38473,214.3908233753201
38474,165.62127014143712
38475,427.44828515948626
38476,277.6107881187155
38477,241.9592894871261
38478,877.241961474959
38479,190.5545485072773
38480,190.2843878895107
38481,543.5217667898296
38482,1068.558230753007
38483,181.960978839834
38484,196.17824380874217
38485,175.46940220068095
38486,152.49756445115324
38487,340.77658793424797
38488,161.21033591979003
38489,336.6263153981856
38490,180.28729199833512
38491,469.6050682458033
38492,239.79837499233008
38493,158.40392266625688
38494,187.05305637457187
38495,623.3066145419787
38496,406.4962507754729
38497,247.13714802977307
38498,170.78433360125987
38499,204.82163032072268
38500,379.24698977389784
38501,379.5185490524161
38502,138.05768116389018
38503,296.4632519193329
38504,197.44066170314906
38505,393.0219924197571
38506,500.4714394472812
38507,143.51449900160452
38508,133.03413376397168
38509,322.72241762972175
38510,246.6531411403648
38511,254.27412786866427
38512,208.26278207140692
38513,178.38129782202103
38514,199.6996374170082
38515,345.8514924370959
38516,215.60375987288973
38517,173.5315724960191
38518,228.9858859060382
38519,309.8034102275449
38520,205.51580768547313
38521,248.30139722642235
38522,440.15557914683717
38523,231.98000619112793
38524,218.99724548491213
38525,241.11452122661711
38526,236.28355491227265
38527,856.5332697614741
38528,381.6866163228851
38529,359.2303937320923
38530,337.03332694599425
38531,518.1471046196767
38532,154.6976152109867
38533,159.3718901295213
38534,165.56163494722918
38535,222.30190449491724
38536,537.9103982847737
38537,168.39931378341564
38538,556.5571897870534
38539,211.68547299842572
38540,238.3742253675183
38541,127.3233231621595
38542,241.6770877947527
38543,138.4926879004902
38544,171.12203607919818
38545,843.5051654177375
38546,246.84628317108758
38547,380.5517045737991
38548,397.9511682025177
38549,253.50909013759124
38550,401.19769488495916
38551,1101.2698965464228
38552,198.56545562562536
38553,158.35270227979484
38554,213.3063362081582
38555,418.1688059581205
38556,781.9751434316404
38557,283.4376784076262
38558,155.6906186106109
38559,178.47719863114273
38560,215.78714510678896
38561,266.75377870330743
38562,160.12451895265974
38563,189.18456337864467
38564,451.9854230718474
38565,150.5216151360387
38566,264.0445397831799
38567,197.99005940604698
38568,299.21500283930703
38569,147.7843491228137
38570,216.0087544580328
38571,168.5288311995449
38572,177.09931007893212
38573,366.2453233435913
38574,319.3498318088549
38575,171.77239894301422
38576,268.02265319248215
38577,281.28618059746265
38578,187.7211180495438
38579,218.34864841527113
38580,166.0712275192145
38581,284.84530969465527
38582,149.77363439575154
38583,204.2900219781278
38584,156.88757686694083
38585,754.3320907016606
38586,165.06095491351192
38587,462.2723596857544
38588,245.22406752615157
38589,940.1208245828142
38590,309.91387435265517
38591,142.1097630889365
38592,156.38539886879144
38593,217.52389258663612
38594,459.8008140944245
38595,271.9704611422765
38596,112.73428928488795
38597,323.8028131096552
38598,270.08437154453964
38599,325.0042682321296
38600,226.0032638519919
38601,448.19583815752003
38602,328.5192203320491
38603,243.8406138351177
38604,193.40208967587773
38605,229.60737956381
38606,275.2865766849429
38607,123.7914691437029
38608,151.94120905153133
38609,252.18515042840218
38610,331.58944831308594
38611,150.0586430926695
38612,324.42884425010044
38613,120.52511685465412
38614,235.95886396843667
38615,150.08722911839592
38616,357.4961720819474
38617,146.7239783342018
38618,220.1174323636605
38619,740.261338456089
38620,136.32792814068452
38621,257.5211150032696
38622,213.8739993716197
38623,144.6563353493014
38624,184.6188483538803
38625,1174.518789752487
38626,256.0959810912036
38627,295.86950187040185
38628,295.48872223527826
38629,268.2325877808112
38630,198.6084564645044
38631,482.8834223415572
38632,150.51364021648675
38633,153.55790095697353
38634,160.99315356408388
38635,365.19884562126913
38636,173.1581755318782
38637,135.7129700864227
38638,170.58488857707982
38639,162.8299674539473
38640,782.7782125207635
38641,486.97055343128704
38642,256.17705628534856
38643,187.80816358371115
38644,231.5402807088236
38645,309.75272142144644
38646,233.01193535302295
38647,175.87735830156618
38648,248.43359225335112
38649,166.59072650090656
38650,252.6622818961361
38651,172.7087454379522
38652,241.5208861272024
38653,312.3738164886286
38654,194.9704458014651
38655,198.69701767919986
38656,244.72091945763043
38657,301.48496455240405
38658,507.54101897596087
38659,408.9939760330601
38660,149.04166293460804
38661,457.55300715408663
38662,1429.1661772515408
38663,1043.4332088582976
38664,159.67498492466171
38665,185.02644496770876
38666,484.39031077811376
38667,306.2661116400862
38668,227.87461726829474
38669,624.4440207709923
38670,193.48607315407537
38671,170.56201730687718
38672,306.3717349082606
38673,189.02403153424245
38674,149.06880099851583
38675,389.62139551202824
38676,261.4158118742534
38677,396.94503669822535
38678,162.97124583748857
38679,197.4887819515268
38680,152.25211490573437
38681,204.07790197715204
38682,356.0225507726881
38683,1052.9123243668785
38684,205.0953636865904
38685,458.22673713535147
38686,125.91395300651321
38687,208.10788340175895
38688,150.1301792415843
38689,184.3280684435867
38690,1040.14866899806
38691,138.80450793391768
38692,346.9639253314605
38693,96.04621145824574
38694,229.57873854770622
38695,143.18177222143012
38696,374.75047616863094
38697,159.8528856250147
38698,179.01608906586063
38699,174.08791903811994
38700,418.1849978261494
38701,333.43154132677404
38702,297.6043327525689
38703,187.02563448962437
38704,138.42326172630416
38705,656.659777056402
38706,126.13276316342349
38707,282.76225930439745
38708,331.77271022371974
38709,407.39657960496663
38710,184.35547147633085
38711,204.23494439001502
38712,273.57980461271904
38713,390.6884881039766
38714,165.8743095483368
38715,609.6751214164854
38716,329.98178259922156
38717,490.1838722381529
38718,242.87107834061504
38719,161.30620121447552
38720,336.0627938370377
38721,532.9614199582631
38722,145.1096942403229
38723,88.80073724014345
38724,424.9825687727878
38725,233.1937042720788
38726,322.99990096393043
38727,939.0512906052945
38728,774.1383103620351
38729,263.3097314546225
38730,238.36086705246979
38731,375.9588163778321
38732,537.442813495735
38733,1088.1623570666734
38734,220.87209150119557
38735,166.97374786367334
38736,735.4006262960205
38737,244.46171571766362
38738,365.9988241214701
38739,291.0510988881391
38740,202.37641123916157
38741,156.34877162731513
38742,772.0552144517376
38743,277.11972370612364
38744,533.4809674681828
38745,261.99730937131665
38746,451.57646532283064
38747,188.7453566165484
38748,208.87950216282198
38749,264.2068964664638
38750,213.16697229878775
38751,171.88112556492095
38752,243.5287364977315
38753,1830.545112376863
38754,229.9862234305218
38755,986.723770714217
38756,222.72628015219848
38757,185.3383898937982
38758,152.2457331328326
38759,209.5355465157667
38760,556.3930746031357
38761,404.96642851777
38762,291.14083120592784
38763,872.1405154756178
38764,138.93806689349094
38765,237.54845684738228
38766,170.83383766133616
38767,284.8480517615416
38768,660.4045577869271
38769,1521.9758044553503
38770,135.70143757822547
38771,312.50632695427254
38772,316.6469093858683
38773,277.5651421227701
38774,466.4324641715575
38775,312.61251298682294
38776,481.59507455067995
38777,245.93360480847386
38778,524.9000234899312
38779,220.4005715824689
38780,228.90542863013331
38781,156.86448186166052
38782,1274.7312387954435
38783,156.73617280217778
38784,184.46240718346104
38785,256.7354230572718
38786,265.5213453534991
38787,276.53099810745283
38788,147.81632667444296
38789,470.5697956147895
38790,220.53467105433398
38791,237.7612970268502
38792,194.78521138418668
38793,198.64265009521256
38794,131.70615446854853
38795,160.35892233625864
38796,187.68227324438752
38797,133.886843283428
38798,205.88560387137267
38799,311.81622635897503
38800,216.82096199018423
38801,432.97090074111486
38802,493.4751152144159
38803,299.2527761600727
38804,403.7836345101771
38805,355.89557077921927
38806,257.0543337838891
38807,551.7184997333646
38808,351.48216999803276
38809,219.8623692970606
38810,236.25007797408384
38811,460.6979933742321
38812,247.94094885255825
38813,259.71191476568134
38814,201.88000714584174
38815,316.9357648301429
38816,255.6554975954103
38817,388.8822216765791
38818,289.38666677635274
38819,164.19462458322454
38820,168.26993117073036
38821,621.2359566634102
38822,488.1742819526106
38823,230.21464366031267
38824,100.21322165830192
38825,192.70705853589723
38826,292.1841468632884
38827,390.3925905092532
38828,345.79051091709607
38829,249.2298539571877
38830,644.9573167430488
38831,170.12737685883522
38832,217.13127946476428
38833,256.3230048833385
38834,286.6789055133937
38835,245.0925975987707
38836,218.90330762298782
38837,275.07501328659805
38838,157.62455538733275
38839,593.2570922137036
38840,426.727686918323
38841,468.8758052933894
38842,185.53933796548512
38843,665.6609361777004
38844,149.0714566925043
38845,267.00225520949124
38846,148.50608965780526
38847,461.51706880866266
38848,382.72342624297056
38849,205.7252868638312
38850,161.3012493132437
38851,254.5324619895491
38852,195.24969793621798
38853,241.20363220168835
38854,180.15880718434028
38855,206.02072943417664
38856,179.25500540515495
38857,501.97431562883946
38858,142.51331113189462
38859,239.13572965452585
38860,188.6530877799313
38861,355.1356962551852
38862,448.96443007675254
38863,246.27369735674284
38864,134.18054928932685
38865,313.28346023281824
38866,177.1480940001582
38867,293.94613661168194
38868,1156.4056980043824
38869,90.13700885583256
38870,713.4010636503785
38871,377.1771134087136
38872,1431.6128840800254
38873,212.42538596884935
38874,395.3965132354307
38875,428.119879773512
38876,157.10654429287746
38877,463.28065436349146
38878,172.72760661728995
38879,275.1227641897858
38880,166.24039853790273
38881,369.1261308213517
38882,130.71765137077912
38883,157.01651794067283
38884,161.40726864092892
38885,250.02161318772872
38886,232.8348985837541
38887,535.809511949129
38888,141.65645257701937
38889,386.7842312300373
38890,155.15160641220095
38891,179.51886433649153
38892,394.45846138186977
38893,1616.8715067086252
38894,197.12570721916006
38895,224.96440414483322
38896,169.4775637156738
38897,240.35654337101732
38898,311.0986147174752
38899,251.41793201444588
38900,150.94108761291284
38901,275.18745020534345
38902,156.75896482931284
38903,209.99713105698928
38904,158.35117266815547
38905,185.59560454283246
38906,218.32587785425002
38907,228.61826943619286
38908,285.7534623057071
38909,255.47257759354477
38910,203.08405361469008
38911,188.83036573021892
38912,210.67472258757763
38913,297.18153996921154
38914,362.4141458608288
38915,237.35980333501564
38916,187.52570593878812
38917,239.88633183774397
38918,1558.374678276309
38919,198.17288402480492
38920,238.49368684682983
38921,174.1437635607711
38922,239.64162925333096
38923,290.23069843258304
38924,228.55067910243704
38925,423.1172073073707
38926,959.5691665729045
38927,294.49137782994933
38928,154.37007832690782
38929,176.65499063271983
38930,225.2346132806517
38931,281.4068028909988
38932,122.4435341112706
38933,162.87582126711652
38934,671.8183691319163
38935,285.7452088642658
38936,371.40918111983046
38937,239.99759322017172
38938,212.64693303724565
38939,166.92240556978527
38940,154.13121648034297
38941,127.34767897603872
38942,253.65566395706537
38943,743.3970625933337
38944,177.84528653018637
38945,335.66528360920205
38946,1025.5440256737766
38947,516.7611610836105
38948,151.6752065311759
38949,82.60511665966429
38950,225.08045017953168
38951,255.1120452831311
38952,223.36365685895535
38953,177.90903099444174
38954,292.0737905524346
38955,216.66183990754374
38956,242.46738376274936
38957,686.2916040597399
38958,242.3982457574991
38959,255.43322212389901
38960,209.3957576980938
38961,151.12265329862345
38962,166.6993446237159
38963,620.3946237573945
38964,404.8278407848569
38965,300.04802683777393
38966,247.44916110625633
38967,267.66714790468944
38968,259.32512371703064
38969,974.4654411036342
38970,256.1622453490565
38971,226.22311825788296
38972,213.80660386368638
38973,282.3855561462745
38974,570.8769798527752
38975,482.49906933500546
38976,244.92846702738814
38977,269.37442499039133
38978,164.83928843604778
38979,153.3769970644938
38980,702.1335628978226
38981,129.73979436458941
38982,151.06449686200992
38983,145.8252777436725
38984,228.32907163516268
38985,272.0785918462715
38986,867.3359181474402
38987,378.8181184425471
38988,603.8850739081785
38989,159.13214794233858
38990,193.35442224797924
38991,934.1175802690735
38992,278.2965316704732
38993,243.91555404271807
38994,263.45394446516764
38995,241.1383511265227
38996,477.6452243432124
38997,229.36990298111243
38998,161.54166512594395
38999,141.7268008761678
39000,230.17555005944953
39001,229.105532107676
39002,285.3873358884283
39003,450.02214333409967
39004,157.77669235895524
39005,207.72479031018318
39006,298.22759876770226
39007,137.89121507428192
39008,521.9870096724025
39009,257.12839333227316
39010,152.12521712224694
39011,195.23891617300316
39012,260.6871186531935
39013,752.7357933982662
39014,296.05998165529036
39015,306.0995490852407
39016,237.11213752402853
39017,234.15680493321048
39018,234.2709523174666
39019,142.48812805081093
39020,218.90039639378145
39021,268.0834945958975
39022,223.79104672771683
39023,239.6403795692815
39024,295.6221220717007
39025,403.17852567000114
39026,530.1020143407718
39027,379.28388949089396
39028,143.64981176610485
39029,322.10180271075825
39030,197.7814531978637
39031,921.0270661650177
39032,142.09719084851008
39033,149.97747766131062
39034,273.74175991143187
39035,131.9068672280089
39036,153.74650760641387
39037,170.44959946998347
39038,1329.3160901880915
39039,429.7232097080219
39040,169.44465414856478
39041,300.73458449054596
39042,343.0163319536427
39043,306.26726870692494
39044,180.31258134731925
39045,186.2516239577686
39046,261.37279398109564
39047,249.61551537441724
39048,285.4634288865807
39049,446.7152911497464
39050,160.48634708957425
39051,771.943305013102
39052,352.36804435752634
39053,150.26466605897056
39054,184.1308149149508
39055,749.9496695749878
39056,284.5143164243869
39057,574.511975195326
39058,475.2399550110764
39059,411.38591908005816
39060,461.6981838231124
39061,221.20258413955685
39062,190.9074401782025
39063,217.21597523797033
39064,232.75763985953023
39065,238.72384232824086
39066,148.93150656891913
39067,244.57376812232013
39068,481.60258046037427
39069,235.51841650471545
39070,320.27165138561963
39071,833.40117849029
39072,196.11279662108691
39073,235.66927705116447
39074,257.4690107192612
39075,297.00346274676826
39076,322.33537415679467
39077,506.2456974293157
39078,301.1484058581883
39079,242.01045904437714
39080,246.49569651122547
39081,526.1450484749594
39082,292.0720180038326
39083,802.4012709325459
39084,114.18728251682455
39085,425.66029526814884
39086,162.80771033108516
39087,347.8247344765613
39088,228.59722417479483
39089,193.79586183708557
39090,194.77096158438195
39091,148.3495800283123
39092,189.85617662315948
39093,221.88516129815412
39094,266.20762461743993
39095,328.50169880416985
39096,346.5631631784708
39097,492.94701028564697
39098,380.45437339119746
39099,553.1937948331143
39100,170.43052070030743
39101,862.8964449697029
39102,143.0534644411144
39103,149.8556547976761
39104,473.0593607538631
39105,267.7207272110654
39106,226.28754884559117
39107,506.7874882601474
39108,222.43401725617832
39109,531.059506787841
39110,515.6132443585559
39111,161.45167320358595
39112,454.79480801830385
39113,254.90142486581863
39114,202.17871431195437
39115,151.59597687935957
39116,204.98450377615396
39117,662.9877286963654
39118,427.20103812066657
39119,1423.401741817147
39120,137.74875770505056
39121,162.95328149599143
39122,429.6917689965233
39123,250.17857246083196
39124,246.47277048248282
39125,209.71634154627395
39126,266.7944499106939
39127,412.73748347881053
39128,164.6381184135936
39129,136.2216635043856
39130,695.7192519318323
39131,248.61143611579143
39132,141.8257904814142
39133,267.5544357967842
39134,181.32509571193802
39135,333.06698405365694
39136,184.3287302473685
39137,208.66238628485056
39138,363.36664466348174
39139,468.50052227984975
39140,140.815402734589
39141,184.67290041516776
39142,228.0380846154392
39143,218.69563185150784
39144,162.28450697241084
39145,130.22847240736024
39146,195.11274591340853
39147,249.31333183343355
39148,198.61443990080676
39149,114.04425381438361
39150,211.70642351860417
39151,281.62434792950785
39152,412.36166703633336
39153,231.61647576488082
39154,158.45574509682857
39155,1642.8605056070965
39156,221.80440719877032
39157,152.93062175485375
39158,759.1558101369526
39159,179.5782185588293
39160,184.48854884112637
39161,171.50161195097684
39162,405.5560769927409
39163,171.65982730814056
39164,491.1370816027175
39165,170.38553067038896
39166,101.96947195630133
39167,174.4690625943717
39168,106.40230226051187
39169,338.53539048103033
39170,79.85514514133513
39171,173.18860532443736
39172,325.24788491723734
39173,602.4997289136855
39174,181.8401454099722
39175,139.7976116168035
39176,185.2940084501294
39177,130.3832815271048
39178,140.53187576522114
39179,379.9786128498712
39180,224.05721564636997
39181,248.6893941441419
39182,172.80015097876472
39183,805.8841981139766
39184,227.12884805631904
39185,535.0084265119212
39186,390.8652452975752
39187,979.5086437698399
39188,134.3251317541674
39189,118.27702648467998
39190,431.0326412916343
39191,251.6270253569947
39192,248.39909620659867
39193,294.4557117401213
39194,195.51796000114481
39195,216.64661035927753
39196,307.5243522238354
39197,697.1726428755031
39198,273.28240145286054
39199,296.926860137283
39200,711.6324602513502
39201,469.21922553159527
39202,149.1758217770669
39203,158.38751896488392
39204,142.98307197724094
39205,299.54899629331896
39206,178.73603223991478
39207,413.66507551413406
39208,437.3027685309121
39209,377.31183077360447
39210,149.14022017696482
39211,316.6751882560587
39212,225.60954629739476
39213,271.4565586687072
39214,236.30997560479457
39215,184.30465719282594
39216,331.60655829551223
39217,184.44082431837577
39218,246.29666326091902
39219,203.38753606850145
39220,255.39465885976898
39221,382.6295771675087
39222,148.1466614198683
39223,352.34837849139916
39224,263.4245567869738
39225,228.8254601392128
39226,157.38295553920983
39227,327.76806947430134
39228,243.48710443489708
39229,196.96102391034225
39230,824.2880732086829
39231,243.49103880302704
39232,238.85538884270736
39233,106.27700856910117
39234,176.3274324275322
39235,2147.5482076526314
39236,531.0088164103016
39237,235.0258919238878
39238,150.22588345134068
39239,312.79739858973454
39240,329.1123799887326
39241,238.96483667509392
39242,126.45278099824115
39243,258.67359248529345
39244,587.1100617511664
39245,108.65855268600146
39246,220.23511302700155
39247,179.52568788511238
39248,216.75766242924735
39249,269.3781887327068
39250,231.00560810588584
39251,232.02917763519093
39252,256.7534920227967
39253,213.7710155312026
39254,222.78553446507817
39255,365.89018778941255
39256,226.83091414425238
39257,137.34647764471157
39258,705.5968822068693
39259,272.7082555717679
39260,208.3627326408808
39261,237.29133814125194
39262,276.4271893829052
39263,282.63812931356296
39264,594.1026524081792
39265,157.66910786595517
39266,214.71753880136467
39267,169.69961979329358
39268,121.54274214955085
39269,377.9803601396576
39270,215.8865484118087
39271,286.7784963729239
39272,264.86193040762583
39273,302.7895182247863
39274,176.26916945813846
39275,591.1633173148614
39276,219.75904178545096
39277,117.9051974619027
39278,214.59141183027054
39279,489.67137302786693
39280,252.7298562105736
39281,289.3628918722355
39282,400.95984315452523
39283,209.51180516445018
39284,243.0212054752034
39285,228.81107934745773
39286,263.8877809198134
39287,1110.3087476321132
39288,218.7070254235547
39289,158.6028720990424
39290,174.99468950703138
39291,420.54348167671554
39292,405.9335061111538
39293,228.34727885147652
39294,384.4945274038211
39295,242.98251382168814
39296,300.44955470237034
39297,206.91472273253632
39298,522.2880428689089
39299,219.21829472161454
39300,653.1092923790536
39301,308.75913859592094
39302,415.3827622146426
39303,855.6330496187528
39304,247.83766638196104
39305,138.68515368965325
39306,154.77415684908823
39307,271.1344623043199
39308,162.2642121445291
39309,221.3802794178502
39310,223.86642784643954
39311,159.39632094756473
39312,483.52192517951323
39313,224.54766920780565
39314,162.47213631174023
39315,272.4743373931597
39316,1005.9813707193085
39317,135.01589328499225
39318,299.79328564629515
39319,296.45577918705555
39320,123.8282011434646
39321,513.9183540182113
39322,808.8814905919411
39323,219.67664357782448
39324,139.83708122188324
39325,176.7931510587785
39326,143.52787257284746
39327,307.0333576535053
39328,249.3571860528181
39329,1036.11104726748
39330,285.19775968465467
39331,341.1128657400381
39332,299.9706842100916
39333,169.87613913062603
39334,328.5428463000578
39335,107.75308415875416
39336,533.2402698176353
39337,156.12854007191802
39338,219.2904060732217
39339,155.13238549580615
39340,222.21943758133864
39341,310.4774253674382
39342,324.37704563721985
39343,316.97188552379254
39344,267.68742174074794
39345,223.66242409513532
39346,661.0412942230546
39347,144.4129267204838
39348,198.03297679504675
39349,157.15650177649232
39350,202.4172822134298
39351,342.18080230527363
39352,221.48887118864863
39353,333.98096639911785
39354,401.1073780301186
39355,776.053960054703
39356,137.44868500925278
39357,251.98111193934088
39358,130.82595297160185
39359,195.9375527763012
39360,332.27402405462385
39361,199.47009300579305
39362,201.62974962369245
39363,236.86419049204093
39364,116.42203459454826
39365,134.01604986902908
39366,379.77846577476515
39367,180.1111178200247
39368,231.46921277646294
39369,291.9803663415419
39370,154.22629681671
39371,128.3699320003817
39372,406.8524032633389
39373,129.34189615782114
39374,238.8388636410495
39375,246.37856016597323
39376,200.17642748111157
39377,281.0275551005194
39378,138.41066072202534
39379,204.74440461961092
39380,154.77401137165973
39381,245.41414631850532
39382,676.7405792374118
39383,129.15705175746675
39384,139.26342561066457
39385,204.98679154870965
39386,258.5248895186793
39387,204.7955747094926
39388,247.2629014915685
39389,833.8031777877356
39390,242.79940296021232
39391,144.8203734197977
39392,245.66384297452052
39393,134.67667206753742
39394,328.2451647242137
39395,172.9091288871335
39396,187.91654191107654
39397,314.8571667925791
39398,499.15962753440385
39399,358.08261787971566
39400,158.77539747516423
39401,321.1162408237301
39402,111.63060185471397
39403,484.3418372091281
39404,336.6435010068252
39405,264.6328646276513
39406,213.61424829729538
39407,339.61408246964976
39408,96.81532003787996
39409,149.72065872673758
39410,369.49723722614556
39411,451.0289024063224
39412,204.68749272808617
39413,145.04332630883997
39414,610.8827405540702
39415,200.31919997325443
39416,587.4736866163895
39417,255.15321141550956
39418,200.23662656345962
39419,135.20366972893277
39420,192.42007711124603
39421,153.82551108963
39422,184.3018131924728
39423,316.5870284471324
39424,627.0950472685066
39425,200.98603783215367
39426,327.44139445684766
39427,186.7130856717465
39428,135.13460028368587
39429,213.63858902850177
39430,121.36628063186812
39431,393.59820460637707
39432,205.06376631953052
39433,793.7660420603218
39434,373.67061281025
39435,1105.8419041669579
39436,240.23598364864594
39437,152.9258062484322
39438,204.31280459694844
39439,134.3935480671534
39440,145.57957483942343
39441,145.20203264273724
39442,167.534276811979
39443,327.41165679547044
39444,401.48544822329717
39445,206.76618779308546
39446,241.29167936753308
39447,185.22712810370464
39448,283.2056635371954
39449,192.1613016726059
39450,363.11198183360125
39451,129.53343857716368
39452,370.6913073338729
39453,146.838144953614
39454,105.72567501090775
39455,542.527878582985
39456,248.49187888045296
39457,554.227436511387
39458,199.3835829697652
39459,205.58555742170657
39460,247.10423832309922
39461,219.40474656295527
39462,600.8409042455908
39463,166.95035046688903
39464,251.15673956373098
39465,134.72915226880596
39466,808.3103563809649
39467,121.04851148413807
39468,272.226885332648
39469,243.26302460913263
39470,313.88989344714963
39471,692.0606184510316
39472,136.7515008049397
39473,341.9905576331013
39474,486.8436256198764
39475,197.86908890613165
39476,743.3210605020166
39477,335.90255390380906
39478,167.47776089547105
39479,166.8007789435836
39480,233.51153052536176
39481,262.09419598360313
39482,117.47091889873988
39483,344.64922008432853
39484,578.6126584386222
39485,145.36068649496676
39486,291.9577692972488
39487,366.71876752509047
39488,194.15178150245885
39489,265.32044987662175
39490,151.68991292718562
39491,279.4040487188187
39492,230.19999767815784
39493,758.4372380014133
39494,603.6293526975961
39495,404.15666565608035
39496,377.2931734042013
39497,501.71913451289254
39498,2286.041798692336
39499,246.96347867526444
39500,179.93382666366531
39501,251.36361031954254
39502,781.5052003425186
39503,162.25709308984034
39504,119.39674019517703
39505,253.96795881723378
39506,179.47901724252924
39507,134.19327672028226
39508,222.36517149093777
39509,254.8313566769625
39510,183.72755045598268
39511,138.19047448571806
39512,424.7465707617296
39513,188.28620274103045
39514,1837.2888920637638
39515,334.8906681489734
39516,295.08817203394796
39517,194.10023741015186
39518,131.15212942177283
39519,1088.1668579262118
39520,113.80224316231711
39521,224.5158964056003
39522,139.3377581317486
39523,245.58062638947655
39524,199.9717028879292
39525,247.45272459287676
39526,206.6399987260871
39527,254.040158523826
39528,175.05856871834638
39529,379.94820107249944
39530,371.4975652470329
39531,1143.0405664983168
39532,465.13003417080154
39533,182.74313595187127
39534,1129.504990601917
39535,185.47269952606317
39536,7395.6427347589715
39537,192.43021630974016
39538,181.553155110944
39539,373.296226516928
39540,366.57053420747917
39541,184.0999312099987
39542,167.7424567574122
39543,535.0902580951954
39544,292.66930231001686
39545,380.528484212595
39546,155.89459610781208
39547,161.507157838463
39548,241.74033167283918
39549,267.50528221390823
39550,161.53216936427265
39551,404.00978766445064
39552,208.13789544378713
39553,252.14232651492696
39554,382.68503434507215
39555,654.8326945706818
39556,163.61594801907395
39557,245.55716554086143
39558,138.35186139393753
39559,186.24059640368995
39560,484.26407805790296
39561,211.59352104158663
39562,313.22569547408386
39563,591.2546748502956
39564,339.87026833297597
39565,318.31888978912036
39566,238.57434263585415
39567,176.65957009597952
39568,142.97431604933143
39569,305.135763168655
39570,210.9199860161183
39571,194.50311344393143
39572,213.7584395437598
39573,106.89468646693805
39574,255.81467909018465
39575,182.30919614822528
39576,401.4066492766567
39577,179.07404246446492
39578,2673.7161089746683
39579,324.54744745759984
39580,438.9505313557778
39581,243.72472680459995
39582,176.15323685567054
39583,241.11187184724466
39584,197.99740072294728
39585,141.50697537568306
39586,187.10202388848668
39587,207.47666455726906
39588,87.56854589484881
39589,240.37920032353003
39590,188.90800956579682
39591,873.0828020847473
39592,134.82672585092416
39593,162.5894490541793
39594,128.47545074353678
39595,127.84198996522008
39596,357.0919239510888
39597,260.78154267697533
39598,222.16055522931228
39599,167.89968872046023
39600,227.4605365823972
39601,508.5941965918899
39602,326.2148010756243
39603,142.73191143823828
39604,204.3545814929395
39605,213.40029318081594
39606,143.98687236717524
39607,704.8222657693535
39608,255.5244750106852
39609,167.73093139504505
39610,170.55837408209524
39611,325.4954352278274
39612,264.62355318631535
39613,142.25412876194656
39614,213.32790939725638
39615,847.2263089404036
39616,172.65009377716268
39617,147.65376402547176
39618,139.13990890170948
39619,907.3633122085325
39620,202.70918702765124
39621,206.4227343263964
39622,145.08717443588102
39623,203.43536725002187
39624,139.17136369840767
39625,158.46762172431127
39626,231.03357516649734
39627,164.41138117105373
39628,262.7716878467194
39629,152.05533019189374
39630,1028.8011726535638
39631,493.76010812107296
39632,213.90443272193815
39633,223.18311100232168
39634,139.7613405270759
39635,486.7726533028487
39636,261.72999339009516
39637,207.40535804920572
39638,196.7419233847932
39639,309.9714122326125
39640,405.07461692891934
39641,202.94344788729157
39642,257.39685006969336
39643,467.636355548155
39644,239.65318640874523
39645,227.59168280754253
39646,234.2682722145973
39647,177.1620446737246
39648,278.48285623739247
39649,229.16168127244566
39650,400.7585899933357
39651,272.45076833172334
39652,258.0522272758092
39653,170.76505990668005
39654,257.0532893130051
39655,259.15364463195215
39656,259.1280206908327
39657,519.2983657550673
39658,275.7631648384909
39659,348.7483709856574
39660,231.4056698582364
39661,210.6562414149508
39662,233.8582857187441
39663,449.38825801270997
39664,155.9603485714834
39665,214.47186806703738
39666,140.78172200365515
39667,164.28934555461382
39668,933.3263713465866
39669,418.53084387917716
39670,243.13032004236754
39671,403.55866013260385
39672,130.9261540138307
39673,108.62378613178323
39674,373.96674268093454
39675,157.5842723259375
39676,241.94357460667223
39677,268.8488600094187
39678,239.2756757241444
39679,261.1522914829412
39680,355.4476265113446
39681,212.46285964093218
39682,225.1779189487112
39683,154.69556853196949
39684,332.95936893442
39685,177.63601391785474
39686,233.97291809975343
39687,508.9642649003583
39688,211.77494839496273
39689,281.2730852014542
39690,184.13634903358462
39691,406.11630555070326
39692,207.78489049965955
39693,255.52835836188106
39694,164.8393550707468
39695,242.84778344658926
39696,155.0126201858799
39697,230.96489232062788
39698,540.7100802531702
39699,270.1082532722295
39700,333.6518063228718
39701,755.5680330976288
39702,265.40775456561323
39703,478.3653357398166
39704,215.17790719625273
39705,1585.6226809576622
39706,206.56226781722856
39707,312.4913801203108
39708,190.61310242462233
39709,253.97558521530544
39710,119.7283419052897
39711,237.58945997227735
39712,262.8667650971142
39713,1357.547740571494
39714,305.2362670570388
39715,251.93211270689216
39716,223.37491544827594
39717,502.59652611107293
39718,220.37734233262293
39719,168.42846408247217
39720,507.410111999127
39721,469.75789614980744
39722,359.7236528774935
39723,141.33459578617064
39724,203.1786638954938
39725,211.34412958690868
39726,238.33393088601065
39727,178.26046145964844
39728,161.50782960829684
39729,504.73000964046156
39730,256.27924795093725
39731,892.8134002880861
39732,163.3220866946197
39733,422.84096804495874
39734,203.48090971182694
39735,237.60790958259165
39736,158.20873607865468
39737,352.299616336486
39738,327.920405262784
39739,217.73373256934804
39740,308.2699654073021
39741,103.2079713524171
39742,151.97442834369883
39743,247.44248314823676
39744,120.15998082820425
39745,223.08251365922592
39746,414.56175985490046
39747,87.52343571977934
39748,205.72360967189815
39749,193.30659078150902
39750,325.2191702244644
39751,427.6959806874453
39752,147.42616770136127
39753,164.93029561919374
39754,160.6733657426867
39755,166.6124466143084
39756,244.80649705921908
39757,348.13858499882497
39758,161.41277026840862
39759,268.33514869783966
39760,1210.985775283101
39761,321.6955244203683
39762,185.74028272741305
39763,1573.049815212665
39764,256.06889398370015
39765,194.28114982001586
39766,244.30542154911984
39767,205.40088303745785
39768,487.2055854368308
39769,306.85567082550614
39770,421.15621762644184
39771,538.0876616988238
39772,405.7182739624631
39773,377.6307386487965
39774,247.58154416166454
39775,296.1164356653812
39776,153.18367381758614
39777,188.4769623049481
39778,166.39497178138097
39779,347.4871210136986
39780,264.1860373081645
39781,1577.499019185037
39782,268.7340568908163
39783,374.1786023761894
39784,299.8199796684407
39785,259.879215759467
39786,157.36718269618092
39787,231.01335116747552
39788,322.6731121933334
39789,214.23548734005809
39790,144.5579614782016
39791,164.31715907229318
39792,350.1444621597056
39793,334.11896690432513
39794,162.1392652939344
39795,290.8940308943352
39796,127.92573984963444
39797,2957.4054733094094
39798,238.45188449663297
39799,136.43760966601224
39800,416.6186199766702
39801,213.87810091732374
39802,357.11329869131936
39803,962.6829185496749
39804,639.1640682266756
39805,377.8615302426247
39806,487.1103627859836
39807,1386.3871698307362
39808,846.906648826158
39809,170.73034987268855
39810,225.1162716006954
39811,149.1870514537637
39812,413.5791970646202
39813,289.3646745175661
39814,251.64762940101895
39815,230.07495315495007
39816,165.1937659676232
39817,282.1434961723212
39818,206.44096619635
39819,1011.485545607997
39820,506.62234996581776
39821,142.1410808653247
39822,265.2167626727232
39823,275.2615787966759
39824,316.89131786384434
39825,213.4293186103816
39826,155.70467374614742
39827,654.734617918197
39828,387.60437271297894
39829,285.14479247103293
39830,191.52416867369587
39831,244.8589808716066
39832,148.73276627227213
39833,421.9446525676
39834,246.026123617521
39835,371.9076055791001
39836,120.817177950524
39837,190.26195868773698
39838,598.922103090184
39839,742.5645342679882
39840,396.26199147594184
39841,380.8798623269908
39842,340.67367865901065
39843,257.8735609638181
39844,218.164379096967
39845,131.93543976910183
39846,197.12923591774776
39847,123.64496921528425
39848,218.6922219837694
39849,640.034199493217
39850,252.8161702990054
39851,334.0118051723593
39852,154.76268965708354
39853,531.7832885989161
39854,393.912420416526
39855,241.2081675692546
39856,219.71784212489942
39857,259.9173916626282
39858,237.91321110426338
39859,227.13653277382622
39860,256.9502209940584
39861,384.650918568212
39862,437.9463673483757
39863,320.2627373218952
39864,209.2583439245822
39865,240.35779340619493
39866,202.17775581947816
39867,392.80358053306367
39868,116.31627812433544
39869,278.07684246096676
39870,722.8161316951775
39871,216.73369711095324
39872,275.93658482373263
39873,189.78539916295583
39874,907.9885481692132
39875,145.83449025184947
39876,183.53643457625745
39877,415.4542476836924
39878,155.1537679649625
39879,205.92987938936562
39880,164.76526236732963
39881,144.7160693133018
39882,188.31509016337858
39883,513.8138657754301
39884,205.3468888534862
39885,1166.4480593404046
39886,202.1901619572685
39887,298.9560087764902
39888,152.12424919573772
39889,214.13953839117968
39890,296.67672917127135
39891,433.056511820976
39892,249.9767336726088
39893,1073.1143036661144
39894,326.8605997127949
39895,136.25655042535365
39896,184.89381476004704
39897,304.7987290282518
39898,204.49783657102577
39899,323.2477877730546
39900,417.6281541019645
39901,422.1123118017498
39902,320.61656690793836
39903,170.69216998860014
39904,634.5294199389782
39905,215.4739590881855
39906,965.084485508838
39907,339.89246402420997
39908,286.06723337379356
39909,456.0472432855531
39910,301.3146297571178
39911,419.52592473515523
39912,248.87500490222405
39913,131.65586731341745
39914,220.90059432254756
39915,164.73878716609764
39916,638.4103791481583
39917,119.93902602373788
39918,291.5072089355924
39919,747.7207214410488
39920,175.87667613874248
39921,323.739719702299
39922,199.04675627165045
39923,335.8543787919921
39924,188.92539141814134
39925,722.0338173960395
39926,285.02688844719376
39927,249.35659940133363
39928,384.6829708565415
39929,329.54554742930304
39930,150.95524851862766
39931,352.37628488752665
39932,729.9584794444299
39933,284.5158816356
39934,301.4011171476541
39935,749.2493076760783
39936,2040.6082810871242
39937,164.8293284591754
39938,486.1473059687842
39939,138.55278118091596
39940,308.50413019090587
39941,219.46722727758382
39942,197.38402464802056
39943,335.66193662082753
39944,1325.6228302102581
39945,849.7623484371434
39946,78.17968461332984
39947,344.5160853936967
39948,372.26226456040683
39949,387.40247118747135
39950,460.99355862798893
39951,426.97531562353333
39952,223.71584579143607
39953,260.62628472768466
39954,160.68330997215617
39955,438.39236217354625
39956,156.95207558802832
39957,407.6496585280621
39958,510.7187474342562
39959,124.58044356152098
39960,246.0357405051364
39961,180.69911463129486
39962,193.24088631045336
39963,302.05237283217593
39964,147.08444877867862
39965,398.3242964874036
39966,622.7814355940163
39967,705.893635793712
39968,264.5643722539171
39969,158.90086917154744
39970,520.797624223984
39971,264.11595599179674
39972,148.51791248772298
39973,161.90783486741952
39974,238.68949712524244
39975,136.5943688804633
39976,314.6214861620071
39977,210.56107742054593
39978,158.8720041777229
39979,184.07553543916367
39980,345.40465797388543
39981,156.62875278352004
39982,167.99604580466485
39983,187.61523431539015
39984,310.76097373401467
39985,277.6454881830305
39986,529.0710299912658
39987,756.6424000084661
39988,1215.9035626356147
39989,185.2972395319877
39990,206.65781220462566
39991,532.0150346419988
39992,417.6291247811121
39993,125.98529130575932
39994,191.67539389300856
39995,291.55981226792983
39996,179.29719416529747
39997,211.65202211321747
39998,264.338862381331
39999,368.41518578796894
40000,272.0346341703204
40001,200.350148594163
40002,135.22840489404757
40003,291.24343734889374
40004,219.85736465449145
40005,692.8668225625221
40006,194.7865158697886
40007,433.63353104931457
40008,282.8957330246451
40009,569.6429173232449
40010,757.5792815984638
40011,381.47712254828
40012,312.72636322011306
40013,129.51114418426823
40014,170.74964812468772
40015,225.0449108874186
40016,155.71274091372408
40017,346.5108173336022
40018,239.26189036074035
40019,277.1040019596832
40020,467.1221608854168
40021,1171.615848887677
40022,265.8565252625152
40023,284.9295533947497
40024,163.12549752404666
40025,151.86220568945373
40026,246.8643030585137
40027,489.2665636796151
40028,345.7448496440312
40029,250.8184643966517
40030,233.92111685386897
40031,147.51567941125526
40032,349.5449459106347
40033,423.14572340029724
40034,1272.706563387513
40035,457.54539956098154
40036,2364.268169008339
40037,151.73508386377262
40038,415.4758410020129
40039,173.18939278671
40040,521.6566257927389
40041,518.1129218833812
40042,316.6731104590067
40043,112.1132590490484
40044,1235.4859373537727
40045,650.0311154305141
40046,257.0267585144021
40047,165.90404533524656
40048,268.5972170268944
40049,192.53475130533633
40050,150.6101925280756
40051,491.48537068282036
40052,274.8255156531295
40053,166.0096196907768
40054,512.4400404238365
40055,221.0478818072651
40056,250.58381568595314
40057,172.84132419113908
40058,152.56723475827098
40059,392.29198036190405
40060,500.41101790164544
40061,476.88377567727235
40062,150.9561831810879
40063,314.5694617315564
40064,176.14680548780456
40065,175.8273388833051
40066,125.12652197884304
40067,410.5256143829936
40068,278.67239631974627
40069,252.9843503128525
40070,239.58657009034522
40071,1613.9992690074264
40072,929.1082237409298
40073,201.29837380314436
40074,695.0066877008298
40075,377.6830989734987
40076,214.15830805985576
40077,741.9994537160021
40078,306.39189722830963
40079,341.5542858065336
40080,161.43840436975285
40081,273.99014076628424
40082,196.44645593306922
40083,439.95491644603004
40084,295.872151192038
40085,246.5408651813454
40086,196.8239907418145
40087,244.78741999351251
40088,464.8077812167945
40089,620.7085358676651
40090,549.9225615517431
40091,365.02560946920386
40092,188.84911074208654
40093,261.1409551246065
40094,138.7659612363899
40095,680.27324262643
40096,306.1847463586167
40097,2658.000400317536
40098,538.6456801404299
40099,123.68100179966514
40100,146.21078861932546
40101,252.73737344672296
40102,230.37249906370909
40103,231.37815337626049
40104,206.03059358789673
40105,586.0568582576866
40106,877.5664828219175
40107,159.53415101649057
40108,173.4849445505181
40109,136.65842031515305
40110,457.7649664509079
40111,781.4289476181015
40112,247.33088443502984
40113,160.8252335317183
40114,121.82034757395101
40115,216.11342594683424
40116,230.1255751316474
40117,139.28592738599508
40118,177.16273682677868
40119,149.10957084034325
40120,430.7960686371738
40121,231.0002036510908
40122,250.23240907870687
40123,159.95055968789177
40124,571.9171663061196
40125,905.542290165358
40126,256.3298546352323
40127,1341.3156851774036
40128,276.04934194873476
40129,187.03712784142567
40130,185.12768682257882
40131,148.7562053211442
40132,308.6261627653266
40133,171.52180168943707
40134,279.8500087332847
40135,249.87926370228647
40136,309.1270417883357
40137,274.4741370006287
40138,225.29563621872168
40139,214.07240666711093
40140,141.818708810656
40141,227.04381917917436
40142,380.82455069953664
40143,244.1404905598917
40144,477.6565441056122
40145,266.0765679719365
40146,198.93160733773817
40147,347.54725934733244
40148,127.08737639648456
40149,306.1077544970108
40150,115.19510081430745
40151,198.58235943134275
40152,194.69361415537975
40153,210.59037396728402
40154,165.97820486866948
40155,900.8916880955132
40156,390.1643725177786
40157,256.1420880005671
40158,152.31975861270757
40159,374.81451124533277
40160,478.09632557090504
40161,1269.9154001977465
40162,331.86537427803586
40163,133.29504839732553
40164,239.4246518915936
40165,199.11950923467757
40166,383.63277007869436
40167,1327.5316463493516
40168,398.5860107526834
40169,370.44873003328286
40170,200.7419481816078
40171,284.6912037768154
40172,539.8528604184975
40173,168.69173901958516
40174,197.73607703994426
40175,140.78137699558317
40176,188.43500910192014
40177,1843.912514913762
40178,276.0776263207772
40179,210.66287166684432
40180,154.65643881559183
40181,214.10809422395215
40182,324.80810279752274
40183,222.61900208996283
40184,333.6957899329422
40185,192.01131464340412
40186,294.740540561498
40187,458.6640238991117
40188,176.82692082985014
40189,151.03356133127025
40190,158.50570207431886
40191,255.4059094234702
40192,224.10220287163168
40193,205.503597946483
40194,571.2740700703827
40195,184.1644964672694
40196,378.8142597830247
40197,126.84149946998988
40198,142.44358759135676
40199,359.96216631777963
40200,528.2908647961032
40201,184.2416268492984
40202,126.58118410496225
40203,302.19301882621215
40204,224.62730545440317
40205,373.47229990584304
40206,277.32410040099717
40207,206.87257678280307
40208,292.017107419833
40209,236.19923329803296
40210,492.7056265419102
40211,181.62741847847215
40212,286.05299235261924
40213,212.85412691380228
40214,125.50831831407454
40215,301.1234612619674
40216,129.97314328491638
40217,245.3857062796158
40218,337.1688659485499
40219,481.0556100298353
40220,259.2947509249325
40221,237.05632253168835
40222,364.4737282780239
40223,181.20036974912352
40224,251.89679935164025
40225,217.6778369155364
40226,143.45749922056916
40227,276.4435132906671
40228,251.29887014809472
40229,325.332151448874
40230,717.5354700907237
40231,191.5047578074812
40232,443.27688912855814
40233,236.97624165578026
40234,673.0967284704092
40235,135.3318585792453
40236,177.9232833504861
40237,238.36295619287193
40238,536.3091816773556
40239,205.02913879215893
40240,139.6999324444901
40241,146.89666530745785
40242,1496.2053426613252
40243,195.31062940196804
40244,256.389358498853
40245,632.7539072436359
40246,667.7866010818793
40247,161.52014469403824
40248,356.46175849893507
40249,342.52655184009603
40250,428.58265448713365
40251,358.8128001317206
40252,569.7766524745668
40253,232.90392091835201
40254,142.65813078972545
40255,135.53834905540023
40256,277.024840976501
40257,314.83178494926744
40258,169.54683391705746
40259,315.4891312036646
40260,469.74168003436347
40261,172.3640030924495
40262,152.47611243821584
40263,151.4934098109095
40264,166.46767833523717
40265,249.1573180941658
40266,150.07543085083827
40267,210.75431020595053
40268,265.17899565075237
40269,272.5613214531683
40270,297.4560553650646
40271,204.67048036774565
40272,117.99208329430392
40273,380.2102749581933
40274,162.750398114102
40275,663.5713333297001
40276,228.25312035678098
40277,616.8235107483351
40278,190.4884539594527
40279,145.26442845548007
40280,148.10931463910674
40281,534.0909655018236
40282,1211.432030000952
40283,357.0655170409672
40284,206.89539815895185
40285,487.63020369684403
40286,246.13258648235933
40287,774.5551666637527
40288,873.187131474801
40289,266.25923122849525
40290,1002.1136732783843
40291,559.4602617404877
40292,219.53299748845504
40293,258.35651482031034
40294,133.7887246005926
40295,218.0371986299131
40296,1445.0797134709308
40297,125.40362426367359
40298,248.30332221635513
40299,522.4366747219075
40300,139.96539233306825
40301,147.20355662111137
40302,518.6924166570014
40303,289.6729464552725
40304,218.53526726509028
40305,492.4444910589268
40306,250.56798360528302
40307,784.6994181518576
40308,396.71539031825756
40309,195.22997192744032
40310,167.0193256309127
40311,166.600132142714
40312,205.45152694447262
40313,328.6002292766644
40314,212.81968141064925
40315,192.2210231951835
40316,196.2557327658661
40317,182.7222901120265
40318,338.85405136207584
40319,2085.937444487987
40320,125.81269417044625
40321,178.25304840421606
40322,177.3458928961329
40323,107.14321485980899
40324,141.98480480344313
40325,434.1728241953972
40326,245.87195379430887
40327,753.6868173710503
40328,192.5975112138578
40329,376.96358932404144
40330,633.0550270220245
40331,213.3468398052475
40332,531.717101707271
40333,266.5375012299991
40334,151.14443696564746
40335,149.93471364722876
40336,160.8732865988335
40337,263.68922479432393
40338,146.5455052676009
40339,243.51124700314082
40340,192.8744317327746
40341,116.71516562263217
40342,601.9827270225471
40343,168.40787630032065
40344,812.2666651436406
40345,646.7610203877671
40346,131.1427166613387
40347,206.096570188125
40348,193.62555091092355
40349,285.02850683014753
40350,282.11488353312234
40351,132.88969849751567
40352,232.84986710318648
40353,217.60861926962428
40354,252.68555064141833
40355,150.2747587374762
40356,1178.6620097090674
40357,223.0969878798648
40358,268.76865882480337
40359,186.63608524264993
40360,193.1349729759784
40361,561.7413218807529
40362,188.99363424355838
40363,241.63465814758254
40364,171.88014281581076
40365,214.43064429969027
40366,290.8396830789963
40367,184.00211453992011
40368,228.85764908376086
40369,261.8614803318769
40370,294.2257462895967
40371,139.43676924731687
40372,303.3262442544952
40373,473.1655746370634
40374,188.4688979013221
40375,1117.5325738868403
40376,236.98968977358606
40377,246.58457602231576
40378,164.09933860097638
40379,175.9629705824015
40380,452.73493747859163
40381,527.466530496039
40382,177.39769348168932
40383,162.36907546347416
40384,336.5751739145097
40385,182.3802594123724
40386,343.4956867591983
40387,128.00923490643987
40388,507.9029346267673
40389,193.65673536970166
40390,969.4253645609788
40391,402.5243851513787
40392,279.02608590239714
40393,286.21825475893684
40394,245.79357384573137
40395,141.92918802723608
40396,326.7454671964972
40397,78.6625594127184
40398,190.60005153314546
40399,194.1864569910243
40400,458.7429580315571
40401,233.4890651027176
40402,367.48879295952577
40403,337.3286922218915
40404,483.26938901726425
40405,222.2957042463606
40406,342.91606540601606
40407,240.66672540809702
40408,442.97181579953354
40409,244.70975155817578
40410,168.03778514966325
40411,143.2054314892826
40412,268.16400320358423
40413,142.07050187851326
40414,188.28025600185126
40415,262.8004990676662
40416,327.6024858274212
40417,196.41268151117995
40418,277.83124920312497
40419,131.50019759441545
40420,220.7033695168679
40421,269.7308594546339
40422,190.88591663277296
40423,643.4663538690454
40424,213.33046349159227
40425,327.2404594785501
40426,432.1621193984211
40427,399.0162207431743
40428,211.60449867193216
40429,228.65490855205667
40430,534.5456173089943
40431,174.1496109265214
40432,209.71802093857582
40433,219.40201066010795
40434,232.38457256843012
40435,360.45939391289005
40436,196.3733701595055
40437,246.31231168520642
40438,230.84979673686794
40439,144.9132875962552
40440,696.2625974601856
40441,1296.525294206621
40442,346.96616224804995
40443,239.89795567879744
40444,154.11863405886686
40445,234.34624178146737
40446,690.9300816511051
40447,139.9446795646837
40448,363.0836265609755
40449,170.99224543127772
40450,313.97428010274416
40451,438.54101793706053
40452,323.83533172158616
40453,201.62331417784432
40454,276.2036967351858
40455,173.20272650866602
40456,197.71841477882776
40457,240.59616418503444
40458,331.02591960230535
40459,172.6917012029637
40460,197.23095163457307
40461,1122.7028174057536
40462,291.53115525605506
40463,150.79007132195994
40464,302.7677493426571
40465,153.36948824655462
40466,300.11112617070347
40467,215.8185047862464
40468,231.89487073333592
40469,190.9524037688734
40470,225.74440907588132
40471,344.8649905880799
40472,336.46175497301033
40473,100.92423370870385
40474,368.4174335662674
40475,511.38752382476696
40476,139.3274392708766
40477,211.86782343508892
40478,147.93646772565737
40479,236.64460263067636
40480,1837.260508880781
40481,249.63222386969576
40482,134.85469926240845
40483,264.5506231369404
40484,193.68632570725964
40485,481.59951308055327
40486,185.61185711966885
40487,450.61398361916366
40488,262.5105870825935
40489,145.48645794118525
40490,348.23792166161184
40491,208.7498315565303
40492,426.3891232224919
40493,409.2074110900719
40494,261.9516206281753
40495,450.462860032172
40496,379.8595202589548
40497,144.09425130443557
40498,374.206568357809
40499,214.58893257456762
40500,387.74036374636887
40501,329.6734053965513
40502,330.0203792896835
40503,326.57584016548725
40504,166.8160731675263
40505,350.3272093285695
40506,171.53399074418164
40507,246.83584429522588
40508,586.4317032787942
40509,247.56272490771036
40510,129.28936317932653
40511,106.7066057263762
40512,125.41799331969132
40513,191.17388463030616
40514,258.0431340053946
40515,122.12350853058733
40516,180.55253996212008
40517,184.85971342965212
40518,141.61172400220374
40519,379.42838842577817
40520,643.8698233774948
40521,107.7732692268834
40522,153.60076216411233
40523,163.56789901179707
40524,597.3305405014049
40525,407.37588004435094
40526,153.38792414643913
40527,202.7188673072003
40528,178.9567511290536
40529,620.2126920625983
40530,509.42833170161776
40531,208.81535453613242
40532,365.0083684689596
40533,161.50117207181327
40534,278.96597022788904
40535,156.51094560293924
40536,200.9059920527724
40537,317.35790391995494
40538,196.29801268095216
40539,152.75551847649467
40540,196.58982916205215
40541,200.54736360524205
40542,204.21522484307505
40543,216.7600183827197
40544,362.0576307122219
40545,197.2879110242613
40546,250.571957022695
40547,282.63839640725837
40548,238.99283024398312
40549,212.61484578103602
40550,284.2053694763114
40551,224.86637196310792
40552,97.68301193921192
40553,221.3367650968071
40554,159.03222746947057
40555,253.83540373461975
40556,145.20529671090142
40557,309.2376645302544
40558,185.57334357218105
40559,704.9242391349239
40560,217.80045812464607
40561,155.24602030047657
40562,925.9097076379963
40563,236.16131179254955
40564,157.4125561443891
40565,176.77820177777033
40566,169.79169162061342
40567,285.0849396098203
40568,310.10677636340637
40569,484.8601948263675
40570,934.8189813534403
40571,249.9189469867233
40572,437.8315352266871
40573,311.3493284897599
40574,246.45660235612414
40575,151.96767615916545
40576,356.47780965543575
40577,582.0587991597766
40578,224.05507102216077
40579,494.001838936115
40580,406.75143710880775
40581,235.00942791670815
40582,290.777008923193
40583,367.86967372747
40584,242.71669576716647
40585,289.6232744971688
40586,254.88664912068234
40587,604.1976147837382
40588,289.362646262833
40589,164.83846385740287
40590,296.34376501499924
40591,261.5654833481966
40592,188.00520568957864
40593,287.7589233720302
40594,189.98036404290397
40595,157.54462849441106
40596,378.46021725654634
40597,142.6050778002979
40598,450.08977353327685
40599,258.0743458483929
40600,201.05949884619915
40601,1345.1381662909812
40602,165.14779315461757
40603,171.85298662429932
40604,403.1536912888017
40605,538.3513306174856
40606,310.3468865604971
40607,298.90569423536704
40608,225.4106783318264
40609,150.46854524486972
40610,718.7257732701162
40611,169.61436223879824
40612,162.25181040067005
40613,305.5603046960502
40614,868.2244805773424
40615,262.53023247531155
40616,229.3207490816825
40617,197.88171411250428
40618,163.69625972472028
40619,257.52749839770973
40620,131.75253412385896
40621,444.17604746958466
40622,190.73867968267152
40623,597.3815082607574
40624,190.8486618200248
40625,193.76381524322176
40626,342.44907522254294
40627,135.33566113555426
40628,156.06716867651897
40629,379.91097866757065
40630,491.6012367964711
40631,605.0369871142194
40632,221.03689107483993
40633,246.53458971623883
40634,272.5284041942214
40635,416.36014223748526
40636,175.3852833294399
40637,154.3126514526228
40638,198.47795435354524
40639,191.73462814528972
40640,153.4872527504386
40641,229.05608971536367
40642,299.9603791130653
40643,201.18256863901627
40644,314.93636258821516
40645,812.6747931046698
40646,278.1656083695305
40647,226.44470538562922
40648,142.9728513716196
40649,72.19324781313244
40650,157.26225419408024
40651,240.26113824198703
40652,173.864766007262
40653,573.5072505059234
40654,148.38038291952833
40655,370.05070041885597
40656,255.05514273126815
40657,403.3432687904812
40658,152.36713125179926
40659,238.67662713696424
40660,175.49701720610787
40661,213.62846135591238
40662,178.0476740996785
40663,172.03459277338192
40664,148.76713833892956
40665,168.61342642276048
40666,211.52198489669584
40667,190.71246860686878
40668,548.9118139223274
40669,233.8414878055018
40670,295.18760797516137
40671,424.89626574006206
40672,220.27415377749244
40673,284.71541736330704
40674,291.6449967758149
40675,183.0676330146
40676,411.56527509613386
40677,581.198394497308
40678,422.36952860737745
40679,321.53115574509906
40680,506.2016650830741
40681,150.5890860864125
40682,236.8565858450008
40683,132.9194181817089
40684,301.205923093398
40685,165.5474751153085
40686,313.7778417176323
40687,120.86834406719633
40688,291.0854473218939
40689,475.8961128913725
40690,195.589474113038
40691,225.722519397608
40692,330.03036295899403
40693,233.87745468583626
40694,112.85397099127741
40695,271.65732926565715
40696,254.39500061031094
40697,310.2323976094732
40698,154.3138150669867
40699,468.33146585419286
40700,237.53994685541082
40701,274.8013584735528
40702,181.47576927707874
40703,220.70245998482056
40704,1000.1274354940433
40705,417.88087449758
40706,341.0276767969212
40707,351.1924259544863
40708,401.3240551735303
40709,176.40813932843523
40710,244.9084171840597
40711,269.96944780870484
40712,237.5989406951577
40713,474.7971738131861
40714,185.9912920507497
40715,160.21549457102768
40716,168.81085460712882
40717,225.91708590095269
40718,399.2901429662414
40719,233.98969765483875
40720,686.6472241496732
40721,759.1512507975615
40722,246.85482790104837
40723,154.03637209903295
40724,160.59360256226577
40725,192.2555328478383
40726,396.7151217512186
40727,203.8485462099263
40728,147.190693068935
40729,259.8276321459336
40730,495.22057379999984
40731,259.63965000509273
40732,334.2865943984297
40733,466.0230508130914
40734,424.9312505867437
40735,202.171051059979
40736,202.1965707181168
40737,299.1680153529824
40738,131.96501801391938
40739,549.4015275701007
40740,123.20370181395944
40741,268.9112980819538
40742,141.95523737787627
40743,1574.452748715661
40744,315.8427536957219
40745,163.12781481114564
40746,184.52418333528416
40747,214.44251068346415
40748,249.85659837340097
40749,142.24181330081666
40750,238.67764080059695
40751,167.23847128494577
40752,178.07316387914443
40753,241.82362591072697
40754,196.33936907125408
40755,333.3800042727698
40756,227.15229742544264
40757,264.8321382598769
40758,277.3452133128376
40759,934.2793275216014
40760,1431.4378956723199
40761,216.48259496386856
40762,132.82580927397873
40763,156.93226748927168
40764,445.96938583641406
40765,304.45053992382987
40766,167.71064439535664
40767,344.2535030766755
40768,323.64262280854274
40769,90.6074391641909
40770,238.689851852537
40771,1556.69093165989
40772,252.0134782486581
40773,153.22955236969045
40774,311.65791785668796
40775,116.40270764416145
40776,232.65471111131905
40777,346.436382000168
40778,352.20214131634793
40779,108.98816382586024
40780,239.36707605158514
40781,247.34936457452014
40782,245.09203637738634
40783,208.73243879317866
40784,225.5979934506825
40785,155.49885717260756
40786,280.6081606024933
40787,156.87898546626792
40788,212.0299751702304
40789,158.19997361569943
40790,281.01898795022055
40791,229.7269946018483
40792,166.45323112387499
40793,195.49443566038596
40794,675.1071320542603
40795,283.2572156737194
40796,151.52106823918498
40797,157.03080022332043
40798,423.17508409694165
40799,995.5576853129102
40800,187.15230125422144
40801,274.78309423945336
40802,341.7542612478798
40803,246.65503872736602
40804,334.34456743668375
40805,153.03448989596768
40806,258.44473725382824
40807,152.1881679468532
40808,161.9152360033013
40809,201.521118181035
40810,150.05854653817386
40811,256.8488239006489
40812,184.48458660663985
40813,261.2097587947318
40814,343.0050507890345
40815,243.6263849753383
40816,1001.7122717922714
40817,289.699317471747
40818,198.3765506130307
40819,124.39155659258934
40820,207.89674636471844
40821,232.52196970469123
40822,184.14826924570627
40823,166.85074784584117
40824,313.38078350485
40825,215.24899705400145
40826,117.65746340044801
40827,180.50947191346341
40828,177.6808434501146
40829,227.5966478569756
40830,111.31356975966456
40831,325.61997371427765
40832,241.66289882393346
40833,295.43337083223537
40834,293.51617536015357
40835,296.83731795424177
40836,253.41108674485184
40837,695.6360708083622
40838,338.4840312289836
40839,832.4024836634333
40840,284.45175187816005
40841,109.2237921066731
40842,219.94804882675706
40843,247.6384738607201
40844,799.1388657066492
40845,688.9177736334494
40846,198.58482900504197
40847,254.35223841953098
40848,188.86412927065686
40849,202.91142088707167
40850,576.0566328761496
40851,355.50411992489035
40852,141.54704540819924
40853,145.52647652351502
40854,166.29458459927181
40855,408.5781270417421
40856,275.3004328383012
40857,216.1692394948523
40858,219.46665640565075
40859,154.93135511092265
40860,167.1943130213722
40861,363.3575327387775
40862,235.5612039540345
40863,136.91848494764608
40864,193.48864577689235
40865,229.34733625717772
40866,244.26391416595376
40867,1055.8663817551803
40868,245.76004940232494
40869,225.9659287133127
40870,235.57930828706654
40871,244.26025564972525
40872,189.03585693541424
40873,129.98237369726803
40874,154.55027883558455
40875,193.66539920046642
40876,325.81453035790696
40877,201.21401437857145
40878,139.23983478822805
40879,185.73054463301014
40880,177.8291554368637
40881,403.5324435310099
40882,225.47599130792244
40883,293.2018369621994
40884,296.07186377713117
40885,218.3542103856185
40886,2704.0008996607435
40887,304.19586553714555
40888,308.8728777483108
40889,267.432469532249
40890,138.179001852617
40891,167.02881033430705
40892,281.33927350896494
40893,369.8292540273164
40894,258.9067582336798
40895,304.0031020713831
40896,321.21458009931433
40897,577.4314189189134
40898,210.52423798529827
40899,178.75073820131917
40900,142.57544383475937
40901,456.26788325329164
40902,329.6167613569223
40903,521.494464301691
40904,162.91688655986252
40905,189.04461452043915
40906,180.2438615136906
40907,156.6071927062344
40908,285.90431630650403
40909,768.1433988976487
40910,343.58075306269654
40911,248.80904717421961
40912,163.1340312262016
40913,253.26109875442933
40914,330.4083812052725
40915,466.3482403932134
40916,820.888954763666
40917,382.6771590418465
40918,144.2178836844263
40919,334.4000037042544
40920,304.24341337126367
40921,259.82577994367193
40922,196.3569700901828
40923,137.19271790246512
40924,258.0752515040564
40925,202.52819280205574
40926,245.51149964732952
40927,317.77899115180475
40928,256.33859978586065
40929,141.337317443925
40930,310.3967608043165
40931,225.4722134932694
40932,188.35290536870656
40933,187.9761066622882
40934,1673.3161923347895
40935,109.15461823267282
40936,442.7105882839927
40937,337.468637894521
40938,307.1317550469138
40939,501.73296814129145
40940,222.01061019354682
40941,310.34164201242976
40942,119.06448318919706
40943,145.47566476677886
40944,400.6239358900317
40945,298.2731294516302
40946,220.76978724024897
40947,260.51778398334255
40948,114.3227542547218
40949,180.2834643433311
40950,269.88504029840004
40951,159.88185348016685
40952,155.6852630295286
40953,288.1474665460772
40954,226.69100233437007
40955,209.10815067336702
40956,277.5176242103815
40957,261.33190016352387
40958,124.10548753146696
40959,434.6048554126886
40960,461.1404029096519
40961,345.2034320686729
40962,260.3884182158314
40963,144.00716641562445
40964,182.2147882433399
40965,175.44230857961978
40966,146.59854078285875
40967,245.24759136238652
40968,148.10492386352587
40969,499.8825177441008
40970,152.76803006875824
40971,192.4187479559756
40972,197.61700013673945
40973,274.15682225993
40974,1231.9018023901956
40975,347.44802248865415
40976,262.6608073951011
40977,297.19444656906455
40978,156.7802039935626
40979,316.4505516976123
40980,216.27011337969998
40981,583.9225964668989
40982,191.69214568815943
40983,145.9165268735621
40984,250.77529619695179
40985,246.6041225982463
40986,176.73245827179733
40987,207.11525468645107
40988,114.78188711452886
40989,332.62618892447534
40990,162.36992225501572
40991,248.96764596835789
40992,353.5215024622917
40993,334.85656441988056
40994,182.85547233378168
40995,489.38351043510585
40996,227.61111349739465
40997,211.7989560535143
40998,247.68681737249446
40999,243.693900804478
41000,413.0025901304339
41001,118.48725413110725
41002,481.90634093979247
41003,108.02208340405453
41004,140.2586494720065
41005,363.28512317925316
41006,217.06759073796326
41007,184.1560031387055
41008,281.8646905226464
41009,921.9695027301432
41010,451.3779657551775
41011,155.44693226311878
41012,442.6351518234674
41013,204.04399909006796
41014,145.46488726214696
41015,144.04558465835646
41016,720.8568125884426
41017,327.4087077458696
41018,260.1725703137801
41019,275.1979447001632
41020,253.85508977234377
41021,216.86173976837375
41022,175.69618630241553
41023,167.37749477464237
41024,767.7356020818274
41025,374.88528342527707
41026,268.18397041397566
41027,167.8440408067364
41028,208.0670738255729
41029,207.6341832801141
41030,160.50801208514073
41031,126.212937160216
41032,385.7120630635298
41033,314.1422529562946
41034,283.4566856513849
41035,254.42936387365145
41036,279.25276401481574
41037,179.11670573883478
41038,791.0381569355915
41039,158.79517508518703
41040,273.94555693975605
41041,261.3385377206359
41042,174.75753635634103
41043,224.08936062695446
41044,401.69036204799204
41045,1118.2663221668604
41046,312.06253178011724
41047,209.8847030288254
41048,366.87328886163635
41049,203.76348045707033
41050,124.32516052717357
41051,279.5248714470582
41052,226.6552752276589
41053,264.8236471355943
41054,451.12614723371803
41055,155.35913307331285
41056,290.0958172159462
41057,417.47151279375925
41058,231.05951056770107
41059,138.6302924854026
41060,180.75513727689935
41061,589.758171342673
41062,171.13517456038784
41063,683.0158997419574
41064,144.0418853502728
41065,192.55451704447367
41066,416.5844866485662
41067,740.4022431083225
41068,213.53941253354736
41069,173.43096759586751
41070,182.76285365157491
41071,338.7636668929545
41072,240.6834786925908
41073,138.67888310762063
41074,405.88852077675506
41075,217.01939587056182
41076,142.73533172631295
41077,236.71169297899604
41078,252.57180723289247
41079,505.7290380080329
41080,444.36559163945964
41081,193.56341497042803
41082,153.29354286080164
41083,297.9139464379149
41084,342.63703436228946
41085,468.8613421231732
41086,174.9146016145977
41087,425.146866731578
41088,137.1323665133526
41089,137.92435391568335
41090,397.9043544530331
41091,1098.5453378989341
41092,239.04219288725963
41093,259.15932826429764
41094,134.39894329129953
41095,285.70071601262134
41096,307.2849230042676
41097,112.59416391109175
41098,159.06165392257864
41099,484.2073605064273
41100,185.60626614366265
41101,183.27547642614573
41102,229.95727642600937
41103,261.8623210806196
41104,319.8626448671657
41105,331.97985063029097
41106,252.53459867058595
41107,168.76480779162844
41108,196.8442031509465
41109,889.647758139096
41110,554.7102048969675
41111,165.2928777979191
41112,443.589420697705
41113,172.2511794944642
41114,678.3644668218615
41115,355.0042693150905
41116,157.33734986626868
41117,273.5147190054139
41118,227.20631234356634
41119,204.8343664450734
41120,336.98765407708026
41121,128.7465197873616
41122,200.16975332759833
41123,144.4457528838513
41124,497.5313522546692
41125,509.41904088278665
41126,254.7393664383188
41127,161.08310601109176
41128,187.91690138614155
41129,875.6656374190106
41130,246.8501241354676
41131,250.74900323042897
41132,228.54734764035746
41133,188.14822168968576
41134,330.24669650887637
41135,149.39293612242238
41136,415.53997081436563
41137,268.3571993868095
41138,1764.2686643394964
41139,478.0000156977361
41140,143.71125439294806
41141,224.5983536451571
41142,226.5027457050867
41143,319.39944188758744
41144,150.48491808062667
41145,163.45266149621548
41146,163.21670350079097
41147,328.1814845557667
41148,153.70775493363365
41149,737.5021958739551
41150,179.26048257330308
41151,220.14159690068334
41152,160.37917665286918
41153,265.5237934452529
41154,266.16490496849184
41155,304.07174925142886
41156,382.52646081284615
41157,194.90848603920296
41158,144.04106680816662
41159,454.54208124659186
41160,345.01013877053
41161,231.87652142718
41162,866.5568546018936
41163,168.0060412146493
41164,163.5034773755346
41165,238.66253448565342
41166,551.0555597588935
41167,259.43069757224447
41168,1188.6450406225001
41169,304.1181107467988
41170,830.9164483875351
41171,178.2566215058323
41172,150.89784556555557
41173,477.0448245549361
41174,226.50529442298
41175,171.42385335462808
41176,627.848829357571
41177,241.85549758429065
41178,154.80715042997554
41179,291.36837871364685
41180,160.79002758190438
41181,392.9063219558464
41182,154.54140453830922
41183,220.31550929041387
41184,402.8788291633341
41185,145.16481005049093
41186,290.9398192238237
41187,731.5024486421595
41188,923.322582336585
41189,407.7236457767545
41190,175.2096378088968
41191,293.50345249238245
41192,648.7303905465848
41193,204.60647917171505
41194,337.4664089503114
41195,296.2335081423563
41196,323.2982038734166
41197,362.83414195129836
41198,186.19522192465178
41199,230.9413453555454
41200,339.4934784532664
41201,196.0362918110746
41202,1015.7702919520324
41203,152.78265619808406
41204,177.13695212575868
41205,228.50491685394314
41206,879.025697968497
41207,231.3035622952215
41208,221.937176421026
41209,154.71130085087063
41210,185.10948209973338
41211,234.62519010320227
41212,145.2454966077552
41213,267.78721492368874
41214,138.34124556138198
41215,147.22992645026173
41216,191.01054839239322
41217,303.18106198974607
41218,187.8563076144859
41219,174.57892250304866
41220,181.2596581831892
41221,272.7259574433848
41222,147.5305731385689
41223,266.58256733899196
41224,2427.7711323066223
41225,574.1618123848739
41226,306.87017125944544
41227,204.29939514037568
41228,169.87021754100306
41229,230.64645170821763
41230,253.28409710529712
41231,142.61495619717005
41232,372.0748986962731
41233,851.6537774597682
41234,226.58034372240172
41235,483.34777334176636
41236,226.06703982295173
41237,490.8126181417794
41238,261.6782359589271
41239,188.1380045351918
41240,228.44255404548113
41241,292.12613525835945
41242,227.4657109172987
41243,165.57951330405572
41244,251.7170995399758
41245,201.37948928203923
41246,170.22376445684134
41247,203.6786864933734
41248,185.54803787169809
41249,465.6195962362837
41250,396.8028506862123
41251,184.50506654908233
41252,420.1079770843071
41253,569.5898548951233
41254,144.96305145328157
41255,195.67804567664624
41256,228.2994394715094
41257,344.6119366976407
41258,346.11657617289285
41259,253.33533356403518
41260,493.05035131720047
41261,323.264621887881
41262,164.71381823803682
41263,971.0988379861476
41264,533.5662010092738
41265,314.7427919896218
41266,111.24576047886201
41267,343.4803034300238
41268,232.58034964830503
41269,196.16171272580252
41270,133.61832275494095
41271,226.3222285935058
41272,742.92960420807
41273,330.45773853905405
41274,122.6501741709074
41275,512.9901428552757
41276,518.1784343329826
41277,149.28830362239447
41278,255.73680900570815
41279,157.29291169639762
41280,143.5412185441599
41281,269.5860134012514
41282,172.97284890009016
41283,166.92055103415495
41284,184.53323701533367
41285,161.40955559408977
41286,157.79512060268158
41287,137.15690105275607
41288,367.7514159609851
41289,491.54229353426035
41290,279.6009753265746
41291,359.38708001999987
41292,323.60690072002456
41293,193.12423727399025
41294,432.7035357515868
41295,191.03626697706895
41296,140.98674522110352
41297,172.1258874653948
41298,468.4818837457818
41299,464.8588043446368
41300,127.61521397156085
41301,442.9972809449102
41302,204.7696108884503
41303,309.2865850291276
41304,268.31443312808653
41305,193.99056060175738
41306,211.0785703444439
41307,608.8918748528606
41308,144.7344433081889
41309,301.7763588449503
41310,460.57060686041507
41311,129.74714160423693
41312,417.3694454454228
41313,487.2278585745397
41314,416.5329295585173
41315,245.41020719789356
41316,128.56415609298563
41317,417.0037600072979
41318,210.76731345737633
41319,173.52226179387276
41320,180.11266483365813
41321,466.168785656078
41322,172.62053484882972
41323,391.4100246127637
41324,190.15138361233338
41325,318.38985214872235
41326,312.8373378077341
41327,368.47738234257747
41328,230.1657791826253
41329,428.98470079689594
41330,446.30787217576267
41331,484.7478846050377
41332,326.8319411282772
41333,191.21661270402873
41334,1274.6670164400693
41335,229.55465591350887
41336,357.32214882544537
41337,1178.5189441738594
41338,413.5145320144404
41339,1742.8418532309383
41340,282.21158489502795
41341,279.2778470634327
41342,292.8633730027954
41343,303.8201942574975
41344,192.8554799269488
41345,535.2702816412976
41346,187.42219110489944
41347,147.37998740223418
41348,223.14514615139237
41349,583.7082659366934
41350,283.33345020272185
41351,236.55803945159656
41352,269.3693000262051
41353,225.9640161272134
41354,2250.604313037128
41355,268.8376672449876
41356,1116.010884313655
41357,216.50291618815098
41358,453.94706063504475
41359,200.44292236641192
41360,287.4416690107954
41361,173.92733075735097
41362,248.7566291930311
41363,308.96044536508634
41364,155.7975505136562
41365,133.12537106453453
41366,253.36403878217513
41367,499.28742486659655
41368,374.0160501164809
41369,237.21265130359984
41370,92.10872810123979
41371,132.9470505448681
41372,308.58960887595595
41373,830.0076252990594
41374,332.7577324801813
41375,311.73544366967207
41376,197.94514184811283
41377,351.9439250501972
41378,259.7927337890881
41379,216.2774210769183
41380,284.09181159796253
41381,162.5999454166421
41382,913.5311935001438
41383,309.7833554578141
41384,203.08993370520503
41385,290.49493821832743
41386,258.4843767540102
41387,313.90684419480056
41388,194.36959072598316
41389,414.6783228918788
41390,527.6097720758983
41391,803.9634048479076
41392,307.4636023186934
41393,147.22140825189683
41394,287.05691584122246
41395,160.5510673103622
41396,201.9933400081933
41397,171.605043146878
41398,329.4181395373744
41399,173.68340663873886
41400,385.77397495603986
41401,215.30461674163683
41402,150.74842208948877
41403,249.090455311896
41404,474.2991426845709
41405,183.81990201520668
41406,202.58737148898484
41407,279.57749222037387
41408,198.12386750261157
41409,174.66666647603995
41410,377.0979474933192
41411,288.1194522236553
41412,231.81624305665156
41413,797.0025926900886
41414,233.50967718713994
41415,198.71800554301737
41416,394.08959924319026
41417,406.68788524618327
41418,514.0570865833499
41419,563.4754137788395
41420,212.04031012560995
41421,208.1377392512041
41422,159.45976635423315
41423,553.5762985762174
41424,287.3955684733606
41425,121.68268755731506
41426,1330.7192889791183
41427,621.1363463018192
41428,194.45703609757885
41429,216.16819805479523
41430,240.00114100130423
41431,155.61964066348526
41432,356.9528693024446
41433,133.85448778236324
41434,311.3631624796744
41435,244.1493109434244
41436,587.9389686431018
41437,159.68585229696257
41438,885.2793593955189
41439,132.6176891497747
41440,108.04884396691676
41441,87.97542341090565
41442,185.01875759197156
41443,159.2985968521471
41444,198.49888662674329
41445,361.1281636058531
41446,342.9516544347997
41447,351.08206719258635
41448,554.1754885368009
41449,226.55120431816042
41450,1875.3446866524125
41451,512.0501124066377
41452,260.53420408764373
41453,135.1708960495606
41454,250.27181580443187
41455,149.3089778105853
41456,379.77748430275403
41457,236.21473426197372
41458,209.78911961937027
41459,492.8938893357754
41460,163.20174415568565
41461,129.53925955843508
41462,160.20235194830397
41463,218.4797356884243
41464,139.79487475556766
41465,121.58724570904312
41466,174.10475234794313
41467,336.4138491848949
41468,268.6352660101043
41469,283.39905764779326
41470,195.60785482014123
41471,206.53569669336196
41472,190.81936935378596
41473,248.88005542897122
41474,390.62472569424096
41475,833.3660881769033
41476,137.971369652283
41477,450.21178219240153
41478,507.4270033919978
41479,1018.4080532707334
41480,600.018512587506
41481,216.2732984135262
41482,1381.584897608886
41483,239.84565283365146
41484,332.85100011876716
41485,511.75115121315844
41486,164.4748950064493
41487,192.41364796274772
41488,451.77613985599726
41489,553.3259438035163
41490,257.901476271197
41491,379.22920831129994
41492,300.13019326084446
41493,258.16451422437524
41494,518.1364707511148
41495,195.78351032350932
41496,159.3121228907777
41497,149.05260376895862
41498,423.0486169485143
41499,470.7053652010347
41500,286.96927778235755
41501,454.3604057098924
41502,157.2551888519038
41503,719.8224990724402
41504,255.63896261287005
41505,131.95639321206698
41506,137.78358691977166
41507,276.5018176338814
41508,223.98768382750274
41509,184.67304464752786
41510,213.17110363994829
41511,332.8729134007467
41512,252.4751496220071
41513,179.38751640066198
41514,151.4129438602557
41515,115.63240699823137
41516,181.3943339847171
41517,354.6724496186658
41518,123.39620838428065
41519,315.59519247232066
41520,454.7568621838241
41521,266.06547288642554
41522,135.17400001072446
41523,446.69734930273506
41524,232.13790366765525
41525,156.4326194799511
41526,153.96692156930717
41527,144.6794094971589
41528,248.47438934755039
41529,230.0897787842071
41530,251.98731277402854
41531,204.945532305584
41532,198.40495752250237
41533,274.1606318183294
41534,643.7643365608299
41535,142.8341168069265
41536,121.15715102342035
41537,197.6284532504462
41538,298.42897821498775
41539,396.25029646678837
41540,271.4167361440578
41541,261.4707783409082
41542,232.22412755796077
41543,552.4003341765774
41544,177.805703208024
41545,317.81086055186904
41546,183.28126174910523
41547,351.8616462355712
41548,149.7823837621843
41549,238.05687002225991
41550,216.6661612472472
41551,538.0690432266821
41552,466.1223888313222
41553,1007.0751180270531
41554,327.501034181731
41555,920.3435312600758
41556,495.6288440530602
41557,238.50677365073216
41558,178.9247477150123
41559,308.6641324340402
41560,650.8816030462713
41561,442.55228549608177
41562,170.60922338591925
41563,178.18402765701452
41564,312.44164673351827
41565,138.13809541749652
41566,443.9392473874009
41567,160.4399956054597
41568,355.49816241932155
41569,184.94078607439107
41570,257.25947909653513
41571,216.21659541143308
41572,413.9067242595659
41573,178.14957884450135
41574,207.09859387831423
41575,212.7553731545343
41576,226.0400746469966
41577,432.20311674124844
41578,221.3969080703373
41579,155.12853271601767
41580,550.9097099332732
41581,332.48439537772185
41582,434.8597709961912
41583,170.03435021261387
41584,330.80256229838625
41585,463.51710231728435
41586,173.70211903979816
41587,699.6198690125349
41588,300.3830629719524
41589,270.8033629612165
41590,245.5341150500238
41591,352.5890892475218
41592,379.6215973741961
41593,299.6672970928187
41594,299.17634230801053
41595,1575.819648952763
41596,318.9100877351916
41597,210.17211002623463
41598,184.19028932841744
41599,190.1323368936541
41600,315.24617867130985
41601,385.01070115171893
41602,336.9519351382408
41603,903.7509334446072
41604,361.68181711345477
41605,422.65809964091704
41606,217.88188799292453
41607,183.79751614287682
41608,192.0954912461888
41609,208.42690116522908
41610,189.21012538100405
41611,271.7245617988348
41612,480.4759257137891
41613,245.66651445864886
41614,391.41519301809234
41615,289.03715139746396
41616,273.91601813604296
41617,238.727489625711
41618,295.155441965724
41619,336.66513757417016
41620,284.718606612655
41621,484.85225128246975
41622,170.68010168673854
41623,487.135237579927
41624,224.05041424146535
41625,200.03351786918307
41626,395.0741947860164
41627,491.9550732557947
41628,268.3643488994444
41629,264.0200758483486
41630,218.14038085030944
41631,143.71583978020803
41632,392.1261913688317
41633,208.815769451491
41634,297.86288449789026
41635,354.86487578289916
41636,209.3611292486751
41637,186.41714788763056
41638,223.50482672692195
41639,230.29207886322925
41640,261.50586179170847
41641,207.75781900558792
41642,811.564884999634
41643,1528.6590499546194
41644,303.7946331005622
41645,266.1617707295547
41646,259.39771109960196
41647,312.5194229520362
41648,258.2561970552734
41649,249.290368952096
41650,143.89426294652955
41651,448.9247814133594
41652,303.1341057842916
41653,251.57080604253588
41654,399.63608910791396
41655,255.8328647257019
41656,427.2071092930115
41657,141.60862779804125
41658,537.753875213276
41659,162.37690181359193
41660,262.4568368682209
41661,192.6622283135991
41662,206.03339015347711
41663,402.79315388055574
41664,1347.7026958459985
41665,231.10862647986454
41666,199.08827459632434
41667,82.36485022971915
41668,244.8562792540595
41669,283.28768447424085
41670,461.23259536606554
41671,1660.131405262486
41672,229.98799828227266
41673,248.6889348030547
41674,253.74244079315957
41675,238.34377861940652
41676,158.74019297401125
41677,385.45055904043556
41678,175.12147365692732
41679,209.03362420025206
41680,130.91763875554557
41681,179.33303764874677
41682,118.87795982343097
41683,177.3666226517694
41684,559.0994522021313
41685,127.02680792569953
41686,343.9649397149326
41687,448.1608358160892
41688,214.90753890755963
41689,154.9054270694703
41690,165.98256297987217
41691,1460.2668650352357
41692,523.7637284005127
41693,318.4749512347226
41694,139.0620073241547
41695,244.31819673522597
41696,826.5431085965216
41697,230.26910988053024
41698,658.2750749377172
41699,267.69593261303555
41700,271.94862976289573
41701,85.39971416158227
41702,202.6358902735581
41703,452.39739498548954
41704,103.58213777178933
41705,158.70231621082078
41706,138.75910739055058
41707,291.118546194038
41708,451.8208570543026
41709,244.86120342559155
41710,188.72445675393317
41711,308.36250082544933
41712,230.5419705916998
41713,1301.9025836670048
41714,143.55736296402108
41715,104.89705907917748
41716,167.49311714864496
41717,230.29620399253463
41718,311.55110222136443
41719,180.4471435555342
41720,358.1911538178774
41721,233.71913153146284
41722,128.41353535294934
41723,252.21557405408402
41724,259.7680491849943
41725,140.59721566107905
41726,220.41350800983923
41727,153.53325140386735
41728,262.20850580102723
41729,181.42345738938698
41730,198.81164272236293
41731,131.35814736119409
41732,298.98567420807746
41733,143.16393158961668
41734,477.7880482087666
41735,375.674012324876
41736,152.5207857576893
41737,251.67293517815708
41738,203.25407233485603
41739,310.6153336375674
41740,377.1586483849908
41741,279.15284717667305
41742,353.82317647396525
41743,469.4765726447068
41744,213.52160822947764
41745,278.24937883415197
41746,885.585134180754
41747,149.10915295421805
41748,245.96447433131527
41749,186.26227944853002
41750,135.26598460968313
41751,236.1058541021474
41752,389.885759228499
41753,205.06663558001586
41754,245.35618138010375
41755,386.33393186585323
41756,124.05604666961658
41757,453.3706568994848
41758,334.5716571324043
41759,206.07242144269458
41760,551.7474366497912
41761,1571.3410867717785
41762,231.03163950595706
41763,904.8255218034925
41764,224.42095819886984
41765,376.4039448966196
41766,340.4248577947534
41767,363.0165455830315
41768,752.338792972669
41769,426.4899937318135
41770,475.8189699261911
41771,234.83558451877977
41772,317.73873239844085
41773,272.77711014320636
41774,512.6533038111062
41775,238.57155776886452
41776,455.738361061532
41777,138.65008216838476
41778,394.1282944328838
41779,221.34866030459386
41780,166.93441558322934
41781,206.01532443555055
41782,152.86147664438084
41783,319.3781372534469
41784,171.76767251387506
41785,303.2897698512445
41786,724.5582012289815
41787,267.88271117214094
41788,263.7941105741527
41789,211.24697856362098
41790,247.98608487950716
41791,543.1386539205445
41792,129.68372999322347
41793,215.94748531934812
41794,362.25604651873533
41795,286.3935615717745
41796,125.59463716214732
41797,201.36376543982666
41798,1924.8623866787495
41799,183.01427872508467
41800,226.04954833337257
41801,130.05042629356026
41802,256.7458467686748
41803,237.666169230408
41804,197.95018740914836
41805,254.3959065151754
41806,393.10650017693325
41807,270.35121197359047
41808,255.5590190105525
41809,164.68432492301517
41810,229.14326280444834
41811,157.96181190642406
41812,392.3440233122052
41813,184.06535514772412
41814,166.78322989791795
41815,151.32184925954041
41816,256.84717295809105
41817,108.4986230712924
41818,330.0723289602599
41819,145.0516273365956
41820,415.7427388816853
41821,256.46419364295207
41822,264.36853576021775
41823,177.06783095473375
41824,339.96278400446744
41825,994.1453355753096
41826,205.7525967767905
41827,128.62594297055227
41828,539.4885929430193
41829,140.52918010208987
41830,235.22175922048464
41831,322.2886167749816
41832,411.33958452531317
41833,197.02265452992532
41834,165.8905675602518
41835,187.74793129765223
41836,212.15234463198084
41837,476.5231645841868
41838,824.1153554087764
41839,1806.6930782840705
41840,525.0876570540067
41841,207.13074428833386
41842,433.6819813645459
41843,211.67659623642803
41844,126.00650475866384
41845,202.5848144761423
41846,234.9357512127896
41847,210.2184742576184
41848,151.67131240165372
41849,137.02749080968815
41850,169.58050013434072
41851,839.4710773322079
41852,329.5456097193451
41853,231.26408812998807
41854,213.24005459878882
41855,519.6243120964224
41856,310.3645729885914
41857,215.29496238973297
41858,199.22627793861312
41859,161.33617818636188
41860,137.7222430485216
41861,156.50395552506538
41862,472.30673536931295
41863,290.0976725053758
41864,287.53459026026593
41865,113.4460013663626
41866,477.31319080228985
41867,270.6203833638703
41868,831.6686857468942
41869,250.0639509801145
41870,465.87873623702933
41871,123.02644630026788
41872,176.10418437782926
41873,459.3566600967153
41874,155.56296694943117
41875,295.20863838017584
41876,293.6927437755968
41877,304.7875325460084
41878,246.9097570309318
41879,1015.5289920159341
41880,692.3906877181164
41881,286.9315835517156
41882,184.1261205037779
41883,211.57368178292415
41884,350.07485849120815
41885,262.06230082279137
41886,2059.8337459140707
41887,290.1665080973613
41888,467.93111763292353
41889,241.52402972667198
41890,190.10830837266698
41891,248.01141640523073
41892,226.41076041330246
41893,125.42608464947045
41894,212.20956785798202
41895,214.30386707570835
41896,311.649994293999
41897,121.13345744034964
41898,235.002546722543
41899,120.39555800804062
41900,247.62810356734107
41901,373.34539354263467
41902,339.17634615345736
41903,476.8198964702166
41904,151.0543176460256
41905,189.09268229441926
41906,218.89658240311033
41907,1399.0553053411734
41908,773.5707472344976
41909,257.8312799218637
41910,153.3581665958685
41911,212.9168034946997
41912,136.87531654415707
41913,250.78684340919867
41914,135.29108534101408
41915,257.28596680580716
41916,241.25841250653878
41917,139.97148314631377
41918,251.49684794061767
41919,118.75289521703934
41920,201.64022162244476
41921,170.68918749416892
41922,137.6090133792849
41923,134.59823519620272
41924,410.8567728842994
41925,224.33217997457203
41926,313.6623875516663
41927,231.25852006354745
41928,290.534629867773
41929,148.56331796235833
41930,134.7920635919164
41931,221.307422878175
41932,204.67568502650175
41933,373.1730137309311
41934,228.14656701716916
41935,166.20777699059866
41936,227.47700775083317
41937,132.3491804575955
41938,374.46654118628095
41939,158.23478199212127
41940,523.5421691303137
41941,132.44182585138017
41942,351.23193867946804
41943,199.75271355795945
41944,136.7803321295177
41945,224.0237992101211
41946,167.51291240511665
41947,178.54005010149478
41948,188.31092818589062
41949,281.6480997672545
41950,249.47687069366407
41951,135.9002564924964
41952,210.2450509573159
41953,316.80973635575754
41954,194.4345812362271
41955,189.50947770778228
41956,126.09708170885168
41957,292.20592727890414
41958,245.797382632939
41959,204.2922232221904
41960,512.3447887859182
41961,649.462281230052
41962,318.81486885424897
41963,157.86917814980742
41964,385.6809413157793
41965,188.52976038115273
41966,209.1305908765741
41967,258.1436911871783
41968,342.03024616373153
41969,318.59889077684966
41970,127.55157678685752
41971,531.5987367167949
41972,259.2348730518236
41973,161.68335928521228
41974,847.6105740253531
41975,255.32421639449313
41976,667.0639222177313
41977,141.57165423370847
41978,159.86906700513117
41979,537.8914140280075
41980,116.319028532959
41981,271.0871906592339
41982,145.22227736418392
41983,287.5906585988239
41984,137.03784417617155
41985,916.8302054640883
41986,189.91001964118456
41987,158.51524036797016
41988,214.93686344856198
41989,261.9402978446178
41990,101.75461161801691
41991,1310.0275146783438
41992,371.6768434346403
41993,258.1715298900788
41994,379.61600259016296
41995,403.424229349666
41996,216.98375411828852
41997,393.1094610658782
41998,305.3942517891645
41999,250.78492403153672
42000,100.23543857767183
42001,184.57048193903776
42002,259.4690377340701
42003,256.4064799045197
42004,226.55175834555752
42005,393.83037462163605
42006,231.39190130395187
42007,167.55882451642915
42008,187.2522204192736
42009,205.94431945374748
42010,413.65941892255245
42011,190.6015278274289
42012,190.671197627735
42013,336.45880039817973
42014,354.44814227423734
42015,304.9339153079761
42016,265.00686983132573
42017,181.28413461458754
42018,338.8927443085502
42019,204.69249422913788
42020,356.4127404197754
42021,263.18906681247284
42022,424.35559415900053
42023,258.6763815744305
42024,308.7142788075005
42025,124.81567024614601
42026,349.24111952673815
42027,247.22495901801074
42028,141.46207170827572
42029,297.1731270535014
42030,263.613362697333
42031,403.0530028315167
42032,140.4863402151439
42033,149.58152405162815
42034,168.21408795162162
42035,139.49935760542687
42036,191.9040589479528
42037,195.9540677276609
42038,364.68459155992804
42039,131.32293224629123
42040,431.72868358298916
42041,525.8722034108009
42042,246.2883109512398
42043,508.4998241808917
42044,248.86849262554333
42045,176.6022117557096
42046,178.65102058879128
42047,252.3577268838724
42048,135.82193608951087
42049,254.83588060196792
42050,449.3694647520015
42051,140.40500486854356
42052,242.2180420463308
42053,254.56345931155806
42054,404.56346692097895
42055,319.5822827245277
42056,404.4790823050314
42057,167.91527138863873
42058,157.9266150229683
42059,901.2978724792312
42060,248.22852535637548
42061,168.6105084230245
42062,159.77310908566304
42063,204.46978367357124
42064,186.21611203948174
42065,178.14640440842194
42066,267.1312757583858
42067,138.81049452346997
42068,131.7511090318549
42069,287.67756497182467
42070,147.81853862262287
42071,151.5271360165692
42072,959.7070245832999
42073,369.47893959509446
42074,135.83647469044993
42075,152.4102208851286
42076,223.52112183302552
42077,556.5680279667318
42078,386.7468078770408
42079,140.66290776132888
42080,1000.7703928432034
42081,307.6120209775941
42082,2840.6532609480932
42083,140.19843713540163
42084,897.3644480041304
42085,252.6935992953118
42086,225.625603732142
42087,1095.9922301129452
42088,187.1842420624597
42089,354.72312932369215
42090,216.2408989056847
42091,195.10914356739895
42092,647.8218111346692
42093,200.90544207826687
42094,359.7985157308514
42095,120.57259227055745
42096,136.75782918891804
42097,157.09573983647024
42098,291.49979179735436
42099,265.466002353273
42100,380.83057165318684
42101,173.10776261077828
42102,341.0815590783026
42103,157.66957068857096
42104,347.97765808333213
42105,146.16225552343644
42106,551.0948479684498
42107,181.53642942598793
42108,239.7528046852076
42109,281.92680496618925
42110,191.88406640866816
42111,195.90166413263347
42112,512.9915129369963
42113,153.9118929730124
42114,384.77804429125325
42115,256.7406913277976
42116,180.30548105865634
42117,308.0396665272031
42118,189.74447797826383
42119,210.945964666719
42120,329.8390360679637
42121,441.5669269105123
42122,398.1836207316721
42123,239.40652107515282
42124,410.1476541072789
42125,153.73948011006172
42126,223.8627020935432
42127,168.90056122514943
42128,158.14120537480213
42129,194.56019876966357
42130,156.5423632705232
42131,309.7378770715924
42132,345.18287730383514
42133,154.81899854500267
42134,540.5883596295176
42135,150.1633577826035
42136,219.9254988937097
42137,121.17903724617027
42138,259.3053955885493
42139,147.8376013758705
42140,263.5484695977717
42141,362.35549346898165
42142,146.39952046187983
42143,243.69319655273296
42144,114.31946042021993
42145,150.97344683448736
42146,516.6027668344168
42147,240.41533482166471
42148,202.0098682603689
42149,255.11356925736789
42150,135.7052211604251
42151,225.89115909855795
42152,297.68723607624946
42153,128.00524716521414
42154,180.60923721991247
42155,2420.698306655611
42156,393.81333759820654
42157,137.5305448829759
42158,179.26937390487356
42159,143.47920502922506
42160,245.33254714769177
42161,489.4904187141417
42162,217.3999672000149
42163,970.098489573518
42164,793.7692579133451
42165,122.02421256761103
42166,1261.2023653891872
42167,626.7105153748674
42168,378.59636138811925
42169,1126.6560331483267
42170,290.94169754924656
42171,207.53844184235615
42172,154.37845696306977
42173,150.25978397093013
42174,309.0777601581618
42175,716.4409523205883
42176,538.5966388404472
42177,165.73625151204274
42178,716.7982534148659
42179,160.0709129579058
42180,321.5366344002088
42181,235.10920122022327
42182,354.148678315637
42183,209.1064965376636
42184,238.58752734146475
42185,446.2408016007366
42186,208.0895748065367
42187,300.9942248027518
42188,237.0329199391332
42189,381.8977240725805
42190,318.7351540033447
42191,257.85932155430675
42192,218.0704935450876
42193,210.55859372506956
42194,154.4811559775902
42195,665.0661622641421
42196,246.6773833582937
42197,217.4840485990915
42198,213.86491915221808
42199,212.67918145937634
42200,243.58861994321123
42201,524.1162000670564
42202,135.39786943696248
42203,207.6885989131603
42204,145.1691417328103
42205,152.63102880194592
42206,184.68933678042504
42207,977.801652160838
42208,222.91329222278725
42209,179.40662576325673
42210,798.3576288851335
42211,177.43737900065508
42212,262.90982731781463
42213,293.70099955181155
42214,398.35228838543964
42215,303.0334151878917
42216,162.45435548500015
42217,186.00924188366054
42218,114.2207421054251
42219,220.12892789809518
42220,342.014596117677
42221,172.66058280452302
42222,186.77225402950563
42223,236.8423102276646
42224,185.22905825251343
42225,158.53241151020939
42226,164.2299093352048
42227,166.51647969446523
42228,333.0094930044332
42229,186.79826605647705
42230,358.7109114844744
42231,238.31516452556542
42232,122.89373631872091
42233,111.8003999774949
42234,430.70453616489806
42235,435.6488976898265
42236,233.5973328849705
42237,151.0563357816289
42238,170.12547737750725
42239,229.80367553236093
42240,236.65281662573057
42241,164.83947348056023
42242,225.22144063987926
42243,111.92639261155877
42244,324.02570849245956
42245,211.74675832468594
42246,275.9929812197186
42247,1771.0786888578389
42248,213.37810844623692
42249,166.25456725944238
42250,192.53215727104958
42251,145.3828942426015
42252,161.59068794814615
42253,223.20013594375249
42254,344.8760999279488
42255,169.81833867222906
42256,160.24707494829676
42257,216.00670287112953
42258,139.8053212986906
42259,192.20600241580755
42260,121.6811651571614
42261,145.74002609921
42262,485.28349236439277
42263,120.11860375172459
42264,210.4194533073253
42265,185.45992130283477
42266,316.28686378690486
42267,141.47981617280186
42268,256.1984529241165
42269,121.4140438217046
42270,388.46993884912837
42271,194.49478663455844
42272,410.5912366169733
42273,281.15681305222824
42274,158.99162609057785
42275,237.8586412723134
42276,326.3486091032926
42277,241.50441330223785
42278,397.61953717209303
42279,263.76368161186537
42280,183.79523672015983
42281,193.5607523162963
42282,109.98834376727831
42283,192.97119727103907
42284,544.2421345514734
42285,177.31429617191375
42286,382.0218784184294
42287,417.52092656510877
42288,407.8439046681177
42289,579.9612179348464
42290,150.1517583450415
42291,285.0740248193486
42292,436.44651607718936
42293,207.52429411943024
42294,150.1609650803953
42295,199.51902459056944
42296,252.48794675023095
42297,247.89508870732854
42298,225.27991394220157
42299,91.86959444748003
42300,240.836940824482
42301,254.3636329625807
42302,358.4460598018993
42303,263.2360371493322
42304,186.2687911176766
42305,131.89286638571915
42306,149.60926751484544
42307,252.663976071787
42308,367.9512568402145
42309,257.7803916971369
42310,130.18938781795552
42311,207.21110704870648
42312,687.7877921020741
42313,708.6389063497561
42314,349.8110993136269
42315,477.96305073511746
42316,203.27039761869648
42317,211.9166491066114
42318,207.76070782789566
42319,689.2082858742085
42320,553.7375089038741
42321,719.6771859362294
42322,533.5678036648512
42323,1851.982488699067
42324,340.12789990019814
42325,199.66676185685475
42326,199.83165297585745
42327,257.1793624908015
42328,300.93141422179417
42329,384.35250742800355
42330,149.33529720190518
42331,145.7344936005528
42332,130.45572683490116
42333,310.364542733848
42334,185.147135645232
42335,328.98327007753403
42336,242.59892074065343
42337,141.87624385842773
42338,163.0515694617897
42339,212.2623192479562
42340,146.20480732999704
42341,3379.8194374693417
42342,168.6376805242091
42343,593.3084393436404
42344,111.11007036546843
42345,257.65812142050135
42346,141.1663044232345
42347,205.98929809384936
42348,395.00939587235985
42349,200.39419067032625
42350,154.33387473654966
42351,243.7661228709084
42352,563.1400145939425
42353,194.03630987696891
42354,254.23122672465192
42355,154.81132360683634
42356,253.9229135105776
42357,155.22690620551904
42358,322.09284064994864
42359,289.1930497423164
42360,125.76656451917447
42361,183.62396119732782
42362,353.08642119540906
42363,219.64711744754337
42364,271.2040578602283
42365,238.64484283290332
42366,751.977443564094
42367,476.39282955656336
42368,281.38747770826524
42369,483.46498260460936
42370,156.06062724780503
42371,229.10427377700063
42372,480.40878521609443
42373,281.3838052843846
42374,317.23426744773536
42375,273.61231385364965
42376,160.38593261590566
42377,386.6073249205455
42378,512.8523552278874
42379,276.1783456495424
42380,309.07977428826933
42381,224.5871030359107
42382,145.12933487230714
42383,236.87271308123425
42384,158.27615323462976
42385,139.2507361975368
42386,278.4780756064204
42387,468.99623647679067
42388,271.3992962331573
42389,234.165495706707
42390,173.9801785882649
42391,150.6324244827591
42392,184.63371032533476
42393,361.2951629608271
42394,417.2427962336945
42395,368.6249243757776
42396,116.79251705956118
42397,158.53836412168297
42398,581.296958195568
42399,526.7314822881533
42400,747.9348707333777
42401,788.8260726932772
42402,142.7819278355543
42403,370.4065406458871
42404,440.9656490606044
42405,387.43900561118
42406,917.3263935100362
42407,227.4445751604959
42408,215.48282244475993
42409,174.3854984508355
42410,131.9731949706592
42411,273.57975697735844
42412,861.3220479266168
42413,209.85554119521305
42414,264.16762148138577
42415,266.2355096095414
42416,387.51225990797286
42417,215.46828168522782
42418,132.51585878899044
42419,235.00211738135653
42420,241.69729801928625
42421,270.1187303979895
42422,357.1066361152732
42423,269.09955994441174
42424,243.64046784189918
42425,1154.7283161573414
42426,284.2824879378208
42427,330.332627321509
42428,238.3078728647338
42429,168.6172794765473
42430,885.4582632003105
42431,237.38733173543937
42432,197.1989356906276
42433,307.19014965273186
42434,192.24105724463453
42435,232.93379747515488
42436,129.86497833214642
42437,141.47282580673763
42438,819.5634616514417
42439,273.17797418123774
42440,223.28640319974426
42441,169.67257961718417
42442,318.48411614349595
42443,556.0051547176084
42444,164.04602597942153
42445,163.8335798267616
42446,255.10127669452373
42447,145.6355410830694
42448,475.3910457322765
42449,294.57102841230903
42450,380.01428611309285
42451,183.81399323990948
42452,223.59236515487362
42453,816.964432552439
42454,413.71552734611333
42455,274.51659187388293
42456,226.41660370615645
42457,177.41241630448476
42458,305.3468873311154
42459,137.4667374337595
42460,1452.6926958713937
42461,193.49090981011372
42462,164.91643531733177
42463,164.2515498245957
42464,231.9775912749929
42465,149.69791480243305
42466,167.37960778027573
42467,223.02857703604326
42468,376.8977526311011
42469,402.077838354758
42470,229.2299539303646
42471,190.2409645546691
42472,144.07361126853323
42473,279.8953530619398
42474,138.86477408501858
42475,239.66029859084998
42476,397.54574496685876
42477,552.9221798206161
42478,307.03555521390655
42479,1333.7584541726494
42480,322.49437476872765
42481,183.1413687189959
42482,219.84810484885185
42483,522.2948404499175
42484,218.67669841566263
42485,393.15223959260396
42486,261.80231858167923
42487,231.65857921763214
42488,152.4811763526897
42489,175.90349337445707
42490,195.54939493929325
42491,191.57752401845295
42492,277.79562601645284
42493,249.6431585953841
42494,416.1996376331858
42495,300.3924853215178
42496,299.4493035669436
42497,240.6911108113421
42498,1430.2844717640094
42499,294.06734264677306
42500,208.04074092963057
42501,414.04089755789363
42502,683.1624560034842
42503,264.65092775240265
42504,255.29486721186296
42505,538.7230898920243
42506,189.91477476159315
42507,264.34583019090593
42508,461.94481940073024
42509,149.4093862817105
42510,185.9500444914446
42511,337.9125527869478
42512,1784.3318881968314
42513,648.4260635900474
42514,343.64124236487453
42515,348.6134543053501
42516,272.24547644860553
42517,1009.7457123099541
42518,275.64307180271766
42519,277.31365463444905
42520,204.31406103766534
42521,94.24469802190096
42522,213.59673878263757
42523,102.84285212740413
42524,459.36506920380856
42525,292.02778954442846
42526,585.3055740192974
42527,287.1863868558808
42528,157.88141243507224
42529,228.9803101630571
42530,313.1496612532964
42531,217.19636170250197
42532,282.38696857264864
42533,167.25216455827754
42534,445.5618383331882
42535,140.38819323854116
42536,509.2859840505336
42537,322.68533688288755
42538,199.01019176303595
42539,249.5532395841689
42540,389.0672133878275
42541,413.33830062380974
42542,227.16961842494408
42543,437.2969816973893
42544,264.30453182536655
42545,287.4530857623372
42546,144.38965260351162
42547,241.66005954765293
42548,160.1908434061503
42549,327.4321754095715
42550,211.01447860995717
42551,256.0930085403629
42552,232.05847675837407
42553,170.83760816178807
42554,307.32814047628676
42555,218.8291259649162
42556,241.37260558719765
42557,218.9372687596441
42558,276.5676508943688
42559,355.8080738892342
42560,202.76151390793223
42561,1777.0535708430277
42562,240.32780250435735
42563,254.96324073474395
42564,185.04449240716878
42565,669.0866005238776
42566,157.61216464164923
42567,339.25188283311417
42568,136.33993075864223
42569,390.7103942180011
42570,206.69025243591128
42571,306.04184461971306
42572,207.60351485507744
42573,133.2114361824869
42574,273.970584787482
42575,169.42434200734704
42576,205.48224099476445
42577,153.30018252330424
42578,283.33939530333845
42579,391.2424256508006
42580,169.5250638855907
42581,266.0836279927984
42582,182.1117982506071
42583,185.79343201222386
42584,1716.743103784967
42585,175.2769021313469
42586,415.8773730382331
42587,274.1937178937797
42588,105.68581832932198
42589,258.336712144256
42590,137.49577314520138
42591,170.40293291816795
42592,157.0362333387345
42593,224.7245524863777
42594,194.48881998434268
42595,154.84961787430854
42596,781.4330306428968
42597,284.2386296143388
42598,261.0531223443524
42599,220.95722269923397
42600,181.487174929821
42601,226.48877033870514
42602,187.974087996791
42603,197.88068471418367
42604,263.35992599319775
42605,227.54608518829806
42606,435.15232845874453
42607,199.19901295224315
42608,149.35088117922066
42609,250.6427418378139
42610,231.57643641328116
42611,1214.0186901799448
42612,250.8236361408914
42613,386.3514429004518
42614,265.0205741086657
42615,219.17421515411954
42616,219.63977550938043
42617,498.1346274023229
42618,439.78724566287644
42619,465.36375360997266
42620,304.7617846300613
42621,168.1225901978439
42622,151.38919312824376
42623,247.91132166208087
42624,939.3151047618961
42625,636.8425207842931
42626,321.1748373982055
42627,137.46769163973337
42628,375.0416140166211
42629,202.34716912522612
42630,224.58997846674262
42631,524.1619022303737
42632,286.1698242677629
42633,149.75179273145147
42634,164.38025132459111
42635,809.9347261592881
42636,133.41894624384054
42637,183.4283643460777
42638,213.9848053616468
42639,188.49636083282812
42640,245.62483917155782
42641,170.52367729907505
42642,155.14304877753406
42643,137.6997917900953
42644,149.70742146762538
42645,607.0177400825917
42646,427.45551627372424
42647,264.3910578362727
42648,360.2298004151684
42649,760.1537083281672
42650,139.40780290793276
42651,306.91308235233697
42652,136.00191017547212
42653,177.44512834154844
42654,192.62325816025069
42655,133.27675288933108
42656,139.4704708556893
42657,135.03615805105855
42658,380.0580493856874
42659,143.4259355033788
42660,608.4481037151935
42661,214.79712949458533
42662,265.79005819021165
42663,209.9319052265103
42664,166.30410767921086
42665,198.74581961795235
42666,1256.7700152826792
42667,272.09059174150906
42668,222.48587383147765
42669,242.37533352923504
42670,203.99023234433574
42671,127.6256344445193
42672,331.8570006142012
42673,547.0242764675899
42674,157.62719583177756
42675,198.9921006700001
42676,356.5797240019206
42677,389.4384779293184
42678,184.98843342030713
42679,321.85969818185555
42680,821.3185882306382
42681,220.44442275804437
42682,162.35177366085395
42683,134.66366861068298
42684,278.50728461404213
42685,225.32912734415157
42686,196.52016875543342
42687,237.5423798466402
42688,109.34402835475989
42689,1759.2381322883775
42690,123.01782871704768
42691,192.77591089216662
42692,802.7519287730472
42693,244.9983072202476
42694,859.3615881698727
42695,447.0908771904339
42696,921.4357292178099
42697,218.0052352029436
42698,152.44337630454643
42699,184.18392223818853
42700,213.9719244789017
42701,231.74155240290384
42702,324.5567519335869
42703,244.27473079201823
42704,190.476063974814
42705,119.95281744591364
42706,215.9733949803078
42707,431.5661540833687
42708,824.5715385342072
42709,101.44481156118036
42710,213.28107240993967
42711,346.1152445157643
42712,234.36835772107239
42713,137.46538683431257
42714,140.81555700547605
42715,195.08470650911605
42716,253.8635394607282
42717,243.13853583159366
42718,400.50830508204217
42719,358.18301717905246
42720,246.74055805036153
42721,246.2775307857506
42722,157.7346725411652
42723,267.6160991899463
42724,206.89189045560778
42725,457.25559802310863
42726,332.889463787203
42727,379.08756022866277
42728,134.41783063340193
42729,258.91451273388606
42730,1185.4188436199315
42731,291.0160640831051
42732,427.32060705540056
42733,195.82368938969603
42734,162.80629556856903
42735,257.66497015631114
42736,330.56606968266556
42737,147.90100962289242
42738,201.3554507235309
42739,352.9377227064605
42740,426.06420155108253
42741,431.9117192905926
42742,313.2479229316769
42743,246.273245737574
42744,180.04614229189255
42745,546.6604901192312
42746,249.09602695613904
42747,149.90208912496334
42748,294.4866169261865
42749,268.3885751284923
42750,234.28038297012068
42751,146.33277668047938
42752,185.04482073134312
42753,480.90200069597324
42754,628.8479206903894
42755,241.10786328793148
42756,364.8354705095526
42757,250.1900847381748
42758,196.65848639139057
42759,145.64475574147886
42760,2129.538590462912
42761,336.8884391395426
42762,299.115592856388
42763,347.02799358818146
42764,555.6943710316199
42765,146.03298098888516
42766,269.92853379900004
42767,140.78850344234937
42768,700.9835541738086
42769,470.4347855640746
42770,217.61749612497644
42771,252.15083880389142
42772,125.9128979888743
42773,273.7418956215972
42774,558.1124890772064
42775,767.0014924220952
42776,305.3845609325654
42777,291.02825536761304
42778,160.78289265683563
42779,637.1126460376704
42780,294.61489180788243
42781,285.1340710723912
42782,570.596181970535
42783,213.99175933105204
42784,232.54700110388617
42785,173.31334916771192
42786,166.7675694520785
42787,214.1640836093473
42788,289.58512864680705
42789,168.8229228395338
42790,271.3270400436494
42791,183.68590324243624
42792,508.5807489930514
42793,1639.8791867104958
42794,160.63199041563632
42795,646.9871637371173
42796,280.45744036418114
42797,285.6847105175374
42798,203.1512319114244
42799,297.3781117022404
42800,128.77486036143094
42801,322.6388045436505
42802,214.54469512379123
42803,555.8686256593223
42804,385.44758648692857
42805,308.1695192885546
42806,294.0238904077154
42807,225.87576287417374
42808,190.67637903390738
42809,314.99850528452447
42810,289.69629731788905
42811,227.99241919754306
42812,269.08981218340415
42813,139.1523328956818
42814,187.97806994451366
42815,1502.8585161218355
42816,147.77286109563545
42817,824.7243804042673
42818,178.62282860466837
42819,296.726124627432
42820,148.9494292159596
42821,160.00786200090474
42822,342.32655370874903
42823,132.4652499553336
42824,170.08084723500752
42825,163.75445636865575
42826,1460.0823006704702
42827,184.51622523033586
42828,388.2019712613756
42829,149.6519164124464
42830,129.97452097267936
42831,226.17838445139083
42832,431.7569092809576
42833,1406.7237585333692
42834,183.84182243277152
42835,201.99272694132594
42836,600.7671605531125
42837,134.5344709659536
42838,746.8883647261507
42839,170.06566067127008
42840,219.69790556192817
42841,260.74496211469653
42842,155.5529703425352
42843,292.85387100774227
42844,264.1416422883281
42845,266.2109499673264
42846,227.97948826062785
42847,2533.670599668717
42848,173.25231230579337
42849,361.18839032274985
42850,939.1921852499415
42851,196.98007151137605
42852,455.7980928243109
42853,242.85313900995257
42854,165.21028840885538
42855,212.3475333464054
42856,286.42955726304257
42857,254.98095443911515
42858,158.21085598094484
42859,245.79982881437937
42860,252.7876449261529
42861,205.50388333105954
42862,161.94925352627672
42863,417.33393734473134
42864,393.56755920040735
42865,816.6402669340644
42866,152.12747426741208
42867,165.15852993063936
42868,365.67869746372077
42869,223.37595034485267
42870,218.98892407311783
42871,225.8043239818476
42872,575.9454776700834
42873,131.14217802506775
42874,177.27770372848525
42875,356.32576287301055
42876,180.98907989243605
42877,443.15214071405904
42878,186.67660128237725
42879,181.14002470551122
42880,216.20900990254626
42881,353.2345695082545
42882,257.76299590226984
42883,271.70979156080296
42884,237.2749203068035
42885,1200.797872954207
42886,1037.1956166351588
42887,152.85324840667894
42888,133.31434926613483
42889,225.42409266142985
42890,289.8835120368213
42891,164.4602821418505
42892,472.16311778045286
42893,192.32211395926433
42894,203.9411111396346
42895,137.24318407956508
42896,152.10244146445729
42897,192.08971214802563
42898,198.01707248221643
42899,227.04499919282057
42900,157.84134938865895
42901,131.1940836845944
42902,198.78475777362357
42903,621.3207819526037
42904,282.9591321226305
42905,182.53956050132265
42906,195.06849119322084
42907,638.6411426522183
42908,223.1898562038262
42909,280.6100284425985
42910,400.88658734507817
42911,137.12677293962463
42912,231.23628077557808
42913,194.835230349901
42914,260.10527772897814
42915,880.9681533341475
42916,437.9796793127996
42917,137.96272306741764
42918,393.8675903551267
42919,197.0221573860351
42920,228.95836499125537
42921,194.37117130310548
42922,275.01984795714634
42923,223.55893981402158
42924,396.4412103690294
42925,216.97357296579077
42926,345.4237709951158
42927,152.04708348824042
42928,221.31563735531896
42929,258.45928039924576
42930,135.64532952727427
42931,432.30226757709175
42932,754.462788619186
42933,382.0054405928349
42934,443.38718144134
42935,552.4308013056154
42936,428.7611213559106
42937,168.89691359262113
42938,398.80797387821684
42939,108.43532666715737
42940,281.87952107201204
42941,104.73618795835948
42942,426.06909733507905
42943,309.84203710142305
42944,735.1246722969162
42945,371.7478622177539
42946,409.80971903478326
42947,142.77698977619107
42948,216.25519437675266
42949,217.8226624246252
42950,502.3362656330974
42951,144.09504032690745
42952,260.7472537437944
42953,329.56993762297725
42954,209.11017883828836
42955,257.1157299229765
42956,446.16279820302657
42957,327.2965323298045
42958,313.09603904534697
42959,165.62273224633614
42960,178.98816798575132
42961,225.4368986926706
42962,277.61601572125403
42963,465.57541345216396
42964,862.6427136774639
42965,363.0206193552942
42966,78.28225377738849
42967,225.1048203594543
42968,293.16659364073803
42969,117.84485695073818
42970,146.8196952427736
42971,244.9627366166274
42972,178.99150165909666
42973,261.7793896726988
42974,492.3771950792686
42975,393.5841790185952
42976,173.2304991264087
42977,279.8361478336201
42978,283.3663110738675
42979,213.84364393564823
42980,400.28243555449296
42981,253.3164921486452
42982,119.79840112820361
42983,247.0186380813181
42984,208.05547843482253
42985,302.4525202015434
42986,245.46951065935616
42987,250.35803664308526
42988,491.07052563878943
42989,251.37880522928077
42990,168.41431022962183
42991,832.2769921138441
42992,499.18332768055467
42993,202.26662723287913
42994,613.138880677186
42995,811.6002578867053
42996,201.7743361976493
42997,155.00007121974437
42998,168.39003116783186
42999,354.4331200312442
43000,407.44278917275665
43001,414.05512291015543
43002,696.7346994847605
43003,1468.4753241249832
43004,218.0092247008739
43005,171.98982684089003
43006,335.6864700849215
43007,261.1042485615835
43008,171.20264558821876
43009,134.12531527234103
43010,235.54056653926887
43011,344.3677487638771
43012,216.52504695212104
43013,121.74952529180307
43014,265.5573835008468
43015,504.07434776398134
43016,182.3781151325786
43017,509.52498046703505
43018,952.379544954041
43019,309.35108329768855
43020,827.1285769311498
43021,175.9002122565942
43022,179.80250379496212
43023,387.7563034798602
43024,207.20848761857263
43025,240.63359101423717
43026,822.5001310509341
43027,504.3321664972571
43028,225.94466952184828
43029,339.6394922992268
43030,280.3325350607658
43031,249.58001401789136
43032,280.64287268483076
43033,149.8728279825022
43034,212.03393413844088
43035,183.67569177397215
43036,724.0545667728
43037,241.5578711080773
43038,240.30324419249237
43039,380.61331803979346
43040,156.78008876961368
43041,204.37827758241824
43042,253.43278072879139
43043,362.709947558919
43044,447.85661234059216
43045,182.85768547461382
43046,221.2034815956728
43047,240.33709433906523
43048,321.46025993976656
43049,159.0475730461134
43050,288.90197257396346
43051,421.3665512543698
43052,305.0224154385038
43053,183.82167034720212
43054,273.90021118551647
43055,160.23663226163467
43056,156.12632827766217
43057,166.55646878831564
43058,121.9885917727719
43059,213.56735667108148
43060,433.9907620557862
43061,373.37961291467695
43062,233.92103021434127
43063,706.0003564057666
43064,307.6237614702004
43065,1040.5824180742165
43066,214.36448226757366
43067,342.63383470276057
43068,248.56484287290272
43069,357.8986645693752
43070,159.17519857592325
43071,307.02862934785753
43072,195.19124921443193
43073,233.04500812334695
43074,336.63910897735167
43075,517.1086608260057
43076,1627.989416337165
43077,169.06986418486204
43078,655.5534403840074
43079,248.9827323176847
43080,145.99500513977372
43081,208.72087038823494
43082,599.7066495253079
43083,266.5708606093657
43084,195.97321955142394
43085,206.1512575699171
43086,434.0752578710399
43087,116.85870038595742
43088,185.3637678989155
43089,337.687269721939
43090,159.06419670026293
43091,134.31434947480722
43092,182.62224029210986
43093,444.3165057326133
43094,218.41847638632524
43095,1325.6415855756056
43096,168.74644823758345
43097,209.95847741973165
43098,233.08321248925128
43099,152.12211092106625
43100,222.61612939684622
43101,164.24796510999477
43102,320.38993318846707
43103,235.80479795335464
43104,178.69754930666303
43105,272.5808305935088
43106,246.24609900775837
43107,251.19784116615372
43108,112.6820082131985
43109,268.2895676913943
43110,290.7289049704593
43111,315.72564272301884
43112,427.373087622302
43113,438.8226475284734
43114,94.0209015289307
43115,262.52819233424816
43116,190.68630041035914
43117,144.90025174483216
43118,251.71154105338036
43119,792.2225084759551
43120,200.953979137021
43121,1280.220204709277
43122,207.34871676243452
43123,164.95561151810406
43124,458.0312816556257
43125,298.90079003738873
43126,456.8206030432388
43127,329.92512388868647
43128,148.08284756306978
43129,363.5075991787506
43130,271.2917556859815
43131,243.72289208379237
43132,138.32073480602165
43133,220.93088898356334
43134,110.70529474048254
43135,205.6156195852774
43136,1717.824604783791
43137,270.5327202910722
43138,154.8927970213764
43139,275.4156739036405
43140,270.2282200944975
43141,215.15874401597748
43142,246.26690319873185
43143,130.61726892103414
43144,546.1131327641117
43145,290.1435299689202
43146,260.91346527339533
43147,255.88582267316536
43148,332.2017963013774
43149,163.63055804331404
43150,235.8463127378139
43151,212.06822163507857
43152,161.11473046586678
43153,256.12038904789364
43154,147.21665650419132
43155,1033.434897582159
43156,194.54419191624737
43157,104.37136222405472
43158,150.31635424285858
43159,192.4741317218061
43160,140.55529768817695
43161,144.83507644457478
43162,322.3669703247912
43163,483.76673818678387
43164,286.45022177050754
43165,248.29660387356932
43166,296.4375728827549
43167,258.95878769338213
43168,160.76561146794614
43169,234.69907348750152
43170,187.52242574553952
43171,199.22297542863046
43172,584.9256906830722
43173,145.77172413658096
43174,165.9362542035483
43175,132.31672254756728
43176,756.9748086401304
43177,163.377451635749
43178,139.2620134162995
43179,473.9543869793141
43180,411.0830029334964
43181,215.48998543839753
43182,156.6958157264246
43183,232.948828960282
43184,369.2975958669766
43185,265.7094275545891
43186,285.6203979972624
43187,161.3461133538215
43188,292.91657186967814
43189,320.88010534713095
43190,368.85609077286625
43191,521.052035974541
43192,184.53819823203983
43193,220.81391078916167
43194,278.8123319323677
43195,201.8809617197851
43196,315.1929516350819
43197,247.44618833874648
43198,187.1811587108876
43199,246.58752269007135
43200,229.61877960290028
43201,1059.2940719879996
43202,197.05250993049296
43203,297.46420466238146
43204,613.9115429969859
43205,120.24236451605067
43206,368.21916262878733
43207,117.43258415318253
43208,1035.691509940803
43209,301.6504033836331
43210,211.56825317526526
43211,142.77598176343625
43212,196.94362938482183
43213,314.2573563786882
43214,110.12051868148374
43215,213.528036970638
43216,641.6935411413331
43217,840.6859190806458
43218,175.87085135859547
43219,260.5876690268055
43220,537.3807754311358
43221,394.71153381944913
43222,140.59721566107905
43223,151.98763612249184
43224,150.79546209739132
43225,154.35852742675823
43226,259.2827240409111
43227,216.91396444594307
43228,173.97366269200697
43229,185.2279300154732
43230,224.64576867337976
43231,151.93866694694879
43232,588.7320353029232
43233,242.7615232346245
43234,580.8650402664588
43235,223.34363972213922
43236,356.82360118539896
43237,297.0739699511024
43238,385.8270306111165
43239,156.03654975723603
43240,1420.5287600185463
43241,689.708068154302
43242,339.34810162483
43243,242.20666895283995
43244,176.95368766367378
43245,345.36206697935825
43246,344.4111673770167
43247,166.64628681172974
43248,504.93140569990834
43249,1269.7123341830143
43250,183.2899443666544
43251,286.29196226434675
43252,429.37936343174215
43253,227.4061006058127
43254,403.66426112218176
43255,347.4595572065516
43256,389.2084208805109
43257,171.85076750323722
43258,345.998929436913
43259,239.97974645440772
43260,158.5723933154379
43261,190.5136008479938
43262,214.20437059275403
43263,335.1375159288035
43264,443.93020657389644
43265,217.82271757889072
43266,110.35242372872405
43267,160.292949725726
43268,321.9394265245201
43269,271.090022726664
43270,211.1242564553433
43271,395.6426267877995
43272,1438.8878850544963
43273,320.8391306715776
43274,152.6976101992498
43275,763.0419766482462
43276,131.5632850898189
43277,246.61883019196796
43278,157.92475303358646
43279,250.63985445121867
43280,240.79920662372814
43281,442.16300541962545
43282,261.5984961818066
43283,250.69207920426652
43284,134.69298810916703
43285,170.57124749281067
43286,141.59283833317173
43287,195.67555969662467
43288,76.26396289585846
43289,159.69757001973406
43290,239.2788165692342
43291,425.51877977590107
43292,1057.7201630680145
43293,173.19528747345214
43294,263.44056172108213
43295,236.1875719719615
43296,252.26887536538908
43297,683.7669621562854
43298,406.7282882891437
43299,565.0990075531616
43300,245.43810153762823
43301,408.18972168416735
43302,270.006903552084
43303,201.8842247118034
43304,373.53721851454185
43305,252.10686137389263
43306,229.6422616228246
43307,276.0969610147006
43308,216.21246678765542
43309,154.88699886074806
43310,269.5945564825892
43311,280.5536689474122
43312,176.2922473393099
43313,617.8405616568737
43314,390.44938009289865
43315,391.71218498470785
43316,238.58021468300456
43317,214.11078370046337
43318,188.02621214624287
43319,171.32667792546238
43320,87.0444756704925
43321,220.44047201050284
43322,1253.454572844076
43323,241.63057987785402
43324,243.73212981412567
43325,136.77332103276683
43326,162.03507202257853
43327,255.1843939106416
43328,312.8307795475425
43329,337.55818007729107
43330,1050.1802942064385
43331,225.11421760178456
43332,207.89623834874962
43333,104.79472405610669
43334,205.1060293358557
43335,113.98327382402408
43336,216.6241159655489
43337,173.95837128447613
43338,451.3194177908177
43339,179.06419103729468
43340,273.4622847922305
43341,224.6076719067396
43342,195.44361823068274
43343,137.6562274263784
43344,1843.4498203937735
43345,255.4391084502167
43346,213.06165317088087
43347,522.6357720139351
43348,132.03195813282932
43349,159.54285353058907
43350,146.74145138934693
43351,186.6134955218785
43352,198.2383101627913
43353,220.0977315876676
43354,298.4389933653915
43355,246.27274182151493
43356,267.9998857502285
43357,231.31482260514466
43358,343.8527049820339
43359,320.05608314549534
43360,81.0010632149155
43361,200.2876496504345
43362,115.28020866856845
43363,283.64108415807596
43364,152.99107616974985
43365,215.62333476026984
43366,282.8282842931161
43367,136.50068824232807
43368,182.74091067244257
43369,106.51653845211231
43370,931.3620934874161
43371,262.1388972585906
43372,340.63269082404156
43373,266.8385256738812
43374,241.40021256549483
43375,211.4334635425408
43376,123.98600324845145
43377,233.19695260902174
43378,137.249938875136
43379,238.26665153991192
43380,400.9647051717467
43381,483.83536379687064
43382,347.0777210697197
43383,457.82482720416675
43384,156.9646953645349
43385,311.9634899618899
43386,463.8033301572063
43387,268.7208028028092
43388,233.02700201510237
43389,234.32813946857706
43390,334.0163243671898
43391,230.57032358709463
43392,664.2367489315155
43393,211.9357489976631
43394,261.6907498591179
43395,270.8447822419002
43396,163.89907618113895
43397,256.31200775925277
43398,207.22232670067535
43399,227.07328897091986
43400,396.38743079853407
43401,138.4696638511828
43402,227.60991743797845
43403,410.12024828634776
43404,632.8105345699399
43405,155.17385899265497
43406,218.04331895489523
43407,144.6414601712312
43408,165.56944147436158
43409,1026.9756523627316
43410,321.77860625444373
43411,572.3051838166248
43412,317.0653477122947
43413,184.00352694149078
43414,184.72877799402423
43415,382.9782852535035
43416,538.2487758711478
43417,289.6004195443738
43418,387.43875879719474
43419,189.15712473308324
43420,655.751203697092
43421,148.24273804965208
43422,256.0653984763385
43423,202.1359586410383
43424,663.4273447034676
43425,143.87285510395316
43426,773.5122583933805
43427,169.4442189786296
43428,247.78708382730184
43429,269.25105786609777
43430,335.89823610516635
43431,164.02565626720332
43432,587.0799803509765
43433,412.2162815452009
43434,166.57725426741436
43435,195.80907818078376
43436,241.21075002095785
43437,403.9061519553742
43438,338.4078019930345
43439,217.13337906082978
43440,175.82055582869518
43441,537.9602162289199
43442,446.1272987834663
43443,188.620668353201
43444,227.99356119914742
43445,351.27575723677387
43446,292.0527669048614
43447,151.66191388494602
43448,265.18580893352663
43449,211.76161275507224
43450,237.10364919833478
43451,234.27052920078705
43452,102.83590996418984
43453,239.459149599225
43454,268.56597531481987
43455,318.1051913760081
43456,136.15953077963644
43457,219.95044435216585
43458,315.7421478397704
43459,170.33720319351573
43460,802.7546651739395
43461,123.32318531245262
43462,154.24071360150137
43463,165.28507333784296
43464,304.69885266018986
43465,239.17054750909875
43466,245.73089563183194
43467,585.0518120415327
43468,145.50834474540065
43469,449.04637370758127
43470,140.36914780509005
43471,220.54011329519497
43472,524.6156654711647
43473,2129.500181285368
43474,980.5328631091787
43475,158.2082681234948
43476,174.9372763066277
43477,287.6727886253164
43478,209.8432858978512
43479,184.71728204873637
43480,194.15906422580107
43481,250.66178004254724
43482,208.1373900720858
43483,157.1850906325719
43484,145.292471330828
43485,110.13491293426927
43486,341.8755362057158
43487,137.7107463749922
43488,235.6690578520741
43489,520.8715182714291
43490,288.36240948416315
43491,170.28433556123346
43492,159.93988072040005
43493,128.74872133578842
43494,263.6738142012575
43495,171.33047838627823
43496,258.2521858641003
43497,179.59016077437542
43498,357.45481242989564
43499,595.4808494833976
43500,261.4079016938627
43501,238.1776560185688
43502,486.98587824959026
43503,98.89522570491087
43504,169.7811767991976
43505,405.8677195155679
43506,358.0523256154185
43507,574.0028001211118
43508,158.98499709750175
43509,167.48635690166688
43510,525.0466570746129
43511,128.3044749146535
43512,193.07567878157775
43513,196.53378650745938
43514,258.0464704679979
43515,607.0801445954127
43516,337.76776867122845
43517,223.8796973693446
43518,480.23203400248815
43519,170.05501825380134
43520,229.55607538077393
43521,891.0623050090371
43522,465.94707582758804
43523,197.33262437551627
43524,167.45844029729068
43525,138.81375224054185
43526,431.2169018421253
43527,1161.8735187390484
43528,1254.4727675527486
43529,194.57113260568505
43530,393.5113461459038
43531,421.16664192927874
43532,182.94124310767086
43533,181.10579821410101
43534,503.3900293131752
43535,1350.958888299619
43536,189.67882456112238
43537,254.19436162490425
43538,844.7755687542407
43539,192.637205334
43540,313.5658724141968
43541,225.98969593956357
43542,506.3464795071175
43543,227.69079925017428
43544,303.3379528897924
43545,430.6039063203307
43546,135.38094163485044
43547,256.2350448767622
43548,891.2364228726336
43549,318.5342160098828
43550,166.98510621930376
43551,629.6493677540169
43552,294.83032244710347
43553,332.54996294202203
43554,203.2365362126897
43555,237.53850612208416
43556,1680.6729484950151
43557,458.85741917902305
43558,245.95653447262646
43559,227.1138817534599
43560,184.64761278772434
43561,351.8728948623604
43562,410.1428119581352
43563,233.17882434818847
43564,701.5673919052838
43565,207.36126673541344
43566,353.76770937933435
43567,510.0470668917346
43568,200.50256016378032
43569,262.4185990976279
43570,402.7317720696098
43571,246.77393734753716
43572,260.5858540515391
43573,481.2952206941161
43574,317.32931192717723
43575,222.8384358222147
43576,130.79900398925582
43577,800.7142818766905
43578,271.17162807918623
43579,190.73461866544417
43580,218.59211384721357
43581,152.20717823831038
43582,183.07916020640724
43583,462.72051898577564
43584,130.33494029617646
43585,126.19676156097506
43586,159.39436260155975
43587,241.85516176803483
43588,327.33763774938933
43589,257.40454923979865
43590,549.6143273755729
43591,228.4901959441397
43592,198.38184616212726
43593,147.28370720920876
43594,145.2549824769384
43595,473.2831801375553
43596,361.3586838088306
43597,243.7374634479949
43598,246.5929305228181
43599,311.8850103465331
43600,345.78544388903197
43601,127.45165007822287
43602,1637.1180690836422
43603,172.83710174121674
43604,167.210193160279
43605,146.84020232003604
43606,200.30685947280836
43607,553.6532777483118
43608,135.29489087813337
43609,104.98390613675436
43610,104.6590738849529
43611,99.4740971821148
43612,307.45513154952914
43613,191.19451915434735
43614,566.3412444308018
43615,260.62548045623305
43616,540.2183340503088
43617,260.24175039421067
43618,225.243083417338
43619,303.32590264495195
43620,141.85925904396362
43621,238.03947067317225
43622,316.40911386529734
43623,427.27372539950613
43624,842.0626237788262
43625,851.7794877432531
43626,147.29802069667886
43627,259.24263119670763
43628,143.55455020739396
43629,138.86108436050432
43630,367.5536315925614
43631,273.91678157375793
43632,144.49618467358346
43633,314.18329740181355
43634,287.22026862160254
43635,210.64067146188643
43636,160.50514665587113
43637,330.800075770542
43638,279.58325956148104
43639,275.504517153775
43640,202.32643794738465
43641,143.33761340299043
43642,386.2986182154769
43643,173.09680859436642
43644,271.91321218642946
43645,218.0956545843
43646,161.96887688833792
43647,478.0594258278445
43648,357.8098080309801
43649,197.82864173729917
43650,262.0141829987924
43651,150.90924593953585
43652,1477.2969419495362
43653,448.34753813379797
43654,303.60872064235485
43655,584.8086269712641
43656,234.42970703840695
43657,189.71405829510766
43658,615.27343678428
43659,129.41149631411557
43660,252.30559680043217
43661,282.4138237854635
43662,166.10948593936172
43663,309.54241540634035
43664,159.0751775946215
43665,240.55302959154056
43666,234.50105608396743
43667,396.9801887013775
43668,280.52739912414836
43669,212.7445395183275
43670,475.9042580076985
43671,455.0356711801067
43672,238.15540371577313
43673,244.71847064294457
43674,1196.7252832584338
43675,265.75870894634846
43676,142.9855943705074
43677,1049.0851499121975
43678,155.1688411346337
43679,252.22260495426903
43680,648.6557384299433
43681,145.3641442408332
43682,132.94981005198005
43683,250.7335249299712
43684,152.57905985299683
43685,212.11646116354294
43686,182.5399049115445
43687,169.63576323866639
43688,1293.238275530396
43689,420.79309069520144
43690,374.1239670712783
43691,352.374477163104
43692,418.2052567024996
43693,138.60244285856135
43694,135.90000743472635
43695,237.466873327873
43696,492.3065209184927
43697,239.8696529970981
43698,173.40903672901499
43699,367.74677953020165
43700,236.9390397275503
43701,100.72707068634222
43702,124.13638036639277
43703,388.8273728294701
43704,938.6844627581004
43705,305.0108897331931
43706,411.6945622001617
43707,256.2711722951028
43708,238.44362192672264
43709,308.1172419191249
43710,449.2923209164359
43711,259.6301117623947
43712,364.93498416164306
43713,150.4302073013794
43714,244.2736135198503
43715,138.74846520410225
43716,196.70334620190198
43717,228.3752385056612
43718,174.62586266825213
43719,141.26822424948006
43720,407.829585517264
43721,184.2013279930076
43722,255.10974785493758
43723,238.2973548100848
43724,214.36378061243883
43725,222.94074840229365
43726,263.1216902012893
43727,326.6850573147608
43728,274.1745906371492
43729,246.54973413226156
43730,500.9895508133549
43731,214.52609386548588
43732,163.83899420788052
43733,1374.1494956295649
43734,248.71801159436225
43735,254.26152253551015
43736,244.2363166730327
43737,284.26528695681645
43738,276.36785302109126
43739,157.13712801357048
43740,241.0769669678852
43741,179.00779232383638
43742,1189.3249360222721
43743,844.6878610877359
43744,266.0163139239833
43745,170.29491649144236
43746,269.72120115620265
43747,178.33619123794952
43748,313.23489412093596
43749,200.1188379543679
43750,230.4341276596323
43751,173.47981933517084
43752,242.1097821599039
43753,149.31900199111635
43754,120.29170497800189
43755,256.6194303134344
43756,185.5823545856011
43757,325.7365686760942
43758,1011.8125176767376
43759,171.6893696260339
43760,110.25584248889821
43761,188.5892028555318
43762,134.34138126087547
43763,679.0447310107114
43764,389.8727140647984
43765,308.05128178121254
43766,153.4315076366465
43767,151.42903398066326
43768,333.42850705335815
43769,156.543519034258
43770,367.38873349500653
43771,463.21770366337023
43772,215.86746597007917
43773,165.79699250088944
43774,258.78983104507313
43775,326.4353662375372
43776,324.18449451269265
43777,163.3223227326329
43778,794.3106191826752
43779,669.6444165668989
43780,403.2183211826094
43781,188.13708654385061
43782,150.5633994169318
43783,255.0097250357816
43784,168.0693037955941
43785,212.45643382328745
43786,213.79770137758064
43787,146.44560203198674
43788,232.83154478875042
43789,254.93285168077162
43790,136.56041822594662
43791,123.11548039403003
43792,196.89562279961228
43793,287.3250886574387
43794,149.14299794446038
43795,588.1508580255512
43796,177.63370936088998
43797,399.58520586998236
43798,744.6825828509072
43799,257.93170511120263
43800,1107.2077089397212
43801,252.76225583416655
43802,589.6477900073569
43803,635.3350117662491
43804,243.47609759990695
43805,310.5050320344681
43806,493.7754576178437
43807,141.6619267970771
43808,172.91651687564
43809,854.524175005572
43810,208.5406664374329
43811,168.7782417669024
43812,338.9434921175621
43813,260.68092125526914
43814,227.48185850300501
43815,289.97342588919275
43816,375.1101650648726
43817,154.19608822749024
43818,175.56704726797867
43819,164.95946969664712
43820,253.82308468649035
43821,159.25678423250287
43822,1156.265855328591
43823,417.7653651993675
43824,349.05606220509986
43825,176.4455004644426
43826,213.18451422651455
43827,2362.8900554554025
43828,71.04191772789056
43829,225.6917004597373
43830,267.40849937287027
43831,257.78466472703997
43832,292.3966933256975
43833,144.08519098483137
43834,134.85218570739374
43835,155.06776494326297
43836,532.919326638834
43837,164.3407784683911
43838,196.4874943124415
43839,283.11552400709655
43840,712.6586044796131
43841,262.96829000258265
43842,183.8951180025958
43843,1225.3759880104521
43844,197.6326592329885
43845,240.10155505156757
43846,287.32489707678644
43847,313.8851554984105
43848,322.5810921385799
43849,246.4754740377593
43850,253.87281428704136
43851,311.72458178112214
43852,228.48318086036784
43853,318.61868668696786
43854,328.3369964538483
43855,192.97795228433696
43856,203.63449941136645
43857,479.5224209423045
43858,166.12983936708417
43859,574.3363232440207
43860,157.0177356185984
43861,255.70130966359477
43862,474.04950186544977
43863,1499.4057986403197
43864,240.39807394618032
43865,255.84541217929174
43866,171.35464653374152
43867,190.42865382565338
43868,536.1924735529294
43869,186.93427742259306
43870,448.6080144593828
43871,210.19489073067228
43872,185.79099391559583
43873,212.20099281732723
43874,389.8612100682296
43875,145.7461755095435
43876,529.5036571588005
43877,895.4568291056628
43878,276.15158792406925
43879,141.27320686057448
43880,429.59452179698803
43881,423.3018203754521
43882,195.50535102032032
43883,420.0694619965841
43884,203.01938202076178
43885,278.6920781015982
43886,413.700649000393
43887,245.04867333743806
43888,223.48376519815346
43889,300.7619137896721
43890,221.77004048083248
43891,354.2310760757239
43892,180.78743952407743
43893,235.25297914969235
43894,331.46164036778794
43895,90.6601615707671
43896,216.98306638921548
43897,211.6970508247727
43898,364.76549772016944
43899,183.62407346533413
43900,197.79362416299008
43901,241.23287886723986
43902,186.57707670021603
43903,303.09670993015
43904,434.02369239713147
43905,205.88442637656343
43906,166.12030030426112
43907,214.761569960924
43908,165.05761849962474
43909,173.21045845772792
43910,219.6729284534275
43911,154.1334860791652
43912,156.15138988498038
43913,127.5963532168189
43914,267.2978686881024
43915,384.58377327874535
43916,204.7096643456602
43917,262.9474852429705
43918,233.66611332653994
43919,723.046128389226
43920,236.71619089012054
43921,128.3420432750049
43922,257.41063660152645
43923,230.0884517493542
43924,253.37152750183355
43925,147.4156001527858
43926,344.41002664576774
43927,206.33489714216617
43928,318.76878076928733
43929,180.2689211232173
43930,211.07350069011716
43931,114.18825103825424
43932,346.1484762422705
43933,141.68327766259947
43934,174.44485099433015
43935,317.2847988786385
43936,1524.7193202497751
43937,359.3284370670491
43938,213.86741864130784
43939,232.3878881550522
43940,337.0268671443159
43941,366.13934479980423
43942,133.20748932509213
43943,444.9893810330286
43944,189.2655622974359
43945,156.01206490966777
43946,230.3432679092216
43947,227.19069319243718
43948,541.7655584023528
43949,2026.4908971698753
43950,137.05092509086728
43951,220.2574899512741
43952,468.4558882331006
43953,212.88957654323656
43954,153.61676569500338
43955,493.67558369547555
43956,283.9507208061921
43957,369.85289616945175
43958,211.44481633277897
43959,233.06879252663336
43960,929.1672849696073
43961,167.63723720638677
43962,236.31886286536258
43963,175.159584850749
43964,404.78780193836076
43965,430.1249505059392
43966,271.2939481474504
43967,303.1574714708332
43968,166.09464192673636
43969,203.45315826813334
43970,337.89927915462937
43971,174.23655421372456
43972,1707.5642652038025
43973,227.65418975257995
43974,161.9038335636552
43975,198.67226295811147
43976,134.60607694613242
43977,432.94214706561263
43978,310.53407009430265
43979,238.19417849254327
43980,311.49823105092344
43981,281.0802565067759
43982,370.07357835733603
43983,153.71121819376472
43984,691.3153733965399
43985,341.9288412922387
43986,141.00937184867894
43987,271.6544525397152
43988,239.6091556532899
43989,304.92233851098115
43990,1000.798119371611
43991,183.18242852836516
43992,162.9787421594407
43993,142.93965888764563
43994,141.91328843627446
43995,393.30681253609777
43996,173.72560415845342
43997,198.89611183947056
43998,224.8908108966681
43999,165.62964597540122
44000,264.45746396300314
44001,424.21638035202346
44002,182.58353590284662
44003,353.2011637676894
44004,384.7449379944488
44005,221.34257680785618
44006,288.2312842908735
44007,482.79417581900566
44008,220.34444235637358
44009,341.08564893034844
44010,177.78253668079643
44011,352.8978207300069
44012,249.63624579682428
44013,889.2814578917963
44014,244.97790906999984
44015,177.38745772862512
44016,415.06671067184527
44017,317.39642623279804
44018,292.07757381120456
44019,157.05312254406965
44020,154.62965717218427
44021,175.01288331966006
44022,1775.8595361430473
44023,158.68917401769514
44024,253.1115328935089
44025,211.41392156251655
44026,216.89337760578002
44027,370.37796192008744
44028,308.3387479160421
44029,432.7157460534249
44030,299.74901648488634
44031,291.7843813730188
44032,343.36547423560563
44033,726.7020753165481
44034,147.27122317916096
44035,188.8337808195582
44036,219.71967882287888
44037,87.64396285007737
44038,259.1197977547295
44039,164.67852570317407
44040,400.6141249773927
44041,429.57187894245027
44042,158.8753411021835
44043,151.57516090756477
44044,239.62342229468942
44045,229.39380311526222
44046,339.77129602076485
44047,390.7487692364305
44048,324.2457893671176
44049,141.5304091874524
44050,246.59631392816698
44051,448.34887296468924
44052,446.4369199827565
44053,240.2646483644032
44054,192.45112701590756
44055,321.6168816880994
44056,347.14145354091136
44057,298.01675103770583
44058,406.0142358147697
44059,133.75671798197587
44060,128.62708618643848
44061,212.63275759578096
44062,138.82672720497243
44063,264.1364819320028
44064,426.7616140525816
44065,400.75302370880604
44066,267.55840439947826
44067,191.03454577426334
44068,194.44665730230335
44069,155.50369596868688
44070,1071.009122621146
44071,200.04530139077798
44072,140.0905038522261
44073,174.1101258586038
44074,1133.6312700084868
44075,226.7076475593246
44076,213.26321481773203
44077,192.87301726971504
44078,177.9185488146802
44079,364.2634322300848
44080,221.1504403005871
44081,288.98822217737785
44082,190.90798220355367
44083,347.5761669917244
44084,289.36521574277117
44085,804.8012321171497
44086,208.20935565309762
44087,483.23845662358593
44088,141.16585753640484
44089,157.5965492207259
44090,121.47465514529131
44091,165.36148481651108
44092,151.37262599185547
44093,349.6447422434545
44094,476.74484562255367
44095,240.13772889623039
44096,491.4954547228122
44097,263.6202860159671
44098,166.0778681179109
44099,156.7025787328572
44100,678.7219330090592
44101,130.74410867796198
44102,127.13073562025438
44103,790.3611733051542
44104,163.15592921967246
44105,268.5177465456436
44106,242.8978282583131
44107,138.69776413731452
44108,282.8069310250423
44109,198.54567791583995
44110,334.60399090362125
44111,239.50925200167836
44112,341.73176591488993
44113,300.6569346180432
44114,156.36565607524378
44115,218.78009549885306
44116,587.4087814433982
44117,166.64637493942564
44118,204.8750756651641
44119,222.57767692286083
44120,603.8889443967844
44121,157.3300766806021
44122,119.14091359962579
44123,468.13815927326846
44124,159.11013715131182
44125,160.19168027805048
44126,220.39820265413468
44127,316.89582920715844
44128,372.30511291362177
44129,211.22477671565062
44130,164.9425195504088
44131,318.00302571069346
44132,240.50165716406042
44133,222.44682842653413
44134,244.33321246180986
44135,294.96307118980974
44136,271.819402724543
44137,367.31420565682276
44138,186.59871709960856
44139,226.8649399767207
44140,137.75300872279442
44141,167.6104711382057
44142,283.47735932617513
44143,222.54464458271175
44144,141.52079856695408
44145,631.8545793808906
44146,419.54871865037023
44147,247.57703642343301
44148,216.92205733564805
44149,368.15729015170655
44150,157.62948121397588
44151,644.7205062080739
44152,305.7390943643616
44153,133.3275703234565
44154,80.45541833745908
44155,304.78295399522557
44156,193.75379622603447
44157,215.79620021155358
44158,247.70653040586325
44159,170.0659311679477
44160,461.87413211038853
44161,274.225822391827
44162,673.1175363803062
44163,975.9172513152351
44164,237.28745050670503
44165,115.7323411673872
44166,546.5831437037764
44167,293.5272120660048
44168,202.54482574361288
44169,244.43069506662476
44170,194.56491079949066
44171,144.88667923115432
44172,363.7654936977156
44173,316.63777511217575
44174,87.01782977032002
44175,117.39516926252374
44176,300.42206400006984
44177,170.87203325719506
44178,120.96313168109918
44179,315.7436047339416
44180,170.3924115519888
44181,260.4753176919351
44182,187.31590147535908
44183,334.32167706043305
44184,249.78805090770538
44185,235.50218000294745
44186,551.9703694822712
44187,596.2204730032468
44188,100.90869765264752
44189,346.6415057658139
44190,245.37820101584404
44191,242.46818660067052
44192,380.11044364494796
44193,263.6018532799509
44194,257.99650974246856
44195,449.99633057841925
44196,500.5649709086336
44197,129.17283298901572
44198,239.63762871307904
44199,182.01514696404845
44200,212.66216863745217
44201,271.81930260059846
44202,1173.4084115264811
44203,419.8082287118113
44204,160.04059258525004
44205,749.2145588388817
44206,134.60832943426294
44207,344.162840484024
44208,153.86462664955923
44209,85.14625503888806
44210,756.4108880622841
44211,694.7593173755754
44212,207.30000958017393
44213,138.7051766095262
44214,216.10808345624858
44215,385.9625115986555
44216,193.3652409689452
44217,372.41275033992014
44218,927.3884775587707
44219,204.29323872288813
44220,218.28260196908326
44221,227.82774009783057
44222,184.74070121575605
44223,265.7461587015095
44224,166.7629758495848
44225,242.6708333192487
44226,586.737463334367
44227,194.538911145691
44228,134.07185350395432
44229,252.76134142643525
44230,566.7584848465434
44231,260.921778611948
44232,174.22219991585507
44233,369.081242557811
44234,200.99745165505604
44235,342.205620153242
44236,168.06078004853308
44237,191.36021697593972
44238,464.2708380332504
44239,456.3140189182564
44240,157.08689872175827
44241,765.2258609059243
44242,1625.8764390669926
44243,418.40249110133993
44244,167.77732740062785
44245,145.81520351689605
44246,301.5830736891247
44247,254.3450627355636
44248,173.14389090025088
44249,160.4428540634308
44250,130.37848341916072
44251,155.93072272726252
44252,231.68422686719654
44253,369.1849343434201
44254,396.2538055016089
44255,222.56791476718345
44256,302.1003431166855
44257,649.0969561605078
44258,270.6596756512456
44259,217.99670664723993
44260,159.84195653274207
44261,255.6997936390341
44262,510.1607354935339
44263,439.8971029567682
44264,152.25337078333334
44265,209.10696802718502
44266,136.85074979791457
44267,339.38172817580784
44268,290.27906106955
44269,519.0929889981711
44270,353.42151254581256
44271,566.3448755462541
44272,150.7923704742439
44273,142.51304204358667
44274,1266.3251451976366
44275,164.03808376801288
44276,241.92581240395472
44277,255.3682525610244
44278,556.4271454564717
44279,278.4062392118566
44280,115.22163904203816
44281,165.11641760001794
44282,223.1783355728005
44283,156.6583064752859
44284,165.03800123092927
44285,228.96153835912784
44286,506.58018319764574
44287,200.92657250458734
44288,263.1444104369996
44289,325.72416500503545
44290,319.67357211446114
44291,186.57682343873572
44292,1085.061044478445
44293,248.13434906484332
44294,251.4162208192765
44295,155.49546954257843
44296,128.28212139737514
44297,217.49694375712102
44298,173.0224306465937
44299,407.37815765403735
44300,190.22147535701598
44301,146.0633428186657
44302,179.04811550259757
44303,169.4604118813069
44304,248.88297394938547
44305,347.1153656911616
44306,191.46919047011264
44307,469.7554570948407
44308,218.6028720003614
44309,714.8723813783964
44310,207.02218862044217
44311,209.30721563405032
44312,312.5121944188296
44313,131.31666120403557
44314,141.2896066165877
44315,183.93195213574975
44316,179.61889083417762
44317,233.5831994224379
44318,337.47171685158605
44319,140.14125416490765
44320,152.77492392386083
44321,162.16180121650623
44322,235.23931452603998
44323,392.9645987714863
44324,220.91745067317208
44325,234.6659050742182
44326,134.09623161621946
44327,147.68388457366174
44328,142.48691839101053
44329,246.75793473708805
44330,146.7742388986883
44331,371.4115387100199
44332,421.08477670239023
44333,220.2761377901029
44334,167.85396709858608
44335,219.77547210241764
44336,150.96959368825108
44337,731.0118214242844
44338,136.18793000712532
44339,120.28412295179533
44340,409.18711837430106
44341,365.2940678442316
44342,135.17512101683928
44343,380.37894760920864
44344,150.77579062746793
44345,292.47906928155453
44346,507.5558750014525
44347,267.95392151137173
44348,848.131413534647
44349,198.36241741975806
44350,179.5822484374475
44351,1227.053723649554
44352,446.6498153040377
44353,147.42428291803137
44354,139.97648416128285
44355,178.9441578288307
44356,214.80080503071585
44357,145.3758934958686
44358,274.5095365171473
44359,161.97375631603614
44360,338.17684488875597
44361,107.0039999045489
44362,225.07814777411033
44363,171.7545856767223
44364,144.443747461451
44365,212.53919685741167
44366,321.1673517278502
44367,125.10103662771714
44368,267.4560367291516
44369,229.9665921912773
44370,201.46646352134675
44371,252.8701927403232
44372,162.17838674372362
44373,198.45475003615877
44374,281.3011522858562
44375,1361.8051863677701
44376,558.0619161148376
44377,116.2811820326872
44378,145.2374944094136
44379,194.81703554653134
44380,484.76228630820856
44381,230.98209070287095
44382,335.8743820538372
44383,149.1399296140018
44384,168.00703247852923
44385,275.6677223235967
44386,90.52834853127126
44387,152.5789154365395
44388,255.12709109210203
44389,336.01266637803263
44390,280.41998592416485
44391,221.88596788700644
44392,231.558999549385
44393,200.20622991815873
44394,529.1142845510221
44395,242.59725493774923
44396,203.47404381411044
44397,329.3753807487964
44398,504.316124932684
44399,329.23448527841344
44400,541.2754837093825
44401,255.23587635009218
44402,269.33304877770394
44403,163.44749595146195
44404,489.89632149183376
44405,327.5061781259105
44406,148.9857731010292
44407,1125.9796533204778
44408,256.9520487588896
44409,308.75201098662893
44410,407.58169105367233
44411,348.39071391091915
44412,155.5972539628072
44413,275.9222010333877
44414,201.20770129664925
44415,374.9457508655469
44416,200.2038621035201
44417,435.4464789779757
44418,540.5023476002207
44419,473.4075484436474
44420,179.7426470830208
44421,378.6617470123649
44422,338.7818803160675
44423,287.11726345866475
44424,170.2185288866608
44425,203.72449167733873
44426,283.0436147823979
44427,276.94299939114705
44428,281.42865856829167
44429,161.477810381057
44430,493.5073267104536
44431,315.25156244385016
44432,214.64329886143042
44433,209.32477490441465
44434,1493.4499875319598
44435,133.36972160376234
44436,262.86641858639325
44437,97.34397248927219
44438,184.28973662219394
44439,150.071943915325
44440,208.0351577899457
44441,255.62251486357937
44442,168.7330053279046
44443,167.3747898741699
44444,257.998178857202
44445,356.5221128660639
44446,719.6947563338545
44447,213.26530161301292
44448,474.2357358579058
44449,272.30354711979146
44450,256.35842126342544
44451,286.85406571981895
44452,328.9762947808359
44453,143.37172200372146
44454,424.2269899328813
44455,317.8118505860977
44456,253.84018971796206
44457,502.0256537211906
44458,263.2573861975961
44459,249.21412990377058
44460,504.54161627478163
44461,220.93540659984782
44462,198.90322640863238
44463,931.7191393098302
44464,123.42281322409447
44465,298.10882887027776
44466,415.6467083667424
44467,138.8356509001892
44468,132.09082322374246
44469,299.5746588062243
44470,1731.991560759894
44471,560.2545755817058
44472,327.9412782710966
44473,479.5306512979669
44474,120.7141043038691
44475,343.8025781585283
44476,247.38691826681773
44477,179.42988299205354
44478,170.51591846434124
44479,284.5122643332999
44480,168.86282612352795
44481,403.39096006606235
44482,500.43449719892
44483,177.79437256492218
44484,195.59835068930997
44485,228.750556591048
44486,237.81037392303122
44487,223.3656760450882
44488,554.7298789510495
44489,252.98395319706825
44490,391.19385553184947
44491,187.316050726416
44492,203.90051795452774
44493,276.76034090382296
44494,280.1960555602506
44495,375.7394484490574
44496,218.62344830491298
44497,126.99334707490621
44498,333.36857261402116
44499,213.5251848218526
44500,330.8586010207874
44501,380.2847844538106
44502,263.0140301932539
44503,228.5775203407223
44504,145.5536035108727
44505,116.79985391355576
44506,439.8032109380375
44507,255.22838123361805
44508,275.22486992205796
44509,286.2354794419873
44510,201.68961983595145
44511,192.8874282138672
44512,362.5843838024095
44513,145.2423687517364
44514,568.4632247109598
44515,412.35623708408906
44516,171.64367747931712
44517,259.8373211927568
44518,123.21735468078887
44519,223.9885813487419
44520,221.42300792962857
44521,159.32395594030947
44522,177.16434816591746
44523,201.77085118666383
44524,292.23453874816016
44525,312.5948866728547
44526,291.0099694863475
44527,501.3297952950464
44528,389.81254662643596
44529,307.1729816061821
44530,152.4526835462866
44531,164.1793904492115
44532,179.26588071796763
44533,230.5081560136764
44534,179.0377609019536
44535,229.81916429098553
44536,241.4175035080597
44537,267.7257471571736
44538,354.58779503697895
44539,336.5388031726473
44540,214.41942443138097
44541,126.53544396894563
44542,319.741649921828
44543,212.9279441243884
44544,364.3282004522858
44545,227.67953560766244
44546,219.53628033168383
44547,183.00605935745062
44548,428.2419910070185
44549,134.85227421291745
44550,540.0983197716623
44551,564.1001972173225
44552,222.08515956552236
44553,189.8421584568917
44554,1883.0202338310098
44555,378.43296176814516
44556,167.09694326696984
44557,189.05225409378144
44558,620.4574608692697
44559,212.61523909850285
44560,288.0940755801781
44561,266.3960260328864
44562,158.34914482582377
44563,350.76733047364263
44564,738.2270606703164
44565,135.18135879226335
44566,168.19547820932584
44567,349.4403718906794
44568,442.9254591359834
44569,314.5895671350069
44570,170.7903869939569
44571,145.64513385656787
44572,238.82070391845895
44573,352.85621271868644
44574,181.24192139343396
44575,340.3948578004423
44576,165.02614283239737
44577,383.5061131555855
44578,548.7946900384667
44579,362.91052956318515
44580,163.16408356851275
44581,190.4604915165167
44582,323.5105828653353
44583,182.73051431553284
44584,202.70156837766982
44585,166.96109488395555
44586,779.7140993694198
44587,343.90630678497064
44588,224.73423455496
44589,151.48947734951366
44590,446.74809995116146
44591,299.53841219221323
44592,219.17340156800142
44593,149.01669483560397
44594,157.15310647006172
44595,237.91378648892535
44596,296.99454152500107
44597,312.89802217291265
44598,304.9028588895446
44599,276.0826531253749
44600,218.4096950287455
44601,157.14723437202105
44602,212.31596830666444
44603,212.25596604041036
44604,205.7574624733615
44605,237.55165085476597
44606,383.81524337776113
44607,732.3011319378567
44608,127.94492186842437
44609,427.3837806045518
44610,973.0622163651581
44611,318.436701725855
44612,303.9885540492684
44613,160.95031043500683
44614,214.2342768954898
44615,144.34387645817685
44616,298.057927602401
44617,249.47106604752753
44618,318.7525710117165
44619,184.25639127235098
44620,253.79311208150335
44621,261.66515791281995
44622,245.0121795418378
44623,316.1477982403082
44624,174.4045219152228
44625,436.5301241145001
44626,208.40211848777304
44627,367.9066291602191
44628,413.91238893941886
44629,152.55258138378818
44630,416.4194616261826
44631,481.73716089338075
44632,165.26812289126678
44633,171.280077658977
44634,192.27901153453857
44635,76.78656901395318
44636,245.08169648004707
44637,244.89007113997306
44638,155.03607149716134
44639,307.9510250555353
44640,187.06565947220415
44641,200.51570476297024
44642,198.4745577614159
44643,336.2263109013929
44644,168.25779954662826
44645,266.35575508667637
44646,286.59098371012345
44647,110.89837856121407
44648,237.95214953026786
44649,193.05657080137547
44650,202.76662237277617
44651,245.78235663618173
44652,338.1851444063526
44653,212.69640387281376
44654,250.32016094865614
44655,415.2145126022462
44656,338.2038735694869
44657,286.0592607827231
44658,241.6591856006663
44659,136.30838939122967
44660,293.3527981097676
44661,701.8171616528169
44662,188.84033093032696
44663,238.2165973433041
44664,220.57155383901525
44665,131.95440194509783
44666,135.305421234003
44667,649.1638159613136
44668,168.1264250932537
44669,175.7914782378182
44670,400.7893533871513
44671,267.7132185668635
44672,125.48394525805259
44673,587.7186757651843
44674,288.58359453428784
44675,370.65855600358987
44676,181.32131845817
44677,222.07796250934717
44678,238.22717161450464
44679,168.8662744581542
44680,297.5028744502667
44681,196.99047130959042
44682,219.49584298863496
44683,179.88027558676322
44684,126.7344023631443
44685,294.1373218975403
44686,259.3823525098232
44687,137.75488921841904
44688,1479.2717458889979
44689,427.0059842454047
44690,222.4659938318539
44691,432.4574393906438
44692,440.6796323454119
44693,142.3880692873982
44694,212.46130097598723
44695,189.19606225609243
44696,271.27913514215106
44697,218.37087653236964
44698,197.66819246525952
44699,251.065509619393
44700,256.53976629251105
44701,325.9223195052345
44702,452.05689782974315
44703,389.5518140995641
44704,418.42784444795296
44705,126.75235034135248
44706,160.02147412632522
44707,204.24061131682362
44708,158.30577566833497
44709,425.3153759303046
44710,237.22921181853525
44711,418.98666647885597
44712,207.87140819709822
44713,205.89137867497976
44714,232.0503470356032
44715,322.6108455350999
44716,251.61956713787376
44717,111.39982053329973
44718,140.08258049246248
44719,1776.1162182612284
44720,303.1611315506389
44721,283.6674686496506
44722,222.17830107160873
44723,184.86062871874933
44724,196.86582929533665
44725,177.49708342573348
44726,695.3867044543651
44727,326.5139320641721
44728,548.3319223758093
44729,232.01291273159694
44730,292.60386222614403
44731,126.94814118216549
44732,148.47135491210116
44733,310.13875708932534
44734,226.32453568575855
44735,340.0800806018958
44736,183.64697601019807
44737,415.9179688773265
44738,319.1816785657786
44739,532.3947424702257
44740,196.08039262106902
44741,426.0880822669109
44742,1271.8390383704548
44743,178.16893211823785
44744,140.22354168964603
44745,429.7788775335245
44746,113.13588331712992
44747,357.74760683701686
44748,245.2654187897679
44749,364.2868246574448
44750,162.51811569058046
44751,228.0723785862865
44752,161.1639924360814
44753,197.56555298579187
44754,300.4796756351829
44755,243.81519338933762
44756,258.4171302684415
44757,355.4058388513818
44758,505.03793114607095
44759,176.40968992987038
44760,383.0362787390241
44761,260.16966854331844
44762,1144.6244885443707
44763,281.40107166449087
44764,134.525791768058
44765,533.2724305723924
44766,176.78862161433585
44767,1513.2817713708553
44768,166.53765987427968
44769,574.4199375110794
44770,583.5775263495082
44771,212.25167860433254
44772,264.6014323970928
44773,275.373216405446
44774,154.24727315713596
44775,235.16642630675386
44776,240.1341607076663
44777,258.10589129034025
44778,156.0827711113556
44779,280.8848009803691
44780,510.0002015575306
44781,276.0073416301504
44782,411.7592264104856
44783,215.85432205695344
44784,316.6827380062729
44785,153.81108517669227
44786,262.320271907657
44787,443.9248586704796
44788,132.39992851257998
44789,926.8700885049096
44790,268.23080695417747
44791,418.38093716470536
44792,252.1944742089438
44793,260.1319206350639
44794,393.9682985366495
44795,434.1784729003415
44796,974.8580250344047
44797,245.56308545722328
44798,1389.665974022909
44799,200.12250898384576
44800,295.3628164402808
44801,145.6498031457687
44802,1175.8863597300501
44803,335.2840913387603
44804,771.98503758231
44805,320.1236962258324
44806,193.55819553839237
44807,148.0223608633141
44808,266.3238148927177
44809,448.80678895832057
44810,381.4813469884003
44811,169.19621959351713
44812,459.0519510768147
44813,2026.7705526165503
44814,286.8820611895318
44815,322.08576936270174
44816,623.6207162327969
44817,378.46974324960865
44818,208.41645863068638
44819,228.8768321539693
44820,1179.2638906031532
44821,330.0070618838078
44822,371.7701576690469
44823,181.3245419171203
44824,254.2570897998877
44825,227.7968000211634
44826,511.64500922909434
44827,161.15777329867083
44828,420.7824197933666
44829,136.8355806493328
44830,183.81650563650115
44831,128.4198818387425
44832,268.32132612391354
44833,171.0076452360073
44834,164.55124132023212
44835,197.03127512481007
44836,155.49284045548228
44837,218.70956215873494
44838,335.89123079340874
44839,171.43202965669997
44840,209.084126920601
44841,215.79444970474782
44842,210.65956313786086
44843,329.15098322309245
44844,135.8753820701181
44845,190.46823892165213
44846,164.46020039461553
44847,418.22211564818497
44848,157.45932942917432
44849,213.8697083643938
44850,148.45759580334118
44851,109.13627698233753
44852,164.0450052644769
44853,369.1200798474656
44854,150.55394882214446
44855,308.1626610147762
44856,542.3353756635976
44857,965.4934576605069
44858,481.9285729553116
44859,317.5219407212131
44860,200.71137350919267
44861,372.1339079512159
44862,206.50003468044326
44863,154.7907024727136
44864,857.166595174629
44865,143.59551686136317
44866,190.85376999253242
44867,294.6915648226059
44868,336.3080748664987
44869,112.68535423724595
44870,305.506701981781
44871,269.8391403321056
44872,215.47784309890585
44873,129.8128688080591
44874,346.4306506362525
44875,182.9657756079248
44876,334.20750694955814
44877,266.56217565167225
44878,293.229144872264
44879,165.45180916352354
44880,119.80092542893574
44881,138.2465031069407
44882,240.68430773528507
44883,506.403015477476
44884,296.5494108033369
44885,300.4279159237629
44886,380.90398436571934
44887,244.69163751194532
44888,210.03402043005696
44889,226.4928414284409
44890,188.21803118127332
44891,897.8887945851436
44892,289.52607288459956
44893,210.1003839410324
44894,240.11577512312215
44895,169.60884991008493
44896,244.82730075252869
44897,132.3879024845447
44898,220.0216556961531
44899,250.53980333658868
44900,187.99772596312124
44901,171.6008122923985
44902,144.57431739428836
44903,176.0375176261272
44904,1484.7011269859393
44905,302.0499587197429
44906,245.24640546409026
44907,243.00960373996432
44908,129.12895674976158
44909,328.7071374315213
44910,398.94868821622015
44911,191.81562725315953
44912,296.27847670993026
44913,242.73011593643622
44914,418.4486694996206
44915,349.9534080632157
44916,429.1935459359831
44917,261.0539615443773
44918,316.8085308960306
44919,630.1738620280584
44920,128.63955020154452
44921,479.6057879542055
44922,172.71444410231177
44923,246.93911143385992
44924,321.4655261297122
44925,444.2145974037505
44926,243.51790379526864
44927,189.04027770840432
44928,318.0524977017977
44929,125.5836849889667
44930,838.3230085587012
44931,258.30248385968997
44932,159.0972503999251
44933,169.20594684605877
44934,245.75442426584672
44935,222.5836821980505
44936,310.7925856123289
44937,519.3949871684067
44938,164.4075843172784
44939,218.50007765760347
44940,258.88281005043626
44941,245.59192349601642
44942,175.51542623179168
44943,471.4826646369054
44944,258.05503922309043
44945,143.05670114742153
44946,446.7739448219538
44947,279.0098605343577
44948,312.37629739191135
44949,191.7877154591879
44950,244.9863506396722
44951,150.75682245461232
44952,210.2757147949418
44953,160.76006608591612
44954,230.54527112841237
44955,244.0762314158898
44956,229.4626658407338
44957,247.01439278798625
44958,655.9463671527387
44959,192.68952702019314
44960,150.17620496168269
44961,322.54982439450447
44962,261.20446492777637
44963,252.531272886404
44964,129.02241851187858
44965,185.36086983085428
44966,211.4971508004252
44967,234.04772146281513
44968,238.39007917830506
44969,141.57541105949036
44970,239.4810080179274
44971,208.33056113930743
44972,248.05574067666498
44973,244.82194384183205
44974,216.4459496699649
44975,153.3341892637578
44976,160.44777694448223
44977,399.18296839123445
44978,254.41765182651974
44979,232.1188059308491
44980,308.64344981301525
44981,2399.0742685954724
44982,228.94332218860043
44983,185.41381397546397
44984,165.80650941706475
44985,776.7004071179393
44986,134.58440070247102
44987,148.16700512006128
44988,172.7073863837468
44989,297.180909978828
44990,158.2041017121627
44991,171.6928765151975
44992,188.56049477545852
44993,279.408383474457
44994,784.1313356471361
44995,922.3351318409423
44996,237.21001079546244
44997,252.1602242170258
44998,372.9925923385468
44999,167.98818580907246
45000,159.28141064944595
45001,295.7101585452988
45002,510.8595742584665
45003,192.3265187213709
45004,299.5364993180441
45005,191.4652349735509
45006,129.45867051536828
45007,409.3155594711419
45008,166.1453150609317
45009,424.9358345005635
45010,416.72349882606375
45011,173.2436867493937
45012,144.63743139141377
45013,249.95947439531324
45014,131.39760555399155
45015,203.6397753963415
45016,1649.1811942990864
45017,352.8050253269598
45018,803.351849200966
45019,239.88151235060346
45020,314.78924489540407
45021,181.57058385930438
45022,198.21704263430613
45023,304.26404586764005
45024,136.70445353303617
45025,1493.1776732197734
45026,463.66574361828634
45027,195.1470737372656
45028,182.46578180053848
45029,176.1986131333804
45030,204.15932531243897
45031,291.1464523820792
45032,285.882057424191
45033,157.85297475109235
45034,237.38295602283318
45035,185.3992732171961
45036,207.27442721444882
45037,173.14861645020102
45038,412.629045413507
45039,252.31077724290552
45040,207.08400567148095
45041,195.49526681976639
45042,216.6970884767048
45043,246.67714483755273
45044,143.9621067897771
45045,368.64291064393154
45046,179.35504064592826
45047,148.43904707824962
45048,237.8349996938945
45049,168.93037837067456
45050,917.0815917769002
45051,329.0153837433589
45052,881.0105621582696
45053,142.0801139643139
45054,102.00828734711268
45055,275.01589489569335
45056,290.7048267293415
45057,189.20658939511117
45058,196.2001230866447
45059,176.57140091261766
45060,622.5391812893859
45061,554.2029056297702
45062,495.68222664086784
45063,158.94583871149703
45064,183.7711448815198
45065,206.89030636149138
45066,272.4832544528637
45067,279.8643828257429
45068,158.68036980094297
45069,344.6001686986526
45070,210.91760635998483
45071,186.28064440450362
45072,250.8842645795534
45073,291.86243390311677
45074,248.71744786274664
45075,434.97612525692307
45076,187.0180848852844
45077,234.62522298375364
45078,232.3749598934557
45079,1373.4135983457343
45080,245.71511912305297
45081,248.2152119829821
45082,279.8634100612994
45083,210.04251103954527
45084,244.28934944263654
45085,184.225306352137
45086,158.6635277407953
45087,150.41846763527073
45088,221.12861728033405
45089,329.3416566363315
45090,520.158860661769
45091,321.0725470248034
45092,241.47529098535622
45093,412.22171924941915
45094,257.51491531898625
45095,278.3016327778662
45096,197.84281385716343
45097,366.3708655354876
45098,227.09918010934933
45099,317.6040768604891
45100,421.31129661188487
45101,352.6946207038792
45102,263.3919164117128
45103,259.736070458706
45104,201.50615246749734
45105,196.12048794931027
45106,366.2854512177158
45107,816.5299669548881
45108,180.3000045166156
45109,213.50869290841752
45110,240.18945633529614
45111,123.30874207198471
45112,373.98003828641095
45113,254.2177944396682
45114,383.1015440996479
45115,173.79421490605066
45116,204.99063295965436
45117,751.0094704939635
45118,138.20765477028397
45119,234.22977700517947
45120,227.91290883753024
45121,312.22752356308854
45122,236.50135392049037
45123,191.8148287762964
45124,139.90878196863522
45125,125.53186714421285
45126,660.4905433736091
45127,415.5597308111221
45128,180.3646644054286
45129,167.39318250786036
45130,229.6596486668151
45131,289.8233338153497
45132,400.2619051479291
45133,139.8098059142918
45134,215.85991828685331
45135,179.87869888608333
45136,175.9492726182137
45137,573.0715758332525
45138,179.44748034863161
45139,315.7253937666033
45140,243.24630565228625
45141,1873.395290412541
45142,247.31272797769523
45143,226.14086765124898
45144,415.85296861837037
45145,176.01095592137568
45146,268.83068560871067
45147,119.9742693348251
45148,324.65168830295704
45149,202.89318449574154
45150,151.3857922070962
45151,237.45465726395759
45152,364.08026752520277
45153,222.97044743180442
45154,559.1752182504073
45155,512.1619876709822
45156,390.186165872117
45157,250.74445780662833
45158,781.3690588210194
45159,171.89390007231535
45160,176.87730805806672
45161,133.31468756459617
45162,404.7024409224958
45163,295.6858051135531
45164,294.8956769581376
45165,231.4741067809226
45166,174.86782312888707
45167,832.315274546206
45168,228.11351993622185
45169,755.3682441590456
45170,542.8747353997235
45171,124.3185804803854
45172,169.90430608454795
45173,1061.3947179601535
45174,218.156749043483
45175,191.25378549706832
45176,253.29942763468574
45177,303.0791797586589
45178,422.21362765380206
45179,237.3836067751241
45180,165.47510456445386
45181,819.6140629155794
45182,216.0713671014524
45183,475.6322103194705
45184,193.5226116426048
45185,141.49720669895365
45186,244.06331760754762
45187,364.38116853713973
45188,214.84667407270092
45189,358.92503275750545
45190,281.91346126503487
45191,157.502535747401
45192,196.99055332914338
45193,409.4941230424932
45194,230.63479706248364
45195,331.6325618837529
45196,209.8660265446559
45197,167.91684372039563
45198,276.76784905813633
45199,331.0497587686327
45200,222.98776944060162
45201,369.31423940545767
45202,165.15633645613084
45203,516.1726352188925
45204,481.24545890659175
45205,236.36993251483617
45206,294.89970228679437
45207,210.5869439336998
45208,251.63596640882935
45209,158.52684170463755
45210,162.56004700689468
45211,252.72986774445775
45212,180.1785465837057
45213,406.8580176760814
45214,304.239702954662
45215,178.35988201662764
45216,136.4249991347041
45217,116.85785058727757
45218,632.9078826044591
45219,296.78654285633
45220,426.4972418123547
45221,178.04592831172667
45222,276.84581121674205
45223,137.60547248638696
45224,154.42530908514215
45225,171.93574341499837
45226,154.82319756027243
45227,294.1013057613615
45228,185.79361178080785
45229,271.97356657868386
45230,579.6290833789594
45231,260.2292095977202
45232,459.07074125433587
45233,155.55373893287305
45234,116.4910233678747
45235,173.27162611334901
45236,305.19397889505
45237,118.69314030430687
45238,359.7858621786654
45239,171.52179897982094
45240,647.4903211586543
45241,159.30147144377813
45242,263.9620396683433
45243,151.96996359663478
45244,224.25863991426198
45245,204.41510828151948
45246,218.7015971770408
45247,209.36649614957958
45248,132.8055324777199
45249,231.31714053287092
45250,149.04648753476496
45251,194.0331724585103
45252,219.0482011307588
45253,257.969453253367
45254,146.21087048241677
45255,148.819046456601
45256,145.18156715746605
45257,231.71939513971466
45258,185.13666104555668
45259,221.27981459171417
45260,259.74664565442504
45261,184.66079155175305
45262,169.17501782407436
45263,98.21605401411244
45264,330.02324389393465
45265,166.5541196601749
45266,123.97785808958045
45267,208.07848661535897
45268,396.40103508992865
45269,1296.6730936226477
45270,387.25783492678954
45271,226.29340788805257
45272,256.3194145099197
45273,376.8174350343664
45274,596.4257042210766
45275,170.94089472842094
45276,468.90284920627107
45277,347.2987713954186
45278,648.7247524010455
45279,279.12524848794465
45280,176.68341404869588
45281,155.12671058538564
45282,258.21253562822676
45283,377.3008016170044
45284,481.4732899328436
45285,299.55203003108136
45286,142.83898401797066
45287,126.26647077316979
45288,304.8702225755863
45289,372.8100207602573
45290,257.32756087956506
45291,230.95783811077703
45292,215.30069665833744
45293,387.9247579716633
45294,690.7163337688795
45295,165.22412370485074
45296,169.00972776490488
45297,257.85527781778467
45298,274.3295299055316
45299,164.13066717291872
45300,281.64663886780534
45301,206.61677765667704
45302,266.37461922332403
45303,143.62652913110918
45304,333.76675987413387
45305,289.91829129113063
45306,1082.2158901879943
45307,210.41724564780674
45308,923.986697791969
45309,151.5512588932451
45310,323.1205810322385
45311,220.3618176750107
45312,344.06717964192427
45313,275.49545344173305
45314,218.3586504030256
45315,154.09319751209563
45316,770.505678425598
45317,338.05057865438556
45318,843.1482548545099
45319,193.38422837916147
45320,232.65642162034396
45321,417.9866566328191
45322,255.16910713351461
45323,129.38524905094908
45324,667.4567518988779
45325,1506.0763343244073
45326,174.56021073215868
45327,301.46213979892286
45328,259.7278685842726
45329,532.4881426555245
45330,115.33821375932911
45331,371.8899658111684
45332,292.66902524025926
45333,196.81302469902573
45334,409.24657913700173
45335,213.04121039029968
45336,245.32384766349097
45337,244.46053848137387
45338,160.15790832308096
45339,176.99820041214568
45340,278.1890924966698
45341,177.25523504350033
45342,199.67356096434398
45343,288.50501325871153
45344,323.23808471319074
45345,356.73149341721387
45346,335.45364235329976
45347,200.9679184634146
45348,199.44654612741576
45349,144.97713321203085
45350,270.792387058078
45351,187.10290353557707
45352,135.03520188584793
45353,231.65828416812064
45354,384.96085262099393
45355,283.9346379491092
45356,227.6513838677798
45357,153.58104591313344
45358,149.56355908707158
45359,140.53649738340138
45360,191.4950070526976
45361,249.50402565206213
45362,247.81261104625509
45363,600.2158175632412
45364,367.64887287690004
45365,277.2340077880407
45366,276.80587002825376
45367,238.55103180113878
45368,335.7813266474042
45369,170.5776701266129
45370,260.6607359770177
45371,175.05364041012464
45372,189.68306677044657
45373,498.48409642543606
45374,328.0296955600866
45375,349.8325505644056
45376,234.76715054922784
45377,340.935631806669
45378,292.9344598646459
45379,265.8752938190697
45380,207.40535254797922
45381,227.95207285872635
45382,121.94542361517712
45383,276.3660812170403
45384,257.30783671075875
45385,251.93098774536116
45386,196.66805196996935
45387,174.88007819772375
45388,246.6505934178597
45389,179.3419662277101
45390,223.44302334637732
45391,1273.0875073066043
45392,218.3868449349269
45393,224.65011031137539
45394,1123.2556003961208
45395,241.3909915448101
45396,351.0773329018483
45397,127.90573618668921
45398,951.9353518473098
45399,717.4053787379672
45400,339.1944914444569
45401,188.57116824758344
45402,906.86151388676
45403,356.96944794203074
45404,357.67959223773266
45405,169.0699025441267
45406,343.03910401154457
45407,176.90164539815018
45408,171.92814628646585
45409,218.85557688521118
45410,241.58902530727772
45411,310.1471536476776
45412,277.8747375846499
45413,420.3803679299649
45414,209.17748505711052
45415,135.7455826870497
45416,159.18774560179983
45417,155.28424633167984
45418,96.2349763237799
45419,228.1396628024003
45420,274.4331046575279
45421,1101.6353456662034
45422,475.74426341277393
45423,526.5879358592484
45424,220.1079727245641
45425,166.2009109578707
45426,381.1587825136508
45427,267.2947451775246
45428,141.78336660562633
45429,545.7608621226746
45430,309.6255557721422
45431,199.97297207741258
45432,265.44758586864094
45433,531.7527523275835
45434,183.6155625735272
45435,848.9204540343738
45436,228.12341316817472
45437,211.59041324724927
45438,230.76199840480567
45439,319.0504789851606
45440,195.8165183784777
45441,514.5780271659372
45442,159.95728741099705
45443,821.3841007008363
45444,218.45578884854672
45445,218.7385819775157
45446,241.1053465062738
45447,216.395300177447
45448,144.2385436125466
45449,327.2661978734849
45450,207.91665976594112
45451,250.13591447790026
45452,255.109007940442
45453,226.60615866781282
45454,327.0288332375974
45455,143.77699788730115
45456,1579.8024720142853
45457,324.8487767780999
45458,135.8449959115659
45459,176.55301917198477
45460,361.08232124808274
45461,169.32160078327246
45462,147.95003898223544
45463,221.35720066325774
45464,430.195185291852
45465,122.70847386573041
45466,216.32295526259622
45467,449.71611303193527
45468,842.0693918278745
45469,191.74514838490475
45470,358.9845780031592
45471,184.3783239160299
45472,231.88467990249273
45473,597.165751208612
45474,1026.672201102334
45475,168.87322411580635
45476,208.5482564488018
45477,129.71251487581296
45478,284.6135870451152
45479,317.6166497921709
45480,192.76409379181806
45481,224.06740560222653
45482,519.6226208205494
45483,200.09612968990933
45484,186.43329943659785
45485,290.5730601548385
45486,162.00723714232714
45487,447.4950937381883
45488,139.42986328218623
45489,345.566179424745
45490,546.3097532313584
45491,222.32142614479366
45492,311.5824966179595
45493,407.8612650094532
45494,245.24266924510064
45495,142.53103248453058
45496,615.8531932241707
45497,262.52567068628935
45498,225.19561113753787
45499,253.0562414052185
45500,194.44461855080164
45501,256.89025051259244
45502,311.96920179204506
45503,223.97616040579797
45504,178.9081863558366
45505,176.61693668539016
45506,759.6380006934145
45507,108.07407115520256
45508,662.2188425352491
45509,146.9025639275413
45510,225.79806237533737
45511,335.10539463601316
45512,225.57246755576853
45513,199.77706344692407
45514,395.0039833437372
45515,338.6373770209058
45516,156.41263125483445
45517,824.1624591935206
45518,323.01937396186025
45519,156.34622669654132
45520,209.41818433954182
45521,237.45714969168392
45522,845.8733470846531
45523,138.0397976914032
45524,214.8750827939576
45525,502.3035327944594
45526,237.98230989304835
45527,158.40651350913348
45528,464.90019050940305
45529,443.59963384191155
45530,167.2496718697258
45531,920.4999281049561
45532,392.09618762253194
45533,231.88289087410408
45534,143.52958020521658
45535,137.10826184879912
45536,328.2075549364566
45537,242.44006784799438
45538,144.0749938455157
45539,247.32538820168708
45540,221.6757167538084
45541,243.26476576265884
45542,226.06158038663543
45543,353.1258518246025
45544,202.8207268300849
45545,376.22198990647667
45546,255.4927808426477
45547,357.29645752175963
45548,202.6339454065485
45549,180.9056099348905
45550,3204.7191707985103
45551,176.83602134523218
45552,425.9910007546367
45553,147.9228653654111
45554,211.86254416134943
45555,391.5848646138716
45556,242.31584937860515
45557,130.09425901923123
45558,302.7068128961593
45559,911.911567140568
45560,188.62290964433944
45561,557.0775854797891
45562,110.51849015928431
45563,296.3843031379243
45564,254.42618936838497
45565,301.89130102513656
45566,162.22024994250813
45567,216.46439005883425
45568,236.2627868317992
45569,146.67194130960772
45570,294.99820413395105
45571,348.05802335923676
45572,342.6107221767255
45573,1403.096902317977
45574,530.2528002741344
45575,306.60615795011364
45576,324.08242769751286
45577,378.49479413341174
45578,616.0579190304173
45579,120.72512037070736
45580,180.2634952761222
45581,300.9690522245142
45582,206.35418499215922
45583,233.4013040917652
45584,411.0522360021454
45585,305.76811910325284
45586,249.76399342154153
45587,333.8812003477683
45588,170.10771591934127
45589,425.74579706941995
45590,436.4921253987442
45591,315.39985809041065
45592,274.9796571376741
45593,326.8877629226593
45594,230.7219149791702
45595,237.89861824125833
45596,289.8953104460677
45597,107.12245088028624
45598,536.8048604604141
45599,330.24771691809957
45600,187.6434537091539
45601,217.18979436725587
45602,326.2012718817686
45603,316.52329908553776
45604,136.44272152853586
45605,334.4144008845588
45606,139.95200015454978
45607,163.60967564074875
45608,700.6614228885292
45609,122.06903538860739
45610,298.8088089266848
45611,1297.965075950923
45612,315.5503719290937
45613,171.99098320951714
45614,221.71573011020686
45615,275.0866288011138
45616,1444.1009971126953
45617,200.49870050658285
45618,183.03399386534014
45619,149.1594662085741
45620,372.33631159277775
45621,148.6803349566776
45622,102.6655731477411
45623,246.2346744159305
45624,631.3788101965999
45625,144.71741370358353
45626,249.84334098578645
45627,225.3265970679629
45628,229.29480444009533
45629,161.50304833083285
45630,1164.8026422590556
45631,510.6460794581081
45632,463.9994232229264
45633,186.2365780301083
45634,225.14424262532492
45635,267.17230839377424
45636,346.70340277033273
45637,1670.901952537875
45638,178.5810559634287
45639,1188.7555221824935
45640,167.33739049027562
45641,264.56475074407604
45642,224.77204776250747
45643,272.73849392706666
45644,410.44941799365847
45645,507.637005620137
45646,139.79587102319408
45647,257.6616355025918
45648,247.23952309405198
45649,307.3173913293418
45650,188.62763370123906
45651,397.83985960974417
45652,526.8808907225147
45653,125.26881088579846
45654,299.4943612719459
45655,261.1953322034567
45656,188.47930114492274
45657,256.83803880565466
45658,262.01009362176757
45659,153.62353181531202
45660,528.8844826485424
45661,637.4424307686069
45662,344.66252884633985
45663,182.42393122361185
45664,546.9531836190484
45665,206.14061563808164
45666,216.85005975658186
45667,170.93659422586614
45668,214.75102655650824
45669,139.32069056269566
45670,210.33628965944513
45671,154.35538977560844
45672,205.95964830287497
45673,187.65900062999629
45674,200.48643339250995
45675,287.0124581833203
45676,210.59940031288124
45677,1022.301564595355
45678,270.62307498169065
45679,312.4393965058991
45680,321.1839068846868
45681,447.38788927562206
45682,308.74863269298754
45683,234.62200170627594
45684,253.89755617160847
45685,225.9291112468198
45686,255.6187223424899
45687,361.4049017276051
45688,295.9713742295742
45689,332.34870149769534
45690,138.4160097681196
45691,257.8571309153652
45692,204.8258128639741
45693,368.64937127461945
45694,191.70874649511916
45695,278.4894457978671
45696,163.86220487299428
45697,685.3672497902921
45698,177.3751863170112
45699,230.34871577938858
45700,614.7317989917005
45701,522.3266839936776
45702,504.78810208946476
45703,596.4263852203485
45704,145.15508031641923
45705,163.2557679550821
45706,289.22816962258526
45707,257.2177578169436
45708,330.49412203275983
45709,182.48085139347327
45710,260.4505655519822
45711,155.1339884701871
45712,798.3268709952677
45713,340.1679203244524
45714,207.099488523936
45715,537.9676472126843
45716,290.28472281404777
45717,244.74928284782152
45718,495.2414378580447
45719,1771.493497775018
45720,236.02264876014684
45721,242.20917133577413
45722,1772.5930764010432
45723,255.90418342826138
45724,186.89558675563734
45725,209.15539234591648
45726,1630.5750485317787
45727,534.2605803010454
45728,417.5716691746517
45729,313.76324009553025
45730,195.2354665489928
45731,157.14899755984064
45732,153.66646091487198
45733,155.28313971072046
45734,216.92855087708105
45735,240.29397863667168
45736,513.9949185488382
45737,278.4857345736141
45738,452.0494352536313
45739,292.7112501754222
45740,160.53708746495883
45741,249.38943733115417
45742,146.7767445994605
45743,209.67726611162115
45744,251.87648621347984
45745,626.458443721282
45746,193.85970558206415
45747,683.0158997419574
45748,201.44512541765897
45749,819.5471440473559
45750,218.09272084056875
45751,479.6427396796751
45752,263.1656906603414
45753,319.35274564741513
45754,181.3515671812248
45755,164.37493183275677
45756,228.70308422683402
45757,234.3274406828331
45758,137.0311647296698
45759,195.70249917642815
45760,349.5884453242857
45761,1746.8445865466915
45762,357.13471569954663
45763,540.110238020911
45764,355.13290284469866
45765,391.2517751720748
45766,130.10669471058029
45767,270.7152053188656
45768,197.30560983766733
45769,710.1532861979628
45770,307.19086415230527
45771,1201.0675892239117
45772,167.37472993700987
45773,405.0456024287083
45774,178.39751608530656
45775,217.05154948279105
45776,176.7360191333486
45777,160.7575887655335
45778,390.6554010819704
45779,368.98360638027265
45780,134.66627100151385
45781,285.62383594245256
45782,359.1742984421702
45783,279.96759117437256
45784,221.67135226395715
45785,297.2283282970948
45786,116.44833733115543
45787,405.1347933862225
45788,218.75470029333732
45789,138.7722286686602
45790,114.71432742464773
45791,319.8347604432983
45792,135.78930121119595
45793,285.43867258649703
45794,211.01755648440158
45795,354.2552514344861
45796,274.88246019232986
45797,377.77841924584516
45798,216.85813234944095
45799,270.8560429680637
45800,166.61794783808563
45801,150.77188162316966
45802,302.1232038919627
45803,170.3728918883593
45804,251.86720856130512
45805,349.7785237949496
45806,201.44287606826418
45807,780.8333246274143
45808,207.45592946694958
45809,342.65045511058315
45810,960.1997458660555
45811,248.3903299710677
45812,331.30950884525174
45813,124.42317329241148
45814,255.01510786451536
45815,144.87408192256203
45816,271.18710825777345
45817,231.11602130229198
45818,214.19628164317635
45819,158.12219134501876
45820,255.92099556362172
45821,227.47058309575942
45822,259.53302611865104
45823,309.6232046742173
45824,142.37576170884142
45825,458.9798948359702
45826,155.00222313156536
45827,493.2744331025228
45828,130.0656800484455
45829,224.31988610864792
45830,167.79431379868473
45831,193.95902383265098
45832,160.44252837679176
45833,237.51804774017836
45834,239.37414774573992
45835,169.3634266477883
45836,134.26103467519212
45837,157.81926232541207
45838,253.22829920175008
45839,192.055036133298
45840,131.71984321737136
45841,190.2096555821075
45842,435.677133166998
45843,238.37493897546406
45844,361.3662759457796
45845,730.315401541452
45846,260.83221277557254
45847,215.57698989989152
45848,250.96329857783954
45849,384.88938454849176
45850,423.31971926031065
45851,278.30589453929394
45852,206.8040044239722
45853,358.3768202481008
45854,248.92001905361357
45855,136.45245901217555
45856,334.2243075411127
45857,143.71942729392345
45858,145.651432936635
45859,226.47849923994704
45860,250.05009608493685
45861,243.10686890562718
45862,150.31117484327862
45863,321.25192110760946
45864,214.92849502786504
45865,192.74731156991402
45866,158.50525843157683
45867,299.7850695348887
45868,305.65101245807216
45869,302.00007662997314
45870,118.9062540436603
45871,1162.6891152068317
45872,781.6552467524534
45873,134.4891680028793
45874,468.45097059064534
45875,151.62679182329612
45876,160.92064301658553
45877,174.47424988392777
45878,206.47653271398934
45879,293.10206782817966
45880,305.18359234351857
45881,276.2124712802712
45882,608.0088168166003
45883,183.77849732734026
45884,509.6890032985354
45885,252.4748465429187
45886,143.58939955304032
45887,195.72408192949268
45888,746.4152342213732
45889,234.34108659738456
45890,154.0922133223244
45891,231.45081430274766
45892,394.2075367676589
45893,184.55797830703483
45894,399.2508251999739
45895,242.67939117744143
45896,332.97782325827035
45897,144.1401722194402
45898,138.5051085167186
45899,255.87714488536616
45900,176.09347519446442
45901,165.79354405619708
45902,151.68133844126254
45903,225.65409344527782
45904,167.58396063565561
45905,151.322414544577
45906,383.0821350171687
45907,336.3905169955585
45908,374.4302444335295
45909,135.71011740333526
45910,129.87316850094987
45911,280.69529631224935
45912,401.35409353791306
45913,246.66038370632322
45914,892.8052667958177
45915,609.3613090660925
45916,192.9046177303218
45917,148.8570146476478
45918,733.4174491776083
45919,252.07383857679702
45920,147.9692879158919
45921,254.95339479728827
45922,167.08647536789255
45923,123.78657531527094
45924,263.1038363093106
45925,251.6768015376239
45926,148.1390312191251
45927,641.3686323921954
45928,215.73979288302272
45929,205.7138243934152
45930,427.6921538708117
45931,448.0893477263494
45932,120.63019311943935
45933,451.55892338997694
45934,295.5929603299688
45935,169.70648708383692
45936,181.72557291925156
45937,221.64246815137884
45938,256.6254148497935
45939,221.95256450673696
45940,178.87427791632652
45941,355.82643115441374
45942,156.6885381001072
45943,371.94798320089757
45944,430.4428347994627
45945,162.3716235788624
45946,341.0914489477706
45947,149.2498208570457
45948,108.59774263019986
45949,424.36923723976184
45950,141.74566820574995
45951,234.711849043436
45952,457.0135121022563
45953,140.2961685265115
45954,442.3714908079758
45955,248.13427795806174
45956,489.21348897024035
45957,219.33244769119005
45958,216.67944910432578
45959,138.29898213910207
45960,680.6292041717929
45961,189.0707192464985
45962,476.93698977344485
45963,239.21725747607098
45964,161.54238882285003
45965,275.55744515407997
45966,409.4908015458674
45967,199.46485656570079
45968,320.7022736734198
45969,286.4675264622973
45970,130.42356969966625
45971,461.38944772117304
45972,188.58113067976603
45973,378.3080338934294
45974,137.46848083635086
45975,175.90349337445707
45976,401.9496926722901
45977,489.444878876609
45978,352.35074211649214
45979,143.3360772466299
45980,140.62583511745734
45981,350.3110326377424
45982,320.48803109774155
45983,263.77420286197076
45984,245.8711148932968
45985,195.42584625678225
45986,180.99654418956987
45987,541.1420469111571
45988,236.40140175366327
45989,220.8251381112235
45990,1645.8003093919674
45991,141.40279656219596
45992,349.23306640886
45993,183.96129591468377
45994,456.82186279967016
45995,267.9687570565431
45996,268.3019767576235
45997,133.97149010726187
45998,478.22555158115495
45999,395.2350610435499
46000,285.1040679907255
46001,252.1280218075562
46002,175.114598868261
46003,183.3562642332395
46004,327.2162109741922
46005,503.9787088689684
46006,225.4901888939298
46007,139.10338825921488
46008,616.1228769051598
46009,218.25972738297511
46010,139.44436172464106
46011,312.13546667888096
46012,516.5078019638903
46013,633.5557916848128
46014,174.44327953516313
46015,149.1987973812155
46016,165.2975120142223
46017,364.163735346523
46018,242.03249445245686
46019,487.940488541983
46020,275.5140580292629
46021,171.8373941521681
46022,210.14959305980187
46023,339.63646479187895
46024,869.4102174841163
46025,235.37765916330224
46026,267.12195523503004
46027,269.88289607293433
46028,318.41854484216
46029,162.53660437055203
46030,148.23001801836935
46031,436.2834126378336
46032,200.69153242367634
46033,544.170960941523
46034,191.88269376737296
46035,240.79600596814882
46036,287.926012100363
46037,172.66142183639533
46038,143.90265777385866
46039,336.3048272926634
46040,182.30867726879853
46041,237.58756836107537
46042,74.68134739642592
46043,332.03578712353556
46044,228.76616212477
46045,200.78733782107656
46046,188.66805986305886
46047,245.4305749962447
46048,195.290462946314
46049,244.7265858395082
46050,436.5596136618558
46051,177.1733164242422
46052,709.831218098538
46053,939.0817135974149
46054,189.69259172718978
46055,155.63767431068
46056,160.15797928589612
46057,180.49863424638738
46058,190.5130667311452
46059,279.41039478866634
46060,159.65418624019526
46061,498.6539216760312
46062,502.6828700224746
46063,428.87314725190566
46064,882.1704737763948
46065,380.9713218866293
46066,189.92645005131175
46067,190.62105902766967
46068,244.68792746289117
46069,485.3583894111706
46070,210.6698964433383
46071,234.6526956423271
46072,234.81155317450995
46073,129.73742123224582
46074,277.2504114319453
46075,180.84847539903643
46076,262.3167837843888
46077,790.920982564416
46078,162.12522628322344
46079,158.5529769609483
46080,346.86293769520455
46081,219.15322204783686
46082,262.7941198700273
46083,145.71268492377814
46084,206.83840109490092
46085,611.3703656787461
46086,248.94931827790234
46087,146.1479941066681
46088,327.92526351163684
46089,282.40437797755806
46090,319.36462970115014
46091,183.62360656605782
46092,235.60754627912397
46093,375.9068341266006
46094,171.75081238195193
46095,263.5132433574085
46096,290.40245051162793
46097,284.54384648018157
46098,157.66922118266035
46099,271.15983349593006
46100,703.756671587287
46101,383.42273975413167
46102,231.38058573544666
46103,195.9684197218846
46104,159.31101001338584
46105,320.45762032740873
46106,331.9765097644339
46107,327.0824309821376
46108,440.39867426955556
46109,1235.514677967017
46110,259.4260468321854
46111,242.0242271068588
46112,1541.3119273705001
46113,168.61062809296837
46114,284.97859263055517
46115,195.03177847893426
46116,432.5704062080672
46117,154.60427297995153
46118,150.00129483001012
46119,562.4477600262321
46120,252.2070189926548
46121,133.95811504985625
46122,218.59657615465173
46123,468.7515125411283
46124,460.8774144935424
46125,145.69765251436434
46126,317.83586742860825
46127,130.3477747210931
46128,706.3428365195282
46129,396.9155885187786
46130,444.5394441053658
46131,288.69814294451066
46132,177.74659269997863
46133,134.17112181397337
46134,135.370578540288
46135,202.27152134911748
46136,226.54733370253538
46137,302.3899767675113
46138,385.24609400058284
46139,157.5449674503096
46140,190.7642816946549
46141,220.07610836841613
46142,787.7915154195521
46143,254.67262950330522
46144,457.0396072393146
46145,303.7543830037635
46146,273.451318238848
46147,475.4708085161554
46148,217.2714934298223
46149,265.81698150661583
46150,196.17406500446336
46151,200.38173229244552
46152,225.5940124041339
46153,295.16753822887307
46154,382.9871337005925
46155,140.97425671719245
46156,359.75956733817964
46157,146.44712323038286
46158,267.7021647171698
46159,207.06684397404013
46160,205.01885489167307
46161,461.76526150947245
46162,256.01038691669777
46163,319.4405064553932
46164,235.71109489706436
46165,242.0342270967178
46166,242.5098577671839
46167,297.24151119607956
46168,647.5774839025319
46169,185.6248690786116
46170,176.68942411002658
46171,291.0360681825134
46172,728.3047216915996
46173,417.12570041033666
46174,120.23427045858008
46175,203.274631069938
46176,183.3324920800413
46177,510.08249238528464
46178,352.89777553442826
46179,308.1666577072971
46180,403.4619750200401
46181,669.3121175692321
46182,141.65972284525654
46183,227.46107017081223
46184,154.14429071545078
46185,334.6779793926855
46186,468.51142651931656
46187,319.67007531252705
46188,2831.509808525575
46189,433.84978607536607
46190,192.07939678112086
46191,299.85895260506766
46192,140.03175065555203
46193,131.36148300264318
46194,149.71250599991052
46195,136.44516380395987
46196,238.92173929731777
46197,163.55408300184868
46198,309.000593470912
46199,254.06960512965583
46200,184.76258243577107
46201,325.679327706566
46202,234.12056015152896
46203,211.22003296059336
46204,108.48177557590716
46205,738.1081165564742
46206,296.0137852602897
46207,228.55951366699722
46208,231.9861239663862
46209,494.32969815452986
46210,249.54665245106114
46211,301.095339776519
46212,155.09251991134443
46213,194.75017661507988
46214,899.8404162608036
46215,211.41067318524355
46216,177.29369597213127
46217,185.39131905312246
46218,158.49292334216508
46219,227.13118058453173
46220,232.40808151425398
46221,302.1738354975637
46222,993.797624129024
46223,122.98578157829311
46224,492.1864445544538
46225,230.68066934052396
46226,177.51852504953118
46227,144.7101909052122
46228,1173.6095734572323
46229,212.34734229654796
46230,431.9588254474654
46231,241.57271005960976
46232,441.16570293277766
46233,204.72910601987007
46234,131.8161053976761
46235,143.41245717940424
46236,274.61913267785104
46237,290.61969508707205
46238,256.9658191819375
46239,91.74755884286334
46240,281.90727774912233
46241,496.1890845171515
46242,216.77231758361526
46243,190.8124160505349
46244,215.87771431978078
46245,192.50036991737554
46246,471.13835477838256
46247,421.236879822256
46248,259.5193993853648
46249,214.37626126908106
46250,90.45482118896179
46251,257.52331673649104
46252,589.856547613456
46253,109.20263866261934
46254,831.7626619744781
46255,455.3895654333733
46256,162.71932918759435
46257,341.2753716512776
46258,144.6795225845968
46259,172.38638742792344
46260,190.11370969786432
46261,1798.1518347947756
46262,223.74993887272908
46263,275.00170749257813
46264,133.55172020862355
46265,403.6806452330605
46266,262.52830630438075
46267,202.5506485397429
46268,516.2510657385062
46269,251.96352288256264
46270,261.35036358940505
46271,147.1126192183685
46272,200.134817799741
46273,250.81965704552033
46274,175.09679143818286
46275,177.792264127332
46276,156.27929891446473
46277,342.6978844429751
46278,170.42551375673497
46279,153.42215675155566
46280,94.3693208387845
46281,316.27234968412904
46282,186.67696025048227
46283,462.91087249978693
46284,194.5167663367521
46285,271.89949270769705
46286,216.71373751318922
46287,207.22819840358284
46288,1204.3012196412794
46289,263.8456577696633
46290,136.27593444996143
46291,147.60910300787586
46292,3103.7973140928575
46293,245.96099723509204
46294,185.57589285518293
46295,346.7642873186905
46296,216.28032143694819
46297,401.80645141918114
46298,419.9146056002686
46299,508.07630277895134
46300,188.15271769089046
46301,147.03892175855867
46302,182.9657461661722
46303,637.5184340613898
46304,172.44116987053607
46305,179.97549430541972
46306,333.88051950683763
46307,608.8487759385406
46308,195.3537134992458
46309,399.44695871597696
46310,177.94018552551063
46311,462.057260708235
46312,333.107637886024
46313,387.1384431113174
46314,490.4041111396615
46315,150.81785104596358
46316,156.81782056056508
46317,261.21683235436
46318,321.2141934197846
46319,251.38503436897403
46320,212.25134599087397
46321,266.6932075273822
46322,244.7015336481003
46323,205.44864398658237
46324,133.76043100077638
46325,317.1270608343415
46326,233.69993309906974
46327,116.63611010381392
46328,317.91466059435777
46329,266.03507789795236
46330,171.06251403868447
46331,148.30211972845368
46332,287.0828216905923
46333,166.91157833531784
46334,214.51302311262643
46335,265.064128600203
46336,339.86387591039846
46337,354.5718680209787
46338,1088.9044215755566
46339,210.90191728505343
46340,271.3311791642261
46341,235.80228035512238
46342,247.41051536934017
46343,733.7825900821465
46344,1234.640110184759
46345,219.58230316225684
46346,215.58496484153525
46347,283.47751047402306
46348,215.4841058804716
46349,247.41249731067296
46350,154.35929587934396
46351,241.47343389453349
46352,243.9828627961929
46353,195.56416385428616
46354,137.8583743500894
46355,294.14659759771945
46356,219.55765621649365
46357,148.49172323305334
46358,361.6892595155676
46359,253.84039648564558
46360,242.26371809716923
46361,242.11746311345183
46362,729.0157990926101
46363,293.5784370817408
46364,185.00373896408504
46365,279.03889824224956
46366,227.56307193085843
46367,301.4527692587879
46368,198.43095926434773
46369,306.9613754266671
46370,333.6937551343828
46371,333.3734606391191
46372,447.9098068615627
46373,227.90991567801237
46374,3039.8438778044847
46375,223.84228354622692
46376,114.53544247676079
46377,235.20085161514496
46378,186.11191623125035
46379,191.49643938387666
46380,201.68776794930395
46381,228.72578133489787
46382,199.21998450226624
46383,151.69538094876376
46384,139.65926260353547
46385,316.6378012012544
46386,196.46414958297584
46387,217.43522127415105
46388,631.3586446992155
46389,287.20079950860685
46390,390.2613945977367
46391,682.4694803426996
46392,236.01876898940793
46393,161.15229811058444
46394,327.13436329728717
46395,249.54652541962622
46396,258.67042628907984
46397,288.26657812843627
46398,460.54002889720425
46399,373.23576100761244
46400,762.2428791280738
46401,572.7151994148198
46402,172.7798165415007
46403,191.43130127025128
46404,207.2854770773852
46405,319.53492161385753
46406,250.29946744360885
46407,432.9215483702011
46408,1629.019688983474
46409,272.1626030214093
46410,248.6565952129684
46411,215.79736632394557
46412,229.6012962505673
46413,181.70199405850164
46414,208.07303715454725
46415,167.90203835079134
46416,382.6173384272136
46417,163.24973297344332
46418,1769.3849250927522
46419,98.49454440798803
46420,178.92123428913675
46421,372.88047271354475
46422,262.93499201602754
46423,226.9967548001238
46424,143.47618438136934
46425,432.78406854218167
46426,408.54107690739244
46427,195.22914607324572
46428,260.19672068818744
46429,106.179204152995
46430,269.5707321120099
46431,199.78855825459786
46432,211.38225673950458
46433,152.98581981595976
46434,231.2941965115768
46435,297.9552495320919
46436,250.54961641679802
46437,399.9167920582639
46438,221.21366448514198
46439,525.1335629055233
46440,138.92478678220178
46441,410.8725632630411
46442,191.81632196256245
46443,174.27678891211912
46444,265.89634588406796
46445,238.4426826301109
46446,285.18680856209045
46447,252.67652847896886
46448,742.3457968536728
46449,169.66417303128082
46450,483.5120328760097
46451,176.6446335811523
46452,153.37030839619314
46453,355.87896139114696
46454,134.57372258978037
46455,144.62062804288556
46456,874.3521222723924
46457,349.9161764259148
46458,220.21595101544634
46459,324.7789438103114
46460,380.2183308604931
46461,166.13948349031395
46462,141.60247856070868
46463,403.2467953857304
46464,144.38505771914325
46465,136.8405014662778
46466,378.34968227175307
46467,337.38656749655576
46468,120.77931120169413
46469,502.47994646992674
46470,804.5889468128931
46471,382.0581649836756
46472,273.0646513778442
46473,219.61506265796257
46474,239.9716257413639
46475,209.28774295654182
46476,591.4467522281284
46477,137.70823064789352
46478,388.47423407604964
46479,640.8793600029074
46480,228.5818275694851
46481,155.94850724915267
46482,218.4018950042142
46483,269.57544928546594
46484,170.0529879697887
46485,145.09481851205933
46486,190.71373551113817
46487,255.15430395517066
46488,253.74290726621408
46489,127.22354265250453
46490,450.8933658542387
46491,234.6409293861931
46492,319.55203923371204
46493,238.69946663768624
46494,437.11762038690154
46495,187.0090014597711
46496,231.5090721878142
46497,221.51196294008648
46498,1086.5075899546405
46499,479.2719123667684
46500,350.9817674948917
46501,215.98997414685428
46502,154.8773419265079
46503,390.2937435717928
46504,150.71754005573712
46505,170.03531560455488
46506,266.09926818650456
46507,151.41364453781887
46508,882.0378864842833
46509,350.79600630791094
46510,150.44732047777723
46511,138.932862379045
46512,166.91845226486484
46513,85.16516745462013
46514,270.02573282817343
46515,188.27187606915433
46516,226.3911006461169
46517,145.242200364931
46518,172.70191840213428
46519,650.8490533836567
46520,144.91554151075852
46521,235.68593449996965
46522,194.94171103061004
46523,154.6190079261778
46524,137.31855656514276
46525,614.4644118139962
46526,110.64951117163336
46527,1588.505983166201
46528,194.7389066992485
46529,190.95170362288337
46530,256.82194908335083
46531,399.54192454032784
46532,217.93648724168136
46533,535.5184579562036
46534,196.77130778918533
46535,283.8008730426706
46536,166.00603397387266
46537,450.62893369811553
46538,326.40582211651554
46539,182.67706975703666
46540,773.0446188340493
46541,484.6785855835072
46542,125.35694345389696
46543,142.83914171904703
46544,199.01569322733917
46545,270.9073541630389
46546,195.427711882038
46547,453.26679892003364
46548,167.5570033113126
46549,273.17620469624273
46550,261.8146916505828
46551,141.20411210393578
46552,311.9802323680895
46553,168.05755021804836
46554,236.7320393266765
46555,400.0659189199238
46556,471.8203060958384
46557,150.65211445381652
46558,592.857753385516
46559,125.36441617911717
46560,279.8442628745633
46561,274.48258671323856
46562,124.20541449126004
46563,230.73955124413519
46564,196.45055370039412
46565,129.17762514924894
46566,141.69326784289453
46567,392.240574622183
46568,151.2823505797676
46569,433.2974750571512
46570,209.69682169116803
46571,150.87340547102718
46572,342.73387137677054
46573,281.95870287418825
46574,223.29124500828684
46575,202.97728958998107
46576,215.58697394712655
46577,187.56929889179355
46578,518.4304817098636
46579,204.34619266090658
46580,265.9684776864065
46581,167.21037343351261
46582,153.05429458959378
46583,469.1974995410793
46584,526.5590362584567
46585,1180.042335567945
46586,207.32187466302815
46587,206.87090709791522
46588,290.2391908846247
46589,396.86995476085144
46590,275.8310923151134
46591,198.6689601121704
46592,383.6619644440751
46593,155.23289881760033
46594,220.07813405924284
46595,156.586760274664
46596,273.9822988501643
46597,256.5393194019892
46598,214.17617765223247
46599,407.9946036616607
46600,390.0092220596506
46601,368.41763308149626
46602,269.87794713258165
46603,185.38920627489807
46604,422.5292433278829
46605,215.22360060260513
46606,234.3891586771519
46607,87.96337241465173
46608,347.84089785644534
46609,237.94732588399552
46610,315.7445256480679
46611,394.3300772586058
46612,153.982969932291
46613,337.57376065547066
46614,149.93668015863443
46615,375.52563039752255
46616,174.16361920321756
46617,304.2752671511433
46618,237.1526510310842
46619,165.73526408197642
46620,244.96784828230855
46621,212.3648857958165
46622,229.54633011287984
46623,133.52051821983508
46624,145.3750950823995
46625,254.32085115716592
46626,310.46586780389447
46627,418.1864198864775
46628,213.67039139718375
46629,240.88330490986294
46630,307.5098845493101
46631,221.94886560472173
46632,216.2349082414685
46633,426.2557424128172
46634,365.95239036513544
46635,310.5874051655347
46636,929.8658468140766
46637,235.7711176559844
46638,124.9926334990583
46639,347.8429489859677
46640,406.2612602699303
46641,284.3728228591719
46642,1028.0878777983678
46643,406.92176904718605
46644,435.8249482141438
46645,752.1222177391527
46646,188.05994772858253
46647,277.9826482276212
46648,252.87132792422943
46649,518.8416626451627
46650,268.3821443532311
46651,212.8573400838783
46652,196.8095419280609
46653,200.7634416507737
46654,330.84499594979866
46655,559.3261778218374
46656,190.03230775519512
46657,165.69372644160504
46658,291.61806112416787
46659,550.6262054266815
46660,395.11934896344445
46661,245.38824997761844
46662,300.3025904002528
46663,220.59301930284974
46664,204.1187047877516
46665,149.50707013458808
46666,143.15219658310627
46667,867.8505931898943
46668,285.95293028661393
46669,335.4689097271796
46670,225.243083417338
46671,1144.7756582999111
46672,110.63841230394274
46673,300.32388799170553
46674,123.15119826686252
46675,391.98561040812865
46676,169.84134751332962
46677,386.8775182796026
46678,137.23121623631323
46679,140.23519703804433
46680,259.4200189793814
46681,242.12164425587275
46682,197.42586045894373
46683,170.45468790723484
46684,200.09358813426402
46685,400.161926832375
46686,153.22287979476087
46687,334.5997606877287
46688,396.74227013075614
46689,160.410333079283
46690,154.3766710939391
46691,236.25962981577263
46692,127.38644197770569
46693,162.0554089871387
46694,290.3795327432867
46695,355.95439390808053
46696,251.95248636160383
46697,142.86190611783286
46698,171.243347273245
46699,749.1752964930166
46700,97.22042652382945
46701,167.51048329313093
46702,298.19349426727985
46703,150.41674277034508
46704,270.02276430216955
46705,151.579339756841
46706,213.53989529530784
46707,490.15474148556825
46708,219.70790778655413
46709,424.1388600135881
46710,185.88304823511064
46711,327.3363968705159
46712,159.91106896449077
46713,215.43798669967288
46714,233.54696124409253
46715,288.1562357324512
46716,271.5787013079573
46717,378.2490260805422
46718,445.119419872215
46719,332.1067370548743
46720,165.5979020248882
46721,451.46720162973827
46722,323.47153486682015
46723,294.51181147477087
46724,125.65542253686706
46725,473.0124596570718
46726,228.05922878474027
46727,216.96082444583695
46728,281.14708039689697
46729,168.68740924709334
46730,193.05902809066643
46731,409.17248742648195
46732,258.26133952009485
46733,161.73143942001596
46734,702.2518030671222
46735,153.8854590096631
46736,229.81458206007963
46737,156.30962812811552
46738,189.5958174800571
46739,194.4374761111727
46740,313.126993725006
46741,201.93938231290483
46742,178.29825961822334
46743,272.8063945571964
46744,236.7049638001293
46745,255.3770036377494
46746,253.87590531080812
46747,213.20880168360193
46748,984.3784402517956
46749,241.68617018786523
46750,151.0002463597238
46751,142.15370241149682
46752,231.79187647725618
46753,240.19133995884997
46754,502.82672571285525
46755,362.8644191047907
46756,210.10741373940724
46757,108.67521998989125
46758,181.0087478302816
46759,604.3828987539841
46760,150.1492977276127
46761,190.88963957334508
46762,986.3651468393892
46763,327.36850325034277
46764,161.010059055172
46765,1799.436769755263
46766,319.7821650746578
46767,131.98198510597564
46768,156.5732403990504
46769,282.7334877278721
46770,521.4630379431073
46771,196.11973374283312
46772,469.86529613743926
46773,329.2309138943996
46774,241.9542123182643
46775,290.77604083683866
46776,168.86046968327707
46777,758.0106552947709
46778,210.86351979905623
46779,213.81583128963132
46780,298.90125826969313
46781,410.81031234927747
46782,509.21067275853676
46783,151.10161149774
46784,169.91504450196902
46785,1062.6605321456445
46786,247.99185594417182
46787,574.5018037685812
46788,137.43061116722106
46789,243.44250400527974
46790,660.2622612752608
46791,1017.6390777719023
46792,91.69359796475527
46793,554.0716134305246
46794,183.84241465797137
46795,138.88436783831085
46796,179.9060962109919
46797,305.5761489592614
46798,199.72502463512512
46799,213.70190013041514
46800,130.47573893837185
46801,228.91216839204256
46802,264.99354094727204
46803,206.9816492403295
46804,170.44064787316313
46805,190.4582560816213
46806,1037.513272930504
46807,206.61451220895046
46808,205.58593703255775
46809,256.1423103278707
46810,316.65056761374075
46811,183.53566271777962
46812,672.3645325074565
46813,269.6767951004401
46814,174.0490475777271
46815,415.81174874775604
46816,195.11735401145395
46817,606.3761286076996
46818,489.3545230566211
46819,282.8478156227014
46820,770.2163562136438
46821,156.44877471453054
46822,151.71967668990422
46823,172.53315785416507
46824,247.46734975330972
46825,269.384188702302
46826,301.26985597654675
46827,191.40880773429205
46828,496.2497121750603
46829,1182.6697603692173
46830,277.44333426652156
46831,197.68473907656812
46832,205.8664213302392
46833,764.7889659029246
46834,274.0032557967158
46835,170.9153512263642
46836,145.18232127595348
46837,224.75015115283242
46838,322.35065622835714
46839,284.724270901124
46840,313.99064239238834
46841,166.5716888521012
46842,414.7831250945806
46843,914.0802314146833
46844,104.38992565986139
46845,228.74519971404808
46846,144.51966010308212
46847,271.8367314816439
46848,313.10197926459074
46849,195.43146503357124
46850,446.556495742912
46851,396.09153101475226
46852,166.30266521066434
46853,302.53373602836473
46854,278.1414519523869
46855,106.68544253919225
46856,700.0882806008117
46857,411.1655602276693
46858,205.3368020215395
46859,140.88339328329778
46860,165.5490827134895
46861,530.9660214834149
46862,263.7839936744078
46863,204.02775585050173
46864,233.69559470889513
46865,191.55217330658596
46866,218.03043855936352
46867,181.0715536516982
46868,168.80960170574525
46869,210.47173691760676
46870,307.41055124405165
46871,338.0477746458869
46872,443.99508453831066
46873,315.34652419156583
46874,208.19583954059425
46875,243.80838724655797
46876,242.48199777006917
46877,272.4054690033359
46878,770.5463689694666
46879,264.85016968997314
46880,581.1123446370017
46881,118.34539941899934
46882,359.4145369803147
46883,279.8569772621004
46884,118.185774351587
46885,298.254045193001
46886,274.13140612866107
46887,156.46231482981747
46888,303.5470570515091
46889,210.65556986155235
46890,302.14237566376306
46891,353.03620936894174
46892,254.13862286534945
46893,701.9496110911844
46894,158.36674039908075
46895,316.3119854528337
46896,882.3087214455887
46897,138.28632113702545
46898,179.40735208548097
46899,213.24268158785813
46900,306.9877383194931
46901,429.60449898267615
46902,244.79496663738178
46903,163.2173077549053
46904,276.6896844059976
46905,244.79821182601347
46906,188.80114039467452
46907,137.3569195199045
46908,192.60509674597702
46909,301.1055347057185
46910,183.3313869095432
46911,248.4898157027546
46912,236.93561471866659
46913,310.71204948635676
46914,296.3041164324737
46915,176.73684822338407
46916,143.7377367090862
46917,279.39464207450794
46918,220.2660140762058
46919,162.5478906847694
46920,229.07167826407692
46921,270.7895313823242
46922,431.87870131249963
46923,272.9759210861598
46924,256.00052226849766
46925,238.13884150731286
46926,358.22402012652026
46927,248.8761715076938
46928,275.5718725948177
46929,125.70319557849037
46930,528.4604822404509
46931,177.1840411409173
46932,192.51240811712
46933,438.8747372160991
46934,149.15045113343788
46935,235.78176743641995
46936,302.17972851568135
46937,140.84113882778877
46938,249.0911839682091
46939,330.5925932532629
46940,152.40128395166232
46941,241.59481837305805
46942,193.40532880465489
46943,287.8877044462098
46944,177.5890524556859
46945,135.23969676731446
46946,273.02632976230615
46947,252.95774292363785
46948,478.29074254811667
46949,291.8658070629176
46950,234.12533136170958
46951,153.1855336287246
46952,233.77149268957115
46953,247.51320227609236
46954,165.92792904668855
46955,257.56024291854624
46956,451.0289721989649
46957,258.2768684931133
46958,193.67196462768575
46959,392.9069027123839
46960,229.7424462398419
46961,185.03223773222243
46962,189.35855702838595
46963,280.18016584707726
46964,406.9648374693959
46965,198.54539538277012
46966,348.9497336810055
46967,386.5430320959822
46968,423.4281094564052
46969,208.1849539836255
46970,169.42657029284047
46971,220.78613264482712
46972,257.3242058186211
46973,278.48024382682735
46974,155.22528312856647
46975,252.28407715107954
46976,228.537724489649
46977,164.5361822235425
46978,135.50029997880378
46979,439.2816863013575
46980,173.77694510957033
46981,448.7729583997844
46982,136.7803321295177
46983,316.6833778711368
46984,279.5233829448757
46985,176.27003472759853
46986,204.59589678659574
46987,222.92004473602577
46988,216.3958724708653
46989,179.84530161098834
46990,288.09363482712905
46991,720.2609073219517
46992,131.88505635591758
46993,211.60778831524217
46994,337.75430425573705
46995,153.2143526513982
46996,167.68332083120103
46997,134.05183717696397
46998,153.6880810103009
46999,140.35602102516717
47000,187.50242600444273
47001,543.9836444571812
47002,198.31135565446903
47003,275.43499674122734
47004,361.13456238296135
47005,224.11496391797218
47006,334.48149031144095
47007,161.270367990418
47008,419.23962561700284
47009,156.5174075735881
47010,352.66930243796344
47011,479.9292674929421
47012,194.93532708067627
47013,169.83880891105164
47014,176.68092499573018
47015,252.02593544962733
47016,245.29696385559149
47017,284.6788534516134
47018,194.30149795046717
47019,274.6400507805707
47020,228.02439463528123
47021,217.53568918691852
47022,176.7479253827645
47023,622.7032898393244
47024,261.1096200578863
47025,169.1251705262397
47026,166.42450558357245
47027,260.5120321375893
47028,393.3599213249254
47029,151.1857505499578
47030,138.73317632542677
47031,296.00804690358586
47032,393.26113408774785
47033,363.50214124300453
47034,200.40268882916877
47035,567.1642915714687
47036,235.908097128484
47037,105.34433326800675
47038,261.924652011181
47039,292.9863180688659
47040,406.2926210048021
47041,808.5870503426892
47042,167.86862286398727
47043,178.66817361386092
47044,318.2462119244185
47045,139.89188988344253
47046,772.580641781576
47047,324.99533942424915
47048,137.97270936108194
47049,161.76582670462602
47050,164.95763850454628
47051,265.59325176692755
47052,284.02898256691753
47053,164.58765378777406
47054,142.13194514685938
47055,127.20638579702596
47056,138.16391997106206
47057,193.28460757961005
47058,318.984986346595
47059,340.60772676945857
47060,223.29702794186088
47061,250.1429033504968
47062,255.41476599528514
47063,182.9938377860005
47064,176.10165496561282
47065,138.7254182105428
47066,300.08749310107316
47067,160.56811167733267
47068,295.6607799259787
47069,1537.9978421954625
47070,205.9244892579101
47071,157.02435812921038
47072,289.03954714192656
47073,197.26186049684785
47074,208.0947299251498
47075,241.28035773600251
47076,177.94372051989572
47077,211.10677846413373
47078,193.29820585185522
47079,237.82470080945694
47080,161.8388088868127
47081,350.20240340222057
47082,219.61766653763112
47083,465.52718527964845
47084,255.303048794901
47085,288.2855694850411
47086,143.53424740337962
47087,225.5566794575889
47088,255.90461456699444
47089,258.44163706178006
47090,179.35998294972734
47091,214.56299891698882
47092,155.43275678366948
47093,291.47101828311844
47094,290.5347286828521
47095,137.9132741043544
47096,183.85799539675403
47097,192.34704911532225
47098,414.1542567777754
47099,388.6608131805338
47100,667.4306447678352
47101,218.88207044870728
47102,163.50305303731258
47103,267.3845129098777
47104,187.43627207886453
47105,376.0868369232487
47106,143.59372621609955
47107,209.11050505187063
47108,326.3212517208713
47109,175.87489547868498
47110,1592.9292154801858
47111,227.65453762083277
47112,178.07597448971134
47113,158.70832284181495
47114,225.65281903463404
47115,785.4562406542756
47116,132.91411926238337
47117,202.09393749362803
47118,217.72959011668584
47119,154.0510081687092
47120,293.9062017503934
47121,426.96146618009595
47122,278.47355780776087
47123,303.2046470044186
47124,1282.3965897109767
47125,298.86301722797486
47126,194.42139735818415
47127,200.2491667312763
47128,366.7430453039165
47129,213.85255890595334
47130,500.3838307008186
47131,485.05384171590646
47132,940.534634615408
47133,142.03798532888896
47134,275.9754705831355
47135,231.56947759848185
47136,261.31964812656435
47137,263.55422151287223
47138,275.9817341622023
47139,138.07320849900876
47140,261.6022870116552
47141,289.76331103033635
47142,413.8495646939014
47143,768.3684446027722
47144,241.68320606418516
47145,334.333010070541
47146,200.49734306722917
47147,156.08761346473466
47148,152.51507802882395
47149,155.89812273658924
47150,268.2648001587031
47151,352.7306515612529
47152,484.53865615154643
47153,507.62170350779013
47154,427.6918636817573
47155,208.11678051509003
47156,141.37801210042753
47157,178.89000737703375
47158,133.22502476852156
47159,223.82896468437826
47160,206.98738788996883
47161,958.1547569865348
47162,250.67440859854906
47163,277.91162681696534
47164,210.82316157084165
47165,223.44345454789607
47166,177.33630735590833
47167,251.03330370842454
47168,379.5517922291074
47169,238.8165937783015
47170,143.52857620374388
47171,150.23937530189616
47172,129.49704938261206
47173,163.1507237856876
47174,323.7347887982585
47175,150.95457507658824
47176,281.90919839018215
47177,286.487405670344
47178,241.8428479507651
47179,261.55064473478654
47180,169.91614449162554
47181,297.95192231714
47182,261.61761657507674
47183,304.7981544329245
47184,108.4440134887348
47185,111.25458794550369
47186,455.1831251860699
47187,608.0144436783925
47188,162.9676930462017
47189,246.42795546714882
47190,328.9759822226274
47191,271.1144199371958
47192,217.0667697370114
47193,412.8956994669521
47194,211.24931988073496
47195,225.99226449641745
47196,236.12245677336222
47197,202.70598903579054
47198,346.4853002000881
47199,528.1044514678346
47200,254.702372100792
47201,519.9209906504956
47202,340.52654366411105
47203,233.18421020152712
47204,235.05408040480677
47205,519.7839249152369
47206,157.33584876298667
47207,123.1648417072976
47208,203.58017489414019
47209,422.51462119406835
47210,102.22190352839434
47211,210.26648805940076
47212,135.13759972501603
47213,283.10739056882704
47214,226.59594738315064
47215,231.0129187799253
47216,217.6835066363106
47217,569.2050339135884
47218,235.6937480340332
47219,250.84723080072848
47220,132.3497477425022
47221,352.8800282010172
47222,341.8180165260256
47223,235.60839362602553
47224,308.5815400903478
47225,181.47042512806036
47226,466.21798118889177
47227,438.440763186764
47228,165.734119256103
47229,128.05735311663642
47230,191.09542783838333
47231,368.08327079608574
47232,348.5912384117765
47233,290.14076624234934
47234,286.68274456572937
47235,268.9992780470268
47236,284.131069052842
47237,253.50601246154744
47238,211.61252246477687
47239,214.30791886732723
47240,196.42464105157958
47241,231.76048528503955
47242,257.20615001246694
47243,121.79054964229273
47244,145.71217809041434
47245,259.36580125651403
47246,241.00499088840584
47247,908.934820705763
47248,423.9180397579244
47249,277.84779965783457
47250,149.92176069086403
47251,349.8428649361803
47252,324.3425208307599
47253,169.84291691896232
47254,299.41798582382035
47255,214.65637627984879
47256,223.6021084611511
47257,423.7814945305924
47258,156.40572081523564
47259,245.55732997933669
47260,316.7793510483968
47261,159.12808794377918
47262,147.04091685293767
47263,285.6211321241829
47264,149.9135802841616
47265,247.59270124116597
47266,412.8743091962639
47267,228.7804917545639
47268,348.99652333523187
47269,283.09462002589174
47270,188.43443638722636
47271,172.45211446988537
47272,311.9689189580325
47273,322.17166501529914
47274,300.7886108885978
47275,149.61338646438412
47276,238.1425286984305
47277,277.62354891529463
47278,136.7956428273914
47279,185.84885981996683
47280,188.47285379395115
47281,306.98984945873724
47282,313.9477379838187
47283,409.4859979192604
47284,489.78321327941376
47285,169.07392200086588
47286,361.1966574041231
47287,733.5315734258782
47288,259.36633790011865
47289,321.2549177046182
47290,261.4972811571734
47291,203.72014592656456
47292,348.42487605336004
47293,451.69328256658605
47294,247.25726790290247
47295,276.6102700330176
47296,238.58046771481116
47297,160.61979761231697
47298,414.86789046789
47299,205.3475852646451
47300,296.2667984784378
47301,224.4233960219995
47302,570.9110843913875
47303,181.0494550398332
47304,265.07956030720356
47305,247.33092637499024
47306,307.9486602209821
47307,224.26122449747118
47308,289.98658224136307
47309,274.5639489273802
47310,471.01649870190204
47311,703.9147810179485
47312,258.46969379125056
47313,239.7133299290101
47314,1671.0535828449463
47315,224.04776589417364
47316,937.7635446848436
47317,333.1776753469737
47318,256.7882320699793
47319,540.276562683418
47320,247.29948234286599
47321,248.42573913275262
47322,537.5278709084763
47323,257.7124226948286
47324,260.78763861682256
47325,190.13968517257373
47326,214.64617507828683
47327,180.51658709458604
47328,383.34114813801364
47329,207.67048313593966
47330,848.236924987949
47331,257.1250875409058
47332,402.56901105577526
47333,173.7148326262395
47334,163.33517699023693
47335,239.72744172862284
47336,440.79418864134925
47337,387.0970948660261
47338,293.20568707646765
47339,318.55065486408506
47340,158.55142716322058
47341,240.56522537095765
47342,216.91396444594307
47343,155.76066600436624
47344,323.62094970031916
47345,266.1238307597784
47346,190.92131135133425
47347,231.62994211142424
47348,162.2901045899338
47349,182.7769601808464
47350,352.07210240808837
47351,152.12415877965557
47352,540.5624443202744
47353,270.87346574722596
47354,390.76759600300693
47355,316.72655918077504
47356,158.2323246924629
47357,174.96918865165452
47358,154.35068275377185
47359,177.01795402516728
47360,495.2829819331991
47361,268.6042867499432
47362,336.2539228934131
47363,146.06110568196738
47364,408.67476769619077
47365,142.43207887449265
47366,167.4794192213632
47367,174.67196165418142
47368,399.26650507776054
47369,337.0044373551859
47370,185.64667064571594
47371,292.3591544967257
47372,810.1557874435475
47373,186.0229981103306
47374,337.79459922317955
47375,204.85240568121918
47376,234.70674250955688
47377,501.661214505324
47378,192.9062503725302
47379,250.4147364377506
47380,388.0981844212085
47381,975.4886487560983
47382,375.19735874202513
47383,116.30518463295242
47384,445.9143940161282
47385,122.73596650280327
47386,156.7623145261479
47387,160.92179851519393
47388,324.7991411927783
47389,215.46017018456246
47390,218.8723061841535
47391,1717.6332051443862
47392,221.6742130912347
47393,183.37540486569608
47394,245.5781737230806
47395,247.12354461255424
47396,194.81664501479213
47397,213.9040352884478
47398,139.5606918531812
47399,130.0599197230326
47400,289.48154218946934
47401,234.1583206574091
47402,314.480689033075
47403,124.51790120314881
47404,206.931636874855
47405,391.4155419725094
47406,215.67146288028866
47407,188.11468637363285
47408,1031.4056173033637
47409,314.2226444441352
47410,927.2168202014648
47411,632.0588005462932
47412,454.01376275544015
47413,232.37945471618434
47414,137.30526081453968
47415,410.55233963804125
47416,452.9011953750093
47417,169.44856349085316
47418,165.82778919346765
47419,159.92267382816237
47420,168.61793736904474
47421,194.67528083484657
47422,424.2131757743443
47423,273.93889405974846
47424,343.04436690479827
47425,263.9450694904206
47426,184.88410535280406
47427,308.88115612241313
47428,456.835577108943
47429,540.0855286917051
47430,688.3472199880973
47431,309.21954780623184
47432,325.3821129612153
47433,153.17023147515565
47434,216.89827038389816
47435,385.66835938279763
47436,257.05900676336137
47437,147.6862331751183
47438,427.8025341634453
47439,1287.9504191738147
47440,203.9416127265836
47441,293.9818556646873
47442,187.95289966234824
47443,226.87259286460227
47444,253.9018289738726
47445,426.73233627366596
47446,118.12854944903931
47447,139.86732389889397
47448,147.17268234830303
47449,256.1159659089773
47450,241.7531670150922
47451,238.2344903550412
47452,540.0309646977212
47453,220.1727695801329
47454,139.73208466769606
47455,618.1966086473851
47456,222.91781647940917
47457,337.27061363335474
47458,560.6592267332933
47459,431.02785189842
47460,279.70071479562006
47461,187.85811263804433
47462,244.1851610842065
47463,670.6558666309791
47464,157.23818100160614
47465,660.9032410980591
47466,402.7164065398224
47467,467.8932832992901
47468,394.454963155354
47469,3322.7168598148555
47470,278.46893450675367
47471,307.7408182408771
47472,275.4569306090005
47473,160.44116340137546
47474,447.87113463233777
47475,221.8106992809982
47476,616.0730898818193
47477,222.42718483851263
47478,242.65095002231584
47479,521.1951024436465
47480,169.02774944941473
47481,139.63491048416844
47482,211.67711435475607
47483,279.4362866221898
47484,1264.08372156244
47485,271.13410755506203
47486,821.8165943204775
47487,138.20319555653057
47488,573.3380474301384
47489,270.1604964960541
47490,321.0085045875198
47491,242.18297588334082
47492,218.56260827035302
47493,159.8869286660172
47494,310.16142132991575
47495,95.15992822198696
47496,242.95417598835672
47497,224.47121121695707
47498,181.92788299311493
47499,199.03746173518377
47500,141.68506024608837
47501,288.36151036067594
47502,231.08978353507294
47503,338.86029450706695
47504,491.1144827404798
47505,150.6228347683118
47506,172.09282366058758
47507,257.7193555711628
47508,139.44821805593392
47509,209.80725747881328
47510,1138.6171675021726
47511,1344.1197196946791
47512,236.90600075057515
47513,207.05772575899255
47514,324.53153684313946
47515,796.0931855461615
47516,502.91444459583596
47517,861.8777739945659
47518,411.8799835809199
47519,165.69661919554878
47520,459.5988859674006
47521,194.62207969110514
47522,401.28952645855105
47523,600.0050368580924
47524,185.14739673746826
47525,423.12622495861626
47526,198.37719574111063
47527,290.7322472076664
47528,255.9850808865965
47529,738.2926952141008
47530,247.19569963070978
47531,213.64430766492026
47532,332.17606959779124
47533,221.2677752798359
47534,231.99783762930988
47535,297.90535149255305
47536,234.22174505260392
47537,356.65736406822936
47538,309.9468516259043
47539,235.7206075109736
47540,1186.7882443514939
47541,173.91679613190482
47542,340.80800470968904
47543,315.54959765925844
47544,181.29154367035662
47545,402.3587540934084
47546,511.9315094730285
47547,306.8455592870036
47548,255.02187806712064
47549,1511.3567807919335
47550,434.069569610374
47551,132.18175475446844
47552,131.34289143481823
47553,137.89912784091726
47554,223.83613041775564
47555,246.78488041328498
47556,1023.341891027251
47557,167.52622026560746
47558,302.04513484691006
47559,218.26563198424776
47560,182.508963065574
47561,163.77508782141066
47562,176.73035997143867
47563,110.44965055082048
47564,157.33169285567493
47565,238.1860291335199
47566,355.9281381377143
47567,187.78932581278565
47568,283.6706205391716
47569,224.73123792094202
47570,164.45823779490965
47571,297.2204682122653
47572,175.97631871863226
47573,124.49073845712306
47574,150.71474756448566
47575,402.54851026996994
47576,182.5951870910176
47577,158.65292101534462
47578,250.735049191817
47579,160.2474148496374
47580,225.98418708555548
47581,156.4270062209337
47582,252.10680333755633
47583,272.61573179005563
47584,749.7229355926825
47585,177.7643670343491
47586,283.89531724351093
47587,166.7911341851818
47588,222.6347870634451
47589,455.86069114062104
47590,254.62544952334136
47591,153.77983905207964
47592,120.41366774928245
47593,221.0856519336156
47594,328.5146375690004
47595,193.22604260488288
47596,245.9810111838598
47597,294.1409333617957
47598,156.4221531613963
47599,515.6012342390586
47600,336.583952381043
47601,308.08593303352484
47602,237.7146390809499
47603,178.4817596109039
47604,535.3715522588832
47605,401.5584756963508
47606,387.9086070477335
47607,180.7597110342628
47608,248.20694890464378
47609,264.19898270194835
47610,709.0717057616542
47611,233.84660267551138
47612,662.2503470574912
47613,219.10930977862694
47614,1357.0824981294104
47615,311.1223244214487
47616,152.8605537657593
47617,251.19218741722773
47618,241.3632582517165
47619,262.06050134889784
47620,863.5168555727915
47621,600.7741171334652
47622,234.8831810312319
47623,366.3326602973793
47624,312.9329219289458
47625,208.29054921769
47626,226.9679640661984
47627,172.23169265853826
47628,191.50914389862632
47629,213.20801624285764
47630,188.01637779066368
47631,253.7147850642642
47632,193.44095922626803
47633,148.46281473825186
47634,215.57613214793523
47635,225.9507289679773
47636,222.14241221019466
47637,810.1723195473628
47638,153.86407628105079
47639,136.1755098108996
47640,347.47899670190355
47641,142.20502752354474
47642,327.56611297084044
47643,491.2913301515292
47644,255.751518148468
47645,339.5853690847975
47646,149.43957409384828
47647,228.37254362547557
47648,398.6164243524282
47649,215.80022010181523
47650,357.39002549818247
47651,287.2983389436185
47652,155.47012209072514
47653,269.03474132165564
47654,372.0264490496832
47655,559.2965443937004
47656,216.89183915771144
47657,192.72115917693122
47658,214.137223010913
47659,184.43794183667515
47660,219.46023332420222
47661,332.9694934023827
47662,184.11119210594973
47663,351.7486073424836
47664,283.9441365778665
47665,387.76803296759834
47666,354.9950988629188
47667,295.02240011404473
47668,266.76103891162484
47669,185.74149648693884
47670,149.88392759942957
47671,313.08426025231387
47672,233.0500876707028
47673,164.9470228201395
47674,232.6712832429604
47675,202.7568167935405
47676,450.1791759502049
47677,329.4784818194992
47678,299.34221035427385
47679,203.43943345458274
47680,911.7867409850186
47681,1221.541516659802
47682,228.44740853113322
47683,129.0159797376258
47684,210.9696997472171
47685,154.17834880221076
47686,1110.396508732227
47687,492.38370869559265
47688,276.50133936912056
47689,206.38493665481786
47690,473.80594963667113
47691,177.3825383765385
47692,176.7550010530425
47693,313.7184362851603
47694,134.5709155476038
47695,703.0778786924318
47696,439.4405359906173
47697,225.48178581678744
47698,241.18934358167732
47699,185.25203807471755
47700,242.8187348564987
47701,370.07254112448976
47702,234.47018236234078
47703,895.2842722673122
47704,248.36160709086283
47705,241.7954834567974
47706,417.2809222540901
47707,389.426942347735
47708,245.91989299977865
47709,330.59269634334976
47710,343.0383017315475
47711,363.1306087321404
47712,453.16926294131474
47713,205.58905010558317
47714,183.06914447858406
47715,141.36838001165572
47716,245.97504789921197
47717,199.6570117524826
47718,131.2730278215044
47719,361.71548733269594
47720,422.6204872532187
47721,204.32666131408223
47722,158.78126867141034
47723,245.7395799478036
47724,384.8369547454679
47725,206.58961111461753
47726,391.00183846475784
47727,233.93685833196287
47728,259.8380829397442
47729,154.61675020622513
47730,237.40238415713588
47731,163.56633145026717
47732,241.50901675361467
47733,354.930695311623
47734,138.65421301412815
47735,231.92825737592577
47736,445.3349997434821
47737,240.5095578634405
47738,573.9341625674913
47739,801.3869668059094
47740,543.6837300953272
47741,154.67482831200536
47742,664.6235743325053
47743,127.36492870751542
47744,235.32353794612612
47745,495.357577963913
47746,340.3247868172656
47747,185.6221684923089
47748,204.4670897741904
47749,291.0327680618942
47750,224.806169780193
47751,299.31230567668604
47752,454.1187694458765
47753,242.1626945226547
47754,212.49239642017398
47755,118.99857620567019
47756,317.8508694451105
47757,392.74478394436903
47758,157.99474969335554
47759,171.89520045594625
47760,268.0110283233174
47761,140.36850152323981
47762,226.03501448226294
47763,156.24838986686126
47764,245.06690186881997
47765,208.65302244940008
47766,261.6436818416488
47767,225.8891593060556
47768,552.6180612980057
47769,224.66541159913842
47770,588.8560414967811
47771,353.8488566222794
47772,251.24401093623283
47773,141.79704614539503
47774,333.4919903160089
47775,304.4830481505328
47776,697.7435227325968
47777,224.73817218569093
47778,229.6663498770775
47779,192.01013249506488
47780,143.35447984557436
47781,196.876232697268
47782,833.5584018898223
47783,337.38981599054733
47784,1541.3119273705001
47785,316.8989286584663
47786,735.2463723082543
47787,282.66982256062727
47788,312.94441023404744
47789,354.0974867743206
47790,122.75219614430974
47791,284.6790442074665
47792,145.58597296371008
47793,226.91983421530574
47794,411.2497845924843
47795,380.2017391888055
47796,315.2303787179023
47797,209.95112055595882
47798,200.9994919854113
47799,168.1894877550768
47800,201.7238707165977
47801,344.7192546754963
47802,339.83475449860805
47803,250.79460022669733
47804,203.62904018363116
47805,353.5202448588926
47806,161.93991419985946
47807,1107.5307268290373
47808,206.5074045500386
47809,200.81649778961454
47810,740.0068007246508
47811,640.787497644162
47812,292.8903789086117
47813,416.2410547125347
47814,146.55237803921472
47815,1115.282259854119
47816,241.5359112138124
47817,214.00292927543455
47818,166.22427267854292
47819,399.37933109332516
47820,115.72246164842632
47821,253.2209658429191
47822,212.2985814712021
47823,106.14908023576183
47824,356.3450061068126
47825,254.04240103275055
47826,345.7837184042878
47827,795.4288313821849
47828,367.9324879293839
47829,251.84954348253913
47830,224.81958886662042
47831,214.27498336695083
47832,128.16572001433428
47833,291.099959804427
47834,333.0009065372351
47835,137.0531376401536
47836,425.17071831459293
47837,219.5330659600341
47838,256.336741157848
47839,154.16615652664814
47840,125.75548136200021
47841,398.6718753266781
47842,322.05487293272677
47843,137.87256918896477
47844,259.07940439344503
47845,253.3684891983024
47846,168.56085892267754
47847,151.99774623674884
47848,391.9261682166325
47849,210.2950579856109
47850,276.2902854150456
47851,489.94294380958644
47852,146.13251266185645
47853,976.9384049987868
47854,232.64774785102946
47855,288.098754669456
47856,427.0263168090236
47857,917.4105755936533
47858,152.4738730884543
47859,155.71307424227587
47860,154.99243652866042
47861,125.00706462857303
47862,295.350979462615
47863,147.61162720497694
47864,211.19801698964815
47865,265.76767503077707
47866,230.71776135851525
47867,365.60252883813104
47868,197.80562776965166
47869,243.28985548247582
47870,256.9226351940636
47871,186.22682085649197
47872,183.82125487039195
47873,210.04663321364833
47874,200.22251706229932
47875,274.94017247985335
47876,233.38287491619766
47877,231.6536620607054
47878,370.59874777122127
47879,2339.607374565792
47880,221.65195896029033
47881,119.60878153288492
47882,205.24149347855428
47883,111.49590867371278
47884,107.02638429669919
47885,240.01760729784624
47886,163.56985487341424
47887,277.73062353121395
47888,566.7119862433366
47889,165.79091042404204
47890,1570.5906525155842
47891,559.7949403667358
47892,206.20364750646903
47893,186.94428496113417
47894,321.75636497595553
47895,198.8921414857102
47896,220.51744442383884
47897,326.2578508927515
47898,347.1153656911616
47899,181.24973765052522
47900,260.5087799557736
47901,447.1704082802234
47902,293.71441004784737
47903,292.751350903136
47904,285.17835920370976
47905,335.2571927283751
47906,487.43280717578637
47907,448.59082477295976
47908,240.0861699379952
47909,438.1628405091041
47910,316.0372678491617
47911,495.7080841515323
47912,287.2891724265359
47913,417.157054949419
47914,154.49256639512902
47915,171.1338029745087
47916,315.62191323053855
47917,279.5355446066352
47918,489.1384390768793
47919,164.52536104351046
47920,365.5956916009602
47921,175.48334540106347
47922,114.14230113202372
47923,156.26370515592316
47924,365.47700743677706
47925,242.70732368655055
47926,685.016598007567
47927,324.95113250554334
47928,1721.1618650355754
47929,141.53942198449704
47930,243.71189428923915
47931,217.46502720158654
47932,246.8782605251944
47933,289.22764418154435
47934,319.10471684074594
47935,200.2051826318835
47936,305.66465330521646
47937,331.59726926015907
47938,1555.2360281615302
47939,262.01964597856244
47940,938.3882879173774
47941,323.8398489166714
47942,1058.7033440603798
47943,155.9638549667573
47944,244.9494911191966
47945,586.4768210341462
47946,394.26482084042806
47947,201.70273458834015
47948,153.9841150763635
47949,146.47538544418933
47950,254.86793003449722
47951,383.2040917644774
47952,206.7264211672673
47953,172.37256172704068
47954,319.56673136824975
47955,320.19441932305745
47956,174.81414465456248
47957,459.7792941002782
47958,132.4627325072189
47959,184.96138085377623
47960,128.1369276268295
47961,336.51247761943165
47962,143.64752080203928
47963,219.714437943132
47964,577.7386384239221
47965,408.58410101491
47966,233.35816196843368
47967,538.5134674740069
47968,854.6917784327525
47969,146.93035261170397
47970,370.18013300605594
47971,164.11161451658708
47972,468.81960080984567
47973,257.51291995746874
47974,146.42026593582142
47975,1331.5842709290425
47976,203.53225849161254
47977,152.74997660096872
47978,348.3426029073134
47979,256.0123989025348
47980,417.99591247591775
47981,134.67040406150446
47982,267.37239734702786
47983,196.81408079592316
47984,235.32106511312685
47985,252.10977337442532
47986,694.022183472079
47987,403.1623346098954
47988,410.9398825994934
47989,814.1268583965134
47990,209.19199502208102
47991,680.2729842442388
47992,644.2189647053381
47993,122.92183186606364
47994,412.0873384321324
47995,428.2752891489318
47996,140.77510276746244
47997,333.72881041845267
47998,356.07016383453293
47999,184.67962059086906
48000,172.5340800072176
48001,87.00021938047999
48002,431.0897348139818
48003,138.3013280479137
48004,404.37895948638874
48005,150.33337183338188
48006,284.51489985891783
48007,247.0166042834352
48008,295.19219094442224
48009,121.2746883325734
48010,557.8856666428569
48011,155.88174904671
48012,310.2676238175274
48013,314.48890405793776
48014,157.8617151478944
48015,193.92450118009103
48016,168.21568632347189
48017,191.2000690000863
48018,328.25173102248834
48019,172.56510071821674
48020,262.98257159631567
48021,446.98159548200476
48022,446.3800844323172
48023,239.91556669095306
48024,154.66387667884595
48025,170.22368515923435
48026,284.45175187816005
48027,346.9079003650744
48028,340.9728888803519
48029,151.89481156961682
48030,156.10123349394263
48031,352.46830167976395
48032,185.69579075460663
48033,484.32491128077146
48034,736.5451066300383
48035,495.96492973017286
48036,168.5680161789869
48037,522.8730344322594
48038,387.42222561426934
48039,908.8363801675191
48040,422.78872839717405
48041,278.68770034648725
48042,555.3156500558675
48043,247.65302911989386
48044,162.49893765660485
48045,491.12673319222097
48046,210.438725658452
48047,146.26995961143624
48048,407.7579982109436
48049,235.11593187495316
48050,238.6072951560833
48051,109.12698738231532
48052,167.95286255966647
48053,205.82750089421228
48054,250.90506326989635
48055,133.8865620349531
48056,121.8386296922405
48057,266.93382441770075
48058,180.25309236992123
48059,205.272776711858
48060,379.5271197329783
48061,170.17926401609827
48062,147.9452757183849
48063,319.1893106587216
48064,520.8647460915151
48065,152.64079810231715
48066,354.75713485882596
48067,162.261565587905
48068,203.3556749085999
48069,213.33000737559496
48070,266.0880635208859
48071,336.4555610886246
48072,196.7338923949272
48073,267.2644954004017
48074,558.0593335619399
48075,333.59972064962255
48076,1730.180433922414
48077,183.92373170797944
48078,168.6772246279358
48079,952.014351681236
48080,307.45917750400326
48081,458.0136293423105
48082,243.86859679470834
48083,461.50828200127273
48084,207.74599933701452
48085,151.9426603925143
48086,129.06230454052988
48087,222.17386175972186
48088,106.72572841513269
48089,659.3338320248895
48090,267.3213252490176
48091,596.3414968936914
48092,512.8564335211718
48093,309.98837094361227
48094,220.65515219939522
48095,207.99025281152436
48096,384.9422502647489
48097,3340.1233543601884
48098,228.88112219687343
48099,311.00150945193
48100,304.6804856785425
48101,265.665893386888
48102,163.69955103307709
48103,301.28951770011474
48104,343.7676476050618
48105,107.42368463766218
48106,369.32069561147387
48107,249.46404000250422
48108,227.3885768579807
48109,189.38535453511588
48110,258.93458350696744
48111,183.0563209456625
48112,1145.7062868454145
48113,253.65755778263997
48114,228.8763805786971
48115,111.53125362233602
48116,149.282997115684
48117,166.6332034875051
48118,132.7360963601777
48119,194.14467435057054
48120,112.50058221301262
48121,144.43658958232976
48122,375.2938569807977
48123,132.15887588579875
48124,1523.3016705950467
48125,252.2973569453659
48126,353.88127752271345
48127,208.88069907751165
48128,155.45152080665562
48129,196.25180300890167
48130,199.9644090292314
48131,151.78971605145176
48132,170.12872005909003
48133,191.47808978768066
48134,148.6863630515139
48135,668.9692923772067
48136,271.1082839700719
48137,166.78885028058585
48138,143.61351605035253
48139,173.11387730757423
48140,1239.2440302012526
48141,248.2806031508533
48142,247.8511432951211
48143,254.95631269769632
48144,782.6966292380438
48145,438.2721829959255
48146,209.96784878293627
48147,217.66677774291574
48148,286.7181469454074
48149,378.83827283856436
48150,170.57228160853265
48151,253.25438885356175
48152,117.22876810645519
48153,141.05949500050684
48154,355.8577115426365
48155,183.152923658595
48156,254.65792684934902
48157,153.98781599529207
48158,171.73431387872967
48159,243.6169461746988
48160,287.85927612344653
48161,113.85987906206313
48162,321.9919110552206
48163,179.5896862679593
48164,524.7057571307329
48165,297.4553848402497
48166,280.96883833428
48167,301.91163645354067
48168,149.40769997379246
48169,149.12067367192623
48170,179.37000670996179
48171,140.59721566107905
48172,481.1897400610335
48173,234.72711606255828
48174,129.873992276848
48175,603.2644185823534
48176,200.950437265787
48177,294.34463391838835
48178,409.34612771386145
48179,186.4344296061605
48180,254.53123493676247
48181,240.62386263052443
48182,748.8866627041845
48183,369.23725518445076
48184,375.10139669001495
48185,248.12438594590103
48186,139.37786780052923
48187,157.8674154948222
48188,239.91116851482263
48189,449.2452199977761
48190,243.9697008774264
48191,333.4950044724968
48192,195.06455355623171
48193,179.3393486655183
48194,231.6880517002615
48195,425.3763649355292
48196,388.1141848992767
48197,174.07542754124552
48198,198.9729871021126
48199,149.17955415464954
48200,248.98950576215935
48201,411.76426861959357
48202,235.074770473395
48203,401.8793379468261
48204,195.25351664053187
48205,176.09441190345385
48206,212.01690032420373
48207,255.9925954544164
48208,348.8593215644013
48209,225.7486608047818
48210,138.3355737853002
48211,504.8664466854464
48212,954.8760217057654
48213,135.73839682739413
48214,232.92191385166046
48215,480.046576490697
48216,454.02260358463195
48217,197.189310890162
48218,363.0912079144327
48219,378.1666039386795
48220,229.73799927219503
48221,202.69330262317538
48222,121.93978543696696
48223,422.6021307887884
48224,422.4180218116516
48225,161.19882003848718
48226,173.09424122826948
48227,286.5430726733206
48228,169.18600206002702
48229,274.5087255142225
48230,195.791961103524
48231,394.7146309797928
48232,190.8368224760963
48233,289.057021547472
48234,180.68825197654792
48235,166.64790513550025
48236,167.81994405717734
48237,319.50645784750736
48238,262.84916066272984
48239,137.9331995872853
48240,529.9624377916371
48241,287.570045322547
48242,298.76541602916734
48243,228.6321394659441
48244,462.70015902694234
48245,182.7501631447413
48246,623.6905508228318
48247,254.75129078036207
48248,183.06534041802627
48249,223.07672309633827
48250,181.61979548743093
48251,339.9831221880151
48252,256.95738254370787
48253,226.25677483438753
48254,286.35575385044166
48255,374.9894085732412
48256,175.42662133981048
48257,117.85175531515189
48258,247.7483313929227
48259,158.89382615203343
48260,432.1201015984801
48261,171.49253422009872
48262,179.23794919447104
48263,1184.8623629592503
48264,143.66129368055178
48265,261.673469182937
48266,156.62737018879622
48267,428.7857094445902
48268,253.81281192290078
48269,203.5496808134795
48270,142.613136117924
48271,391.05174533453953
48272,322.3208592511188
48273,283.2455346854763
48274,249.95016983088067
48275,356.02121365532884
48276,223.98169730897092
48277,355.8870426431038
48278,692.1845065008707
48279,251.69727506406235
48280,216.92304135099744
48281,295.4436036351664
48282,1542.4616310709362
48283,162.4020818135718
48284,259.0666494850343
48285,616.5016529485832
48286,243.18786163218314
48287,494.63026909768064
48288,108.97389395596566
48289,373.78756900592805
48290,125.97279100487184
48291,230.47650765302237
48292,151.80876121794242
48293,1347.6343055801842
48294,364.6420184688116
48295,146.813512395961
48296,396.102635011478
48297,128.0330655549421
48298,727.2891466919868
48299,334.2865943984297
48300,244.60061014384885
48301,622.0009837384104
48302,221.81414120601787
48303,926.5302733707922
48304,2128.9735249641126
48305,218.2504341154974
48306,186.49393437190292
48307,540.9556384792845
48308,314.829174759832
48309,171.28588527927562
48310,198.13060356053458
48311,330.743895100007
48312,443.70542904567367
48313,228.5629695200869
48314,112.56060599704387
48315,224.83948107494825
48316,582.0341486170453
48317,171.73847393529817
48318,73.31523415410314
48319,305.38869492999646
48320,153.44663622163722
48321,289.2876540505442
48322,640.7007785077483
48323,881.4883283577025
48324,293.4853577271605
48325,217.22267603630655
48326,365.0351008202084
48327,443.0856191551798
48328,102.38319745247827
48329,255.53054934569317
48330,143.91838048761522
48331,150.42093680622324
48332,175.42017742732565
48333,155.56283223204
48334,258.69104433817495
48335,236.30084538545532
48336,258.42391846391206
48337,398.74736171909876
48338,186.80244492126982
48339,368.40389857064116
48340,200.32348440012177
48341,686.5408203604771
48342,265.4405395806471
48343,179.34643194099493
48344,251.59602460058963
48345,444.77096711967886
48346,369.3687327776854
48347,175.04951137785272
48348,237.84625604036265
48349,294.3742563952444
48350,331.84570785205204
48351,677.0538352687264
48352,272.37275260083766
48353,485.3352154412686
48354,279.91200228202536
48355,278.91718683112776
48356,392.2156084494603
48357,203.72601321658422
48358,346.4568194654282
48359,449.60301411764465
48360,737.6028515630263
48361,386.0776693011181
48362,253.82049283491475
48363,216.28586234126223
48364,252.48467258461784
48365,129.35906388037768
48366,177.60905871468017
48367,239.2228602162746
48368,161.9404413219659
48369,393.352186691102
48370,220.5838914187505
48371,368.78070452709983
48372,322.047161220567
48373,348.8136366660892
48374,599.4330447479906
48375,211.7479505396084
48376,261.1712912502727
48377,256.0380613754545
48378,411.65487645187085
48379,318.3341162506987
48380,334.0944604664294
48381,162.27234990131788
48382,119.80402997342406
48383,211.0213229437043
48384,169.7030227077748
48385,171.3329630026443
48386,136.1061846383864
48387,177.5846736897481
48388,465.6609224745327
48389,216.32746610740514
48390,512.4496837330412
48391,286.8661322541877
48392,212.84140052422828
48393,211.76487497283915
48394,249.04557666348916
48395,176.73739865574512
48396,244.7690083022446
48397,470.9594647469717
48398,253.21979427127556
48399,184.58038112374143
48400,410.03435523919626
48401,226.89148849708647
48402,161.77584810449696
48403,260.0711174690333
48404,288.91185142789305
48405,155.28274141120158
48406,209.39634593193793
48407,328.6427899850595
48408,216.19069231031222
48409,244.94147081103233
48410,329.99196001433785
48411,262.84596157245323
48412,862.3084862128477
48413,377.7288576101973
48414,620.8759225396168
48415,471.0092414255139
48416,325.5338784865013
48417,218.77161129252778
48418,237.6292888677552
48419,448.5001631861838
48420,174.36802199582752
48421,171.8108918199103
48422,286.98767954400506
48423,264.5226602833359
48424,339.571201077396
48425,488.8492760196301
48426,777.3421478908642
48427,156.46311196681023
48428,254.89581339871648
48429,182.41369224578187
48430,322.2539399727574
48431,127.01104222782405
48432,332.0472688749111
48433,213.31081322277876
48434,1820.6146378661554
48435,198.89012688267596
48436,136.9362408954198
48437,347.1153656911616
48438,567.0821301704864
48439,324.09532561892394
48440,141.80835739474088
48441,202.23956378954634
48442,425.1094597619721
48443,725.495215289286
48444,166.70934802815114
48445,436.60675774633506
48446,393.6806932365078
48447,509.4596287761772
48448,128.12578900072535
48449,190.22029525631837
48450,521.7763318720519
48451,204.82388889149638
48452,156.1787914496598
48453,320.02215932341454
48454,203.37399302829542
48455,117.17367919885557
48456,170.1288760372692
48457,170.8180601103202
48458,145.00125115905442
48459,462.01401496958016
48460,217.19236771355077
48461,193.92453312213405
48462,157.62434382411226
48463,275.02114410996643
48464,234.91169115009956
48465,307.52354539886323
48466,372.3170830810803
48467,298.49899412106595
48468,413.53718002556934
48469,96.2495418394585
48470,534.2524085643428
48471,192.2686948965419
48472,348.2064234253649
48473,479.149180814773
48474,200.05415498721962
48475,422.3402864146932
48476,276.17771082408444
48477,246.67794019897553
48478,533.7215442448213
48479,410.3046537898027
48480,208.05062209053267
48481,559.4666233091323
48482,156.11969644829753
48483,216.74783545835507
48484,542.2447040350038
48485,417.4607054938448
48486,431.6357145412313
48487,155.476182839803
48488,185.28295574830307
48489,173.02938820534987
48490,239.8514198377468
48491,231.4727785021905
48492,171.97577503758654
48493,158.957909297381
48494,173.0801364481539
48495,566.5342086494777
48496,91.30054540992315
48497,153.67706054844152
48498,168.11587013030052
48499,197.2460839508227
48500,432.7811394541803
48501,330.4783912815157
48502,160.48945797369748
48503,144.35143732756092
48504,378.26995869018145
48505,254.60606193897766
48506,221.41889034398216
48507,476.3105648011882
48508,364.82888229875715
48509,251.91260134017568
48510,1288.7401773945967
48511,208.7775201374119
48512,221.58325145815897
48513,259.6120249391906
48514,448.2573821634676
48515,192.57523064458482
48516,247.70455881192373
48517,655.1757084741281
48518,979.8117165046845
48519,449.2560634825233
48520,238.22428119877378
48521,255.65047452266478
48522,154.70823704846723
48523,417.48975713119347
48524,278.2521118969594
48525,289.1675694862765
48526,294.4303713900791
48527,631.5653516677293
48528,815.2559159056425
48529,370.02536784046816
48530,1785.8080211652234
48531,255.800137244403
48532,279.0579120012647
48533,199.4653402382422
48534,131.84784682311596
48535,143.4734350831856
48536,475.88227448536753
48537,142.73310121566806
48538,445.08664528351346
48539,187.07712774020104
48540,154.82150467425114
48541,568.1203685310427
48542,152.81595330667955
48543,343.42239534898255
48544,145.47984312214626
48545,848.3263253270352
48546,179.81004643622558
48547,479.30622128743033
48548,330.3352430387193
48549,156.31190471013971
48550,1105.4596179019163
48551,516.9692465239998
48552,345.098184838548
48553,152.79585836792933
48554,183.9562060977705
48555,284.9140949446512
48556,172.39225864956788
48557,434.8430955482712
48558,254.33107705137672
48559,227.79718960935963
48560,144.5559066438221
48561,142.96439551725103
48562,155.93852205798373
48563,409.1136041245212
48564,242.42593061082215
48565,640.1196249681807
48566,262.57107621366174
48567,140.70250220828132
48568,153.69310501130724
48569,121.75265824744461
48570,183.99166965924312
48571,600.8219381091816
48572,893.0167211366754
48573,811.9605094412435
48574,166.4180963752848
48575,165.56559627613566
48576,153.24030383271995
48577,180.92081243847164
48578,207.73089091267087
48579,196.7519531459401
48580,189.3010710486893
48581,148.19040243921978
48582,225.05326171187042
48583,342.87571954245277
48584,578.1114854141913
48585,1443.1918166820806
48586,389.52234779315154
48587,133.37696385793546
48588,137.57563634557957
48589,186.85795927645398
48590,198.00535910468722
48591,154.9423440055172
48592,220.26241741409453
48593,327.92171536238163
48594,164.4533916876184
48595,174.38043684581368
48596,197.67260352062885
48597,153.1123765540407
48598,165.13213548983512
48599,303.8487100103726
48600,119.73813106401394
48601,365.9493693907916
48602,960.226585147659
48603,101.19977739475631
48604,306.9690908334495
48605,970.3000729750712
48606,147.46244478610157
48607,169.51861179467255
48608,300.5741089637736
48609,279.44035349231825
48610,527.2805604152363
48611,108.31910147135373
48612,228.5487106328431
48613,133.68098319557876
48614,169.91413477611349
48615,321.5626543294743
48616,147.11230382007273
48617,240.84919773068842
48618,540.7662024877615
48619,173.3786006390376
48620,239.32934377155107
48621,143.05375050591292
48622,216.25275778022817
48623,368.6137300477255
48624,172.70221078229133
48625,188.11368084892837
48626,237.88889102094535
48627,144.5068312678777
48628,144.686082975011
48629,828.0295526728272
48630,188.93788628671695
48631,273.1406385181482
48632,191.06333700166988
48633,210.3672856500197
48634,393.0897888080136
48635,146.65290105350542
48636,139.23012842294193
48637,528.3448388263552
48638,981.1245079534349
48639,365.0666806971926
48640,243.3584910830876
48641,400.58220140772175
48642,149.06309989163682
48643,552.4886971743033
48644,448.82578830836223
48645,146.2497896325453
48646,411.51826527526026
48647,207.95183224463304
48648,142.86647804817875
48649,131.57216430052785
48650,174.15027031177044
48651,904.232046213958
48652,451.4175023691786
48653,790.6807391243567
48654,146.82725569642835
48655,291.3866391223965
48656,413.15486354111465
48657,201.0485964255169
48658,213.413277355319
48659,193.35121906912283
48660,131.42593320458633
48661,199.649044666764
48662,1566.5717186410784
48663,445.42995850471056
48664,286.00050116705575
48665,136.3584363025982
48666,295.8089660325093
48667,328.49742223576214
48668,209.35132938771696
48669,430.69868119001734
48670,163.00836002951723
48671,350.6463387120608
48672,286.25988650398256
48673,138.5321133800557
48674,605.1381827075545
48675,309.3853028244586
48676,215.1848721013609
48677,703.7975967180281
48678,309.062561236186
48679,305.1665928438088
48680,201.2976395691382
48681,135.83226973112346
48682,571.5494284144407
48683,394.58127148686714
48684,197.5034010209063
48685,444.9914514795468
48686,192.5296231689744
48687,348.9483418535554
48688,251.17825513158712
48689,172.90975744418444
48690,233.80291594195833
48691,303.472792562482
48692,123.7222789320099
48693,296.88494182031224
48694,275.83401816718583
48695,436.34890372794655
48696,159.54056829900006
48697,503.5707410733578
48698,502.198428307455
48699,182.16663521767853
48700,292.2111037559734
48701,165.4942640608208
48702,206.19674115617315
48703,156.14004217132435
48704,336.84144490722673
48705,414.6332450242479
48706,207.93858083655954
48707,127.25226300481661
48708,262.3093785604613
48709,581.99372700467
48710,426.42130115524367
48711,213.9884955385804
48712,367.082593219194
48713,91.79375069949253
48714,323.2062665135858
48715,166.3097531273643
48716,164.55124132023212
48717,188.58205745994493
48718,163.33426034454754
48719,104.83287817598097
48720,510.27647947066566
48721,198.0534833444557
48722,1053.3411777945387
48723,286.15586279279404
48724,443.34145757934147
48725,224.4207332559916
48726,372.41435203977545
48727,305.8801664403325
48728,209.32593458670758
48729,334.8614881742942
48730,297.41510588596765
48731,94.64859981403906
48732,569.2152231211836
48733,787.5324908945172
48734,123.53760575016602
48735,236.92848768406495
48736,219.77627041623785
48737,234.58200536695563
48738,186.43721999828156
48739,169.8074331067851
48740,674.2669240792862
48741,389.4291642092532
48742,210.27484599893268
48743,289.25863928015525
48744,249.07150581086267
48745,1051.2541820443134
48746,168.90067576039587
48747,135.61397946926604
48748,152.42405524533987
48749,360.200807381862
48750,317.6844374312618
48751,72.45892927302974
48752,453.39862851367224
48753,237.00681862735357
48754,445.2346743905344
48755,1471.1567174482761
48756,467.62401122042286
48757,265.1597963207872
48758,220.42410161906972
48759,246.430202533836
48760,277.60102256434607
48761,211.1211469122629
48762,246.29157446220051
48763,468.20215940149853
48764,242.40923635830612
48765,128.50068635787426
48766,262.35121024944965
48767,206.2837693095161
48768,262.2837406698333
48769,1122.1814807502872
48770,199.27144211231018
48771,233.63877106912
48772,1205.1420109973533
48773,176.50491792504522
48774,269.87790680306915
48775,115.58603685699397
48776,993.4660451177709
48777,538.5270673718861
48778,169.21152073107515
48779,263.88620427156224
48780,334.002616163269
48781,178.39997552217966
48782,378.842926176804
48783,135.60070518189278
48784,128.46027449247597
48785,733.3439873358317
48786,155.76103420257945
48787,249.488337832144
48788,432.75738169581876
48789,337.0722245313655
48790,251.30597260720606
48791,507.1403281474845
48792,150.54091030862148
48793,274.29680470804254
48794,229.38165454381462
48795,404.9596343235258
48796,167.1942192745982
48797,827.1701412689831
48798,129.52691336906398
48799,424.03079139075237
48800,174.44536927002662
48801,150.09619285112112
48802,272.5360366832077
48803,403.1030107088247
48804,175.20257844641793
48805,140.76786302949208
48806,342.0586430018501
48807,226.56345645518385
48808,327.6372103349695
48809,276.8587462277993
48810,355.38319504188763
48811,449.2695010224542
48812,142.6180800777728
48813,329.78093394211885
48814,158.56572381564354
48815,148.6903337878248
48816,243.26714018444972
48817,175.05627755215983
48818,276.7950577727765
48819,276.1911204653807
48820,565.4224777305877
48821,262.67268116338806
48822,77.07219527978823
48823,195.70832235099098
48824,147.4527821797198
48825,709.7709908635013
48826,318.5991218956963
48827,925.9702996763377
48828,345.0989495768189
48829,140.7594124853024
48830,190.2662266225902
48831,146.98323791111505
48832,269.3856323176957
48833,210.33960220735997
48834,212.655477073067
48835,170.00492291413306
48836,189.58248536517777
48837,167.00204447143759
48838,247.40819820281533
48839,186.05918532968045
48840,211.93273508907782
48841,457.64403849938986
48842,249.5119156906371
48843,661.0059215977179
48844,589.6871832909148
48845,239.4478981451732
48846,170.12769291567642
48847,140.4887723655663
48848,154.38998927993453
48849,158.0003914654569
48850,162.61608483104223
48851,299.1781517161676
48852,954.6513665916998
48853,212.05121374657864
48854,256.6720620987489
48855,221.31467732299097
48856,207.58858785499478
48857,536.7112462827017
48858,154.67565188863244
48859,333.6406546042304
48860,1381.7680549511188
48861,145.50987596320428
48862,213.4114561121925
48863,125.53166231111565
48864,541.500112909796
48865,242.51739321472368
48866,298.4313863753306
48867,283.5297736697541
48868,302.2904860216662
48869,419.2022558869739
48870,133.80871774570048
48871,334.8100346565997
48872,225.11353586084925
48873,339.23677059918697
48874,128.69076822628148
48875,352.0042758047366
48876,264.67856905197846
48877,796.9128559362824
48878,439.148295465096
48879,265.39417364333036
48880,253.66657223823805
48881,226.36944871874317
48882,137.61521761801117
48883,249.8010460669233
48884,314.4681392741118
48885,160.56469301833883
48886,158.62063051455183
48887,150.95141424130279
48888,217.4580737702773
48889,156.94687828723366
48890,1165.6212365362417
48891,289.056793408224
48892,182.5586653717125
48893,164.1515571224305
48894,132.08056921564898
48895,165.1464981026451
48896,191.2893673642425
48897,177.34505255188594
48898,188.34715158536238
48899,414.6037549674613
48900,168.13507530235947
48901,232.04343031418918
48902,387.3858602634867
48903,308.21166144706774
48904,134.24651994273992
48905,108.61647869455972
48906,152.84149317470232
48907,161.7680133690686
48908,162.1568896728295
48909,386.5960881148377
48910,221.81644770558225
48911,172.84070643051862
48912,459.02433416319974
48913,149.78675235580693
48914,336.01266637803263
48915,154.8354693836279
48916,301.24421240279923
48917,154.52939374672536
48918,471.00979061776667
48919,159.1666932311617
48920,499.97367085609574
48921,191.65729012429935
48922,131.85320989678894
48923,143.78155748003917
48924,254.08591283671979
48925,189.12847985720862
48926,141.9093398391143
48927,153.094464469705
48928,91.70927151544375
48929,246.68727763651785
48930,299.40395665859324
48931,289.16855232674925
48932,329.3609597324978
48933,184.86431595056106
48934,348.3157150308701
48935,183.7544758185863
48936,193.4237458532497
48937,1024.8202420089613
48938,341.80201551864553
48939,144.28216045744765
48940,208.13846293509647
48941,167.2210193937371
48942,240.71844522280966
48943,301.95450862625233
48944,518.5335227465275
48945,263.6864409277803
48946,742.7804201137911
48947,179.74683626208605
48948,320.69364293321695
48949,554.0888684519261
48950,387.6131429063702
48951,190.4202027896118
48952,164.99526135600172
48953,152.4271029366327
48954,114.87854527747017
48955,186.517104841695
48956,178.12324097081134
48957,534.4364088087013
48958,344.85347204781186
48959,134.6453705686401
48960,529.2698860159223
48961,168.64503463280369
48962,172.06795301468887
48963,207.14188304154032
48964,148.15334382827612
48965,225.01922025528177
48966,111.76311619104557
48967,695.5040941431388
48968,307.0922951263868
48969,245.66096783110007
48970,198.6209823282365
48971,224.7921135263588
48972,217.84588619613385
48973,183.736657466406
48974,215.24799196567199
48975,413.541389477365
48976,472.2159191419076
48977,228.07034086376285
48978,261.01130827200893
48979,248.08492780409327
48980,502.5569384956351
48981,281.995259135063
48982,404.81325261977764
48983,258.9100361876509
48984,462.8172430958085
48985,247.03795786026296
48986,229.5562438472017
48987,361.2946140888875
48988,245.24843544991592
48989,249.2645178124602
48990,356.400977412555
48991,734.326561175694
48992,116.99018806203814
48993,470.14652290421463
48994,244.87199699593054
48995,823.5142781064162
48996,254.93853820254301
48997,514.8491755844285
48998,134.79945791223778
48999,175.87149568684202
49000,249.80222183905974
49001,110.67424876555675
49002,141.552860805012
49003,486.6842028644748
49004,204.37018554578552
49005,174.73420722930325
49006,252.2611663798145
49007,213.17344501918828
49008,229.87597017561123
49009,122.53051516946296
49010,389.0209366903165
49011,225.56150898847116
49012,633.5445851067936
49013,170.42135724028887
49014,234.03850587218565
49015,263.00034862708424
49016,430.6161880773411
49017,161.92999316607526
49018,335.0555633655973
49019,441.36912249582275
49020,177.15045785257934
49021,366.2430776222683
49022,614.3544443074276
49023,271.39966265127833
49024,759.1941081348957
49025,185.98325458748593
49026,259.8927354797796
49027,163.9699287891092
49028,298.33511691860485
49029,695.6539829359004
49030,267.1763298503534
49031,396.96593619048184
49032,349.2433396675126
49033,686.2381009919987
49034,128.22460346773255
49035,180.81200503066023
49036,199.86167936764994
49037,483.74473702789066
49038,442.39826795186957
49039,417.3267045784673
49040,276.0289966691975
49041,176.2518164202595
49042,283.4002315510177
49043,368.2718840558874
49044,419.3704931067798
49045,253.4552098986324
49046,241.52946469480432
49047,227.21115670431902
49048,200.18236758946318
49049,666.0272449925533
49050,180.58234865304942
49051,322.7757365303643
49052,251.89794015271636
49053,178.85323112710833
49054,130.3196155873825
49055,238.96591747024718
49056,250.09176031235287
49057,147.2092124101702
49058,306.7500666911672
49059,214.8939856883141
49060,165.04108971189274
49061,224.2082761385987
49062,152.1605841397836
49063,606.9767665993442
49064,103.38610985651069
49065,281.6179371752917
49066,257.932360915474
49067,359.3333072935527
49068,255.8233235466383
49069,228.93230722786987
49070,368.76636609945945
49071,271.19866988310235
49072,160.58702857260903
49073,460.1847661678159
49074,85.9697186949253
49075,325.0368376024878
49076,561.1808764400962
49077,176.51848998862084
49078,237.1986593560418
49079,316.1374865770241
49080,556.9677980645226
49081,248.103429244164
49082,215.23382225919437
49083,207.80975930877366
49084,143.2871548403597
49085,161.7538724545502
49086,109.44128475710612
49087,174.88409893918805
49088,253.5873883956597
49089,271.86957017095165
49090,405.7813458748699
49091,744.4273893770333
49092,211.73549445092132
49093,535.2146289237373
49094,175.21144209668321
49095,451.5806340479661
49096,353.28965325742035
49097,351.7944701497533
49098,328.6522470986273
49099,1538.9043692945975
49100,138.13737992616876
49101,156.38442235026122
49102,234.29923251624012
49103,362.5798373430285
49104,250.6127022746807
49105,275.4070282342669
49106,392.039635082617
49107,561.3390411471839
49108,144.85243367010403
49109,234.76739268924794
49110,176.93685264288555
49111,136.73805958601105
49112,210.9133658425874
49113,231.31696383581252
49114,652.5705447811846
49115,306.64686132094903
49116,299.5820720451873
49117,2123.677617562779
49118,128.90254797883895
49119,289.8211284458731
49120,160.30304218107193
49121,507.84217360307673
49122,220.625715808324
49123,243.63047502916035
49124,351.0701546919976
49125,296.9055303774437
49126,211.39626079898608
49127,243.06912573953636
49128,589.5386598521704
49129,150.54190903539933
49130,185.02350597676525
49131,220.3896245430759
49132,170.23229539016043
49133,139.8374317912948
49134,215.75048608192694
49135,164.3310420322788
49136,150.9290861649522
49137,272.11262372220824
49138,222.69535449125726
49139,236.52068713711316
49140,476.528021196083
49141,134.22203237899032
49142,143.28742768426497
49143,1252.2478890721927
49144,305.8337801726509
49145,126.3726708651627
49146,224.0818109632642
49147,247.847802249879
49148,420.1424936111045
49149,148.65153795473677
49150,447.399198266056
49151,157.94257045365276
49152,210.2911050222385
49153,229.33738595023087
49154,139.50243097117473
49155,132.4669398525196
49156,195.77834537596948
49157,162.51141485526264
49158,381.27756913564986
49159,151.59593541907824
49160,1714.0347884082005
49161,244.7792817818806
49162,189.42309021013523
49163,273.5167514486998
49164,421.8578267916978
49165,431.8392743235759
49166,358.1875588655639
49167,600.3090186620938
49168,280.6058365225084
49169,419.5048078223812
49170,236.32250112930643
49171,233.42741004280035
49172,227.66101288718312
49173,212.50788126626193
49174,247.96760552182909
49175,124.20154869916817
49176,136.52516959163344
49177,270.6788608415809
49178,284.42539945397107
49179,138.82803926881647
49180,186.9694811877464
49181,135.79645938168525
49182,172.54999698206367
49183,442.5800244679062
49184,326.77090123833517
49185,257.79864226174897
49186,1072.54118267422
49187,157.04636218849862
49188,902.797901477875
49189,552.5578817169703
49190,159.19999897127732
49191,315.2164052185016
49192,120.92587251816391
49193,541.4617566188733
49194,151.52552543826894
49195,217.59656932781232
49196,186.401643150339
49197,286.17009784476437
49198,463.9025378461781
49199,136.7803321295177
49200,347.0067446700347
49201,156.75160443967468
49202,123.2575485065373
49203,804.8639510468213
49204,340.0332500195902
49205,164.79226678038546
49206,136.70475073307927
49207,195.21848496837669
49208,256.43390264819055
49209,140.74101336345674
49210,431.1732037331007
49211,296.0614163289763
49212,239.6419407258918
49213,162.66324802044034
49214,161.71650902076482
49215,176.1977409178271
49216,336.8272737367573
49217,227.47338352654623
49218,163.17111385800632
49219,264.82049567598335
49220,492.7170631134131
49221,398.1869050423742
49222,206.92023517287646
49223,602.2258552488742
49224,132.54848211313134
49225,122.66370577323302
49226,147.45830178495422
49227,240.43980235091507
49228,341.7981518869332
49229,483.1748929899414
49230,209.74833754007196
49231,139.15942248577997
49232,1393.0150621162013
49233,168.23390810705396
49234,367.7381178302042
49235,249.78066658567883
49236,509.20543235521495
49237,137.9016653110247
49238,330.7536450708017
49239,180.93183879812497
49240,139.09573495807675
49241,262.891292944788
49242,647.6840310795692
49243,208.0771221081433
49244,141.90706000615242
49245,173.37567588264795
49246,151.69994158933247
49247,415.3679634480605
49248,322.65215806090936
49249,290.3911358229518
49250,198.1730093944533
49251,371.6606815311414
49252,254.3453491747072
49253,180.31227443704051
49254,358.62845658708244
49255,246.76262791966974
49256,413.5215547882252
49257,248.16273776298235
49258,342.3932834140006
49259,259.6617787812458
49260,183.10115207125705
49261,383.77002088724277
49262,292.11267663716785
49263,123.59288918378061
49264,191.8457359620723
49265,179.76169040386398
49266,245.93611414346572
49267,251.6763423224256
49268,121.88338278604597
49269,250.03390167978668
49270,190.93915263847285
49271,260.2454403888695
49272,608.8745748917027
49273,226.40658776256063
49274,170.37546969841847
49275,146.96526982679046
49276,163.57506176182994
49277,335.6383621035395
49278,185.07613876587249
49279,416.2047933241329
49280,296.16546442507735
49281,160.59783540150403
49282,469.25981545492425
49283,137.90313586452712
49284,272.9839139909695
49285,199.69041842869225
49286,158.55348662725785
49287,244.24401968790198
49288,490.7269498891535
49289,697.028225929965
49290,330.98473269163753
49291,211.9418323935126
49292,166.06161385963165
49293,172.99820226543383
49294,268.6791873503125
49295,368.51958303974976
49296,463.98841538011965
49297,548.18020253198
49298,578.1360088871941
49299,307.0809566537559
49300,197.9212288405782
49301,499.5970301196851
49302,267.73109017872974
49303,388.29227770857943
49304,206.06862479240212
49305,370.12487849686465
49306,213.44691248003232
49307,243.5159771374595
49308,187.3818151804039
49309,144.00005631705875
49310,285.4368039244541
49311,154.32001935207697
49312,258.6546974538862
49313,180.36464199931567
49314,211.95041686051977
49315,255.03693222752648
49316,200.7071540652609
49317,152.66084569149672
49318,314.6514375117781
49319,198.45520463883219
49320,341.4201211664075
49321,206.72588895518635
49322,176.65459899001797
49323,247.513107955987
49324,119.00215695920076
49325,319.5939841651053
49326,560.9338052155823
49327,157.67700650941356
49328,159.35187305925655
49329,182.497305976669
49330,265.63109118082383
49331,142.4631141907884
49332,156.35291277694466
49333,104.2188959341262
49334,179.30611076901172
49335,141.69962194020556
49336,251.02519723089412
49337,333.1108850343279
49338,104.98869134488939
49339,146.3300923958294
49340,134.84404853952324
49341,207.40306328817132
49342,128.28408252414513
49343,206.47887118952016
49344,184.45174089187276
49345,213.1862699469037
49346,235.77053307150044
49347,155.14615638285503
49348,230.8710876279094
49349,203.2720167571534
49350,199.9103792509568
49351,227.66584025738743
49352,214.77583371994277
49353,258.68447480667567
49354,160.38804762250265
49355,148.27672509762618
49356,249.5346052043376
49357,207.50345558633833
49358,259.3592463947772
49359,592.5277370052273
49360,335.41954623318065
49361,166.4007596745082
49362,398.9558202026656
49363,190.923366024755
49364,519.9745489349898
49365,97.32758287102592
49366,240.403715817843
49367,139.8400046441487
49368,142.71388925677587
49369,202.88204863772515
49370,306.0907343102467
49371,152.274731674668
49372,385.379535269855
49373,344.20990565727334
49374,232.92432263587492
49375,186.18081907563297
49376,168.8975645934837
49377,290.7329437980066
49378,189.92758453202927
49379,200.8054247842842
49380,197.15064950207736
49381,193.5574710023803
49382,278.41585639677675
49383,190.94407492573052
49384,686.167578414349
49385,305.717361313768
49386,266.7947086042925
49387,340.0704825981823
49388,190.22222148829118
49389,202.69310500981675
49390,1465.6064445934744
49391,287.8783746674622
49392,183.35435421913675
49393,123.13392066301432
49394,312.0397815156782
49395,222.54456003148545
49396,403.287503277947
49397,403.0723097483038
49398,480.3097139858691
49399,185.85775904247762
49400,322.42680918968244
49401,1737.8643987473868
49402,190.4595994873288
49403,828.4485918512213
49404,204.1846042931353
49405,164.27062935618235
49406,242.65034946796337
49407,277.28711869625283
49408,1318.5173843637099
49409,540.1674370833831
49410,408.1187365338772
49411,143.39675429373068
49412,518.6764103731279
49413,420.1681974038484
49414,173.789919134763
49415,285.9894296007569
49416,284.91564407163264
49417,618.1805563892016
49418,166.5368420969732
49419,270.52622889280497
49420,196.56322649207144
49421,161.51639335397235
49422,255.88679476552159
49423,127.79383326657951
49424,236.8889011658236
49425,134.1258566593938
49426,301.9238271325654
49427,203.23653613205968
49428,646.7950384884831
49429,320.1585196499193
49430,150.81121163680126
49431,254.06242142497024
49432,374.5178832829101
49433,558.9949039160148
49434,405.20688069131444
49435,162.8501743720332
49436,949.385085633334
49437,293.9112446357149
49438,159.33194656289982
49439,351.4322923828838
49440,122.74635163533463
49441,214.73808398660577
49442,343.3376895226418
49443,2196.609488270763
49444,393.3910102725738
49445,136.85467979655516
49446,314.84032691760075
49447,181.33459678949046
49448,253.2291035656552
49449,257.56938944122965
49450,168.8328957782563
49451,605.6069693466909
49452,532.5520920854802
49453,255.89087863342533
49454,136.7803321295177
49455,252.58744385239518
49456,222.1600624291271
49457,260.7813369683867
49458,150.7331706703309
49459,198.8942661405222
49460,196.73449764032148
49461,290.96988703089716
49462,471.85348018634505
49463,275.19341700435183
49464,398.973808892985
49465,238.34484639268524
49466,257.3544743828551
49467,310.31541658998225
49468,141.4749890925892
49469,361.8812411610928
49470,161.14869724478987
49471,217.30775297763523
49472,150.02484785695427
49473,462.4677944804841
49474,146.85233416967193
49475,281.6911217078299
49476,180.63457457948888
49477,145.92733441336657
49478,217.69450079118258
49479,583.7549522609761
49480,192.51970886876316
49481,238.0430109093618
49482,326.226684734726
49483,200.59478230979704
49484,186.70386847196792
49485,341.2366737337038
49486,196.10816883989588
49487,146.15946732969707
49488,295.6854575395762
49489,351.07502415158626
49490,156.19961539915454
49491,235.68593449996965
49492,198.21386920422535
49493,212.34019562738732
49494,316.12362341605734
49495,296.51992211606415
49496,208.06029282346483
49497,122.38949306917202
49498,433.85043462656176
49499,183.38550418669698
49500,243.93555080769815
49501,191.8601093205958
49502,156.79136237448398
49503,128.24702949730826
49504,302.1033703597651
49505,135.61093699651082
49506,517.7404462433819
49507,213.04421977623014
49508,242.77930138148108
49509,177.839556799825
49510,699.3842278029271
49511,265.96165779249134
49512,315.94481998475675
49513,597.298535747855
49514,358.64648643861125
49515,200.35048463521622
49516,558.2858297471205
49517,152.40635783001915
49518,137.3824342845911
49519,491.42511631889903
49520,142.1051397661251
49521,214.52462705983865
49522,235.888829698214
49523,170.35206389309283
49524,135.28061876375006
49525,290.027184908132
49526,185.1257929053504
49527,129.60963581205831
49528,401.2768419666071
49529,426.0972728850685
49530,227.73460149962358
49531,139.3698477457076
49532,171.6177898765049
49533,547.7236791726905
49534,305.39756118669095
49535,348.6321176978147
49536,190.2289598394378
49537,415.9395870218877
49538,497.60382367013045
49539,447.90251793946965
49540,168.90599022372868
49541,342.7861039893664
49542,202.8752320529418
49543,451.50631102595986
49544,205.28650362390437
49545,154.55532422743022
49546,237.4132870515745
49547,794.9541948420133
49548,376.6731146245933
49549,165.22072342264337
49550,2645.3601569597727
49551,1871.9307368355576
49552,373.46739266731527
49553,147.24549931122198
49554,287.98360942913297
49555,648.3748353106598
49556,224.70450886795405
49557,248.93419042225534
49558,1385.5612425996678
49559,147.24568763430432
49560,177.84861664798615
49561,331.38458908338436
49562,297.082269275937
49563,148.90409339338242
49564,871.0602046328688
49565,343.0813177622332
49566,294.13794871320596
49567,160.16519105804883
49568,166.6703542959957
49569,212.07608001220834
49570,169.43330368619388
49571,291.0444165275325
49572,121.50675996988488
49573,205.17319715408274
49574,857.6422257199611
49575,158.1715360596383
49576,356.1975471298616
49577,262.609216960474
49578,149.00055901368526
49579,179.66431894997277
49580,141.13825454888595
49581,174.6637662831479
49582,165.29306043007577
49583,1344.557423502761
49584,187.61368764037726
49585,73.0366306554761
49586,168.93789493381377
49587,140.64162669762433
49588,231.7632922849801
49589,141.46153817494854
49590,1694.5353249620198
49591,276.417494412735
49592,177.1476296118763
49593,129.4094132213669
49594,767.8762707348502
49595,236.70433783182216
49596,205.6742267349878
49597,139.10784782485433
49598,260.89874771723413
49599,181.8760591755409
49600,122.73487372442476
49601,640.8125282390951
49602,267.9737613759222
49603,151.07707401516836
49604,307.3831381186687
49605,242.74606213731866
49606,242.01551713535304
49607,152.81361132502514
49608,188.87565576383315
49609,274.90369729349123
49610,346.0171327889922
49611,190.77191999809028
49612,190.6107393151814
49613,258.2464036252192
49614,180.94183798589168
49615,246.43682082859553
49616,166.68129811223577
49617,266.98060002566274
49618,122.04628688419234
49619,910.7023107721592
49620,393.94430440979056
49621,198.4253167161104
49622,419.18806277836165
49623,222.85694533276296
49624,544.6922394665951
49625,161.59185836691822
49626,372.55138127779287
49627,166.24919972267656
49628,226.87745649082567
49629,365.118183331597
49630,156.94070675836954
49631,155.89354462447594
49632,113.10613997719081
49633,189.71383844299345
49634,394.37800455845917
49635,452.84630440529025
49636,354.35684616840746
49637,143.4023847551358
49638,155.10882025089327
49639,309.7445433588525
49640,367.8060799515688
49641,240.72880028541633
49642,154.02392798235215
49643,238.59437600586608
49644,326.6578984981184
49645,149.9296563154599
49646,415.5805297052267
49647,155.08606767515073
49648,186.39207788069783
49649,493.869295500906
49650,185.14310048964586
49651,129.4622500018246
49652,321.07961234832095
49653,261.48877682527365
49654,110.21887983379673
49655,346.596454909743
49656,187.4084279482048
49657,377.43400482432247
49658,189.28834494194288
49659,98.95407628012947
49660,854.9983901188283
49661,252.1483176636643
49662,127.12313750006886
49663,216.14424215298496
49664,397.043252917557
49665,282.54458286885557
49666,467.0256186495482
49667,282.93353624165667
49668,203.03932967950848
49669,296.839105868381
49670,208.24815480361673
49671,464.61780676188386
49672,136.81159442550145
49673,196.53607887888063
49674,217.55248216846135
49675,133.45270248875735
49676,188.11925610911206
49677,285.19734972169095
49678,151.82695642146956
49679,192.9104704508364
49680,195.6866991778777
49681,221.43011506940627
49682,228.68220835818218
49683,511.5789109881261
49684,235.3950505996749
49685,420.45043207693
49686,291.7933251102361
49687,200.80558947483038
49688,336.49804044312594
49689,238.88334097322291
49690,151.69493254220546
49691,152.0837414060278
49692,265.94547969919387
49693,569.4121282405381
49694,412.34554819939973
49695,193.9418613264327
49696,209.10280718551513
49697,135.55092234090662
49698,186.2504450288393
49699,1283.7167500657783
49700,399.9044849148428
49701,302.7630123374355
49702,511.35174600402553
49703,225.0199918506797
49704,401.4460179369332
49705,199.29012875556722
49706,362.1623273455209
49707,234.91773870794697
49708,157.42585605990186
49709,515.1581780406586
49710,314.12432310145454
49711,246.24822747615482
49712,246.60272220872486
49713,190.2492667483081
49714,259.28744230008687
49715,102.41766249233834
49716,128.9173356223245
49717,266.8703173294213
49718,165.83758940390274
49719,230.46804254240118
49720,523.4703669826957
49721,335.24678882296155
49722,385.80565368751064
49723,338.3922418254766
49724,222.73693105069592
49725,294.30136188321376
49726,207.61874572893848
49727,1875.23201628526
49728,205.54641147252275
49729,469.9132324265358
49730,251.50185467301654
49731,260.0242648859097
49732,900.0487431039993
49733,231.7297423481134
49734,1947.2249613384342
49735,135.5715662403906
49736,146.7379452750109
49737,208.4662104152388
49738,221.13527355138615
49739,302.15254136117267
49740,297.8973272354732
49741,616.1785237304186
49742,122.67294899686496
49743,217.94878640404553
49744,578.0979043907986
49745,109.96922036667978
49746,299.8188017795717
49747,234.4930937954524
49748,143.53253575469023
49749,162.9900675066612
49750,172.37971288827177
49751,432.34106165235335
49752,182.02556167881917
49753,369.9078725509261
49754,240.63382409510493
49755,649.1997167061483
49756,212.25929715907117
49757,517.2021710158242
49758,116.15533699990551
49759,159.74293921874306
49760,344.8303100014179
49761,693.8480964988868
49762,171.92789020226598
49763,183.98965044448013
49764,208.362123475155
49765,465.46104420745525
49766,200.68008910213666
49767,253.88677443169115
49768,177.8730068346698
49769,207.5780791593138
49770,142.36282199571585
49771,207.08296815879132
49772,399.4252990322821
49773,276.2527635389225
49774,152.41170784289434
49775,133.47720026027488
49776,475.78359764428257
49777,267.2283085417985
49778,175.43725069724653
49779,199.2110564954976
49780,196.25726912165948
49781,267.3267645069696
49782,446.71458187480147
49783,276.1636746122197
49784,188.39512545995095
49785,447.72099785906744
49786,541.4341249876903
49787,153.82870251444265
49788,239.0772006474442
49789,418.9905556608639
49790,198.6939760104544
49791,171.80275873618848
49792,284.50446559710497
49793,177.82250486478932
49794,309.7896444119974
49795,284.80078761080074
49796,134.38754744277708
49797,139.5303680325106
49798,130.90140099167547
49799,134.78483766507526
49800,231.48731152173175
49801,426.5664150891138
49802,199.75975749127826
49803,139.0262915580447
49804,261.6513064030796
49805,898.7431869786355
49806,1435.283406595478
49807,151.0096880404946
49808,195.58792689146262
49809,143.90258730614016
49810,282.3538572406403
49811,236.24104040855602
49812,217.64527853589286
49813,218.2352357506226
49814,267.2008867754992
49815,233.2876748448102
49816,249.06584135349652
49817,213.75862275373186
49818,237.4718666854773
49819,299.1602817719619
49820,156.84701304190142
49821,177.49297001854978
49822,149.6972431479493
49823,180.7433142238869
49824,162.76787453087437
49825,106.40069404475683
49826,175.8039845055465
49827,802.1715782292064
49828,476.88623255197746
49829,210.15663588452887
49830,197.4236318224812
49831,154.01678907626214
49832,103.61264352448705
49833,539.1833578432052
49834,534.2019172212923
49835,260.3782454902745
49836,149.53890768527063
49837,223.49953268153354
49838,384.309240371911
49839,187.35050158368276
49840,505.7721939514659
49841,191.63269789830753
49842,163.46612105410247
49843,334.91642959568765
49844,251.97280751802546
49845,284.7700568607578
49846,143.89781851725766
49847,135.31725536963773
49848,505.60609728797664
49849,220.30516093046174
49850,300.2968409672779
49851,139.18129153240125
49852,399.7502074426074
49853,326.89096537895136
49854,247.50757052694368
49855,538.7447374972494
49856,124.498666029389
49857,940.9112326418453
49858,2155.719966979101
49859,1044.9936165684942
49860,251.54450030337009
49861,105.94827580186208
49862,244.0348069633489
49863,143.1199107220859
49864,160.31035454030007
49865,183.07007809040886
49866,143.51469903655334
49867,245.17848046945156
49868,1688.1403401452926
49869,329.93288574624603
49870,194.86134779011368
49871,210.50766190103548
49872,154.3663515116313
49873,151.51500101820906
49874,317.02491280936164
49875,171.82932488005522
49876,278.71508864097177
49877,464.25753996079254
49878,341.08206685421544
49879,246.3649201396008
49880,152.57268822051537
49881,957.7537359659962
49882,123.90726314208548
49883,257.21286501646523
49884,118.38089334292447
49885,323.7777414290062
49886,250.21370344850178
49887,666.8923487947759
49888,201.48313186119822
49889,169.37350120301176
49890,283.4503581297167
49891,579.8600986790212
49892,430.22194986142375
49893,272.229257006884
49894,358.5821714808367
49895,178.5409931747278
49896,177.5755654423714
49897,1378.6959837276813
49898,167.76620482507766
49899,311.1441282556955
49900,490.5686800394709
49901,512.5512589810644
49902,356.44596307666814
49903,147.04235908856444
49904,242.15818400316368
49905,184.2229747703878
49906,407.18836136021775
49907,139.17672019506716
49908,205.765892424999
49909,248.10739131643612
49910,119.14127230847096
49911,335.4204217914813
49912,153.32024924705092
49913,174.24526776769898
49914,163.2784246775568
49915,652.0562776301348
49916,269.3678359248671
49917,181.9585807312989
49918,212.87202656131623
49919,286.10196766029895
49920,314.5871377115352
49921,282.50049133703806
49922,100.27339974168251
49923,215.760187166188
49924,245.49728065854515
49925,130.8420330208587
49926,304.7279241688279
49927,188.3049477840251
49928,353.7056889893054
49929,214.06077693656633
49930,184.76817735188231
49931,148.35215312374217
49932,227.21268387060533
49933,332.4879114780974
49934,457.3271289629704
49935,217.99954483873455
49936,129.8952031701287
49937,499.8508201115308
49938,168.54499757387444
49939,176.37079650202875
49940,452.70039326785604
49941,259.7431865996353
49942,342.2122427747771
49943,146.4952161441453
49944,100.27261493075305
49945,286.3860690329372
49946,459.1026438631104
49947,171.2772433382337
49948,316.3983176615553
49949,184.65723239534515
49950,193.24191990963806
49951,201.05439840761287
49952,537.4171914525242
49953,274.2647472611504
49954,260.34743661336563
49955,341.6841420965138
49956,260.2680280659996
49957,237.14078322225328
49958,440.3602227035063
49959,209.99112638235835
49960,671.1446146285429
49961,140.43314134412944
49962,173.59801486353123
49963,144.89139153284768
49964,134.0419803152114
49965,216.8379582571618
49966,164.65663681674374
49967,1864.1481055155639
49968,207.01620176138067
49969,157.38787270799895
49970,146.20032398668943
49971,227.56455303960806
49972,247.27756626741748
49973,367.4888490412169
49974,416.26527367053995
49975,372.2195627161017
49976,209.6235410165397
49977,146.8593790657309
49978,271.18138734154115
49979,174.49038921678184
49980,174.42907479549953
49981,242.54414221612316
49982,182.30031182723397
49983,161.59227100993405
49984,177.14416618899514
49985,522.1421882588196
49986,95.35913715313175
49987,180.81845957176697
49988,152.90412773616706
49989,224.9376936929286
49990,321.59201004701237
49991,139.35329171638816
49992,551.5388303159593
49993,147.4216041434471
49994,663.1007553056181
49995,235.87521072589826
49996,397.82980086426653
49997,294.2465979424162
49998,116.49052992744122
49999,435.4427681417541
50000,413.2943745913612
50001,131.12181952639702
50002,187.65488403056682
50003,193.33730804427208
50004,221.22781698206418
50005,124.85348781688255
50006,311.45973664497564
50007,251.8265557451153
50008,471.1435955376567
50009,263.5870248732542
50010,243.289034987086
50011,207.38457772355645
50012,354.1582913558522
50013,191.3519912870241
50014,168.31270988541687
50015,128.74839721213323
50016,132.05086714929504
50017,436.7674299673283
50018,269.1540385867399
50019,258.31499978906635
50020,219.29144134704978
50021,251.72269452543108
50022,262.3100494001271
50023,641.00753222828
50024,183.13120261803815
50025,315.43794066144136
50026,223.39880896463595
50027,313.459103420727
50028,288.7333284739044
50029,215.0425650482663
50030,481.0178844910124
50031,283.9012226093568
50032,207.13998647600627
50033,151.5211422066228
50034,202.325745447223
50035,396.09307874684674
50036,198.63383838774533
50037,502.6139204920328
50038,231.15919861777607
50039,203.42455946090536
50040,408.2983131615094
50041,94.87936760563703
50042,271.52830114590813
50043,162.28105080938786
50044,235.31162085205543
50045,193.4338785358057
50046,186.15177150355453
50047,284.63540168667555
50048,332.90287234234466
50049,164.42469189671857
50050,180.45491636320307
50051,150.42533348509835
50052,180.38312812442288
50053,282.08463603584994
50054,809.8187261541813
50055,552.5456628889596
50056,436.15266113971495
50057,200.79738448549944
50058,348.0404795996851
50059,116.20158051559297
50060,253.27041942780346
50061,146.36197029618307
50062,138.67338442640929
50063,423.17518381077645
50064,1205.5518307177283
50065,306.8860061169425
50066,140.73371022177642
50067,875.1381984241957
50068,145.47955229662946
50069,197.82904216460668
50070,237.82071356148134
50071,187.54857838373653
50072,184.9831764708392
50073,197.71734412397564
50074,109.33502855011979
50075,133.1042455227987
50076,382.91342825522094
50077,194.75446115852128
50078,533.3637627995802
50079,174.3551800726496
50080,122.64884852986934
50081,140.12995562161902
50082,446.00175504264024
50083,175.49190116673176
50084,273.10780737009424
50085,416.3130620332239
50086,191.61263598217076
50087,186.55000579976445
50088,546.6659164368117
50089,126.65938620686764
50090,388.1506375666803
50091,144.09818207730743
50092,270.38761048242554
50093,104.54064704559109
50094,278.11997130572763
50095,253.11930283514894
50096,279.06290155593274
50097,341.33992883757054
50098,197.05353887714492
50099,138.5669178881902
50100,168.3243119681199
50101,244.1670277748151
50102,588.4789163437421
50103,234.49711272805794
50104,306.0124314343494
50105,671.4224733965945
50106,245.06653058321524
50107,284.5327952599684
50108,143.8430360969347
50109,521.9060219071335
50110,217.4678951966619
50111,327.098025329413
50112,959.8882439399634
50113,195.2859630816039
50114,295.40016887685346
50115,338.61253180368675
50116,313.29746010298163
50117,209.37470037121437
50118,216.09729994091012
50119,224.20075929274685
50120,653.0415995571559
50121,372.2689786773716
50122,804.6057066218407
50123,862.5656839862654
50124,203.93188708404557
50125,165.4832699898038
50126,520.6444467434978
50127,182.7188158579568
50128,439.44323421961315
50129,312.3016836219565
50130,168.5447641802825
50131,250.66953351929686
50132,222.23285999822136
50133,242.98490888974615
50134,340.62042598850144
50135,619.1841037721106
50136,880.3171926706568
50137,281.8634903713277
50138,92.77147503427538
50139,259.503978617397
50140,301.1257855740588
50141,352.79866398221384
50142,173.91879284941882
50143,266.7309870293328
50144,159.58448142869062
50145,446.2896308118435
50146,503.03788910927545
50147,188.3076289377921
50148,142.30147357295405
50149,146.4802327549561
50150,151.272836515036
50151,282.48672613791507
50152,498.7815093344391
50153,327.56048472867997
50154,296.14658027330916
50155,337.10825446715836
50156,240.74409694951706
50157,386.32742294826653
50158,788.6474196993141
50159,279.34630504154427
50160,1308.1180615151566
50161,174.7299851993264
50162,269.819891855693
50163,156.56033700654592
50164,214.60133788567023
50165,292.0044825332863
50166,166.81873788684783
50167,259.5338491810912
50168,212.3985229621507
50169,225.25277006349833
50170,145.52277107475393
50171,342.6537472121851
50172,366.5428677078925
50173,272.54400581327656
50174,129.98024018064214
50175,312.3672958252412
50176,478.9114135391338
50177,158.3976046106028
50178,201.89658462468628
50179,324.3497533330292
50180,239.1048213677129
50181,489.7247793545543
50182,184.05258971188871
50183,1276.9202570331388
50184,188.2204502656133
50185,253.6744366743362
50186,129.32748654879305
50187,329.77383344066016
50188,211.1583185167557
50189,135.65754247500303
50190,215.070409069734
50191,239.5668934430288
50192,245.43253898508678
50193,246.5850704557353
50194,243.9281012534628
50195,445.43056820752724
50196,290.43821329207555
50197,229.223597972729
50198,794.4254734569204
50199,140.8927599686249
50200,341.89983776115986
50201,280.7463133303571
50202,1116.1597702883425
50203,161.07334207119598
50204,136.63834971715661
50205,172.54988168719765
50206,987.2283455657595
50207,283.1418370973229
50208,342.45488919414265
50209,292.06006108453715
50210,187.2403572052311
50211,429.3645167674384
50212,341.31825289647946
50213,315.8688208052986
50214,250.30700269523373
50215,202.3283078500347
50216,194.22643275073835
50217,153.60353296894598
50218,173.717283837455
50219,145.4580120676905
50220,122.42620442239014
50221,233.94864864090135
50222,214.99267816338022
50223,148.63824865588853
50224,438.9519969879656
50225,228.6228256060187
50226,275.00894381445863
50227,239.44200947609173
50228,374.35796791941806
50229,247.83127553427497
50230,519.9998328029731
50231,650.2060170132445
50232,519.9380142262285
50233,219.74803266044137
50234,163.66497175905855
50235,192.5240122692527
50236,210.4289440230816
50237,166.1084071182894
50238,367.21619511745104
50239,483.99126391607285
50240,214.51875972279342
50241,123.57797898724436
50242,478.27374044069956
50243,835.9064351969829
50244,674.472882566798
50245,209.55344501445418
50246,164.53267048031404
50247,226.95707879333008
50248,286.3986772547684
50249,287.43441453317797
50250,423.09990484907985
50251,659.8531148894899
50252,520.5621647202795
50253,235.80197127627986
50254,448.6273400306611
50255,244.5887398674272
50256,139.70839415982843
50257,168.1068441318837
50258,284.426645190048
50259,274.84527024791373
50260,267.7562363444054
50261,290.7063691400319
50262,155.56079295257595
50263,240.2160178794735
50264,134.97055159096365
50265,134.8083768787719
50266,356.0264822033054
50267,178.18443374102378
50268,183.69544440595303
50269,277.934750763234
50270,144.006294098746
50271,331.3233431424648
50272,259.8424379826107
50273,255.33436738266317
50274,281.7958187027771
50275,175.204000794417
50276,225.34124892835968
50277,364.6330595529528
50278,202.63219591280452
50279,296.48547393068236
50280,228.30489690808466
50281,147.6947367738379
50282,218.86669950914478
50283,320.96067547348554
50284,349.2988727852343
50285,308.89248541750254
50286,424.0399403245185
50287,137.4142330674886
50288,342.0126447078858
50289,166.9534803589574
50290,188.730441835699
50291,180.0712692347504
50292,158.4275920453371
50293,193.73843272922628
50294,371.31149018928056
50295,419.18062577508044
50296,235.77870686774745
50297,181.4761561234854
50298,226.11730001119804
50299,140.82180524124587
50300,348.5963098591301
50301,334.9212964455007
50302,442.88305106920154
50303,145.5098837857451
50304,294.7506750898882
50305,163.17071497995923
50306,504.0620238916733
50307,216.9874267787751
50308,165.21053368395516
50309,121.41241028617557
50310,231.45923457497415
50311,281.49279858725953
50312,214.29605792376302
50313,153.24109377919115
50314,208.65302019503577
50315,195.50839973803792
50316,179.4478632253151
50317,135.28121129168076
50318,246.84995657194787
50319,466.2062527727668
50320,241.57733421441574
50321,191.49641934933734
50322,286.834104560909
50323,227.35901993890886
50324,356.7292252428535
50325,975.3061579935671
50326,209.34891251495512
50327,204.62184247775514
50328,226.33133256122784
50329,286.09154274466295
50330,250.9241854786307
50331,184.43404183590684
50332,425.87677899943907
50333,184.16943803736723
50334,1018.7952867547174
50335,1055.8248633612686
50336,379.331518152418
50337,248.00165862215903
50338,166.4801510851641
50339,258.14905749370564
50340,129.55581245259557
50341,846.8332757818125
50342,242.30010473852937
50343,196.1603218264891
50344,216.3505421116006
50345,499.5465976152317
50346,1642.8804380687404
50347,301.8411319498973
50348,219.7264317724044
50349,166.62035738884762
50350,144.38943264308196
50351,141.85800934209917
50352,748.3463242876037
50353,317.0824416045877
50354,1014.7320765298861
50355,185.068230793276
50356,513.2334858893031
50357,135.81071870840967
50358,331.17770514850616
50359,207.69832014214052
50360,1797.8101522253805
50361,214.0196139937589
50362,155.93850445741407
50363,262.7662758052942
50364,736.3397141884207
50365,398.27480858379874
50366,302.0726130611947
50367,166.74313144870743
50368,155.31956536637918
50369,328.7008604672795
50370,227.09936071045436
50371,289.53991956589516
50372,146.59120539983653
50373,391.36915920670117
50374,210.45148402804745
50375,320.6370318971997
50376,243.1579641389324
50377,134.29095489206605
50378,554.5024354415303
50379,112.62786758138733
50380,179.19849518306222
50381,176.14647706665394
50382,209.20623969197385
50383,659.6252374797867
50384,155.09932006930467
50385,194.3461732285712
50386,394.21394318658423
50387,222.3823504794195
50388,248.20593899094803
50389,207.89965987856388
50390,251.900765824409
50391,275.75569945568833
50392,141.72374148020495
50393,441.4448613491526
50394,142.43432478376252
50395,431.7183001553305
50396,515.9249213752116
50397,170.49661207496635
50398,917.2055986806504
50399,352.8529189618373
50400,662.232002018518
50401,179.946192857986
50402,204.14956554243088
50403,352.5600857590647
50404,130.2008437203454
50405,180.3641039419647
50406,140.59721566107905
50407,249.90954695391093
50408,252.84169639466387
50409,164.08392134189177
50410,300.54034981414793
50411,460.0852113236619
50412,294.586418690223
50413,609.1960717949822
50414,936.8649651412842
50415,168.25018215656596
50416,167.8487012015249
50417,260.9828885544015
50418,174.45699163331665
50419,162.06845997585668
50420,239.79833730813155
50421,233.27562410304574
50422,379.8541498828393
50423,120.39912098097912
50424,177.55622346853852
50425,164.5590671141247
50426,305.386452918807
50427,245.86693200888618
50428,432.2678935432706
50429,529.6504769018582
50430,466.974563633845
50431,202.96392369748355
50432,443.23041494496294
50433,181.45912195682988
50434,193.21586624579166
50435,118.85918331448241
50436,260.4985856449971
50437,256.4361082673013
50438,602.4110413563513
50439,282.7681820108727
50440,238.21851106525702
50441,320.9670214543387
50442,435.2243353439566
50443,279.6890631306041
50444,370.14316651684106
50445,134.9550885757323
50446,1474.605270706175
50447,270.91349845469097
50448,291.2499393077148
50449,220.37585936125006
50450,496.89708385631445
50451,168.67604748845108
50452,207.58784259825345
50453,258.88134206467134
50454,209.08472741750955
50455,545.9621400336099
50456,304.16226828190395
50457,221.45311840362632
50458,280.1384196230833
50459,181.23824589879985
50460,144.87271133731866
50461,185.4290886805383
50462,406.66518904114463
50463,243.38245973969694
50464,170.67402957876266
50465,728.968616256561
50466,353.74474976320164
50467,621.1412953827448
50468,219.4692112086226
50469,190.86739629290162
50470,133.7511544670341
50471,268.8342592947707
50472,227.79423701999164
50473,272.8054932035606
50474,258.15736123770046
50475,160.67389578507309
50476,300.9977701836423
50477,220.88569067617675
50478,226.25414587259223
50479,319.7943426820815
50480,225.44299240587765
50481,303.4907023721409
50482,169.13917260586896
50483,138.9476510499817
50484,323.7423480867077
50485,1723.7955091601607
50486,135.89145166963362
50487,167.88184463280837
50488,171.5629945785477
50489,621.6929166727843
50490,247.52504166578623
50491,144.19331839560525
50492,169.9740970298096
50493,150.02581928545712
50494,150.51126801880673
50495,228.827287934168
50496,203.67619952909098
50497,224.1882611507257
50498,167.37161458783154
50499,147.03870085696497
50500,585.2275720641919
50501,397.2482091848704
50502,173.85241532335385
50503,335.03900349435276
50504,292.8575259101441
50505,217.04723793781437
50506,253.5725681216313
50507,186.46338323580682
50508,471.91283143387744
50509,182.84372939456478
50510,700.5651843717378
50511,389.7592653690187
50512,128.54591870954394
50513,292.02960241648617
50514,265.57629609994245
50515,205.6555780744624
50516,276.32240394409956
50517,299.83873012907156
50518,140.9733913385804
50519,256.49526655067126
50520,451.0616771570981
50521,366.37632766719855
50522,403.44043585362505
50523,309.5381206874966
50524,242.77489594952553
50525,578.11023345419
50526,546.7424248528592
50527,253.4988180126145
50528,304.06528028872617
50529,333.3337638965851
50530,280.63265296642095
50531,131.04475030668848
50532,241.75298526878643
50533,159.2591053340542
50534,804.9207392628474
50535,216.35819034348452
50536,383.3162809915281
50537,273.7133776131862
50538,256.4531007119313
50539,222.6300246548102
50540,199.97409079015546
50541,254.93176836885124
50542,258.59853068591036
50543,711.7667564411454
50544,347.95434470645
50545,248.25752372876477
50546,166.09029104638154
50547,400.3948344725418
50548,223.27805487810824
50549,1106.5558144054955
50550,138.60244285856135
50551,237.09059186185192
50552,200.53356735725134
50553,163.90335876892033
50554,181.94820235482646
50555,565.1360295052864
50556,317.39689758874795
50557,129.55449013334493
50558,142.62578487524553
50559,196.2395645052908
50560,211.4500097088254
50561,304.61528770622954
50562,244.1772758739263
50563,392.554208472939
50564,225.16514402784532
50565,288.7557061871308
50566,266.1983326849482
50567,1237.540640356769
50568,122.7270607326538
50569,424.54841140386196
50570,1514.6832600230855
50571,141.57832397738315
50572,229.56627884428852
50573,813.6030758486656
50574,489.67953689236737
50575,284.82225025942626
50576,1024.1139878886188
50577,505.58976785471793
50578,540.1992182561594
50579,208.69461410767298
50580,352.15000754704
50581,218.81854902407014
50582,397.42275303290376
50583,170.4182165748031
50584,288.4863590579174
50585,267.35665857339006
50586,239.24066417466156
50587,528.6865504612733
50588,659.0703732432438
50589,231.41179308206478
50590,438.1998719584432
50591,259.25070507457934
50592,152.52603504884772
50593,282.3909558260208
50594,226.16302873579463
50595,197.40652894348165
50596,539.5822320006081
50597,299.7521012348852
50598,178.28279659066177
50599,205.5864102890488
50600,315.30000292982004
50601,233.72175364721568
50602,193.68671883075794
50603,242.3984058924397
50604,252.01375229440532
50605,221.12401509955288
50606,205.4005704748523
50607,204.6059025724425
50608,347.0577081979286
50609,259.82588482177476
50610,1169.2052219060008
50611,211.98113887019102
50612,193.09409546819714
50613,383.73492634875635
50614,206.87970372561335
50615,120.9518166198561
50616,239.1552830540621
50617,427.38060461138514
50618,86.86576438735504
50619,266.15097049243434
50620,258.1136053332987
50621,120.73221860905821
50622,427.7992983244375
50623,205.32272054342855
50624,424.43933832452365
50625,157.33690915280445
50626,314.61501679449475
50627,216.54786335297155
50628,208.20408932493368
50629,306.0519572603601
50630,240.81646353705625
50631,142.77103609454048
50632,240.56141467678754
50633,224.9476625660254
50634,129.8987154980772
50635,167.21513195960964
50636,223.32737631286804
50637,244.66183621393768
50638,190.38178847508843
50639,271.067806402426
50640,227.33596777845642
50641,324.80553696240344
50642,633.647758428689
50643,176.3077908576545
50644,199.84475916899035
50645,338.94477933597676
50646,125.30246777009187
50647,184.15089076016682
50648,252.31100998850408
50649,170.82625429035835
50650,280.66224544953775
50651,203.09716865255393
50652,162.07946850322438
50653,260.8014208043849
50654,801.2358400408998
50655,444.5406722423544
50656,313.8987480420664
50657,134.97055159096365
50658,450.1466655438051
50659,188.64441706511687
50660,392.8488248810644
50661,210.47539828119346
50662,130.70259029403576
50663,140.7095394847638
50664,215.55587022493583
50665,255.16066778276942
50666,287.0487867653792
50667,211.95367471820282
50668,263.8804149077449
50669,405.48057718981175
50670,660.8140195973535
50671,504.35673118977274
50672,206.90921966217132
50673,238.75911951682963
50674,146.93183455340957
50675,259.95103730323444
50676,414.66901475078316
50677,131.94444815985503
50678,158.15238428164164
50679,328.514184093175
50680,241.49670491385874
50681,339.8042532491288
50682,784.7611131126179
50683,1573.30019956099
50684,200.625857724428
50685,195.4634620371593
50686,156.39888773549288
50687,289.5549949416747
50688,200.99101482154657
50689,1685.3193256999018
50690,765.9205910202604
50691,153.65492121778516
50692,469.3779063056055
50693,343.8263682376932
50694,520.1189664355564
50695,183.10679533191586
50696,159.26097456461505
50697,210.6005450117097
50698,474.70030746566323
50699,180.62596940098763
50700,174.45402547967376
50701,638.3538361563204
50702,345.85980219729004
50703,452.62286286350934
50704,249.85080138119986
50705,336.0974376218618
50706,397.32750215817777
50707,92.2471185649896
50708,136.6561139556227
50709,244.34330794098716
50710,138.49621132375208
50711,240.49860884958056
50712,126.99756225478728
50713,112.97875923551493
50714,691.5049335771001
50715,240.91652998630073
50716,434.97671732547957
50717,131.6191271803862
50718,143.2811675088934
50719,1229.6479748745649
50720,188.00760270451065
50721,406.4256844849196
50722,385.9762222065306
50723,247.9973733292555
50724,190.93979241321315
50725,527.0763889877112
50726,689.6486258187865
50727,399.5999733726446
50728,126.58823680801392
50729,163.9680988775516
50730,137.19899248222103
50731,548.2293084431666
50732,216.85443575389638
50733,208.0689247358456
50734,613.3275383804574
50735,330.332537668632
50736,256.50931857850674
50737,126.89401038346334
50738,149.57819477051225
50739,173.51184873633633
50740,135.6672527864187
50741,306.6874986097932
50742,247.850687573078
50743,169.92903321231822
50744,160.29354044169318
50745,168.7659307010614
50746,193.80193803633242
50747,388.17238825895936
50748,173.45306791038286
50749,413.7754742409501
50750,204.66352961291426
50751,137.45791015547536
50752,313.9642731214516
50753,356.85356867962656
50754,347.937998151626
50755,125.7960887323901
50756,490.5886461251065
50757,651.0446224690081
50758,130.28490288435106
50759,249.37829460767517
50760,478.1283418570267
50761,616.4695981095987
50762,174.20373554676854
50763,169.97469142898288
50764,138.5262374506168
50765,171.3969692111657
50766,229.39460260332982
50767,154.5053373065945
50768,242.0664328921655
50769,181.6562680674197
50770,356.4569730545991
50771,128.39552575442127
50772,113.38669395097091
50773,167.53645425841532
50774,203.03355218441385
50775,220.8226660848047
50776,252.4660003440928
50777,464.7510225999049
50778,226.54572375026746
50779,131.35932937937858
50780,241.00525632352395
50781,161.34594730586775
50782,149.9246518916074
50783,133.0315709155921
50784,726.1561833775006
50785,245.1981903685062
50786,212.33194528888478
50787,401.17581236415293
50788,917.9551327653407
50789,93.47828076807117
50790,339.86246383187716
50791,551.4974872345007
50792,588.8560885126004
50793,149.08584539185554
50794,296.90593685296585
50795,111.94917831333078
50796,130.0224582746532
50797,162.3859162027083
50798,425.0512750285335
50799,301.59286494617623
50800,1015.1824304481883
50801,607.308296331616
50802,389.69983458508256
50803,429.86583070987206
50804,336.6341772835669
50805,972.5297330113635
50806,310.3066230466595
50807,159.32632016949134
50808,567.4053805912699
50809,244.5987316358599
50810,374.81889449990814
50811,474.41921142043844
50812,315.7270568589033
50813,178.06896169336952
50814,886.7605549196866
50815,569.2039957428206
50816,269.1626038819639
50817,227.94683417003554
50818,192.92358190570843
50819,223.88917538495488
50820,192.99590384390467
50821,299.451646341508
50822,265.8842846793463
50823,186.70445853934382
50824,776.0361791174777
50825,158.2913191626635
50826,167.32688485412896
50827,272.26576484325
50828,362.5491912212971
50829,334.48165250023055
50830,261.5405022980518
50831,233.40041625031964
50832,192.3709306948933
50833,206.59466943581126
50834,193.48267287233747
50835,260.1254913791093
50836,336.7342708476748
50837,174.56928481378046
50838,271.64851361114404
50839,303.38800083145577
50840,1568.5119604414326
50841,164.65463412799687
50842,229.7246927076333
50843,245.75659448792135
50844,489.70117592623757
50845,949.672116053412
50846,585.2457979490188
50847,354.36093038406347
50848,213.2715228078037
50849,253.52378065513756
50850,157.82801365811633
50851,202.87531629841752
50852,128.76874686587328
50853,140.9102456370699
50854,1657.1988760766544
50855,186.41664883343387
50856,150.71284898795923
50857,248.987689001063
50858,274.3998027347725
50859,549.578649245709
50860,173.09103222605523
50861,248.7707696737693
50862,202.88893394402646
50863,193.6493977296517
50864,234.33927699898067
50865,482.97982442834154
50866,170.064010081883
50867,226.8047983553879
50868,509.057167670333
50869,252.00380228913576
50870,214.15406584055347
50871,386.3593868284381
50872,335.17712930921704
50873,265.8262640671047
50874,404.68312270938185
50875,161.98837351861448
50876,168.46501036390256
50877,152.76022921265516
50878,144.83440201230806
50879,163.84831750287847
50880,457.10459525054296
50881,207.87349327240847
50882,1388.2583558498552
50883,292.7744540759273
50884,149.4324164423619
50885,198.80472814450553
50886,404.3817316353215
50887,161.25303126564566
50888,167.70436537369125
50889,776.1351162392441
50890,372.88799165759684
50891,527.2004597035866
50892,275.3769222524476
50893,450.3459966143561
50894,260.9875245416321
50895,204.9683053686871
50896,157.49937250588843
50897,228.8230516524365
50898,245.4575000672365
50899,330.06717869592535
50900,138.5421909368834
50901,909.2191826549941
50902,248.72883522389844
50903,242.3211757403997
50904,299.86313935598884
50905,278.8806200928598
50906,259.70628504556186
50907,245.5115793457576
50908,311.5756511588684
50909,242.23037480404096
50910,420.1093014098304
50911,927.7890125906092
50912,196.11020294414905
50913,236.342695882814
50914,93.63698606254425
50915,286.1793780452467
50916,264.47403153984226
50917,1277.740310426964
50918,168.79584741195816
50919,134.92436950172612
50920,285.32805554846146
50921,121.5031285688489
50922,317.70449785703835
50923,200.02274561501156
50924,140.46367932446014
50925,105.76290036980097
50926,176.34255132410198
50927,73.53227182516653
50928,139.93613489979847
50929,167.05202864130666
50930,499.69855367533665
50931,325.3484525580682
50932,392.6713147230357
50933,319.58065487114686
50934,340.6737034459542
50935,274.2403726294451
50936,238.85225501784163
50937,258.0103586697875
50938,369.88427673367397
50939,264.60425686905916
50940,174.40416960238454
50941,545.0326375695506
50942,158.13790859141332
50943,476.4853322583079
50944,402.4783726860856
50945,168.25828877745997
50946,300.0514001744059
50947,234.89813500698094
50948,171.68239149851712
50949,150.6786217640095
50950,411.84032117196296
50951,184.7451811622149
50952,566.6699682535341
50953,269.2782998461527
50954,326.3475794825363
50955,478.5639147811299
50956,254.86147795878213
50957,177.10679009530176
50958,221.93606881818428
50959,204.62760741490874
50960,637.9836520993003
50961,1638.7449343185729
50962,258.60332181896575
50963,251.8290044937315
50964,179.37780564886694
50965,246.03083355717334
50966,172.72151442952378
50967,457.6334100924981
50968,251.21445222851594
50969,213.67275947033446
50970,326.53811306142046
50971,194.57036981914777
50972,164.78481896564523
50973,388.54791019896163
50974,245.79456243894367
50975,211.53057824574253
50976,230.0875510928547
50977,152.90668307740685
50978,431.2389745409097
50979,314.7733378720959
50980,2009.8963631828906
50981,192.16934973276565
50982,255.20730026645612
50983,144.42637025621298
50984,200.7279013585064
50985,255.25011417839943
50986,465.873217202224
50987,151.1641331503498
50988,341.3370206351214
50989,239.71353343935846
50990,410.17221066508705
50991,272.51721890528063
50992,244.514970541608
50993,255.1678003961496
50994,269.87474298428964
50995,263.26336617991086
50996,211.80206530394955
50997,140.21655826621847
50998,249.88879060081692
50999,195.28274236735112
51000,112.86941711690916
51001,377.0999011437497
51002,367.2374631081367
51003,293.62042678526717
51004,141.34660831925208
51005,168.7114194772116
51006,141.07372711658863
51007,209.9443005610956
51008,150.2760194563991
51009,171.13086863710484
51010,236.9461613670505
51011,1153.488567677783
51012,172.00907730930626
51013,159.56775055493063
51014,239.52721064760206
51015,324.1885552159106
51016,180.51307889726635
51017,292.776383969491
51018,381.14701866798697
51019,160.74656062600172
51020,212.5960164163359
51021,144.594168754978
51022,199.95240770276865
51023,183.088178494974
51024,164.41338718249114
51025,99.612324697329
51026,161.09482882800737
51027,147.46346611830612
51028,253.23488922273364
51029,235.6406476182283
51030,264.99843401229174
51031,459.42970011822325
51032,159.72729075982414
51033,71.33530692654278
51034,248.32258552073992
51035,198.6839295619306
51036,174.21382542073076
51037,353.97280760289743
51038,189.14070524354858
51039,237.72017873697715
51040,210.78144379523712
51041,156.51591435875926
51042,147.66286195238783
51043,106.0156825122252
51044,239.91546912904326
51045,213.1951019219147
51046,209.83871419078798
51047,119.20250594684249
51048,334.53314269033746
51049,264.51551937469173
51050,200.47961241596843
51051,149.67130161630814
51052,307.0392613142976
51053,142.24662558448074
51054,345.03056946246176
51055,368.7025586086184
51056,416.5588879478035
51057,115.665099130877
51058,223.39964296038212
51059,964.3912399868902
51060,220.0647481504471
51061,212.2149660764782
51062,348.6320264884425
51063,159.0277476074382
51064,1508.9047617133765
51065,172.43032647465137
51066,922.1113819739733
51067,182.31616242713656
51068,270.4385165194575
51069,214.49403320273683
51070,177.34944218265787
51071,199.36692379522702
51072,226.10705636143933
51073,253.1877887406319
51074,349.05818167812924
51075,359.42916743044714
51076,752.0094541300901
51077,406.20573262929287
51078,140.62850779251417
51079,247.14165142106538
51080,415.4668905692611
51081,182.37608337868463
51082,490.7620621971442
51083,201.69610424807541
51084,483.86684376613067
51085,373.9488648301758
51086,200.73638431342502
51087,164.95673382710254
51088,148.25388914870254
51089,328.97112645309574
51090,134.59368075993734
51091,551.0344651099041
51092,545.900381120881
51093,326.18734652313213
51094,104.96737692470411
51095,150.38157771304722
51096,430.2765138699349
51097,218.97716083087957
51098,198.9116806560622
51099,255.63649283500823
51100,147.76517332616697
51101,628.899680127939
51102,138.76972754567208
51103,245.03902989860617
51104,493.8898358874424
51105,628.1273089487805
51106,205.28348711534895
51107,239.21476270193227
51108,282.6417968648642
51109,301.79902232531094
51110,348.21845880267944
51111,418.6040182984088
51112,219.4319167986847
51113,273.2620888565632
51114,246.45794076151395
51115,158.77360332731888
51116,205.95258115985283
51117,297.42224473372187
51118,81.37170826863296
51119,295.84137150031177
51120,368.70830352642145
51121,1106.4161250597504
51122,485.75883213954756
51123,900.633734705955
51124,409.8180912964823
51125,279.5182151317106
51126,257.1322906772291
51127,261.83356043731146
51128,275.8866409734991
51129,416.02038022831687
51130,296.51623828302223
51131,293.39254457077516
51132,602.7459342132623
51133,366.670374565741
51134,158.0830361513829
51135,271.56248490265057
51136,179.67251663196754
51137,481.3610690406503
51138,220.24648842605572
51139,267.74234782014463
51140,102.00271581063974
51141,271.50769928828987
51142,962.4973420329904
51143,133.01944079389412
51144,151.6719149017271
51145,159.6242920039129
51146,135.91609555321077
51147,568.5357860230328
51148,229.03899822047245
51149,565.367950011547
51150,125.64650623441318
51151,235.03936358408032
51152,304.84756108190186
51153,329.79389682582865
51154,191.32411816428524
51155,795.530499160677
51156,158.54261790493058
51157,156.91295644164407
51158,205.10261227382472
51159,353.64161112331425
51160,456.1635091698725
51161,204.72448304017212
51162,231.83986599315728
51163,302.45218654133157
51164,325.0702207731503
51165,205.27331703889368
51166,190.81569560534962
51167,282.09595108085887
51168,251.75005283951683
51169,248.5352781678815
51170,248.61518854964868
51171,297.2472178166208
51172,282.6739208610482
51173,215.3407710964016
51174,322.5669587723976
51175,236.5174485253558
51176,145.48802771512052
51177,291.85185741071496
51178,460.8199206310267
51179,206.06907028037944
51180,264.24635489761755
51181,296.93259591216685
51182,240.5948516360162
51183,458.2260281728337
51184,361.944055854838
51185,154.64698841697077
51186,156.15191990059708
51187,342.4906882297739
51188,452.71279503168734
51189,482.6473151742425
51190,278.82393144523627
51191,141.97736944095286
51192,183.86878112673494
51193,434.98184299491453
51194,118.8812505197615
51195,385.951085242993
51196,177.2168397601663
51197,120.1254262391687
51198,489.31330196415604
51199,341.5240630418583
51200,326.15599602794845
51201,157.1472724315889
51202,412.558622565349
51203,147.41763488466236
51204,514.9686231452696
51205,207.94876305330715
51206,308.7539514590732
51207,114.86629323205271
51208,164.00874585387584
51209,135.72090226294725
51210,384.39046262855317
51211,130.19690992092194
51212,238.93805608355837
51213,1101.4631296385132
51214,176.7886525135295
51215,142.91557784919684
51216,302.5131243296404
51217,286.3046436647876
51218,152.2325010663086
51219,173.4495985981558
51220,706.2479995127679
51221,242.44082301631556
51222,150.73421577142054
51223,142.49392027876294
51224,222.7025980053708
51225,140.79174513079127
51226,152.25324964276578
51227,220.99065965336595
51228,376.75847479824347
51229,218.52313800829583
51230,211.5275063520481
51231,167.82118942803308
51232,220.2647406668763
51233,220.32204229346746
51234,246.47306218159022
51235,230.92027420124305
51236,1290.5716963041075
51237,211.0186488400101
51238,126.88820735347028
51239,827.4302482053984
51240,233.23596422043784
51241,198.25308163812252
51242,398.0841667071286
51243,164.68940760682943
51244,232.8189070742038
51245,602.0126016052249
51246,494.74425369476023
51247,170.64950122413856
51248,163.97530724632213
51249,461.1536539082029
51250,201.58875787213066
51251,264.33951102507353
51252,535.4118684456446
51253,152.38863377887722
51254,137.62602125833268
51255,381.3031765415673
51256,162.8226998732529
51257,356.0595165156546
51258,169.69758567864366
51259,211.14792424193595
51260,188.3049719967001
51261,209.6573002060858
51262,264.6691814985159
51263,145.81962554594224
51264,133.9250686139598
51265,374.26139093631866
51266,115.34493218358237
51267,223.87681237650781
51268,273.42608310790314
51269,195.2071299274839
51270,1058.9325037183955
51271,291.3097053469624
51272,361.0972924227991
51273,162.92731492269834
51274,131.9668413560864
51275,136.75191668195464
51276,226.02033704474616
51277,518.1734204388374
51278,152.5911091518721
51279,414.71365287126184
51280,460.9461142332412
51281,929.004319078676
51282,213.53671270999024
51283,146.08559228867364
51284,107.9859272194013
51285,264.7273816750807
51286,203.9059416967395
51287,148.08949549267157
51288,103.37179597822868
51289,243.69144891758393
51290,192.9163628352713
51291,421.5593525037199
51292,328.9754231784547
51293,172.1771313148972
51294,253.16809280591397
51295,201.7799277582166
51296,255.56574383959477
51297,178.287563598433
51298,398.3351518947722
51299,168.64936586476045
51300,490.60192311164354
51301,274.14810495833774
51302,181.57541494544486
51303,154.29601201308864
51304,575.3545334819041
51305,511.35330522079096
51306,138.55646089066872
51307,240.55947348058677
51308,201.17722736701836
51309,171.5278084362619
51310,206.60066793027312
51311,346.94240535990224
51312,444.49592681300373
51313,169.84243000477844
51314,157.21295258349298
51315,395.3139491157652
51316,282.2385352484996
51317,153.16463223661432
51318,191.32411816428524
51319,508.19995209910354
51320,265.25187047452755
51321,135.7192139868387
51322,212.96905911799598
51323,146.9044230351354
51324,264.1309546128221
51325,143.76062746916563
51326,234.48165616062496
51327,366.07021680488714
51328,772.8515392177433
51329,165.74616866000895
51330,227.48146810716585
51331,154.70684139612266
51332,475.05497685441605
51333,455.98806597832464
51334,259.69146781347325
51335,192.7448247149128
51336,538.7291696985934
51337,257.7272767126787
51338,207.78954960137528
51339,320.60206989239487
51340,326.5009295040187
51341,158.7933179336263
51342,138.5277037560391
51343,161.16304178025436
51344,197.0008679473191
51345,341.13987669455486
51346,630.5176296823865
51347,184.75047295673258
51348,223.78568407695147
51349,214.93670508202922
51350,1257.6783613920522
51351,330.26941941711476
51352,310.1236296790294
51353,181.61490983363777
51354,121.49488008929673
51355,528.5257994194809
51356,220.45675927710815
51357,180.61462931751694
51358,351.3938761443822
51359,99.51173084453809
51360,211.90688984793394
51361,399.35583934808363
51362,251.38966259662664
51363,491.84488376428527
51364,500.67508210229323
51365,255.23316345426417
51366,113.2006310951213
51367,270.19924746504233
51368,487.0739325572815
51369,218.45312586450427
51370,244.6913741831288
51371,172.18498744795298
51372,240.0825032539077
51373,168.43874725845697
51374,123.14765907362042
51375,340.6036354007242
51376,181.99502536240934
51377,183.5382291643658
51378,424.7208893193095
51379,552.5119348396514
51380,201.29372136582657
51381,168.98398652968464
51382,252.62181295555828
51383,130.56823562373341
51384,183.80003485617632
51385,178.81670024554867
51386,146.65865476329003
51387,139.17550122339296
51388,210.74566407245825
51389,737.4799807979896
51390,638.0269624226291
51391,293.49037975595104
51392,178.14123810419463
51393,188.64888739462893
51394,201.24796318407584
51395,197.79618583956304
51396,387.65860778846957
51397,719.2398300215125
51398,254.52772414283478
51399,201.5420109697677
51400,207.06918008294284
51401,645.8699789683737
51402,177.1569956486631
51403,443.0781674186571
51404,180.84066383520423
51405,232.6623947014805
51406,248.59908692823566
51407,173.06594525731222
51408,331.74313046338267
51409,211.73694514215447
51410,537.6225050244954
51411,252.3986387471949
51412,281.11051876027824
51413,166.28592835251038
51414,429.0174663781718
51415,121.16739331525103
51416,166.67191360337046
51417,208.36635877717626
51418,372.73903598688895
51419,203.13908761601581
51420,455.80244928182213
51421,202.52058369344059
51422,159.84588083328742
51423,246.65671640907652
51424,877.0538756652727
51425,851.3129244005047
51426,587.0852598687758
51427,100.05121380858415
51428,509.0526087719885
51429,230.07178616099029
51430,444.09861637820023
51431,229.47080275975847
51432,265.6750365125256
51433,144.23013782651844
51434,1094.753887964627
51435,161.4359137049246
51436,767.2829379177699
51437,157.573201128159
51438,191.5798974780958
51439,401.9115319229649
51440,210.41530825550464
51441,325.7362970987589
51442,153.07190487501637
51443,259.4427748374932
51444,313.05536293625187
51445,206.12019865692795
51446,172.03415095095272
51447,474.6553899338973
51448,149.20394467543244
51449,242.6423948993098
51450,197.5575686486173
51451,247.66333496867952
51452,294.96347123697683
51453,211.2992261824673
51454,168.81920479822114
51455,176.34969746952163
51456,150.4004355973807
51457,134.90682606108848
51458,130.84021757819443
51459,397.8040272823872
51460,118.99793384382052
51461,556.9840403801843
51462,349.92849441919424
51463,141.33459578617064
51464,107.58362112379002
51465,399.25800474152163
51466,210.6658851502146
51467,1613.2067026853656
51468,297.87631952301166
51469,324.5063585761633
51470,206.47422007773523
51471,140.04578985914796
51472,440.0633626852771
51473,160.15774711727465
51474,325.27277732297534
51475,823.8430720944052
51476,127.34111540644933
51477,190.32845149186443
51478,622.2609505464709
51479,309.96418422589494
51480,410.3507090096756
51481,148.38802305119324
51482,179.31159757274222
51483,385.431345608906
51484,211.29018087481768
51485,884.0549284987787
51486,243.0458326829338
51487,185.97794000913314
51488,241.16906916041924
51489,388.5712863944817
51490,272.9342917487079
51491,126.30850429488721
51492,320.84614405193537
51493,157.02843270777538
51494,209.2199635164172
51495,287.70365590066575
51496,196.90077307818197
51497,259.2091308314866
51498,157.92004867365634
51499,516.7199843546765
51500,139.4976850815378
51501,293.0473426795103
51502,123.2623361848885
51503,607.2984086064872
51504,155.42592904446593
51505,118.94118994421626
51506,337.7412042174122
51507,220.27128356731185
51508,172.66829831315508
51509,143.62898420160704
51510,184.60113643724478
51511,330.98473268954695
51512,194.1391225599272
51513,124.84586976082527
51514,324.02817539523465
51515,140.03716823470896
51516,243.98205293784443
51517,321.20886114766256
51518,401.1617269450489
51519,249.33410075068863
51520,170.9274284684754
51521,238.3349305932132
51522,248.8254979735763
51523,578.9385034567945
51524,302.05740932897123
51525,271.1307416989979
51526,342.92140675907206
51527,290.0030486242846
51528,165.14785595517304
51529,224.12510468768912
51530,181.65889291743392
51531,445.02313626085
51532,140.69110763350955
51533,248.15417424484667
51534,287.77009626433716
51535,1952.0351149379985
51536,656.5487248896737
51537,465.8587599690488
51538,184.54318725278716
51539,311.59054874228644
51540,428.88628812788835
51541,307.16723671780045
51542,222.5617268694502
51543,126.71110459232331
51544,180.87299132242802
51545,136.95918929200212
51546,300.26420333550885
51547,155.56502793538897
51548,176.6800678531291
51549,160.13987643974494
51550,331.28182423864104
51551,133.52129412268826
51552,277.9543240794193
51553,164.18725789231317
51554,167.33686637823152
51555,240.40499206566872
51556,353.72421794691707
51557,190.16574709262753
51558,196.58644631173664
51559,330.0959799143593
51560,256.35869255389696
51561,413.16531545377217
51562,129.03481171555796
51563,170.8418065581466
51564,335.43221462272976
51565,252.80953393353013
51566,398.6569372564639
51567,526.7857794138465
51568,791.474035301883
51569,163.46996770533534
51570,249.44445897603097
51571,126.77157216899032
51572,134.93022616225045
51573,297.43927930314345
51574,267.6767468886153
51575,521.6663387132984
51576,576.1559247807861
51577,236.4843684926702
51578,1739.1402099776956
51579,365.1943412119009
51580,125.77516724459659
51581,281.80297783598905
51582,402.61084144488683
51583,449.2525800451141
51584,156.9196400263279
51585,227.6229397656125
51586,121.58342319835278
51587,309.5993895091696
51588,295.1915526080601
51589,238.08212933988602
51590,356.54317791644513
51591,229.59769579528495
51592,125.06404204206781
51593,428.3283220387716
51594,213.0595941789366
51595,272.9321483188605
51596,168.85215354776494
51597,232.3054898732876
51598,251.32016523387955
51599,2567.4070384305637
51600,501.4956469108234
51601,454.42382486943023
51602,380.79805954239293
51603,157.06643086283634
51604,206.6659888686431
51605,259.8263309079342
51606,194.21681955163496
51607,227.33209290415303
51608,372.2901537660388
51609,220.1727695801329
51610,212.48034177169106
51611,253.73356697862553
51612,873.2787890436573
51613,264.03959817491545
51614,295.75981208567066
51615,299.34062792526214
51616,140.09315722625036
51617,240.955861724064
51618,126.84361511504886
51619,140.62116335988415
51620,1462.8897417412313
51621,145.34103877313171
51622,430.65649927874534
51623,470.9894106215941
51624,242.3031335460735
51625,154.25716415340497
51626,152.51474269019383
51627,191.09077458561583
51628,552.7400207113043
51629,169.64859613613422
51630,185.79519598553065
51631,152.07710811993257
51632,235.5575187755387
51633,426.842971155269
51634,180.6547519563518
51635,255.1874597722462
51636,144.04183293541737
51637,188.98481696877002
51638,172.70368155838253
51639,210.76759829175737
51640,298.94289521034017
51641,150.3249656523637
51642,210.36885454704216
51643,261.64156765477895
51644,396.1911753149154
51645,155.17395134526708
51646,164.08206219864553
51647,161.4199983500534
51648,134.16874054663597
51649,236.10560776699023
51650,272.79387836167365
51651,524.6968403302221
51652,204.5470704203904
51653,135.11100293389362
51654,157.42390977781085
51655,345.8524803710243
51656,209.62358257465982
51657,163.17441872673973
51658,250.59998775592837
51659,250.33980412605587
51660,157.90768385222626
51661,173.8121103486429
51662,761.4960876703599
51663,262.5908567433274
51664,739.6029225781693
51665,537.4223295973679
51666,181.3455291825302
51667,241.8716949937235
51668,127.40086753034919
51669,276.96268061603337
51670,1119.9789626853562
51671,194.41219108521426
51672,290.04041557839855
51673,501.71603473776315
51674,156.84079642235267
51675,154.5302348084582
51676,3113.4005476573925
51677,118.96574248152872
51678,154.53852315273193
51679,301.6595451536586
51680,247.06103627134928
51681,166.95057662639695
51682,187.10119296079196
51683,423.5946542904912
51684,150.27250574641462
51685,124.59278745056292
51686,140.54574543111357
51687,264.4664439383374
51688,173.07494395762126
51689,151.35532891485047
51690,274.48522878033697
51691,177.88385845461755
51692,347.5140693683254
51693,547.0242875977949
51694,239.95349172812402
51695,1145.5709073100356
51696,313.25396339272913
51697,654.2583191660789
51698,167.8307573401047
51699,177.59263398933587
51700,360.98041447273397
51701,162.45334374327769
51702,198.65361351606555
51703,217.20154138027644
51704,168.1944152011918
51705,158.33903313907123
51706,1012.9622582103007
51707,229.4542628101685
51708,304.69881569148083
